uid,x_16_KS_stat,x_16_NLL_test,x_16_kappa,x_16_lambda_min,x_16_n_profile,x_16_n_test,x_16_tr,x_20_KS_stat,x_20_NLL_test,x_20_kappa,x_20_lambda_min,x_20_n_profile,x_20_n_test,x_20_tr,x_24_KS_stat,x_24_NLL_test,x_24_kappa,x_24_lambda_min,x_24_n_profile,x_24_n_test,x_24_tr,x_28_KS_stat,x_28_NLL_test,x_28_kappa,x_28_lambda_min,x_28_n_profile,x_28_n_test,x_28_tr,x_32_KS_stat,x_32_NLL_test,x_32_kappa,x_32_lambda_min,x_32_n_profile,x_32_n_test,x_32_tr
AE23NZUELB4BYWLHKWJXAS73PTSQ,0.05684966079373449,-0.6003049997802934,1045.8590383631915,0.008204988154419295,255,249,8.58126102096234,0.05690781352896168,-4.241837981015816,1676.1730573429343,0.005137415629026267,255,249,8.611197661746331,0.05692878868760154,-8.525672496511982,2407.899526102834,0.0035859351558451508,255,249,8.634571562395031,0.05695457546238619,-14.284132893165053,3842.7852279663352,0.002250256862020232,255,249,8.647253828501228,0.05696664469743551,-20.161282746666327,6775.560553169796,0.001277494231025962,255,249,8.65573951864149
AE23ZBUF2YVBQPH2NN6F5XSA3QYQ,0.05784376362217647,-0.11431191761097974,1002.0466108644448,0.008640388636651867,597,590,8.658072149908664,0.05783186745588631,-3.980534644526202,1282.1025331726435,0.006779217503255262,597,590,8.691651933851894,0.05786902213547879,-8.347246111161699,1980.868651836382,0.004399477209047419,597,590,8.714786487870649,0.05786396183310494,-13.809228299231993,3657.7942519577045,0.0023862451060747973,597,590,8.728393632762597,0.057868577683115374,-20.12256132460881,6028.5504141668225,0.001449401697964768,597,590,8.737791206559598
AE2B5CUQIA5ULZCR34UOPOXROEPA,0.04679549567542729,-0.1420629073211625,937.7759449406258,0.010293074030791423,708,692,9.652597225569242,0.04676737919219376,-4.051554816141583,1511.9204619096543,0.006406470451208159,708,692,9.686073763801192,0.04677079784847771,-8.528028706914835,1949.8560460701149,0.004980081952459933,708,692,9.710442904928662,0.046787642571567645,-14.125965044081378,3488.1442416995314,0.0027879249678231847,708,692,9.724684422802794,0.04680057448632524,-20.443663130685575,6752.296445330461,0.0014417215047457786,708,692,9.734930991651405
AE2GO5B2SWCBHIYMOE45YWL7RQHA,0.11449305159682321,1.1481574176547622,1748.6557120640718,0.009428476110475594,262,292,16.48715860664279,0.11422440180158766,-2.4481023813295577,2337.639519300455,0.007071555360987702,262,292,16.530747274765847,0.11411857392612701,-6.819609345600379,3688.470726022032,0.004489608758024437,262,292,16.559790475265267,0.11411821713434933,-11.955297072264463,6521.515763254472,0.00254172526156513,262,292,16.575901359159094,0.11411719028036837,-17.972643095295293,9779.353189716643,0.0016961376074337525,262,292,16.587128721455624
AE2RWATLMMUSX7TMKKCP2DYHDCWQ,0.0717664379385261,-1.0087499757137626,820.3535473260868,0.009104865882410463,216,235,7.469209024563684,0.0717279278304368,-4.554730251980291,1374.666769408494,0.005457384265146261,216,235,7.502084797189358,0.07170126477807404,-8.91534182530907,2116.3476044927243,0.0035558486762655907,216,235,7.525411827953308,0.07168296787847606,-14.13385275388913,3449.675266893486,0.002185672622463434,216,235,7.539860787238332,0.07167373269043231,-20.371391225313516,4975.066126226924,0.001517564882176308,216,235,7.549985639666904
AE2SW5HC66P6DJEXCZJN7IID6ZIA,0.10508209203717289,-0.6648651475797276,1376.1382154126557,0.006062375384615653,132,130,8.342666442946596,0.1050837449133778,-4.4176912518970735,2192.3277090713595,0.0038189500514182735,132,130,8.372390017283774,0.10508530031978991,-8.938527420664954,2600.5810354772225,0.003227978306955316,132,130,8.394619167999867,0.10499473816253213,-14.489439787620533,4926.27718691108,0.0017064455123961399,132,130,8.406423598423892,0.10501170105130686,-20.301793786110206,8420.538414091823,0.0009993918657632181,132,130,8.415417596390077
AE2YCIHHZH57ABZB7EWDTCF3WPKA,0.06031569437658535,0.5270435905446688,1141.4593602715802,0.008425000940009615,298,295,9.616796183270838,0.06032571756296046,-3.076066193333208,1844.8180125404135,0.005231116743219558,298,295,9.650458393593185,0.06026184148175562,-7.277085088903741,2379.608694574407,0.0040663213212468715,298,295,9.676253570972346,0.06027904153824937,-12.502665713953219,3975.9392743601793,0.0024374249977541893,298,295,9.691053776878153,0.06028161951589556,-18.615479784847256,6235.848352408919,0.0015557843898071813,298,295,9.701635523882626
AE34VVFABKBA5ZFYOCL3BRUN7QVQ,0.2315853356190546,1.321430407455973,2130.8317578310534,0.005419733134430444,60,69,11.548539481813627,0.23158612059979788,-2.0717069305926272,2595.0466082360063,0.004467963558362043,60,69,11.594573677849498,0.23153396018739925,-4.355453548450328,5551.091695443968,0.0020947233824270134,60,69,11.628001572442894,0.23140842656280414,-7.311388550629618,8443.53903345063,0.0013794729922119236,60,69,11.647634055332315,0.23140036617841686,-6.787605018594635,20785.653794486487,0.0005610118085494976,60,69,11.660997227128592
AE35OPCE4E5LOQAODQT5QTD5SFIQ,0.04776530877242735,-0.09483421420443232,956.1235097072482,0.008961341727201975,397,353,8.568149503898367,0.047750114011072875,-3.9118210800291493,1351.4168050419978,0.006365934860014006,397,353,8.603031349625606,0.047689360004994685,-8.386051012737477,2027.0440027044187,0.004255456897338702,397,353,8.625998382517569,0.047682308162424136,-13.721468766899488,3521.7598562605554,0.0024533404414112635,397,353,8.640075880302739,0.04768383839800372,-19.877661341372928,5439.652691292528,0.0015902902410296692,397,353,8.650626589553283
AE3LFNXIKCQ2EU7IKXHEEZB4VHYQ,0.048949235070873676,-0.05711074919054223,995.3252733675664,0.008420316980300208,288,281,8.380954300258866,0.04895796976940592,-3.8883480938430317,1292.1554168272135,0.006513906955018591,288,281,8.416980156635733,0.04893914571393443,-8.1518337260784,1877.2751805942992,0.004495764895180206,288,281,8.439787855508932,0.04893218776666364,-13.56244117702908,3207.45231182563,0.0026359995124887415,288,281,8.454842730303248,0.048936311973283964,-19.78292250532874,5155.336173430159,0.001641991043549566,288,281,8.465015823259414
AE3RVPQUALI4HMJUOSE6YE4VVMUA,0.16481296360224462,0.9181649111943267,1794.3211691931774,0.0064766220827287444,149,161,11.621140107904193,0.16473445381837248,-2.7878105056628266,2440.077450375355,0.004777054696068964,149,161,11.656383443087574,0.16485378010933882,-6.871779057718775,3250.03170418602,0.003593980643655809,149,161,11.680551036112258,0.16485564791327267,-12.137404966225459,5889.267642386663,0.001986154494531959,149,161,11.696995397427907,0.16484177819178425,-18.16322979152449,9625.070461880945,0.0012164118625542426,149,161,11.708049887752424
AE4BY225FXPK32UJ5I67YPNQLIPQ,0.08732038871545478,-0.8351711750832844,961.6920273272966,0.008006845462974857,209,214,7.700119445784657,0.08732885516377009,-4.53930982859885,1502.731567107631,0.005145881397087823,209,214,7.73287841599579,0.08740657480542158,-9.152305738255546,2038.8582844087234,0.003804827091489862,209,214,7.757503236226853,0.08740992930113922,-14.398400120853074,3484.677689339069,0.0022300307637613,209,214,7.770938449018765,0.08741389290731483,-20.594309112585805,5923.132215782413,0.0013134780472951427,209,214,7.779904136656836
AE4SBEJSCJAWM7CRKJDBQF3O7RGA,0.07141344377922221,-0.7948874690686727,953.550749000654,0.007747503439438626,224,225,7.387637707561845,0.07147975553995967,-4.626772490249507,1426.074987103859,0.005202380622573231,224,225,7.418984879245487,0.07153430529707805,-9.324437360707115,2104.429222059867,0.003535921069559556,224,225,7.441095625678309,0.07154717210330408,-14.76724975999684,3403.8269774240116,0.002190549991622393,224,225,7.456253156880244,0.07153252263647403,-20.909140871667113,6010.886520530503,0.0012419850979986605,224,225,7.465431484259904
AE4XAONOTHWDUYQGLCZSHVJ4TP3A,0.06322828625332666,-0.5840067621428304,989.2136287385637,0.008329283799271442,206,224,8.239441051870633,0.06321532577291972,-4.32967500006738,1404.0031795382235,0.005894381019574288,206,224,8.275729692892057,0.06307638427303003,-8.329149458690038,2110.7774066989828,0.003931823355944883,206,224,8.299203906859832,0.06309858945862712,-13.261491486806042,3410.613933635174,0.0024377484252078247,206,224,8.31421874571101,0.06309709407333713,-18.995816183422114,6386.38932180412,0.0013035448168807276,206,224,8.324944699020186
AE5HNX5HIVHJH734GBQBRKUMGYTQ,0.12859160234063483,-0.6456976024354663,1473.9659687088217,0.006359706806991113,126,112,9.373991404470743,0.12866420821161118,-4.176681866783497,2766.5363488370913,0.0033991091562500216,126,112,9.40375903443066,0.12872260142842973,-8.170448274118979,4145.410124274731,0.0022730047289200466,126,112,9.4225368157895,0.1287723778827543,-12.771959565729409,5972.087826600828,0.001579945602348784,126,112,9.435573898478685,0.12876288534944513,-17.32591073687959,11865.870184649206,0.0007959911856967068,126,112,9.445128077602122
AE5IMGWRBJA7JQFBQTBK25HDYGVA,0.06690879842681963,-0.04532832287109141,1290.739531962357,0.007369949986895017,211,214,9.512685796670853,0.06684826149460998,-3.7498304780744927,1845.3540947591073,0.005173496107013815,211,214,9.546932225298244,0.0668690766433293,-7.833885561745673,2968.718109281187,0.003223592025534094,211,214,9.569936023137487,0.06683016464646752,-13.09400388850492,3912.054450804493,0.0024500973869937856,211,214,9.584914387693498,0.06683128823385864,-18.927017015478974,6620.218399522911,0.0014493402657468554,211,214,9.594949094466758
AE5INRAIGFDNXPWT5LNVJEEAAHBQ,0.023385542544625576,-0.4402841783002543,846.5144704620528,0.008884592776570076,569,584,7.520936349529197,0.023410996681560076,-4.280846439419937,1232.0628136057712,0.00612936747254634,569,584,7.551765733849138,0.02340491617617793,-8.835266804059119,1748.3996283641713,0.004331490859421796,569,584,7.573177008875874,0.023398993500631265,-14.476345408149898,3055.213746911269,0.0024829044338215154,569,584,7.585803758478435,0.023382573964526615,-20.786122515348076,5186.65711016318,0.0014643450632109316,569,584,7.59505573383533
AE5MYIUHLA3BAMM2MFJXJQN6UPRQ,0.0810579797515204,0.006168556497859375,871.0719984257149,0.009989917286707083,517,537,8.701937215039534,0.08109752972823786,-3.7020183136674376,1438.8133161146138,0.006072881934583899,517,537,8.73774339467119,0.0810806435129589,-8.115713953937522,1856.0724433209978,0.004720669434510367,517,537,8.76190445142241,0.08108149311018298,-13.58870215308385,3092.5735460470396,0.0028380054121249767,517,537,8.77674046107603,0.08106083502814398,-19.678468439883357,5718.37453763101,0.0015367087148768289,517,537,8.78747598690733
AE5UVV7CEOPTGOGVKMICTYGYINCA,0.4071504919327096,3.5778213421032237,14031.79826374149,0.004601554555013133,127,107,64.56808521554503,0.4070780474732527,0.6202701475693336,22484.791433085797,0.0028738157462877174,127,107,64.61714767239714,0.407141304763568,-3.319563124086583,26757.35526868102,0.002416106437187829,127,107,64.64861830678188,0.4071438476007284,-7.43149838075226,52400.21453415262,0.0012339942328494205,127,107,64.66156253521672,0.40714889496028833,-10.571008694178298,99565.68142225807,0.0006495232004444006,127,107,64.67022005181266
AE5VT32F7URDDGWM4KOVJ4LLBASQ,0.09918163283877601,0.33990976905326015,921.7620941364437,0.008316358577463101,361,381,7.665704097951964,0.09915105255240864,-3.221983215282607,1302.4194010395465,0.005911061624464343,361,381,7.698681340442698,0.09917666113160506,-7.507487276717738,1874.7793108285584,0.004118844804096464,361,381,7.721925023233758,0.0991721553991195,-12.757712099688849,3458.9562777208716,0.0022364234492695443,361,381,7.735690929493056,0.09914402860748894,-18.67077310485512,5775.353255678648,0.0013410584163981458,361,381,7.745086091200283
AE6JXZ2HEEC3RLKQ23MI2JSCXSNA,0.05406291693366794,-1.092285164546348,931.7635772873065,0.00785034372611446,211,286,7.314664353179372,0.05405478357802873,-5.181676600985671,1459.3499269890892,0.005034135602094928,211,286,7.346565423370408,0.05416242435898744,-9.71596510604638,2129.0004745467213,0.003460302966309455,211,286,7.366986657348257,0.05409416388548727,-15.294210636873714,4201.480076344613,0.001756451435014251,211,286,7.3796957092792805,0.054112368923397436,-21.409289162627903,6228.702671489985,0.0011861722046309605,211,286,7.388313979832028
AE6PSXRFBXPR4AHQKR2TQC56EKKQ,0.06318127319474653,-0.6072383246057569,787.7108902465814,0.008839431586379445,508,550,6.962916524180703,0.0631520891537446,-4.444454543909808,1269.4255572471811,0.005509830681002569,508,550,6.994319882569302,0.06329564941352117,-9.025273629623072,1678.8400907318476,0.004179186580363634,508,550,7.016185977763004,0.06332319548255982,-14.601559418757775,2834.642757890812,0.0024799054602705067,508,550,7.029646053209673,0.06329904410595377,-20.777687852968445,4610.781754609872,0.001526497598551462,508,550,7.038347275856866
AE6WU4SFOAVPE7A33RAHPQGCKR4A,0.11908359081088937,0.4860594456635537,1126.5409532181122,0.005043680259639593,101,112,5.681912367421763,0.11893533817596857,-3.034814718926316,1740.1435011146098,0.0032842809005217987,101,112,5.715120064877846,0.11887272259193371,-6.406049908683751,2665.3971997871213,0.0021516419553187765,101,112,5.734980442651153,0.11876637706587445,-10.683076108938971,4322.503544944967,0.0013296393082180924,101,112,5.7473706232708786,0.11879170328825617,-15.046612506173322,7982.731935908897,0.0007209037017891414,101,112,5.754781002987123
AE7QX327FYG2YS4OL27GBQABRRDQ,0.08060966030135619,-0.6747942709781233,898.8349637836034,0.007957901334648193,215,189,7.152839957921997,0.08034479516314291,-4.467301050242784,1876.3847113632742,0.003827010153206137,215,189,7.1809433417080175,0.08035265269864678,-8.752644007995418,2393.97776841176,0.0030082717175287897,215,189,7.201735613105783,0.08035461396999383,-14.3212100939917,3532.7597985740335,0.0020421409491851363,215,189,7.214393448303068,0.08029935309563213,-20.512477827482137,5604.596019682406,0.0012887488148393624,215,189,7.222916478019108
AE7WDJBLIDV4PZNMNQ6E2ASAVUHQ,0.06743203396401108,-0.05854131287375106,1186.9245789240697,0.007576265353496017,213,255,8.992455564515277,0.06739127994001369,-3.9253638843235064,1837.9250873097785,0.004909897916275353,213,255,9.024024556452478,0.06747207906308815,-8.125251443046494,2766.5376031558803,0.0032702694780051595,213,255,9.047323483354226,0.06747059664993614,-13.6857913642057,4941.329825470379,0.0018332685454617137,213,255,9.058784541786665,0.06744842037153818,-19.79130266438697,7269.36712788392,0.001247352413048737,213,255,9.067462628303176
AEAYK5TRLFC5J5MMW2VZ5UOVYJUA,0.10546216632273664,-0.3151474581043795,982.5635630827611,0.007514538742620786,188,158,7.383511961872931,0.10547189543049429,-4.098685604606118,1673.1602314067059,0.004433225332241657,188,158,7.417496322771521,0.1054825403798933,-8.249530282305432,2456.8455481144765,0.0030284554536444347,188,158,7.440447298949337,0.10548812038719718,-13.557361342787525,3877.247532141031,0.0019223199970195269,188,158,7.453310464429315,0.10547579701423287,-19.27574549322964,7357.567467706711,0.0010142523779949767,188,158,7.46243030038001
AEB2KGGJANOW27FHME4SJ3IIFGIA,0.10491256067938848,2.3287852781674045,2109.672278418684,0.008564184233672209,128,138,18.06762206504862,0.10494479778695132,-0.3333768192200673,4243.62873614346,0.00426708312343027,128,138,18.107916562101483,0.10501231800935812,-3.9521616953055596,5775.859390907164,0.003139752229379116,128,138,18.134767399181072,0.10501200599500626,-8.534307575622865,12132.743934361302,0.0014958279037466538,128,138,18.148496926030596,0.10500308068248199,-13.378024801613835,16416.281832663535,0.0011062128703004934,128,138,18.159902245772575
AEB45G7B26CZ6NV5SNZKP5MZBWIQ,0.43272830250451966,3.3178817156437197,11134.528360026748,0.0058290929557561055,145,112,64.9042008290985,0.43273876113632337,0.2711904653336508,19638.70685977631,0.00330691872807339,145,112,64.94360750973763,0.43268784957022455,-3.678786411719984,25435.673074896848,0.002554337411541163,145,112,64.97129132293927,0.4326829971357731,-7.624769792349374,44174.19344121202,0.001471107834443135,145,112,64.98500205157355,0.43267879323511327,-12.566441104849275,83731.80528060152,0.0007762046766239069,145,112,64.99301884096525
AEBD4EQFW4THUDUVAETCYTEDJU6Q,0.058024542388769196,0.9708221210016138,938.1449910621051,0.009700050589042561,223,244,9.1000538731593,0.05803194665635336,-2.6848149982866536,1457.9099750064977,0.0062668991851667095,223,244,9.136574834414638,0.05807599183388368,-6.847224418541556,2108.0772674303244,0.004347887327942323,223,244,9.165682437383587,0.058079473425864725,-12.014107673819888,3476.900079549383,0.0026409267519029336,223,244,9.182238433775403,0.05810994558974003,-17.795350274508536,6032.791432958107,0.0015238523953536038,223,244,9.193083675781912
AEBEMOA4RWLGGTJNMNXBX5DT4CPQ,0.05295149705537783,0.10863954157243659,1094.8991980524986,0.005062812298844572,103,120,5.543269125895249,0.05278905625151309,-3.3002059581107104,1318.9173432224443,0.004224972017307642,103,120,5.572388868256566,0.05273517993591992,-7.058710166770769,1858.1579176190348,0.003011106302799429,103,120,5.595111017339338,0.05266984648039086,-11.436130404305894,4974.409163275476,0.0011269780265619324,103,120,5.60604982213979,0.05264637097709368,-16.189621338421443,8245.98412396619,0.0006807933953826704,103,120,5.6138115300265365
AEBKVV4GWV4345OOUE6FSNSJDUMA,0.07966144307984402,0.11518197300327224,786.013968174625,0.009551570892033144,661,586,7.5076681391482145,0.07966634481248325,-3.616307454069765,1129.3762815769996,0.006677514160131269,661,586,7.541426112346815,0.07965863542552498,-8.206238261481444,1486.7673826932175,0.005089833836723362,661,586,7.567398931768571,0.07966861483878718,-13.647643483230235,2893.635447934587,0.0026201950653737148,661,586,7.581889321668664,0.07968867169831084,-19.898447948264778,4427.484815138469,0.0017149042209342353,661,586,7.592712397603192
AEC5AGCCT35DGIGTZ4HRI4VXUCLA,0.05122253670907778,-1.1359732935041569,876.1810927255907,0.007457319696634797,223,230,6.5339625206015475,0.051246839616077566,-5.057161104355122,1317.906520152122,0.004981989059762818,223,230,6.565795865187958,0.05125552897654445,-9.404823036778422,1885.1937434180193,0.00349365143790315,223,230,6.586209832418385,0.05119828461510545,-14.849649844285965,3365.402195866391,0.0019610355575840305,223,230,6.599673371665369,0.05119942307158476,-20.96597363711057,5069.375120930904,0.0013037963495907106,223,230,6.60943277737568
AECCWTWRVTRL36SUIZOJ5OYQDYGQ,0.1288325057159676,-0.32614971356560546,876.4151570173971,0.00662103805583535,98,80,5.8027781073231,0.12890841426458044,-3.6395903293856326,1382.8002154967119,0.004221583968864333,98,80,5.837607221883063,0.1289917894133148,-7.0247317109795855,2288.1533133181065,0.0025612831484010945,98,80,5.8606085223597955,0.1289831688005968,-11.421274705059144,3774.1133708986317,0.0015567914320620624,98,80,5.875507359445859,0.12896916355414456,-16.233235807503945,6292.141564942649,0.0009355044346890261,98,80,5.886326337694997
AECKGMR6XCQLS2CKXDI6KH46UWTQ,0.08852882071861856,0.18915862922699023,1402.902059942675,0.005553537168274278,168,145,7.791068733340194,0.08847984326337421,-3.10146749589499,2948.0631561973296,0.0026531934259064103,168,145,7.821781785179658,0.0884785719090524,-6.8031995880308305,3877.3900175288395,0.0020228771829330643,168,145,7.843483795791523,0.08841568056966698,-10.831335912084603,6813.671773808606,0.001152917629293377,168,145,7.855602308242617,0.08833178785035867,-15.210342763946764,15304.127315282276,0.0005139521968501459,168,145,7.865589854563652
AECO2ZWV634CZOOCC7MQ23TC3GMQ,0.029256762965351846,-0.7540397914015857,810.5758371938566,0.009215481864671766,521,496,7.46984692760112,0.02923184241262855,-4.655005677229629,1177.2759376710544,0.006372219093730685,521,496,7.501860208617188,0.029236710289163637,-9.237385102848801,1909.5827375333863,0.003940011480104742,521,496,7.523777908091382,0.029227020388590597,-14.62610186281241,3263.1468126795535,0.002309486171431815,521,496,7.536192439235231,0.02920991453377031,-20.99904969812263,4829.044638591057,0.0015625241975094364,521,496,7.545499098651738
AECOPBDL3PHOESNB2RXKPZSXGBOA,0.051152426566480114,-0.28420048241495044,854.7206069941509,0.008340417295535984,544,506,7.128726533425031,0.05115744020659385,-4.288539500865145,1162.499381282683,0.0061598772755747525,544,506,7.16085352163291,0.05120662269356657,-8.753914911275533,1751.4949584286985,0.0041010883978138775,544,506,7.183035652841435,0.0512015385494049,-14.303802261918362,2755.9579833817165,0.002611331368451238,544,506,7.196719532138292,0.051205702174808576,-20.736700834982976,4658.432626545838,0.0015468807757254785,544,506,7.206039875016103
AECSVEHBBVKZLBL45UNICW46HFLA,0.07068167199956554,0.8339342757903222,921.7948666028964,0.008921203166120103,201,209,8.223519282451017,0.07071111759250237,-2.7516531989205375,1441.09421876148,0.0057309925343821495,201,209,8.258900209063318,0.07072407646385659,-7.055964906114149,2063.079776682765,0.004015105427065497,201,209,8.283482807828044,0.0707175453840947,-12.228510781189632,3286.4790126917787,0.0025252043583852573,201,209,8.299031126590958,0.07071647252981428,-18.036823209493914,5175.560448320378,0.0016057463486199841,201,209,8.310637291952455
AECTRGMRKOGAYIV3YXX73CQEQCSQ,0.14252064396412933,-0.8305323409340901,748.8396261617845,0.009067117679067625,132,154,6.789817013157907,0.1425712322894822,-4.722398541994049,1544.7594368485318,0.004416531500598704,132,154,6.822478713688656,0.1425744225696879,-9.167549156635472,2163.562949553925,0.003164561530336407,132,154,6.84672807861952,0.1425630890593007,-14.386996576968784,3562.254936398593,0.001925907710811329,132,154,6.8605742498857705,0.1425566896676408,-19.38000376129635,6496.947751747309,0.0010576252909838613,132,154,6.871336256448691
AED3HJLTUSJQBBK6H6726ARBBH6Q,0.12963569972022848,1.2560913804975427,878.3792408629699,0.009156211041591655,195,241,8.042625703894421,0.12966188020803004,-1.9768017386181451,1713.5461095060687,0.004713872910365694,195,241,8.077438586263185,0.12961114741869628,-5.967660543234739,2033.4836923734883,0.0039845509716649585,195,241,8.10251942231163,0.12960434517292274,-10.95919953437096,3498.8539136091367,0.0023203894434932057,195,241,8.11870368546353,0.12958874163964973,-16.45218993434407,5499.212863168662,0.0014783694529946635,195,241,8.129868312423872
AED3PQGKE2MP7OA6YA7ITROMHQEQ,0.048636695435021124,-0.4383363190310824,1038.4289028134485,0.008409045321335745,318,296,8.73219570674324,0.04871940562556319,-4.315163293719516,1540.4547896847564,0.005690607184792729,318,296,8.766123094028448,0.04871847935697503,-8.565029721724157,2201.0294293914867,0.003993637218661646,318,296,8.790113048587445,0.04871854701509924,-14.063099862443243,3417.9434598094012,0.0025758097797640945,318,296,8.803972190457781,0.04871806910008357,-20.274359044168754,5516.819266271494,0.0015975925244802159,318,296,8.813629218703769
AED4A5D3XDKTGB566GFP7YQLSHBQ,0.05367980461205335,-0.9360060726134257,1010.5427933684448,0.007960373389830784,222,270,8.044297961615436,0.05355835379951368,-4.791597340497369,1723.9528595909023,0.004680868820111066,222,270,8.069597187800365,0.053546215824408605,-9.383998381687368,2386.0518092865786,0.003390879212408128,222,270,8.090813479838662,0.05353455825685588,-14.90717176111832,4306.264508352925,0.0018815684195529897,222,270,8.102531305158745,0.053541473532995376,-21.131674846460673,6802.7470518693535,0.0011921976917284682,222,270,8.110219332651285
AEDIN436FJT2VQGGITVASPGVSDUQ,0.07248990458523293,0.23236185710803567,994.8241295424456,0.007962855552501478,202,208,7.921640843689513,0.07248760334700168,-3.110780393281854,1553.0742205132171,0.005122418571410043,202,208,7.955496229935079,0.0724692430928048,-7.344751732972002,2361.803485338146,0.0033791348064343154,202,208,7.980852363264007,0.07243821006462732,-12.621831423091264,3175.892454068073,0.002517600907819679,202,208,7.995629725499449,0.07245787047642412,-18.316740585677525,6343.925282266889,0.001262007393856754,202,208,8.006080612295609
AEDVEEUD4NZX7NYETDDN5N3HBJEA,0.07025030895229467,0.28201504835194013,1059.3317999324763,0.008971068088035761,781,705,9.503337705015722,0.07023367732285479,-3.4124099174886107,1572.8156565379973,0.0060633220651092655,781,705,9.536487874636155,0.07016654204457229,-7.837158574023739,2054.5486047170393,0.0046535456283633364,781,705,9.560935677740972,0.07016003814385041,-13.393020283484393,3640.6903241452324,0.00262994237575043,781,705,9.574805760454115,0.07015582683712773,-19.667592318485646,5439.677248319593,0.0017620702859219317,781,705,9.58509364426953
AEEHTDVCZHZ5G5YD37LJK3JPTOGA,0.10777055177185624,-0.8572040400704543,950.6902872181587,0.0074663178959313336,139,123,7.098155904945037,0.10765876058511098,-4.412029703247149,1563.488105216176,0.00456086316770864,139,123,7.130855312231028,0.10758801420542502,-8.263303895189754,2710.8703857183036,0.0026377276025612603,139,123,7.15053764337506,0.10761572852673257,-13.58194319974365,3858.248654904763,0.0018568792286027015,139,123,7.164301786076967,0.10762298856298935,-19.267220112616513,6972.242769744892,0.001028773999787997,139,123,7.172862081723395
AEEMHCO2KYLSSU547E7HNK4PMAMA,0.07637254588925058,0.3881464272125828,1020.2328884763655,0.00954627838372202,187,208,9.739427169624205,0.07640289868200456,-3.2549255876410754,1716.605218101405,0.0056941233828806375,187,208,9.774561911566126,0.07648830281712127,-7.359890754869067,2773.871317763099,0.0035324009937780444,187,208,9.798425799478784,0.0764904916714616,-12.530637472815423,4134.665203512698,0.002373212309099281,187,208,9.812438354980818,0.0764599985395159,-18.331357624038585,7590.348937823723,0.0012940605251797444,187,208,9.822370932777682
AEESOLSSR4LALOZ372WQ2PZBLLSA,0.05970314388067943,-0.2450481223308573,1000.4519406295103,0.007333216331544946,227,222,7.33653050995016,0.05971928287730166,-4.109668667613875,1494.9189147972324,0.00492808061202695,227,222,7.367080920564608,0.05968443194930062,-8.367021232753386,2263.0897702643883,0.003264046995316528,227,222,7.386831364763048,0.05966995314099932,-13.75769583622545,3632.4847393042305,0.0020369269635646756,227,222,7.399106110225989,0.05969141693992952,-19.94308081449806,5420.758609060491,0.0013666086806956646,227,222,7.408055771097824
AEF4A5PLYVU67SYR67JR3227YS4A,0.14365515727487876,0.8211853624756142,1177.3396720961762,0.008804456327501991,165,185,10.365835725606297,0.14368653123508024,-2.4482313545536765,1697.1429592216314,0.006131203103267484,165,185,10.405528178268227,0.14382253732801187,-6.59920435380431,2678.567460581868,0.003895135203831253,165,185,10.433382411549317,0.14379703920969755,-11.478562690744518,4977.469227591471,0.002099632414482136,165,185,10.450855732338413,0.14375590120248416,-16.828204967957028,8193.969369035356,0.0012768348248470476,165,185,10.462345444114332
AEF4QCBYMXQN3RDFNM4ZXM67UTJA,0.08750312248144887,0.2383762240394425,1395.371707727149,0.007863663005427924,205,227,10.972732876874767,0.08755744226566742,-3.451051486218573,2008.6985727375775,0.005478276645069033,205,227,11.00420647801177,0.08757145561850765,-7.7204850814536865,2940.9116688411405,0.003750286432861335,205,227,11.029261131898517,0.08754533128197184,-12.92546474548319,4966.091562471042,0.002223831913730473,205,227,11.043752903130734,0.08754919103700498,-18.843526093843106,6961.8663529834,0.0015876841679119628,205,227,11.053244987750741
AEFKVSX3H7JBJ3AMZXSSRTL5ZKUA,0.10718665313643383,1.1987125664720149,1393.7459501544329,0.0076285761824495,158,151,10.632297159733554,0.10719920334800986,-1.9589023846499756,2010.3241908073983,0.00530590693633932,158,151,10.666593068295706,0.10718346995666506,-6.067067179170853,3250.3804906443906,0.0032889521007115597,158,151,10.690345742816739,0.10715895767001693,-10.547262457074464,5429.160898258499,0.001972054240438764,158,151,10.706599771435002,0.1071398582219415,-15.293605414576025,8316.503636068743,0.0012886168007792205,158,151,10.716786309179657
AEFLJ44YE4GTJNXRJNWEVB4BPBGA,0.19402342035731734,0.21294280868940063,1014.7478364822565,0.009292858155245661,248,241,9.429907707772028,0.19401435814040635,-3.4698159212175126,1544.2511158607413,0.006130067328024895,248,241,9.466363311603917,0.1940344852892626,-7.706928970359736,2545.7594571756085,0.0037278190167066064,248,241,9.49013051641992,0.19401806044641634,-12.95249280206034,3647.8306434416736,0.002605977305574675,248,241,9.506163871388866,0.19403089768548232,-19.045373595177676,6467.348964979988,0.0014714250803742875,248,241,9.516219470604243
AEFLSA4IAQRPF6G3BH23PYA2YYKQ,0.045511730409840634,-0.4893164548906129,903.5613627147823,0.008639319369659688,275,287,7.806155182577921,0.04544336874178656,-4.4765198579500955,1419.3901985713403,0.00552322146725949,275,287,7.839606415166937,0.045467956017400335,-9.005584531008683,1838.6374635949724,0.004276467588660752,275,287,7.862873520361313,0.04546297504756658,-14.426732971232607,3389.9437965921175,0.002323678202042055,275,287,7.877138506288789,0.04548701589293247,-20.606693540601434,5175.936135817473,0.0015237482839088952,275,287,7.886823804573913
AEFVTTFB7NFHCAZVLUULL3YC7WMA,0.08025989763412011,0.24650761396375395,1235.0484871032404,0.006616996976024077,134,133,8.172312104405252,0.08024066435151489,-2.8212576755785816,2022.9385808795798,0.004056168797432178,134,133,8.205380350885482,0.08026584278714644,-6.2933657515365775,2911.595496036741,0.0028262977437492672,134,133,8.22903578115917,0.0802963144528418,-11.141064321492902,4933.678139010576,0.0016706294152287798,134,133,8.242347824302254,0.0802942050103127,-16.742229400311462,8400.018436059207,0.0009825933075711065,134,133,8.253801898745689
AEGCZJGVCDX7GD3ZDWYV7UOGJHZQ,0.03278086515774459,-0.5738929988084849,1042.0890013479857,0.00792145664965432,221,243,8.25486284925963,0.032791572552032466,-4.7335491739684254,1706.4394834169184,0.004855196806636777,221,243,8.285099530604734,0.03273943539778423,-9.28712689927122,2713.8452628689975,0.003060237997164569,221,243,8.305012391856774,0.0328250608984304,-14.843899168624937,4428.7507902609495,0.0018781749166430467,221,243,8.317968646331186,0.03281873536278779,-20.967996187731817,7925.854541404291,0.0010506018918912637,221,243,8.326917776054312
AEGJUYLQ33YRTQUTCMCJNFRQ7SMQ,0.07011675874683598,-0.5258736620639022,935.2235092978723,0.008352671507085553,343,367,7.811614758868899,0.07013840706422847,-4.355226290435766,1312.0849176581496,0.005978958506753479,343,367,7.844901280015132,0.07010339016326073,-8.653774591003023,1984.7609324383761,0.003963709404554351,343,367,7.867015573698055,0.07009419420347801,-14.408545014165792,3027.681477055489,0.0026027942249961995,343,367,7.880431863607989,0.07010471056051648,-20.664249204837965,4919.320594624915,0.0016039246759392792,343,367,7.890219690575189
AEH5Y525F3CTRR4KHLJLQTCFUSDA,0.036773078035844065,-0.6339462310662867,799.4085923476729,0.009778653670751447,299,308,7.817139765990819,0.03685243408365202,-4.428333632397069,1415.6079749895955,0.005543725558738715,299,308,7.847742112104176,0.03685965585284401,-9.090244004311925,1932.868246730001,0.004071936956407359,299,308,7.870517645726188,0.03687211133908053,-14.388919938828279,3719.765446724042,0.002119522836970996,299,308,7.884127812507225,0.03687116170338289,-20.747803163043873,6044.253714294578,0.0013059139998033316,299,308,7.893275543860575
AEHCPFOSFRCQDQJUNBXOLPM2YU6Q,0.04698271166288945,0.3430796558133904,1035.8898307678496,0.008370375637276202,246,262,8.670787002361376,0.04698783533501619,-3.3636379882833287,1439.9393069742785,0.006044218195547028,246,262,8.70330735969731,0.04698281499891696,-7.62778775009319,2581.361190475474,0.0033802316165382966,246,262,8.725598709750132,0.046978033148067505,-13.007070792052891,4398.596375070294,0.0019867852121189505,246,262,8.73906623206968,0.046978087001365826,-18.97429140258291,6472.771229822153,0.0013515907334395677,246,262,8.748537613901856
AEHM3SNZYPQT72AV2L3KF2SQ6E2A,0.0544361256155636,-0.4697374207175658,956.3455908886873,0.008822367248046139,595,623,8.437232018869686,0.05441494786658474,-4.389615127469655,1418.1884712505805,0.005970947780992471,595,623,8.467929305442759,0.05446349240748083,-8.926333931648424,2008.0073306084917,0.004227725390446097,595,623,8.489303575815411,0.054479222626110935,-14.606005849643235,3276.137275427373,0.002595401059728211,595,623,8.502890156459298,0.05446272353757886,-20.966008064799947,5796.354275205405,0.0014685288021833499,595,623,8.512113200797733
AEHR5NMNP5YWBOAEZVPJSA7BMBQQ,0.13408908477092857,-0.09726666712600027,1049.7331468711793,0.006955548398594057,159,144,7.301469708670932,0.1340671814129823,-3.91003942476292,1596.0584462145532,0.00459602703189988,159,144,7.335527763294207,0.13402810021719258,-7.843958616302394,2380.3609631476356,0.0030908099260169427,159,144,7.3572432923999616,0.13402338862929702,-13.134826839945283,4236.9021788514065,0.0017397488364670364,159,144,7.371145635881386,0.13401463448969148,-18.918425022944717,6677.98000928613,0.0011051166762089109,159,144,7.37994707165184
AEHTE2TSRQVOUF5DERVN3V5W7EMA,0.10901938866851779,0.22612743995416507,1166.7831537564496,0.007342999274617418,201,198,8.567687851669431,0.10893262524640568,-3.361458438809221,1404.0748370302174,0.00612761756800681,201,198,8.603633638182659,0.10895163835304272,-7.717430094207981,2098.612817955451,0.004112308889065929,201,198,8.6301441459859,0.1089332241950095,-13.026367392010448,3445.617673220783,0.0025091263800008884,201,198,8.645490199275548,0.10892972199356654,-18.962918117345072,6157.894187454805,0.0014057151317922866,201,198,8.656245039280988
AEHWKRPNWNMOAJSMO2F6O7RFRTNA,0.06198285202862726,-0.25284771836064646,1142.9403158911439,0.006553909341307584,142,175,7.490727212876008,0.062049688823573104,-3.758458974165934,2048.9927989707553,0.003672182185796344,142,175,7.524274855205396,0.06210703823423071,-8.139074792866788,3727.2749445103286,0.0020245763214032176,142,175,7.546152596015103,0.0620916189300036,-13.501777028268464,4727.202890389031,0.0015993414921404855,142,175,7.5604117243656095,0.062078404132993883,-18.970433871526307,6935.130188573061,0.0010914411896203679,142,175,7.569286743188307
AEHZBUFEOW4TY3K4IYFFR5ZU5B3Q,0.04579957590515904,-0.2840747605443748,869.0383937900857,0.009275341247978715,512,465,8.060627659998351,0.045825072904732256,-4.351400275392382,1280.390958309014,0.0063208165142117165,512,465,8.09311631392698,0.045828396049165665,-8.921271542998008,1795.1167308408421,0.004520863308209262,512,465,8.115477362410925,0.045822979294143695,-14.503326298786007,3228.7187107111404,0.002517878848381363,512,465,8.129522549072725,0.04580204388914544,-20.92752895940254,5864.8261964651265,0.0013877093494344115,512,465,8.138674145642515
AEICZD35OTDYVWA2KPYWN4PDZ2SA,0.0760757005643633,0.05193639702880975,914.8304119086246,0.01034764515933806,976,977,9.466340483401522,0.07608470094380582,-3.6956358562876663,1413.6968730439885,0.0067205041330442306,976,977,9.500755678163829,0.0761460862374147,-8.208103131022234,1943.5943058394366,0.004900262726464146,976,977,9.524122732272946,0.07614721293178939,-13.646345542414222,3159.5284951161316,0.0030193296650772106,976,977,9.539658112960893,0.07613928588814323,-19.78504918533542,5606.360127537831,0.0017033048878847962,976,977,9.549340608477618
AEIFOXPMNJWZXDDGPO6DBZPSQ5WA,0.095012518658389,-0.4059449014743648,891.9664252136383,0.006897931861895019,179,178,6.152723624221757,0.09507625139659304,-4.461814922029851,1470.4298377592922,0.004205741730025949,179,178,6.184248129739542,0.09506268300413612,-8.773730237690362,2446.7146173977253,0.002535321548933753,179,178,6.203208293579656,0.0950794790958116,-14.332943857585288,3261.5717756987483,0.0019062023957495513,179,178,6.217215932746072,0.09509536168430555,-19.951021480993706,6229.412807476827,0.000999436190583768,179,178,6.225900605878375
AEIGI2BSHJLGSDDP6V2JO7MTABUQ,0.06937708195323511,-0.0932210300307714,1155.5511333979491,0.007916375116077656,95,85,9.147776237786857,0.06947087964886034,-3.670918461663866,2758.491694616482,0.003327563815322715,95,85,9.179057147874044,0.06943583488963467,-7.4489615062501775,3892.9543305125558,0.0023630658712679204,95,85,9.199307516838877,0.06937762220538335,-12.208507677278165,6792.82897648276,0.0013562224312170152,95,85,9.212587029326837,0.0693674821291354,-16.97777076312258,11194.329260612258,0.0008237288912528567,95,85,9.221092430163546
AEIGRLFPH5Z3EQ73Z23CJ3WX6R6A,0.04758305313895039,-0.8855609010237258,1019.5717396466539,0.008194229573762523,361,385,8.354604901585114,0.04769483669685448,-4.819137830366188,1495.1806450552567,0.005609644474895462,361,385,8.387431844504853,0.047707238926776974,-9.389750678844015,2002.3125239851413,0.004199588316910828,361,385,8.408888282532232,0.047716756915007874,-14.996572731061242,3519.124792506558,0.0023936019471422925,361,385,8.423383955580414,0.04772188442018388,-21.351895231230408,5664.206088620938,0.0014887232104539288,361,385,8.432435072924454
AEIIRIHLIYKQGI7ZOCIJTRDF5NPQ,0.035747244098089034,-0.4700746455344574,874.9221015412234,0.009279880495935807,976,1086,8.119172545555566,0.03575167320365889,-4.447470174197897,1190.553696867443,0.006847444072878104,976,1086,8.152249855058088,0.03575843717567338,-9.040415584505496,1763.9772551678989,0.00463423525881574,976,1086,8.174685591648087,0.03576578269349155,-14.665673594519744,3025.561186111885,0.002706412687166581,976,1086,8.188417179891974,0.03577181573567183,-21.112390160725173,4815.87780741483,0.0017022421617673585,976,1086,8.197790249701267
AEIIRIHLIYKQGI7ZOCIJTRDF5NPQ_1,0.1383328878351645,0.10280770855770081,816.0426130920999,0.009956907572630368,192,176,8.125260873885804,0.1383053862811281,-3.705413693942954,1398.4520260268384,0.005835674649795819,192,176,8.160911037240423,0.138367549351332,-7.8680654026285675,2092.15258532804,0.003912945140400234,192,176,8.18647829173514,0.13837775057267154,-12.983506140719369,3346.400499966046,0.002451098973861782,192,176,8.20235883159733,0.138370541719805,-18.851354632316745,5525.366679122462,0.001486322010736325,192,176,8.212474112568788
AEIIRIHLIYKQGI7ZOCIJTRDF5NPQ_2_2_1,0.05316032674241794,0.12395972047793676,1053.2325967448896,0.007641620447518794,262,272,8.048403747279064,0.05318843237321397,-3.522236910788617,1506.7793696880858,0.005362386160909348,262,272,8.0799328395591,0.053189389863747105,-7.887814317621623,2098.140792213062,0.0038615960797465285,262,272,8.102172257966236,0.053294007414887656,-13.130886823492988,3727.447688740942,0.0021771008733250745,262,272,8.115029618431436,0.053311767829590184,-19.24007668685689,5052.331871933983,0.0016079850478295382,262,272,8.124074106742466
AEIIRIHLIYKQGI7ZOCIJTRDF5NPQ_2_2_2_1,0.06210767315425503,-0.258241441992541,1242.3298006350449,0.008251323698524615,329,294,10.250865325363305,0.062080638217071216,-4.083315741090104,1729.3036846644845,0.005946220575474411,329,294,10.28282115099567,0.06206776996015284,-8.53249797622982,2740.7837899781284,0.003759848191827436,329,294,10.304930976939213,0.06203034574352129,-14.052691838975742,4669.34427407127,0.0022099784462482584,329,294,10.319150203810228,0.06203552999553752,-20.060924899215895,7046.590743040611,0.0014658584720535473,329,294,10.32930473978018
AEIPJBAN7A55Q5DFFPZSR2UV3OKA,0.04659439673643384,-0.6682099408902807,764.417471572799,0.009427534478618445,779,739,7.206572069310897,0.04665774191021521,-4.831883137722447,1102.4464597386607,0.006566200810683247,779,739,7.238884837670869,0.046593947738571506,-9.431871188157258,1476.8806124331038,0.004916930146286335,779,739,7.261718805738154,0.04659872681949784,-15.14400151931535,2892.3081747364786,0.002515346055669875,779,739,7.2751559591051365,0.046605576581875474,-21.54873594824319,4304.007735963276,0.001692494144149363,779,739,7.284507889491402
AEIXEEET2JH7UHPPX4WEFRYYX7IA,0.1513193475655829,0.881086448446853,905.2551873151604,0.009895711639618984,206,195,8.958144293940096,0.1513174244813622,-2.6615015215079176,1448.9054364834403,0.006208861493391239,206,195,8.996053172147258,0.1513248987925645,-6.943642981900774,2160.0255196792787,0.00417672664422754,206,195,9.021836140255882,0.15129126023022643,-11.889027466947473,3609.087677932983,0.002504107745440783,206,195,9.037544408286873,0.15129777152939272,-17.716061212899266,7372.290654616999,0.001227468267604742,206,195,9.049252838101356
AEKXTCRO7YBU4MT6WTY4BKAAH5JQ,0.27923917035217727,1.2052283543878657,1050.9615786681138,0.010369889497954452,146,134,10.898355437384106,0.2792997806361961,-2.173139962713479,1908.6570451930822,0.005730668260555974,146,134,10.937880349174545,0.27927231182721746,-6.093622380205337,2487.5739026138276,0.004409232464069507,146,134,10.968291608176965,0.27931986751930826,-11.014249034351797,4167.088458719936,0.0026366644234349906,146,134,10.987213888413404,0.27931577896247306,-16.894202678579532,5971.797844770956,0.0018420532161443762,146,134,11.000369426124394
AEL44WHEDEFNR3LR65SSDZWB4G3Q,0.08690342149502855,-0.786492564120226,809.2316104366221,0.009640529797374908,125,164,7.801421453391939,0.08678776519043158,-4.04426756470445,1626.1693771214018,0.004816516346011272,125,164,7.8324713862882,0.08688394280533007,-7.687683221448966,3493.7624558224384,0.002247332964576587,125,164,7.851647537369817,0.0869100500153776,-12.061066770310942,5687.281410316967,0.0013827877449402062,125,164,7.864303036212554,0.0869048627143118,-17.646590141196196,8530.325289278091,0.000923026745526559,125,164,7.8737183900452585
AEL4PBKFH7QOW74BY4ZYRZKKRAJA,0.0630454885681837,-0.8209929176993119,883.7506875106601,0.008748717011501136,283,249,7.731684673750337,0.06302754000118582,-4.590205312646096,1510.1433501618162,0.005140630528197043,283,249,7.763089007795589,0.06303270779594017,-9.007652602555224,1723.2034573749881,0.004518684867108382,283,249,7.786613385789202,0.06303759052082702,-14.542650446867956,3198.116451105002,0.0024395349225993053,283,249,7.801916769010006,0.06303679056947409,-20.670196407908307,5564.060468015052,0.0014040706575336463,283,249,7.812334039882862
AELADMN45VGEJ7XYNZFIHRVMEJ4Q,0.07303113593181916,-0.7971973773510743,987.656046176186,0.007109657249760538,117,113,7.02189596896635,0.07305507814881092,-4.800494201719191,1639.2905266534237,0.0043015451601866135,117,113,7.051482231065799,0.07312111567394637,-9.081860409894343,2854.9395448017567,0.0024782553901756335,117,113,7.075269315530523,0.07319266341312437,-14.269400605192347,4141.448652034067,0.0017115434348744158,117,113,7.0882692512584065,0.07319630694965952,-19.422804340610078,9316.923655092982,0.0007616079831661649,117,113,7.095843434268499
AELHJGJ7U27236OSGNIRZI7ZJDCQ,0.04062716438771974,0.23029892444020506,985.9990371814347,0.00786561764017529,155,157,7.755491420050144,0.04060853214355875,-3.56224929985501,1411.0202105428768,0.005522156801418886,155,157,7.791874852588856,0.0406567654332175,-7.793824391656591,2293.326749805417,0.0034078997317450507,155,157,7.815427615465629,0.0406556955960794,-12.511789265624166,4058.872926590289,0.001928815513725621,155,157,7.828817069048263,0.04068358701327823,-18.178054087011983,6171.88504234048,0.001270136769987058,155,157,7.839138132409775
AELHYMCYVS6T35HA3UH5UGFWTK6Q,0.05130089755999778,-0.4924220089765816,784.9958594295911,0.008902887625638869,310,283,6.988729923093455,0.05127193223580695,-4.30669009279568,1425.0105899554317,0.00492517193438058,310,283,7.018422163843605,0.05123319422581285,-8.524520241364101,1768.2289542850478,0.003981415702367044,310,283,7.040054523970547,0.05122654589407327,-13.798393634295335,3758.0836979388037,0.0018770292151273813,310,283,7.054032893925079,0.05123585626706051,-19.841927951846085,5344.865025584024,0.0013213255258620583,310,283,7.062306590591534
AELU7VBQWQH7VMYK6Q3CIU5C43RQ,0.06912263992565154,0.1337181890413925,911.1788848599668,0.00819896670158517,217,202,7.470725336154376,0.06897254479403925,-3.5275155069163953,1271.1848747802826,0.0059039295767928475,217,202,7.504985979787023,0.06899042147100987,-7.744638606104152,1856.6151107273947,0.004055529421413942,217,202,7.529557205796654,0.06901835326938699,-12.775969624282444,3455.8652007669443,0.0021834203217363283,217,202,7.545606308535942,0.06900574616467808,-18.674743144597063,4310.427987826489,0.0017532866406152817,217,202,7.557415806390393
AELUTBS3LRR5WHUB7JJ4UXR3QHPA,0.09791325969198506,-0.12848935199846204,1063.1178760428097,0.007949574367511598,389,413,8.451334617033293,0.09809615897337653,-3.990551153613779,1483.312674954669,0.005719605241785868,389,413,8.483962950878142,0.0981007551253692,-8.569291753664325,1845.5710806990278,0.0046100507512350465,389,413,8.50817634703423,0.09810478004769352,-14.125224774329881,3694.8206727807797,0.0023063838709033047,389,413,8.521674805581688,0.09810356614243387,-20.370599664224116,5765.4923743572235,0.001479796258732678,389,413,8.531754045325604
AELZDJ42ZTKWK3733KORAERLI2CQ,0.08748673473687282,-0.3902905917312056,1291.6504045761567,0.0064532093280714985,130,147,8.335290439418179,0.0875267909989352,-4.085860673690831,1570.3730694862659,0.005328077642759432,130,147,8.367069642321278,0.08753552783241866,-8.318963430494156,2536.9493170904216,0.0033082512976760126,130,147,8.39286587040266,0.08751792459844474,-13.493862212485727,3951.956602407715,0.0021274804041876783,130,147,8.407710229822529,0.08753862182526254,-19.294079244138096,7967.339015426162,0.001056439257702018,130,147,8.417009715317143
AEMRAZPNN2NBBUDV4YGGYMGPFC6A,0.07820722851372974,0.6911409767618519,1246.4807804507861,0.007578528894862154,179,165,9.446490611536612,0.07820416574196576,-2.733693981338709,1690.8700784776404,0.005608665912264213,179,165,9.483525371225056,0.07823523008727473,-6.607416663623214,2176.0444269147283,0.004370037103008761,179,165,9.509394883412797,0.07820695558834145,-11.463360290415588,4047.725075116982,0.0023533495796934914,179,165,9.525712104241356,0.07821041077013269,-17.03548172642237,6189.551633527676,0.0015406920194688234,179,165,9.53619280586631
AEN5LX5777LX2H7KYOC3ZV7BHW7A,0.15526728425186243,0.8839649134710275,1510.4262086434592,0.00803893672645266,140,138,12.142220721260552,0.15516668368626052,-2.491876585005636,1887.6410467489068,0.00645964376369096,140,138,12.193488715718651,0.15516555488708628,-5.946827783395506,3568.0529478456992,0.0034252137604501988,140,138,12.221344054975985,0.15527229521366914,-10.117001983751699,5295.60734900701,0.002311760831706301,140,138,12.242177649530445,0.15530641060634853,-14.886120958802634,8612.656467231189,0.0014231370179102762,140,138,12.256990241061049
AENEBO2ESDZSB3GSHROPTRBAN2VA,0.04903131616496756,-1.840566047738113,755.769854583374,0.008676493281208284,152,146,6.5574320654324065,0.049049439067886696,-5.216005489524909,1359.8870752128337,0.0048482463346616505,152,146,6.593067527954373,0.04905203304562941,-9.372182243802474,2153.9051429614647,0.003071597577416059,152,146,6.615929819104426,0.04904841383882272,-14.357605006422103,3439.3984223854086,0.0019274209100639944,152,146,6.629168437346751,0.04906003535802564,-20.30523471356603,5369.184339745183,0.0012366666774994662,152,146,6.639891358314841
AENEVJH3U3MYSPDNE6VBEQCW2V4Q,0.1966852716273088,-1.3202413730562828,1092.7471151248467,0.0052746051191449456,229,278,5.763809527368387,0.19657229873835352,-5.305129695578862,1404.452646216542,0.004125971290211972,229,278,5.794731296751683,0.1965783578409348,-9.574468630058929,2054.483681289896,0.0028315040434621617,229,278,5.817278850799369,0.19657669240659026,-14.906124155656975,4156.001295298587,0.0014027268563424268,229,278,5.829734631909241,0.19658227025128466,-20.969210612991354,6784.017802391413,0.0008604754227909845,229,278,5.8374805867343165
AENGGJFDKQ2NVKLH5AASUYFZMXXQ,0.083994443842964,0.9884102825546524,1139.812960871317,0.006499413358659321,96,98,7.408115584260072,0.08430625426353416,-1.7595881921263978,1795.5529376608633,0.004146809684070166,96,98,7.445816310152704,0.08424527896352313,-5.555283879119603,3583.4827043045934,0.0020856502888732744,96,98,7.473891737405258,0.08422377139713838,-9.299782189694248,6533.285556992299,0.0011465950783558652,96,98,7.491033065140828,0.08420623394399968,-13.959296446882533,10909.280364932993,0.0006875036149016936,96,98,7.500169686867499
AENPFFAIQ75VTJYM6BCEKB5WWWJQ,0.04874963229429469,-0.19949912711692963,1207.9387015479126,0.006217927358220914,206,194,7.510875099408612,0.048741242274170926,-3.9915972524295964,1568.4655882055863,0.004809285077777102,206,194,7.543198148364012,0.04877097374235667,-8.214813473922995,2145.6672382283678,0.003525707856225681,206,194,7.564995838667817,0.04876572352624292,-13.559272231303261,3470.871273262919,0.002183506180192788,206,194,7.578668875823196,0.04875381905963899,-19.535962454848303,6426.125321172731,0.001180889286683718,206,194,7.588542546659845
AENRY5O66WAAZIZDQQINVD3PLFZA,0.11626568762127115,-0.47413899213346633,1624.0857093626892,0.004292826904100668,102,98,6.9719188277175705,0.11599771892059113,-3.866939261845467,2607.7345757535095,0.002684148948900777,102,98,6.9995480205209955,0.11601136716726196,-7.257056491735507,4713.324351030669,0.0014890007105871775,102,98,7.018143307912514,0.11600322508387256,-10.239093461832391,7632.02409997956,0.0009210186385323957,102,98,7.029236445809607,0.11601255030833552,-14.753624095122841,10696.177735573381,0.000657897798681989,102,98,7.036991786545029
AEO3V6QEVI6RWUKVT2JDK43FEIVQ,0.08393341179100489,1.1155792045451798,1057.6174488440124,0.0072221505923568425,209,190,7.638272484655716,0.08385261287599532,-2.0544662001542835,1586.5498300374722,0.004835534936503408,209,190,7.671817131649741,0.08376540029344515,-6.3129208402831605,1865.5603276156205,0.004125812955668223,209,190,7.696952969257182,0.08378173439797465,-11.343771014204929,3686.3398125582394,0.0020917459533027686,209,190,7.7108863854175835,0.08377751909170683,-17.215852363925418,6016.544336411563,0.0012832470966901253,209,190,7.720713051807554
AEOFL6B6OAGTNKAO6R3HGN76ETWA,0.07244613872719985,1.097431713829533,1184.276891038641,0.005247332742395206,104,108,6.2142949064090605,0.072495806813896,-1.6454795542785075,2125.1671060308745,0.002939127945155167,104,108,6.2461380294598765,0.07248769541898947,-5.031491138887015,3299.54569237556,0.0018993834566063926,104,108,6.267102502415025,0.072477819363019,-9.175459418148986,5260.138466721227,0.0011941189662763127,104,108,6.28123110835142,0.07244942828636636,-14.24596543774554,7396.712157812529,0.0008502229001376237,104,108,6.288854062298589
AEOK4TQIKGO23SJKZ6PW4FETNNDA_1,0.03440847952314628,0.7136603390222311,1245.1255945195553,0.008787044498743752,292,255,10.940974005568101,0.034476620614852946,-2.924775024467636,1837.223260238065,0.005976849052699842,292,255,10.980806102551995,0.03448955666382929,-6.637134088089148,2439.012883189459,0.004513638099486415,292,255,11.00882147470215,0.03452489614409786,-11.62378676997193,3906.180950337912,0.002822774819206212,292,255,11.026269225876849,0.03452478499975918,-17.505280405448175,6094.271461462495,0.0018112974177722566,292,255,11.038538161350173
AEOK4TQIKGO23SJKZ6PW4FETNNDA_2,0.31004881285884467,7.261130849199275,4078.2321041608375,0.002620943193994605,96,126,10.688814676930644,0.30996624847846266,5.8495635859307775,4576.204681676993,0.002347815784346866,96,126,10.744085584043269,0.3098516310517757,6.7599879544226535,8201.282681223058,0.0013140512917832296,96,126,10.776906101540588,0.30980282616686383,14.889685064751012,18405.084247678024,0.0005867205590431538,96,126,10.798641319033994,0.30978571047965897,36.825323791791995,45914.003321079355,0.00023545291717604318,96,126,10.810586021178668
AEORT2SOUGKL76PYWWGS4SUL3OSA_1,0.03390790881905535,-0.06929723821108769,732.6361358315412,0.01065938116539688,308,293,7.80944782737188,0.03391091528987057,-3.787077202373927,1366.9818405644958,0.005738808600049228,308,293,7.844847142742651,0.03391693464352774,-8.237327496941738,1825.5099952153143,0.004310772845206953,308,293,7.869358916028052,0.033911582187774986,-13.626594628612295,2863.1725544900555,0.0027536916330534685,308,293,7.884294307287592,0.033919732862158644,-19.630275081467317,4978.139185184728,0.001585878152133598,308,293,7.894722172064613
AEP4KJDGBH6XPJKFEHPYSAPUNDBQ,0.07236463479148869,-0.015862007830466113,1076.4525736446865,0.007462777821336405,136,121,8.03332639231606,0.07245505574945221,-3.628517695468821,1481.9668629360751,0.005444552850585862,136,121,8.068646908072395,0.0724503095348249,-7.877843744770344,2836.451863467571,0.0028526978420608585,136,121,8.091540110023441,0.07242209394794874,-12.736567349542582,5139.8013055012025,0.001577060911435457,136,121,8.105779731450879,0.07247058005696605,-17.738906560583168,9265.256587436841,0.0008760228775281923,136,121,8.116576736763461
AEQ2P7WFOZXT2WM3WSFJPDWLXQAQ,0.041731769975079436,0.021281267102713594,1085.2332570777473,0.008202687737395747,182,163,8.901829530045685,0.04174570252850862,-3.603597446223527,1858.8007763985424,0.004805648679222581,182,163,8.932743496037563,0.041754366906838314,-8.041328630395245,2842.169342316313,0.00315070181543462,182,163,8.954828106608627,0.04177372960396031,-13.258466758168803,4317.145516009839,0.002077323529102525,182,163,8.968107958966701,0.04177860616912832,-19.379690169516092,6837.784567758684,0.0013129788711679267,182,163,8.977866663065265
AEQOF6IINLJ7YDIGCTZUORSL3G3Q,0.14028357574491201,-0.642051179953495,855.4122439381316,0.007436600064337396,94,78,6.361358748305306,0.14026241440165682,-3.5535909254650018,1961.2537532652316,0.00326023734145504,94,78,6.394152722464158,0.14026997743837583,-6.673315835222857,2998.0690605372206,0.002140084616527065,94,78,6.416121475741456,0.14028342108912306,-10.74147662380095,5073.546978320975,0.00126745925070296,94,78,6.430514051548969,0.14028284763404691,-15.95060913137282,6333.451775480307,0.0010170888895912012,94,78,6.441683433602687
AEQXZCNKESE5KNCYCQZROO7GZRKQ,0.041157312542497326,0.24278709853324415,889.9053504947309,0.007523811129630294,186,207,6.695479780369804,0.04114789468683905,-3.159979290392459,1549.4306005346414,0.004343526432736704,186,207,6.729992769113319,0.04109842056284008,-7.442385236644393,2036.2986131487437,0.0033174863515781196,186,207,6.7553928568584105,0.04106245070993353,-12.602516476514163,3365.402542222232,0.0020114422511422576,186,207,6.769312865527363,0.041055572114286065,-17.856839644913247,6785.033988764141,0.0009991330994715043,186,207,6.77915203921342
AERBXNFQCS5OD6LJOIXMRDPTOVHQ,0.06161254967975913,0.22514950934495212,874.1503205225249,0.009090209802611136,187,177,7.946209812569522,0.06174682835571435,-3.2794315378400722,1537.1540908091904,0.005191297510992311,187,177,7.979824205629399,0.06177738910830391,-7.384411040416092,2016.7664369537918,0.003969166924521255,187,177,8.004882636041572,0.06179531692831683,-12.761286155271712,4002.0908029359866,0.002003584785407288,187,177,8.01852824258098,0.061794058330883056,-18.418242573012872,6075.713904880923,0.0013213946959054323,187,177,8.028416127748534
AERDCAMJOVIBWC7P3ZRCGDXSHBXQ,0.06322410780117216,-0.3732446369685837,1009.9469763270799,0.008094972770089,172,152,8.175493272601432,0.06320121502884513,-4.041487445891833,1584.1711308141714,0.005181018338513104,172,152,8.207619680091263,0.06324001139368873,-8.179731138928547,2515.741760910936,0.003271450273745382,172,152,8.23012407240477,0.06316046045988266,-13.577404733855307,4192.133770271852,0.001966420383156179,172,152,8.243497294779933,0.06317471537980068,-19.618565154164983,6673.327598785882,0.0012366129594737407,172,152,8.252323391472402
AERDQD3WFTSIGCSDF6GGFCF5PPVA,0.07634328318190187,-0.5349992175921126,1185.016985461824,0.0072630404085070495,190,211,8.60682625017644,0.07619978038117692,-4.672840834269965,1372.8923508326552,0.006294393683803635,190,211,8.64152494162339,0.07615433539898897,-9.084328253171718,2463.408655303434,0.003517801240865464,190,211,8.665782024385145,0.07616781028550146,-14.39880107618591,4032.0456257674687,0.0021525617738932684,190,211,8.679227284620616,0.0761745410478607,-20.69827225405504,8113.907528151824,0.001070797451955114,190,211,8.688351506544391
AERPI4FAV5T5IFS2QYG3B5Y6IPAA,0.08770862756738801,1.1457520994086179,1357.99263934593,0.007055132988128282,116,122,9.580818667484863,0.0876517097666778,-1.6494764904430719,1970.3904784137858,0.004879437202927735,116,122,9.614396604666805,0.08769178597375554,-5.6216042482486195,3680.909297534751,0.0026179486206727785,116,122,9.636431418302708,0.08772044038507348,-9.884175084975512,5456.329384852253,0.0017689134575441952,116,122,9.65177447765899,0.08772788604459342,-15.237605933409208,9487.394662126522,0.0010185355831198756,116,122,9.663249054477433
AES3YWD3ONJOUDRWFIV2ZO44QDAQ,0.04005788379553571,-0.635259512531007,1022.6914970404131,0.008259792519755713,355,406,8.447219577272175,0.040017117722639606,-4.476922177641307,1712.9419305794943,0.004948479555067447,355,406,8.47645812249039,0.03996106955223988,-8.785319432349436,2153.5861359736455,0.003946736033472686,355,406,8.499636004034393,0.039994541404101636,-14.397717983241433,3359.1336953355694,0.002534603176443846,355,406,8.514070934297088,0.04002319755660522,-20.5687544859777,5383.630975587544,0.001583299375076092,355,406,8.523899559288049
AETGGEJL7732J4VMO6KOTNIO5I3Q,0.12218526904847304,0.11765555172841373,913.5422950650169,0.008392564240789904,143,148,7.666962398011799,0.12194678567953232,-3.053568595951276,1724.3961182231433,0.00446210641797302,143,148,7.69443898625125,0.12191581411368035,-6.709856066114419,3373.6620250466794,0.002287082327929316,143,148,7.715842797890489,0.12185654484347674,-11.328071870279175,5235.329330132775,0.0014761367778558592,143,148,7.728062168396468,0.12187994222139653,-16.940199748859033,7505.770079445942,0.0010308539133502923,143,148,7.737352459104384
AETNNBJAVBJBCISV56OOOWLPJMIA,0.10488294076329385,-0.18851539090773492,1519.603971063949,0.006725225012413087,118,139,10.219678635161523,0.10486258916585395,-3.77810706157341,2200.210310369565,0.00465953925129506,118,139,10.251966302271075,0.10486497321181243,-7.820247234625475,3292.1355027150526,0.003122668554436154,118,139,10.280248011271155,0.10489495604423044,-12.710233455928831,5372.02380113193,0.0019165120751247658,118,139,10.295548482726987,0.1048984517113607,-18.53979676389252,10908.653765979372,0.0009447773693892175,118,139,10.306249208599771
AETTD4RUL7QCIOVIRKNYKIVGKMIA,0.07825470432346449,-0.23099928476199494,920.205520782655,0.007835739798146583,149,139,7.210491021670852,0.07825865165666168,-3.575077712937962,1561.578490967415,0.004636499366704374,149,139,7.240257684429592,0.0782304663981861,-7.759607438140834,2757.007249970246,0.002634797309273143,149,139,7.264155283868152,0.07822400199760349,-12.705566951549137,3534.5513464880783,0.0020587389094376845,149,139,7.276718384420366,0.07822404609861255,-18.378352783219704,8066.283713823615,0.0009032754344528224,149,139,7.286075926023751
AETU6ITSYPQHDV2VJCBWRLKFGYYQ,0.0462479178720705,-0.475500121622685,1027.234146601665,0.00937294988812625,571,559,9.62821417946954,0.04616199634683904,-4.379961545768919,1666.4551159158011,0.005796825482108658,571,559,9.660149480731054,0.04618564324260643,-9.029289092409245,2050.4521747372983,0.004722215542485543,571,559,9.682677128667752,0.04618078197012221,-14.665128204592643,3617.4023017196496,0.002680674755289794,571,559,9.697079029947059,0.046185532550298,-20.96564628330559,5701.94132485961,0.001702472109806896,571,559,9.707396077328868
AEUNG334KUZWXHHAIRMJXCBT5FYA,0.10555540277547693,0.4857130486445121,945.8176751108089,0.008301051014402407,143,157,7.851280771418306,0.10549660388250559,-2.7828992558386183,1547.0685493400952,0.005096302919010113,143,157,7.884329963910669,0.10550208314950638,-6.930115137996787,2069.0720553096476,0.0038229694859141386,143,157,7.909999331606434,0.10553198180945034,-11.427054659192063,5284.564564294336,0.0014994154009879688,143,157,7.9237574952182035,0.10551615357485611,-16.96120279369743,6757.141904199659,0.0011741031396648475,143,157,7.933581524881726
AEUUFC2JXLKMGJJTTOGUQUL5SKPQ,0.03823375305576093,-0.8599047764387322,820.4324942044298,0.009502157759601504,240,258,7.795878991033838,0.03823906334840155,-4.7594979109753766,1715.825563220138,0.004561007791921097,240,258,7.825893763424455,0.03826499100551617,-9.31908750772338,1890.2919852510597,0.004152013911576224,240,258,7.848518619703438,0.03824606212373738,-14.935066314171266,3470.2729465746443,0.0022655308134543802,240,258,7.862010291561982,0.03824256524383962,-21.147028856330817,6659.376006382511,0.0011818572898863917,240,258,7.870432079237697
AEVIVDBW7OKSXHS2P7KPTBSPPU7Q,0.17922978150780894,1.4793466699355247,1261.4527714695423,0.007286803655679253,172,216,9.191958666610986,0.17934580083194912,-1.2363504950624575,1779.4329927647036,0.0051906171105331345,172,216,9.236355339291654,0.1793170970532839,-4.883351357203497,3356.8320303825753,0.002759970682847574,172,216,9.264757991099605,0.17935455323305882,-8.691460308814445,5627.131298847896,0.0016495860106873154,172,216,9.282437070880231,0.17935749183254385,-11.920259234984071,12625.458405116196,0.0007360048079895599,172,216,9.292398089237722
AEW6DQRE6GSOIU5VAPACM56T7ADQ,0.06472607255076479,-0.4085534816846062,967.7557526662663,0.007837173403542955,105,85,7.584469645921756,0.06477142448778167,-3.2201148862229885,2065.156135076486,0.0036890768105153795,105,85,7.618519608004232,0.0648063704136781,-6.859606679018244,2838.818881317449,0.002692474024787075,105,85,7.643446099022333,0.0648058982951697,-11.902217815780798,4167.549761285932,0.0018376328235463356,105,85,7.658426235101723,0.06485208606073578,-16.93813134747621,6645.300931618464,0.001154231824419127,105,85,7.670217818116105
AEW7T5OK55DUZ4EJKRRXZYNKRT4Q,0.08433744067247018,0.4729722368770426,1165.6484827688819,0.007223381370918114,101,113,8.419923535471705,0.08439141049998089,-2.708599063949218,2697.5045525216055,0.0031336783375784895,101,113,8.453111581756312,0.08444293384031121,-6.11530322505319,3497.646730129143,0.0024230813819490988,101,113,8.475082672411071,0.0844379527770669,-10.760063356009884,4410.79747392693,0.0019247487558056776,101,113,8.489676950051685,0.084457339233172,-15.141205056651584,10556.916881691292,0.000805110165537032,101,113,8.499481098179164
AEWH45WQQ2EQKJVI4CXJYZ6EO54Q,0.09713240683927687,1.4422594577312007,1433.993832037766,0.004606339351401953,79,109,6.605462218183243,0.09715948252327494,-1.361209161457725,1940.1667290019661,0.003421731499852335,79,109,6.638729611591497,0.0971349229455526,-4.0029836286506395,4186.254245166216,0.0015900929429752304,79,109,6.6565333327389,0.09715794748186707,-7.956153322157408,5897.456757973654,0.0011308621962768895,79,109,6.669210901770071,0.09717226279017815,-11.497999366204766,11048.659291581718,0.0006043798947883818,79,109,6.677587540198836
AEX2FAB4OAZBA2MWYMQPDZBYWD3Q,0.11365266304617255,-0.6318816471233133,1160.6635799560083,0.006910079904128265,215,198,8.020278079307582,0.11361439261446249,-4.141894182001662,1599.102402266356,0.005034904967312471,215,198,8.05132862841218,0.11356417188927853,-8.459705482290365,2220.4403034560305,0.0036361960870895656,215,198,8.073956343042786,0.11356730288907657,-13.80628126253257,3558.034637492316,0.0022733613349327254,215,198,8.088698373226407,0.11356408110705224,-19.900439771468385,6708.922813595338,0.0012069524108156932,215,198,8.097350563845296
AEX32AJWO2E7MT72BBNSUKH6PYYA,0.0850472654851219,0.6959288763061751,1517.3028185980256,0.006070076874174304,115,143,9.210144750291365,0.08510808995921201,-2.407217049193107,1926.2364280160325,0.004798273389902567,115,143,9.2426089952103,0.08502442321800727,-6.42827313727574,3538.8286732785514,0.0026180474973685223,115,143,9.26482155169288,0.08500860027576371,-11.335105462275754,5772.544428343798,0.0016071021934421148,115,143,9.277068812533377,0.0850275570825614,-16.1197306291415,10438.264721031577,0.0008895989205632915,115,143,9.285869028383578
AEX6F3NHCLMPXTPAS2CVOUQMOEUA,0.060947916287974746,0.2581914339976472,1158.110968886631,0.006596643767837481,146,174,7.639645505370222,0.06089583014359112,-3.1770302658320917,1445.3007780312078,0.005308993650174745,146,174,7.673092653160301,0.0609404003752676,-7.552752762762369,2681.9857856683757,0.0028682587217808086,146,174,7.692629121435473,0.06092921315988742,-12.66682239668461,5010.888216625603,0.0015376566495830368,146,174,7.705025586611642,0.06094298844532253,-18.293123568642056,7518.693064993283,0.0010259133949962762,146,174,7.7135279282422164
AEX6GC25ANZIT36EQGUAJOGXCPLQ,0.05773623344821016,-0.04278972034484655,981.1868848986778,0.008283430132534695,198,211,8.12759300801756,0.05775208436721968,-3.787522216702331,1447.412231065951,0.0056392693310482024,198,211,8.162347404034271,0.057777121237029494,-8.332438778027601,1838.3699278936401,0.004454375889715513,198,211,8.188790683187477,0.05778510128295539,-13.430036707659283,3210.6589594849534,0.0025550226352144645,198,211,8.203306315438176,0.05777966288820291,-19.40646143590705,5941.912368881896,0.0013821756354968815,198,211,8.212766504526115
AEXP2IBYPZQKMOVKNYX53XVBX5BA,0.04437108028870784,-0.4917832647006692,899.991162575081,0.008753834078725741,553,542,7.878373309501743,0.04436242579119487,-4.296830851299137,1301.350030938882,0.006078703378581743,553,542,7.910520829785637,0.0443937825518258,-8.751374423339135,1911.2824701827146,0.004150270608274264,553,542,7.932339460109152,0.044379247850711456,-14.420963248068354,3217.932770125812,0.0024694573515457283,553,542,7.946547735967097,0.04434186495633197,-20.7215715906933,4896.96623490732,0.001624702791278592,553,542,7.9561147106509384
AEXWRXHUHQ3SC2PLX2TETAGTVG3A,0.08452475292751238,-0.40322108639332677,918.4465671840131,0.007705164010365455,126,106,7.076781434909956,0.08455034770162939,-3.7715536259042737,1651.7429918642085,0.004304305033661713,126,106,7.10960567419657,0.08459790213990864,-7.876698192674654,2340.3631314447052,0.003047256089402311,126,106,7.13168580370754,0.08457013023373733,-12.595403616937823,4610.448205615386,0.0015501949582785387,126,106,7.147093563749306,0.08455610923566659,-17.866538641452703,7392.420914281966,0.0009682266862811702,126,106,7.157539205430847
AEY22LM45AHO3BB43OEE4IR2M6DQ,0.062316372735356784,0.010400996280325791,1258.8222935893934,0.007390933733769197,155,143,9.30387215451056,0.062349970448839775,-3.5076805490745926,1855.5175921443065,0.00503119815637511,155,143,9.335476688718018,0.06226065032930539,-7.608919644021301,3121.480546209801,0.00299794409778644,155,143,9.358024179864866,0.06225919853316897,-12.741827976565181,4155.016241110244,0.002255713349207706,155,143,9.372525601247201,0.0622254540531878,-18.395502064933606,6365.761400133148,0.0014739379311682907,155,143,9.382737188423214
AEYLTTG6BD636LJSNQICVOWDJLDA,0.06099893550755811,-0.21104317416572466,1005.5493246870689,0.00804848139856296,258,252,8.09314503508142,0.06094959453186885,-4.011139166246287,1525.6875172302978,0.005325446630498498,258,252,8.124967447827709,0.06088724987324243,-8.50646245681856,2202.64167553977,0.00369855824138694,258,252,8.146598521889954,0.06088045176646942,-14.111115191790189,3679.4991293622616,0.0022175070368362576,258,252,8.159315211393698,0.06088002851194155,-20.191814700680563,6403.396056511554,0.0012755986438308204,258,252,8.168163325597762
AEYVPPWR4CIKWX4BGYKCBCDL2CZQ,0.03940535720440452,-0.5161210793707911,998.4519212978595,0.008380024777122415,318,308,8.367051839241542,0.03944127259065422,-4.4122656204908965,1568.1036207137204,0.005356073318565383,318,308,8.398877963650529,0.039424401090853656,-9.038775758690065,2036.1227998967963,0.004135405619526222,318,308,8.420193668738676,0.03946212508310276,-14.65921380850406,2981.079958203337,0.0028295616194733745,318,308,8.435149434313454,0.0394353002241582,-20.80646712971565,5592.817000449981,0.0015099309729521954,318,308,8.444767615033019
AEZG2W4TRMMNFFAWS2BPQE676K4Q,0.07041730795513135,0.7534343557277366,1008.1794994871734,0.008633530894736834,251,301,8.70414885626283,0.07043565456789214,-2.9393953088737477,1347.0333739901275,0.006486082990374723,251,301,8.736970254504438,0.07043892260695217,-6.986778220701741,2140.3444128214965,0.0040929514056026435,251,301,8.76032567293151,0.07043027975769434,-12.287910069356862,3946.2530538803603,0.0022233793754734854,251,301,8.77401765039685,0.0704610421803138,-18.102695197380488,6282.8550743166725,0.0013979740372005328,251,301,8.783268273388332
AEZGGDKCIVNXHMK7P2MPDSBOEPXA,0.08119809248125659,-0.4396543330574572,1187.8354513000702,0.0065701139038426785,170,162,7.804214214063834,0.08120430042570942,-4.475910856564809,1802.1259297719096,0.004348870460346561,170,162,7.837212221809638,0.08121365136650188,-8.846843914439306,2823.1157775648803,0.0027840413295095448,170,162,7.859671002731101,0.08118332105594889,-14.19604468048979,4703.47225663482,0.001673931895604329,170,162,7.873292230471095,0.08118491050329196,-20.68384007258673,6776.470287528641,0.001163176792266608,170,162,7.882232971937543
AEZP4MEPLS6JWVV24LLVBVZXMSNA,0.05090370878617184,0.8350474383973712,788.4234944473881,0.00855102855981116,166,158,6.74183181824573,0.050837953752904286,-2.495393529751044,1191.4532031465842,0.0056881587224098034,166,158,6.777174929821342,0.05088280096200709,-6.124222121118891,1914.918384453408,0.0035514657787644294,166,158,6.800767111513146,0.05093795933476092,-10.776616024193494,3611.219920955613,0.001887411025379784,166,158,6.815856293882736,0.05093217119274068,-16.168301450593095,6257.046953839162,0.0010907990203107086,166,158,6.825180687285861
AEZUL3R34WWAORYARPTJG2X6KC5Q_1,0.06473434399854189,0.5355040839869768,858.2502991318562,0.00899735650874563,297,308,7.7219839150268905,0.0646706953893686,-3.0346610937846608,1167.2259391385282,0.006646403617985485,297,308,7.75785470489682,0.06469981624512866,-7.282298159711281,1657.447308078616,0.004695949683299261,297,308,7.783289161456991,0.0646856903094356,-12.478371548049234,3348.302262456572,0.002328926844434093,297,308,7.797951022314518,0.06467047077331256,-18.469388920584024,5413.292989284247,0.0014424326399498108,297,308,7.808310497355079
AF2ACCKOTUKHIGCZHGHSZXMJDTKQ,0.08858330871036368,1.4906551212827233,1061.6358876267238,0.008185593863232065,159,129,8.690120206744238,0.08861489901586472,-2.1008753451205213,1798.8474624968462,0.0048519707663448024,159,129,8.727955301148226,0.08881311810775361,-6.026787983248557,2412.20652579358,0.003630361768540461,159,129,8.757182349064822,0.08883303174450408,-11.345696572559888,4426.652280858948,0.0019821112670752993,159,129,8.774117361315094,0.08878755390725068,-16.425774035638064,7497.046822107183,0.001171928047413599,159,129,8.785999443600398
AF2BLE54TEMGZ546U763ZHZRXC4A,0.0536709659347584,0.02251151649000429,1138.499964554009,0.007888772710495201,284,263,8.981367451273421,0.05367963352151339,-3.623844294226185,1825.9199048124135,0.004936390239318364,284,263,9.013453195893115,0.05372657571567274,-7.9889134345906125,2119.2583116746755,0.004264756202015257,284,263,9.038120028386954,0.05372875220601536,-13.584513681565866,3611.1241492682643,0.0025068261555800915,284,263,9.052460468432592,0.05371659184463762,-19.59766030955063,6433.434034411221,0.0014086322697112754,284,263,9.062342785930445
AF2T2NURQISR3BHXLKR647ILUOFQ,0.09403598791303625,-0.20480029929703658,1212.4396551133864,0.006428028141427626,145,142,7.793596222851653,0.09407604992803154,-3.544518739937206,1779.8042264488865,0.004396757319939948,145,142,7.825367260699199,0.09402220571117925,-7.701514582781871,2444.3978399823122,0.0032118606784229614,145,142,7.851065304661211,0.09402679846928091,-12.666720519415257,5234.798079494082,0.0015022525534376938,145,142,7.86398878165072,0.09400371699151044,-18.332282438821213,6496.582125356383,0.0012120090157050221,145,142,7.8739161072000305
AF3OWPUMBCPUFZE3ICY25MOCL2BA,0.0340533119775156,-0.29820557690115806,848.2511241922024,0.008505515229443457,361,340,7.214812855209311,0.03404748921893741,-3.914948504716913,1316.8895205035444,0.00550346564925381,361,340,7.247456239953578,0.03406942782115996,-8.40562770518986,1763.9399007435306,0.004121546718350674,361,340,7.270160709277313,0.034077768430413324,-13.970747691842748,2795.1157983664807,0.002605887698952639,361,340,7.283757876111397,0.03408730193327547,-19.736183163425213,5519.1707572707965,0.0013214200405428302,361,340,7.293142845835579
AF3YEJ63COKWZNJHQ2JQP5B6AQ3A,0.02786764992135546,-0.3382869057382931,871.8118310571791,0.009290211430912288,436,499,8.099316238491978,0.027901785111144578,-4.137020720249364,1415.8350688592252,0.005743759638863165,436,499,8.132216323800668,0.027940383749215897,-8.712464827659298,2115.0924888081063,0.0038556690135620607,436,499,8.155096569915274,0.027932515719515744,-14.243744441500825,3124.4936353212465,0.002614581362244988,436,499,8.16924282536402,0.027936325742728058,-20.54750366576124,5577.8702907520465,0.001466205364830154,436,499,8.178303344627382
AF4D4XTHGULOTY56CV3C2T5WPSEA,0.11169423992105942,0.2502372994603375,848.1220323223768,0.009023802347730408,188,165,7.653285586432548,0.11153330227273278,-3.348611958160529,1295.7506835321499,0.005933427009579753,188,165,7.688242103351085,0.11153410306651501,-7.646306388798348,2165.1499410425786,0.0035612916869784974,188,165,7.710730486096918,0.11153719755621827,-12.855539934525686,4129.36367344364,0.001870882818869069,188,165,7.725555549507773,0.11152592210985846,-18.6624490955213,5053.051337366809,0.001530876131423795,188,165,7.735595683233935
AF4DEGIQ6C7TB4CHIWRXZACZOH5Q,0.07280164002786593,-1.0711503109206788,887.9390708419179,0.008559494863919588,258,266,7.600309916344927,0.07284138454229494,-4.951820078875494,1583.2880372196416,0.004817080463051998,258,266,7.626825871474681,0.07288826455946135,-9.388826391266134,2064.145855327742,0.0037054605407200623,258,266,7.64861101720781,0.07290301320830772,-14.878181803652163,3618.3012459000324,0.0021174317851373747,258,266,7.661506066270893,0.07293692956044368,-21.026842858518936,6072.767394581929,0.0012632175993419436,258,266,7.6712266495458135
AF4IFF3OA55YOWXILYETWH57F7UQ,0.06652606338951694,0.5159448308998078,1060.7935055475023,0.008591795854652523,263,268,9.114121243605348,0.06648153742076968,-3.0630289405783397,1676.8656380678524,0.005454770992294209,263,268,9.14691804050744,0.06639920365025942,-7.276422217185004,2428.974537072417,0.003774881813478545,263,268,9.169091805397136,0.06642184159152742,-12.643765787217228,4537.987990917277,0.00202352552649614,263,268,9.182734538554044,0.06640072173976397,-18.429300655791433,6651.962970434013,0.0013818814897243472,263,268,9.192224499174548
AF4JG6AGQZ26FUBADCRC6CZ4Z26A,0.11151960502577918,0.11780722066735733,720.1332992725571,0.00941562060492281,91,86,6.780501930921733,0.11168968444472038,-2.6348172115691915,1876.3448855112808,0.003630930039722313,91,86,6.812877009682234,0.1118118215891255,-5.839636350654655,3226.8937265370528,0.002118903181437621,91,86,6.837475383320462,0.1118357144246579,-10.533355589286716,5008.245491138154,0.0013678737119206899,91,86,6.850647350173205,0.11183492264801576,-15.351171412059688,8504.28660948951,0.0008066144011711372,91,86,6.859680050901103
AF4MF2TEL724JVL42HY3LH2EZEOA,0.05278445553617794,-0.3122418572306957,625.8285350883797,0.009852733334452643,161,170,6.1661216693169445,0.05288350002424125,-4.352445697189281,1259.266341103584,0.004923441697573197,161,170,6.199924412139818,0.05293769557406425,-8.916885102158297,1776.1061330493044,0.0035030251669527115,161,170,6.221744483250775,0.05295029951810282,-14.250076473946757,3089.7913912471126,0.002018294954431035,161,170,6.236110375198495,0.05293847926613665,-19.828785973470925,4978.221193619414,0.001254491446955239,161,170,6.245135908446857
AF4PPTRCKDJDOQSJW42JPRBVXZVA,0.08811875041505401,0.6731421160232132,1145.5935527506613,0.00645905570228485,189,159,7.399452569394919,0.0880303565772328,-2.7580186865955607,1319.3068988127625,0.0056328190075648765,189,159,7.431416976444,0.08801766734930772,-6.871647328663719,2366.0178272111416,0.0031495693851814584,189,159,7.451937313377765,0.08798253177327431,-11.838058211366917,3712.5320637790323,0.002011136939309743,189,159,7.4664103718378465,0.08799776535236148,-17.965349466037004,6132.356955340897,0.0012192642045185595,189,159,7.476963324977574
AF4QNP7565O67RE7CFPRZBS5D6LA,0.04884696769939845,-0.8847746655394116,954.3028749450463,0.00836292380421195,364,347,7.980762229305827,0.04883581312254759,-5.08154883437971,1403.0416636898544,0.005708576235220394,364,347,8.009370298363988,0.048883417943940466,-9.50921114040767,2239.1027784628195,0.003586715396459478,364,347,8.03102440976779,0.0488769555738896,-15.091268999625072,4016.9063529461605,0.002002381904378748,364,347,8.043380592723423,0.048845441608274975,-21.62175649856462,6171.722119808857,0.001304535717664628,364,347,8.051231944791507
AF4UB2PGVLHK45WF7I6OED36OQDA,0.102074024426547,-0.307335557360154,1139.4492627437862,0.008664024839591129,244,254,9.872216715865962,0.10203756451062362,-4.058482296739263,1654.1893425366736,0.005987900572263519,244,254,9.905121310807562,0.10203508275571271,-8.461708600030564,2359.4732224336176,0.004208363002122047,244,254,9.92951981378732,0.10206742518252354,-14.0288261375618,4724.747062348481,0.002104536010969254,244,254,9.943400335433573,0.10206935617448776,-20.388713212340036,6806.832670908702,0.0014622412397985575,244,254,9.953231443810868
AF4WQGVF7WVIVMLLTIX4A6EMMBRQ,0.11770687900667642,1.4799084642436562,970.0052785250533,0.008854878496191746,115,138,8.58927888200398,0.11758515819931503,-1.7804039553183304,2100.5485643945426,0.004106253259166064,115,138,8.625384388581688,0.11742544782711795,-5.070384983159205,2654.206516579481,0.003260199561074528,115,138,8.653242920353577,0.11734865135823613,-9.414607008962857,4215.220229480377,0.0020562710261530894,115,138,8.667635226734877,0.1173627735424626,-14.073370243783392,7742.5052201945855,0.00112104614747237,115,138,8.679705648883854
AF5TD2FIKGIYPODNQVRGRDQANF7Q,0.05213829115821372,0.035858672818304356,941.9378633415124,0.008807682900631436,194,194,8.29629001241035,0.052109459059796526,-3.507148664288146,1486.4146969195676,0.005604709006540433,194,194,8.330921839279169,0.05212714835182003,-7.793637776461214,1991.106090931787,0.004196094534274749,194,194,8.354869385320033,0.052098634746629735,-13.034071486527896,3712.4702225111964,0.002254966067798899,194,194,8.371494379476577,0.0520851589325696,-18.94132612245992,6767.276629613328,0.0012386215503782181,194,194,8.382094670809943
AF6BAP7PONMFFA5LTZZY7SN6ANDA,0.05917866146808104,-0.40841038202193275,1024.2192893525823,0.008471972605304304,448,455,8.67715776121932,0.05927481812356128,-4.5334537488522955,1678.2352036276704,0.005188798581906528,448,455,8.708024444688869,0.05928246872526444,-9.30817055701615,2512.240577307136,0.0034759850732808306,448,455,8.732510747210021,0.059283376309905655,-15.168932960124577,4428.769442621167,0.001974737822005724,448,455,8.74565852328723,0.05930725077647325,-22.01076630538775,7289.6016337548845,0.001200935548023236,448,455,8.754341732904498
AF6EOOWDGXOGQSENWNYO4AQ77CUQ,0.07806467551644206,-0.2928924438741387,741.3510904219196,0.010383166952127562,251,195,7.697572141992607,0.07803119509202308,-4.170574889436514,1352.3272603342482,0.00571694198593807,251,195,7.731176493333466,0.07796731261046044,-8.481570532817527,2026.5570162999625,0.0038256608855238173,251,195,7.752919909542619,0.07799640358486223,-13.485568185202164,3379.463309125829,0.0022986258378236814,251,195,7.768121680333749,0.07799692061595928,-19.32811699292496,4867.115125487462,0.0015982274714266952,251,195,7.7787571001504485
AF6PYKOUHORFC3TLKFYFD33N4BFA,0.10538481678517886,-0.10973993934921775,701.9928248198931,0.008436474369417664,164,198,5.922344474108133,0.10538134911010011,-3.6599296851750838,1189.0506206071548,0.005005567749724364,164,198,5.951873439300915,0.10542381817159119,-8.167690635698175,1753.1575964566255,0.0034081894130376196,164,198,5.97509315962995,0.10542188987257906,-13.305218098115255,3274.2207560551587,0.0018283401712241563,164,198,5.986389337751575,0.1054182328101706,-18.952869084439353,6469.052600258546,0.0009267615362299722,164,198,5.9952691257681066
AF6QHJSY6N5MMHTC5L26QOTX6K3Q,0.06202645810451535,-0.14091170040256223,981.2214692868398,0.008305425526900443,366,333,8.149461838557679,0.06200614240432778,-3.850445243103029,1519.1104078654957,0.005385117777661255,366,333,8.180588463626721,0.06200877236431768,-8.355714456818907,2023.9573423760537,0.004053120219391863,366,333,8.203342427571002,0.0620250206507289,-13.827430848925168,3081.09355634682,0.002667178004765244,366,333,8.217824964112161,0.06203901143140733,-20.066015796272907,5613.226328350326,0.0014657975791243186,366,333,8.227853563172795
AF6SH3CW7RGUQCQF3P3EHSTIBQKQ,0.09881543118990044,0.3960737285141369,901.5322840964927,0.010225317963285916,200,166,9.218454259054049,0.09885833985833259,-3.059553939613057,1588.7077392678016,0.005824166704437679,200,166,9.252898718125987,0.09886819182474971,-6.962794889490853,2573.737886191936,0.003604549188134126,200,166,9.277164808143185,0.098907836542516,-11.65485032257263,4735.032993046615,0.0019624879339451362,200,166,9.292445115686107,0.09891419908567156,-17.107840741061338,6336.798437777641,0.0014681518319999132,200,166,9.303382235437432
AF6SM2ESLD534XWS7P6PFSL257CA,0.06711252775233312,-0.7364807408290484,977.6954044785598,0.007803999966341334,314,306,7.6299349036427575,0.06721318007373489,-4.270787596619019,1549.4062695096172,0.0049448866337071015,314,306,7.6616383522800895,0.06726804788433083,-8.717688698530173,2190.5564747651983,0.0035078472935371756,314,306,7.684137601345437,0.06728279411967641,-14.39622856586123,3750.136440337021,0.0020524665057049148,314,306,7.697029435615193,0.06727576928387236,-20.485157732075237,6114.546989333893,0.0012603423726927187,314,306,7.706422660478199
AF6VZKYEJNO5IW6KCGKGZBMDKORA,0.05073502989411005,-0.19759667078751453,818.898317382762,0.00843705881945637,248,205,6.909093270912214,0.050713168592074975,-3.8807535087162393,1291.9267367105522,0.005371681576515811,248,205,6.939819049796267,0.05068556988812478,-8.195095908060956,2244.1676455037805,0.0031011873235209813,248,205,6.959584254092252,0.050769931911628374,-13.410358818712576,3666.6386874914583,0.00190145116379252,248,205,6.971934399537312,0.050791609111031755,-19.67716648776644,5747.414413793621,0.0012145183046244237,248,205,6.980340009814604
AF7P3N4WIHMAVATNPD5MCDI5Y2KQ,0.09071632421246512,0.32459633995129133,1020.1431695374465,0.008266404315538585,306,362,8.432915899131558,0.09075691350016374,-3.0182839866859026,1688.470629770943,0.005014305234212252,306,362,8.466507116674098,0.09073555434395508,-7.25925764013019,2103.9852838651314,0.004037080432775413,306,362,8.493957820339345,0.09070187657239326,-12.573881930623731,3650.8603761325653,0.002330692661789196,306,362,8.509033487869115,0.09068893755486213,-18.487969965891025,8030.597555670626,0.0010606840521238147,306,362,8.517926756324322
AFABYMP565JRM7UTWNGXF6E6GL2A,0.087198205236318,0.4897221767121556,1383.8658088033046,0.00542122112804076,87,70,7.502242561057689,0.08707890662332723,-2.741010266385702,2472.7989057733794,0.003046751264646334,87,70,7.534003193381114,0.087025224203723,-6.218621145219877,3392.393598056975,0.0022273499944259366,87,70,7.556047861722786,0.08704273938677548,-10.478188277141841,5695.823255742709,0.0013288078578169477,87,70,7.568654698967422,0.08705179695546589,-15.324297549925816,11694.016873944034,0.0006479533035178126,87,70,7.5771768648650815
AFACZSTCNX6VMUJQGUK3YVE6CK5Q,0.07203264906475404,0.32733022164437897,1141.8204300337586,0.007866886189506553,183,173,8.982571371929009,0.07209769589058679,-3.3176925617979935,1738.611976662491,0.005184833559316923,183,173,9.014413723230016,0.07211319825618889,-7.578673179539508,2809.5658546542577,0.003217094474698417,183,173,9.038638787309548,0.07212731676101902,-12.911758173519615,3817.219404376694,0.0023720638166001362,183,173,9.05468802914588,0.07211694053503614,-18.870228373810416,8660.478961152368,0.0010466232999352888,183,173,9.064259069341434
AFAGLQ3MJPGL5736PU4ECCH6JIDA,0.0648694342814905,-1.281467094878516,758.7323801128654,0.009614802388910309,530,577,7.295061900852782,0.06487091228904118,-5.410471234996409,1228.975132240684,0.005960191389621603,530,577,7.324927001239996,0.06482862808333623,-10.105141401537454,2078.987569732729,0.0035333548804061957,530,577,7.345800875818953,0.06480686685568882,-15.911229360168102,3282.0562108583067,0.002241616705530809,530,577,7.357112030751127,0.06479670689422701,-22.303603277727895,5256.9002520943795,0.0014010772488880733,530,577,7.365323342883412
AFAJBILA4IKTWI22BUPLOQY2H6EQ,0.17769755635576434,3.854372137117783,3358.230250016044,0.007582862169297487,72,92,25.4649971186371,0.1776709853997288,1.230076575027331,6747.024289766623,0.003781118461685119,72,92,25.511298103474505,0.17755236643584216,-1.54361876008718,9389.644220993685,0.002720105621826982,72,92,25.540824032480153,0.17762546172056892,-5.030808489646168,18999.02278432056,0.0013452039188753821,72,92,25.557559904270693,0.1776299548874869,-9.53367111965576,33324.18414506702,0.0007672700522112404,72,92,25.56864850888256
AFAWMUZHDWA2BUULOOOVMF3RR6QQ,0.057155466074477634,-0.6364617638930496,834.7054524814429,0.007358618764014557,139,128,6.142279205055207,0.05716223251612329,-4.226737932387756,1308.0196938829158,0.004719860071606805,139,128,6.17366992603333,0.05704903190688704,-8.285729769193146,2492.1674031853818,0.0024865114157129626,139,128,6.196802697888182,0.057066833468350064,-12.676256319626113,3922.2570219030335,0.0015830682211772544,139,128,6.209200446664031,0.057155056528124026,-18.006173865132983,6035.178742688386,0.001030360042830119,139,128,6.218407027803829
AFB5EMZ7KD3GDB2FX4JDT3KRS5GQ,0.07255981440107406,1.1495765882064923,1058.065150035291,0.006411644506514494,82,83,6.783937606758208,0.072616205453927,-1.8047051385030026,1666.70807517172,0.0040891784069744825,82,83,6.8154666717222,0.0725645334756595,-4.791684083072025,3088.4705810479395,0.0022129407715719305,82,83,6.834602470601436,0.07253343026878001,-8.744806336250946,6650.92715648479,0.0010294070772716199,82,83,6.846511485303454,0.07252068093524566,-10.9674800014455,10854.092844414487,0.0006316821498977858,82,83,6.856336703149916
AFBR5VDMITJI24U5KZRYEPET3TJQ,0.09373549777944556,-0.9552514774671887,845.676689340862,0.008261890392467218,219,211,6.986888114798751,0.09365534246818147,-4.82728080388511,1158.7264552167771,0.0060596817081502085,219,211,7.021513505426836,0.09366522119463677,-9.30024410978947,2043.404844172092,0.0034461678926561816,219,211,7.041916165683971,0.09364164711291878,-14.964264580778371,3313.992179384305,0.0021289313554274437,219,211,7.055261862332577,0.09364953231213091,-20.93083984745428,5488.792353307984,0.0012871989988129959,219,211,7.065168021870464
AFC2ORBDTHTTGKUIJ5GBTDI6ULQQ,0.13409463767593233,0.911361854829767,1395.1840608835264,0.005168484276815466,87,97,7.210986881940058,0.13415877319271774,-1.413995631540382,2258.6026938897553,0.0032072230222241014,87,97,7.243842557900598,0.1342542911544018,-3.8570434533998754,3697.954613869376,0.0019644306441734634,87,97,7.264375364247649,0.13431454927091036,-6.650074495483095,6238.916693901772,0.0011664694438060204,87,97,7.2775056858876965,0.13432026425443966,-10.080125462539261,8639.902237599474,0.0008433924634463444,87,97,7.2868284321046035
AFCAOJBDIAIIQUFMWEPZ4NCEL2PQ,0.0576562306113092,-1.5187185407238735,818.9407986906807,0.009354358589800122,405,377,7.6606658947699415,0.057709334423875824,-5.60821761499337,1304.8329450073086,0.005895170959000903,405,377,7.6922132837547075,0.05777739187319231,-10.357036281045158,2181.7172600275067,0.003535551896268844,405,377,7.713574595812717,0.05777095819227129,-16.24873963015852,3146.4804862506157,0.002455782306987937,405,377,7.727071107417062,0.05777245530238051,-22.686654517904635,5363.84679274016,0.0014423390491754343,405,377,7.736485682963544
AFCLMP3NJA4M2KK7VX4QOA5Q3RDA,0.10341597362308919,0.33951463207910076,871.3151224499001,0.009517714940061485,171,159,8.292928958442916,0.10339454956800032,-3.5876689643452577,1668.2679983348526,0.004991908932665617,171,159,8.32784192296794,0.10335664958763979,-8.094898505478932,1998.3452396340183,0.004180760907786564,171,159,8.354603658123278,0.10333332919211113,-13.11629234244167,4515.604076593891,0.0018537308717938598,171,159,8.3707146815803,0.10333756056121679,-19.10384927944896,7937.747891834927,0.001055796045825082,171,159,8.380642836955696
AFCMHYJTBQ6PGQWDCDWX2KP4GJ5Q,0.06246167769882316,-0.021779468368597614,943.7120402937558,0.0083521339370932,121,139,7.882009358580942,0.06256718257824034,-3.3208009965199934,1773.2733901582958,0.004461513612919513,121,139,7.911483369619172,0.06258680282621698,-6.68368998248892,2778.2143227971233,0.002856418504616802,121,139,7.935742801429139,0.06261192939497262,-10.836426283457438,4333.734847874608,0.0018343368214092906,121,139,7.949529405680984,0.0626184584220586,-15.288072359903063,10369.076916432821,0.0007675863262420169,121,139,7.959161656805571
AFCMONQZTRUTDG6AETEXBRVA47IQ,0.12961071720264006,0.029996815991058957,1032.450732876959,0.007478450010214815,217,186,7.7211311938299865,0.1296058334572231,-3.517548662888787,1446.3400002392448,0.005365977049256604,217,186,7.761027246705579,0.1295768840921967,-7.589417065544435,1953.4133925017884,0.003986536528770319,217,186,7.787353844997532,0.12957795719919785,-12.971515238090463,3235.641034393698,0.0024113520667048698,217,186,7.8022696954003266,0.1295882434782315,-18.74348589554273,5261.92930845037,0.00148478085593156,217,186,7.812811902452301
AFD3QKEFR4QC5A77SE52O634AH6Q,0.14685848747710284,0.3645824098523455,1104.4752831539115,0.00613608692227475,102,99,6.777156340936418,0.14687913364092714,-3.978655584033245,1529.5996027288027,0.004449674471900603,102,99,6.8062203044916565,0.14693148657547656,-8.52252347477711,3169.557159993927,0.002153570749724794,102,99,6.82586558934371,0.146989787634015,-12.643955620932672,5558.5051673398975,0.0012302392600106727,102,99,6.838291283833736,0.1469741155153393,-18.135070351740836,10276.24870403443,0.0006663932250901533,102,99,6.848022515710011
AFDNVPMB44ZS5O2CSJTL47BI2QTQ,0.06808253346041054,-0.5148845152032361,874.2131139717151,0.008489852291987432,277,307,7.421940209338235,0.06796123102852153,-4.300947477026418,1310.2016388387365,0.005689553109147756,277,307,7.454461807865418,0.06792091258918542,-8.720456429321462,1861.452179132707,0.004016746513874818,277,307,7.476981551275985,0.06791992741009661,-14.12852969958122,3195.356493914626,0.0023444435495487163,277,307,7.491332920666746,0.06796451013177945,-19.99753593054166,6582.340819774446,0.0011395588361493947,277,307,7.5009646437208195
AFDR6DYNOICACU76IFDVH5KPNJQA,0.08078281871281356,1.3956738569712703,1322.5939703203146,0.007727997115883909,169,154,10.221002388120839,0.08083506216877623,-1.4605162571492318,1948.9820291843837,0.0052660596617373715,169,154,10.263455645338931,0.08089258104810859,-4.8553673501374295,2675.36432982436,0.0038466913150097255,169,154,10.291300732022181,0.0809148460558996,-9.54140102041583,4228.277031795339,0.0024377506778994217,169,154,10.307485200605642,0.08091235341452707,-14.525435655197814,7322.3372719283425,0.0014092783272630037,169,154,10.319211222238721
AFE54MELB5IGFUYBSOBGJOSOMEPA,0.044796840088801804,-1.1319061929122067,816.6394600764917,0.008406442816717877,433,413,6.865032923008389,0.044773604880288864,-5.210561195416397,1185.4290149580654,0.00581536872668236,433,413,6.893706821289009,0.04480310303730678,-9.956234699576482,2103.242867258469,0.003287241813109729,433,413,6.913867896376834,0.04481535922245472,-15.731030384494298,2884.6026940186443,0.002401191603210303,433,413,6.926483767475387,0.0448713136444428,-22.269592756793504,5083.517070557708,0.0013642499462050168,433,413,6.9351878900406385
AFEFFFWPK6A4NTSVTBW7Q7KSOFQA,0.09122584489059005,0.06574378277907152,974.9508562124347,0.007264454674209399,201,210,7.082486304536877,0.09111994737162621,-3.5537742226936997,1265.912072112088,0.005618835033442277,201,210,7.112951100040906,0.09119560542315974,-7.827966446313866,1881.0462905810768,0.0037943843481561823,201,210,7.137412603138084,0.09117110587415933,-13.174730576829964,4335.213644728028,0.0016492035547874212,201,210,7.149649753648396,0.09116007515548952,-19.277334049333426,5810.497718499671,0.001231977530818333,201,210,7.158402632062782
AFEFYWKLBMMNZLML4322HXASDY5Q,0.08659613081167933,-0.0004952167958758006,1085.7238088371296,0.00787468288818456,157,150,8.549730698744309,0.08656702056978904,-3.3424712626370328,1701.555692690063,0.005042871662734035,157,150,8.580726985230502,0.08666134492068678,-7.580592336331009,2340.804108379716,0.0036766375113058314,157,150,8.606288191487666,0.08675320408109327,-12.680543949184687,3960.3186911428647,0.0021768154552176257,157,150,8.620882934467026,0.0867499695561188,-18.64101713938701,7334.041319210725,0.0011768493745734111,157,150,8.631061939608697
AFEIXWQVYO322QGI3W2CAAJUQSXA,0.11459377420858152,-0.48353976111105307,1095.6575472526781,0.007289869989995613,211,245,7.9872010730294996,0.11441877030838477,-4.456696696324302,1618.9426022773062,0.004951671942218371,211,245,8.016472659758533,0.11449484312332436,-9.064235555749152,2510.4620441421202,0.003202230062880818,211,245,8.039077029473129,0.11452980996898787,-14.49689716675552,3384.092902711216,0.0023797564473909487,211,245,8.053316903796967,0.11453817373456843,-20.550021984570783,5491.548719325055,0.001468194093233211,211,245,8.06265939241545
AFEP23NFXJI3T44Q4XC55NT6COAQ,0.08211768677884376,-0.3398933963539216,1111.4867843783109,0.007615762428733088,382,383,8.464819292501694,0.08216290670377621,-4.157704514297295,1502.2095819750357,0.005654486454900404,382,383,8.494223733699437,0.08218558499568815,-8.75388215306441,2150.9727312434143,0.003959030446719566,382,383,8.51576653305622,0.08215951918141548,-14.164239335297294,3560.1869348200185,0.0023955747304174107,382,383,8.528693856617053,0.08216373516653055,-20.454587762759562,6192.496031063507,0.001378722889462389,382,383,8.537736020932254
AFFAHDCNLJ7E3HVOXDMB4HUMM7HA,0.08348346958780228,-0.40538581776176924,765.8141079987937,0.0092437256708744,164,168,7.07897552922623,0.08345958914012341,-4.159137283179523,1196.525247486078,0.005944895097768324,164,168,7.113217078136016,0.08343546643405764,-8.276773913705174,2010.786378555868,0.0035493635328829507,164,168,7.13701184446397,0.08354229254982126,-13.206374113790755,3125.90053441356,0.0022881138623066385,164,168,7.152416344983395,0.08353344107405947,-19.10788735757344,4982.262789317703,0.0014376476925556216,164,168,7.16273860276833
AFFCTK6Y27DONGPEBDIGH6YXH2TQ,0.025205946827994395,-0.8322799634467022,937.8465083358951,0.0078098454181012,475,468,7.3244362560092995,0.02520441683228846,-4.856728920454502,1389.6351167959272,0.005291606940041551,475,468,7.353402828162778,0.02521065041518808,-9.493101196692582,1661.3624632957112,0.004439191766755719,475,468,7.375106568659322,0.025210776831646346,-15.184368292759258,3128.177659468425,0.002361684548010455,475,468,7.38776884179809,0.025212765023042656,-21.63768201373799,5354.851729322286,0.0013812905634601226,475,468,7.3966061624409924
AFFQUYFZ7LGZ22ADJP2Y5WR7UURA,0.04019015770508594,-0.2765048661390019,811.2403829106206,0.007977616152260426,173,152,6.4717643820737,0.040219761682144195,-4.049393987787521,1400.5904604268846,0.0046432435864926765,173,152,6.503282672679957,0.040252893787893484,-8.463199194744194,2192.9634322395277,0.002976918875017962,173,152,6.528274233658024,0.04021459801276428,-13.702991389401125,3572.710216678397,0.0018308335556407858,173,152,6.541037749275472,0.040215750811455786,-19.826481182735655,5308.937733258277,0.001233719631031232,173,152,6.549740701443186
AFGK5TZEPMOTH2NGW6WMAOX7Q4EA,0.06053131710296311,0.12928226553092229,1003.9901009354775,0.007665098828569026,258,274,7.695683346575427,0.06053762067882795,-3.1820503636409825,1525.3942067635955,0.005067598775361337,258,274,7.730085814138475,0.06054444820806082,-7.302887464549749,2209.305068150237,0.0035093082964839585,258,274,7.7531326051236835,0.060555104387341796,-12.541996205497767,3458.863976354202,0.002245575733574021,258,274,7.767141011034343,0.060548502746570865,-18.420167646512013,6626.2250159597215,0.0011736190208923262,258,274,7.776663715442886
AFGM3WALHHNWCL3WI75IQQTENANA,0.0766940962739654,0.8123055129624703,1456.039036575016,0.0065849373641007295,255,237,9.587925855532053,0.07673340451415556,-2.610711670487362,1803.8696921309427,0.005334684012691734,255,237,9.6230748075901,0.07672395866617376,-6.951821600874373,2539.7735952075595,0.0037987297421920893,255,237,9.647913494549089,0.07676303441892496,-11.883403753338246,4839.005747973581,0.001996809670294076,255,237,9.662573472162263,0.07673458878646389,-17.726637799499102,7679.379335900878,0.0012595756071557913,255,237,9.672758889596986
AFH6GLY2ND6DKFGNZD5NF2DUWP2A,0.11547054251782363,-1.254097745048377,974.9269052314028,0.007299551920209869,149,142,7.116529563146151,0.11539983786751706,-4.967253503242706,1408.1015592096062,0.0050749085148537,149,142,7.145986592611602,0.11540546915615857,-9.404507691831341,1912.3137854951192,0.003748922865111118,149,142,7.16911687570985,0.11534240053256373,-14.803010047121461,3529.1903627806514,0.0020353392808229436,149,142,7.183099774869235,0.11534197362964116,-20.89756597696481,7687.232343588354,0.0009355349941881751,149,142,7.1916748658820815
AFH6N5LK3FTDXNGDCZTIFLRWRNSA,0.08463592855781965,-0.3997684665810801,865.2442682667148,0.007417646702332989,243,269,6.418076293221117,0.08471649189178843,-3.9723557204229007,1211.682840028875,0.005323097733775652,243,269,6.449906179812551,0.08472707202873053,-8.340186106676043,1740.7029236440064,0.003718325410562733,243,269,6.47249991322635,0.08474915096520874,-13.732799077922932,3038.58992498791,0.002134797707400999,243,269,6.486774805595963,0.08472770947038633,-19.791778197454587,4716.377350311402,0.001377328923150192,243,269,6.496002937074358
AFHIQ5JHFHHIGV35KUMBBGG3DR6A,0.08999849023582318,-1.203092477065792,1004.7957914584741,0.006971672317807913,136,130,7.005107004360936,0.08994879871226447,-4.801027778058225,1803.2432022535202,0.00389960539907217,136,130,7.031936927348016,0.08996420505417602,-9.301762027409982,2779.5756821753293,0.0025364203734003455,136,130,7.050172389677669,0.0900028244719564,-14.258367648036193,4638.6530398190835,0.0015224327420829283,136,130,7.0620372669830775,0.09000874143325599,-20.23283742346145,8338.600897502221,0.0008479103256269762,136,130,7.0703858022745045
AFHPTQMY64EIQHJ62AEQSGCEBVGQ,0.0529698592043788,0.14015606760290913,919.8187840060264,0.009772739901275055,337,364,8.989149732397996,0.052893014471665056,-3.58082349548178,1423.7926620586297,0.006337841809882285,337,364,9.023772662198782,0.05295027936246188,-7.88903447276683,1963.9330535449994,0.0046079700014527505,337,364,9.049744595596856,0.05301829561497062,-13.094386557124492,3813.0211085751052,0.0023773452876683287,337,364,9.064867764250893,0.05302910593594956,-19.262817418754178,5452.155516262598,0.0016647116620873833,337,364,9.076266871436406
AFIRDXKIWQG5TK6XGGUKG44Q3QNA,0.13848056028033107,0.6484208452189609,1111.800678409448,0.007232929475959672,123,109,8.041575898259657,0.13856200810064412,-3.1832028832388826,1351.0257805134124,0.0059801257619521405,123,109,8.079304075109755,0.13851221097978272,-7.552946133088708,2013.5434956986087,0.004024784002980633,123,109,8.104077650793464,0.13853853270072636,-12.777814174006354,4117.331785281744,0.0019717793277315484,123,109,8.118469699630571,0.13852586944981515,-17.969871908726603,8717.312783606005,0.0009323337809434644,123,109,8.127445187206183
AFJ6BZFH6T6LBXYN5NKMBPTHRGDA,0.05350919532847276,-0.05021273916305013,800.2862006576119,0.009451530122652596,155,186,7.563929132258618,0.0534010024118553,-3.539214775802913,1617.3559736196773,0.004694432469614541,155,186,7.592568397485252,0.053491977508381305,-7.402242830983948,2955.7891443696935,0.002576439579403917,155,186,7.615412139926517,0.053532403085523594,-12.179161750313387,3691.2033011524986,0.002067088050737184,155,186,7.630042236653977,0.05350652604969702,-16.997011346015395,5795.424450092333,0.0013183053372789236,155,186,7.640138984353493
AFJ6SABJN4EEXL6FRBTZOKPHEUVA,0.11932283960813328,0.1818002132944698,927.2243353522176,0.008807878373584765,179,191,8.166879170810306,0.11946177791730872,-3.5387532526809555,1742.6730178575463,0.0047060250391820786,179,191,8.20106285714461,0.1194045295224685,-7.583830004111744,2366.4866275372956,0.0034761403721653805,179,191,8.22623970617189,0.1194348045167608,-12.624359593867636,3590.9155432771704,0.0022955379426386744,179,191,8.243082878403714,0.1193714009873057,-18.48630721285782,6499.047331583771,0.0012698019196287504,179,191,8.25250277740318
AFJAB5S4BMMXACJU7CEK356C2AYQ,0.08856082235003737,-0.7138514089988934,1080.33197001491,0.008822432147924858,599,618,9.531155502690535,0.08851165065033828,-4.70272557474458,1501.6830382977887,0.006368892383659489,599,618,9.564057665285427,0.08844993849134064,-9.25606781745202,2232.9876623115815,0.004293421440505053,599,618,9.587157105751801,0.08846073227355278,-14.799315016444753,3789.777831221572,0.0025332919216687995,599,618,9.600613564753111,0.08846126902530616,-21.180082867993345,6811.526051239006,0.0014107862437604279,599,618,9.609607252103777
AFJBKPK5W56XWSNPQU2WW66ISWYQ,0.1457521964796386,-0.9556316308437375,840.9815877500815,0.009090149417642251,184,184,7.64464829013426,0.14569489676411101,-4.74783556583599,1383.1170841580015,0.005553199178086354,184,184,7.680724654943408,0.14565294058087458,-9.16968490855486,2343.0227931785585,0.003288740700069073,184,184,7.705594421115848,0.1456771013480424,-14.458683120066919,4210.045220431829,0.0018337757932434878,184,184,7.720279013688332,0.14567837805180317,-20.421128866507424,5849.222653121673,0.0013217104839215418,184,184,7.73097890342229
AFJQ4OBA4ZV7PHBJQNERUVN7UZOA,0.08251578308442092,0.9944463349403595,1120.19893158665,0.007844504693748358,117,118,8.787405776763372,0.08251644128277141,-1.9192394169433082,1984.2247968879385,0.004444694399270624,117,118,8.819272841621713,0.08244619816978677,-5.339054437591093,3261.7930369480264,0.0027111436020393065,117,118,8.843189323298,0.08244462710504569,-9.488903300996048,5165.029146929133,0.0017149449593258077,117,118,8.857740700296993,0.08243942471159288,-14.873727792312108,7976.683446617114,0.001111852966383141,117,118,8.868899152020536
AFJWF2QUDYVVTT5Q6UTEBR5SNENQ,0.06366323980941241,1.351216721622069,1035.9745405349338,0.006535012621191791,125,143,6.77010669762916,0.06361196695299803,-1.5548647635594433,1792.828885666326,0.003792269089133668,125,143,6.798889565218367,0.06358259098658375,-5.369901955353462,2513.5924425781527,0.002713885589026173,125,143,6.821602306597947,0.0635660307368609,-9.9010895768481,4879.051848342498,0.0014009976503029588,125,143,6.835540175234147,0.06357589553240933,-14.8031350652697,5727.345241397624,0.001195167773726873,125,143,6.845138461526398
AFJYUDW2LLMAVP2L5F7FQPYGWP6Q,0.060588273343539445,-0.10975137160511535,777.4488735183522,0.008964489598053727,290,275,6.9694323396738564,0.06054429244497217,-3.9587776096165297,1160.9226029970591,0.006032870055957874,290,275,7.003695208905629,0.06049463800307753,-8.410085083824846,1765.308730361258,0.0039809340256620725,290,275,7.027577590493445,0.06046655664540068,-13.577569252118659,3195.800702229859,0.002203146522499884,290,275,7.040817203720401,0.06046597251530128,-19.688481067147976,4517.474311791901,0.0015607636053245404,290,275,7.050709493833324
AFKBVRDWS2ZPNM6EAEA2GRYRXFPA,0.06249393131666636,-0.5445647417490066,844.2583173790114,0.008997166968785669,246,222,7.595933046245009,0.06264907284490417,-4.02579047685438,1422.929684497629,0.005360970817576405,246,222,7.62828451405499,0.06271312551941849,-8.242138816979766,1834.0240160682959,0.004171862864339932,246,222,7.651296684942906,0.06270629742254491,-13.473504206732429,3114.8411629895495,0.0024607594373692488,246,222,7.664874787732741,0.06265291954013996,-19.607839593094024,5531.806338743696,0.0013874193329671918,246,222,7.674935060603462
AFKHG4JI2HAW6CNNXPM7CPDUQOEA,0.06918004189242855,0.6330262438434778,921.8214787035517,0.0073529585239782095,110,116,6.7781150994194785,0.06934673458864116,-2.580601669455139,1328.5841554873725,0.0051286167838213185,110,116,6.813798998551611,0.06938723088530019,-6.695024765500637,2697.5505511584915,0.0025349508550923,110,116,6.838158076313923,0.0693721478421565,-11.28591888687758,3909.054070880029,0.001752784851505292,110,116,6.851730759153608,0.06938025038226192,-16.55412761089226,5754.570891154777,0.0011925541958740864,110,116,6.86263766170151
AFKZESU3PTCQ2UVDBDSFVFTXBFNQ_1,0.0679646309119521,0.08203407073781067,1012.6433562280528,0.008681527031908269,585,592,8.791290670776155,0.06795402355745722,-3.747143163964701,1392.4212477772405,0.006338273520349783,585,592,8.825546723958889,0.06784609931320867,-8.106882812963683,1839.6571186877077,0.00481025453694131,585,592,8.849219001583924,0.06785417213924705,-13.561510115055798,3040.4436649902345,0.0029153151519728878,585,592,8.863851485266009,0.06786508383118667,-19.841496018596587,5420.451088263801,0.0016370031617239482,585,592,8.873295569457857
AFLDVQ2MD27WFGPH5HJ66GI7PO2Q,0.0669604416166969,0.08585293094238798,965.243791159525,0.00850496354041026,222,231,8.209363251419136,0.0669755157788019,-3.4996955017625715,1453.873921240885,0.005669926307988238,222,231,8.243357994541713,0.06699545001618518,-7.909010574076344,2028.1889304933973,0.004075421766796659,222,231,8.265725314508828,0.06699327462535859,-13.388338548613024,3791.1535770360533,0.0021838283927050634,222,231,8.279228822636696,0.06699106283281309,-19.76285826256227,6762.6794335413315,0.0012255628519176668,222,231,8.288088693175865
AFLJQ7ONRNGXUCA67XWGIN4OLJAQ,0.13942409757631447,1.2654041714152686,914.0266657097584,0.006612748636395169,103,119,6.044228587301028,0.13946425965074583,-0.622653605824153,1834.342579054255,0.0033131809032838017,103,119,6.077508803002916,0.1394754759790815,-3.322814697811929,2435.434443790308,0.002506369130767568,103,119,6.104097709924108,0.13947658590072387,-7.04057758252412,4694.566674527888,0.0013033551008724742,103,119,6.118687421631851,0.13946543358054453,-9.828551322517471,9872.051456773983,0.0006209099609933804,103,119,6.129655084950177
AFLOM6HXIM7CJECSEUDVO4I3JXBA,0.08260865504583764,-0.23611103775777434,982.2234524831376,0.008069828215624464,225,252,7.926374530896499,0.08268194107953458,-3.8425159138158733,1341.1958882565852,0.00593608891070816,225,252,7.9614580393672965,0.08271792175757858,-7.787225077024716,2093.659652814734,0.003814985972582552,225,252,7.987282206850266,0.08272619938223852,-13.074641126576982,3332.859198038421,0.0024006749792282065,225,252,8.001111686021423,0.0827129827745357,-18.762432794388072,5974.275346880503,0.0013409801052105639,225,252,8.011384383216695
AFLSHORZNVM6GIFFISRTSRNYTOMA,0.12558541321321376,-0.12658150056116096,1198.7722074825215,0.008283503350719007,219,194,9.930033597430286,0.12559622649710062,-3.7765018231126373,1920.5608360820459,0.005187329298314744,219,194,9.962581494204256,0.12558490191405774,-7.85434016996504,2941.584945245433,0.0033943855865054477,219,194,9.984873539622514,0.12559066098500232,-13.104828856382975,4431.172681979873,0.0022566122221413026,219,194,9.999438432574436,0.12561049357855503,-19.229630427668198,6696.350055075963,0.0014948314618300686,219,194,10.009914741755061
AFLZUVWTQ54JZIKLCEW3YIMUGHHA,0.048717799885898194,-0.14867815735316406,1243.5137603005724,0.005997682879511357,144,125,7.458201190591532,0.0487121916815243,-3.208578269636634,1759.8726982970204,0.00425474569541669,144,125,7.487810787560603,0.048664566055678815,-7.235426708177623,2979.6015934918114,0.0025196735991298022,144,125,7.507623471046407,0.0486916125303265,-12.044984865930983,3986.506307382364,0.0018871543334320017,144,125,7.523152653230635,0.0486831298186402,-17.284346824997293,7734.165837809051,0.0009740559655647953,144,125,7.533510372985348
AFMOM4ZVIZ6EXLU7AKHHL7OVWSQQ,0.07110885313374471,-0.4226002201738769,915.3666825231252,0.007828488385872351,163,184,7.165937442946789,0.07101746890310079,-4.100953258805943,1754.660936001261,0.004102273266417871,163,184,7.198098649385733,0.07104959796023003,-8.378227218321404,2046.9597885834082,0.003527791716833215,163,184,7.2212477868552165,0.071038050596133,-13.660726555467216,4294.369423299964,0.0016846181515367167,163,184,7.234372679895381,0.07107657805653456,-19.52018946796917,5595.3089512782635,0.0012946121846179833,163,184,7.24375514502691
AFMOYMIUNUZZKVZXHRPX5B5XUH3Q,0.0730253098716751,-0.7099939389161529,974.1403035148434,0.006895006409396241,225,252,6.716703636386045,0.07293796211358228,-4.510916162941776,1488.1963920009055,0.004533277161388642,225,252,6.746406715518683,0.07292416859511852,-9.036448292737154,2100.6102379485387,0.0032217061049499914,225,252,6.767548827719262,0.07295382914398757,-14.163630561919595,3480.63973928264,0.0019481994267292414,225,252,6.780980344721456,0.07296469584182796,-19.954453747039867,5281.005840300371,0.0012857896770652852,225,252,6.7902627939797
AFMTB6XAI3YBCJVTOGKOFJU3LUOQ,0.058422383167391456,-0.0587475719829075,978.7870911870134,0.00779349538154995,279,286,7.628172674686699,0.05845911920147295,-4.0177588893126845,1458.5644325488988,0.005250904643421784,279,286,7.658782751600873,0.05854847060059776,-8.403095697337951,2012.521386143645,0.003817328660615988,279,286,7.682455567428752,0.058531480301389605,-13.604975254997136,3103.3707310237155,0.0024799379656991033,279,286,7.696166897505092,0.05853964357449937,-19.63208074308678,5076.870298125168,0.0015178268043518264,279,286,7.7058098207120285
AFMUA7K3BRXWB4XO6QARYIEBI42Q,0.09455558088781818,-0.3722153521203173,1029.5959603862887,0.008126115824491815,272,249,8.366616026527868,0.09454453790781636,-4.042257594639252,1701.6046093249317,0.0049344574935216556,272,249,8.396495615494398,0.09443631203933944,-8.440716688840775,2125.1095628998532,0.00396228788219744,272,249,8.420295869419988,0.09443993388940963,-14.080381161872326,3869.2966710639967,0.0021800381687898554,272,249,8.435214429291038,0.0944259387129292,-20.065109073358723,7412.301265851025,0.0011392310057040049,272,249,8.444323425676531
AFMY5CEPFKJXLHTMOJSYC4XABXOQ,0.04419726728206852,1.0769424706279485,970.8913595082552,0.00773380662588011,225,228,7.508686029174692,0.044189094033403875,-2.341573700984513,1300.4157878950775,0.005800156609852092,225,228,7.54261522771565,0.04420084053882012,-6.654340071602511,1904.4953016308257,0.003972615340449634,225,228,7.5658272510728715,0.04424899876115429,-11.715347512064515,3902.279939726721,0.0019422169551668212,225,228,7.579074262744598,0.04423641163093961,-17.205699387072347,6116.117074691978,0.0012407841894370335,225,228,7.588781367023686
AFN7GACKXTF3AWN6DOGFNLEOQ2OA,0.09997951400708016,-0.6376068694167695,836.8109699215986,0.009086777580278121,331,290,7.603915160414371,0.10008044659459436,-4.615206616428766,1105.7968349732128,0.006909295193492808,331,290,7.640276756859978,0.10004928212606501,-9.297134299897301,1753.56913307071,0.004370388802891554,331,290,7.66377890426848,0.10005408800085736,-14.993695866562383,3100.0831606311144,0.0024763643383702415,331,290,7.676935384968997,0.10003375426098682,-21.25808189174586,6328.0712327295405,0.0012147040933325364,331,290,7.686734029296442
AFNI2C3GRBCPIQOT3H66FUQYRPJQ,0.07959577294182113,-0.7153591663719836,973.3445528419354,0.005386734352393998,95,86,5.243148539509229,0.07947921050182999,-4.422646482704005,1160.0137934966128,0.004548425479410865,95,86,5.276236294808047,0.07957944354977786,-8.176483658436684,2480.756939274846,0.002135817702497854,95,86,5.29844458649761,0.07957434335238461,-12.92138448080849,3869.684063715344,0.0013727271694486173,95,86,5.312020451444387,0.07948620938854034,-17.94213595044512,7801.922950482459,0.0006818664721166065,95,86,5.3198696779710595
AFNRTOQBZEL3MZE5FUDIGEGV7H2Q,0.059801462399278416,-0.8800225842036236,1009.8752596042601,0.007261906811902791,239,267,7.333620026892276,0.059778854338902565,-4.494944714220376,1542.1506788020927,0.004777001055436966,239,267,7.36685542028043,0.05971770963172501,-8.946569115430297,1881.7513927963657,0.0039271412471591684,239,267,7.389903511549822,0.05974030879698694,-14.317526735593237,3402.8575410165436,0.0021757904510012805,239,267,7.403904943861494,0.05972740033480911,-20.518415076355268,4962.1358363342,0.0014941365548364527,239,267,7.41410854313088
AFNWEYQ6IYHI6PXIDURCBE62P2BA,0.05726297748535425,-0.5971364726213072,1032.95148962792,0.007532755062170831,212,210,7.780970562471615,0.05725252515750645,-4.485598358419982,1655.6314196933588,0.004718563881732705,212,210,7.812202618426925,0.05728130061272829,-9.324017940769338,2619.438250609362,0.0029902216261830004,212,210,7.83270090542308,0.057328615277932315,-14.858522402913835,3955.124521695226,0.0019836113486872246,212,210,7.845429886705782,0.05731891184132143,-20.955846647785645,6759.493570635542,0.001162013514237574,212,210,7.854622878480493
AFO33UNM62QYS3SHDST3HB2SXSXQ,0.06482884510178488,-0.36688841037735986,981.9777264516431,0.008194910018558562,169,127,8.04721910849993,0.0647877231126619,-4.110485799002,1510.9540801920741,0.005349062029561205,169,127,8.082187098766,0.06474302157109202,-8.374045139821272,2686.2125673098694,0.0030164394430084334,169,127,8.102797540338436,0.06477070063185242,-13.49855489236954,4305.4188596305585,0.0018856206431293882,169,127,8.118386679037972,0.06477478080286714,-19.449706670418067,7917.545153020187,0.0010265688491549185,169,127,8.127905215868036
AFO4JFVHP2IUNIAM3R2HWEHDEUJA,0.08107753913360516,-0.517634762033862,922.0204654433195,0.0068675819839805205,148,213,6.332051137339875,0.08108541487982168,-4.237288806895877,1611.0569658094034,0.003949678876214904,148,213,6.363157666236278,0.08131527702456809,-8.190797967613445,2475.786409491778,0.0025790917481373406,148,213,6.3852802988708195,0.0812787370465855,-12.693326710315729,4161.17474151471,0.001537799579897895,148,213,6.399052769383053,0.08127473465690804,-17.43114862640627,8758.751905369387,0.000731480708917367,148,213,6.4068580529709385
AFO6QRJE7PPMBY2P66V2FPKJUIEA,0.11891444335698753,0.09552925322527497,947.6348028476511,0.008392066685463469,229,190,7.952614458963516,0.11879312334057063,-3.297296838020969,1639.0175379990385,0.004872385834211308,229,190,7.985925834170408,0.11887018121369597,-7.555750428093317,2008.8758816688999,0.0039875160816777175,229,190,8.010424884249241,0.11892532119775256,-12.65685997343947,3216.6183985008624,0.002495173998107451,229,190,8.026022589773383,0.11890834602334344,-18.289471202153205,5811.2649806079435,0.0013828882252616454,229,190,8.036329915558069
AFONENWGNXXIUGGYZKWZ3GPZI36Q,0.07213887913192807,-0.36545734535993973,1046.2163111513232,0.0075895060533495845,288,239,7.940265026596039,0.07222882839647449,-4.173091798380664,1631.8309479670074,0.004883822629979415,288,239,7.969572911982032,0.07225590439879181,-8.66243772922249,2409.59741110623,0.003315579441481324,288,239,7.989211638510438,0.0722278629621037,-14.103243857481548,3946.4775674538305,0.002027792367503478,288,239,8.00263708980657,0.07218362424664748,-20.121030604295203,5512.746740176987,0.0014533723089187555,288,239,8.01207345825537
AFOUH4HQ3WKELXFSOZL2X7VIKZEA,0.11183688051831153,-0.6445619981878147,898.3843870388819,0.009101339556310116,284,264,8.176501358528393,0.11192514378861185,-4.342508000652713,1345.9308566803043,0.006104229121491945,284,264,8.215870330862515,0.11192007046476382,-8.922036925045536,2257.311747665425,0.003651481979685061,284,264,8.242533169131692,0.11193383922155925,-14.282047583838635,4237.227674600509,0.0019487594755799474,284,264,8.257337581067327,0.11194623318455243,-20.51885158411012,6907.86645523133,0.0011966575159418468,284,264,8.266350312775135
AFP2CXPW657I6PLKLC7XRPJWUFJQ,0.045459217248344425,0.1845639776018745,936.4452715146849,0.008936025947572418,276,293,8.368099244736722,0.04543520262429504,-3.422235567045689,1500.1463878436675,0.005599335726558581,276,293,8.399823264520853,0.04549984223178724,-7.8846824439895205,1916.0149771145232,0.0043957911950907105,276,293,8.42240176606195,0.045501558632365074,-13.372092789804645,3386.4458313672476,0.0024914889351309215,276,293,8.437292318271732,0.04552157336815624,-19.366160044304937,6296.215837293013,0.0013415577830284606,276,293,8.446737360147496
AFPF2CONJ33FNFKOEQ2TUNWQJTFQ,0.034945068117715916,0.016793022456227887,1096.3730821191136,0.008010188691195828,237,228,8.78215526372204,0.03496491182210337,-3.7800626766958922,1626.2163512483755,0.005421688417774644,237,228,8.81683835635906,0.034949935541155,-8.178321056086311,2169.635084043066,0.004074641716708347,237,228,8.840485623475896,0.03493837991199622,-13.510870682426996,3446.2417908648254,0.0025693958181103303,237,228,8.854759245645138,0.03494604177242899,-19.415620715586453,6309.6598352763585,0.001404912843256365,237,228,8.864522139158597
AFPM4D74WWLFUJC7UGYUBK5FY4KQ,0.10321927519633112,0.7369127220646391,1125.3572633696085,0.007772900089315088,136,142,8.747289572957014,0.10323673331652361,-2.5536292438845396,1918.6733560157916,0.004574621920131487,136,142,8.777205192002084,0.10324066640748747,-6.309761823974169,2910.5390613293716,0.0030244623672677972,136,142,8.802815859453624,0.10322553958057146,-11.072878945769597,4923.267150856724,0.0017910701103403923,136,142,8.817916639120181,0.10321398657762898,-16.2188970351181,7904.255920088875,0.0011169378479410808,136,142,8.828562596959616
AFPPNF3RSFMMNC5UAM6V4B475MBQ,0.04354187092681516,-0.3470040089540232,783.2602055388886,0.009303432718591237,997,1038,7.287008623380994,0.043540094923405936,-4.27964195419255,1028.4779576747744,0.0071192383033233855,997,1038,7.321979670402062,0.0435250575467494,-8.914784772403895,1500.8182139048354,0.00489412515554923,997,1038,7.34519217457812,0.0435131047670283,-14.402036845529476,2683.635892302373,0.0027424079898288527,997,1038,7.35962451284151,0.04354131385341964,-20.716169604048396,4692.547406118567,0.001570405225026478,997,1038,7.369200965253043
AFPPPZX2PLMWY75AVRTJSMICZOEA,0.0916002175440197,0.001250394506472925,833.4764529469081,0.008480897066018877,176,157,7.068628004393254,0.09160334049509611,-4.0337903005310105,1369.3294887766622,0.005186044647518198,176,157,7.101403865959039,0.09158943630640237,-8.03723896411725,2459.84907559846,0.0028947639811679818,176,157,7.1206825031517775,0.09165336975079896,-13.658439279561037,3133.1660508010436,0.002277043066133245,176,157,7.134354031020599,0.09162535895245916,-19.33521263770464,6001.18862202339,0.0011903637483142322,176,157,7.1435973824524845
AFQ3NFIIGSWMRKJNKGBKZOFT3HOQ,0.1328728658404007,1.484817825088146,1657.2960836858579,0.004896442408075244,103,96,8.114854826896453,0.13286950780200962,-1.0003404388477826,2603.69672156113,0.003127699421928674,103,96,8.143580730904329,0.13281412780436497,-3.9109894641743614,4379.134040324032,0.001863637860541697,103,96,8.161119993934797,0.13281320932694024,-7.824134070296826,6046.575646715039,0.0013518423828908937,103,96,8.174017230585305,0.1328229109407975,-11.876879702189848,13905.362924908613,0.0005884302901288328,103,96,8.18233674025069
AFQM4LM7JQGYBETRKRKNTUP5CVNA,0.10684809030903764,-0.6371493113818358,952.1101685528944,0.00763879255146211,187,175,7.272972063713183,0.10682828353466284,-4.137214338576493,1533.7491658075378,0.004763941781352251,187,175,7.306691733104691,0.10687024734028738,-8.441980351158497,2193.2724369336042,0.003343225610952732,187,175,7.332604582953136,0.10685640994167,-13.721119545887278,3230.1825380851983,0.0022747039770083318,187,175,7.347709065845268,0.10686146242660022,-19.51736247926817,5762.390351074283,0.0012769032506475925,187,175,7.358014970787075
AFQQRHNOS2AJSMORGOJQTDOWF6EA,0.05679696916290054,0.21826305942144197,1168.2936992520652,0.006782567981895011,238,222,7.924031437996736,0.05682881470448896,-3.2440596137689237,1494.8826138921163,0.005324644277664363,238,222,7.959718155840602,0.056839547085754435,-7.52733164823572,2241.190559084889,0.003560858710736649,238,222,7.980562924738168,0.05683658153975578,-12.670594752051935,4075.673846818353,0.0019612340384666032,238,222,7.993350278068275,0.05683750918830892,-18.442984581912494,6388.844256800188,0.001252696995644741,238,222,8.003286006135754
AFQVCWWD7BEUS6YTHTDLCTLWFIBA,0.09146472033145259,-0.9039729208218285,1256.9986235569581,0.006814573284527391,152,169,8.56590923877895,0.09134722900554737,-4.426514901906775,2073.5603034022133,0.004144776146053409,152,169,8.594443282944763,0.09130568328931321,-8.910253331019371,2881.5051757535407,0.002989639967719564,152,169,8.614663040623572,0.09128173130995354,-13.869669050635272,5522.722730701346,0.001562085933530491,152,169,8.626967492417675,0.09127383965607805,-20.07556922912144,8689.333395927364,0.00099376572778215,152,169,8.635161726145498
AFR6N2JHAAWJLI5EJFQDENFMVVAQ,0.08292658967472988,0.13121035396061234,1565.6876090080991,0.005550111626788752,177,179,8.689741002674932,0.08287117000027022,-3.089696638229499,1959.2342597523807,0.004450999051917109,177,179,8.720549832641366,0.08285265977048095,-7.549414172065051,2424.510906904505,0.0036053401336436875,177,179,8.741186477119667,0.08289253919720008,-12.568861703983533,6414.8085860212095,0.0013648888258288338,177,179,8.75550055889121,0.08287703616095587,-18.48593364190806,8228.98090785982,0.0010650976599010694,177,179,8.764668308332071
AFRGJMSUHGKN6E36WF7NUXIQVXVQ,0.08877652011524534,-1.1664139849375879,912.941663196404,0.007188935340705602,143,150,6.5630785865551795,0.08870010248353066,-4.989719107347394,1322.5842051524437,0.004988322926976884,143,150,6.597477113419433,0.08872125428034877,-8.995162701259039,2867.287566296626,0.0023074945381551465,143,150,6.616250398549628,0.08873761211621833,-14.148325528327456,4024.685584916114,0.0016471374987385861,143,150,6.629210547547971,0.08872123663339054,-19.899905663420377,4958.752436471595,0.0013388928802612722,143,150,6.639238332170055
AFRHCRFFRBM3RVBVDMFDB7SVPTHQ,0.0453283151279521,0.23295651498349623,848.1882304296402,0.01045787276803234,765,759,8.870244597175674,0.04532171463660695,-3.469969184812637,1224.5947225176226,0.0072741175057837735,765,759,8.907845908555862,0.045368604647713084,-7.830424178875786,1716.607752200113,0.00520348137586317,765,759,8.932336468235627,0.045386396685467734,-13.1404855173843,3017.836628343025,0.002965058997208928,765,759,8.948063646975141,0.0453938317721595,-19.24051523175381,4927.151464565486,0.0018181883312227709,765,759,8.958489299040153
AFSHXT5PTGDSFW2725SDXIE6ZVEA,0.12334745987799414,-0.21730708403678242,1176.6262974387598,0.006318848162860035,169,196,7.434922917943712,0.12335531892273768,-3.86517040242801,1713.456090558975,0.004355906617562396,169,196,7.46365472376843,0.12334973182617068,-8.021270673538195,2503.1221515384636,0.0029898852486173436,169,196,7.484047996372159,0.12331734000604475,-13.344843578518509,3365.1522168349443,0.0022280117953373513,169,196,7.4975988322138925,0.12331806604057052,-18.933073633304797,6695.5496090015,0.0011210449188163248,169,196,7.506011867853762
AFSPTSJ4WN3TXSMC52FRT3SD7WXQ,0.024545330868350534,-0.2290222236303208,869.1932982475697,0.008865809222930931,631,656,7.70610196011306,0.024535571197068062,-4.061603690156041,1241.4524530478645,0.006233106996107713,631,656,7.738105970427727,0.024526747488353484,-8.603631065259176,1555.583255135201,0.004989383113073678,631,656,7.761400824151755,0.024515271940840133,-14.185719845496306,3080.726838384273,0.0025238702368131343,631,656,7.775354775149493,0.024512243597216044,-20.32318507565354,4790.64727443165,0.0016249156766578818,631,656,7.784397857562342
AFTAXGFUHVRCHPOVABUAO25E7XUA,0.04962315894042957,-0.45971793695980007,760.1850169421657,0.009390915691335858,306,353,7.138833403920599,0.0496341092360012,-4.392963297657333,1143.9064010302102,0.0062704379339469955,306,353,7.172794089904615,0.049560333225838415,-8.803775272247595,1709.2778259001009,0.0042103112060839385,306,353,7.196591584697986,0.04955671676392903,-14.247906617390594,2771.4450095871325,0.002601665404359653,306,353,7.210372601528049,0.04956323700063092,-20.49980838058788,5054.340085718423,0.0014284695944229043,306,353,7.219971132321623
AFTFDX6Q66PKOISC36VFGNRLSYUA,0.09734220177588826,-0.7844614465978902,684.019999229093,0.007523030536271785,152,165,5.145903341621069,0.09735327843442587,-4.535800546725637,1167.8741009343876,0.004429559662702608,152,165,5.173168008614037,0.09731517504749942,-8.859765641764394,1816.963719246423,0.0028593969209280076,152,165,5.195420464251122,0.09725695064840223,-13.953496411711239,3041.380679552638,0.001712341903518574,152,165,5.207883582149778,0.09732028737757392,-19.546740855071803,4638.518923210335,0.0011247589069751302,152,165,5.217215474053514
AFTJ7XQN2EIELHARUBBL6Y7L65DA,0.03877147969035827,-0.34783999610147814,976.0759607981333,0.0071741475739437125,222,182,7.002512986144707,0.03869746576944055,-4.2209400840890705,1359.253686164155,0.005174144030585075,222,182,7.032974346317021,0.03865117473749052,-8.476724163048607,1984.008986523653,0.0035559969694737544,222,182,7.055129943486805,0.03867268530293844,-13.665849447626432,3365.5621527951507,0.0020998038015259987,222,182,7.067020202711282,0.03864870356443756,-19.608165891676936,6159.46722364336,0.0011488588659666907,222,182,7.076358529513912
AFTS2ADH7XVJ5VNQCXLYVNMTJNGQ,0.06917208795829421,-0.08749369809457865,1067.9937638407641,0.008285489242778629,180,169,8.84885084165731,0.06921481939821283,-3.7112878854061773,1759.789226776527,0.005047282302394333,180,169,8.882153020253371,0.06922800642417859,-7.881660339433484,2361.1014820164046,0.0037724415031054562,180,169,8.907117223802485,0.06921416992127993,-13.22559225793347,4664.155000925777,0.0019126057029756807,180,169,8.920689454333182,0.06921893546944391,-19.28584386240615,6744.241646977471,0.001324062190787397,180,169,8.929795370296592
AFTZWAK3ZHAPCNSOT5GCKQDECBTQ,0.0789786296565603,1.1807035728305275,1077.3720842757632,0.007894949482824829,169,165,8.505798179562845,0.07889471955983626,-2.1524773251839315,1952.2149654959433,0.004373717474186462,169,165,8.538436707957928,0.07890321767305516,-6.177156711701872,2352.1183437817576,0.00364061424454703,169,165,8.563155547232235,0.07888586700791919,-11.358235574877336,3959.7129105956396,0.0021659918637996997,169,165,8.576705947332783,0.07889193875695719,-17.039471785608647,6877.214984748094,0.0012484720791570035,169,165,8.586010890818153
AFUHUI2URN4L3V3SJSUCBC4PMUTA,0.11073574114240303,0.2328337984368763,1191.7815842750801,0.008821432115460446,375,313,10.513220342138522,0.11069716015387077,-3.5991566859585653,1646.7040035397874,0.006405708013030257,375,313,10.54830503056382,0.11068837270737708,-8.017572560543218,2629.616706904195,0.00402110086159226,375,313,10.57395400578986,0.11071142429483416,-13.413870424683491,3679.3119007500623,0.002878363245809475,375,313,10.590396144988377,0.11071655417196513,-19.661871464330197,6876.592801783691,0.001541573266639538,375,313,10.600771628795618
AFUKCEULW4KYMWRQCVGI6K3WTVUA,0.05649204786739187,-0.3677193387024602,911.1635528207643,0.009356317625163984,744,705,8.525135608663952,0.056492688155959814,-4.23960755579804,1357.137389891162,0.006306268852995851,744,705,8.558473251106722,0.05647520812404605,-8.79048262445813,1748.6882399881968,0.004908204356534247,744,705,8.582919237730271,0.05647683340135207,-14.416831514792289,3056.768117624306,0.0028124592744682916,744,705,8.597035842311461,0.05647028929264253,-20.8722367745913,5156.14878229883,0.0016691220443301488,744,705,8.60624159638103
AFUQBLHWSNJSWDEXPNYV36DODBXQ,0.06141484389242846,1.1954601969556706,1540.6100541925791,0.006257050840843631,173,174,9.639675434997828,0.06143859527902995,-2.5648539467046803,1974.2264546902045,0.004901165348537081,173,174,9.676010289892842,0.06134169295474756,-6.887780250298492,2450.7704790238654,0.003958931716805214,173,174,9.702432980017488,0.06129165145463644,-12.08616822047935,4856.285985388234,0.0020012072632671694,173,174,9.718434786461497,0.061308207701247786,-17.841372038228457,7733.377167077528,0.0012579823267657721,173,174,9.728451802397483
AFVFWYK7J23ISMRK3ZI5DCKFXBPA,0.08120191818354822,-0.27350025337141004,977.058058950923,0.008920879225777485,135,168,8.716216940473762,0.08120344079103642,-3.6912350407286603,1582.4691934877999,0.00553379863968312,135,168,8.757065870263231,0.08117731695074881,-7.8077744546461885,2371.9244819726796,0.0037040381648037056,135,168,8.785698805259065,0.08117851497337841,-12.933393891302465,4049.829585984087,0.002173311253484058,135,168,8.8015402139119,0.08119964510969335,-18.718361258063332,6251.030261380439,0.0014097867947299172,135,168,8.812619915951245
AFVVHXC46GES3HXVII6FWLQ6X7TA,0.07191765513000437,-0.21520299024684392,1126.7512863122859,0.009136617198561566,233,287,10.294695181022199,0.07184346543630327,-3.8566427369024363,1842.0814612517936,0.005606513969042645,233,287,10.32765544462267,0.07188646561079604,-8.040835781949946,2737.5355028275744,0.0037817371891445783,233,287,10.352639817646642,0.07190493226526073,-13.632431216305074,4598.998788319553,0.0022541282423647726,233,287,10.366733055352473,0.07190582730039774,-19.811429125805894,7435.94797511603,0.0013955068149427209,233,287,10.376916074833945
AFWG3VCBDRXV4MMDNVOFWS7J4TDA,0.07883129348530526,0.10663613243241869,1064.9914616335757,0.008077245625937271,180,154,8.60219762514034,0.07897668295863658,-3.227994736464983,1637.074122059328,0.005275182459016628,180,154,8.635864692797414,0.07898829684023279,-7.22725098758455,3158.954060330354,0.002741399164428864,180,154,8.6599540214588,0.07902562567507176,-12.828062490975213,4216.591661727881,0.0020573351847541295,180,154,8.674942385413651,0.07906385505278146,-18.591095739344865,6708.138941258314,0.0012946869563778996,180,154,8.684939988817792
AFX75C3ZAE2NW474FKDCYCHNM3LQ,0.08317839761444706,-1.0637721214689773,929.9788321052266,0.00670478226984829,143,148,6.235305584833343,0.0831735713029001,-4.9252870073883415,1328.416696300609,0.00471718963231749,143,148,6.266393467186685,0.08311359024616388,-9.075456064268668,1889.7816562992664,0.0033272374877104387,143,148,6.287752370426443,0.08308136782371672,-13.957095194205635,3282.476126068344,0.001919840231613162,143,148,6.301829726135724,0.08307018699211716,-19.06471162261539,5660.689542409085,0.0011147854202768657,143,148,6.31045417059137
AFXF3EGQTQDXMRLDWFU7UBFQZB7Q,0.06049861444409871,-0.8039772916847887,844.5811907136573,0.008817195969586357,1435,1492,7.446837870748905,0.06048138516738272,-4.875894773065475,1157.9721358718741,0.006458920027630495,1435,1492,7.479249419820908,0.06046543161214013,-9.512748597953195,1706.8941610029162,0.004394817867887188,1435,1492,7.501488957367926,0.060463479848749446,-15.26703633214773,2620.3742431875376,0.002867882412783997,1435,1492,7.514925206949716,0.06046827358685397,-21.77609427793017,4512.182288939627,0.001667542205306057,1435,1492,7.524254404841319
AFXJTDF5NUVLHKVJU7BMR2ZDVKBA,0.2560373388799418,1.8728128457565243,3391.773932175672,0.008163910081485082,137,152,27.69013739900727,0.25604680656146017,-1.6872954981131711,4580.947556016294,0.006056521835214273,137,152,27.74460889898414,0.25603978149889256,-5.4545465279247365,9211.338192888164,0.0030155554184078544,137,152,27.77730079835112,0.25605295112487886,-10.161766017352303,16030.39005959123,0.0017340818390163895,137,152,27.79800827468601,0.2560728499257709,-16.07564487671752,20508.105455309043,0.001356108442317999,137,152,27.811214943892406
AFXS2DNVD3WRLMLSJLP2UXL2OQ6A,0.09135941078238541,0.5861162244555512,1412.2904363954133,0.007218302760778428,92,80,10.194339956053984,0.0913251708913112,-2.1037418397029533,2648.678594547145,0.0038629365002948897,92,80,10.231677220425937,0.09134471170938163,-5.338648266219797,3517.625573386555,0.002915668064136289,92,80,10.25622854591228,0.09135490104453414,-10.73256878245941,5623.75293391247,0.0018272019155725723,92,80,10.27573213355174,0.09140296989666385,-16.177602147475294,11607.661118334592,0.0008860780106301734,92,80,10.285293271803129
AFXSVEP3YV4X5H2YRFZJGLAFFZWQ,0.03917789404316263,-0.5564123932097254,1001.5685250207241,0.007376984424457312,245,220,7.3885554091045655,0.03921726257094427,-4.541979275540984,1540.8333568601477,0.0048139852324619505,245,220,7.417549025609525,0.03920913120855718,-9.13987411181626,2447.2920331787936,0.0030392188961463045,245,220,7.437856191625299,0.039251811996265484,-14.769806483971765,4627.7399146269345,0.0016099107942208909,245,220,7.450248441404765,0.0392704863037705,-20.819809560574917,6403.052449179147,0.0011647122237559827,245,220,7.4577134569096355
AFYB7O3AY4KNFJ466V2KSOQB2ODQ,0.07373501640343388,-0.23852256655178053,921.0616787917817,0.008712620269655929,524,581,8.024860652244595,0.07374789975636048,-4.0944471871930235,1287.790029205276,0.006257646791696012,524,581,8.058535144634508,0.0737457282140111,-8.722680405542523,1899.2665655525684,0.004255676400119634,524,581,8.082663900558336,0.07375842054241599,-14.260675854108852,3091.4176069705823,0.002619124559105971,524,581,8.096807776869262,0.07375261437958469,-20.564260012593557,5528.482227315835,0.0014662977681565855,524,581,8.106401151206558
AFYD3MPCZTULGZL2JJFW324JB5BQ,0.1394117972000607,0.03490649494109998,1104.0909941643195,0.008977589851555902,211,198,9.91207610440386,0.13949365650334256,-3.596609868314649,1743.2913296383833,0.005705248534715769,211,198,9.94591030400209,0.13951352034797776,-7.848665354991826,2940.0500624962515,0.0033912721352937344,211,198,9.97050985331214,0.13947986601434553,-12.984403521299326,4710.309741811009,0.0021197717776023786,211,198,9.984781654456524,0.13947414938182773,-18.960363040086406,8465.342225769391,0.0011805678526990208,211,198,9.993910893838919
AFYF3RMBXF63VL5WHFNQCOFOWTHQ,0.04797540975405201,0.8055762945446273,1234.980207752449,0.00917110693383914,251,252,11.326135546472585,0.04793061310144309,-2.6210560797598244,1619.5875451297138,0.007018910560387413,251,252,11.367740123982875,0.047920206053993386,-6.756909203079056,2580.5614589501797,0.004415604846554746,251,252,11.3947396849728,0.04791913851653429,-11.560041580308608,4459.795924136033,0.002558647743430263,251,252,11.411046777450146,0.04792992017625164,-17.409402806850693,6828.087592104681,0.0016727741217422833,251,252,11.42184822506229
AFYGKU4M4BODTPVSRIQ2UYZYEVDQ,0.05592869278758106,0.11099992319728068,1075.8828541177443,0.007481068957255923,167,137,8.04875382158416,0.05591992185310868,-3.1186366030786976,2059.0006135388044,0.0039235716797264295,167,137,8.078636495820195,0.0559146338469827,-7.110438749244599,3577.758594010748,0.002263689338532088,167,137,8.098933985103683,0.05590449684148624,-11.919080919486548,6540.807272649982,0.0012401139033588798,167,137,8.111346038004118,0.05593099867082507,-17.438801795962814,7711.0250153702755,0.001053171357901982,167,137,8.121030686253665
AFZBRVQRMNE3RV6MZUYG4E5MZP2Q,0.08463618959459884,-0.6307148590431952,1043.0677693618293,0.008332033269543893,215,215,8.690875356711699,0.08464840595942602,-4.505331120594867,1565.076474516039,0.005574129529897494,215,215,8.723938993147716,0.08468860654246735,-8.849206540301136,2842.316755964951,0.0030767184466019854,215,215,8.745008394163278,0.08472177801663672,-14.243807944875346,3916.6093072766434,0.002236344621147388,215,215,8.758888157463918,0.08470948771611375,-20.38708794251228,5930.7914709388615,0.0014784866664967976,215,215,8.768596111556036
AFZUC23U6UM5PQGWTWF3DEYO2YYA,0.10413703815844488,-0.8336686068488087,1122.3798088181184,0.006856141266491453,85,95,7.695194523914688,0.10409262118503171,-3.807088311423121,2196.820994362924,0.003516141762480423,85,95,7.724334042973247,0.10404280120888487,-7.773840380260973,4088.687496613147,0.001894962995888695,85,95,7.747911507834696,0.10412806582697842,-12.236286658209888,5444.754472717544,0.0014254518732620394,85,95,7.76123546258709,0.10409722874604788,-16.865866045063143,9754.747652037498,0.0007966219887738202,85,95,7.770846474552864
AG2L2V7VZCTSJXDAMHS2IQKGK4XQ,0.09920495548984304,-0.03167084004824749,1011.6019043580808,0.00867415368745278,250,265,8.7747903889219,0.09924398809088292,-3.4191909148975483,1571.711136519069,0.005603470853371914,250,265,8.807037543404649,0.09913896787893733,-7.626075728591278,2084.3849654596142,0.004237040738407039,250,265,8.831624013175533,0.09909690131485499,-12.85998024946348,3385.843231662661,0.0026125331374826748,250,265,8.84562764104013,0.09911426319163408,-18.743242959150233,6058.1695155578,0.0014617957844303873,250,265,8.855806659207074
AG2YJWMXWKLFZGVDPSXO4LHCA3PA,0.061853325481203814,-0.37115372780748773,1051.5426739519437,0.00923612266575338,290,288,9.712177124894463,0.06190896819030711,-4.3675857101758435,1575.4239370998719,0.006185758840026618,290,288,9.745192545705072,0.06185157272389408,-8.714415525197397,2317.6606966028958,0.004215435374069412,290,288,9.769948885550201,0.06185487719720051,-13.885517905853767,4936.726789412184,0.0019816397738658055,290,288,9.782814158608025,0.06188201779777747,-19.764397691275384,7429.547277326335,0.0013180347436462594,290,288,9.79240144107858
AG35UADO45DOVFVQMOZH6RXPZLMA,0.05602075839022069,-0.4016311056350727,998.924190986867,0.008342794544054205,386,394,8.333819290488995,0.05603024918134836,-4.380864020122471,1282.153515783127,0.0065261800190803045,386,394,8.367564656097407,0.056015264452587754,-8.882038967650104,2184.2806961526403,0.0038408847277220425,386,394,8.389570366910748,0.05599127102012458,-14.405631769349993,3491.880174829621,0.0024064063591500927,386,394,8.402882658100138,0.055983637186132085,-20.763366917588513,5900.0301294910005,0.0014256703336853957,386,394,8.411497923465323
AG3AVVQWEAP4AXNUT3EZ6QK4FOBA,0.14007000067325687,-0.87522741539804,1015.1102686539568,0.006819734405769952,142,112,6.922782424789769,0.14029396711499298,-4.419777933604112,1359.4775340073343,0.005117249096789945,142,112,6.956785183005253,0.1402900031708591,-8.875525922700088,2909.6555948006953,0.0023990856875186466,142,112,6.980513093094903,0.14025208933815286,-14.27051392134401,4411.380243647861,0.0015852000689413213,142,112,6.992920266356972,0.14026602486911482,-19.576840184815484,6868.397535567005,0.0010193667321721934,142,112,7.001415951090484
AG3CK7F7NP5GM6BN6OHZJRWWF7QA,0.05802604927721766,-0.9451253266315619,829.7183427894718,0.009223362704286604,306,356,7.652793217946901,0.05823008952579911,-4.956788413303533,1278.4439916170918,0.00601114174513139,306,356,7.684908046821905,0.058272012078948165,-9.447478545713059,2180.4026977394133,0.003534518634964492,306,356,7.706673966886807,0.05831332755992502,-14.834680589232438,3436.4441160124443,0.002246288283323545,306,356,7.719244154094891,0.05832406033548909,-21.02176353731752,6543.89625612737,0.0011809377756924193,306,356,7.727934289073007
AG3IOEGF2MNX7OC7JSUPYV2Z3ITQ,0.07839683284239374,-0.17709388095921808,1075.3817581506157,0.007107498567903874,166,132,7.643274306005452,0.07830742736302088,-3.9016068578644822,1509.4317357802004,0.00508485469886856,166,132,7.675241054303278,0.07824575791587318,-7.682113293390422,2410.928545579941,0.0031930162752131486,166,132,7.698134084412716,0.07827736636562899,-12.360665145578832,4383.5765545313225,0.0017591424536654496,166,132,7.711335615968569,0.0782532318579221,-18.140752834839443,6700.708914163848,0.0011520827993001508,166,132,7.71977148312536
AG3Z6KI55YOIHANOCATVJMQB6AIA,0.07574649722486526,-0.8791540037221752,849.9820762903938,0.00871738655682352,132,95,7.409622325394823,0.07570782725443942,-4.495759752682803,1478.1617399541226,0.005037724479244929,132,95,7.44657158165016,0.07566163063104875,-8.452806064231677,2380.6418519698714,0.0031376121695268202,132,95,7.469530846025536,0.07567700675640476,-13.323988435938103,4220.107938934747,0.0017732236643231852,132,95,7.483195263317237,0.07571724310610917,-18.622280218450975,7042.462870805405,0.001064109523022897,132,95,7.493951806359202
AG4CEAFRHGDNLJ6FREM7SVHAEOWQ,0.049435733951668115,-0.5826337664026741,910.2157896204769,0.007782106227344942,222,240,7.083395964633207,0.04948212116067546,-4.601906857678742,1503.8452502362709,0.00473125473521701,222,240,7.115074961213967,0.04935014787793035,-9.096141548485798,2151.221159522133,0.0033178695670587465,222,240,7.1374712171913135,0.04942031199018071,-14.78626999522877,4000.190409509029,0.0017873084329827493,222,240,7.149574052452205,0.04942839521961273,-21.306371761063538,5340.602279031651,0.0013403170799411398,222,240,7.158100451758699
AG4GZ4MJEIPVMN4LDCQ447EGXNBQ,0.05229457208239674,-0.07897215275288386,1258.903181375034,0.006916716915941131,252,280,8.707476930148802,0.05235971467014383,-3.804754274230858,1555.6649991716095,0.005616299238169014,252,280,8.73708014969371,0.05243318399929331,-8.156958953519165,2171.9472824375043,0.004033329628802314,252,280,8.760179326451853,0.052453832112101695,-13.634282943548563,3646.0829006859044,0.002406226917064187,252,280,8.773302817477893,0.0524461121274743,-19.566836524843495,5979.13972986612,0.0014688441079853984,252,280,8.782424163035257
AG4I7OL7GICMY4PRESVKVW4HK6TQ,0.09414215688850058,-0.6646393215462316,758.4854648583447,0.008082584019055735,211,168,6.130522496950117,0.0941569131031818,-4.385874400892724,1429.6309601371593,0.004308539714063215,211,168,6.159621768205276,0.0941567296489636,-8.979345630644998,1542.263343050396,0.0040089794775488175,211,168,6.18290209126487,0.09419005878707981,-14.25752307525285,2888.3356218205386,0.002145243907078203,211,168,6.196184394307443,0.09414737635131393,-20.257565167519683,5168.38369963341,0.0012006888447430421,211,168,6.205620653501609
AG4NCQHIFFYHXXDZEYE4PEFVA5DQ,0.13735734956569423,0.5142489966741041,723.5898850402467,0.00961379983073261,105,118,6.956448314319753,0.13707713029516216,-2.847697702792919,1553.99719019404,0.0044994856794770095,105,118,6.992188103225594,0.1370810193413708,-6.718372575216476,2502.296505808224,0.002804108919704664,105,118,7.016711951682655,0.1370295804875601,-11.1089467143438,4392.000552411504,0.0016006829696197694,105,118,7.030200486805715,0.13703712470089235,-16.38225777048782,7208.7837228470025,0.000976479555099901,105,118,7.039229922497049
AG5FGCIM6PBJX3JNDRKQMITZTIMA,0.09768486449822888,-0.22756571125363836,821.9030200667364,0.00967383433469094,158,169,7.950953655307772,0.09773352600012924,-4.082976677451654,1692.6675970390977,0.004718485995252059,158,169,7.986828351245938,0.09774459117292311,-8.534205230547196,2278.9558673545116,0.003515063329686383,158,169,8.010674199311469,0.09773759420279715,-13.81347400928555,4576.461811321835,0.0017538332145691329,158,169,8.02635072990345,0.09773642172818736,-19.87608688246913,7272.338088242571,0.0011050609506716928,158,169,8.036376841399296
AG5LC5HSFYGJSK3AQGHEFHKX6ZWQ,0.040920603832059865,0.09461764849314196,850.8741534077635,0.010257386703348923,1372,1367,8.727745227388064,0.04088792887605974,-3.7070990428505968,1248.5029609514581,0.007019081206021254,1372,1367,8.763343668876267,0.040904091027842426,-8.189330538687884,1624.600947825707,0.0054098811990136155,1372,1367,8.788898123541992,0.04088352003537343,-13.692026903965079,2986.6006378178317,0.0029478649846762803,1372,1367,8.804095443435031,0.040883070882985595,-19.97980863104634,4858.208802792966,0.0018143769229809104,1372,1367,8.814621938810273
AG5XOIPAFARFQZWOMMNCV5YJR2HA,0.15002148370201296,-0.0072493663782711975,991.6475074109197,0.008711427090305254,180,191,8.638664960093166,0.14997567613375307,-3.805909479201417,1441.116405906144,0.0060181764857159025,180,191,8.672892867203771,0.15005148858795958,-7.834433984456676,2064.92875948497,0.004213340941072535,180,191,8.700248882736147,0.15006721520474853,-12.908999458625058,4045.3865034450296,0.0021545653699830093,180,191,8.716049668519313,0.15007056097001015,-18.936032986689145,6192.023829896456,0.0014095873636836027,180,191,8.72819854624979
AG63W2BMC4HRP76AMS36AYY64AHA,0.05927360732477355,-0.09340584080503807,1178.1917204768044,0.008959193593081418,313,324,10.55564771351736,0.05919321686765244,-3.880003203577865,1920.22429661675,0.00551391880531198,313,324,10.587960859532068,0.05920035875683288,-8.288541543487344,3051.60758303952,0.00347668292291829,313,324,10.609471971401456,0.059210889172070236,-13.813846507273778,4333.830549858135,0.0024512612547000563,313,324,10.623350911302687,0.059209974921860475,-19.958982031798325,7490.472738874664,0.0014194021970675298,313,324,10.631993462633135
AG644AQBRT56BVFDCJMISCNTSRMA,0.06268652229760124,-0.4749435008085977,988.3947826609982,0.008474040337011534,331,354,8.375697257161047,0.06279619702075295,-4.079261909242831,1273.5964928131455,0.006603215161341147,331,354,8.409831670774674,0.06282856373308932,-8.603441675032267,2128.8411328473635,0.003961131016196105,331,354,8.432618639875745,0.06281234813153014,-14.03110685760974,3592.63931670095,0.002351252758735204,331,354,8.447203104533667,0.06280210366836153,-19.890453453386783,6358.406075470243,0.0013300505466620127,331,354,8.45700147657826
AG65BD5EVGIFAAFJEDYG5VMAO6FQ,0.05392959408030917,0.9487527042419045,1574.087653324499,0.005622072457755424,104,104,8.849634841848534,0.05391973494740798,-1.6721505953877733,1786.4699213656593,0.004973420179614773,104,104,8.884865557194786,0.05389098464891473,-5.549286281832535,2570.234587613141,0.0034669055206016934,104,104,8.910760481037414,0.053851044811638826,-9.948986951610559,5755.831571984568,0.001551045536030521,104,104,8.9275568658702,0.053851016202351665,-14.634405690969992,11267.742949788779,0.0007931560604203997,104,104,8.937078607884201
AG73BVBKUOH22USSFJA5ZWL7AKXA,0.04713224288196971,-0.8846283026692449,849.4309948973544,0.009097672094241704,709,666,7.7278446582616285,0.047096694966566766,-4.841524508189335,1283.6183879992086,0.006045746267819553,709,666,7.760431078550766,0.04710820695019158,-9.54763111386203,1694.8441123213722,0.00459212016360744,709,666,7.782927822362327,0.047127611853327034,-15.186731162573953,3071.055632117398,0.0025385746225247727,709,666,7.796103892055001,0.04715079069339201,-21.634763716052444,5339.662216447733,0.0014616797368229295,709,666,7.8048760632606635
AG73KPN6A7OHE4TDURUPA23EKGPA,0.09820387459027746,-0.45202181413875475,1575.4993181066561,0.006779622190149665,82,86,10.681290137601552,0.0981591930708483,-4.188783557701125,2472.5996058728247,0.004332842901001506,82,86,10.71338564932519,0.09820084052198463,-7.818100074582194,4634.383045194109,0.0023175589809977136,82,86,10.74045604777314,0.09824011004383204,-11.863288936347386,8400.875023708684,0.0012803031397945902,82,86,10.755666669876181,0.09828893233923341,-16.914034511496535,13847.545275302244,0.0007775329495539665,82,86,10.766922721987847
AG73WJW3CJUPPVWTGBJ6QBHUJ5XA,0.07167632644292321,0.6914994920043825,1119.66419219471,0.008923586925841684,194,187,9.991420746801804,0.07176385952342823,-3.14977792504899,1830.168847729166,0.005477476142829173,194,187,10.024706200785664,0.07180700659631079,-7.195691405281528,2542.421854257884,0.003953499809184184,194,187,10.051464315674245,0.07179605781157594,-12.386157581802136,4466.617000839456,0.002254152579990238,194,187,10.068436236270518,0.07181846815034731,-18.149066890506763,7243.031141436744,0.001391537614128608,194,187,10.078950273614096
AG773IIH5JWYUNOQQVNEXQGDRN4Q,0.10185611347871937,0.5311658927097598,932.1303106944539,0.010496692866688589,369,424,9.784285583090693,0.10189766194838379,-3.0545051588068404,1509.3654875645614,0.006510618883014854,369,424,9.826903444708755,0.101959308519316,-7.198850317377015,1873.5969334925276,0.005261279526951418,369,424,9.857517187943193,0.10200223476302206,-12.428263789530886,3356.831545861802,0.0029418340638174517,369,424,9.875241388113244,0.10201006313899552,-18.239878052444695,5598.047814102098,0.0017661707562204223,369,424,9.887108341190784
AG7J2BQ42YTOXPDVY4T4JZWUDCRA,0.08764286392549403,0.7518424691903934,1457.7814958069262,0.005985974997356618,117,153,8.726243585509392,0.08757185032191639,-2.476550125675842,2013.2365026372288,0.004355296869199146,117,153,8.76824263689336,0.08762339021245924,-6.313311247051498,2765.9294735978297,0.003178647253526207,117,153,8.791914124698929,0.08755295634665605,-10.990658028895368,4281.476065744663,0.002057199330012705,117,153,8.807849693915353,0.08752984694656074,-15.76198661371598,7282.241807720983,0.0012110130288710474,117,153,8.81888970853956
AG7SVRGJ5BM4KRSN354GSHDUY35Q,0.12998010079308148,-0.010132916348827674,1429.5115527357236,0.005224975416011938,94,95,7.469162719949209,0.13010426664291036,-3.67053467070614,1998.3323600084052,0.003756825520561657,94,95,7.507386008643781,0.13014378601595789,-7.6544890795858525,3001.037789552666,0.0025091125678987185,94,95,7.529941634505583,0.130145500888321,-12.561683227195408,4494.2623402612535,0.0016786074364269353,94,95,7.544102185616062,0.13014083766212292,-17.69776564483991,7889.9188908984115,0.0009574341938276626,94,95,7.5540781326729665
AG7Y5UMCEMWJOXKMOJKW3WNNHG6Q,0.08823138651419049,-1.0080528770454085,1190.824823603435,0.006992976490961536,139,145,8.32740999631224,0.08823261563190621,-4.739459006135426,1962.7764254953856,0.0042573684676887776,139,145,8.356262463026946,0.08816371047210558,-8.771995076048952,2701.0549690329894,0.0031017272713979895,139,145,8.377935858994675,0.0881729108473045,-13.818201152490674,5188.961393784597,0.0016169527265475154,139,145,8.3903052736298,0.08815747989437595,-19.795423058227055,8949.637371259854,0.0009383437362107977,139,145,8.397836168679754
AG7ZCPDIT7UCFJYYA23SOBDVJQUA,0.15129295146780297,0.2625449110168504,1232.0285091825442,0.006322791112575994,102,94,7.789858908299642,0.15136145987843463,-2.076734232369696,2349.92660286771,0.0033282162908484948,102,94,7.821064001962573,0.1513322867787117,-4.955048498225024,3894.36226031892,0.0020135535564712744,102,94,7.841506979452673,0.15136398242053573,-9.684006242262294,5291.531253945472,0.0014843434439470726,102,94,7.854449725234993,0.15136568682775464,-14.155200506154687,8456.429637105872,0.000929941282192623,102,94,7.863983019501933
AGA4ZROJLSQMSIRXATGSO7LJPIKQ,0.07802140382562406,-0.9109007846067387,1263.0091988013924,0.00631586083789371,196,206,7.976990336609225,0.07795362971687236,-5.020170771204943,2009.9559363717694,0.003982512818497224,196,206,8.004675281215162,0.07796549412495257,-9.774413087486389,2864.0242942095965,0.0028023052075186352,196,206,8.025870194123437,0.07798927969717717,-15.423635142953902,4346.599813477015,0.0018497529471588087,196,206,8.040135815099037,0.07797820499566266,-22.012871691702635,9861.986800813762,0.0008160152993795253,196,206,8.047532111742969
AGABRCVDMJACNEUZQF3K5N6ASOTA,0.10045601672408233,-0.12019297677414625,1174.2038959028905,0.006729717741031832,109,119,7.902060789846377,0.1005111754262542,-3.5868200201971434,2366.9888957994654,0.0033519156045318877,109,119,7.9339470155839305,0.10053655923288685,-7.7477379272348825,3069.059045415855,0.0025932098908483447,109,119,7.958714272169975,0.10059298622938595,-12.691879615809592,4494.44773300656,0.0017741981764322072,109,119,7.974040971970107,0.10055843271219811,-18.766770795497717,8141.551184331181,0.0009805530359431964,109,119,7.983222731082866
AGAQBOI26SMK7M5KPF4PFK2S4OKQ,0.09553639709265499,-0.26438268366244044,982.9652740095539,0.00845651013757527,196,198,8.312455804546245,0.09551707914235674,-4.061244608293978,1355.6015633822733,0.006156608054939376,196,198,8.345907504407714,0.09549879589861499,-8.384242950964376,2470.6011783066847,0.0033876152829090504,196,198,8.369446309604832,0.09558354864408053,-13.518811668732138,3840.802469496143,0.0021831158442325014,196,198,8.384916725724349,0.09558280138550523,-19.64282470255034,6334.794926621267,0.0013252632526858613,196,198,8.395270929551993
AGAVE3RJU2Q3N3WVKPORQ2PYU26A,0.05461636713356077,0.3088861232230762,1004.6537707430984,0.00879053082840223,185,207,8.831439943587753,0.05452785017023731,-3.2975616352965376,1282.361360110754,0.0069132203352597656,185,207,8.865246631869036,0.05453877840173538,-7.1583656839423595,2562.1211180516284,0.0034708333740301298,185,207,8.892695484840981,0.05449957826609758,-12.227624370529371,3824.9734440442103,0.002328622413422419,185,207,8.90691889254689,0.054439668156488485,-17.361975071805258,5929.17499502683,0.00150410695056051,185,207,8.918113321109432
AGBIKKQCO7YF46LVG5FMLLUAYGOA,0.10029849380447309,-0.38572230930272045,863.2965962694236,0.00983518690963249,217,221,8.49068338275932,0.10025688365247859,-4.295586607884133,1370.373363493194,0.00622159333422771,217,221,8.525905783712462,0.10026501339077121,-8.794071788667498,2516.4215465799275,0.0033974485014895742,217,221,8.549412612544051,0.10026518938953838,-14.16321401507653,3763.6316004972923,0.0022754477179829724,217,221,8.563946936680166,0.10022966697709962,-20.08446980428933,6735.20900428228,0.0012728715721915258,217,221,8.573056074319307
AGBWD5VMK2NVIAIXF7OINPOSC46A,0.057273340665134564,-0.499759702924157,964.75769446262,0.008752306035038357,437,412,8.44385459159488,0.05724892593716846,-4.614642595650448,1410.4583343529087,0.00600881774461102,437,412,8.47518706749426,0.057248872519031324,-9.179914928311755,1891.2649108239777,0.004493870617325119,437,412,8.499099812329884,0.057229717964144666,-14.748894643865794,3399.0894003294698,0.002504110575965465,437,412,8.511695716017135,0.05722068292760585,-21.245716130488237,5339.041126414628,0.0015959642211743584,437,412,8.52091861313619
AGBYWW4V2ZDUCJGRQNQWLSCPPOVQ,0.0622948946736856,0.21815027804706907,1194.1236669690493,0.006707207238367223,182,180,8.009234902600419,0.062362629512987766,-3.403475391449369,1608.5548574899271,0.004995213394977273,182,180,8.035074770689443,0.06243698628802247,-7.583267960145546,2670.971690541992,0.003016551496966494,182,180,8.057123651459573,0.0624538291800002,-12.89521813073147,3885.147973581365,0.0020773542806842376,182,180,8.07082877401094,0.062456030067604085,-18.781590836641822,8121.191108949837,0.000994866877704932,182,180,8.07950404180598
AGBZTDO6WLH4VW2YCOC7CKGJQNJA,0.08389714049229136,0.26714766527303463,1289.3806469126735,0.00640745760269606,138,144,8.261651828829773,0.0838908919481689,-2.697110796678075,2480.254730016478,0.003344336682555586,138,144,8.294806875676109,0.08388157008939301,-7.010169234971247,2809.9268808392317,0.002960109679595884,138,144,8.31769175892888,0.08388903889878052,-10.907131787284262,6983.136003335276,0.0011928620116072402,138,144,8.32991766026546,0.08390176890955126,-15.99757557854722,9576.250686607655,0.0008707571518198369,138,144,8.338588772983238
AGCXLRMTTQO4VGIB3RWMXECECWTQ,0.09608949749023588,2.061564280311508,1422.9533845249239,0.008967697359250525,195,173,12.760615308740757,0.09612777536926975,-1.195451326981074,2186.038852762783,0.005856048918566953,195,173,12.801550459666839,0.09617602934997183,-5.0123209171596335,2911.7487662048347,0.0044061250103188156,195,173,12.829529062540075,0.09617435866733892,-9.888047954699037,5457.058402449187,0.0023536812293038184,195,173,12.844175929059334,0.09615491557171674,-15.625097860762187,8512.169547922776,0.0015102709338459916,195,173,12.855682252196743
AGD4PHFQFZ3D7CQ5PWIDCVX74ZYQ,0.06967921751494338,-0.033979017277734384,1347.5584681282617,0.00752423763349704,169,144,10.139350139228288,0.06967288248635378,-3.561174968627215,1838.7325330669726,0.005532035978359681,169,144,10.171934527506924,0.06970506909565272,-7.8726818292796,3165.9755676316536,0.0032199565803383546,169,144,10.194303862186,0.06973070417660077,-13.362909608616146,5259.974225963852,0.001941120823383754,169,144,10.210245500480276,0.0697040284956601,-19.47889828967113,8772.354449243043,0.001164902548209217,169,144,10.218938051717682
AGDGBICJ5Y4GAZHCEQMQA34JBJBQ,0.11262379741679585,-0.28947116799276007,1295.9939290268417,0.007424973557799625,199,194,9.622720654093143,0.11257919976189934,-4.210047647865185,1682.2714100508151,0.005740503696992982,199,194,9.6570852487423,0.11257989047735867,-8.51618335514309,2594.3615740870773,0.0037326889190797677,199,194,9.683944699681177,0.11256618803458879,-13.740775804186505,3896.588953466251,0.0024890044947359297,199,194,9.698627419315871,0.11256107698673301,-19.77553712167381,7641.787632760091,0.0012704825211698693,199,194,9.708757617913767
AGDOGDBA3K4KIWTOCBCWKC5C6NEQ,0.11207609215157399,-1.524754431396338,822.3548132678416,0.0072462725488131935,123,142,5.95900710876716,0.11229676383153075,-5.10451115909959,1660.302440911774,0.0036059601578174584,123,142,5.986984451854932,0.11232348671847847,-9.521409353168174,2441.7619795964383,0.0024601829082030527,123,142,6.007181088103208,0.11229511426142452,-14.97236087122088,4445.4890671499015,0.0013538763874924376,123,142,6.018642678870036,0.11222479690812637,-20.649805468145733,7132.122917493354,0.0008450255079828267,123,142,6.026825791350782
AGDU4N5YF4PWUEJSUPMJUGYYJLSQ,0.11595577652043232,0.003984288312743338,1094.7474236104858,0.007455164531957426,140,133,8.161522163952666,0.11596454855062904,-3.2964356294179504,1714.754910600404,0.004776977329396271,140,133,8.191345333409059,0.11596082460925472,-7.560266887392444,2522.5252681795755,0.0032564224218938048,140,133,8.214407843093653,0.11587590809166298,-12.775142993152473,4640.384103224286,0.0017736679328974841,140,133,8.230500480216165,0.11588967378650317,-18.14592386875102,6565.4742006498545,0.0012550619005816,140,133,8.240076528487068
AGECNBG33ROS6O4KC6IL2HK2XNBA,0.17076923488211893,0.9428112078953971,1813.535889490274,0.006077132781086256,90,91,11.021098403697767,0.17070898244925237,-2.2189373990943886,3633.9007735774057,0.0030418589970177524,90,91,11.053813762376201,0.17068155209024416,-5.934697396002864,4824.323273784169,0.0022954165285432116,90,91,11.073831381679879,0.17069364414812338,-7.928845188943101,11907.990067893648,0.0009312664406815532,90,91,11.089511526198605,0.17071887342190617,-11.148370483589048,17881.465073203137,0.000620765727708567,90,91,11.10020067866227
AGEECCQF4MDXAP7RJDDPHK4U54FQ,0.09669866283392559,0.35396278607994186,1226.2811854352876,0.008409264073669978,185,213,10.312122316898396,0.09664198459942941,-3.2071379616775593,2051.9590876779935,0.005041990355313395,185,213,10.345957929570115,0.09662114830585256,-7.391167298375793,3274.2343923971594,0.003167410426976038,185,213,10.370844154842315,0.09660782101190635,-12.079045162808118,4995.551819292442,0.0020789496030190245,185,213,10.385500471578988,0.09660860843131025,-17.314311415111685,8136.454092248937,0.001277629052351392,185,213,10.395370131380615
AGENXWWALUHJKAUVANBE4SANON4Q,0.18297788604472065,1.99819129800363,1561.462390789932,0.006914524527261228,115,155,10.796769999512941,0.18291537514096917,-1.0502352565026518,1932.29227545259,0.00561405360158866,115,155,10.84799240832656,0.18276282671343247,-3.9461160664645485,4912.575982561155,0.0022144519611899875,115,155,10.87866351907738,0.18275631599973757,-7.763126878691674,8529.492329724946,0.0012778115718401189,115,155,10.89908400084407,0.18275875970285754,-10.88540542594992,12204.949480437483,0.0008939126392001932,115,155,10.910158601362896
AGEOZXPAYILCESAOSE2D3MWKWYLA,0.12447309417242025,-0.9594494834624678,1069.2843881805802,0.007905995137669973,160,143,8.45375717374208,0.12440790116840711,-4.514421058959317,1692.3816445777902,0.0050126310868270916,160,143,8.483284842386189,0.12434988796561613,-8.86987083013725,2442.9054930708753,0.0034827173625218604,160,143,8.507949375717963,0.1244218880308503,-14.075941365556062,5132.601591135343,0.0016601736566650462,160,143,8.521009951759996,0.12441452543412213,-19.539494280521282,9444.696202202254,0.0009031810131072968,160,143,8.530270284395671
AGF4BUNATUPXTAIBIMBR7DBCSA5Q,0.05488661206087894,-0.23870719323725528,1043.3714677607502,0.00781561102421936,414,392,8.154585545786853,0.05491963555619356,-4.047605140719037,1327.8458743824845,0.006164919042463833,414,392,8.186062316437617,0.05495672097324944,-8.584263500328317,2107.6773563901897,0.003894196159145341,414,392,8.207709065972283,0.05495724429401244,-14.032703629247543,3906.7047583560825,0.002104442828252582,414,392,8.221436810822695,0.054958116898430776,-20.34687236132373,5979.945522049947,0.0013764708883772965,414,392,8.231220925183926
AGF6TCJ5DIUYHXKWWLFKAY2HUIXQ,0.0297164777124187,-0.420772410633337,738.2048649367815,0.009300148238072225,366,374,6.865414673978153,0.02971751326636729,-4.186770832094747,1143.653982577301,0.006030943967224136,366,374,6.89731308681643,0.029708963947936984,-8.695601829936065,1564.075704368204,0.004424362751745923,366,374,6.92003828731745,0.02970197628538007,-14.533215809563044,2834.4522003121356,0.002445917235662217,366,374,6.9328354904041465,0.029692794524242117,-21.073710924823796,5391.18724553766,0.0012876208275159067,366,374,6.941804982392403
AGFFCGQTNV2DUYSKVMV3QMI7MJXQ,0.0252108418158995,-0.07195910065988892,861.2759717015435,0.009292302822342339,1227,1137,8.003237142657893,0.025202051269287207,-3.9143641845169657,1164.8657691636504,0.0068995637571092755,1227,1137,8.037065642818742,0.025196238415769567,-8.431117633586709,1642.8384814650612,0.004907115130518554,1227,1137,8.061597569395328,0.025181894391631543,-13.89438752359167,3056.489589747704,0.002642138556095968,1227,1137,8.075668991378356,0.025185632769410327,-20.209706297573906,5075.8097648307785,0.0015928824436360544,1227,1137,8.085168261635397
AGFN3252BBTYUJUUDQMAGYZNUT5A_1,0.15702718603170696,0.04690212330553804,1177.431823817899,0.0068214740235234975,189,242,8.031820600643693,0.15706935031709174,-3.7355162490904656,1628.8849521566563,0.0049510716031030706,189,242,8.064726031344724,0.15704021761913156,-8.010871012412805,2842.3471433104146,0.002845914589420438,189,242,8.089077203344614,0.15700196569442149,-12.93384479774491,4771.970484914155,0.0016981006082081882,189,242,8.10328598278425,0.15700973350392922,-18.91519509959926,7291.875174039876,0.00111257372255544,189,242,8.112748706791141
AGFTTJHW3JROK22D5O7AJIWHUGUA,0.07708537894362066,-0.16011957626589754,1273.1273103616984,0.008186286236046074,260,301,10.42218457754833,0.07710291538096858,-3.792267754609042,1900.8252256533349,0.005501622530494916,260,301,10.457622887987469,0.07710068166994422,-8.117718603607525,2897.16324266867,0.0036185672933181875,260,301,10.483580153324512,0.07709260638778037,-13.258688194614328,4171.962290534264,0.0025167371842875846,260,301,10.499732628033184,0.07709755230212079,-18.82771782194042,7854.892790179245,0.0013381260106430806,260,301,10.51083635335165
AGG5SZ7EMJI66IQ6E3Z3YJKQD56A,0.037757902246142526,0.4817337116815365,1238.286644267811,0.006765726557454543,122,120,8.377908834863995,0.03784058969221717,-2.4296623527273424,2879.7722520614902,0.002919502185846272,122,120,8.407501384632962,0.037847117892308,-6.355608944613133,3681.5765697935435,0.002289559688234774,122,120,8.429189303348954,0.037858678701565986,-11.362441515678592,5129.7987401232995,0.0016459552852638754,122,120,8.443419348645914,0.037858064330631054,-17.30796064451213,7042.9085857078735,0.001200206721515922,122,120,8.452946223588786
AGG6BKDYWE6N6DPLJJB2WGTUV5UQ,0.11338666874812309,1.5631391650720732,1528.1636501900123,0.007331125293866356,174,162,11.203159189075137,0.11337932095081626,-1.8851406757743943,2415.8943437871267,0.004651723933279489,174,162,11.238073539269124,0.11329968010825808,-6.059792226457547,3346.6657278621838,0.0033647921013331295,174,162,11.260834406912965,0.11332943129237971,-11.033157384337242,5119.105689338551,0.002202702756677111,174,162,11.27586821362751,0.11335116080857266,-16.486951665975617,7469.1165420782145,0.0015110168027915045,174,162,11.285960597088161
AGH2BA6TQ43WVJL2HXW53TOBIWPA,0.06998899978762171,0.4748903740470079,922.1247302628873,0.008858607989914204,213,221,8.168741503204293,0.07005649615004414,-2.971913077544584,1942.3773385750608,0.004222228875116639,213,221,8.201161685303829,0.07008347346930174,-7.140882553992593,2293.6609489549796,0.0035858380396453,213,221,8.224696680811704,0.07008541572314084,-12.342191244829612,5083.363477326214,0.0016208642487679252,213,221,8.239442123890662,0.07004599712287027,-18.166579958838422,5755.813861045009,0.0014332597554980624,213,221,8.249576367173727
AGHETJ7PN7P2EEPPQZHFVHGV7TAA,0.1307110313103601,-0.34644510613026946,1022.4125422775493,0.007296854451324758,167,164,7.460395510208198,0.13067102110742956,-4.097272783149322,1572.1359258620676,0.004765471235784751,167,164,7.491968533439511,0.1307799280576485,-8.694314957083115,1852.9987921919571,0.004056662801992485,167,164,7.516991272422116,0.13071254530539744,-14.111340004824065,3950.8926828438525,0.0019061482322662424,167,164,7.530987103276441,0.13070803821715316,-20.034930904780673,7054.55598770444,0.001068797681361965,167,164,7.539893082696671
AGHL4KJXMKZQKJUU5YIBPEM33YUQ,0.046357224682248455,-0.39590718399369085,1102.912072931691,0.008846940772006913,466,456,9.75739778595804,0.046348493407703195,-4.150858191665878,1499.3143281351377,0.006530218226373799,466,456,9.790849752651463,0.04636941096763736,-8.684466595370706,2124.2409941953033,0.004620569060966846,466,456,9.81520221581627,0.04637880678629347,-14.240674526345346,3700.4489998514164,0.002656185321498956,466,456,9.829078316360825,0.0463656069668098,-20.57206677764793,6745.888069255437,0.0014584612298510632,466,456,9.838616209923899
AGIA3ZNA7OJDRHNPWVATX5FDCEHQ,0.07226928874681432,-0.2306859492720832,1253.454893393638,0.006043642575166598,148,153,7.575433359764699,0.072136852178181,-4.171612602651665,1510.6718740982442,0.005035871384965819,148,153,7.607549262844033,0.07203961812139564,-8.351599361373971,2769.2650717912347,0.002754135744118668,148,153,7.626931919159589,0.07208207341711609,-13.397547347725123,4443.1508500273,0.0017192781431013123,148,153,7.639012142953954,0.07201673953868926,-19.199509426640933,8162.023101446418,0.0009368471255953989,148,153,7.646567881633319
AGIDJMSMKVJIHG23IYLC7OX5NG4A,0.07618468283522117,-1.569466442693251,735.6280149753463,0.008534428473153386,255,242,6.278164676654901,0.07603736130909056,-5.566463176370248,1120.6840846775565,0.005628242423946563,255,242,6.307481709223946,0.07612236928554028,-10.33196614716391,1825.4532731096042,0.003466257070565859,255,242,6.327490314903756,0.07613583522349976,-15.816021783025471,3219.41268005127,0.0019693611988475,255,242,6.340186415170612,0.07613111463269984,-22.249490549238907,4976.13716334448,0.0012758226554953553,255,242,6.348668529847279
AGIGXAVHVBQFXBXMOBNJ6HFY36MA,0.08226881015294418,-0.6448074807696765,782.4655817620691,0.0099805941975115,587,607,7.809471445086968,0.08221547725488942,-4.580051229624572,1142.3044010798087,0.006865821462873647,587,607,7.842858074068777,0.0822041053023882,-9.204429690528643,1646.2235734283497,0.004778301694610658,587,607,7.866152890620696,0.08219577314942172,-14.868601779047443,2790.5363610261334,0.002823926161379221,587,607,7.880268634181668,0.08219335144035222,-21.230502984745552,5273.821033277197,0.0014960042121189617,587,607,7.889658479744262
AGJDDGXMJFWUVAPWYWT6452FFQSA,0.12617469675222526,0.7416726799319213,1163.2600447395457,0.008628911626592826,128,108,10.037668124803957,0.12618037288744444,-2.2548579023997797,2102.71672950545,0.004791523113243218,128,108,10.075215810028553,0.12622571794710458,-6.1385484223019375,2954.607210491733,0.0034192439118391036,128,108,10.102522716349775,0.12624175667006987,-10.339299133959488,5256.366567816145,0.0019250138886052755,128,108,10.118578646646522,0.12625017576791608,-15.627482453101472,7221.356832722345,0.0014026568763794763,128,108,10.129085818207912
AGJRXFVZAQM4Z5DYKNOKK5WF6F7Q,0.0734463566022715,0.3735157047764257,886.5898096570812,0.009113626416274804,276,290,8.080048309690826,0.07320927955709511,-3.0221859017519503,1377.0043262421734,0.005894538197063476,276,290,8.116804598556147,0.07322528274063445,-7.064450018626623,1915.7048620568871,0.004249965891994691,276,290,8.141680322870165,0.07323118157117292,-12.39719707206232,3135.263337259859,0.0026016863505912815,276,290,8.156971830058245,0.07324589249309865,-18.28994650832157,5437.77145131517,0.0015021295836241597,276,290,8.1682373660074
AGK6P7T6FVUJW7W7Q5UJKJWF3NGA,0.054435157931227454,0.178573717892397,993.8468284548533,0.006729757500859053,155,152,6.6883481484990295,0.05443798063482726,-3.44522167215292,1185.5683862530805,0.005672005245270099,155,152,6.724550105453879,0.05446493663842185,-7.839446688099752,2150.273630645858,0.0031373509737449177,155,152,6.746163068924801,0.05441440595674481,-12.703498723480052,4328.85940058388,0.0015617881445012542,155,152,6.760761291044711,0.05439952660307747,-18.37811810389093,7668.023588249122,0.0008827592375482466,155,152,6.769018656264765
AGK7DEPABLFQZEYK6ZY4MD7EW53Q,0.06614391226007088,-0.43288229800536376,1066.7981323889712,0.007008017330363316,184,194,7.476139799781129,0.06611748514401028,-4.104654002574689,1790.8886575885851,0.004190116508756798,184,194,7.50403212950723,0.06612673088327892,-8.398217254580024,2702.449955275701,0.002785337730225513,184,194,7.52723582447566,0.06614263155581135,-13.376530793704887,4439.255990280055,0.0016985083544642408,184,194,7.540113387096099,0.06615683942336081,-19.44642249133505,7542.00894273096,0.0010008877185726237,184,194,7.548704124144317
AGK7LQIMYOFD5UR6JTJYQNQHIP4Q,0.1753067104391226,-1.4498418658928427,1233.8992818647532,0.006529098176421032,90,100,8.056249551110382,0.1753187457595211,-5.228590339168405,2625.4247923817347,0.0030785807794166203,90,100,8.082582303630279,0.17532456181448552,-9.114047164494586,4083.7232724458177,0.0019844241573249498,90,100,8.103839113671578,0.17533328185613228,-14.150678352768983,5966.857217009524,0.0013607452048677692,90,100,8.119372346176352,0.1753326297372022,-18.678215195542364,12870.380345529004,0.0006315682956646543,90,100,8.128524179381618
AGKSE7R54LFVQ4E3VXSTOX2H7B2A,0.07575748897537293,-0.3493210509295617,929.7220763284746,0.00928510704672581,277,252,8.63256900241407,0.07579776504899044,-4.189423584626647,1532.8489925071829,0.005652829795656231,277,252,8.664934457086238,0.07574425481593716,-8.692696819893717,2194.44446192928,0.0039588128902551326,277,252,8.687395022834622,0.07579685397853608,-14.277354570725384,3767.2383043577374,0.002309754751822893,277,252,8.701396574739501,0.07579918145993031,-20.300765535775657,6908.5264906829025,0.0012608460516919551,277,252,8.710588348786816
AGKYAPJAIV6AKVK7MUVYNQB2RRNA,0.049491173581354686,-0.46174572920300566,772.9411524613375,0.009178676810367962,508,531,7.094577031875966,0.04952065758956581,-4.375226598306541,1103.0745287706268,0.006463029187502574,508,531,7.129202875435208,0.04946587204180908,-8.854897821726457,1709.5527301126574,0.004183098292005719,508,531,7.151227105427971,0.049451267707969815,-14.52625441766986,2769.5521379233282,0.0025871877825805393,508,531,7.165351454455047,0.0494691601600038,-20.765211305663282,4696.335979724865,0.0015278570155296545,508,531,7.175329873906969
AGLGVDWNM5KVHS3PBM5HX464YVGA,0.04839497565854639,-0.5279508324828082,923.3950355728365,0.008368631307095005,329,285,7.727552603510945,0.04839698421220506,-4.285877691445847,1314.4128031005205,0.005902629042576026,329,285,7.758491185514896,0.048391305854150746,-8.801321215051718,2037.7010591762828,0.0038182627589223497,329,285,7.780478068069428,0.048387958843319145,-14.345380442946347,3166.8560246609645,0.0024610925679002657,329,285,7.79392582590328,0.04838721042426991,-20.28744298583628,5656.423972095823,0.0013795864425293642,329,285,7.803525825101492
AGLI2MZXMBJZN2LUL3A23ATGMRPA,0.04391918563348396,-0.31854244055420866,989.17800241233,0.007586976592793728,197,187,7.5048703504088055,0.04386866721186089,-4.061661859577543,1343.312957981227,0.0056132387843716,197,187,7.540336395289161,0.04392028215535981,-8.470147445970172,2287.1307550530455,0.0033075776327998,197,187,7.564862528701972,0.043919981684218456,-13.60775974968016,3863.580259912462,0.0019613624253999036,197,187,7.577881149309097,0.04392808378119761,-19.63134434513853,5497.519158398793,0.001380178134580594,197,187,7.5875557368599225
AGLL7CPD56HB3XKAZGNJ5IP27FNQ,0.08288132661278858,-0.3747241457961663,867.36412646081,0.009019763356392626,318,335,7.823419164500713,0.08294651422466282,-4.274115147764662,1483.6884020324544,0.005294172722606708,318,335,7.8549026668881545,0.08293507855267612,-8.867761537860277,2086.0784028103067,0.0037764609279836805,318,335,7.877993580923724,0.08291455853200191,-14.345860080181668,3780.474992822591,0.0020874383455320366,318,335,7.891508464342827,0.08291231464520332,-20.5843342712991,6680.57522619899,0.001182519540958304,318,335,7.899910749822247
AGLOSDW6BQHIKTVEKCI23IAZCY7A,0.07263884698535109,0.8268481160997109,1226.086950779697,0.008258789715953632,196,195,10.125994299964308,0.07266418828953466,-2.7133624148167956,1824.52043187346,0.005567466726740048,196,195,10.157956796712872,0.07266927537265669,-6.622969633486629,2996.1385479973897,0.0033978671922893283,196,195,10.180480875793716,0.07266861755288137,-11.540296448194916,4926.307540088539,0.002069546609974003,196,195,10.195223069279606,0.07267423210862553,-17.00500149191108,8190.704250105506,0.0012459234469752096,196,195,10.204990472445951
AGLQET6T4ZX4C4UXTNEMYHIWLFHA,0.16580255740244265,1.6228663797357643,1401.5344815333526,0.008854707193842081,193,190,12.410177456051109,0.16594109523018152,-1.8555340557378235,2008.2820341053934,0.00619903102823916,193,190,12.449402642874588,0.16588655232617527,-5.8262421116399405,3730.8007629968865,0.0033435007805262774,193,190,12.473935263068121,0.1659627026554193,-10.443404334826308,5849.337277419914,0.002135502843856038,193,190,12.491276390603362,0.16599372123272332,-15.685087516753192,10592.509580862748,0.0011802972502064654,193,190,12.502309931077942
AGLWDF5SJNRNIW2HHSD6ZPADUHQQ,0.052546928824837885,-0.7308815651734871,860.3941734513601,0.008820843631766686,251,243,7.5894024656975905,0.052613741862799795,-4.69086160692112,1447.8687665143245,0.00526357404182044,251,243,7.620964455387379,0.05256504203690446,-9.23368888210801,2021.1332132750138,0.003781989712858489,251,243,7.643905020922725,0.05253347531474714,-14.795238830645248,3405.831215170326,0.0022482845639894785,251,243,7.657277748620972,0.05253797421204218,-21.382510558147594,5714.636102690164,0.0013415500154666778,251,243,7.666470151950425
AGLX23K3YYZ4NMO3V4CRUO7DSTQQ,0.044269402134886726,-0.7726615891050437,1293.8239357084262,0.006722228482670393,179,175,8.69738011217989,0.04433254213252624,-4.400796726263827,2052.250946143608,0.004252347408645525,179,175,8.726883992724098,0.04429702886300135,-8.806584401474986,2939.5963156853886,0.0029759560885878745,179,175,8.748109553654416,0.04430485252766203,-14.333934614769195,3975.3259246120247,0.002203878372600339,179,175,8.761134829289887,0.04429593758509609,-20.663856756961962,7391.153458884406,0.0011865822063822327,179,175,8.77021117895273
AGM2A2VZQTAS3OVZNQZ4OYO3BWHA,0.07561942495998572,-0.29005884204241866,1040.6119713852652,0.006551669778706732,148,164,6.817746004285277,0.07560941716170685,-3.9930030775868675,1629.0054620593794,0.004202474422048827,148,164,6.845853787682373,0.07560875222150451,-8.128581660934959,2618.026225461444,0.0026219799482255497,148,164,6.864412267088528,0.07561907736441828,-13.517779630281844,4203.798117741617,0.0016358204902783351,148,164,6.876659097995233,0.07563807954058313,-19.09185766174342,7828.403669095579,0.0008793954437488925,148,164,6.8842625184297646
AGM4CTJZTX4ODUQDZKC5NP6D7U3A,0.13875573203462221,-0.35237244297841924,927.5803062256264,0.008464141202232902,140,135,7.851170688304137,0.13849163809129217,-3.6174451159019227,1796.0493576337872,0.004389547647399367,140,135,7.8838442324145355,0.13853783939196984,-7.667663695927504,2523.7149905219676,0.0031330372317403027,140,135,7.90689302760645,0.13849928410549106,-12.664937233600405,4136.352935865479,0.0019149082500661996,140,135,7.920736362074352,0.13848357558492475,-18.510166394337222,7664.993483421783,0.0010344621523607,140,135,7.929145656691237
AGMCZMRV6MJ5SCCUIEILXUKJ66WA,0.08140801210002252,0.7184612268158027,992.7743115903519,0.009898614239119058,388,370,9.827089936939878,0.0813659540028237,-2.879101524457671,1479.948548839197,0.006665857569467786,388,370,9.865126236702627,0.08133395479606281,-6.9977151637606125,1959.07562587756,0.005050358135929133,388,370,9.894033526051194,0.08132961617099976,-12.22588943108268,3520.679106642407,0.0028148243062026254,388,370,9.910093123716793,0.08133252989460904,-18.350475933305926,6367.946242220888,0.0015579178559155227,388,370,9.920737156266076
AGMGJENGFBLDLGUGIJXQ7V4NPVMQ,0.09097437829840549,-0.8752742470108067,979.8438883714534,0.008398945871329057,335,356,8.229655780784428,0.09103898327199234,-4.728232429704643,1294.4465022282784,0.006383516217243392,335,356,8.2631202393282,0.09104642848872102,-9.256324502887601,2402.7394124612906,0.00344766632492285,335,356,8.283843759907706,0.09105344298616813,-14.659021560757385,3129.310784908187,0.0026518737017722396,335,356,8.298536975170267,0.09105488802704309,-21.01176056614162,5062.010742666782,0.0016413635817615541,335,356,8.308600083499014
AGMZV54XEXNBFMAGB3OERT4UPB2A,0.12371564119849554,0.2082422935685839,1762.8633934793272,0.005370333408431704,100,100,9.467164176503315,0.12374698308242427,-3.0891093133327656,2376.805173583854,0.003996032491154872,100,100,9.497790698786076,0.12400644873550015,-6.935280600862998,3321.3636186255694,0.002866176307653473,100,100,9.519613712806812,0.124064386909913,-11.860486281700348,5951.8191771027605,0.001601679694931461,100,100,9.53290792386917,0.12407255746386026,-16.567058325976028,13111.563492696154,0.0007277527942037381,100,100,9.54197696818935
AGN5KJZU3FYSKVWXWM66LXYWL5CQ,0.081863962511188,-0.0012397920875023545,1000.0508309692951,0.009765939466337824,577,584,9.766435878506975,0.08182195825684513,-3.722544958220588,1410.4228026313028,0.006949546228205588,577,584,9.801798468201525,0.0818451987458454,-8.10608438435317,2136.1637634881363,0.004600364766792448,577,584,9.827132513649579,0.08187377347984703,-13.514718266896631,3677.542374317786,0.002676120240869759,577,584,9.84154558456806,0.0818809681653122,-19.71927319164086,5542.345817209362,0.0017775439353715455,577,584,9.851763195112355
AGNWFBNXATPJXGLZ24PZ42I47Q6A,0.08729655583707574,0.5144321145612051,916.8645407903222,0.007895337754442263,149,139,7.238955224611199,0.08741469528402868,-3.013106948781992,1494.5058097217905,0.004866080562000398,149,139,7.272385670483869,0.08738991421789022,-7.425527892779039,2662.4528745362386,0.0027389677725157837,149,139,7.292372619196767,0.08736141642840933,-12.567723873630833,4316.43341343694,0.0016928687115705127,149,139,7.307155071184903,0.08735888319883656,-18.011541222255786,7356.755771725324,0.0009944187202783116,149,139,7.315695659919179
AGNY74UEPE5T4CYNABHAAL62NGJA,0.06583911660390929,-0.5077456604708392,807.2579218679113,0.008150122818938904,170,142,6.5792512097848626,0.06585774857669802,-4.087707858756762,1355.4126028798573,0.004877907874356319,170,142,6.61157780858945,0.06594246090941558,-8.188569341919708,2161.33182860065,0.0030688106980044758,170,142,6.632718237547252,0.06602678535285778,-13.449478841805497,3680.376252959673,0.0018058458805218106,170,142,6.6461922951775225,0.06602278803915129,-19.177999763417176,6006.859970370999,0.0011079981772293226,170,142,6.655589898042849
AGO22BUOE6AX3PRTYLVVQKPR4R7A,0.037712125598679425,-0.8898599318460058,972.560694246211,0.0076355131295071915,428,446,7.425999950159573,0.03769516417554719,-4.90011138840542,1484.658210491959,0.005023468223036161,428,446,7.4581333424760885,0.03768764232870825,-9.71977382208344,1990.3769565663363,0.0037572376621354928,428,446,7.478319263057658,0.03771385591200116,-15.379321416075289,3762.4465310000155,0.0019908625732486343,428,446,7.490513982417088,0.03770751063641231,-21.67395880726754,6422.839133613913,0.0011676462416846398,428,446,7.499603975309314
AGOIB5PDEMTQG4DL45T53A62R6FA,0.13221711734379363,0.3483302560587493,1111.4028884673348,0.006992219230096329,115,114,7.771172649125905,0.13219731853072939,-2.694445708118824,1826.2116199363015,0.004272315183362661,115,114,7.802151631887182,0.13225874746992142,-6.242985263208691,3628.7864520889425,0.002155997553473843,115,114,7.823654712782787,0.1322480856388106,-9.491745362635676,6402.987008399277,0.0012237649709699481,115,114,7.8357512104546965,0.13223224989984952,-14.513456876684568,6785.81610714736,0.0011560977317272019,115,114,7.845066609390973
AGOVWHWEHB2MT55YUMFKBU2MCSSQ,0.06851879493815455,-0.6185342429801975,1035.8473218978636,0.0066761714393494,178,162,6.91549430598108,0.06851048263590664,-4.547804087308837,1580.0094897999074,0.004398271271788623,178,162,6.949310348140333,0.06844171710289815,-8.860551685359937,2463.140920299149,0.0028292150783081104,178,162,6.968755431708068,0.06840108505870884,-14.398216563448571,3831.9703072300854,0.0018220727419677714,178,162,6.982128644833805,0.06841345172719171,-20.170803804201007,5181.232954284599,0.0013495333419998778,178,162,6.992246624475595
AGPBLK2TIZU42KPLDX2ALX6CPFOQ,0.07733279253812066,0.34965285888724623,1130.9302802107838,0.007238893083020159,212,167,8.186683382795893,0.07734591766331801,-2.9608490204424407,1936.229447295104,0.004243276531923752,212,167,8.215956974127012,0.07736371766781754,-7.108539654378273,2411.0108898384847,0.0034165557169013286,212,167,8.237353039189035,0.0773746890267868,-12.021476455919705,3754.9110591608182,0.002197511251766498,212,167,8.251459301888357,0.07737152806489413,-17.745006994031435,6972.21521184493,0.0011847648372389444,212,167,8.260435420656352
AGPFJ4F4XFOHAKDDX3AITBNIOCMQ,0.0297599863171068,-0.7429872632049931,704.806762934818,0.010368488897116886,770,785,7.307781096102555,0.029738448494011027,-4.620797300452244,1136.48198519024,0.00645846636467615,770,785,7.339930675411544,0.02973455006765008,-9.103085659787617,1526.5086880580018,0.00482383253860705,770,785,7.3636222799205475,0.02970641674043084,-14.603543196254861,2860.0007177861794,0.002579824237073291,770,785,7.378299169791795,0.02969143085947973,-20.93692613686333,4823.134555523955,0.0015316089290828235,770,785,7.387155951408404
AGPGXSO3TUT5DZEMWXKMOJRGT3UQ,0.08721528741374368,0.3054995299242412,1275.6600826623205,0.007115734008202611,131,149,9.077257833106827,0.08718001162791772,-3.336681525980661,1992.7707536221033,0.004571258384977266,131,149,9.109470016832505,0.08718297031803285,-7.282794063473096,3247.884487532971,0.002811918492863765,131,149,9.132786453179314,0.08723641167864854,-12.1622110693152,4582.8843916433,0.001995946308384842,131,149,9.147191183254957,0.0872249991596179,-17.51264975610106,8772.54587386385,0.001043980117519038,131,149,9.158363472337534
AGQ2HP6PMIPJLLOX2I3VVYRK2HCA,0.11395053229622176,0.4860905768817246,1574.9751704120763,0.005814504494240591,102,94,9.157700206678358,0.11396405997459458,-2.999376206549793,2337.933933534366,0.003931475829177397,102,94,9.191530749903995,0.1138963473478184,-6.235043632788849,3837.077100034922,0.00240090915260684,102,94,9.212473528731955,0.11390164609129283,-10.612353001630924,5824.133925019019,0.0015842461789592824,102,94,9.226861916458509,0.1139464253588941,-15.155127308167488,11627.691948206719,0.0007942707847406851,102,94,9.235536008425097
AGQFUBXP54N5SB54U5LRPL62B2NQ,0.3905753575722976,1.7085361409702082,7909.350636798368,0.0075240974928694315,272,180,59.51072529655984,0.39069106050930286,-2.12007565352828,15286.620484045694,0.003895583742440377,272,180,59.55031023450445,0.39072398981950945,-6.60353022539597,18895.74897933769,0.003153120113430916,272,180,59.580566165091376,0.3907391930142497,-12.311570590438947,29805.288083968066,0.0019994777563380624,272,180,59.59501054514205,0.39075794009796505,-18.96529793179708,55149.80924500128,0.0010807398527242832,272,180,59.602596721214994
AGQPPOLMA6U2DAA5I5SP3M4QJSFA,0.05513269277800205,0.6606631474114784,1265.040474298579,0.006789650331761806,155,122,8.589182476013459,0.05523399087699078,-2.5466437350288027,1581.998571271945,0.005451919700405507,155,122,8.624929176730882,0.0552294254939993,-6.1347226544254365,2357.116753955083,0.0036691585418127276,155,122,8.648635071824181,0.05523751388960936,-10.974097000033028,3760.3133022108473,0.0023039105068287376,155,122,8.663425325931437,0.05525401427757844,-16.625263998071635,5581.500003591535,0.0015542265053716266,155,122,8.674915245313793
AGR7754BCGDRLYBG47FPUV5LF7ZQ,0.10552819921335552,0.20626304377344762,1179.3538271379891,0.006807052793180663,142,149,8.027923763167953,0.10556800197573954,-3.397122695891625,1465.4604238825493,0.005504433448356031,142,149,8.066529374461112,0.1055622550622021,-7.523374699210764,2413.6012188319974,0.0033505641095666013,142,149,8.086925618624695,0.10557075009670122,-12.712401251430967,4450.222770881643,0.0018201770331092132,142,149,8.10019327977841,0.10558113986208126,-18.24520157046383,6404.783321031539,0.0012663421503977623,142,149,8.110647083586802
AGRCXV4NM763VGZGD6BQ2VGNCJNA,0.061117885669153216,-1.34140782716921,899.7478336314723,0.00820568060194898,286,269,7.38304334507539,0.06119462795466657,-5.321573975503062,1498.845148351047,0.004945063379172669,286,269,7.411884254161389,0.06113124467464459,-9.978337468790151,2105.787780462718,0.0035301231700290378,286,269,7.433690234975461,0.061188849346180296,-15.576061456198333,3457.2642139330424,0.0021539969455222365,286,269,7.44693655667511,0.06117165531064883,-21.897778664300336,6319.7130978375835,0.0011796850291184795,286,269,7.455270929842966
AGRISXOWIRNNRSJZTUH6C3E3QGSQ,0.07320732914712225,0.032467685550703555,1231.283059495951,0.006763426507124153,157,173,8.32769248236784,0.07321214349408423,-3.2607894649536964,2187.5384442759096,0.003820255457148118,157,173,8.356955679466347,0.07312187873844744,-7.806526694132911,2675.2136752537635,0.003132567760833627,157,173,8.38028811244118,0.0731132200808513,-12.883218476471159,4082.5424150519984,0.0020560207407025327,157,173,8.393791880144716,0.07311099591586112,-18.63088191705953,7391.0500513249035,0.0011368295602861166,157,173,8.402364179900369
AGS2KXBTAM44IW7T4FPSTTO3ZISQ,0.04208059005976694,0.3988351444405279,921.2137843391215,0.009643932226743788,274,292,8.884123302508655,0.04208158494920011,-3.2797302913004973,1604.0684569929838,0.005557631765194761,274,292,8.914821810131153,0.04206758930346011,-7.515406900870097,2093.3812943957323,0.004269231301117914,274,292,8.937128947208995,0.04206139373716955,-13.063887397707246,3533.4051771079057,0.0025335736276268727,274,292,8.95214217244085,0.04206061277471684,-19.073013621059456,6963.802701179259,0.0012868822856579266,274,292,8.961594336964408
AGSIU3JOYC6CJLFFB7APDN3UGSHQ,0.054062273935864213,1.006251661648931,820.5009965239706,0.01200350475829853,301,307,9.848887615964166,0.05403088665525524,-2.413236726856133,1243.156726876444,0.007958402865327523,301,307,9.893542057224677,0.05403223507469662,-6.216273269802441,1956.9497011092449,0.005070002358414198,301,307,9.921739599921832,0.0540758601343892,-11.245768069287976,3342.0806123435405,0.0029736973459040697,301,307,9.938336246723434,0.05412311027698702,-17.138667428333253,4998.511592762422,0.0019906244673956242,301,307,9.95015947711355
AGSM75HHGVYI263VKMFQMK6GJQ7A,0.05803451681203353,-0.21787404650452186,1025.6367076465037,0.007925301189820332,261,270,8.128479819434244,0.0579985521127131,-4.010332447210243,1453.4600990964698,0.0056157823754453525,261,270,8.16231560791901,0.05799183421871201,-8.111969423524773,2112.3809812790446,0.00387535212559226,261,270,8.186220125860409,0.05798467264412588,-13.150107531742664,3616.2526227372755,0.0022676030820888327,261,270,8.20022559293087,0.0580187203969984,-19.07941572576967,6289.672793853472,0.001305340638621417,261,270,8.210165501448444
AGSNKFQ67XEX7JR3KMPUONRPNGYQ,0.07528100982271622,-0.156807982685031,943.1305935003469,0.008403688746851998,169,172,7.925775955410711,0.07527588164199549,-3.9447221239203203,1455.064866208933,0.005468459199807248,169,172,7.956962853936542,0.07527591595366499,-8.125439219333694,2311.703059459968,0.0034522311116071307,169,172,7.980533222665089,0.07526394823300718,-13.087119480281592,4192.000319696192,0.0019070163688335823,169,172,7.994213227816248,0.07529359477378043,-18.61009775125391,6838.213201508918,0.0011705010228236143,169,172,8.004135546652131
AGSRO7NXV6VMSP7OXAONAB7F57QQ,0.1317660966759724,-0.3036811952232541,1050.318156699524,0.008818767043831709,188,178,9.26251114583983,0.13183699885280586,-3.9318779327620605,1742.3813137300056,0.005333811425346857,188,178,9.29353335848397,0.1317932540635598,-8.184948115152578,2783.410512747481,0.0033466588261274514,188,178,9.315125359222291,0.13181552900901194,-13.650931714910477,4353.867770971499,0.0021425824865619553,188,178,9.328520834890073,0.1318330631854593,-19.920799535366548,6726.67562858214,0.001388128363712163,188,178,9.337489233526211
AGSU4BF54NFDUP5SOHAAVNKQI67Q,0.08558885462471716,2.2128039683700833,2154.687599986207,0.008057106273348439,199,190,17.360546978954957,0.08562637835796877,-0.9070759989231809,2653.0169142557093,0.006558976643417688,199,190,17.401075975195265,0.08563051105482694,-4.850250355055229,4177.460131195813,0.0041724750537410205,199,190,17.43034818541222,0.08563570692932498,-9.518972021819776,7357.353259322877,0.002371667203479746,199,190,17.449193429550885,0.08564036313838386,-15.019874316842314,15575.437549452998,0.0011211005916185225,199,190,17.461632251409107
AGSVNZDZNPCMXG5DEFXMZNRH2LCQ,0.03983198713230873,0.07852746123554094,1013.5185746108468,0.007243816328090112,479,488,7.341742399588668,0.039874984154514403,-3.9406662410055615,1326.8367845252562,0.00555607866935225,479,488,7.372009556212703,0.03987810813692094,-8.553605433135269,2076.9587319050383,0.003559707509758819,479,488,7.3933655954215185,0.039866514111037143,-14.156627249978833,3388.3008962124463,0.0021858181088569776,479,488,7.406209457197492,0.03986903910718864,-20.562023689686132,5869.32847528266,0.0012633518649234861,479,488,7.41502707509687
AGT3Z52Z65ZKWWMPHD2KZLT6VXLQ,0.03878595012937863,-0.1272051379868521,832.921698241006,0.009042951576219704,431,458,7.532070583976098,0.03874956050542033,-3.9640202971115817,1134.5532803997928,0.006668411312159968,431,458,7.565667929266178,0.038760601966740305,-8.416241737384084,1748.6985534609123,0.004339407038292008,431,458,7.588314810739336,0.0387676027962191,-13.885337868533648,2866.531260327513,0.002652190442851478,431,458,7.602586812775632,0.038775765921410466,-20.18558469812386,5043.974778201101,0.0015091601447795116,431,458,7.612165706534179
AGT6E6L72BKLEEJGX4MPM2BW5IDA,0.17749637694721132,0.6645081935489233,1013.017440515245,0.008321887028060259,154,154,8.430216697422622,0.17747392550901553,-2.9679694596853046,2004.3235858144885,0.004220633223559297,154,154,8.459514717052134,0.17741296837043175,-6.801524651292633,2866.3394031225153,0.002959207503349563,154,154,8.482093068866655,0.17738708092758315,-11.399864631059192,5225.335010751123,0.0016256920155080568,154,154,8.494785405332808,0.17735597763353816,-16.99593610796994,7002.281439464824,0.00121440229602016,154,154,8.503586657465434
AGTEJVERQWRSFLUOXMZTJLYBOYIQ,0.1427261315905654,-1.0615726183574177,959.4154466862173,0.007144259739259311,115,105,6.85431314898383,0.14292896701159247,-4.8798171054324335,1528.3409252790948,0.0045045462186017226,115,105,6.884482335700204,0.14282295631977954,-9.340458543413405,2521.9268128628587,0.002739532955946904,115,105,6.908901616323942,0.14275552211866682,-13.996257640781597,5323.936468936691,0.001300367395514074,115,105,6.9230733999936005,0.14277713009375992,-20.02638558497074,7193.617434585713,0.0009637881720848787,115,105,6.93312339795728
AGU7PO73VGUO6TWDTPEEAP7JGC5Q,0.06644742474174237,0.5316085365173127,1413.1286568194034,0.007080418571106971,100,122,10.005542385107555,0.06646138559007048,-2.8470109420782985,2949.0009627054483,0.003405249554609502,100,122,10.04208421479572,0.06643454946327554,-6.248544414716282,3981.846011506527,0.0025276571813582015,100,122,10.064741666046984,0.06643068514086609,-11.057037346464263,7877.568366688492,0.001279450092822883,100,122,10.078955577978197,0.0664347626033659,-16.312636536735,10641.068307177982,0.0009481150363407035,100,122,10.088956864763961
AGU7PXXOM24XC55U2CFUTD7X6FFA,0.05459311982671344,-0.7156476555452459,743.8373726800642,0.009961851337842045,221,187,7.409997326169809,0.05459238342702405,-4.484022756851389,1282.8530789920167,0.005800196992801021,221,187,7.440800570975026,0.05460165915510312,-8.885684891260606,1951.35898192099,0.0038247966292823737,221,187,7.463551256571287,0.054602660944436276,-14.273350414394447,3831.2847545207615,0.00195179271715713,221,187,7.477873681228765,0.05461597052693351,-20.399325236419642,6066.104855789843,0.001234385234302818,221,187,7.487910263719607
AGUCUEA7OM5LD66E3TZQAH475MMQ,0.08241164104152798,-0.8983498475900663,888.5827055575999,0.006998365028466779,160,170,6.2186261314747,0.08255686107595583,-4.892606231476513,1648.14458135089,0.0037886748620977015,160,170,6.244283944466657,0.08250251404516062,-9.412695857816422,2284.6725136214004,0.0027420543786570496,160,170,6.264696269772969,0.08250778973655015,-14.735884097235907,3213.937084319856,0.0019532589740244915,160,170,6.277651451897867,0.0824954626750275,-20.50468883299015,6366.593298205072,0.0009872552987517716,160,170,6.285452968650475
AGUEIZI5BONVZSNA3FBBR6DBX4JA,0.09628667579890171,-0.2676544761938742,1201.5957843172678,0.007101016950383805,144,142,8.532552031946642,0.0962946478000064,-3.3321688475624787,2270.7322380806495,0.003770046354380857,144,142,8.560765795951037,0.09631396250609847,-7.109655502003929,3604.255854039131,0.002380715896890861,144,142,8.580709208172905,0.09637558155103265,-12.330452255466259,5296.713122616658,0.0016225271070594,144,142,8.594060619762768,0.09635535833683662,-17.530150370640673,8174.654501644072,0.0010523493613450161,144,142,8.602592444021301
AGUREQYPLUPVADJ46BNP2KHJT4CA,0.081599859990162,0.522765726818404,1152.9537793866634,0.008275544256145363,247,200,9.54132002660439,0.08148480023004218,-2.9986780676549576,1376.7648103773809,0.006959496050617328,247,200,9.581589260450297,0.08148071426003195,-7.0974833836154225,2232.7395489635255,0.004304231573369591,247,200,9.610228061759786,0.08145128221170217,-12.139257242883023,3581.436357195013,0.002687876768506045,247,200,9.626459582387392,0.08143551721212194,-17.968412395569878,5714.93168163471,0.0016865016658696697,247,200,9.638241801408292
AGUTZC4GHLTGYHA3KBEDRF6MHB6A,0.04635118806503935,-0.6868358059302572,816.8143768359092,0.009413724807957494,429,450,7.68926576271654,0.046333036451098875,-4.733433688164525,1197.1204115531095,0.006449868975599297,429,450,7.721269802533063,0.04621445765815513,-9.370726213543515,1699.0425914602163,0.004557550161484863,429,450,7.743471837079169,0.04624427340287607,-14.980200085831513,2932.9455322693116,0.0026447050789026945,429,450,7.7567759453376155,0.04623966488098041,-21.449184107563948,4394.569663414907,0.0017672762831290462,429,450,7.766418740711561
AGV5NQ4JDQD6NHXVF6AVZPVDX66Q,0.03652764539109904,-0.7785628139972721,854.6503729185571,0.009070212798501613,508,514,7.7518607506900725,0.03648174518635844,-4.571229588964605,1214.0791829962127,0.006412631740138334,508,514,7.78544270392273,0.03642954770714962,-8.952971469350786,1905.4015403233839,0.004097831006631515,508,514,7.808013512020612,0.036525200390856494,-14.449913786338241,2951.8330078227787,0.0026499747078206275,508,514,7.822282812440451,0.036527386103941406,-20.803122195880004,4892.851055377253,0.0016006634576605453,508,514,7.831807888118202
AGV5XLEMIEYQBKNM33RTOUZMJEHQ,0.07354822666293959,-0.20054818607666217,1213.906909701732,0.0067406966637567865,163,163,8.182578256337775,0.07361150811765926,-3.653905607367024,1544.150624942993,0.0053239258723400615,163,163,8.220943462924076,0.07363317372237194,-7.4800791614740465,2101.6768062461715,0.003923871911340512,163,163,8.24671058674519,0.0736220574578556,-12.422856985663124,4155.797551420019,0.0019881155828927414,163,163,8.262205871325639,0.07361656197997013,-18.14268153828045,5511.988814988473,0.001501081866860495,163,163,8.273946460517065
AGV7MJIYWVS7UVMOHQW5FYIEQC3A,0.07638411423204183,0.5488834787705847,1354.394729957811,0.00724325705909225,154,166,9.810229188564255,0.07654761227841456,-3.0283697792121136,2494.073689410532,0.003945276491658511,154,166,9.839810295295383,0.07647042777048518,-7.071116319947686,3154.487504142467,0.003126733489161797,154,166,9.863241720344664,0.07645187667843412,-12.407912761958332,7229.33578320147,0.0013660823700802017,154,166,9.875868160821476,0.07649101461347418,-18.668414003045534,10363.666091547615,0.0009538429683465117,154,166,9.885310027713869
AGVNQCF2GD4RYDYJQWD3CFBT3RRA,0.06005664253430071,-0.6954768862773087,789.2048891450515,0.008437326201483445,246,267,6.658779089522381,0.06006218672551655,-4.532200112855938,1269.3107857202797,0.00526824666891937,246,267,6.687042318694292,0.06015251924680742,-8.919236347995753,2032.9530341707393,0.0032992243083776952,246,267,6.707168068126294,0.060181808756429256,-14.645208048052467,2980.2996220418545,0.002254760366357757,246,267,6.719861467650976,0.060184796710892774,-20.44391272470519,6128.302115059997,0.001097926006544391,246,267,6.728422268085368
AGVXEMIIQ2S4N7TFU62FQASJJ6ZA,0.12396928953431202,0.0666699113004863,842.6319722404761,0.008137578087403157,169,153,6.856983473049404,0.12391589640075107,-3.7699526825876384,1770.4933782167316,0.003888855304266118,169,153,6.885192565046175,0.12399995471029662,-8.188819443916659,2450.713109902179,0.0028176969085399375,169,153,6.905366753489666,0.12404591930801145,-13.61932668276673,5074.852298574095,0.001363014122198842,169,153,6.9170953510297455,0.1240430945388531,-19.767267281843797,7064.721070565867,0.000980235906343607,169,153,6.92509326167091
AGVZL5MSRHWZ74DPTM6PFQYFVTAQ,0.05740020757682182,-0.2002935643982515,1073.598828572639,0.007630603862532577,529,522,8.19220736811683,0.05741927755490525,-4.061752628406632,1481.7676975247957,0.005549984424682375,529,522,8.223787642260081,0.05736760644656577,-8.689509995691482,1824.4111710614686,0.004520751789958107,529,522,8.2477100671957,0.05734910391989159,-14.110674042595505,3634.922391166266,0.0022728558673381608,529,522,8.261654684081105,0.05734996946265705,-20.130692037150325,6355.805345826879,0.0013012295021975946,529,522,8.27036142621512
AGW7WEU5IG5DRNRQ7SBRRG4FYEZA,0.061100186048666405,0.5748477750856356,966.5122496565763,0.009356296371637467,410,406,9.042975054604991,0.06115977931300076,-3.2295229787024744,1293.33593342653,0.007019894467761744,410,406,9.079081764018369,0.06115637336869639,-7.590489945692166,2002.4904579564445,0.004546669029919521,410,406,9.104661347899926,0.06118408366203876,-12.935792015832323,3642.0238451249697,0.002504201023166968,410,406,9.120359839360445,0.061179115949618446,-18.88319050946873,6064.834868348755,0.0015055708185330004,410,406,9.131038397007316
AGWSEISP3NKF47Q2CG45DBOYURYA,0.040124720624157395,1.126157616809413,1272.2360767062653,0.007473200214302427,229,221,9.50767492108454,0.04010081011597022,-2.456761723837319,1879.2532395400026,0.00507781735018903,229,221,9.542504705135165,0.039976680125544006,-6.4435494986093085,2128.763858537077,0.004495286728653499,229,221,9.569403921718935,0.039971668637626245,-11.452904512491623,4206.394788179604,0.0022784554808593298,229,221,9.584083259785938,0.0399689841340346,-17.12042268901459,6484.444315851033,0.0014794827091906277,229,221,9.593623244011052
AGX2Z5MHU534F6QN446JLSQKZ4VQ,0.08245107782624378,-0.370511627502445,928.5623139134403,0.009042694515793865,256,246,8.396705343597928,0.08243131318912239,-3.9946978722042528,1895.03465701379,0.004448209670355482,256,246,8.429511486987524,0.08242953998113595,-8.444347772039977,2212.386066280957,0.0038200864905358093,256,246,8.451506123649546,0.0824172806596854,-13.96473500298123,3450.0392092743464,0.002453565024882546,256,246,8.464895538348971,0.08241723762218772,-20.17466432549421,6002.314411666919,0.0014119137070331075,256,246,8.474749991754885
AGYIYHWC5EJWEENTNN2IMPFEWKSQ,0.09748902251692809,0.23320828295763615,1306.0251986893109,0.007300574818211146,113,124,9.534734677500392,0.09754262547522047,-3.6265613406771706,2254.984733249032,0.004243748908862536,113,124,9.569589001227257,0.0975359622319591,-7.371238124554827,3089.1460354267515,0.003106522188032603,113,124,9.596500701126153,0.09754272327488889,-12.512163136762878,4525.043982891431,0.002124109141161361,113,124,9.611687288216903,0.09754462768487054,-17.603600082511907,8356.986827722858,0.0011513442998937779,113,124,9.621769148386099
AGYNSON76GT77CALAB2ZU5ZUVUSQ,0.09259870239160128,3.493010568818348,1738.4293316638812,0.005918479616288553,99,73,10.288858563810813,0.09274608271165996,1.863279397745683,3663.594057161237,0.0028177330740011743,99,73,10.323030144577366,0.09286523083490172,1.1251655338438198,5539.775204559536,0.001867883608929422,99,73,10.347655301750393,0.09281148593589428,-2.510933205753472,11117.65635081822,0.0009320405212842771,99,73,10.362106220676068,0.09279243830978534,-5.129971930844452,19861.65359515728,0.0005222764188973165,99,73,10.373273313057755
AGZ2367HI7GZ5GRNZJFGG3VMPZLA,0.047750643922090774,-0.4961402708928295,842.723271074671,0.008642889196357176,503,504,7.283563855090054,0.047754718255589135,-4.471756965863504,1253.9295363708122,0.0058351859779822955,503,504,7.316912048008804,0.04779558776224002,-9.143115982116615,1787.5827165417627,0.004105319766454069,503,504,7.338598660390559,0.047791223080908496,-14.638497507207491,3078.4226782594774,0.0023884584205709895,503,504,7.352684567965547,0.04778174387285611,-20.874084622943307,5192.007948004884,0.0014179396283045184,503,504,7.361953819948152
AGZALMFGWGTHSFB4LFXNW2AECUEA,0.103046177280261,0.8001878835229841,955.3127612746981,0.007991811096398673,144,175,7.6346791260863895,0.10314737922562478,-2.2893428027269875,1520.554051085149,0.005044144074508751,144,175,7.669893706751432,0.10318863944007428,-6.2011804749144686,2350.0157071664134,0.003273390894911831,144,175,7.692520018738326,0.10314074553985098,-11.219396202519262,3680.2484369967374,0.002094464071563431,144,175,7.708148125717139,0.10308428159900107,-16.06622314572396,8252.019149138507,0.0009351796208211664,144,175,7.717120138900352
AGZC734FUDTRUS54AWY5NO7XHCIQ,0.05966655740050886,-0.08877263444090504,945.6965436654426,0.009112081569705052,215,195,8.617264046067648,0.05962823346209867,-3.954933851086631,1623.1979714960798,0.005328610289685853,215,195,8.649389413111214,0.05970689437565513,-8.203462907513403,2327.4163659268047,0.003725529124513174,215,195,8.670857456128921,0.0596965645486669,-13.137752512105074,4702.464425568686,0.001846683433897896,215,195,8.683963153191877,0.05970038073613415,-19.081243776452318,6310.014868171694,0.0013776607707960797,215,195,8.693059947020139
AGZIBDQ3D7BRKY7DVKB76XTWV52A,0.04679031492431243,0.7174840918478967,853.624784863936,0.00904523977097568,190,178,7.721240853541832,0.046852154968595655,-3.1350757308771744,1129.8210879775788,0.006866603358528011,190,178,7.758033277242614,0.046890600706489954,-7.5522899888259944,2466.462675673515,0.0031551678504739837,190,178,7.782103738679115,0.04690214480479735,-12.53554322150583,3657.6753482465315,0.0021312392140267144,190,178,7.7953811343618264,0.04691187368971125,-18.53645804290915,5566.352944583533,0.001402171398878246,190,178,7.804980894956736
AGZUJTI7A3JFKB4FP5JOH6NVAJIQ_1,0.11221364707301507,0.6341429211234308,1228.431856230488,0.008489205065835066,239,235,10.428409936945032,0.11214206609633481,-2.898906946494564,1809.237677396468,0.005784136015869382,239,235,10.46487681109678,0.11215392265671553,-7.142887540169503,2472.3353370940163,0.004243828069342562,239,235,10.492166100387092,0.11222879671730068,-12.246390399613414,3597.9895199460607,0.0029212489092169083,239,235,10.510622960516297,0.11223849287538334,-18.013403954224525,6293.462486293779,0.001671866508587727,239,235,10.521829153887817
AGZYMSCZZ5SPWHX5AVWTP64TY7AA,0.050388165792262574,-0.9082426416052413,875.9611159602941,0.007733286156794609,193,187,6.7740579719461005,0.05056165018115755,-4.8633574714275785,1288.2211545238024,0.005284917803058443,193,187,6.808142913819344,0.05058650327254266,-9.315800832267138,2011.7520029173636,0.003395123881420978,193,187,6.830147268601227,0.050599393892185485,-14.590977556415702,4030.976618366163,0.0016977460764148722,193,187,6.8435747379512435,0.050623093509922334,-20.678687488881614,6121.196467985493,0.00111945130567339,193,187,6.852381378369704
AH2DN3Q2OKAW7JAFRIYPHOUOM2ZQ,0.10369672072570213,-0.47871972612600994,782.9406594195492,0.009285175628179917,244,222,7.269741529153512,0.10373027740450758,-4.492382634888654,1411.7978361176022,0.00517246013896583,244,222,7.302468031596511,0.10378241705774294,-8.888141948274294,1823.0218192226623,0.004019323099005268,244,222,7.3273137079922535,0.10375460292029248,-13.899148569647972,3408.3853581197986,0.002153972950432301,244,222,7.341569866039558,0.10374909433627144,-20.132642521727174,5532.86074417562,0.001328833975663959,244,222,7.352253339477941
AH2JKHXWYTOQT3N2FH5QPJWKSRTQ,0.09306516365653611,-0.16460586108389821,1038.942646327243,0.0074501867202422705,255,220,7.740316706760587,0.09305288823566604,-4.166861141920546,1503.0124308367676,0.005171032562791071,255,220,7.772126222136688,0.09307234582711904,-8.587267617302013,2375.4363762912894,0.003280708116857726,255,220,7.793113400777936,0.09308385550787629,-14.17203352323517,3912.691832943708,0.0019952406455567557,255,220,7.80676177862725,0.09308005558444182,-20.189295124590213,8028.70530478316,0.0009734554866965464,255,220,7.815587230010834
AH2SBB2BLWBT2UGU26STUBIODORA,0.08402963910174444,-0.7965842886801179,784.915602695035,0.008752069197424082,211,214,6.869635668924774,0.08394796527688331,-4.864465757453666,1624.2328022367071,0.004246547882854433,211,214,6.897382367601011,0.08392099209961712,-9.052672474377985,2229.682104792439,0.0031017883596364143,211,214,6.9160019983348064,0.08381934435388233,-14.286189216248646,3964.324634439628,0.001747731686028966,211,214,6.928575777315335,0.08378100002692024,-20.692706118282953,5466.941455924328,0.0012690397743717141,211,214,6.937766151729579
AH2SMIKK7I7T5U4AVBUQBIWP5V3Q,0.041570789758707316,-0.3503500805548818,1032.0592469751107,0.0073524492834367555,289,282,7.58816327088643,0.04155440390406795,-4.1406946244107115,1283.3129575886264,0.005938244758772847,289,282,7.620626444265942,0.04153831976209277,-8.479708774593366,2067.825032262271,0.0036959308950954566,289,282,7.642538422389888,0.04151581402975979,-13.967113377613462,3312.526925397601,0.0023110833476545104,289,282,7.655525815943591,0.04152425624568168,-20.250543556634447,5632.888754004886,0.0013606912121458317,289,282,7.6646222265695325
AH3BXW7KLIS2VAE56UXJS2NS7I5A,0.09130252569460762,-0.1523612712170107,1140.4554947600038,0.008025536690463561,109,136,9.152767417037184,0.09126369500450349,-3.3630915352429325,1930.5548876102782,0.004756205667692323,109,136,9.182116098243121,0.09122357505798473,-7.1474595423116165,3447.853326454848,0.002670311798823629,109,136,9.206843418245677,0.09122334169366098,-11.893379266617409,5342.0259237626815,0.0017262919010186451,109,136,9.221896087223163,0.09121742912502295,-17.12831287474387,10251.592091607801,0.000900534850998476,109,136,9.231915956713186
AH3D2AFXD6K2LDRCCTC6GCIXTSAQ,0.07216237741761611,0.14736778117610652,834.3613948625378,0.008139702379113769,311,343,6.791453430803282,0.07219629544020645,-3.7512842593166114,1079.7990182622686,0.006320337800811781,311,343,6.824694552402467,0.07220470550177005,-8.176736653559463,1740.008335077237,0.003934698099921131,311,343,6.846407489875335,0.07220574800800672,-13.451307117648355,3291.014699814006,0.002084446407558573,311,343,6.85994376824976,0.0722038286948441,-19.778337042323603,5451.609244810577,0.001259979961477782,311,343,6.868918406268351
AH4EDJHZW7YAGYZDZFZ5REDHE3XA,0.058873230615065886,-0.6309535096281012,860.0204118511854,0.00856572676498161,249,249,7.366699860224206,0.05886228366174506,-4.55124593939203,1409.597681648991,0.005248245012106259,249,249,7.397914001790864,0.058884420364091805,-8.874286358923829,1940.6781386160794,0.003824145461623551,249,249,7.421435496260721,0.058918614386475276,-14.330167909861364,3231.2295466117116,0.0023008742597763546,249,249,7.4346528912277074,0.05891152724900428,-20.423735309253065,5901.570267835709,0.001261278824910223,249,249,7.443525612540934
AH4FH5YNNEBXKGQAXBWD5GZS6SDA,0.06973404642286196,-0.24666613316383662,1002.454481887442,0.007168043525450153,126,153,7.185637358451766,0.06954950183010089,-3.5173726600997126,1661.5056110352102,0.004342950469818775,126,153,7.215836574051897,0.0695514495809324,-7.382297268526154,2319.05974319538,0.003120820347880166,126,153,7.2373688345138945,0.06951198880791609,-12.247896498482396,4471.267521645148,0.0016217910933418991,126,153,7.251461842553008,0.06947758865714293,-17.835645027641707,5796.736441428434,0.0012525645798675488,126,153,7.260786745360716
AH4YBVO724V3BJUUFP4DBFQGNEHQ,0.06072441680587515,0.4665654793069494,944.87818204597,0.008047625817885498,188,170,7.6040260525898615,0.06066164170349908,-2.913331889238566,1291.046501285072,0.005916452843108409,188,170,7.638415743113228,0.06059082294512819,-6.892570972742383,1948.5036461182906,0.003933173647792159,188,170,7.663803193539399,0.06066927761227636,-11.74609433467224,3838.256521941216,0.0020003990510573024,188,170,7.6780447042057105,0.060685193571172635,-16.901679911999945,5072.715433170787,0.0015155425620774943,188,170,7.6879161442777
AH53UV57HKNKIX5SQH4KW3DB5TFQ,0.09594053793528412,1.0017502323134049,1678.717240090275,0.006051468597574445,100,123,10.15870466261314,0.09594373809170842,-2.404709088298874,3459.086343639147,0.002945576046460427,100,123,10.189001876461854,0.09587284140251551,-6.545379999781456,3596.1471765201954,0.002839941327983344,100,123,10.212846988110316,0.09580472821836516,-10.362167311656933,8110.54071838079,0.001261102133200366,100,123,10.228220201358443,0.09583128884845127,-14.85899565507388,12694.115443449435,0.0008065682406402071,100,123,10.238670359706694
AH5DFYUNDHZLWG7YL4M6LIXUUFMQ,0.08922606598351218,0.48822550153786,1152.3338731383192,0.00645909115063031,200,234,7.443029522559267,0.08922986783047931,-3.156487247753591,1270.9557423643246,0.005884150461463761,200,234,7.478494817933058,0.08926163028838918,-7.279023691193321,2438.0151342823847,0.0030762218177176758,200,234,7.499875348005361,0.0892820188567427,-12.454305828161377,3654.111835010054,0.0020562013758209188,200,234,7.5135897825511755,0.08928099146266122,-18.167973709696874,5792.657862436785,0.0012987386330756841,200,234,7.523148554136264
AH5ONINJRNZ674DXUMV4RMYIFYVQ,0.09600206297766084,1.900893714373765,1895.412723563714,0.010624849237925693,262,254,20.13847443151059,0.09595214342725289,-1.7120965559749994,2991.769459198588,0.006747387841340836,262,254,20.1866288730914,0.09602087642925172,-5.8306865656646485,4299.419185903511,0.004702693507025877,262,254,20.21885068953092,0.09607345930185673,-10.820816259160141,6986.219253051799,0.0028968373368044938,262,254,20.237940775342853,0.09607989497758435,-16.65935943571584,11585.819003798695,0.0017477963426525695,262,254,20.249652081473997
AH5VDE2Z5X2ZBRZ3IYMSCVW7ZWFQ,0.10725153549900368,1.027044706371225,1533.2580643966055,0.008098543807702384,241,244,12.417157603028873,0.10718800452366684,-2.6348554850149672,2153.36971156817,0.005783180250670183,241,244,12.45332518833239,0.10716921197811136,-7.127678722520581,2803.925146501041,0.004450823758513038,241,244,12.479776659138986,0.10718111999929614,-12.446750677665241,5227.41601232299,0.0023901314574921637,241,244,12.494211452451424,0.10719251316284018,-18.46532775292597,10254.011480967401,0.0012194601583329627,241,244,12.504358464128526
AH665SQ6SQF6DXAGYIQFCX76LALA,0.07501728637437033,0.10963062192703044,1033.4182855981367,0.008919301540910996,498,556,9.21736930714106,0.07499034206112631,-3.495814656957926,1442.4391175029841,0.006415772190403077,498,556,9.254360776425202,0.0749731666303251,-7.876291088674912,2323.497826081156,0.003993544137444135,498,556,9.278991121710591,0.07498043890170186,-13.160584314230183,3405.3789849246323,0.0027294461732517666,498,556,9.294798638874523,0.07496579849583801,-19.361403185968292,5041.862431040427,0.0018455458062140951,498,556,9.304988065115062
AH6TANNCBRUNECUZORQGW2GZLQ4Q,0.06385264114700506,1.5095593341146756,1123.4730317028448,0.006211294215376985,169,160,6.978221542947924,0.06390381693855329,-1.6590910915992985,1369.6556097531052,0.005121368586094095,169,160,7.014511213557106,0.0639258390225228,-5.458383923394837,2088.462577733023,0.003370184796402081,169,160,7.038504827330533,0.06397920440677884,-10.129484068068365,3455.7536085160787,0.0020410931088249732,169,160,7.053514876139203,0.06401941224287777,-15.31866842271134,4848.615996458065,0.00145700004866235,169,160,7.064433742784448
AH73XF37K7J2NQJZCZQHBH4KHPVQ,0.1467659361952392,-1.3253628947667757,1407.8311355288063,0.00556054245609828,112,103,7.828304800124979,0.14678965123514898,-4.860375074135572,1886.9580604833625,0.00416452176285814,112,103,7.85827790848355,0.14675200145715722,-8.912491854912835,2418.5899842451163,0.0032586367935969794,112,103,7.881306311286275,0.14674726625601991,-12.932673963547785,7304.369980388512,0.0010806759460451289,112,103,7.893656938819994,0.1467521471970641,-18.3734296672596,9956.653209570497,0.0007938242272291129,112,103,7.903832539875566
AH7E66O45SE5D4T5WCFQVFTLRGQQ,0.06233107632098209,-0.6447779556084721,979.0678026090014,0.007927107651288083,232,221,7.761175869191626,0.062306383922000136,-4.512563076179654,1625.6027543444368,0.004792116377225858,232,221,7.790077581957439,0.062325896660974406,-8.824663281178362,2427.948623003292,0.0032160440118607953,232,221,7.808389630115401,0.06232067777996489,-14.246946557974846,3294.4164524363164,0.002374275849254888,232,221,7.8218534204075105,0.06231583333625454,-20.02206108481858,5775.464687258631,0.0013556933557300021,232,221,7.82975910276978
AHA67Q47N35BIULG2YNU7ZA3YEWQ,0.09550395637910358,-0.017355687343664133,1141.4647089586497,0.007115119103016294,146,166,8.121657356130623,0.09535395606541164,-3.234299931557812,1620.966694935038,0.005029984571588945,146,166,8.153437466582766,0.09527311964669505,-6.799213584851989,3043.5210129411366,0.002686419936936699,146,166,8.176175527650846,0.09527717982536099,-11.39092045198269,4537.763250630024,0.001804806132853933,146,166,8.189782944176267,0.09523503414725676,-16.60759394158789,8053.794801138506,0.0010179178260248624,146,166,8.198101295225246
AHAFS4E6NJTO64CTO5KBPTN7KF5A,0.07132131731330038,-1.1810347654623026,974.2218468140982,0.007302047337337266,225,236,7.113814042504679,0.0712884335265106,-5.145690883505872,1463.0491570659458,0.004884206711616274,225,236,7.145834512366025,0.0712404678749965,-9.800575044161802,1808.7958505226695,0.0039626625172671385,225,236,7.167647518254516,0.07127739053952098,-15.459140616719305,3086.974594538477,0.0023263090755355014,225,236,7.181257015222384,0.07124773800958828,-21.503042010600712,5312.77130998841,0.001353294127542216,225,236,7.189742214782082
AHAOL5P27IYGX3W5WM37ROVIJJLA,0.12183917778126552,0.40201681216382007,1274.8948538265274,0.006977213719780513,89,84,8.89521386539602,0.12190394968406648,-2.986427852586292,2628.8146391007394,0.0033963942050028277,89,84,8.928490806268352,0.1218643503100677,-6.27857656528217,3564.8383053203693,0.002512305052619862,89,84,8.95596128622919,0.12188579842160785,-10.948545695335735,5753.339005951731,0.001559050477061646,89,84,8.969745921926423,0.12189013230401358,-15.113651692892764,8029.375884054659,0.0011183431814331926,89,84,8.97959777109664
AHAPQT2ARS3JS6RZKGJT6JH4ZJAA,0.10365599307694795,-1.0012198273477593,915.7519173815517,0.007514556792117178,183,181,6.881469790653868,0.1035265478327626,-5.120656765791539,1838.7310679456339,0.003758544992171563,183,181,6.910953447377333,0.10355648437054277,-9.567098876173285,2279.268329310048,0.0030415862946454337,183,181,6.932591312248838,0.10353345563985694,-14.776551932380293,4066.068254184895,0.0017078277603530382,183,181,6.944144239987177,0.10356395671639895,-20.74743218367935,9300.136183108578,0.0007475932613207384,183,181,6.952719139857146
AHASHJDTECMQU5NRAR7EFO2AESGA,0.08444380858654854,1.206386671705927,1390.7034373318327,0.007077165689768472,111,119,9.842238651327925,0.08444480306379731,-1.4006786022051798,2520.3316014689385,0.003918894522586799,111,119,9.876913708099039,0.08442109137292253,-4.005352200950702,3334.1526406677376,0.002969531094089733,111,119,9.90086993890424,0.08439840199690318,-8.444984371530055,7239.852804552575,0.0013696237784582817,111,119,9.915874553653087,0.08439085524163181,-13.04591110396436,10998.39430162103,0.0009026273218386332,111,119,9.927451192997475
AHATA6X6MYTC3VNBFJ3WIYVK257A,0.15070182261850074,-0.29047566498907407,1118.9758859118085,0.007744481914608617,213,204,8.665888511327157,0.1507553234702641,-4.105989410475495,1745.981374513863,0.0049818478739339775,213,204,8.698213598550213,0.1507480392606909,-8.317753935382823,2546.972975862622,0.0034246717574294796,213,204,8.722546417372838,0.1507152915756157,-13.797410470386547,3707.0322844161756,0.0023563954437708216,213,204,8.735233984909616,0.15073736701935359,-19.805442540108878,7855.746658591973,0.0011130880367221892,213,204,8.744137625199038
AHAUPRV26D4WPQN2JIJUWUZQM7WA,0.06537403495144589,-0.19331151659626963,856.4427349281513,0.0084395363395331,202,185,7.227979584155247,0.06538775833080357,-3.7268359112034015,1409.0733449965223,0.00515385800779931,202,185,7.262163942686886,0.06539691591787022,-7.890712513101489,1848.1525542634422,0.003944474020246768,202,185,7.289989735744852,0.06543113559064512,-12.915941658050555,3128.3642212213217,0.002335499003045125,202,185,7.306291519824436,0.06539351647463587,-18.657945952687733,5374.547220572237,0.0013613099605061332,202,185,7.31642466457554
AHAYJYTWBY6A6HTPQ4KHWKD6X7RQ,0.04471903156564183,0.07989484264032964,877.6601620004959,0.009766649143946383,326,350,8.571798869877988,0.04477950972037059,-3.4805886047045305,1537.62756798383,0.005595028397878201,326,350,8.603069908229923,0.0447920279979358,-7.981930900442014,1983.0014576557548,0.00435088420252167,326,350,8.627809715691868,0.044759408901902886,-13.39754159392262,3433.8507193586775,0.0025171413354470743,326,350,8.643487585452398,0.04475667164281755,-19.562695977958246,6322.656941337512,0.001368652997055489,326,350,8.653523372115277
AHB545NIBWW4DV23YOF6NKYQ6NBA,0.09151695222375988,-0.9642910928089886,894.4007034495025,0.00908781056528623,314,281,8.128144162407825,0.09153314050139294,-4.745083003337927,1406.5712375593275,0.005801587097131699,314,281,8.16034554302076,0.09148577730942586,-9.4356411692591,1982.6690378141325,0.004128504592499355,314,281,8.185458228021924,0.09148585602075265,-14.873639003322799,3808.8473393833847,0.0021526241285084657,314,281,8.199016684561947,0.0914762572725828,-21.01371206045047,6268.450785394677,0.001309622573257178,314,281,8.209304647904554
AHBEI6Q4F4WHRIFK5CWQMRVPOQMA,0.08849006278809607,0.17622791366729063,865.5255576483872,0.007421354291523237,150,141,6.423371811676901,0.08845842552080901,-3.660351793428386,1621.7206689906282,0.003980557168203423,150,141,6.455351833774296,0.08855705658856206,-7.793485710509392,1938.8962742134831,0.0033408310406036115,150,141,6.477524857403096,0.08856706683947924,-12.438907316675824,3256.044268344107,0.0019933842690863864,150,141,6.490547423966035,0.08857502482424234,-17.717909360085862,8285.46167860366,0.0007843788917771599,150,141,6.4989412493252665
AHBMKXIATNDG7I4FAAAQKWVLQMIQ,0.11859470600297606,2.684125422907879,2041.2229311260003,0.00452465929929831,86,106,9.235838317260212,0.11851085738713085,0.7313776912411474,3578.1867751054997,0.0025919717411015853,86,106,9.274559005456869,0.11863153437027396,-1.731612030024876,5758.839793531767,0.00161400850192319,86,106,9.29481638797386,0.11860825492469873,-4.49956335481898,9145.739352919461,0.0010179544391853554,86,106,9.309945973936566,0.11865740592543228,-7.698439430621734,17801.336789242283,0.0005235356418790606,86,106,9.319634282261294
AHBOMGFP5PDU3LEUVNEYYC6JWFMQ,0.1879596992216913,1.6341734320581551,1090.4362602709775,0.011500907412132014,139,162,12.541006468208,0.18791351241329662,-1.576066341941645,1797.1357007141255,0.007002824812966438,139,162,12.585026477228704,0.18796411870352775,-5.625815011311248,2993.8380619877066,0.00421398842659464,139,162,12.615998944314722,0.18792393651367378,-10.198514070095781,4506.832669801394,0.002803949865694928,139,162,12.636932859199135,0.18794023756385797,-15.55115925606362,9581.20255478903,0.0013204085719508614,139,162,12.651101982940927
AHBQYAFF3P7663IHYQ7KCE75NQBA,0.13475594201061947,-0.45508853285930506,779.3757818866985,0.007713834713513796,160,166,6.011975961189572,0.13477572615667321,-3.9417001769792783,1315.2496765495391,0.004592892944052554,160,166,6.040800959091783,0.134651434558272,-8.152343818156925,1661.2660431179022,0.0036503498978766526,160,166,6.064202330841385,0.13470827353595438,-13.245346672358039,3155.4640253943157,0.0019259077107289689,160,166,6.077132497434784,0.13471323299435733,-19.201802757875544,5945.20569900507,0.0010236857895155726,160,166,6.086022589818486
AHBWAVRW22FT4GAN2VTWYNAEQFHQ,0.11102212962900859,0.5747046832115417,1013.2553368900742,0.009859380605535444,296,262,9.99007001698928,0.11108907337076213,-2.981155127066343,2007.1609138079798,0.004994753978367582,296,262,10.025274959466318,0.11085776563339489,-7.43441592075349,2587.805416604372,0.0038833844416304325,296,262,10.049443292808379,0.11083317840874563,-12.52831183740739,4046.9263672835095,0.0024865805524231614,296,262,10.063008401975686,0.11088227644229037,-17.88081323157004,7324.733821030911,0.0013750926499799365,296,262,10.072187640359061
AHC6X7NTYM3C36TZF7C3K3Q7HDEA,0.08532072795023671,0.05385951942269929,809.23458911516,0.009846755356159906,345,337,7.968335024759563,0.08527884035728955,-3.654842771962108,1292.2490194296893,0.006191709409544351,345,337,8.001230413077268,0.08514796527873036,-7.830503637239306,1854.2483534633102,0.0043285167191467406,345,337,8.026144999416253,0.08514249100832932,-13.064075051580497,3470.9487347336335,0.002316531601692416,345,337,8.04056243186477,0.08510849662437037,-18.87756550005941,5124.474603083828,0.0015710270782298536,345,337,8.050688363145875
AHCBHETWEWAL5ZJTZHD4GA36CU3A,0.09874615251395785,-1.7888288475206988,941.5659915273438,0.007513081063155565,233,196,7.074061620655381,0.09873424002070064,-5.930058071186067,1502.8696435083639,0.004724797690602777,233,196,7.1007550209253365,0.09866110021757318,-10.83592515530163,2251.1319671165074,0.0031628061107055686,233,196,7.119893941600736,0.09869172173195462,-16.553871289206516,3475.5099593631166,0.0020519927207650434,233,196,7.131721137559527,0.09866082321999514,-23.277128446496913,5840.841537834641,0.0012223658197557292,233,196,7.139645054458555
AHCJBVEXBM7TIHUERG7CKWYCL65Q,0.07128675312846666,-0.44631765901480397,1322.0128329374638,0.005221058918501071,93,109,6.902306891781012,0.07129951764212461,-3.894243130971362,2231.603368622457,0.003105852914753139,93,109,6.931031827008981,0.07131894432705099,-8.363780411230321,2712.758205440751,0.0025628609227767458,93,109,6.952421997666073,0.07132229115614885,-13.00275930556741,5790.789008747762,0.0012032242427631047,93,109,6.967617720051435,0.0713244124715059,-17.477638435989725,9608.930466966101,0.0007260350307632748,93,109,6.976420127185902
AHCLVNN7XIIJQ6AMCQJ2VWXBDPGQ,0.07006303983456197,1.1221619384598374,1389.539456267899,0.006093249564714927,139,123,8.466810687058592,0.07003441593792914,-2.210936222858446,1551.9908914529274,0.005478478236748995,139,123,8.502548322457534,0.07003223724626179,-5.787530432253007,2832.7762970500344,0.0030102789782804084,139,123,8.527446937180736,0.0700914614261835,-10.741746011509015,3817.090679355471,0.002238009519890943,139,123,8.54268527868453,0.07008007751841139,-15.796583290395496,6630.779118352015,0.0012899571998942416,139,123,8.553421264626573
AHCR53CDYDQAS6C5TZXQWB4PWTCQ,0.03109622762237102,-0.4355376292210967,894.3657294762146,0.00897695378580193,1302,1320,8.028679821113009,0.03115363515954994,-4.365773723457939,1214.2987059679754,0.006639138102836469,1302,1320,8.061896807017003,0.03110942879720774,-9.02508695772301,1633.3764964224688,0.004949999802982774,1302,1320,8.085213335487914,0.031113881974602575,-14.647232490828907,2725.38649798481,0.002971817899298567,1302,1320,8.099352377217896,0.031112627985315,-21.010706767597576,4673.379605920629,0.00173515497567312,1302,1320,8.109037876422464
AHCRCBG3L7SZB5GU4VMFUFEJH5TQ,0.0822015222587632,0.5104690005087209,1235.7785699570886,0.007738716506933788,223,206,9.563340018241952,0.08225562815057286,-3.103921040059006,1850.597790418756,0.005184603466881711,223,206,9.594615720008715,0.08226346016648423,-7.532302635165803,2561.2189404176834,0.0037559461632787824,223,206,9.619800452578746,0.08229107352570053,-12.714896659448803,3929.007681228354,0.002452552011916762,223,206,9.636095693433012,0.08228779936795738,-18.62563710691542,8668.735320274698,0.0011127081980218704,223,206,9.645772857351401
AHDEEVJGEQVXRHOX3HFG5Q3F4ZRA,0.08783848023707064,0.7289516701961274,948.1189119615595,0.00883257382786492,199,200,8.374330287495436,0.08788149558009728,-2.9196925372391123,1465.9795910770526,0.005735777179575854,199,200,8.408532284223702,0.08789206722545329,-6.99622488732811,1956.282545141803,0.004311915457255158,199,200,8.4353249451554,0.08794370512369143,-12.221757864512867,4163.282740298296,0.0020299117910815884,199,200,8.451096724137976,0.08796894431746788,-18.186809116791245,6275.663380396132,0.001348150516637413,199,200,8.46053882852354
AHDEQBPVWOX6GCIHAA5O55N2QJMQ,0.05424960569418641,-0.008234314309018371,909.0445415452979,0.00858799685268812,169,197,7.806871661744333,0.05422263274103206,-3.5666065338385846,1489.1820578441364,0.0052631045614786945,169,197,7.837720881511703,0.05431161633649706,-7.722868522716539,2577.9120774071393,0.003048370623026779,169,197,7.85843144551386,0.05429011159667835,-12.666650383205493,3776.408066025739,0.0020845198107840228,169,197,7.8719974272352315,0.05431014935771267,-18.2909680831785,6052.678413405529,0.0013021026070316388,169,197,7.8812083416194625
AHDHCALBCB7CJPXRW7KYVDF2KKQQ,0.05081742581456272,0.4458710711173467,920.2969512772961,0.00911982016818166,162,151,8.39294269697478,0.05068926296231291,-2.8445971381953,1534.9498841886061,0.005490506433733231,162,151,8.42765221459562,0.050520903505171244,-6.832858752138438,1973.4476117406468,0.004285170599033394,162,151,8.456559684563688,0.050518213477621976,-11.353230788987611,4485.461511810603,0.00188870945650013,162,151,8.471733574124055,0.05051496681460499,-17.110707916306914,7284.510687925193,0.0011644001137743457,162,151,8.482085073810532
AHDNBD6BXVJE7DUHN3HPT432WRDQ,0.0525738717208698,-0.05495583768760617,1060.7472614939986,0.006318135283472502,123,138,6.701944699692066,0.0525447229360928,-3.795836426926999,1506.2484557893283,0.004469306452286096,123,138,6.7318859422052135,0.05254264175285139,-7.760077204916951,2789.1826467332344,0.0024210928328077612,123,138,6.752870115397616,0.052538458982953395,-12.283454901403179,4733.573938041565,0.0014289114968337778,123,138,6.7638582211803335,0.05253912329838906,-16.939327990537784,9485.922862820482,0.0007140392877350321,123,138,6.773321604477793
AHDY5AR2HZ2ERNZYAHL4XNP6F4JQ,0.20200772385066074,-0.6567223173550372,1147.9999410170194,0.006390687712243852,113,136,7.336509116714133,0.20180722169934162,-4.182529599798109,2149.945216803052,0.0034284461211771654,113,136,7.370971339291824,0.20180134726722948,-8.538033697077523,3063.289662104869,0.0024131617182840716,113,136,7.392213344606819,0.2017743623474586,-13.684880664352667,5006.87879821235,0.001478891097627517,113,136,7.404628481576205,0.2017760708544547,-19.809537251341133,10039.341493286522,0.0007384390193805769,113,136,7.413441487529235
AHDYWEPU7QZTV4THNKEIDLINVXFA,0.04559202263636852,-0.6390114604194054,766.6248578383543,0.009368071041516862,540,576,7.181796130422467,0.045573987758152024,-4.578915696046367,1155.3866049946846,0.006242253027986784,540,576,7.212215533523439,0.04554838359048641,-9.146168005775586,1671.991049589494,0.0043271878679863665,540,576,7.235019385165449,0.045558785876377295,-14.787312583291396,2710.0984504285875,0.0026748883949478343,540,576,7.249210894217537,0.04554560934469565,-21.1020260653959,5040.279511524524,0.0014401752750730628,540,576,7.258885931954954
AHEDV6GYYDSJAT5GYDMXV2N77SZA,0.05576366319010223,-0.7016764428487344,869.2705381120342,0.007901764613612606,303,310,6.868771177709659,0.055770242474500076,-4.62303439050919,1223.6633352520992,0.005638530769875467,303,310,6.899663367787401,0.05578382210947802,-9.337990935237848,1774.0523103392745,0.0039026522839830866,303,310,6.923509300851041,0.05574895668250063,-15.00178127259342,2874.7873583944297,0.0024130557743563437,303,310,6.937022235220298,0.055749794213237336,-21.10143386005366,5735.8285670447085,0.0012111095232305768,303,310,6.94671660116584
AHEHLZUNXPCYESYZNAAJXKOIU6GQ,0.07858737186971132,-0.3474599911671539,944.3201880348516,0.008509176915390434,324,294,8.035387544763314,0.07856979542858844,-4.16472070151918,1637.799924253017,0.004925139388180037,324,294,8.066392916896815,0.07854142248089113,-8.590961948504598,2031.826543688742,0.003981349013701832,324,294,8.089410605728375,0.07852697587022262,-13.94644122137665,3213.1665180735454,0.0025219409124482084,324,294,8.10341610043843,0.07852171914269734,-20.044837262620568,6109.933673956845,0.0013277855508937201,324,294,8.112681649198882
AHEK757U7544PNGSDFCIKFN7NZDQ,0.06564496007806553,-0.5805087098412635,1109.0956313475017,0.007265297202069933,190,245,8.05790938725699,0.0657305646283784,-4.42708864084094,1856.4325373196293,0.00435647338644651,190,245,8.087498942566333,0.06565375889702618,-8.77457697831633,2723.824357674121,0.0029774627172831592,190,245,8.110085473402444,0.06561826772178009,-14.458736037722627,4283.832003596867,0.0018960213053658683,190,245,8.122236747427815,0.06561057307543922,-20.90249963914977,7668.904678988386,0.0010601364775992995,190,245,8.130085593427534
AHEKQAHVNYETC2ZEUGADNIQ5Q2FQ,0.04145790313718667,0.9992250603002829,1024.2935251238944,0.00684748451880005,119,123,7.013834055992996,0.041518116861229304,-2.126970689761183,1390.8657834325884,0.005067795090513108,119,123,7.048622788842339,0.04152076082375278,-5.512195397625012,2639.5561612760976,0.0026784024218870234,119,123,7.069793615068714,0.04154039646608876,-10.081125767793408,3620.487103869722,0.0019565565805206298,119,123,7.083687867766382,0.04153044426250896,-15.090227329327043,6056.930665996648,0.0011712181474536698,119,123,7.093987113883917
AHF2R43HMV6S2J42LN6NLQTRBLJA,0.09715374739493543,0.18581648415130525,959.4513017417436,0.00882786947893734,192,164,8.469910863172638,0.09707598206353318,-3.158284357712882,1620.1213539168323,0.00524611680819128,192,164,8.499345866092707,0.09695129532227892,-7.384459731660344,2114.695309098787,0.004030678015014305,192,164,8.523655890838363,0.0969261761745493,-12.537548682501171,3734.6506529590047,0.002285927844042786,192,164,8.53714191537156,0.09691060485268005,-18.438628407563638,5436.236325275725,0.0015723007023310126,192,164,8.547398192268385
AHF7W2GQAELHFR4T4J24EYR4I4ZA,0.1003047094378311,-0.866797708613984,1240.38927443453,0.005546631185904527,101,91,6.879981832240053,0.10029330456793073,-4.293881062668447,1861.4825905000914,0.0037108416732858267,101,91,6.907667170923794,0.10028773384353407,-8.31055048868241,2534.8216847783606,0.0027338457912658206,101,91,6.9298115945406575,0.10027420537114196,-12.446233755650452,7121.84386563596,0.0009745173850570752,101,91,6.940360660724329,0.10022428951340578,-16.653706678788676,10418.656742827015,0.0006670573890838602,101,91,6.949841964631143
AHFPHVUL2MZM4YYUYE2ZQOTRVV5A,0.12240300710277868,0.3503035238363946,1179.365056635175,0.006162084797329493,88,83,7.267347485993249,0.12233720894185768,-2.271263990940429,2187.483745566991,0.003337962688818309,88,83,7.301739125099139,0.12237423004614395,-5.511155036871367,2771.4102761905438,0.0026453189330784364,88,83,7.331264074934984,0.12236835703128196,-9.716276655765668,4400.077505525708,0.0016697010991307101,88,83,7.346814247236589,0.12235925817546534,-14.27625692762929,7965.722440003108,0.0009236787584272681,88,83,7.357768613358299
AHGDVTFSAAIENYAIAZWJG427I3EA,0.04033841765955004,-0.5125115863232886,888.9193557188792,0.009496101242371983,418,420,8.441268198210551,0.040340529922068824,-4.48136300425254,1320.073396434014,0.006419506125297432,418,420,8.47421925425034,0.04035737558524277,-8.961735047079493,2060.6525706984903,0.00412370271386836,418,420,8.497518598129178,0.04039944233323722,-14.338514492309496,3429.7336478151424,0.002481559722074808,418,420,8.511088877862761,0.04036695539895563,-20.630681747566754,4924.851331791268,0.0017302131097675605,418,420,8.521042337921482
AHGIDR4IJFS23Q4GTZ33FI5LYDSQ_1,0.026258888640961132,-0.42047601998617207,896.625275001066,0.009180265012597914,1923,2005,8.23125764150327,0.02625430565906809,-4.355352310718293,1219.0971304700638,0.006778311288299807,1923,2005,8.263419840999136,0.02625554249391302,-8.976982344883305,1663.6190417190255,0.0049809875087281,1923,2005,8.286465666084677,0.02625655815967918,-14.621560595617938,2810.717602860262,0.002953188764759921,1923,2005,8.300579645679864,0.026256405606198942,-21.090241323712213,4953.227427282612,0.0016777078830213673,1923,2005,8.310068701149683
AHGPQ37FYIJYULFHMF6MS5KX6VJQ,0.17599286012493864,2.3515398944801578,1389.608749706752,0.00470359235194402,128,122,6.536153087315171,0.1760232252796301,-0.4529997531722244,1777.8468274756056,0.0036934063184120972,128,122,6.566310705767303,0.17596297390636895,-4.1092566321485355,2581.8356718810574,0.0025524081311975805,128,122,6.5898983623251794,0.17600418441152021,-7.153736530401987,5412.4055285406475,0.0012200411453840443,128,122,6.603357440323665,0.17596784977814006,-11.217294171835857,8923.37025544966,0.0007410216533355694,128,122,6.612410580018749
AHGQDSOBAIVAAKJFIVEGS344MSXA,0.048517153834433835,-0.38425268271463964,1352.342675915005,0.006827000345335383,582,603,9.232443915483515,0.048743837461148465,-4.364347561532545,1790.283961282177,0.0051755706436479604,582,603,9.265741113805817,0.048833810234723385,-8.936352005455127,2603.48666701425,0.0035671913824858515,582,603,9.287135202990045,0.048854179524890906,-14.553019872839705,4500.574919525437,0.00206615643675616,582,603,9.298891839080817,0.04885971925200999,-20.97606481720193,7877.726248838055,0.0011815588319768382,582,603,9.307997025210371
AHGVHBZZ3SJIXLAZYKE3BUXRBW6Q,0.04728610206098893,-0.07281011316984166,941.7543405164394,0.009034129337311389,231,170,8.507930516199904,0.047242690077747285,-4.066665781796721,1603.8424696219597,0.005324671844570607,231,170,8.539934841122637,0.04723023850949182,-8.324182636294159,2187.150168274352,0.003915301535523971,231,170,8.563352412266081,0.04722761869875336,-13.675038507845313,3968.2359474388218,0.0021612783946335723,231,170,8.57646261800781,0.04722196444303228,-19.513373818525686,6334.096742953669,0.0013555077852729586,231,170,8.585917447745787
AHHQSSCEFBDD5V2IMTVEPR34BVMQ,0.08004234600341048,-0.015528914257557203,1118.4628735283177,0.006741553254747343,196,208,7.540177025348895,0.08012474714449591,-3.71423486665964,1377.5738572670743,0.005498199305396999,196,208,7.574175625158893,0.08002978666850102,-7.9744072197635205,2187.13873671442,0.0034741710851388056,196,208,7.5984941582802525,0.07995685263595503,-13.047176443990441,3748.0159544073786,0.0020312470695144397,196,208,7.613146423883354,0.07994254294472541,-19.24580761146565,5448.378863464895,0.0013991564926672199,196,208,7.623134661327757
AHHXS2WOM4LZ5TYTWGBU4BAWTRSA,0.06675626127810314,-0.2420272056755138,1102.8027814697416,0.007368659516797361,140,131,8.12617821082761,0.06663675386392115,-3.8236741370370257,1977.5281484266209,0.004125074515476098,140,131,8.157450968711288,0.06657470788386555,-7.6159717084679475,3127.7505707552536,0.0026147323724004957,140,131,8.178230670147888,0.0665135981083167,-12.454089467149723,4765.916560878773,0.001718426377529806,140,131,8.189876731320222,0.06648959739119142,-17.829085405170737,8829.149345142103,0.0009285860253613982,140,131,8.198624697727697
AHJGZUKX76JHUDT6MKANUXRC5R7A,0.041448674865847274,-0.23230225035651914,793.9003295492372,0.00922359354627356,292,348,7.322613956014797,0.041458793388319065,-3.901790929556208,1453.5710253048476,0.00505999936695148,292,348,7.355068467861543,0.0414685489800585,-8.315889312707057,1746.3038641283229,0.004225108692618862,292,348,7.378323636282486,0.04148792968041767,-13.88277762493622,3427.315085310394,0.002156793042463533,292,348,7.392009330327767,0.041485163015760135,-19.953998092747295,5186.5690006122595,0.001426951967013818,292,348,7.400984837476556
AHJNW3RHHFQUH6I7FECKWHRC44HQ,0.05658878422323532,-0.3712323116601838,1000.976001403417,0.008887873918491909,420,396,8.89654849590975,0.05653672560617695,-4.181495199267172,1524.7235086901255,0.005855894491204307,420,396,8.928619995148209,0.056508304966289336,-8.57371632363276,2014.5502417662813,0.004443797386381383,420,396,8.952253099094984,0.05653079562781693,-14.06301793136617,4111.332003015284,0.002180667682727925,420,396,8.965448831940495,0.05653911707128989,-20.426443249764617,6040.910194969501,0.0014855725153049668,420,396,8.97421015307226
AHJVUQE36DK4XLBZPID5LBPC6BHA,0.06586638594828753,-0.18172442778337994,819.5011152474483,0.010028440583313704,217,228,8.218318242218352,0.0658156244964404,-3.8517147718843843,1686.214739176018,0.004894874718608994,217,228,8.253809896938549,0.06579371031521519,-7.962693307918974,2379.6168095393273,0.003478169170576174,217,228,8.276709824724524,0.06575824264657759,-13.152419811411061,4034.7647774000357,0.002055125770873555,217,228,8.291949073447716,0.06576083592878557,-19.07290659298685,5373.926781220862,0.001544980605767496,217,228,8.302612653800777
AHJYWQZ5PICKUZPXVE4HU7L5PE7A,0.06273066942389194,-0.27323376077774547,955.6365957499675,0.008393385808588205,345,315,8.02102664093532,0.06280876043013939,-4.004253317214824,1595.4594582472998,0.00504769884306954,345,315,8.05339886155925,0.06285234432503606,-8.37213289934951,1694.0883001909795,0.004768337615109262,345,315,8.077984965117158,0.06286335176327851,-13.75018648411892,3139.2251015604625,0.0025779598817216526,345,315,8.092796371516453,0.06284264389621674,-19.729228273845393,5500.5570406467195,0.0014731378124577602,345,315,8.10307856615744
AHJZICZVRJWDIAJ7F4KECEIFOH3A,0.03529293875305417,0.4610697312141922,981.2426768596819,0.009182961054827589,279,270,9.01071328693723,0.03526622277198577,-3.286666668536914,1685.9436943702854,0.005365553317139424,279,270,9.04602078183878,0.03527522216393775,-7.673887792005248,2161.5640199872546,0.00419710459851813,279,270,9.07231028827984,0.03524902283181208,-12.8926413303148,4135.769020740098,0.002197168561259208,279,270,9.086981668999925,0.03524801649116549,-19.1087681471232,6231.165952926691,0.001460054509877464,279,270,9.09784195136552
AHK7S4HWRWXSEHYJB534QN6XQ7QQ,0.15247568967318625,0.811267773368768,1070.9727506334361,0.007510561904905432,138,163,8.04360714209927,0.15243038760642186,-3.16226361356603,1707.7996496816581,0.004729201311579473,138,163,8.076528343189462,0.1524450677385225,-7.379824274955259,2371.341376444954,0.0034169522820702986,138,163,8.102760327811309,0.15245951850858708,-12.057412549535153,5488.257845767058,0.0014792955265748708,138,163,8.118755279932646,0.15242980313292742,-17.93110139625871,7971.538028634933,0.0010197584578955996,138,163,8.129043327136888
AHKB2DDGDMX3ISA753Q2BBM574KQ,0.12887878889985815,1.4183850944369074,1823.167909003033,0.004536102350294402,80,106,8.270076237009988,0.1289872601677009,-1.5135105897065038,2198.4522945722056,0.003777695397439535,80,106,8.305083114695806,0.1290882101907589,-4.224703050970725,3946.2248646165976,0.002111111134006174,80,106,8.330919248984106,0.12908981997707747,-8.786147947564453,4773.715815991174,0.0017484575042560602,80,106,8.34663924165561,0.12905794324200548,-12.87641848102878,8412.604707940616,0.0009936709744911621,80,106,8.359361118148291
AHKGGFWXAEA2DA7RDLFUFLJDZCQQ,0.05291442397783652,0.15233696352825282,1326.2348339876364,0.007026949170835449,125,136,9.31938476702251,0.05299768076830991,-3.556049831656601,1882.4987318402743,0.004969168635186373,125,136,9.354453654038814,0.052937149666932415,-7.685404907694749,2310.3347764363466,0.004059545619586064,125,136,9.37890942145952,0.052936156938617196,-12.514662391601131,4776.910928753977,0.0019663618484318953,125,136,9.393135403659192,0.052938649312705977,-17.503458922681688,9620.781109838477,0.0009775901569993085,125,136,9.405180915622978
AHKMC6HKGYSGHJDP5GW6RWQSTRGQ,0.03719270246864126,-1.2623593653775358,835.1618337284608,0.008266714487707797,385,408,6.904044430463678,0.03725927456054212,-5.124020393335497,1185.7161929955798,0.005848136987109147,385,408,6.934230724471699,0.037212377129177354,-9.639357609414487,1851.1089739963102,0.003757307960959974,385,408,6.955186484600786,0.0372146720584835,-15.372495011170361,3116.3214786819526,0.0022361429183978517,385,408,6.96854020600577,0.03721033517918393,-21.73107898573976,5743.993485585056,0.0012146693064061733,385,408,6.977052583137177
AHKULNJ7UQDGZ6Q2GLJHZTEEDW4Q,0.06048773769516602,0.10945363377127797,975.3141365707266,0.008864323615681853,177,146,8.645500133512249,0.060353969039243616,-3.4551649913635476,1365.2877521278954,0.006359683136162213,177,146,8.682797493216592,0.0603835674386608,-7.694853511668812,2843.5563210072346,0.0030617499917213273,177,146,8.70625854230303,0.060402102688144055,-12.783466574542956,4376.951436047285,0.0019927331771278246,177,146,8.722096341288701,0.06041468727392263,-18.97016202403573,6730.18473566052,0.00129734993891553,177,146,8.731404755699408
AHKXLKWJKWHMQMPU6IOKT7V7X4XQ,0.16657859649962947,0.4728588854508819,1097.9363108552866,0.007208422585871065,87,90,7.914388901017203,0.16674083367195647,-2.777913353856932,2128.676755130956,0.003731530252156543,87,90,7.943221708833587,0.16661912394214135,-4.416858022772446,4726.559383555314,0.0016844683360312835,87,90,7.961739619970468,0.1666395049595777,-8.036871719607499,5877.2518233428655,0.0013567881661664372,87,90,7.974185723491716,0.16663466950530775,-12.276388290409937,18080.975918171174,0.0004414742403922426,87,90,7.98228510902505
AHL4DUQINPGMLDA37BT7ATAETDEA,0.06971091349785088,-0.4431330722641145,1139.8775799198283,0.007252052222283456,224,229,8.266451736588678,0.06968076238967466,-4.522948087357225,1700.52096589443,0.0048798464002174835,224,229,8.298281113914292,0.06968454518443543,-8.816120504918892,2669.8401246723924,0.003116446239446571,224,229,8.32041321645884,0.06973397087032804,-14.513460230890514,5078.455329664221,0.0016405429745943666,224,229,8.331424212871955,0.06969704604602442,-20.83127957834256,7035.160985295076,0.001185491600798786,224,229,8.340124258334624
AHLA24J43UD2AKTINUBUWKEDPQHQ,0.12708746930714232,1.3723611371030928,896.5856994811835,0.012459226577037383,166,176,11.170764375567614,0.12707899546046053,-1.9268623575448047,1891.5889359911248,0.005929723161932479,166,176,11.216598726601786,0.12712155959446564,-6.110947214285454,2222.844016383055,0.005061308271170785,166,176,11.250498805642044,0.12712436346341877,-11.041916816301002,4498.8469777620285,0.002504525431107732,166,176,11.26747666646716,0.12711062151197527,-16.68718650392709,7199.911961846959,0.0015666926835967443,166,176,11.280049393166312
AHLZVZPQ5TWJ6KXNLADJBDZAT7EA,0.09534693562146035,0.006114236472786334,995.5149359818735,0.009573122826797063,1120,1077,9.53018675806549,0.09531030338443269,-3.9404849582008223,1375.5530895632794,0.006954178439304016,1120,1077,9.565841637558984,0.095315723615089,-8.518623489607833,1944.6637818514378,0.004931717861773672,1120,1077,9.590533108101075,0.09531434281064671,-14.059976198499713,3182.6210567496078,0.00301832363129387,1120,1077,9.60618034504081,0.09530076977041257,-20.370533573326977,5134.640980212885,0.001872841614715285,1120,1077,9.616369304365174
AHM7F4GRRASR5R4HCACGTBSWQWMA,0.0760357575966927,-0.4647973231870916,1022.1197453118455,0.007443536924107717,192,198,7.608186065088297,0.07606688844048162,-4.182787654627565,1704.415849906788,0.004481130265047762,192,198,7.6377094492444115,0.0760598847221606,-8.725740649637304,2356.8948578533377,0.003249426851476516,192,198,7.6585574372155625,0.07606481055600425,-14.151800495195491,4410.438400320439,0.0017391838126384837,192,198,7.670563072476476,0.07608741177982495,-20.423161910458425,7888.749667679077,0.0009733065322602988,192,198,7.678171582918307
AHMHS45MRB6MBCZJ7AWU2QSHHENQ,0.15890811125056054,-0.37249983061443015,1379.2546054736551,0.006370862033426401,172,168,8.78704080044062,0.15886802101320524,-4.296528919781028,1844.1089596954478,0.0047814307775672395,172,168,8.817479337075318,0.158847894378492,-8.647259863549396,2656.097012823596,0.0033275981332382292,172,168,8.838423461571434,0.15888230313328122,-13.885903339837958,5935.38313845037,0.0014911435715946222,172,168,8.850508411851383,0.1588931831829199,-20.14142523294743,8996.675629574664,0.0009846941545363038,172,168,8.858973902701392
AHMOYBDULQMZKOUODA3BNH7DWKDQ,0.09749060769934215,1.5946000820964117,981.7870905272674,0.009107026322428075,137,140,8.9411608764519,0.09757313494485642,-2.1252158702243027,1885.1267344746211,0.004761584432597302,137,140,8.976190112347343,0.09776564686179035,-6.07716081991001,2447.7938124626203,0.003677188059525339,137,140,9.000998179367555,0.09776533418499234,-10.915036360681626,4260.194486877035,0.002116291524490111,137,140,9.015813485257366,0.0977756950004961,-15.673681676470752,9997.45589667846,0.0009029617969865373,137,140,9.027320741758436
AHMSYVI5H2GXDIKMFYR4Q2KRZUDQ,0.05658374246554465,0.5136589072797831,927.7423327923234,0.008284398585963767,228,222,7.685787269923451,0.05651373830630202,-3.0479827509359008,1372.8350664959369,0.005621752413143226,228,222,7.717738847921174,0.05649109610379843,-7.28174933075884,2004.120448504916,0.0038631600204347112,228,222,7.742237992799875,0.0565078088375458,-12.274853833529715,3434.3947909882822,0.0022584725183349783,228,222,7.756486252559837,0.05649577498897529,-18.14581015926402,5193.421506709794,0.0014953693371275406,228,222,7.766083275912538
AHMTSDM7S76CXUULLBES6YYVYTDQ,0.07576113817249708,-0.37266941614079796,967.009306550144,0.008087913110685425,181,156,7.82108724860173,0.07576812760647156,-4.140151979756923,1610.8338366880387,0.004873616614560877,181,156,7.850586549779667,0.0757503471666604,-8.446652741731514,2534.773914974558,0.0031047704615359897,181,156,7.869891177884946,0.07579437229883235,-13.644492026051989,3659.737737520898,0.0021541729761388306,181,156,7.883708133922983,0.07580063966398565,-19.729190971346377,6622.921666085965,0.001191667907641443,181,156,7.89232320429784
AHNGXSJ44HVTEJAF4G6XHN4MJA7Q,0.0740807820819821,0.044945909356619775,1132.0483892544846,0.008001261560014484,238,213,9.05781526101822,0.07419955430148772,-3.495076736924988,1649.250073848039,0.005514725890127951,238,213,9.095162081545215,0.07422316641270965,-7.710392784458297,2052.894179473021,0.004443032315296593,238,213,9.121075179282915,0.07423691381602182,-13.067981025605743,3658.324316667113,0.002497537527299828,238,213,9.136802267909616,0.07423686166922527,-19.03951589623888,6450.658377276902,0.0014180716913512548,238,213,9.147496035394196
AHNS4IA3FTAYFENRMTJJ2XAKO7JQ,0.055503887070517344,-0.6133552294958619,1016.3427034701172,0.007913995620823984,212,254,8.043331704518916,0.055490827238527496,-4.217266217273879,1668.2290254314282,0.004838501408697282,212,254,8.071728489579659,0.055454696433545725,-8.720681057862015,2185.5006214179048,0.003703265585183482,212,254,8.09348923769404,0.05545589724218336,-13.985404362840356,3596.11854031735,0.002254196393511597,212,254,8.106357444223558,0.05545812054452126,-20.252932588841215,6294.6360487133325,0.0012892793198938984,212,254,8.11554408386474
AHNSZCP3JIOZZVYXFJRGQEKRSTFA,0.030275377838043127,-1.1972312620826797,881.2363856264457,0.007280546091956983,158,148,6.415882123462916,0.030270778452498592,-4.761990283238413,1688.692185003222,0.0038154825133005135,158,148,6.443175502227029,0.030330984733386246,-9.338205381412806,2160.754612104459,0.0029906641216966116,158,148,6.462091294211285,0.030363129795935695,-14.847965981284638,3417.639123075191,0.00189476903640413,158,148,6.475636788006236,0.030361341424801847,-20.634702399937236,6278.795879094086,0.0010328971561573434,158,148,6.4853504076087285
AHOB6DWWDUHGACMKP2SXX5GHTXDA,0.12196861999589959,-0.5460977872246671,1122.1996600878942,0.007106641626810354,120,122,7.975070817973059,0.12201964336754312,-4.191802180586584,1884.13101355544,0.004249436281304091,120,122,8.006494687732737,0.12203094739120535,-8.379554935896367,2295.2593934507945,0.00350020286251008,120,122,8.03387349915962,0.12208743347797013,-12.870907351481133,4429.155055535708,0.0018172488694689615,120,122,8.048877017375,0.12209143062332573,-18.102455291507646,7440.872122234058,0.001082954844640408,120,122,8.058128513123128
AHOCOXJ7KQ7QW6J6SZITGMFK5IHA,0.04104699115869781,0.07538133680621477,867.4352152702294,0.008166850903357503,156,182,7.084214071433783,0.041028947981473385,-3.6773835530662837,1371.9535581090063,0.005188548795457806,156,182,7.118447981350535,0.040958656687375306,-7.566591352665707,1980.2996277174454,0.003605623205830285,156,182,7.140214292195096,0.04093626282194163,-12.63203934376769,4624.28868067962,0.0015472717784369798,156,182,7.15503137096115,0.04092530133358563,-18.462016450565674,5811.225718682326,0.0012330457517067727,156,182,7.165507184630379
AHODD3PARPO54FNRADPLKP4TZUGQ,0.11108106871175172,0.9385300503174732,1361.90672396498,0.007131479187007314,199,193,9.71240945660157,0.1110655022556446,-3.100226721108199,1706.4548597006337,0.00571223640519564,199,193,9.747673573404978,0.1110898183297706,-7.460772688866033,2833.1684279327173,0.003448876461556772,199,193,9.771247902722953,0.11107994435723656,-12.651824170477676,4911.042542860322,0.0019925313432796305,199,193,9.785406194828889,0.11108055609427403,-18.698002642398887,8152.544794386165,0.0012015641521884721,199,193,9.795805574045154
AHOHXQZCEU3KDM3TPKZRNCJ3ITVA_1,0.06563231798601249,0.5250164904036543,883.972614623449,0.0066313317143168,105,112,5.86191563394002,0.06570263377789048,-2.112414229999647,1866.1214846635778,0.003155906655518851,105,112,5.889305213456504,0.06562199548807901,-5.69017401038271,2039.1785958169419,0.0028997138435482273,105,112,5.913034403757622,0.06562324033499473,-9.891848215192796,4128.86939411088,0.0014354648151961391,105,112,5.9268467417863695,0.06568791896949899,-14.987672807426248,6825.843983116993,0.0008696396188951149,105,112,5.936024360115375
AHOHXQZCEU3KDM3TPKZRNCJ3ITVA_2_1,0.055044210736820975,0.4830778558457352,954.7331038190202,0.009543217341955302,507,517,9.111225513304486,0.055038222483770216,-3.2152527606249937,1478.8529988545133,0.006185149171910359,507,517,9.146926401242144,0.055007749719962584,-7.550999107533255,2040.2597902941177,0.004495203754622559,507,517,9.171383469735552,0.055004432028231465,-12.760337391819164,3415.2590657634223,0.0026897345787076734,507,517,9.186140404428741,0.055003593643543014,-18.75663518887533,5263.493019137493,0.0017473630662689637,507,517,9.197233301205376
AHOHXQZCEU3KDM3TPKZRNCJ3ITVA_2_2,0.031045511144646154,0.21113065304820508,815.9438542596263,0.009733043380302713,368,422,7.941616929400338,0.031025241263039294,-3.4158217607438868,1225.3392401493552,0.006508798473296857,368,422,7.975486175554854,0.031022572443487273,-7.635686105775359,1811.8682040755443,0.004414989699015436,368,422,7.999379456967126,0.031017518377562836,-13.02216251416661,2832.8141550796163,0.002829212059254078,368,422,8.014631969176902,0.031026566091249763,-18.89869006240496,4864.06441073712,0.001649688144886201,368,422,8.024189394355911
AHOOD7DBLBIUO6DB7DZMCWYBZS3Q,0.0616770229810325,-1.4076193147170202,853.8841487650963,0.00828830916671044,287,315,7.077255817518488,0.06164130665915274,-5.262393724427107,1485.9493333706523,0.00478384557256566,287,315,7.1085521395020885,0.06165872281679047,-9.720816136401897,2116.223629780505,0.003367964260737095,287,315,7.12736555282807,0.06159206074873641,-15.480135942778642,3210.3157322029533,0.0022242636006426955,287,315,7.1405884297096325,0.06159073217016553,-21.891083009658605,5419.749629275989,0.001319097497815046,287,315,7.149178174761981
AHOTRV7O3LMRFLM3D3AFTMUZQZUA,0.07464942517017936,0.5155071303822113,1591.738419115567,0.005640838275850982,103,136,8.978738999689623,0.07455630757475296,-2.7372837937802945,2413.5211540891905,0.0037338780691239686,103,136,9.011793706620399,0.07456279096158303,-6.37764967564854,3610.490775388691,0.002502493997934583,103,136,9.035231495008377,0.07457771095278676,-10.54230332351851,5755.0712113869295,0.0015727062401758593,103,136,9.051036406804666,0.07456714636769657,-15.369828603795494,8900.776515261598,0.001018060992026007,103,136,9.061533368929007
AHP5AG3KQWUBZ6QRXGWPC2OK2PQA,0.10991418773639672,-0.5946336078129351,854.2822726857609,0.008591916457810772,397,396,7.339921918304778,0.1099114782781132,-4.627729141823258,1218.5521118073514,0.006050760761272684,397,396,7.373167303689886,0.1099081739532029,-9.258220153719417,1892.0548821349178,0.003909129572679125,397,396,7.396287692885524,0.10992772207099044,-14.94096274733998,2906.7037970499205,0.0025494595836509405,397,396,7.410523852223498,0.10991832308414257,-21.317850347733515,5031.967478076518,0.0014745989001901576,397,396,7.420133708964275
AHPAXGZTH4KAGQHOWQ4SGU4BN23Q,0.07892488154105798,0.7485366424486891,1101.2785737807783,0.006944860988469944,225,225,7.648226604487946,0.07858378392178633,-2.985614114399075,1518.0002371703665,0.00505898051647295,225,225,7.679533623846201,0.07858406924199102,-6.872259472879228,2382.5674178827853,0.0032325916831694498,225,225,7.701867619638403,0.07849259518714069,-12.340364684123047,3697.6491785291723,0.0020865183630321684,225,225,7.715212911051931,0.0785016474378572,-18.237513681095464,8232.860096121867,0.0009381883380920384,225,225,7.723973331324833
AHPDTZPJURZALWCECXNGOSQYBZXQ,0.08160513586001242,0.22472689191988424,1181.051939501653,0.005813825192516378,118,120,6.866429519545038,0.0814974413056753,-3.282727154012472,1826.4038328847905,0.0037755746913188696,118,120,6.895724087567594,0.08147250111894302,-7.541134894290413,2644.9985973300873,0.0026156993195765527,118,120,6.918521031317246,0.08152704293532723,-11.848738974536975,5318.9448190772055,0.0013032824771898107,118,120,6.93208757984285,0.08154273516270225,-17.503628693005695,6537.493041825182,0.0010616821035554105,118,120,6.940739364623819
AHPG65LKS3QKRWDUWAKZNLEK5RZQ_1,0.08509788703920862,1.0257377407633133,1048.3546944017346,0.008560535863614339,207,186,8.9744779592145,0.08516826598747751,-2.2269187817634197,1731.8931970829017,0.005204233685894973,207,186,9.013176916631178,0.08520695380594545,-5.773596049184984,3143.5738160309947,0.0028747609500437777,207,186,9.037023249906007,0.08528885015324217,-10.64384319369751,3856.1013022175293,0.0023477846487688185,207,186,9.053295441443765,0.08529186782196285,-16.22706887758377,6852.535566685868,0.0013227710651478066,207,186,9.064335770508293
AHPNEEABM5OSDMOU67FIV5767RUQ,0.0676542205532989,-0.4792979386716929,953.8902964447054,0.007025424713128188,169,165,6.701484462255807,0.06756006586940061,-4.273002605231484,1602.031823035707,0.004200689630565356,169,165,6.7296384668618074,0.06757623134012425,-8.57644970504441,2238.666321616627,0.0030154951158140844,169,165,6.750687358772422,0.06758949887976262,-14.188422186824871,3793.4321507455707,0.0017831081582408738,169,165,6.7640998157276515,0.06757467759111252,-20.28366949681687,5648.085516259267,0.0011991913589068889,169,165,6.773135345465268
AHPOHKN4PU4W3V5PGFL7AGTAD2AA,0.08830625674900439,-0.685280861924971,1132.8401132767294,0.00743743519988551,211,169,8.425424934326635,0.08820772350699341,-4.566402809079907,1709.2370306111036,0.004948174123153183,211,169,8.457602445205048,0.08828632886336679,-8.767687930747977,2500.932738463149,0.0033895128707633368,211,169,8.476943705934241,0.08825252836427805,-13.847631951821228,4223.009656462633,0.0020103762248765505,211,169,8.489838210776567,0.08824933551061498,-19.738836930618657,6884.904380592045,0.0012343997272453529,211,169,8.498724089513155
AHPQFIVYXQZH6JMFAXRDI3FUFEZQ,0.10391867216118889,-0.5014310263123408,899.288052988247,0.009302221062826169,192,168,8.365376268055208,0.10394942611746816,-4.453475909718122,2044.5917730488575,0.0041059005695674436,192,168,8.394890525494214,0.10389634434678696,-8.91712775169964,2703.8858733792486,0.0031125536223276995,192,168,8.415989769547275,0.10393850961288631,-14.24021139959168,4616.636802128411,0.0018258271528018848,192,168,8.429180827950514,0.10395051061154748,-20.55642168612594,7233.577798211693,0.0011664747996370114,192,168,8.437786212827719
AHQAG7ATRW7YK5TUB2ZVQWWOXAMA,0.09701692838447293,0.7241114707806949,1144.7744005902457,0.0074733998187930945,183,168,8.555356797930116,0.09707466555080055,-2.7508347349243016,1693.4549828473764,0.005071206292995898,183,168,8.587859565920876,0.0971135772776385,-6.496191723507834,2537.2611853605395,0.0033939598069144252,183,168,8.611362482757722,0.09707452018922388,-11.572341588852494,4210.555501778927,0.002048617438311121,183,168,8.62581742592114,0.09709579732282289,-16.822325628871877,7074.62611732044,0.0012208232223228413,183,168,8.636867853276472
AHQLV6Q4IX2WPEFGJW3HFIYXCYIQ,0.05525414892631453,-0.7094257742681431,1143.4517622202247,0.006994182770515044,146,158,7.997510614235761,0.05524470196716491,-3.8838428519032515,2280.229819664866,0.0035217614631711264,146,158,8.030425506069372,0.05527460502436177,-7.919389905830321,3343.6602886577402,0.0024088792752742965,146,158,8.054473972905303,0.0553102471910758,-13.312788077759043,4231.21042098689,0.0019071579391222318,146,158,8.069586546481869,0.05532247424635295,-18.578050552083713,7417.480535557433,0.0010893896869559347,146,158,8.08052679863265
AHQR5RU4UKE2S65XWC5WMU2JZS7A,0.052012126983351004,-0.04073177101054909,1057.9536760801057,0.007577509580377363,166,152,8.01665411609245,0.05203368163469951,-3.5684319579716814,1375.9694646148437,0.005853773367991918,166,152,8.05461340713247,0.052101977621436424,-7.735296415433075,2150.770876070647,0.0037557942143216336,166,152,8.077852812677607,0.0521064445898905,-12.722750194977555,4320.3210091453275,0.001872815921578232,166,152,8.091165972256304,0.05207793947941591,-18.33290587566834,6793.123220645522,0.001192610999240164,166,152,8.101553472135617
AHQTBZRRGQHFON63FSB2VSOIXDBQ,0.06922230854820066,-0.9820657160304681,879.1410812031608,0.00868948431456753,238,223,7.639282635406805,0.06920931324244994,-4.96653279403952,1663.2401058854953,0.004611083006219911,238,223,7.669338187512013,0.0692645689735607,-9.609606914894297,2300.2735871603977,0.0033433294460408626,238,223,7.6905724179034,0.0692372999473263,-15.318864852231536,3207.350551626156,0.002401843687792828,238,223,7.703554676962129,0.0692397633421159,-21.674626196882564,5222.21152826313,0.001477017797550377,238,223,7.713299369817397
AHQUHSDKN3Y3NZTRM72JRA4UVOGA,0.042554843470728354,0.15626501954460523,851.5888312699273,0.009585103817862867,350,340,8.162567357854757,0.04259680568870983,-3.6587550863157676,1291.0872345373427,0.0063473782335919104,350,340,8.195019010170704,0.04263756323370682,-7.977183790911671,1972.5670338817833,0.00416546638520697,350,340,8.216661672201987,0.04260867159219106,-13.085675861588644,3239.6235920229324,0.002540884052240825,350,340,8.231507920234206,0.04259924872733034,-19.293802682893606,4701.666583955637,0.0017529502610451897,350,340,8.24178766569248
AHR375Y4F3W6I7Z5YBS6PVJR37PA,0.13713494030554352,-0.240816651373298,1198.9743610952692,0.0062064220835805605,102,97,7.441340952348572,0.13709059097259324,-3.944966981103612,1700.004677271312,0.004397896155474745,102,97,7.476444034460588,0.13712599866736774,-8.032282150153554,2552.2965350691406,0.002938933047835348,102,97,7.501028634790348,0.13712749658312018,-12.783751659265958,5118.492968364602,0.0014679577964315385,102,97,7.513731658890826,0.13708973466645835,-18.166732194341872,7091.398907296172,0.0010609972819938334,102,97,7.523954966175279
AHRK5KLCWK442GNDV6M6BFD6EOMA,0.08273300926834909,-0.2347687495263738,1182.4330294169354,0.006347491484427775,139,142,7.5054835851301345,0.08281269841553657,-3.7866681203227137,2070.621774293763,0.0036399414594572503,139,142,7.5369420431068,0.08281772259757952,-7.788169992413997,2335.8326969521986,0.003236291655724986,139,142,7.55943586631599,0.08278713375364588,-12.892126571708403,3983.5342043476703,0.001901092972519399,139,142,7.573068881676011,0.08277606109286384,-18.520350504919943,8076.850826569702,0.0009387809256898259,139,142,7.58239349562574
AHRL4LYXD7XNEBSXATXTYL3VQO3Q,0.06488720663243108,0.4051003095628485,857.3087079192072,0.009771475924919124,209,183,8.377171399656055,0.06497280449445769,-3.2503616586735724,1752.3896432875956,0.004797489872307201,209,183,8.407071566008268,0.06499827222047139,-7.368930208557365,2272.5066694155066,0.0037101909284665436,209,183,8.43143362974513,0.06498357978606772,-12.785581571459772,3818.1839740858923,0.0022122031655565245,209,183,8.446598674150001,0.06499171736775444,-18.664751819037754,5963.541305112744,0.0014181509114784812,209,183,8.45720153748521
AHRQERYU7ZERE3SJCC5A3X5FQDVQ,0.04356590119187398,-0.07074084430105959,1217.448654474246,0.006275463690402546,184,193,7.640054826082567,0.04354621170156325,-3.984744839245922,1695.1414002302802,0.004524929584599205,184,193,7.6703954719809175,0.04352415358652617,-8.583187081791664,2614.0266266381113,0.0029425076405534796,184,193,7.69179332149288,0.04346680771288236,-14.119000829502232,3929.304436698593,0.00196097026989622,184,193,7.705249181737255,0.04347446215909756,-20.13056146462093,5643.201681237988,0.0013671385444150174,184,193,7.715038532328081
AHRQMW37TRCLFNW5QLQ4FZHPBZJQ,0.10067929761051453,-0.912785122121477,886.0809623551714,0.008380144776087752,239,250,7.425486747871498,0.10062825974050238,-4.646370606061632,1586.0455323687324,0.004701739832139766,239,250,7.45717345512539,0.1006140137058883,-9.060185068411146,1983.342137445282,0.0037712487949227913,239,250,7.479676645760113,0.10061499068439927,-14.378553248854566,3928.4319517453046,0.0019076117598851004,239,250,7.493922989057721,0.1006262119001814,-20.593649988165218,5907.068229063961,0.0012702787940184507,239,250,7.503623506200073
AHSEGNS77TLPYIWMD7JKHV4VPTBA,0.05557153842956908,0.1643928361366424,1018.8353071339014,0.009795349638767534,247,218,9.979848057697671,0.05560530114214124,-3.643564218878416,1554.487666794455,0.0064448604336647085,247,218,10.018456058343352,0.05563542486554207,-7.870859802530128,2126.51512056699,0.0047243507001435035,247,218,10.046403198716405,0.05556489665084363,-13.162473445817465,3765.1554541337937,0.002672340914462139,247,218,10.061778969392012,0.05562189190129596,-19.119221685272684,6925.911481209487,0.0014543650707831697,247,218,10.072803741607203
AHSQ5K552SD4NH32WTSPO4O4PPUA,0.08854576213389481,-0.4849433143422464,819.1072102662572,0.009323811855711572,310,297,7.637201518179361,0.088563499402735,-4.405444128608171,1225.148868827801,0.006260688591558219,310,297,7.67027554603067,0.08855296360809584,-9.067183843612987,1813.822192375313,0.004241582837728364,310,297,7.693477081869963,0.08853688103327195,-14.273656841378761,3092.6927656982925,0.002492470832497556,310,297,7.708446512379192,0.08852766388907823,-20.419922780572172,4443.759708332547,0.001736955541660815,310,297,7.718613051197265
AHSXYDM2OLH2JJHSW7XKDLLQARUQ,0.24876880452354566,1.5131985559109526,5325.398268255191,0.008739230907470514,388,349,46.53988514052572,0.2487324477692331,-2.322541424066677,8250.211195657921,0.005646362110279621,388,349,46.58367989696761,0.24881812218345684,-6.670427561551165,12723.712257727679,0.003663642489218277,388,349,46.61513284799854,0.2488296757981988,-12.372761101920702,20820.385013570653,0.0022396254571375816,388,349,46.62986430379863,0.24882893432740322,-18.72155692471244,32597.315968042964,0.0014307975098457302,388,349,46.64015851473033
AHSZXCJL6TJGVOVCZ4SFUYWDMMZQ,0.06501979135274616,0.1388610032272628,880.4005308428895,0.00702240842890558,130,125,6.182532108604054,0.06485755403434512,-3.738958662513401,1279.6478457693179,0.0048557149329984325,130,125,6.213605153681352,0.06487588881196521,-7.922003980092971,2353.2576158558454,0.0026493322622999364,130,125,6.234561323189922,0.06496680340249317,-12.775540389390526,3508.403606529993,0.0017804333295492528,130,125,6.246478714576802,0.06499363713895578,-18.32338378283417,5587.838433730224,0.0011194238771128605,130,125,6.255159764166541
AHTCNFRA5SB5IVFQ2SICSGEBUILA,0.09137597699666752,-1.3788810909798224,923.6812363439866,0.007251444156604508,197,179,6.698022903851829,0.09141652855292834,-5.750482565115891,1522.8869242623623,0.004417066539572846,197,179,6.726692876712288,0.09139251531743478,-10.469794124673339,2107.091810206054,0.003202188828668255,197,179,6.747305855620198,0.09136755416789824,-16.101140239174768,4262.019773349345,0.00158597563978248,197,179,6.759459536803307,0.09136922621912028,-22.70892485898796,6016.851382675005,0.0011248772855979524,197,179,6.768219451189746
AHTFA4ASPZK2TI5UGDB4FQTRHCKA,0.02997400435308059,-0.46287456459120596,784.6058908455122,0.009113029527123954,477,444,7.150136650430547,0.02995991231108866,-4.485569178372305,1078.344743207149,0.006660080407053784,477,444,7.181862696283377,0.029975269457049897,-9.050585848784246,1829.6072244410145,0.003936835473329433,477,444,7.202862623439191,0.029969697269097123,-14.599320997500369,2875.82101573255,0.0025094155731599146,477,444,7.216630042499825,0.029964644397370704,-21.003942414850535,4969.108786131846,0.001454167977439832,477,444,7.225918873207845
AHU3PHXO5ROPM42MGBGX2WN6IX6Q,0.06945877727007199,-0.9065218024103125,773.6492907227515,0.009402859598423382,333,347,7.274515659085865,0.0695210071060337,-4.621684461643586,1338.2719560142152,0.0054585906172383725,333,347,7.305078742412439,0.0695392292365763,-9.162443213682081,1625.5607294394165,0.004509317061777497,333,347,7.3301687322166345,0.06955292629998933,-14.634270107002108,2594.2389896274212,0.002831471813934239,333,347,7.345514577739282,0.06957905064806635,-20.727338947510184,4883.091597421249,0.001506527988977973,333,347,7.3565141642582725
AHUCKCTVD7WAARGGJSAVNYJ7XNQA,0.08958029389706179,0.31576221895567197,969.6738520874629,0.009240313310703158,290,260,8.960090202484588,0.08960218726465374,-3.318841068169274,1605.3728172661579,0.005601112624329313,290,260,8.991873953544593,0.08962779880950822,-7.723310685994094,2012.9319771782052,0.004478636544693114,290,260,9.015190714971675,0.0896116670749697,-12.990730245979435,3728.551927018305,0.0024215035334069672,290,260,9.028701665766182,0.08961454110658107,-19.072864258873437,6369.799584955773,0.001418939306479288,290,260,9.038359005489202
AHUDLM6F46QJM4BSG55J2CKT65FQ,0.04924820706069255,-0.5060186160556864,768.3845424332242,0.009622754689114674,454,470,7.393975958742541,0.04928680952015163,-4.5447248186243225,1241.6949611559778,0.005981448545696186,454,470,7.427134519604705,0.04926457111737814,-9.123162361085344,1962.1417194409055,0.003796368489038225,454,470,7.449012994712735,0.04926516522530666,-14.853820802180884,3385.9275447522673,0.0022037888916163193,454,470,7.461869510942765,0.049286003499708686,-21.21314766620478,5000.0125350593735,0.0014941934673648742,454,470,7.470986066628201
AHUOOO3WCQNZA4MQPWHAOEUEQ4YQ,0.06388409744299084,-0.14914736033169904,832.0702364641076,0.010406036588676342,360,347,8.65855332499408,0.06383394586006741,-3.8759586878657446,1356.8858365327362,0.006406294123350295,360,347,8.692609760636918,0.06385374305296387,-8.27499709895896,2052.4496688235104,0.004246873318304532,360,347,8.71649373568954,0.06385765846092317,-13.717847098258602,3046.250423024545,0.0028665182318727365,360,347,8.732132376449893,0.06385126554451481,-19.848582561695533,5538.857455627846,0.0015783008804842026,360,347,8.74198359909392
AHUSKFUP5FOS2PY32N2OT624O6NA,0.2097936178581269,1.6778902102818694,1131.7282412455288,0.00998709904249383,142,132,11.302682034506448,0.20982029664652674,-1.1041992938145802,2452.575894629253,0.004628315775088264,142,132,11.351295702713783,0.20975166805149836,-4.879820278380554,3310.690800858714,0.003436976318360283,142,132,11.37876587996464,0.20972646801245387,-9.623726565539242,5356.201952759073,0.002127983072025162,142,132,11.397907085819423,0.20974421440703772,-14.604810254012364,9172.669159348065,0.0012439838840308834,142,132,11.410652607776104
AHUX7IEXVU62RIOMQQ773RNTZ7EQ,0.1067211900509982,0.2623092301697767,1060.854248203832,0.00852202112696782,120,110,9.040622315826619,0.10668546673644355,-3.1461158656740347,2290.8787323687798,0.003958736785806857,120,110,9.06898590965087,0.1066491805969755,-7.181578974202824,2627.7493495217254,0.0034609310466641756,120,110,9.094459306611332,0.10664256117555457,-11.916855563175908,7346.929959249469,0.001239720924133395,120,110,9.108142798624078,0.10664178463005738,-17.469620281184376,8601.462720110983,0.0010599309124082374,120,110,9.116956228972674
AHV67OZ7EO5D6QX53S4BEXRQ6FHA,0.06819914876347521,-0.9218880601291229,764.8400823915155,0.008672201225830461,313,318,6.632847100079971,0.06819593110365813,-4.840411577471295,1282.5521913558462,0.005195942980857882,313,318,6.664068056259304,0.06818379951668735,-9.580126389627223,1883.4999470589955,0.0035495581468161937,313,318,6.685592581611127,0.06818512548327105,-15.228692362809097,2767.854616107808,0.0024203698796927214,313,318,6.699231944195798,0.06820909560378491,-21.704245030038237,4883.247844480756,0.0013736824644174047,313,318,6.7080319333673035
AHV6ORJZ5R7D5AE4ACP6JWJJGKYA,0.09147389099665382,-0.161566128721769,1105.3617443549917,0.006445178633991684,115,131,7.12425389754857,0.09141614195988357,-3.8352582793506333,1922.038371956153,0.003721769806397306,115,131,7.153384379483445,0.09138510911316355,-7.92480925268417,2404.2514631516083,0.0029843138781825962,115,131,7.175041008124158,0.09140607057815564,-12.795705710405258,5017.988284373779,0.0014323113557657623,115,131,7.187321602808119,0.09138254258144474,-18.406811671355946,8022.600719378622,0.0008968646889559812,115,131,7.195187298803538
AHV6QCNBJNSGLATP56JAWJ3C4G2A,0.06873945367754208,-0.3234973042588423,1042.679532144788,0.00719696896915895,131,115,7.504132237623212,0.06875203732856172,-3.3754901118522675,1873.3449000896587,0.004021142216284949,131,115,7.532986263412637,0.06872218004264496,-7.390378917909082,2803.0317788381954,0.0026943367378286782,131,115,7.552311499025021,0.0687278789859066,-11.952060169328885,4916.234630716832,0.00153872683863966,131,115,7.564742171333727,0.06872786240433548,-17.060530788029926,8373.323960150703,0.0009043801803896635,131,115,7.572668233542184
AHVEKNHP5YYEYVLWQSPBDLE2GUYQ,0.02860033765701475,-0.662400502397869,735.4497880064407,0.009760293983054743,453,485,7.178206140718149,0.028598688311843534,-4.538267525510256,1283.6709098150018,0.00561566609290328,453,485,7.208667202694409,0.028626573015417933,-9.133624414319534,1784.1159284176388,0.004053095288124144,453,485,7.231191862936764,0.02862157070185911,-14.716009181859173,2760.6147659019603,0.002624598707002532,453,485,7.245505945118383,0.02862676696889943,-21.037837540739798,4770.749410531354,0.0015206925164170835,453,485,7.254842926296243
AHVK6E5LV26567B2Z6JNDM336G2A,0.11334905735041234,1.102322398751694,1055.3024776200957,0.009791556387454724,188,145,10.333053715437845,0.11341344054036467,-2.712097692893182,1534.6102666752383,0.00676026188955994,188,145,10.374367301132029,0.11350827946919262,-6.693854047608247,2514.2808593593936,0.004137399424171791,188,145,10.402584179719712,0.11339805296149186,-11.747597730320674,4105.265897976256,0.0025381614658431984,188,145,10.419827709283508,0.11339401674510491,-17.57117782691965,6789.469129865797,0.0015365688119096757,188,145,10.432486514375308
AHW4RM32F7UDMQ5ETAMLLHIPSZHQ,0.05016403718989891,0.8043671318589035,900.7865990244278,0.008517134286222465,171,177,7.6721204271206815,0.05028922951520702,-2.963162063359397,1905.2519236477115,0.004046217179789868,171,177,7.7090630652910646,0.05031288372107838,-7.314926968689504,2260.3532084506005,0.003420254592835761,171,177,7.730983442634216,0.05031125734764123,-12.447876815381818,3764.5322186869817,0.002057147653241691,171,177,7.74419861922466,0.05031627550051647,-18.072408322631173,6518.501904734331,0.0011894290921218144,171,177,7.753295802542474
AHWFAMRETIELDXF3D26JA4SRA3FA,0.08820892792053014,-0.47904501560338786,1107.1109541036205,0.006322520720406835,210,211,6.999731947109521,0.08816122561737927,-4.40935016296979,1629.248116185886,0.004314837972719348,210,211,7.029941638700325,0.08815419649498069,-9.334476904414963,2252.317374271585,0.0031302202533148855,210,211,7.050249461837918,0.08814062185708449,-14.931544493021802,3805.969008909308,0.001855630484254277,210,211,7.062472115059149,0.08812651935019378,-21.135892992226285,7584.09483898113,0.0009323059287094788,210,211,7.070696582277067
AHX2B4DEER2QR3IU3CCNB3CWC6TA,0.06099199343059547,-0.09550281783676469,1020.7812820341161,0.008109390814210183,226,212,8.277914351845155,0.06106386317696905,-3.83230587552956,1605.4184793918325,0.005179104564189487,226,212,8.314630174052386,0.0610691758026613,-8.051449279393628,2389.7431178823645,0.003489691726320824,226,212,8.339466786506216,0.061064677459044536,-13.296346357118875,3945.7738300144665,0.002117212621159704,226,212,8.354042153148292,0.06107182265654021,-19.47138119224629,5830.042706131385,0.001434482281452736,226,212,8.363092962058232
AHX2FASTVBGC5KSGAH7YCAIIVYJA,0.15265561020284474,1.2929211357187165,1461.6487120846082,0.006348583684531457,119,102,9.279399166056761,0.15269626881842668,-1.8817294391381068,2305.1816051454316,0.004041860084011608,119,102,9.317221516235128,0.1527400911960486,-5.485553659131813,3335.1609183263736,0.0028011459362625346,119,102,9.342272453151544,0.1527436760480282,-9.690717066012851,5657.387939284286,0.0016538932189064787,119,102,9.356715549505578,0.15273497539157377,-15.110105438835566,8895.329787425157,0.001053023033595204,119,102,9.36698715758422
AHXBO4WJP7MRUNRXFGDL3KWYWPXQ,0.06424241344279497,0.8891812933049533,1813.2040582649788,0.004774721940408115,131,101,8.657545199434828,0.06418147813976421,-1.3498874795962896,3171.667912540589,0.002737507131067674,131,101,8.682463527958387,0.06421719487660232,-5.076838231012692,4708.961005841826,0.0018485939836426304,131,101,8.704956984606948,0.06418741788434429,-8.577468433555282,8075.3647594863105,0.001079836146029865,131,101,8.720070759669087,0.0641895329948673,-12.308647197587982,11646.387746338543,0.0007497420357710927,131,101,8.731786458319368
AHXCOH4ABGDUF6PLAWTVRWDNTIVA,0.04051346933850797,-0.5562890803052375,806.9233818810607,0.008081759134062057,255,237,6.5213604120055075,0.04050590922794872,-4.779695705621303,1618.822146655518,0.004046284394791346,255,237,6.55021478995485,0.04050567044758646,-9.363991846315459,1797.756547855722,0.003655113454561153,255,237,6.57100414609286,0.040522117573402294,-14.965460603678435,3271.0293194773913,0.0020131353353184563,255,237,6.58502470590262,0.040517065403564256,-21.0827553403325,5621.929912345004,0.001172844957025162,255,237,6.593652146442748
AHXY7OKWZZA2AMR6HYTRAN2ZIL7Q,0.06420014962503484,0.6432803743042861,869.5820791983044,0.008652755047099746,250,219,7.52428072465062,0.06415847052542534,-2.8087984560722075,1400.3719056882903,0.005396260127110023,250,219,7.556771077790799,0.06411652498317189,-6.923317657639109,2274.26867372294,0.0033337239838089647,250,219,7.58178402321557,0.06415052559087864,-11.820555065952044,3457.329045548951,0.0021968766588307985,250,219,7.595325482064252,0.06413191630267046,-17.614691287175912,5658.6021195496105,0.0013438986982026136,250,219,7.604588022109271
AHY2TURQPNIDXZGH2CMQLZ343YMQ,0.06840318308695315,-0.039719564137907504,1046.5669405297922,0.008540615540243676,149,157,8.938325876194023,0.06838901046010559,-3.4117404575799912,1641.0180423176619,0.005469574037582313,149,157,8.975669679464836,0.06839456348529138,-7.065815147783066,2911.8899360148835,0.003091240695020575,149,157,9.001352669630066,0.0683786606015544,-12.179167024432811,4942.106493385095,0.0018240743379481599,149,157,9.014769629990719,0.06839791215160196,-18.008744348849266,6854.334706114677,0.0013166534155085621,149,157,9.024783201844766
AHZ4HTX77PTDYAZIYLJLERY2RXAA,0.043418356977396155,0.9913951759677917,1334.5118292105155,0.006757781548784978,125,178,9.018339416074113,0.04338021767648714,-2.3611230308574402,2182.656131078193,0.004147329069432036,125,178,9.05219322099465,0.043488834326901094,-6.07439687270959,2396.640372033768,0.003788313083405981,125,178,9.079224077594501,0.04354778428388906,-10.566359437081035,5496.720450536037,0.0016543791087180982,125,178,9.093659479830352,0.043532863950867084,-15.494620077886323,10571.75026352114,0.0008609940429625963,125,178,9.10221400057996
AHZGQXTGR3WB6CQR3PP2TB2YPTUA,0.026878173794066207,-0.07621325146729059,837.5234162032747,0.009816113887582781,2092,1999,8.221225236968738,0.026866792351623703,-3.9820851061726876,1286.7911225702605,0.006413768349851341,2092,1999,8.253180174810815,0.026867187139981707,-8.533075700748501,1712.434328792327,0.004833017954598036,2092,1999,8.276225857123354,0.02686688813760052,-14.183097956822568,3049.6290596767526,0.0027183476058818463,2092,1999,8.289951853200007,0.026866537757356923,-20.483897499641625,4737.336912389938,0.0017520018045607583,2092,1999,8.299822819319463
AHZGQXTGR3WB6CQR3PP2TB2YPTUA_1,0.05797759205737485,-0.702250123632127,793.7894957426951,0.009500927377412446,832,845,7.541736352004191,0.0579645525096979,-4.644514376778141,1214.9900838457822,0.00623300455968374,832,845,7.57303873258129,0.05799225508844008,-9.363362744864784,1704.6484781606796,0.004455366004223062,832,845,7.59483287874767,0.057991257860424805,-14.95517949036531,2855.6649987656183,0.002664287732388335,832,845,7.608313224021987,0.05798784134537738,-21.426105067672733,4801.717457923186,0.0015864251178865918,832,845,7.617565184243896
AHZGQXTGR3WB6CQR3PP2TB2YPTUA_2,0.03444554130837674,-0.1356247486194269,834.7804496449072,0.009962997098489485,1259,1239,8.316915197687958,0.034445663628628664,-3.9614588780379094,1185.8247433663862,0.007043121239082317,1259,1239,8.351907435833132,0.0344218642513105,-8.466058494149134,1681.4723850961745,0.004981242488505758,1259,1239,8.37582168789018,0.034420680697655026,-13.96199469707887,2884.116379286301,0.002909232206725417,1259,1239,8.390564258564005,0.03441901212393911,-20.225678285332112,4942.847178655805,0.0016994548982735011,1259,1239,8.400145849183962
AHZGUAU2CB7EFW4YU6H3JHGV4IIQ,0.12963473574834194,0.36709807699855534,1342.3842466224917,0.007974182997693618,231,266,10.70441763578883,0.12957055265442352,-3.1075411187838724,1773.4098212177641,0.006056634448310556,231,266,10.740895014159776,0.12950983458123633,-7.3744129064006545,2473.0294615245666,0.004354678411829958,231,266,10.769248007920496,0.12945457959804807,-12.663460076577035,3657.0321661285257,0.0029496085929990876,231,266,10.786813502086765,0.12945500651060438,-18.714178629029405,8284.868423143178,0.0013033093998127405,231,266,10.797746892094262
AHZQJGJ6VCSHEZ2WA3YKZVGR5IDQ,0.06227014879246817,0.29239805777215816,1048.41248535139,0.006450398968323431,155,158,6.7626788138880105,0.06234071629014426,-3.469134237365456,1830.4743224095057,0.0037102479348100287,155,158,6.791513574442655,0.062388225817125664,-7.601737359412393,2261.498841954939,0.003013047092135882,155,158,6.814002509620994,0.06237643963177075,-13.133634589906775,4559.906832402196,0.001496892269356634,155,158,6.825689286409345,0.06238976468897317,-18.203811287886882,7965.211126566529,0.0008578240171320858,155,158,6.832749405896486
AHZRUCQACCVHJ5W7VTYWOTZICVAA,0.0555259339105415,-0.48098148848942274,887.5947504783582,0.009390635494909034,290,263,8.335078768936997,0.055552565331737136,-4.333292720390058,1580.7452192993446,0.005291017035829452,290,263,8.363749884618795,0.05555539158413936,-8.904962663981967,2369.1905362041766,0.003539116198097435,290,263,8.384840603059349,0.05554597453523247,-14.485076440409134,4265.228805429565,0.001968951847051183,290,263,8.398030134546453,0.05550216209131664,-20.540455434391134,7164.352378233937,0.0011733335291915787,290,263,8.406174860325306
AHZTEZKKMQTPNZW3AYURV4YDN42Q,0.06874419555054201,-0.30547226916467657,1181.7869708595247,0.007234742149424712,343,349,8.549924009718357,0.06875224832917248,-4.0444304886575795,1563.1204552495487,0.005490261601851131,343,349,8.581940214524657,0.06874183068053086,-8.495073098797647,1910.9890485643523,0.004503542686347082,343,349,8.606220753351357,0.06873396638360518,-14.012416865697046,3851.885263708824,0.002237732643070681,343,349,8.619489391964153,0.06872956786310791,-20.415533197264146,6585.5908332891795,0.0013102182967695054,343,349,8.628561604813017
AHZUGNMXZS6QEGBMVOIX6HDAPGHA,0.15597733412262993,-0.6883279353529479,1026.861936592544,0.007535910950668451,184,183,7.738340112792365,0.156001371759326,-4.471530395367384,1639.1361490686268,0.0047404180320775036,184,183,7.770190558074997,0.15598957689119647,-8.938670029927051,2096.612591353335,0.003717360576895946,184,183,7.793864992120538,0.15592410241017585,-14.496076084272902,4281.087621820578,0.001823888818555617,184,183,7.808227844695409,0.15594565801160198,-20.29725972701685,7467.9216820795145,0.001046826143690276,184,183,7.817615655832298
