uid,x_16_NLL_test,x_16_avg_mahalanobis_score,x_16_cov_stability_frob,x_16_cov_stability_normalized,x_16_intra_spread,x_16_kappa_profile,x_16_lambda_min_profile,x_16_mu_p_norm,x_16_n_profile,x_16_n_test,x_20_NLL_test,x_20_avg_mahalanobis_score,x_20_cov_stability_frob,x_20_cov_stability_normalized,x_20_intra_spread,x_20_kappa_profile,x_20_lambda_min_profile,x_20_mu_p_norm,x_20_n_profile,x_20_n_test,x_24_NLL_test,x_24_avg_mahalanobis_score,x_24_cov_stability_frob,x_24_cov_stability_normalized,x_24_intra_spread,x_24_kappa_profile,x_24_lambda_min_profile,x_24_mu_p_norm,x_24_n_profile,x_24_n_test,x_28_NLL_test,x_28_avg_mahalanobis_score,x_28_cov_stability_frob,x_28_cov_stability_normalized,x_28_intra_spread,x_28_kappa_profile,x_28_lambda_min_profile,x_28_mu_p_norm,x_28_n_profile,x_28_n_test,x_32_NLL_test,x_32_avg_mahalanobis_score,x_32_cov_stability_frob,x_32_cov_stability_normalized,x_32_intra_spread,x_32_kappa_profile,x_32_lambda_min_profile,x_32_mu_p_norm,x_32_n_profile,x_32_n_test
AE23NZUELB4BYWLHKWJXAS73PTSQ,7.517595773274001,-17.345443553875935,3.611268560497802,0.7735026886198052,5.026952754860562,12581.234193611219,0.002383429360390457,6.294112155208829,252,252,2.101673567367999,-22.28489166617391,3.413577717243579,0.80377334353905,5.286994664238016,27020.089977722142,0.0012236347293619091,6.455787351664297,252,252,-5.362055247365704,-25.5166862265634,4.885041813022448,0.7776075682028214,6.052085243394836,64891.151557625075,0.0006521946555497966,7.41975719463956,252,252,-7.465072066113233,-32.43468933230421,3.78114595938395,0.7930378299330574,5.578513369711315,37056.32207092805,0.0009671491590992996,6.8422031292651395,252,252,-38.000692930259056,-27.76066034009541,5.017910739311725,0.7565292606011407,5.913545674076937,262529.0512435249,0.00015488055729805193,6.82910283458098,252,252
AE23ZBUF2YVBQPH2NN6F5XSA3QYQ,6.9128981276548505,-16.059297302865655,1.9134453496438106,0.8894612031504185,5.106960145132267,14649.307390644033,0.002121889711300011,6.725792728798642,599,588,1.3033717371102838,-20.97177743530158,1.530931815932414,0.9087498068999772,5.224013563856897,27852.006540283877,0.001138542126517111,6.6438086616625425,599,588,-6.388569435693889,-23.49297876400413,2.0995216208255916,0.8945946813234452,5.907738961106248,61922.63841511077,0.0006445865215248985,7.21911636296773,599,588,-9.088372001837275,-28.780029209855847,2.2296746955142996,0.8854429410957353,5.638914468295451,41698.51034858948,0.0008876003478891048,7.000686755390343,599,588,-39.47620475020115,-25.227995272672675,1.9674246520100227,0.8993739193874891,5.7869981964987165,250358.83478928567,0.0001562477336225041,6.763650709118022,599,588
AE2B5CUQIA5ULZCR34UOPOXROEPA,6.874641105851726,-16.604695206322116,1.600774468616841,0.8993894937062629,5.002209701938402,14714.910940307813,0.0020160807474494586,6.410200624058419,696,704,1.1866113816720614,-20.208037666006526,1.5763678363455775,0.9086414270963323,5.3433281351742155,29718.494094540474,0.001119588683240448,6.7048444780290435,696,704,-6.158474960594077,-24.489212303962827,2.2376227777952042,0.892857848848825,5.942646871871807,69001.59510165537,0.0005949801427556345,7.236526371328064,696,704,-8.947214819233686,-28.70480936971722,1.3814814278594023,0.9270457052590957,5.618624196877278,40193.388245316564,0.0009176769262320242,6.928144285970199,696,704,-39.18026761501899,-26.011694630773057,2.151935735808201,0.8891161112629442,5.814356368864185,254226.5213945269,0.00015448127210757049,6.785564936860612,696,704
AE2GO5B2SWCBHIYMOE45YWL7RQHA,10.056497783380934,-16.16710913682961,17.81734872429321,0.704150872628716,8.424427676077066,29242.43669881179,0.00295827428947746,10.416683074103595,273,281,5.29784524648927,-20.513087600327033,17.084264447674197,0.7195314652650077,8.471526649772041,54330.68984659323,0.001619850206136267,9.70446522296253,273,281,-2.12707561879163,-23.057367571379036,19.828616744282176,0.6982854314928889,8.999252611947067,106750.32287702634,0.0009233691896492878,10.677754898383037,273,281,-3.4101441253411826,-29.879253351474294,15.354802291758627,0.7574573780132017,8.843518407774734,74264.24531510686,0.0012705318781439515,10.595934708240376,273,281,-32.04615626539484,-25.148698604486675,14.669177746065424,0.754377797950395,8.878881364718598,281529.28429848864,0.0003319493168001995,10.214742983186937,273,281
AE2RWATLMMUSX7TMKKCP2DYHDCWQ,8.34196728552789,-17.230783735851585,5.108529083320368,0.7765756911467411,5.595683490729246,18177.030903141436,0.0021140585136860037,6.384976095292192,221,230,3.461061447432573,-21.674623928422005,4.731540013813443,0.808638558762514,5.822373414563916,34430.51069385464,0.0012095522227183245,6.315080251177501,221,230,-4.047350568864869,-24.751555201452444,4.8573761354543965,0.814774388289919,6.339612853009772,77567.44722776957,0.0006191431492692768,7.028773328294121,221,230,-5.497255843200337,-32.22321892305948,5.248723703922485,0.8046898131601129,6.210646364805135,49568.08244878487,0.0009529426045044782,6.771240463309144,221,230,-35.955430634324685,-28.02042398694108,5.993079774509013,0.7625770250222363,6.24875398704707,265063.45222367166,0.00017744655718131952,6.53396142869121,221,230
AE2SW5HC66P6DJEXCZJN7IID6ZIA,6.476756496249842,-16.323724913138943,4.3606813815602585,0.6769565095869354,4.805018993306019,13645.32976696785,0.0019273350572702904,5.922024737542527,128,134,1.5986326887245188,-22.93063019685362,5.371230389500299,0.6468853428850292,5.0587055178217915,29405.403500633958,0.0010012102069558806,6.124334074054287,128,134,-6.06519028753396,-26.25189648202112,4.9480730778072575,0.7386049059668417,5.73682060311692,76041.53476310427,0.0004958745097967344,6.992021052696322,128,134,-7.583487105720631,-33.96730748502891,5.943010837542249,0.6424182141408157,5.396943128681654,40733.73975838865,0.0008134658305932452,6.3947809679920615,128,134,-38.01400115830695,-30.772231508452098,5.543703914033392,0.7016636803930201,5.679706997608229,260704.00082951752,0.00014250606704498516,6.529160651799249,128,134
AE2YCIHHZH57ABZB7EWDTCF3WPKA,6.907028830192274,-18.49794747276956,4.527401794841381,0.7689498589188588,5.161164879866449,17296.552968057586,0.0018792791598370717,6.531820878161478,277,316,1.4415908842797218,-24.082134158077906,3.3741686488573945,0.8245632667818341,5.307571827902529,37364.43485206771,0.0008897990386137417,6.533686234708977,277,316,-6.20838280952644,-26.314502304950416,5.475709471520387,0.7538620275957588,5.8888224512051535,89348.13462519465,0.00046364089579630766,7.048037557261879,277,316,-9.287087131624137,-32.813094002172214,4.556838972583826,0.7875408775232481,5.632239116775102,62847.792262486975,0.0006024534357528543,6.83726968924705,277,316,-39.422126357735756,-28.52730374555996,5.4933635930997795,0.7383586082415992,5.787950522831269,281274.88536576007,0.00013978257246198753,6.696427265718464,277,316
AE34VVFABKBA5ZFYOCL3BRUN7QVQ,6.34082641544171,-17.914606104232835,6.407841529008256,0.48268154136166896,4.511533696588462,23992.59938993903,0.0010387499465973704,6.019483797198779,67,62,-0.08675065737561558,-22.489991580636115,6.303116423208739,0.5561101791946825,4.842855598491378,38648.40563939868,0.0007424213264364027,6.360043592463772,67,62,-6.3114055085899645,-29.997284317703254,8.31323494560072,0.5137364268318758,5.397134144770046,100805.64492401629,0.0003572619133232081,6.69748117683827,67,62,-5.841370659709249,-44.65610393667457,7.913893262965572,0.48995172462629166,5.102343489262686,87627.01510320551,0.0003604632112570971,6.5698560330234415,67,62,-41.54019740857611,-27.7839261611229,6.842204099131837,0.5605322577111583,5.3413440019792136,296168.8234004248,0.00011518175842144746,6.393190855719298,67,62
AE35OPCE4E5LOQAODQT5QTD5SFIQ,8.597776195642142,-16.43327024539924,4.238165994342987,0.843926376682367,6.088525483664065,19951.747480700975,0.0023334302136870403,6.645915346728092,382,368,3.613313480464839,-21.134729072422353,5.596277037740076,0.8018421678267935,6.336050018102362,35279.18608801208,0.0014242419669405963,6.607270678325331,382,368,-3.2837144590491247,-25.62519204875331,6.677912049643536,0.7851823878676918,6.993280666605048,91914.9990935368,0.0006404646013993515,7.3141882911659035,382,368,-4.928410213577579,-32.04935799075737,6.120241624339915,0.8019098248231625,6.7915466676336855,53286.93890031422,0.0010564748831065022,7.167250746013523,382,368,-34.79748980247259,-27.097137660312924,7.019926462519813,0.7690284805949984,6.989743494193624,268930.503864191,0.0002189351933543731,6.939654505485872,382,368
AE3LFNXIKCQ2EU7IKXHEEZB4VHYQ,7.396791093295227,-17.576819261474952,2.8282026509776252,0.840024394255074,5.056351237687664,16402.47640230459,0.0018896771406024587,6.033708539862773,293,276,2.214925429779836,-22.46341591944713,3.677363835998091,0.796904233040834,5.268053991111754,30116.350055200106,0.0010975148274220694,5.999681250611926,293,276,-5.580416734686895,-25.157549967120943,4.446586179703359,0.7908917191932092,5.865686311271959,76024.65979155955,0.0005396492842160406,6.57393702535104,293,276,-7.856238246095854,-31.274979247116264,3.9774911103790873,0.7961136675218241,5.57380806272065,46405.90848799301,0.0007888529353341777,6.344056550363901,293,276,-38.15963219692911,-27.795856062968713,4.409225559608528,0.7780019794662731,5.764602596474725,258813.0434972955,0.0001520190135285925,6.170900335693799,293,276
AE3RVPQUALI4HMJUOSE6YE4VVMUA,7.628231642568915,-17.790965154646912,3.87523430801175,0.8750664934961432,6.0594897952404425,24853.509938730895,0.0018140031524199827,6.281784856553709,159,151,2.451380128044497,-22.533207473934507,3.665342342675311,0.8700564945375895,6.035382425241433,38765.085777381166,0.001123217241602952,5.886245739821006,159,151,-4.463439729749575,-27.507615324658435,4.630396065529992,0.8529510331924908,6.694254893642453,98346.24264673259,0.0005307217325673131,6.794312981931578,159,151,-6.387203220961583,-33.20527757816721,4.2379224412302445,0.8663020364303398,6.546338048058625,65713.73178074251,0.0007712972595070544,6.565850777639518,159,151,-36.539037814585235,-28.272701772960662,4.438869100562057,0.8540121520248967,6.592222891569487,276785.65814211476,0.00018507326422692385,6.330859938684977,159,151
AE4ACJAS2JESKVSTFEGR77WFC2NQ,7.11989648548181,-14.985252730652974,8.707310507154203,0.6796482124281913,5.96722372025014,14760.2356133908,0.002930148330448096,7.255945559035321,226,232,2.083261884572154,-20.251118311816832,8.154345340353618,0.678949093996065,5.966850290172424,34829.12651632187,0.001219728036360216,7.022223164063731,226,232,-5.634428885362687,-22.95610773368895,8.44359855715777,0.7055618201957299,6.661272014861714,81120.10238925445,0.0006389149313764834,7.671061192564982,226,232,-8.57911235685221,-27.75612533138284,7.30162038514185,0.7316454969292556,6.38067920268051,61129.81959939982,0.0007834715135553898,7.476268656487523,226,232,-38.30571352676012,-23.709274643673027,9.14566855573767,0.6688057426428345,6.5685080602006405,273323.56009472394,0.00018527500560912538,7.383814535932113,226,232
AE4BY225FXPK32UJ5I67YPNQLIPQ,6.6686214044524075,-15.857278349127562,4.524357856203289,0.7354014244469631,5.0631420492103,14429.920558321744,0.00217933267248055,6.020554620702775,213,210,0.9508573398741816,-19.791710125533108,4.6255649063714115,0.7487408493217651,5.383740346823619,29894.262377765266,0.0011561367282163651,6.462107382466792,213,210,-5.838241824160178,-25.13897390270931,5.114433751611142,0.7754176450871371,6.095471834492823,78867.07117057832,0.000556953020998413,7.420668447528787,213,210,-8.340516466491177,-29.19339661153129,4.9429739340631365,0.7428953959085685,5.585618154125352,39797.37827094692,0.0009369962056570096,6.731721189866549,213,210,-38.74853645318806,-25.619948670208966,5.7733488363573136,0.7296639312799613,5.975775285184483,259083.94169445985,0.0001633527248547408,6.813869063043834,213,210
AE4SBEJSCJAWM7CRKJDBQF3O7RGA,7.968001256182497,-17.764859839402575,3.7007773964549275,0.8365915081870714,5.628051806711629,15413.992336479878,0.0024741033104207217,6.18324949255188,220,229,3.4708606358806695,-23.500380991788003,3.4439758516390215,0.8466886074296467,5.722471016529273,29584.249650334383,0.0013270853828995781,6.122410415694327,220,229,-3.8671582389851396,-26.803697802846862,5.256227759554664,0.7939344033191293,6.42115615062364,90114.80064681076,0.0005330666449591628,7.08896307543965,220,229,-5.6250270377677145,-34.392924913036396,4.600946608060407,0.8067438152539554,6.11257788752812,55326.842405776886,0.0007933403786055251,6.5754051939938405,220,229,-36.519984532671735,-28.072994290559492,5.450337787222107,0.7793149189001259,6.299897876083064,264217.3526737497,0.00017805054296736724,6.457250075863764,220,229
AE4XAONOTHWDUYQGLCZSHVJ4TP3A,8.988045482792574,-17.84500614892575,6.751432800643294,0.7923154459436764,6.5573399598329285,17964.770301801796,0.0027947576791198555,7.461934602584893,224,206,4.0090008122867555,-22.753960360879955,8.408141017074687,0.712152372131833,6.45311590165023,39935.40757824584,0.0012073334644395624,6.9060681339919645,224,206,-3.2088064188862773,-26.885516207036435,9.87980045671942,0.7073078965536737,7.187961664571108,86992.90431637508,0.0006672597973348236,7.722642306652431,224,206,-4.846095733061737,-32.07424002403142,10.452209973292621,0.6974776937829836,7.0522537604994024,64352.705113064694,0.0008876590344345745,7.732616010031583,224,206,-34.87526739240198,-27.915957565600564,12.399022774650913,0.6187084928299379,7.0937312879931325,272538.4144661983,0.00021080355494493456,7.355339570550816,224,206
AE5HNX5HIVHJH734GBQBRKUMGYTQ,8.617168462430072,-19.38065250630035,4.2494125399525755,0.8595462001652565,6.158465712002498,24285.53806896871,0.0018789581623220527,6.596351664818425,111,127,4.079809437285819,-26.188003189900254,5.872546893640381,0.7976145326031322,6.316396517154056,40866.39348933458,0.0011469784824743284,6.407317039165788,111,127,-2.3633626361675244,-31.840865572507813,7.820622245681053,0.7623975164442565,6.843234546251321,99182.57194273427,0.0005504742439105787,7.164522578711385,111,127,-5.014504938050733,-37.55467391718239,5.29897777182893,0.8363152978041932,6.659243148078533,72273.49006417434,0.0007231127659313654,6.8482867216865415,111,127,-34.44982497255741,-32.26287431301206,7.393476165574797,0.7810941329827066,6.890940676979337,273692.9611172921,0.00020449666546486434,6.9413744980862715,111,127
AE5IMGWRBJA7JQFBQTBK25HDYGVA,8.136204663305467,-19.11295270412881,2.8141239676937158,0.7999130502966637,4.84684576454502,12460.099915400173,0.002211580457445498,6.492527357717656,198,227,4.101849502963455,-27.1228677137093,4.719561919503635,0.696823192435374,4.999006304763167,28122.249729994306,0.0010531128376492632,6.683783361136426,198,227,-3.8020504914996436,-29.103058574906818,6.9713331460970505,0.6397538890218327,5.770213093285019,68175.75181489687,0.0005609132982870376,7.693562587569025,198,227,-5.347291498633572,-36.65210641630031,4.479137206472192,0.7286389932220505,5.362339132167108,37500.757132062135,0.0008813902161101328,7.027095038330121,198,227,-36.86436655421473,-31.927755176187464,5.686492393029468,0.678458788852293,5.634095371432991,245879.5077585482,0.0001470435832089458,6.945851737287836,198,227
AE5INRAIGFDNXPWT5LNVJEEAAHBQ,6.505963241168545,-16.931019292308186,1.6544058814339053,0.8972062925928184,4.902895583236742,12830.828271739898,0.00224204197125161,6.720120806477778,551,602,0.5258497507869049,-20.568390120156852,1.9395946688322494,0.8850407334369321,5.168601446105095,32291.676866074773,0.0009712369085490176,7.012070852518731,551,602,-7.372418660989519,-23.751676572085646,2.1481597191473947,0.9014762643233454,5.907281537942571,72986.63123234687,0.0005554729976570669,7.830287193583692,551,602,-9.386363925484753,-29.126373095705777,2.523558795428837,0.8651635462005196,5.498846244281915,38676.58785076984,0.0009130639915371598,7.44240569033763,551,602,-39.39738412251243,-25.88791328571275,2.890453884966274,0.8604682285994242,5.872064414407884,251728.31302040938,0.00015834877218710633,7.330862714877061,551,602
AE5MYIUHLA3BAMM2MFJXJQN6UPRQ,5.32142750655046,-16.441520601348195,1.2297848904440267,0.8761308471796965,4.200068302753233,12102.13264915946,0.001678587494590405,7.009737946749339,525,529,-1.555417885314256,-20.47468678852796,1.30508816155033,0.880630379095585,4.400091105965256,26599.16721313717,0.0008356985378791248,7.115199368938777,525,529,-9.311142189561236,-23.37385490117211,1.718905103434884,0.8751640805829385,5.059928276448962,66095.24561159816,0.00043632253392651536,7.601024247302974,525,529,-12.289320752785356,-29.727480213837755,1.898880558825736,0.8421549901382905,4.68174757620184,38797.0151844016,0.0006452018918136996,7.438333200521179,525,529,-43.898699648501996,-26.251506853501912,1.7700041194398148,0.8584800703990247,4.872077451911872,251847.11643417657,0.00010708553576555469,7.125038190752821,525,529
AE5UVV7CEOPTGOGVKMICTYGYINCA,9.320240561846331,-18.184420366212848,10.547899046382073,0.7813785868721252,7.544235052348175,32254.36933459308,0.0021196001226107654,8.170675933889374,119,115,5.182374316212314,-24.476169344224054,9.91349846702701,0.7946955937702423,7.6529939497713855,60607.12414576895,0.0011605132761136985,8.089787341685033,119,115,-2.964102307406892,-26.90687066494883,11.595159157790055,0.7499209717931408,7.893787247835841,112795.19079698688,0.0006516484456122547,8.677098962722772,119,115,-3.4719475415286474,-35.89558703289259,11.976049131081268,0.766212987929741,7.97466599380536,84952.40161252671,0.000894571694144606,8.556494018815227,119,115,-33.305822013461984,-28.530418998807956,11.059348442686243,0.7714164674776374,8.007295817270474,284932.05862682604,0.00026432322667591524,8.389829276596634,119,115
AE5VT32F7URDDGWM4KOVJ4LLBASQ,7.67926590337885,-16.338332573922862,2.3291757522496437,0.8515799466815797,5.0693310419098845,12506.49647159763,0.0024392055667316896,6.365811076216408,368,374,2.6189295027109605,-20.521962104321606,2.5482578680180263,0.8714418304457356,5.579263895632375,32961.5396634801,0.001121417199984835,6.758487511497028,368,374,-5.468617734326006,-23.675544461534155,3.7806321055253385,0.8382931671162007,6.2187450117403165,75876.22592035533,0.0005890178374905426,7.574070426691091,368,374,-7.321003183440685,-27.942491115482476,3.096622136192835,0.8521651874934345,5.918526210932709,40293.30834683891,0.0010150005039697009,7.205565172707904,368,374,-37.65930880866433,-25.325812809922258,3.715738187539235,0.8300302375355626,6.201149444671725,251946.46233536815,0.00017496171061693878,7.13658566433987,368,374
AE5WIXDVVE4ELVZ3GTARNEEVOBKA,8.387507267631932,-17.581457192992936,3.7087145691018324,0.8659687574404127,6.175441465770075,20994.88908512443,0.0021262873009380424,6.717267124819904,278,256,3.0572780144031784,-23.29933687309292,4.696808286383743,0.8193595801160607,6.233630013550062,36649.330008667435,0.0012158073189048994,6.323113477925921,278,256,-4.011629651031047,-26.63565075586807,6.921469430590927,0.7626915555289412,6.865687951451372,82706.09055559147,0.0006424302353574859,6.926420274271539,278,256,-6.285052495726231,-34.68386935117065,6.836052645268164,0.7706872900969057,6.735667965553553,64659.39203891299,0.0008031673730859861,7.003344512724925,278,256,-36.56755869776711,-28.378694090624492,6.717822111254705,0.7526635807580818,6.6758446127788815,277921.6859348629,0.00018088278512710108,6.659707521848882,278,256
AE6JXZ2HEEC3RLKQ23MI2JSCXSNA,8.19226362828698,-17.74544893662496,3.120084641271934,0.895372675551119,6.165826446206132,19656.425380049368,0.002313767142021325,6.7823149748508165,242,255,3.2998899357403855,-22.7075143416105,2.9473316413159227,0.8944546085137851,6.213023657642424,35261.5090159708,0.0012844700676576286,6.552128201785913,242,255,-4.36231300408849,-25.18726116613467,2.8358117340671933,0.9145888267374326,6.925459940316749,83453.47684716275,0.0006685650027918788,7.455894945473403,242,255,-6.2239508922042965,-32.273424087414746,2.842027487266678,0.9141721622807083,6.699361336432068,61131.88429718215,0.0008686530573246248,7.185292915354843,242,255,-36.51015500049615,-26.40035916024367,3.6134440703482893,0.8871618989346945,6.849815936122125,273885.5512615375,0.00019862044886983073,7.074498364457102,242,255
AE6PSXRFBXPR4AHQKR2TQC56EKKQ,6.266682090280847,-16.771031061583894,2.012290519365087,0.8657177499736134,4.781609139870582,15703.202543245503,0.0017207452306807326,5.974045923721537,543,515,0.3037959422635171,-20.941716661167032,1.7411336185086945,0.8872064609301524,4.985037313183552,29509.282221575068,0.0009825516636452598,5.918044451638997,543,515,-7.536687920346639,-23.74119210029082,1.993239752605774,0.8910204050388706,5.644603689333005,71368.68102278044,0.0005108008078087587,6.579053012337244,543,515,-10.023695385934808,-29.267640237023958,1.6804252197285312,0.9061840687532114,5.420680515471017,40571.19953625459,0.0008428740909139428,6.416052599457606,543,515,-40.33095016624861,-25.922865835509064,2.2016070034546154,0.8792557986223737,5.604336084900627,251927.4421748107,0.00014432202637488384,6.2126654509675605,543,515
AE6WU4SFOAVPE7A33RAHPQGCKR4A,7.283315208131511,-19.063263778337475,7.07844323613815,0.6872978212125234,5.68596234847874,22705.730409967673,0.0016174841894246311,6.977349858616494,104,109,1.4613854831312751,-23.42341174278363,7.2977797040106065,0.6593463523245173,5.726385886667274,44265.32124380402,0.0008352126100014249,6.468661297493793,104,109,-6.011219952547706,-27.307829046181716,9.079503430386195,0.6442743750602675,6.400320006946695,84190.75862706709,0.0005446872341708472,7.279614327415984,104,109,-7.2341093487413985,-36.97535480295424,9.660389423425745,0.6080163265846974,6.137762025035565,82723.04452526016,0.0005125853166683668,7.1565676068511195,104,109,-37.973474868700414,-31.788620634985726,11.114289658537302,0.5397906702543622,6.256530768788925,281569.0462597825,0.00015458652215672732,7.031951322243069,104,109
AE7QX327FYG2YS4OL27GBQABRRDQ,8.776470578520343,-18.771685547888183,6.470984803949271,0.7908383379074729,6.417039438530582,20391.897200790805,0.002363856063447023,7.34057985854963,209,195,3.5806432832800557,-22.634160452321872,7.2994475097570115,0.7660872401410761,6.515134274712008,44283.46104758562,0.0011279492104384575,6.896072293303539,209,195,-3.5198760555568556,-26.668607655686934,7.155882792515561,0.7861335875019104,7.095400783573213,87233.56917285128,0.0006658187181921414,7.7783741806250255,209,195,-5.599543437182272,-31.912607418408136,5.105607554429239,0.8430886787616635,6.889087829239547,62933.10815387196,0.000866988630789864,7.736281332323849,209,195,-34.970324011099784,-28.510372460598106,6.134113119333315,0.8124625448839312,7.043676208427949,268596.4286321739,0.00021031612426197234,7.457056869855758,209,195
AE7WDJBLIDV4PZNMNQ6E2ASAVUHQ,7.858036040815765,-16.619349763428193,6.128234215035869,0.7627822241300002,5.858659863400613,18946.32699892522,0.0022043717660008397,6.611563250230102,237,231,2.361686829448203,-20.74979726792379,7.463598693982375,0.7135197328123213,6.027889664420451,36367.88411130254,0.0012018857200012977,6.438115963788569,237,231,-5.269147439051515,-23.776306497510635,6.866988590258177,0.7593679010065564,6.610812697372735,80804.21178099704,0.0006252773742945804,7.230664900090798,237,231,-6.938607576869798,-29.855144013461103,6.989042128501045,0.7653857145377222,6.4667878490008395,54841.80335024127,0.0009100662971597297,6.968468834800794,237,231,-36.7726011268262,-26.278206223534898,8.59403276143845,0.7004074643012478,6.514629243836128,268535.97318936506,0.00018789648930387528,6.775308308441257,237,231
AEAYK5TRLFC5J5MMW2VZ5UOVYJUA,7.483982083146776,-16.972635364023795,12.312124496184303,0.4461685844216349,5.469541580681296,17858.11987262713,0.0021948347444181874,5.99367531861692,186,160,1.6008386813645632,-20.788373409449147,10.110819488801164,0.5213729895925516,5.598780334806772,44232.5517507849,0.0008770348457691248,6.04079670128608,186,160,-5.375429974295468,-25.539528757937646,11.281420363599274,0.5415408527112543,6.246597721492503,97442.51840040182,0.000482570566396551,6.984199243580931,186,160,-7.719652923500673,-31.20567417781668,11.204371778081248,0.5232441779435759,6.007677203167344,64331.26790130195,0.0006847312141037661,6.479087611052644,186,160,-37.7460374736675,-27.003075119957106,9.358234010606271,0.5905054080920227,6.151230387713379,266603.273557467,0.00017047896493073902,6.422358257327243,186,160
AEB2KGGJANOW27FHME4SJ3IIFGIA,7.222383768257382,-19.06801363635679,3.7978257730022382,0.7254240689107099,4.693707978735762,14417.734055200595,0.0017942844867206167,6.210850099097627,136,130,2.7990114728015043,-27.26132186290638,4.206289182314769,0.7293027792800029,4.974181072208219,30283.10981878521,0.0009695498857653503,6.353076442280411,136,130,-5.320979967241484,-30.096322617387212,2.845030016450127,0.8305671377778924,5.474237943832172,68698.43084357417,0.0005043804514302485,6.648115799256587,136,130,-7.189721281852838,-37.319169904395146,3.6470831780910973,0.7774814888341741,5.255562987542413,56940.95605357573,0.0005669274163049224,6.5723725222198,136,130,-39.72409539542346,-28.76414345490622,4.225036474711643,0.7513290521116325,5.534133491903042,274993.4112778895,0.00013014360880931925,6.370018673046333,136,130
AEB45G7B26CZ6NV5SNZKP5MZBWIQ,5.990996029133402,-18.693871732623684,4.011799129988052,0.6242362694072878,4.204785685648667,12452.097340581377,0.0016852957010358512,5.733901338609762,124,133,1.0590392017513537,-27.320927444959253,5.341551064567633,0.5602053499734596,4.4548935874737285,42347.80207713443,0.0005501743082322061,5.757513911783357,124,133,-6.328765014554492,-32.29724469376263,4.5677097631725765,0.683215431814912,4.976998463483962,94704.68883000709,0.0003029441107693532,6.162335345332338,124,133,-7.435223016284111,-42.444555452223995,5.055427757638542,0.6157539701783334,4.760800496757474,48197.04769251217,0.0005453749836070652,5.928321294733231,124,133,-40.230039905108576,-35.71361178546676,5.78961212764339,0.5556858651929597,4.813293160791063,274146.02250400756,9.648795642862587e-05,5.836908112434918,124,133
AEBD4EQFW4THUDUVAETCYTEDJU6Q,4.824675981926224,-16.842407377474963,2.1118941504166515,0.7742991378248377,4.077386455861078,13140.050703733186,0.0014671414862474752,6.720569449773305,238,229,-1.3534536050269543,-20.65634174991174,1.8544960302118068,0.8457043778819604,4.5720567441895215,30145.732918524864,0.0007973385232710103,7.2629503612555935,238,229,-8.66183473126365,-25.49118693057442,2.945971466369166,0.8030789765264614,5.139363747312126,60120.758538819915,0.0005006562496453084,7.663463111106257,238,229,-12.295493788755497,-30.77143292906727,2.2529751002678253,0.8139948623354211,4.696688569367209,39867.38248193168,0.0006325222167326369,7.430518960745412,238,229,-43.810369480526255,-27.204811531973426,2.7272387209586344,0.7935737253311886,4.952989111323591,251017.01208990332,0.00011105487850416312,7.065047553899489,238,229
AEBEMOA4RWLGGTJNMNXBX5DT4CPQ,7.517779101824811,-20.755275952259662,4.348749838992437,0.7244285830050123,5.002866621809708,19228.58487949878,0.0015241113390526482,6.147763089778826,116,107,3.031790709191801,-27.22190850487325,5.350635158926433,0.6701096893812047,5.2195894015607545,40380.30293926943,0.0007946793466501717,6.237569143160411,116,107,-4.705317993447228,-32.210974907728165,7.166765341138378,0.6185999855230133,5.720365149316262,84187.66721599216,0.00044747683905695687,6.644258162905631,116,107,-6.617010326777885,-40.62553267315561,5.422455612704738,0.7028540601879616,5.51338669618292,70664.42844205764,0.0004974664760016559,6.5383983123267395,116,107,-38.78784721228946,-32.673689659083294,5.559872314411616,0.6878782043321592,5.662200882645099,276660.61651392706,0.00013283633759028052,6.367243437172611,116,107
AEBKVV4GWV4345OOUE6FSNSJDUMA,7.389335484010854,-16.536948203849313,1.3828265545248313,0.926282645417438,5.242830820676401,14239.457771232024,0.0023262242636045705,6.143445527385295,632,615,1.666678841081047,-20.351018360210386,1.5177219695176483,0.9249590521253667,5.447149143588578,30736.438702561074,0.001163262926149639,5.9801222007447095,632,615,-5.808140610645239,-24.1881135489762,2.348748456896951,0.8891018631383811,5.909011091030662,71904.32406052577,0.000568554164163432,6.538072439582589,632,615,-8.050801110989775,-28.857628324779654,2.0088746616948012,0.907766711288102,5.801720239794078,38715.479867113194,0.0010274752221778398,6.429815296674769,632,615,-38.33962067091829,-26.124444973206373,2.4451431734171902,0.8819320049766879,5.869944706273647,245575.975480745,0.0001651636200170727,6.30213265144836,632,615
AEC5AGCCT35DGIGTZ4HRI4VXUCLA,8.935193788736527,-18.803826753713576,6.13756524516966,0.773200284480773,6.006417263841635,21235.07293126932,0.0021003213673199466,6.893459922832112,232,221,3.687168638068217,-23.688136616324478,7.219559632845391,0.7267353125921755,6.137783063965998,37753.90778741132,0.0012158370254062327,6.525872852794115,232,221,-3.840966760777162,-27.02045214277103,7.290889360804924,0.7329231114398278,6.5219091289952855,86060.80787237972,0.0005874033968987856,7.174597280987646,232,221,-5.7443287795636495,-33.35782413559256,7.788387666609465,0.7338819455245886,6.469063553430291,62750.24830975666,0.0008011241116295542,7.1208499824657165,232,221,-35.94099779608859,-28.210045912683857,8.781335254899181,0.700610629881877,6.667279822972275,273437.29185688926,0.00019482367325997024,6.961042461640132,232,221
AECCWTWRVTRL36SUIZOJ5OYQDYGQ,11.132396023792658,-24.205280108954906,8.258239479016488,0.6499354553614356,5.688890087120003,18290.455992957126,0.0020546286097753,6.732739855089846,82,96,5.839618176115979,-28.710760857915346,6.291257142919591,0.7594479067427645,6.059896648292392,43181.67113760865,0.0009887118412934817,6.840056155571823,82,96,-0.9287696067868815,-35.406467864108315,7.428283827239181,0.7459708808186866,6.488526512886702,97083.1712477081,0.0004957187482950369,7.163626036292707,82,96,-2.8418583132386015,-40.744222935449095,6.196476581775545,0.7863647981321517,6.401327961435964,79327.81293254027,0.0005978029260660447,7.184781619486174,82,96,-32.995177958134526,-38.438722891779626,6.856439066689986,0.736010523060452,6.293984311327494,285859.8070452914,0.00015629820222867172,6.96780789042443,82,96
AECKGMR6XCQLS2CKXDI6KH46UWTQ,8.915587731663743,-19.771899672450942,3.8546940122874935,0.8341746134505148,5.808220063282231,15959.286543014727,0.0024576256942002027,6.858215471063314,152,161,4.140070621086525,-25.380039398458763,4.911137976946254,0.7751999504000511,5.826874758352519,35740.6561936613,0.001098983517312015,6.371037343032044,152,161,-3.683580516064614,-28.587474777991872,5.217882692243513,0.7964039000784379,6.476987868914645,83737.68520740012,0.0005717468973192277,7.007307375170146,152,161,-5.298166372913627,-35.589285957613114,5.0413802394200005,0.798041635310027,6.273012511603958,58173.8371547592,0.000774883380275268,7.014492920422755,152,161,-35.43162410302455,-31.21919095547924,5.247908479314465,0.7761004896494447,6.292866540398337,261540.22424764713,0.00017254259168723643,6.756565738887282,152,161
AECMBFXDJHHNGEBXIOVY5M3V2PKA,6.316614089816833,-22.3533041141487,2.8241314926977426,0.6896707438258558,3.9948281361507205,16104.32943099179,0.001129569951750439,6.124683300832472,158,127,-0.6712296536051752,-25.71285302222531,2.6926202108698996,0.7583362307173535,4.259190294733935,33092.3226363039,0.0006259521394046434,6.421454537107732,158,127,-7.917727610114454,-30.255836372738734,3.293796870125609,0.7938831623381393,5.0411823725161335,80146.87695915805,0.000361768884758731,7.101131334724574,158,127,-9.60933379654562,-38.809187262657424,3.3523353863074625,0.7178314562386485,4.47284269997907,45211.03755075465,0.0005086326508481609,6.636084451371731,158,127,-41.56736049216856,-33.48849057049184,3.8606915295190274,0.725609701257203,4.90095410553945,258858.66966303723,0.00010640958246037074,6.465793229576583,158,127
AECO2ZWV634CZOOCC7MQ23TC3GMQ,8.183384923340567,-17.261079613498804,3.7531061057950468,0.866029901053784,5.959858298364608,16303.743174954232,0.002626492298046438,6.70279251169358,490,527,3.3226276297631863,-22.233997705281855,3.5850657844795246,0.8646188000421205,6.027983803157157,37759.23926478939,0.0011450250029112349,6.452574905569785,490,527,-4.254192680234928,-24.973830134077474,4.844549760494234,0.8406992981836154,6.705957499506671,80937.81057465717,0.0006532409908590337,7.221882221491108,490,527,-6.647813073547291,-30.810873789728387,4.3248271662085225,0.8582190613927456,6.4784008521665015,47641.142529979916,0.0010534760322859881,7.0052168792901375,490,527,-36.24447279238045,-27.170496617099563,4.210283303116643,0.8549552925415981,6.547755820612841,255785.4636391068,0.0001974430333398485,6.858412536707365,490,527
AECOPBDL3PHOESNB2RXKPZSXGBOA,7.646792503851418,-16.823496547110736,3.656636332584884,0.8581659225052625,5.809288039637034,19157.705282802814,0.0021152303951219513,6.8658270695269925,528,522,2.4392313640993555,-21.3758974174362,3.02215597010109,0.8795133052161096,5.957412006504228,31147.953412764873,0.0013467319082751904,6.894578832219491,528,522,-5.657475547992946,-22.92840175058142,3.1762036160680047,0.8914313975271432,6.684373032114491,83251.44830406625,0.0006261196325930491,7.618441732942065,528,522,-7.833512751904302,-28.633193361156113,4.230441573167282,0.8587997468704228,6.45179723877746,53003.631982477964,0.000933284252051119,7.384064318467288,528,522,-37.47219653224207,-25.267846608038337,4.094250887584421,0.8596863887650757,6.654429267446722,263614.3693003111,0.00019566506041291258,7.193613274492731,528,522
AECSVEHBBVKZLBL45UNICW46HFLA,6.405688947220067,-19.03412972276037,2.5862085430820785,0.7363919690080307,4.17265449703266,12353.526798547111,0.0016218568592848434,6.410302278727017,206,204,1.1158611857880048,-27.15804079096013,3.078836924667609,0.7281584338058581,4.388348390749811,30679.92252248091,0.0007283774576502923,6.501188762374353,206,204,-6.792699663067006,-30.007934062328893,3.604906139847758,0.7362509028312425,4.953623247777136,69981.91616394783,0.00040040912395168204,6.915253021379423,206,204,-9.84024194832097,-34.56205817180802,3.1860263735664045,0.7489131839297952,4.69170171740588,40080.09115198215,0.0006328009629347464,6.879657337315849,206,204,-40.87668357408189,-32.56845892352349,4.086593628053739,0.679470466803676,4.793168504514879,261560.00065051584,0.00010021090907325458,6.549542221498925,206,204
AECTRGMRKOGAYIV3YXX73CQEQCSQ,8.055810439528083,-16.654554390202016,6.267199695451974,0.7298121307777216,5.694300175720968,15692.909574666628,0.0025519548050124087,6.443330166755024,137,149,2.765691906210706,-20.931616991463383,7.150654951531278,0.7043622651586594,5.974017792917584,35080.71692859638,0.001248102239625598,6.650665182200463,137,149,-3.933489348576969,-27.440554872042565,11.311031286527475,0.5602455384126922,6.477301407080374,90560.59443616755,0.0005479684953608429,7.345670707376376,137,149,-6.29573510455244,-32.12776558618761,7.757857926507436,0.7136666247871468,6.325104071272563,64506.99311029314,0.0007552201177626727,7.016782692847299,137,149,-36.84020431080766,-27.08557402232591,8.606113502927476,0.6571124819565637,6.418702135167236,279412.61970239534,0.00017402713487707874,6.801247273613253,137,149
AED3HJLTUSJQBBK6H6726ARBBH6Q,5.303413544324724,-18.463209646765137,1.6138647823771228,0.8516392472803395,4.3098407743479505,15506.186209128424,0.0013814403332082926,6.656656717143682,202,234,-0.9086582214767046,-22.771567106112425,2.19267315906133,0.8330005992862533,4.679661575311399,29745.363505735004,0.0008334716282403999,6.908840893359756,202,234,-8.640353226013632,-25.922788557839457,2.079167977864663,0.8749473692431333,5.298890591463933,67356.45901411967,0.0004724122796047203,7.424579941169434,202,234,-11.129584717453692,-31.984241645169377,2.1145848478203657,0.8433678890942169,4.892940842972056,39073.45061600929,0.000693533601396027,7.295828521948417,202,234,-42.26355593547136,-27.835031756700367,2.874556893370522,0.8234166239020146,5.315600455102098,271254.58388209925,0.00011904301123974293,7.045417988228672,202,234
AED3PQGKE2MP7OA6YA7ITROMHQEQ,9.19874786802062,-16.610535778732718,10.924544993983819,0.7150135472910358,7.032834962017928,21996.694451603555,0.0026409657394160743,8.957822641642224,305,309,4.676184672205627,-21.906112561193915,8.609563028516284,0.7794350744893316,7.1274485579601174,43975.15992127135,0.0013702681782020582,8.505947236862552,305,309,-2.761773073257609,-24.1388072531273,9.740253732100022,0.7696295511391535,7.796735677982421,90122.57572055052,0.0007754384597608025,9.347179436749064,305,309,-4.513312983938337,-30.838352009508537,10.563635100967526,0.752273226338569,7.6309234045522585,60179.922069432745,0.0011231073885628702,9.24770267232792,305,309,-33.67639422901533,-26.272076244464042,10.727943511363344,0.7393849287872591,7.6974127135098405,268128.6563138575,0.0002546084009454838,8.908298238863662,305,309
AED4A5D3XDKTGB566GFP7YQLSHBQ,7.191623398486753,-18.889672005128908,5.073572927041654,0.7009643422630878,4.9230503086750135,13115.083844537101,0.002230421859911409,6.213955165775471,246,246,2.7831660766567032,-25.709695768850896,4.382025018589455,0.7513713618644843,5.1966537184121115,31865.889626318054,0.0009991754909693664,6.366611269791756,246,246,-4.966136220107909,-30.852232568853637,4.343302753192559,0.7838040006631419,5.791261215542546,79719.92587428521,0.0004801785277938607,7.142127539930415,246,246,-6.075484526260884,-37.45704617114281,5.0808268917761,0.7410030834855976,5.5782554264616,61389.396451306624,0.0005945917159240189,6.769739292691395,246,246,-38.18546806362027,-31.428661762250368,5.780927486494239,0.6975463087059165,5.633072767295845,259935.46567306493,0.00014302788632805638,6.688805465237076,246,246
AEDF6LSTO7L4BWZPQXJSZ3FPMX5A,9.382602979487277,-19.637132198960412,13.892603261607304,0.647006182265474,6.988692204680203,21450.53408625372,0.0027005731979191467,7.9488857392162116,118,117,4.787898427846565,-25.05743685693124,9.768266174913151,0.7247000200117744,6.879792574708441,47494.71358952083,0.001154926255397275,7.249919658058022,118,117,-1.5387223998742294,-30.504027149273597,13.290621797739036,0.6844564744770582,7.658709892245496,103186.93778537183,0.0006566441386632472,8.186358425556815,118,117,-3.7619585006785,-35.923725538505124,11.005275966150075,0.7366311698701213,7.522019585351761,73010.43240828479,0.0008928811849484755,8.116304612900466,118,117,-32.94427151009595,-32.298017569762564,13.430530837650291,0.6525714695447675,7.520555396481669,278218.5982702468,0.00023090609480560452,7.8451232593525,118,117
AEDIN436FJT2VQGGITVASPGVSDUQ,7.385392470634716,-19.0558077469402,4.1448996823879325,0.678691840260517,4.634607848681396,15670.028002900151,0.0016703852416152466,6.100188800956576,203,207,4.115804973255345,-29.918642892395738,7.211401545929371,0.4815920958897991,4.813614163455229,31981.263391532164,0.0008695867231721748,6.353965017109626,203,207,-4.597433496056426,-31.04936176365361,5.943012148412029,0.682727634784676,5.568883898294482,79496.94590365823,0.00046655036295319835,7.0857559247489,203,207,-5.992862501370716,-39.10987794006449,5.205274487354511,0.6715356794844207,5.231615421394664,45921.18223844305,0.0007112776005457327,6.7408494316900285,203,207,-37.24664958314574,-33.097244031727165,6.017175490189411,0.6613397561180427,5.534821361936239,253551.67457047934,0.00014408097846752553,6.516028000036094,203,207
AEDVEEUD4NZX7NYETDDN5N3HBJEA,9.624838630908215,-16.559175834542504,5.849323316557069,0.8814002713634305,7.6320625346947555,23295.746243361293,0.0030825038102170006,9.748476462222596,774,712,4.398510877522867,-19.837557459505675,5.873639538554276,0.8826911783362472,7.687368126857572,46028.660153873876,0.0015952796136235545,9.453939360477227,774,712,-2.91737370501407,-23.333187897325285,5.630488741937302,0.8904549176132559,8.081886376607114,96245.48113677233,0.0008234371259414088,9.876862655696286,774,712,-4.878666393191202,-28.490785192859267,7.597539363943166,0.8635422093287031,8.208162817703336,70179.47052413787,0.001179138188225204,10.03458346910069,774,712,-33.667014692547575,-23.85180143956725,8.40365646000799,0.8362528462268706,8.149405990675048,275708.22435433057,0.00029242028164087094,9.661254265464843,774,712
AEE33OSHYGNPVW65BJVDZQ5QWWUA,10.439206272689411,-18.336346252486766,7.477278491923472,0.867593953046633,7.98473057365363,25001.036780860086,0.0030851633548926124,11.461165932778982,515,494,5.838248795178361,-22.481004398156603,6.846554297292297,0.8921483355772344,8.446761979875793,46360.52872619719,0.0018232327367031806,11.502013077094121,515,494,-1.029884742453704,-27.33330338069074,8.67393427055293,0.8672443860271017,8.802804939189421,118061.57121811983,0.0007751520838362101,12.045171655158004,515,494,-1.83587455586596,-33.56602933723689,9.074833570726518,0.8603510157978173,8.781348687245162,76554.96299997404,0.001184200847790444,12.007355617375643,515,494,-31.455737516143575,-27.889450086842064,7.592917894065383,0.866141719094728,8.416528300118475,273800.325022025,0.0003061025248267385,11.260253242511334,515,494
AEEHTDVCZHZ5G5YD37LJK3JPTOGA,6.773337473665572,-18.105546806169606,2.733343692047871,0.8209994885023244,4.886477653889758,13720.85034382299,0.0020479297323405233,5.812697085053302,126,136,0.7719183325492233,-21.273987137736974,3.3703208102283453,0.8070091492068829,5.219441511398307,38239.06513059257,0.0008568899847642254,6.083100525246537,126,136,-5.78190457409596,-28.67774477247549,4.382246597699009,0.7833738088004542,5.6898888774050445,83507.95575746344,0.00046318785205213127,6.442453238033684,126,136,-7.8095680807832135,-34.90414425675575,3.54304037284432,0.814850617965436,5.531126189687832,54394.78028875789,0.0006632279842454854,6.260135457877879,126,136,-38.48279702340543,-30.879902086804577,3.59301566303008,0.8094481617973865,5.616178735674287,262929.2004530604,0.00014141037335194988,6.124221963360679,126,136
AEEMHCO2KYLSSU547E7HNK4PMAMA,6.448504318768138,-17.63792389781491,3.1944939511630803,0.8269578981224952,5.049030988660003,16875.48542387452,0.001792227484373104,6.089887517130636,188,207,1.3927549482420276,-24.39704864410923,3.4982991446050935,0.8001641050345645,5.189653866640482,33659.307793292995,0.0009178175296389528,6.145094999036563,188,207,-6.686241287961082,-26.53273064471057,4.397475909518297,0.7888611047199144,5.898290592940673,66892.60726958659,0.0005920294108236249,6.734439899481374,188,207,-8.583734064191928,-33.75880345945692,5.340771035091845,0.7353056952220082,5.584372269232406,50600.39389611492,0.0007175536674267885,6.4946933459990985,188,207,-39.327724837657975,-28.94459666522461,4.263635032500115,0.795912568406545,5.869298082728431,265115.03520720947,0.00014889085598751334,6.255648732330517,188,207
AEESOLSSR4LALOZ372WQ2PZBLLSA,8.091249973729502,-17.23781678651478,3.5196873145686185,0.8354690000860778,5.7184278214856095,16512.238568689398,0.0023234551520378314,6.121808291261011,238,211,2.954519435226405,-21.26943898429184,3.2093574670357508,0.8551546397303829,5.872961363650137,32372.191727950965,0.0012462913208433095,6.0813291804225855,238,211,-4.191193211795294,-25.187709941268285,3.8031554454221674,0.860390169780777,6.677287894128532,79381.7690850927,0.0006452233822065831,6.968206125768984,238,211,-5.797014512074653,-32.37697950477438,3.189202762620366,0.8651391923811635,6.1970016404152775,41742.636904995896,0.001056079244739651,6.530259970308705,238,211,-36.074711863339125,-27.608652189233666,4.364492101054953,0.8230782784587206,6.542897848255267,265719.8716363672,0.00018329019894785243,6.455320640806702,238,211
AEF4A5PLYVU67SYR67JR3227YS4A,6.132401489144462,-16.983889450599683,1.9468138202654355,0.8839502762380834,4.9159720699131695,16992.87450534657,0.0017437098641845663,5.960811314016076,182,168,1.0343715206822945,-21.993226392633147,2.9056569828243437,0.8309217404890707,5.115081930224487,34842.115375861395,0.0009148182831123616,6.304515691032746,182,168,-7.276025347653602,-24.578296082895143,3.51540830803495,0.8373534127460739,5.866696413753389,82407.2280505129,0.0005018816160514811,6.876001139732369,182,168,-8.50478026676374,-33.20443588048365,3.0286244732714955,0.841654515956685,5.495805737290173,50078.30740016182,0.0007217277201373838,6.530441333054398,182,168,-39.16753317745429,-28.15082299422965,3.6197433624424287,0.8219867638902502,5.757259238618719,260139.8408957068,0.0001543150399415064,6.377988901711301,182,168
AEF4QCBYMXQN3RDFNM4ZXM67UTJA,5.219990464079346,-14.51992858137288,4.70242899932751,0.7129376538706286,5.035720560711555,16694.13504227936,0.0017978550411863444,5.854785420857416,232,200,-0.9320641884094772,-18.953512291656644,4.787529839589454,0.6993784806157515,5.068247050850028,38456.965744871806,0.0007942260719936329,5.758559840332077,232,200,-9.02999619013374,-22.47223773743346,5.35692486609901,0.7088954319323453,5.602867253845081,82609.40762102485,0.00044587580153665637,6.263839373747744,232,200,-12.084427237669379,-27.070401438216496,5.084134065899481,0.7201241986403135,5.4615917941168,49048.591118869095,0.0007131903587655092,6.189485030409656,232,200,-42.211379028961545,-23.597555114780743,5.165978903464012,0.7125593810619142,5.602632558603132,267369.2987947689,0.00013802833468057156,5.958954393195159,232,200
AEFKVSX3H7JBJ3AMZXSSRTL5ZKUA,7.952989001584418,-19.610518444030127,3.251049952765725,0.8537394602211904,5.570070233618926,18425.827464372665,0.0019966699430149244,6.101902344119625,155,154,3.0326114424562776,-25.74677273778603,3.8840584168788728,0.8313637876276627,5.731539195220525,33841.36023004066,0.0011637964746994674,6.044703373588248,155,154,-3.591788657838414,-31.468998632885803,5.947184878876385,0.780987925864144,6.347256669704994,90004.68948024194,0.0005253598349646561,7.093625280779445,155,154,-6.186958766074391,-36.203800168310984,4.207639725607535,0.8351575184520104,6.109346525249739,47651.37906115186,0.0009231002802951273,6.595905926729626,155,154,-36.07616634157377,-31.58370808672459,4.955424089810319,0.8180350130631612,6.459876928458469,276460.68540311145,0.00017549778654814586,6.650232209260092,155,154
AEFLJ44YE4GTJNXRJNWEVB4BPBGA,6.529757248766447,-17.757517525408424,2.3259510639056566,0.8390267297398931,4.675505320687037,14311.428560571898,0.001858212255753869,6.160762907401414,239,250,1.101531670153003,-22.27275383767569,2.7425044828936493,0.8248299060361535,5.0489014362405955,28076.349581449573,0.0010692995874984183,6.616006888193654,239,250,-6.613974320892004,-25.933198864232217,2.6344447674771674,0.857860315145311,5.6432231027765205,70333.04182248825,0.0005270159437569963,7.16847942532525,239,250,-9.088939519319585,-32.20113607468743,2.68434673005757,0.8414225140539068,5.340179826906585,41654.93490063622,0.0008008888673234002,6.765507653336858,239,250,-39.531640667151095,-28.06865760715241,2.830106393516648,0.8455976470497699,5.636514259636921,260634.41360042628,0.0001428296029112477,6.64153726329522,239,250
AEFLSA4IAQRPF6G3BH23PYA2YYKQ,7.315122119668472,-16.92277740477924,2.8325035818746542,0.8661446611407096,5.432724783008188,14343.859435224442,0.002421810665409869,6.486792852405651,282,280,1.657597362843479,-21.662830337324927,3.5792464128070964,0.8296218745833477,5.625269149178739,31200.573401904312,0.0011728133868930011,6.235170698664812,282,280,-5.489878631829226,-26.359465132060393,3.8358055781739604,0.836358139508632,6.174454829602358,84255.14298521461,0.0005198528536273639,6.872867300495802,282,280,-7.667214427994265,-32.845033361361125,4.626934745611256,0.8120151472163151,6.042197137270802,59027.99502076024,0.0007309585720222366,6.757822819567578,282,280,-38.35745685361965,-27.337762950041398,5.09189658533914,0.7860186049532552,6.170177113791342,264889.40711030434,0.00016621403321409747,6.53680607945256,282,280
AEFVTTFB7NFHCAZVLUULL3YC7WMA,8.01726298944512,-20.07909578955855,4.385900243308375,0.6825679480086495,4.655400327907227,14257.383441099639,0.0018974425797589382,5.9222431425490605,132,135,3.084906221442938,-26.34825740092201,4.872697154030136,0.6750537954746296,4.901274293632162,31527.542670754883,0.0009424679356513278,5.943036575798861,132,135,-4.275188351341319,-32.34722878321391,4.320741810514879,0.7330559952973863,5.292930799607097,72983.73269823157,0.00046210197430385274,6.325238500306887,132,135,-6.022004910427953,-38.435778871857835,4.7885895081479255,0.6961181911727117,5.051964195844307,51097.46061538345,0.0006093713211848025,6.246254699405561,132,135,-37.43776086133008,-35.13751920458656,5.839315093671009,0.6045520250866107,5.146025480002909,268439.6197532081,0.00012056650141714294,5.980675824262592,132,135
AEGCZJGVCDX7GD3ZDWYV7UOGJHZQ,6.462572814386324,-17.253260804569564,2.1479654194033095,0.8771703951289198,5.122042030496554,14696.027485946766,0.002058439647226074,6.406312537233635,249,215,1.0290242728753367,-22.28107791361064,1.902844660086295,0.8938675414794571,5.278697737155857,34949.430237291,0.0009162562822849769,6.334241567587971,249,215,-6.753892883649541,-24.947714068529113,2.3605026571817813,0.8899024563021376,5.957529358105884,73341.94500252747,0.0005481929603259695,6.954692275001076,249,215,-8.94473289468237,-31.970167770535536,1.9158643099655206,0.9038379903388629,5.644701164429287,51836.10017226563,0.0006972793161136711,6.729524889876034,249,215,-39.08148215486894,-28.9106879433271,2.9244797346623455,0.8570998830731067,5.854720760096012,260491.24200697665,0.00014954262314036983,6.668094579402898,249,215
AEGJUYLQ33YRTQUTCMCJNFRQ7SMQ,2.9606355862957145,-16.446648797068963,1.7926542496311546,0.750485463607118,3.5745144742105377,14644.290640003026,0.0010263921519524494,6.4989934769429505,353,357,-4.57920266688523,-20.39274424955802,1.3524252456417607,0.8206906618530969,3.6750100319575894,26176.57095370233,0.00060121047359113,6.604991672314797,353,357,-13.341918357875254,-23.519633462242563,1.5919134588929436,0.8253349557346784,4.092894482123435,64888.005243403764,0.00030172698120738443,6.9081062005182305,353,357,-16.82296516649362,-30.49288242476487,1.4542171416205458,0.8234548001299338,3.862676649357115,36453.40179769213,0.00047802591941297433,6.821040196292593,353,357,-49.29480247626174,-26.52972535576523,1.5412944414535836,0.8192986771624057,3.998160579937722,253734.86416669303,7.34604335095181e-05,6.489400210373503,353,357
AEGSMK2RONJ4PU4US54TRRMINDIA,7.424745179419172,-19.889936684953078,3.6137043250332512,0.7875121753234138,5.146373618398158,17188.03084812169,0.0018248975607312694,5.946611861048761,84,84,1.2219729181296868,-24.132276205374904,4.662622883634395,0.7137320068340061,5.096648140208895,38504.19021114397,0.000801600355920908,6.158008004288142,84,84,-5.392701288041126,-29.710038982735163,5.3498628266734345,0.7323929205649604,5.85614340964258,90755.76107027367,0.00043829262678578344,6.575170314132783,84,84,-5.771410086808241,-39.754519634306035,4.356239987258336,0.7691691915098562,5.582397789217029,61414.28440738288,0.000599838754709483,6.39581784209199,84,84,-37.73803281368578,-33.029393025327806,6.5204490621749835,0.6799886144245433,5.914194322452563,292544.92704258504,0.00013909629316231643,6.2536179672825885,84,84
AEH5Y525F3CTRR4KHLJLQTCFUSDA,6.646940339114996,-16.406227269465244,2.2184831882048246,0.8818870394131015,5.270282475582379,18303.110042274162,0.0017703268203390838,6.347361105552859,312,295,1.3388929856455558,-21.31303787594463,2.9658517181146533,0.8365654501354982,5.442104812907728,30214.131240018763,0.0011205677376837574,6.3719501518024755,312,295,-6.444864199740441,-24.355308126296844,3.5377973010732973,0.8360644568627721,6.073410390750489,68405.7634912196,0.0006062422665498418,6.954518680882622,312,295,-8.93289684059989,-29.930268041192534,3.0101910737440254,0.8553606886164766,5.828006804789369,54036.43605749413,0.0007139213969693254,6.8453804905931825,312,295,-38.96691620295942,-24.86936163843542,3.376045192339678,0.8463032118906054,6.155763160056645,260941.1181267482,0.00016527858426337516,6.688555113127312,312,295
AEH7RAIDBU7QALXTMWAA73PTL4JA,8.162423483242247,-16.04445493472735,1.408179966455487,0.9300477237131777,5.541283090111543,13912.877696188687,0.0026028495284646305,6.813198302720679,1664,1644,2.894090352311185,-20.217985774125456,1.7206791729906528,0.9146491402213917,5.667369948516457,24738.1519484365,0.0015121604330660902,6.750361812416605,1664,1644,-4.403716772706286,-23.609701233890434,2.163387260514895,0.909361773118682,6.355625716955761,61879.83704268395,0.0007503110739280717,7.633317712289503,1664,1644,-6.5311306470294594,-28.579043005400273,1.573723195183297,0.9299785850249102,6.047445086408441,34159.02056084377,0.0012496168653228462,7.160280840560468,1664,1644,-36.44820012101223,-25.494473999086253,1.7724820769215084,0.9234775301535688,6.304912424042687,242083.87912305072,0.00018996432201355114,7.041491401400779,1664,1644
AEHCPFOSFRCQDQJUNBXOLPM2YU6Q,6.401380985696393,-17.336899037266786,3.391317697433605,0.7775996362997164,4.772159971138947,15049.593718570468,0.0018017744884741465,6.311976243612422,254,254,1.3870485190803887,-23.143959144141725,3.3447108343364125,0.8009399799174028,4.99935107073445,34351.461112247634,0.0008621669356600117,6.4200116038973265,254,254,-7.367100205125176,-25.98127509687449,4.287509596742847,0.7756828968512495,5.526040409650982,87272.97861596849,0.00040397425417148185,6.86150169652517,254,254,-9.061525868487143,-33.867823098206244,3.387619494827957,0.8003582074393254,5.142527710071023,43945.12293359579,0.0007043527250372349,6.575479117716992,254,254,-40.80086641328823,-29.336056595734544,3.6482215432308296,0.7919199752814666,5.28766749489313,254778.4333723131,0.00012862405045331536,6.4552980131165265,254,254
AEHM3SNZYPQT72AV2L3KF2SQ6E2A,7.910007640293206,-15.959283718335206,2.5449108571779027,0.8878272462997174,5.6305280453347475,15911.518153003462,0.002407893165663891,7.19834107067838,644,574,2.566030342641949,-20.162622630677475,3.5739284032718253,0.8528225910252267,5.854222739250149,30303.655336099047,0.001359452168707922,7.092613075726976,644,574,-5.381093102452361,-23.0566150578742,2.950593799593054,0.8808008203723023,6.297130099341797,71885.33992648356,0.0006466103330807024,7.704434507578281,644,574,-7.305865254171773,-28.77565655362528,3.010116360556919,0.8789985255561433,6.098714707516151,41027.48804061572,0.001073595502896286,7.487646251384279,644,574,-37.67323704456143,-25.46785814421761,2.6621834346382056,0.8925021587661317,6.271686732579297,251944.95091680277,0.00018350459452524343,7.353425831991419,644,574
AEHR5NMNP5YWBOAEZVPJSA7BMBQQ,6.242289362941965,-21.686857563238522,3.6938673848660004,0.6607347630761902,3.96652549452552,16185.69896632145,0.0012539146078174937,6.244766414609553,142,161,0.6644175414791299,-28.024905464551345,3.596447650735833,0.7149365838956814,4.319877873830482,31530.341957275028,0.0007334771521351043,6.598707109611469,142,161,-4.774649156629694,-37.73720875359682,5.21093953675432,0.6649298362598974,4.929881036926028,111392.19271036191,0.00026710618321525484,7.235504690127423,142,161,-6.838562974198866,-46.834891176323566,4.267237139045433,0.6687675732801948,4.529404476260852,55392.09751852439,0.00045287479060215495,6.837978772679988,142,161,-39.06214636951064,-40.07922704113837,4.1801177499568265,0.6929179786801678,4.7659793926274086,271337.55183317955,0.0001007267736666098,6.790762191280681,142,161
AEHTE2TSRQVOUF5DERVN3V5W7EMA,8.875740440790922,-18.212731959131155,5.004915504759293,0.8421794572683622,6.071441868911683,23437.590181363503,0.002020828306242718,6.76153475342801,206,193,4.138653406874692,-23.908196387122626,8.64480219982028,0.702034472704121,6.063752898038657,36350.70491494593,0.0012672700446562195,6.386065482307441,206,193,-3.061450274104866,-27.225213803973322,8.771166986871727,0.735665313086613,6.689831454479532,83795.63347247445,0.0006515258371678634,7.1003350928324425,206,193,-5.3665252354799415,-33.388983015844914,5.223745789098007,0.8493291811214994,6.506284158664174,67873.79462331043,0.0007929295535069993,6.931333154726447,206,193,-34.93143124020159,-28.908900208221375,6.881758972315543,0.7846359703406904,6.577714051643283,267095.696377368,0.00019987255958132916,6.762098848246279,206,193
AEHWKRPNWNMOAJSMO2F6O7RFRTNA,3.9567013196532765,-17.94438194835763,2.2938770330651232,0.779592272960419,4.173419599069359,15969.862188522577,0.0012471577914938596,7.158240639018096,155,162,-2.6311937518091186,-22.88360958666006,2.267703585380358,0.8123175130173568,4.439212299468041,38869.986004422026,0.0005819015638671269,7.786965632438631,155,162,-10.150886165744279,-26.790565101468065,3.106269562662655,0.8080019312269625,5.109426286774538,85391.30824631054,0.0003500638224696778,8.26701741410704,155,162,-11.58762293117065,-37.172052589495664,3.133547845450721,0.7660201987958926,4.736431094369207,43664.85388677138,0.0005883851259909067,7.962102680549046,155,162,-44.476948804549586,-29.077520364014074,3.1868870166034466,0.7919741646122194,5.077685403038999,263922.21765568515,0.00011193352239531902,7.7843136038647325,155,162
AEHZBUFEOW4TY3K4IYFFR5ZU5B3Q,6.041604932324798,-16.67293432725525,1.49654769039603,0.8934600188359229,4.66635234981904,13367.532926743119,0.0019648857142523595,5.9062422710442375,499,478,0.1329404720950507,-20.017255203295438,1.793358437712585,0.8813705659008404,4.950675043130376,29009.359192576005,0.0010097580383801369,6.174775969830929,499,478,-7.327614007564764,-23.75152192502408,2.79799327565736,0.8532622646062523,5.650229890496739,66497.34204024525,0.000565266375810299,6.898287458086996,499,478,-10.51960444638232,-28.276876915783767,1.9852368756165883,0.8829773859541525,5.260827475001904,38079.45935262468,0.0008617103765061,6.451205621840905,499,478,-40.63703048803667,-25.860592551791203,1.49153903697873,0.9138811403125745,5.432648547446491,251221.15216726184,0.00013979007090796062,6.319721314205132,499,478
AEICZD35OTDYVWA2KPYWN4PDZ2SA,6.66918045201463,-16.364208918675374,1.1708022418784214,0.9391715136881651,5.203998861640851,17990.4502103014,0.001813452317685143,6.492334628573144,959,994,1.1271938636886045,-20.898648842735454,1.4405090461701944,0.9220136108313199,5.304119321048397,29478.17921488995,0.0011327093848352019,6.430746497219336,959,994,-7.0051247028812025,-23.820341111505122,1.6997465878158577,0.9189080548654172,5.816018014687911,67159.80350821589,0.0005878497104960687,6.836855419389478,959,994,-9.54813914987456,-28.73172160801921,1.4092931985028905,0.9342779596416421,5.681539367230481,45149.481483392294,0.0008508993085231056,6.781491178355736,959,994,-40.09066853151592,-25.654992003981814,1.6671339783093142,0.9169317851631893,5.69076845634733,258260.12810028446,0.000147769560215871,6.493818126306549,959,994
AEIDUSX3CGQI3URKTYY7U2JRMPZQ,7.6360155908240905,-17.282984555364322,4.467813828697389,0.741912490623356,5.118520453037084,14807.541587332222,0.002154424292035435,5.674592342137598,193,161,2.777509133832192,-23.86897672931047,5.030898710920994,0.7086701384806657,5.328578405459622,32979.931711665224,0.001012079920082393,5.727956125258982,193,161,-4.212242737569482,-28.11002728650227,6.7189429644778045,0.6693215784599529,5.914057943476603,94091.61225430873,0.00043513227321832814,6.351302818612024,193,161,-7.079951549404632,-32.84618851237085,5.0713626122141555,0.7474294633833137,5.7958603340898565,49420.093390599286,0.0007998148224009762,6.06097562951968,193,161,-37.48136331260469,-27.58109580495554,6.811770582197351,0.6553327504904876,5.927140144257467,261118.0232885106,0.0001586193146664204,5.966786952091153,193,161
AEIE2UJDKWR3NG3CE34PT7R3QSVQ,9.209222371889336,-16.26094654415109,5.691919636028731,0.8524201928668758,7.108683342237119,23500.450808815625,0.002546317250460778,8.291098048582917,298,275,4.9193822623615295,-20.52157527825235,5.821767335330253,0.8605611161552822,7.410893851216139,40546.46025633658,0.0015773712738305237,8.205962123765879,298,275,-2.751889329466373,-23.835467335655004,7.302514176784107,0.8291806955827872,7.800532192233864,98632.55572484045,0.0007056071127057354,8.770318053065619,298,275,-3.84557717433747,-28.9511733921199,9.125177888472935,0.7906782897159839,7.831269590057603,60825.22519135538,0.001160170635713542,8.950924117289954,298,275,-32.843503123857595,-26.056921110379033,8.209445242118283,0.8114163122688673,7.954747999834819,269294.9517814622,0.0002688267547501087,8.772443867209862,298,275
AEIEKUH6Z6OH2GVPS35MCF6C2YNQ,8.68094309234502,-16.464398332881267,8.790108125633084,0.7679186493818065,6.727458840190931,19779.0685474052,0.002865132373480598,7.200629970731297,215,225,3.725359861657943,-21.40257539703012,7.794725489669953,0.7916060475491669,6.8063939968066505,45182.352125126024,0.0012848590867650788,6.86449289991718,215,225,-3.479559725462462,-24.321667531147913,9.069611400730436,0.7758791230148143,7.456998247754328,87042.70138399515,0.0007735539142590595,7.765245147041271,215,225,-5.535828425562619,-30.245203451427216,8.603875142138495,0.7916561033428149,7.263088527503879,62751.88601984807,0.001031500333740544,7.519027856551475,215,225,-35.05163980084622,-24.617774643170293,8.960993379013454,0.7763560114859775,7.520188506724031,279042.19813097356,0.00024123428644099416,7.425541288435118,215,225
AEIFOXPMNJWZXDDGPO6DBZPSQ5WA,8.820907150792477,-19.421877907861752,6.002229387834554,0.8032980588457365,6.302499722013908,21659.522235361765,0.002158462188914053,7.56494425650804,185,172,4.0327071042130935,-23.33269442559179,4.499827282089443,0.8529503313721032,6.4685502017676,40962.20494670339,0.0012016432960288146,7.059787776913278,185,172,-3.443663775718026,-27.73723176004802,8.44998276474085,0.7355334044469917,6.942141312550408,100484.5933947507,0.0005470701621859378,7.7237396886825955,185,172,-6.179932423418404,-32.74137978303917,4.828792249265386,0.8614486400950991,6.951687524317205,66638.47260335609,0.0008446823389359155,7.800975070495151,185,172,-35.8757919759921,-27.462066561174687,5.057970600153562,0.8475380363650549,7.015089076460454,268247.5385214028,0.00021133763125773052,7.495030923783198,185,172
AEIGI2BSHJLGSDDP6V2JO7MTABUQ,7.535274265861283,-18.648664266634768,5.826630883101626,0.7666016719270425,5.76982631835072,22751.83666563461,0.0017196021802557753,5.782521288978554,88,92,3.973263971286165,-29.834357825533083,7.37177578590908,0.6687174105201019,5.675699742345316,39527.42008951114,0.0009417725252235127,5.517048153709454,88,92,-4.165746417182496,-32.37047488080034,9.098233602479938,0.6450048058005522,6.229139804570672,124365.23147750393,0.00036603031827230347,6.3395522131609905,88,92,-5.166086947083614,-41.33167210767076,8.514294075389298,0.6698687992376791,6.0746430221355325,95922.90278574318,0.00044809918669605215,6.100512262660744,88,92,-37.36586473060667,-31.656994651615197,8.67670800186226,0.6537594340002041,6.245877673562696,277171.10602199496,0.00016264288975039045,6.12218123552371,88,92
AEIGRLFPH5Z3EQ73Z23CJ3WX6R6A,7.0354342713629485,-16.526235837968002,4.508810621445015,0.7925869440999147,5.5300197181747075,16842.915948680828,0.0021556693291146668,6.2150605088755535,355,391,1.8407930185060906,-20.492429309223326,4.9127102867562025,0.7801481966132255,5.723382137840135,33786.63974472427,0.001153906339809576,6.121863257495515,355,391,-5.778245696266578,-23.537280025815758,4.572969463040042,0.8146263837533086,6.323217279626368,70971.95571629808,0.0006498129613081426,6.8596319681716995,355,391,-7.989228219038635,-28.732433210305036,5.328397656026293,0.7897936907165922,6.19189734638732,43455.97289501357,0.0010343341669135778,6.667595043089224,355,391,-38.05912045706123,-24.86839989814447,5.029780675258448,0.7946129893572933,6.313726062460646,256840.06409711658,0.00017985613850422257,6.441082771548383,355,391
AEIIRIHLIYKQGI7ZOCIJTRDF5NPQ,6.979648846405852,-15.410445444338857,2.8986438360924907,0.8816217230126243,5.815447913306293,19222.978313557494,0.0021077271185041017,7.361659084349076,1014,1048,1.4745049230413037,-18.580323261375938,2.4091157808783574,0.8978558023354003,5.9123800230977706,31777.67221838745,0.001297697833497003,7.3329050748686955,1014,1048,-6.147158116418464,-21.833776849144936,3.472158337269666,0.8702877914227529,6.523989013138239,75020.2159223604,0.0006639307546095731,7.843087791258983,1014,1048,-8.962367027020592,-26.825156465217756,3.413219261475993,0.8736954057452946,6.286464353024004,48677.99602429075,0.0009659310661390563,7.742285979452076,1014,1048,-38.82945122514195,-22.876832337618346,3.2944282765087327,0.8742477269118093,6.4719896948474185,259151.77397947956,0.00018918272826322583,7.492719908715209,1014,1048
AEIIRIHLIYKQGI7ZOCIJTRDF5NPQ_1,6.52783721475891,-15.840858965617056,4.217677126639322,0.7765019077605455,5.306496868865276,19416.23861394224,0.0017279905831533316,7.214919399584562,185,183,0.5845801106980568,-18.825484770358877,3.6661001884714066,0.8097441921589623,5.538969718839799,32282.354066371518,0.001112635948930545,7.3007262220659195,185,183,-6.963469043117843,-22.4553051372353,4.488986502198084,0.7991806529002663,6.130247838591535,72329.53214146447,0.0006063020112923222,7.858697000250466,185,183,-9.362614935724732,-29.89598088575395,3.798170907575545,0.8217931678955847,5.796928462345418,58585.799904121115,0.0006708809221832717,7.5674663461317575,185,183,-40.1148858716329,-24.291537967070017,5.238291280746191,0.7547811084059837,6.024366910543732,259272.5692377966,0.00016383171214051992,7.3255355671606965,185,183
AEIIRIHLIYKQGI7ZOCIJTRDF5NPQ_2_2_1,7.119529354622662,-16.965142643295607,4.461815320670953,0.8161501299234927,5.622564833800825,21180.334757703986,0.0018645083623472494,7.222462744498139,262,272,1.8895434885735143,-21.20694076462843,3.080832206224143,0.8641584653792437,5.686508349350554,33987.54223971831,0.001156303645786219,7.165241599788356,262,272,-5.3913628970344964,-25.3958826966571,3.649874152410791,0.8539919881863017,6.191253374311435,84495.11309899953,0.0005474577608817125,7.608147023614689,262,272,-7.801174351427751,-31.54422534482929,3.2840950424181634,0.869002613804103,6.010503807321328,50722.98073541395,0.0008624916018795307,7.583133585924243,262,272,-38.26091849786965,-26.139733561516806,3.739369926209678,0.8509014223073494,6.22799126893223,265111.34461534565,0.0001764158878135946,7.346202103476246,262,272
AEIIRIHLIYKQGI7ZOCIJTRDF5NPQ_2_2_2_1,7.2201477478520815,-15.90143846918356,3.3965710470363586,0.8664432579760603,5.982865306769028,19100.244217705465,0.002184248919831607,7.657225029033916,293,330,1.893894192856037,-19.228696451345726,3.9963113790864093,0.838050780226805,6.095739594450886,33877.82473627182,0.0012691794309077895,7.5756682887126585,293,330,-5.883117962460915,-22.571180365006178,5.870617353476516,0.7977424792149835,6.775016808032534,80136.67950431244,0.0006597361041790445,8.184166762679947,293,330,-8.70880147822921,-27.611322103257358,4.844272656612987,0.8288819689465015,6.486944466372112,67616.5996186813,0.0007266436135356376,8.054429803606418,293,330,-38.755215538709884,-23.598777849760765,3.9773929278781845,0.8533679406229426,6.630271687795478,267099.04113686463,0.0001889504431491585,7.819339574102954,293,330
AEIPJBAN7A55Q5DFFPZSR2UV3OKA,8.012850129660228,-16.88438354902223,2.0589903695615184,0.9013203979271718,5.459918648116234,15426.98927864593,0.0022977441477243874,7.117121937788734,772,746,2.3942998454209823,-20.783510493426974,2.5596872419922567,0.882250033505545,5.599923949818422,27899.990226363374,0.00133628420069568,6.94064859783193,772,746,-5.181877598597868,-23.83236147852604,2.694152070779304,0.8845428547776497,6.110670801874777,70061.3107620193,0.0006203573777133131,7.458037956940003,772,746,-7.608094719418979,-29.89923382200264,3.3684157700195794,0.858126753219067,5.935704078863118,40530.27103278388,0.0010211227940212487,7.326161649738946,772,746,-37.7896050755351,-25.975888924481275,3.080547112241609,0.8678840630294768,6.157584989895574,249867.23108246207,0.00017630278475993106,7.337922599436131,772,746
AEIXEEET2JH7UHPPX4WEFRYYX7IA,6.3052006645909895,-17.014620546837474,3.521111831903844,0.8210691025820619,5.351824269718268,20239.983856534058,0.0016274464200719272,6.613172399774973,200,201,0.9260067410893477,-22.453286388725324,4.385695527430863,0.7519358194396462,5.331722342001747,30557.70647961518,0.00104977127111,6.494486820036668,200,201,-7.274601205458793,-24.792353235929944,4.35925863282706,0.7897246788830186,5.909323016776256,78211.57579006604,0.0004986826858360854,7.115454804777963,200,201,-9.385879167226857,-31.171290780316745,5.27755910263792,0.7670127805909985,5.885043120357222,51859.476729503935,0.0007564674932176241,7.066465092426417,200,201,-40.17780779275288,-26.573530527790382,4.770514748407248,0.7671405942026812,5.860276921795746,258425.05545492313,0.00014872996640385714,6.795653820712748,200,201
AEJ4MQMARLF3CETRXSPSFLBPJPJQ,9.585194815273958,-20.318519503684428,4.8455612104211,0.7962295127474489,5.931077066628198,21250.716023517216,0.0019280595775046868,6.697384637542661,179,190,4.703619365803832,-25.407113997179128,5.95847103454192,0.7522659134741555,6.081934911545201,37265.64681177589,0.001155385556136843,6.457086121852107,179,190,-2.9797033620390936,-28.609930317818794,6.426100107779013,0.7674537210898185,6.721253011840191,79752.73381888255,0.0006442311960416067,7.132012990859668,179,190,-4.289266190464819,-36.090299869407154,6.545293957604084,0.760914596584459,6.613644061272073,53368.68593423801,0.0009310339624390671,7.021350664193542,179,190,-34.19826988344912,-30.87804837763821,7.342643116920914,0.7375464492058639,6.808846433460548,265691.2817794252,0.00020115031185516703,6.867075282742544,179,190
AEJYZEXHGRPOQ7JWTECOBUIRSEDA,7.404984265125614,-16.88895516886712,4.97899956610642,0.743019099003868,5.165293432277303,16627.09157051778,0.002021756899750666,6.488641685714382,269,262,2.4250420234789734,-21.90646662078193,5.221573541223823,0.7341691257797938,5.435492743283497,37129.12976914638,0.0009769054047919824,6.6231940105232825,269,262,-5.617883040763928,-24.65230217571831,5.8617551510751555,0.7208377001683375,5.93273903688689,70193.18372585266,0.0005919854773825726,7.186342568866106,269,262,-7.635655692518731,-31.22284252385137,6.135563957763887,0.7197918997802895,5.731627066517946,49131.78947248982,0.0008233187626322715,6.958890141061412,269,262,-38.37744979589812,-25.776128748478637,5.860811781020669,0.7306424400701097,5.9462469738191075,266240.15039823006,0.0001610468467750027,6.7206693349167805,269,262
AEKXTCRO7YBU4MT6WTY4BKAAH5JQ,6.479553028940203,-17.301105683250935,3.601271366423794,0.7405637222183336,4.815637499223812,16426.66908403844,0.0016456959395367038,6.1406437584346545,142,138,1.0113976594616072,-21.860079272277144,4.7724692143156515,0.7098080536005658,5.1522611416319295,42113.51010539718,0.0007390960944176228,6.212036510637107,142,138,-6.260756095955864,-26.452198370406396,5.04578710487908,0.7421485714107369,5.719000484577101,77283.31562585848,0.0004914299877747174,6.798143913268559,142,138,-9.12092582276408,-30.44453338717922,4.8442273993909595,0.7274624426726276,5.507691381888439,44565.421569533726,0.000789950663851748,6.5962719916561205,142,138,-39.58773146442622,-27.60884966982655,5.465579862074518,0.7083045230855852,5.757021401435112,272756.4914412992,0.00013885095252486856,6.419009332577543,142,138
AEL44WHEDEFNR3LR65SSDZWB4G3Q,8.443959042158296,-18.003433297995908,2.953901232635288,0.908338932820757,6.5460459960847714,20613.295362700876,0.002437057926867914,7.523949756001048,156,133,3.0864599096627927,-21.086394475093265,4.814393402999732,0.8526918676505495,6.676587211731773,42728.028793079895,0.0012266494964202717,7.194256938458091,156,133,-4.218888718134355,-24.89539156881232,4.697282057656757,0.8689628626714345,7.198708165979717,94152.89749182193,0.0006299060242377766,7.788655676272102,156,133,-5.825842673330986,-32.9510499544093,4.489209291006252,0.8825883873819921,7.214905289604849,74458.05468187142,0.0008173105796636022,7.823185377036335,156,133,-35.747061483829555,-26.834849049725257,6.819109368729822,0.8129890941575985,7.27906398260337,286200.1975956198,0.00021309583814963878,7.57962064527132,156,133
AEL4PBKFH7QOW74BY4ZYRZKKRAJA,7.144976785816539,-15.627140407241729,10.387208153954722,0.6867161807389235,6.432603400779406,25817.4005389653,0.001909052706746569,7.998379727288738,269,263,1.6511138473470548,-19.89066477973524,9.514424942939641,0.6905989192057173,6.299941399191553,40331.564703699594,0.0011734336710517036,7.428272457499318,269,263,-5.900107456816506,-23.455646070671158,11.929404413715572,0.6667601202480344,6.955742506645122,93716.50627805393,0.0006025114675588092,8.31467505314304,269,263,-8.601561082343686,-28.510678889630768,11.678269183372885,0.6828035022152579,6.8574514796798,63496.30686574026,0.0008860339420196751,8.31255898977178,269,263,-37.758287112296884,-24.523958049344007,11.810673223586464,0.6716390770232488,6.970904196557496,267633.0471923971,0.00021555206516785284,8.095886674526758,269,263
AELADMN45VGEJ7XYNZFIHRVMEJ4Q,8.042337338529965,-20.395972323463436,3.4318629321884018,0.8030507183142712,4.95972890571904,19612.95499455079,0.001520754840730818,5.800967819944333,115,115,2.5147265193237476,-25.346397661186813,3.394510887138311,0.8090695260282419,5.131171488192879,33195.946786405315,0.0009656880557602638,5.680888128977596,115,115,-5.228443731475661,-28.860048334165654,4.316983350721011,0.7959666933034772,5.765133906069494,95033.13016405942,0.0004240182392402415,6.374526491933159,115,115,-6.912501711149055,-36.66262543812366,4.18479987764076,0.7928750974908827,5.571026522603042,46572.44641501537,0.0007972534515269928,6.102387061111898,115,115,-37.64462035208564,-31.984794571820895,4.79671366526104,0.763063319281017,5.685423709809356,264508.59550020285,0.0001464957414471991,5.887464605633483,115,115
AELCHJO64W7III5PDR7RURIJV5CA,4.923945199122065,-16.88747758251221,3.953192442614669,0.6526040698795543,4.049871963569425,14366.109751914062,0.001562407125733982,5.7355313792560745,186,204,-0.736803089158459,-23.60302371213038,2.7054529362438418,0.766494773812114,4.315198974124566,29490.218152661393,0.0007936426361857551,5.968410741389343,186,204,-8.288190072689986,-28.987026279249967,3.3030785223666634,0.7478490039281291,4.655840232665475,69425.84296193183,0.00039084628531077206,6.464978049908081,186,204,-11.036103744483022,-34.23999909772954,2.9653091051489984,0.7564729392685223,4.442551702493252,40321.74010068847,0.0006234988510605294,6.309654936676941,186,204,-42.85368673839812,-28.615229101046143,2.834869923509832,0.7925968897751221,4.729719473516746,252152.91880493503,0.00011343279548968971,6.1136877929681965,186,204
AELHJGJ7U27236OSGNIRZI7ZJDCQ,7.5641574978088135,-17.937287806639088,4.411485490534923,0.7987220314894008,5.460759778957717,14018.906125375779,0.0025974614147772795,6.1102414447998035,144,168,2.797709790980964,-23.81797007444711,5.074442238156982,0.7571404997081259,5.565952008484094,39601.62479558871,0.0009349166448571352,5.913580052122419,144,168,-4.004932671757895,-30.4030702820986,7.139812504948273,0.6894718296413834,6.02694851133618,88961.57791946878,0.00048120674410407596,6.458363628679586,144,168,-4.860009141501682,-40.102907011285254,7.2457199663516745,0.6843116949895941,5.882647303670751,66112.613194568,0.0006178140035550641,6.335739999183105,144,168,-37.3611570243162,-31.021381304143862,5.565245386605348,0.7505633656660885,5.974954632096585,269423.4333770002,0.00015516423060932876,6.3072545367546144,144,168
AELHYMCYVS6T35HA3UH5UGFWTK6Q,7.331754605501172,-18.192120433283943,4.924167272054333,0.6274103542813823,4.697183933895911,13513.43767607403,0.0019112265968315822,5.843366942600003,304,289,2.035860497809019,-23.29266966271772,6.410484193224074,0.5426454485295085,4.940082784573099,29089.778989093244,0.0009702755210118909,5.934674543727712,304,289,-5.306160366161736,-27.154273870926126,5.871881261560942,0.677506662451565,5.704084579250785,76700.79986751017,0.0004844743767417717,6.766362242468774,304,289,-7.88389634741525,-32.10788707973832,6.285369724831137,0.5914200025472645,5.205465332584768,32050.209751685303,0.0009774060247668603,6.266020900607214,304,289,-38.23643353507803,-29.900127062534647,5.550472389663104,0.6691303185202613,5.551205158929541,248898.99883725794,0.00014195078686885006,6.217635679196541,304,289
AELU7VBQWQH7VMYK6Q3CIU5C43RQ,7.595628004857369,-19.289037648639223,2.4538033769971563,0.8326610256497327,4.702859886110747,13235.802503137873,0.002011578659249822,6.144546056057162,212,207,2.8714556755965237,-25.885259011125687,2.8727136288802324,0.8096317553272051,4.885298992054504,29499.1487447183,0.0009656918377839216,6.4535518385053425,212,207,-4.945737520292754,-27.269385095708945,3.5124833386134,0.8179021478668385,5.6679313597466034,61058.09941720788,0.0006181461922093963,7.494338869852577,212,207,-6.900523708178492,-33.98404903086521,2.783088600369925,0.8390664799676687,5.303556604367647,42006.16819192996,0.0007913347379809539,6.791118127539281,212,207,-37.94687505462419,-31.391402078678937,3.3830144688460377,0.8022803402619959,5.47194087461687,249979.99716584926,0.00013854329061398546,6.83577914972985,212,207
AELUTBS3LRR5WHUB7JJ4UXR3QHPA,7.391836614866128,-16.187692447039677,2.4668154700748373,0.9030000924954648,5.847023009991383,18232.645931267805,0.0021992873507477636,7.12006198951686,403,399,1.4089602638433356,-20.29491884732327,2.5203885388250176,0.887698857504947,5.755202656090735,29855.998951551755,0.0012924619647485642,6.735567677372943,403,399,-5.894468554338523,-23.494656627263414,2.9870423735850666,0.8864384279150616,6.3799138003958715,69458.24745285934,0.0006711185619370884,7.493144531150952,403,399,-8.53940128751411,-28.24943344405977,2.43987641652876,0.9083122277215936,6.220567584664762,49530.807338993145,0.0009073596545927759,7.454195784936964,403,399,-38.329711682140776,-24.719218357460814,3.414425335694769,0.8768890484981113,6.504722217428754,261094.63837405414,0.00018602288733465352,7.244070971439109,403,399
AELZDJ42ZTKWK3733KORAERLI2CQ,8.703456892217924,-20.769485313559098,5.7716871965548044,0.70505876089961,5.2776543996028416,20540.078144758176,0.001623640226618378,5.926279979448512,119,158,2.697777852954576,-24.968984963993844,6.506728708430709,0.6417037077298434,5.260680876780506,36617.980686033974,0.0009168129994295645,5.7217518773053895,119,158,-4.343126294655242,-30.315786602486188,7.291310343302527,0.6541508153226253,5.867083380006083,101400.09160122639,0.00040338628408746464,6.440624950009605,119,158,-6.258907332078277,-36.9526075749071,6.721645309957763,0.6656503145373353,5.661235659720183,63618.18348243466,0.0005965531122672837,6.118601011744517,119,158,-36.83119493646824,-32.02302480551561,7.1138757014596745,0.6758681907823321,5.880902222804229,277884.8383863009,0.00015279995499611597,5.992730139416911,119,158
AEMRAZPNN2NBBUDV4YGGYMGPFC6A,6.179009549029088,-18.412991138487417,3.6619229973449703,0.7017663570676719,4.434585617269682,13715.180333072867,0.001684562655087567,6.078613732327841,157,187,0.39407420329708037,-22.79567096489583,4.399229546854356,0.678200239590251,4.754699740452736,32967.0412937795,0.000817057679783563,6.257134575956005,157,187,-7.099383581924629,-27.28380749586419,6.197492033359648,0.6419335715325095,5.438100915663758,78128.97539964819,0.0004418008634409912,6.992380008294363,157,187,-10.521959183631601,-32.64922530347444,4.448601282218628,0.6947906039787366,4.986180262017911,50156.35219155439,0.0005813447371312932,6.678160269962113,157,187,-41.9660723721631,-27.342235132464943,4.966775988817981,0.67301148767186,5.217639621032515,271232.8008009091,0.00011689579637175622,6.38772429399673,157,187
AEN5LX5777LX2H7KYOC3ZV7BHW7A,5.7895958558447225,-16.7611927976894,2.799069059583295,0.7889077359472226,4.49684520255292,15293.32148147209,0.0016287646292053569,6.014807677159074,141,137,-0.3500967186403252,-21.949152210978216,4.020385367796727,0.7323008160583611,4.885262417062837,36388.66539044128,0.0007709592149767996,6.443544243686218,141,137,-7.359324899102273,-26.702594896836843,4.143272882953697,0.7786907406463976,5.544662000564379,71295.30017022013,0.0005040881851464524,7.191332289249062,141,137,-9.503220911577932,-33.20195732603075,4.147063316010192,0.7546534475598015,5.249760927225122,47902.85971390516,0.0006821588368483049,6.58224919092311,141,137,-40.280741405512515,-28.07461781101488,3.9037805177830087,0.7869555708793416,5.521772132794675,269173.9658407457,0.0001356397438955124,6.60053104495392,141,137
AENEBO2ESDZSB3GSHROPTRBAN2VA,9.450334097557542,-19.932805951649055,8.509411135842965,0.7009228972501531,6.411968909412714,26625.78543578886,0.0017815255939516712,8.08824160532636,152,146,4.703616581793924,-22.619000425973187,10.300930036017625,0.6298964783766752,6.4682059302197885,38863.9803500157,0.001234195277688295,7.758510985754876,152,146,-1.8512284664388376,-28.580703090351818,11.461147640315005,0.613885244287273,6.998535963470772,89602.8742832701,0.0006182972360579619,8.541366796251197,152,146,-3.6160985597619306,-35.47886451352619,10.58417063466765,0.6518651487962978,6.834190533377392,71544.06196877234,0.0007430768506284119,8.459746662211643,152,146,-33.731665450498454,-30.339834209099447,9.343104565010771,0.6883243651944004,6.9801012515094385,276944.8796785159,0.0002000501669270378,8.125151814919752,152,146
AENEVJH3U3MYSPDNE6VBEQCW2V4Q,8.4457543494459,-17.351137385778262,7.398647025768022,0.7504035400722926,5.993887559255006,19196.584243799636,0.0024196486506587217,6.786081883904356,266,241,2.9998049470042445,-20.458566687283643,9.077682848218853,0.7043337154575253,6.185352766281952,36931.56224949331,0.0013337899181854248,6.587218580888005,266,241,-4.690290664638999,-24.04753002304267,10.022492757786605,0.7055128130250705,6.801161553252466,88101.906260015,0.000642275830721066,7.373169173138668,266,241,-6.610716894050615,-30.743699610280963,8.361703893719636,0.7413752989818558,6.45993466861326,52965.123998707,0.0009831625378251907,7.010102366896331,266,241,-36.448996610183784,-25.977711055028117,8.00139112897706,0.740127553350708,6.6012363267964576,264265.28020191484,0.0002016434264051821,6.926447718464881,266,241
AENGGJFDKQ2NVKLH5AASUYFZMXXQ,6.903883733926738,-19.53536785519854,5.760295378591313,0.5936712965172279,4.620754896577787,19440.64211288464,0.0013613370864974806,6.272066028238851,98,96,1.9357343762416785,-25.714167074411744,5.566687229292393,0.6233291458882628,4.89360220558434,29149.8629986428,0.0009785254417962218,6.603036172146049,98,96,-5.235213746376598,-32.21459809567057,5.574399738632276,0.6755899208321521,5.362620233473038,108332.77848393585,0.00031504025388242777,6.917974937115649,98,96,-8.202757129538492,-37.83203831766297,4.90564769057956,0.685583705083696,4.998861327174055,56774.78207234614,0.0005280507340376776,6.802413385468003,98,96,-40.44055433359198,-31.99867607482109,4.790735049316732,0.6916805546155502,5.232764742092358,269304.50674676814,0.00011873291122503157,6.465461465475441,98,96
AENPFFAIQ75VTJYM6BCEKB5WWWJQ,7.875144932190304,-16.62471822930152,3.4937096301812787,0.8352688242826023,5.5937740876022755,17427.06281502038,0.0021682051177437946,6.228593596162242,191,209,3.7589662041171352,-23.101272317036628,3.7302715350385407,0.830806712798769,5.8409082089548825,33519.730734431854,0.001206042657497206,6.382970872725107,191,209,-3.7104609300067684,-26.09965180970359,4.716115082373783,0.8142647181742553,6.544339303534846,83156.89064770532,0.0006021147258798563,7.1216299674365064,191,209,-5.131393481279279,-34.15530620494584,4.886248971289795,0.7942334693515477,6.223154184151675,71286.48113845302,0.0006383420558241964,6.75153407691176,191,209,-35.84657369582982,-27.800403747123188,5.3706419537989,0.7805994673385638,6.526829502025511,271784.1982749929,0.0001816267719278401,6.543058090935454,191,209
AENRY5O66WAAZIZDQQINVD3PLFZA,9.339061781454198,-20.442442490847952,7.3039217539511485,0.7163645571718634,5.9540354493702585,18726.105868977334,0.002260093351928777,6.258988088020881,106,94,5.175469188187095,-27.71391738405875,6.654757378448754,0.7624502127679501,6.208448522055506,40139.33018629591,0.0011328983291852863,6.031280619938116,106,94,-4.080938301048134,-28.275619751063154,8.943689105611677,0.6942128475619163,6.696905144294771,97153.31427825903,0.0005359019009947764,6.979291166780892,106,94,-2.4904049632275957,-42.085338943888594,7.788849943295062,0.7312715259838264,6.4391808295248385,71256.58691436758,0.0006879816331053661,6.5789695006843445,106,94,-34.267684789544745,-33.25635693042173,7.25442441357663,0.7407395146930389,6.559229592752575,276067.15992979833,0.00018279526279848656,6.506053677878682,106,94
AEO3V6QEVI6RWUKVT2JDK43FEIVQ,8.519234199589095,-18.35077937764259,6.294592965547154,0.7743376682038147,5.85505186087809,16986.583697815997,0.0025646984761899267,6.370286563995585,211,188,2.870561387623954,-22.42789863676475,6.820904005302554,0.745588856453689,5.973678878881913,38108.70305427591,0.001155157823673426,6.1233633410774555,211,188,-3.8827063429083633,-26.797434778509338,7.250704390564933,0.7646960265479262,6.630534390686846,87073.26470322946,0.0006094175372281515,6.967778018443066,211,188,-5.948175870194857,-33.769544086671225,5.122985843301016,0.8257994146569643,6.328676788903947,58492.73794111378,0.000838217370887997,6.654770945639163,211,188,-35.54737141757371,-30.372009324491238,5.699035754053807,0.7983760779481536,6.390450959463004,273085.25935606816,0.00018289048060410437,6.40804290111296,211,188
AEOFL6B6OAGTNKAO6R3HGN76ETWA,9.152826341062058,-21.603226938757196,7.428017402033953,0.7918705336893065,6.349509355064251,30899.592502443862,0.0016895608490842585,7.322320257312755,100,112,5.0407403523356615,-29.079686156494827,7.856750106110054,0.7855180279464676,6.438420869717944,56235.00825191247,0.000958133905239648,7.087030235963246,100,112,-3.1096548867934097,-33.39253753576565,7.925189382684408,0.7807911670271556,6.6270184191569115,112984.8101631522,0.00048667580148626375,7.537627479442849,100,112,-3.490968358486774,-44.26497936096247,9.088698760117667,0.7507601213214384,6.599852193067303,95577.62743697561,0.0005711669616049309,7.555146697956258,100,112,-35.77727713911622,-32.78154812873654,8.723339367147311,0.7558765566330887,6.728438887026512,295935.7640643276,0.0001912753468365509,7.426816442993877,100,112
AEOK4TQIKGO23SJKZ6PW4FETNNDA_1,7.311526279240803,-16.832137048317627,2.3010127115090784,0.8530816633964537,4.974834641134075,14622.650726835518,0.0020282246028779536,6.182011075724496,268,279,1.7520414160673945,-21.44985084458715,2.662941812354368,0.8506540371400947,5.332415772303313,32093.931125394105,0.0010661271574324194,6.3863603357999255,268,279,-5.010048081425327,-26.205247058240985,3.0985234802939625,0.8473272420540718,5.8548840465881895,73773.89352136609,0.000555326204149176,6.81583307925328,268,279,-8.126866343475255,-32.02349428580711,3.0156382859147404,0.839921925972639,5.53784285910688,46520.754407057706,0.0007851218535554906,6.484523257139968,268,279,-38.38464008789822,-27.521861189982847,3.2004531222787027,0.8289137106527633,5.784938797567223,258246.46724979478,0.00015117874473139225,6.3307354212935,268,279
AEOK4TQIKGO23SJKZ6PW4FETNNDA_2,8.943078252613171,-19.373542823021904,5.513167856094377,0.7523582536175291,5.555459235325464,18159.540816475554,0.002052804672803908,6.137091256739484,112,110,4.072517589919334,-25.18423583401829,6.350411112032244,0.7265385788893735,5.7716587151779555,35942.82188852823,0.0011059942360117875,6.1741286152907655,112,110,-2.2763848781287646,-31.255220583983604,8.512440319785561,0.6520578502493667,6.297236189531544,87309.07111182199,0.0005304192470860532,6.864259973091876,112,110,-3.8084218112731762,-38.752090871280714,5.940570570941426,0.7627751834876555,6.093314350082894,63004.33031475213,0.0007063358327704368,6.452673673835342,112,110,-34.72352514081476,-31.801950993172856,7.202666181970652,0.7002458295279662,6.342413768342125,267344.9183643617,0.00017516490092680232,6.443032896837673,112,110
AEOOVIA4OZ4YXXMOX52QKRFPI44A,8.094749045882816,-18.786490709096686,6.441146385284636,0.708759389510917,5.545452317237199,24735.385393271325,0.0015452522503191202,5.807567256925054,106,101,3.4282360536271734,-25.792498905007747,8.96983295957408,0.6829173762169223,5.7366900619680905,50363.00567990686,0.0008852756386618772,5.7350154516699545,106,101,-3.738454048241941,-31.66633261733802,7.618917427449312,0.7061176720489277,6.2060496208538165,95287.49999975393,0.0004877881815537016,6.442255853204502,106,101,-5.119057767986326,-38.556181738480944,8.270448649196005,0.6844110488095476,6.017690994185315,54842.339307749935,0.0008211707019520608,6.0878202758273385,106,101,-35.8829098654726,-32.54617174145513,9.228727590276849,0.6340053191482088,6.126509531400316,277215.7204399799,0.0001634656378814362,5.9579001479677345,106,101
AEORT2SOUGKL76PYWWGS4SUL3OSA_1,5.5701086303806555,-17.887353834565072,2.8041327920751016,0.7293900802894722,4.171902736569667,12984.482291876746,0.0015902085751888454,6.200258582603739,315,286,-0.27643873477951897,-22.629385132729947,2.7505864731672425,0.7641428112935961,4.467624998522741,28200.625393052913,0.0008306441378747035,6.5327173961487555,315,286,-8.393415928178115,-25.885415791028297,3.5331373613716703,0.750495683499949,5.002668555877561,67456.75269890217,0.000434173603274834,6.9691095503715585,315,286,-10.931479025675179,-31.683683134304882,3.6386725785711636,0.7111142596578576,4.714338150335787,32003.67970674921,0.0008172326654336979,6.760577652992749,315,286,-42.07983491637463,-28.56033491184599,3.0075969789284884,0.7798597748089794,4.924222255463838,242638.24035485805,0.000119177045216193,6.523905823767363,315,286
AEP4KJDGBH6XPJKFEHPYSAPUNDBQ,7.6704604691345075,-18.795749164876717,3.0516086551476156,0.7899935483522924,4.891926882403357,15448.392437918441,0.0018424495352467516,6.120022648770848,129,128,2.3704628746170457,-24.57336186231979,4.388418063979568,0.7259595867469523,5.0606714042208,37848.54266334411,0.000824470484080428,6.28322459722075,129,128,-4.310938649790881,-30.205561452138692,5.040056158909338,0.7714620846630439,5.992406297955174,95896.56834412443,0.00044887107696736325,7.174701823409641,129,128,-6.236770278613763,-35.64154309923836,5.744425812673887,0.6892041653446797,5.559311541102793,49657.915271809696,0.0007396605241976994,6.737822398312984,129,128,-37.80348312519492,-30.28246844786086,5.8142919159725635,0.7150209649441026,5.858477355717957,270001.8975872853,0.00015286119889543532,6.655499860062996,129,128
AEQ2P7WFOZXT2WM3WSFJPDWLXQAQ,6.290209031938992,-19.12138515843073,1.87475134335253,0.8159093099844887,4.245504013523094,10556.044467653237,0.0019701689611332195,6.1708665659165245,175,170,0.8552310318941959,-25.313599380213695,2.336482055105301,0.8068327260610586,4.591818271320067,28232.13919574742,0.0008546695773561667,6.643194623799874,175,170,-7.795613741124018,-26.43542476944458,3.696213764178581,0.7886529204100919,5.345293016277152,74274.58364485095,0.0004429631626265787,7.502100659217289,175,170,-9.334839181088842,-34.13587907304208,2.9045233508594324,0.7885861001964392,4.889756356073573,39632.93682669464,0.0006936804872650912,6.79185391424475,175,170,-40.87791374580696,-28.7523430801826,2.9181565533039793,0.8318139053017148,5.412012807773796,263559.6017286653,0.00012783366731781819,6.967190503134735,175,170
AEQOF6IINLJ7YDIGCTZUORSL3G3Q,14.217221988774517,-33.269845671899546,12.554821826293532,0.5462713200146909,5.868581119648258,21954.799733656706,0.0018906335389294007,6.708527011960536,86,86,8.692211755272268,-37.06953513877508,11.674090553862612,0.5574691067470056,5.984481873044265,70104.00677604006,0.0006045263010217174,6.444491252626504,86,86,5.063558005720027,-49.710861336132844,18.37859600624297,0.3402508246750644,6.457230899641313,136110.50567071434,0.00035422954287843926,7.14574390540893,86,86,5.364459752481526,-62.67801777577259,12.37055723880733,0.5654407914003916,6.340863685455569,97235.98053882839,0.000487608623047978,7.1260192293704225,86,86,-25.84287477586044,-58.08452132593185,13.688085381476444,0.4473461287620001,6.162452328040549,297118.57185475435,0.0001475567357230294,6.538457538005295,86,86
AEQXZCNKESE5KNCYCQZROO7GZRKQ,6.968824737825481,-18.14464768450271,3.638814816524006,0.788523396898292,5.099018408390356,17459.12297735407,0.0017593340011630484,5.890041765363045,201,192,1.4312687222342426,-23.145524024438213,4.356700521762264,0.744142702496902,5.2185805221398285,40234.8145136467,0.0007855195962882228,5.957400839009212,201,192,-6.334498128504149,-26.42944474140191,3.9164180792025043,0.8074172029271234,5.822555648575091,85299.2542881406,0.00045886309916719025,6.41883644098198,201,192,-8.744510612947245,-32.81529590100591,4.776939324411676,0.754013093047389,5.567248636769508,49896.83303572292,0.0007196321365286665,6.238987319540437,201,192,-38.9219653329582,-29.44360030224537,4.474262872318715,0.7703191603625078,5.8001594191763415,261476.6543357868,0.00014706653451681037,6.071530684405757,201,192
AERBXNFQCS5OD6LJOIXMRDPTOVHQ,5.749672470471994,-18.11574569144624,2.920971025318818,0.7617591114819118,4.44735526853525,15942.82539192908,0.001440063266328313,6.174648955717174,189,175,-0.05988429722072997,-22.75630252598528,2.6003561796398436,0.8038991388571058,4.645465787013721,33331.61266107626,0.0007644717048348417,6.3273675627453745,189,175,-8.221248310528177,-26.725048996118048,4.007442082323307,0.7229261379160873,5.023743829783899,75519.40687516324,0.00038359707032180356,6.589400274023223,189,175,-10.864082260411848,-32.20779077109181,4.019902889304023,0.7258120349119519,4.917507513616963,42372.93818534717,0.0006584318270697004,6.557759529196986,189,175,-42.969960850585814,-28.006786176984566,2.6936273772368344,0.8038687480480433,4.905831004205718,259394.4950073166,0.00010621584082808266,6.353108560222829,189,175
AERDCAMJOVIBWC7P3ZRCGDXSHBXQ,6.661049759462893,-16.64177099416863,4.354922692879666,0.7787431887729137,5.296096801358059,17817.32503120158,0.0018624669898028349,6.214603012156986,153,171,2.049800008034373,-24.073374378180702,4.255933644727141,0.7851977777167027,5.400018034473371,43379.9946784339,0.0007922679724789715,5.885363421251411,153,171,-5.945989409750994,-27.196636294291856,4.467532224007551,0.7943080263506057,5.815524094537571,88997.65526433797,0.00044962281536666546,6.5289577216726045,153,171,-8.34956103536246,-33.24547755696231,4.544876322663234,0.7876635221788191,5.705670107117754,50927.49318994474,0.0007526602909969975,6.363692636107101,153,171,-39.44829072881702,-28.545124352661762,4.0492177574216734,0.8113223350119484,5.7970687109089045,265972.17471499246,0.0001473223964515422,6.221815575989025,153,171
AERDQD3WFTSIGCSDF6GGFCF5PPVA,5.575781535203695,-16.783628895662545,3.0738718817724116,0.7506261746444289,4.510181442403375,11355.551265951666,0.00208662363204304,6.559862870950641,208,193,-0.1048473618938221,-20.627845848411788,4.28692710924767,0.730481944953637,4.881754461265834,27849.648492013093,0.0010140473726842653,7.296780477773317,208,193,-7.948746082555859,-24.782444542976084,7.168689802377898,0.6965187546843763,5.744664070054937,70940.84711074414,0.0005485777689833401,8.20103542447644,208,193,-10.140815865280814,-31.57601673000354,4.593821914004901,0.7154811584753376,5.106988128100889,39892.62531194391,0.0007566403590149562,7.291868871247395,208,193,-41.42528565251129,-26.22983574444325,7.849662474720187,0.6468944777008678,5.690369378989245,259040.15072165898,0.00014733758448596957,7.514659243171895,208,193
AERPI4FAV5T5IFS2QYG3B5Y6IPAA,6.6734249219964665,-19.688070413616032,3.5480667408027475,0.7121588175848732,4.395773498551282,10848.745973726085,0.002163694296660644,5.576046086478123,130,108,-0.07175656462210422,-22.56130263086488,3.125816979662069,0.7690431488230213,4.698120681249527,25786.445015334066,0.001013628468585482,5.682185253808312,130,108,-6.332117691544462,-30.845055483345366,4.054778703545724,0.7383015990161774,5.130137961363005,87504.07526498233,0.0003520845603466144,6.272990361129636,130,108,-8.883411767954518,-37.14303632373475,3.8541424715260106,0.7248400025324389,4.842186496015943,50251.36959255606,0.0005504508898019875,5.9150102294995115,130,108,-40.943074480571326,-31.45665908419967,3.925908492495619,0.7266049159920547,4.9953843865482686,258286.7307000844,0.00011385536762560802,5.805582155670929,130,108
AES3YWD3ONJOUDRWFIV2ZO44QDAQ,8.549970890861808,-16.51391246152935,5.738264415623173,0.8362244140526245,6.775003494566361,22281.25311295048,0.002458896756647715,8.615183163505568,375,386,3.3345383336394416,-20.548021060629484,4.6245759393239885,0.8596764328920328,6.786570768316941,39949.24110031654,0.0013760162120485455,8.048263377071097,375,386,-3.368282084743559,-23.967598900398244,6.00156536797245,0.84305857939021,7.579147546181556,88646.02906720707,0.00075125026561584,9.160454756649026,375,386,-5.874839488801309,-29.463056259422736,5.976613849922917,0.8398402144855496,7.302060370710579,63087.264850453765,0.0009869076210637906,9.096534460690695,375,386,-34.918675280207175,-24.846286191833446,6.9276950246723485,0.8155579183816912,7.486129461586005,263715.9443403941,0.0002467091059417778,8.823327897051277,375,386
AESO27BUQYLOIWXWMISPD6XY2A4A,8.895256038592184,-20.13543152253338,11.98030893536757,0.6560518854182543,6.554707703343301,24571.66683821827,0.002097212901195776,8.08624475481401,177,190,3.146365072242919,-23.724352334232975,10.756472337879648,0.6779520584293639,6.6330304839664675,49298.90330772048,0.001055631931886884,7.64021056938748,177,190,-4.177958872791354,-27.303749724478507,11.973537514560745,0.6928199761796727,7.1813860622214865,97675.72536526226,0.000628044904672628,8.358697330504404,177,190,-6.261576253556659,-34.70358600764982,12.530322341470635,0.6818529541038703,7.129702087086698,72126.16772834434,0.0008447766809208521,8.387887183305965,177,190,-35.60769042366993,-30.03187205477504,17.19020141791838,0.5354240347128028,7.146434794477782,271603.24756665644,0.00022003190276245364,8.167516995003036,177,190
AETGGEJL7732J4VMO6KOTNIO5I3Q,6.134316813348188,-15.886428460505133,2.6185319333431267,0.7945339224065862,4.648387383090814,17383.639097711,0.0014541197752055246,6.68277507463578,142,149,0.4369248715772794,-20.65289284416893,3.2516723908118355,0.7796923002463745,4.947405526476961,37410.33375896546,0.0007584208597872569,6.726336350732349,142,149,-6.766885086414241,-24.79110793506083,4.24200150174496,0.7430960112866722,5.397419099573109,67453.78330760717,0.0004998576529718109,7.2795536382713575,142,149,-9.667298764407256,-29.58190358430132,4.03054038615888,0.7531077625098663,5.21785357296188,44409.880708806166,0.0007220074237746823,7.092850700300717,142,149,-39.843891996193015,-29.402460458186287,3.712219964218902,0.7571867098566246,5.256657992796866,253074.51655429578,0.0001263975464732661,6.933295023336911,142,149
AETNNBJAVBJBCISV56OOOWLPJMIA,6.853897079241288,-15.901325573612356,4.55452970139363,0.780214187365085,5.477821660559276,16239.614995451542,0.0021697754198212217,6.985820434338523,138,119,1.2740236856241558,-20.400888166971402,4.164256800777348,0.802337071240188,5.727696299265089,43439.58588853983,0.0008817320056231586,6.848860461092924,138,119,-6.4862968629528215,-22.841570350315514,5.1530339330133215,0.7751248598202791,6.214931981158593,75303.95896459662,0.0005880997352891878,7.358208658068836,138,119,-8.18402924650053,-30.656468610175498,5.5386308465762,0.7672189968323926,6.08660541389457,55430.97658679347,0.0007810518982581783,7.152633021505874,138,119,-39.11015863760474,-25.215150768298862,5.910732960283786,0.7436719080138917,6.28964266782736,269315.6100780428,0.00016797768307717458,7.073330844655656,138,119
AETTD4RUL7QCIOVIRKNYKIVGKMIA,8.840039492403045,-17.038416707965744,5.60497074812055,0.8018774472244966,6.378825843099982,19649.678870916156,0.0024124911159232997,7.0871613222301475,126,162,4.648687806959229,-24.365631763688715,7.239248523443173,0.7380234768107725,6.502864505253494,41843.59849492183,0.0011590697904297416,6.717781493654795,126,162,-2.4540507393692517,-28.4679338204289,7.255839214427544,0.76294005841024,7.041598381126767,96690.88061395485,0.0005868494140896369,7.569509283140711,126,162,-4.5565345137194395,-34.79246011297344,7.238520354606093,0.7601937058047666,6.891651866189772,68402.96602909864,0.0007854560075446842,7.431411351209215,126,162,-34.21462441479988,-29.758186787755456,7.274789663163747,0.7549680974328643,6.969257935605086,269668.7539408987,0.00020532610555926573,7.0196621214230275,126,162
AETU6ITSYPQHDV2VJCBWRLKFGYYQ,7.576178257229094,-16.026839105544255,1.9117900361301203,0.8901958930989254,5.335335840150659,14321.389565889624,0.0023192567124384745,6.677649293129602,579,551,2.2593000860890773,-18.995188927933757,2.3134724894526206,0.8812041106143844,5.693495096577575,26549.074578078234,0.001418268872317118,6.750362582210828,579,551,-5.165815762709529,-22.839337628867302,2.121731406552559,0.9062642165416676,6.351619782920783,68076.98325738459,0.0006783295662761337,7.548029926473989,579,551,-7.73216497698747,-28.38242694410778,2.5191107745091013,0.8813435818267638,6.020231494701189,41299.29475012938,0.0010135928233757168,7.206156029052944,579,551,-38.111754109584666,-24.97122370559125,2.2841415053729426,0.8894581726705203,6.152034953623068,253291.67978568902,0.00017063610872304036,7.017877788386518,579,551
AEULD6UDDD7XSH2HXR2L6TNRHSNQ,7.776684009983633,-16.611916078941718,5.802099717017008,0.8482212175914501,6.775633984708086,21103.907786772426,0.002591158018766736,8.551978264342734,898,898,2.413785628840355,-20.532157675354032,5.960476225989876,0.8399416134967785,6.926480592750877,42123.27366563904,0.00133161650811637,8.222534438650179,898,898,-4.110483059675875,-25.603506480175625,7.507704023609994,0.8212545442155667,7.547762964713567,93865.65125322899,0.0007046265443173639,8.99602650462833,898,898,-5.898357208421977,-31.28636639491128,9.834558867776652,0.7768679950141919,7.543164855500034,63180.19132467335,0.0010530370425269424,9.120075992990833,898,898,-36.09896217296672,-26.436570272195876,5.99531808392612,0.8531296601272347,7.489919151764623,271947.15136016964,0.0002364718272231355,8.719404184304556,898,898
AEUNG334KUZWXHHAIRMJXCBT5FYA,8.635670740933778,-20.3561151206727,4.227843664075843,0.716316086799857,4.941374849565632,13624.102840352862,0.00210177379357902,6.532827926583689,152,148,3.3371003084718986,-26.27692674285115,4.581653210703029,0.7111459866654357,5.156988050601032,30838.10177541151,0.0010057736619196826,6.61298526573454,152,148,-3.8903278235585397,-30.929713603882817,4.970369006187224,0.7387089942991464,5.782984165076735,77083.04191697342,0.0004998674788821662,7.167332741013069,152,148,-5.881263736876271,-37.43711821602053,4.669260000248992,0.726532541545216,5.440220555476081,50662.22275154012,0.0006748115065449414,7.017713176526264,152,148,-36.4708098309754,-32.3786885985982,5.665985821572347,0.6995355575249792,5.894057721631614,271925.49196463876,0.00014618317723126228,6.877142255345585,152,148
AEUOFJ7IEGXHNGNVGLC4BQQ7XOIA,7.342094867061071,-19.2694637860545,6.502805407341109,0.667262417590766,5.209006988202164,15503.796436080976,0.002189517035908406,5.620398073132617,102,121,1.5650292305326792,-24.5477741100173,5.1926801391323805,0.7225427544727686,5.285087202760616,47133.58015267834,0.0007234692877732506,5.674042641138321,102,121,-6.560673411197316,-26.41929362822661,7.91846901370725,0.6582438089801304,5.955184851758865,108841.60199409073,0.0004005322847934115,6.465396916903869,102,121,-8.76024448666356,-33.17723648141698,6.136851303240657,0.7071623800873352,5.6462336224734155,71771.28998771496,0.0005459117720823338,6.159534700208304,102,121,-38.882172369517875,-29.996058681233524,6.7594454358448255,0.6857849364524053,5.840051389194282,271700.2639705702,0.0001527060925150064,5.978383460477206,102,121
AEUUFC2JXLKMGJJTTOGUQUL5SKPQ,8.112720178799007,-15.821264793897042,5.420450956234614,0.8053766737307387,5.991914989587095,15657.003345576784,0.002894676965662003,6.567026580690564,260,238,2.8619333055861986,-20.28225312107871,5.674181514958002,0.80203487159181,6.119188912070248,39864.322037581915,0.0011927891474028127,6.345229720947827,260,238,-4.837997503328355,-23.734794588399218,6.060204634760511,0.8091599786269341,6.740558311037186,94334.5655970517,0.0005915984771633978,7.158676613645389,260,238,-6.892937843063331,-29.75053073880721,4.484058040819766,0.8451182759944476,6.404498579066888,59209.26230431737,0.0008412565648190497,6.883656130415623,260,238,-36.60700371811534,-25.843568987135402,4.436062658525478,0.8489523771988088,6.6215363921838,277873.8526122788,0.0001895803945931536,6.677757843690666,260,238
AEVIVDBW7OKSXHS2P7KPTBSPPU7Q,6.020703076191374,-16.752964815718357,4.649086549801496,0.6862727236958521,4.823800732118039,17954.529717176836,0.0015164089600858525,6.632171911744369,179,209,0.4966799456897934,-22.186959506898425,4.479438124694189,0.7093416677977666,4.945836898730946,28930.334890027247,0.000983306739781327,6.556431279808767,179,209,-7.495880517082303,-25.538124111902757,5.05064494690684,0.6987175580712689,5.407348118450508,76949.11209462977,0.00043388896202345987,7.0185105912913,179,209,-10.7228021515213,-29.93851171297821,4.956664908081175,0.7125282103337699,5.30842716814947,56440.20606051275,0.0005768275796051663,6.93980112974902,179,209,-41.31935535605762,-27.68332684434059,5.196050149875825,0.6792032930341265,5.351873987128684,269782.3284216423,0.00012180957026276267,6.705124704035789,179,209
AEVT7G4YZM2E5MI3SGA6J6EZZR4A,7.954216310949037,-18.661326836445813,5.400925315827545,0.6590631821701507,5.08880115021415,15962.270738116446,0.0018886214606858326,6.417260656558793,401,409,3.48889353445095,-25.2037071917405,5.599122940245592,0.6791658040860518,5.370932475092108,32177.33341908416,0.001040618599904615,6.379202032878283,401,409,-3.789485937953425,-29.11262489466738,8.804616311068418,0.5845676818763744,6.094299491702696,80429.71869639843,0.0005234237891385651,7.131689452611487,401,409,-6.425175216483267,-33.80702853865303,5.735478504051438,0.6966178345323297,5.737974610623265,38787.09538253196,0.0009665883968618394,6.950490040041056,401,409,-37.21719307531714,-28.985848280616008,5.572506783343645,0.7205061237482415,5.993802539939285,254621.60768240137,0.00016188592967974507,6.690054740351316,401,409
AEVXQOJ4SDXQ4EFRY5GCSXXFIWXA,11.723230354725477,-24.213147064964513,20.413478879792734,0.43844236985440554,6.865383753922811,26261.11634470763,0.002178134823509657,7.97211083183237,91,101,7.825356942392559,-31.534283655295543,23.03843614529394,0.3281069464782773,6.922659096702512,55128.185592674105,0.0010208331264429623,7.351138742898006,91,101,0.3567001514224306,-35.1149528272637,20.41813525325691,0.48221974222752706,7.607573719256029,119085.90853030897,0.0005649582808731984,8.23515165207798,91,101,0.6298441574746909,-47.22126681791486,21.84045493030586,0.4241676429370942,7.397215936911978,85917.67878839976,0.0007413272944976724,8.145288211280343,91,101,-30.49843075750571,-37.36097035808434,21.130416630152475,0.44611842216361286,7.605368582719815,295282.5868652732,0.00022745380522734644,7.872024386121169,91,101
AEW6DQRE6GSOIU5VAPACM56T7ADQ,8.85020683463299,-20.994410659610185,7.636773189967081,0.6756063262777153,5.846568916265545,19229.551952415586,0.002016156544820345,6.281077648008915,87,103,5.019882506149019,-29.492495248471805,5.331327144752004,0.7713185290013147,5.928445576162406,56505.532195360654,0.0007117640752383224,6.150080323155832,87,103,-2.0355390598959278,-33.968435394013824,8.308965365268312,0.7111893537017111,6.705778984576558,106785.90231883244,0.000480863759569585,7.239908525659582,87,103,-1.8160321760450426,-46.250873538609916,7.503747813146439,0.7133612699650842,6.352415733245399,96690.99152463985,0.00047196356510769804,6.803117725480737,87,103,-33.78673988389358,-37.01312779294,6.558286244002711,0.761131230694335,6.723683391313656,282799.0592050683,0.0001779359079360301,6.8299312111842525,87,103
AEW7T5OK55DUZ4EJKRRXZYNKRT4Q,5.15160174798863,-17.46918162157353,4.249285436799539,0.6901260979459231,4.35852235073954,17972.36085878999,0.0013621178659342457,5.476450298031053,108,106,-0.06764121959073134,-24.79467181256835,4.6631532947416385,0.6830718457598594,4.581620755627443,41653.99676397248,0.0006356995053160838,5.517109497104698,108,106,-7.923012286126768,-29.6836428400413,4.444015815536887,0.7285364280791395,5.0739621555327306,92819.72947637105,0.0003382684539833699,6.021595365205202,108,106,-10.09637844444083,-37.75680184336704,5.534356960134468,0.644938399708374,4.728945495306456,55589.13819502283,0.0005092506208680572,5.719840115332369,108,106,-41.145144514117966,-32.635957718842555,5.628086166744059,0.6415756677741075,4.965745825332902,271351.76565904176,0.00011335422138992848,5.55720225932476,108,106
AEWH45WQQ2EQKJVI4CXJYZ6EO54Q,11.375187210246915,-29.834276036154648,6.518954576519286,0.6456185998320115,5.235270160269723,35982.572706891755,0.0008781099093937371,5.5138774855402986,104,84,10.261880437198394,-45.48448382993179,11.258559605545155,0.3472907478444087,5.217905315714008,49183.94221810833,0.0006343414910498388,5.2648115849585055,104,84,5.358088377348666,-57.174127140061955,10.160224583918689,0.49941038930309656,5.741618390841746,121097.34394744739,0.00031586553582484524,5.883539935068622,104,84,8.229255641523748,-75.78087029474139,7.869926181255922,0.6195023909756745,5.604051345909661,90206.70944156071,0.00040453634530300954,5.878881019955896,104,84,-28.661410872438708,-55.311607773456686,10.79872480107636,0.49645714476446723,5.85646586112111,306901.7856120022,0.00013137231179994525,5.732243754834036,104,84
AEX2FAB4OAZBA2MWYMQPDZBYWD3Q,8.446547935958796,-18.166808962691757,3.8850846690840357,0.8113287130502423,5.634422603143776,16040.230366788695,0.002270689834344845,6.671997672294725,210,203,3.090101373876425,-22.905376026064406,4.434431099954004,0.7746194860669056,5.6053428256075275,37531.42992159791,0.0009898633958108705,6.430152171799767,210,203,-4.309328035075925,-27.898107926887935,4.063888858763124,0.8299293350673901,6.359752011431842,83332.52170897144,0.0005512190429886023,7.235097070717696,210,203,-6.585955258758685,-33.63452533655777,4.534928305181012,0.8073560899125048,6.1333554098246665,51539.770041322234,0.0008410880033611304,7.007618863947545,210,203,-36.841625650990615,-28.200658982465324,3.794799324076768,0.8470691806644004,6.430413277002117,263568.76743503346,0.00017864624075079535,6.834038771350793,210,203
AEX32AJWO2E7MT72BBNSUKH6PYYA,8.616825557206505,-16.02731679018196,6.386679919313822,0.8143407831069239,6.7340528357226,20875.05982691376,0.0027159923452171743,7.805915677794379,127,131,4.311873784550907,-22.26311545547688,5.408381186055433,0.847979648863903,6.836349099323705,45803.4112440592,0.0012894578652802135,7.444628938168955,127,131,-2.9222790110478782,-26.704216414314534,6.581613025208791,0.8175551584939558,7.1855560496692235,111702.86603004752,0.0005678936295422267,7.883025141883828,127,131,-4.503777689136365,-32.93671553967887,8.841244807251218,0.7745628257408395,7.253968556139155,75023.87269522279,0.0008745237819089661,8.058996388843992,127,131,-34.332143507211676,-27.98546201202656,5.676276820885817,0.8386214906079836,7.18433020196591,276021.7644810383,0.0002270787146842347,7.86135070146148,127,131
AEX6F3NHCLMPXTPAS2CVOUQMOEUA,8.764104104787691,-17.70672793188384,6.862797341110963,0.6354823265172886,5.4793542256627745,15315.644022682183,0.002306472524989381,7.622017264407819,154,166,3.8830665869942598,-23.36470060689225,7.815224725153327,0.6377067060266958,5.6508011580610455,41845.95250415145,0.0009275960819034678,8.02349579896093,154,166,-3.0392391154496488,-27.60229785726037,7.862188326595192,0.6530317536225678,6.227910210930119,81491.77639577066,0.0005522442601540753,8.718899853967166,154,166,-4.46961700835318,-35.28221688756989,8.37175407591659,0.6106761090317155,5.905598556826821,45675.83382603859,0.0008985723182656086,8.480498232016991,154,166,-35.12205800577227,-33.3140056123778,9.283983831597949,0.5506437278751445,5.916935052579924,261169.93465651156,0.00015589648745740212,8.221175708531819,154,166
AEX6GC25ANZIT36EQGUAJOGXCPLQ,6.733141631077752,-17.537237350219833,4.830596630635021,0.6161888400179911,4.563860707617319,14080.620005658177,0.001763804946938824,5.957954013791039,200,209,1.4658003570619975,-22.877318784146752,5.010166813159273,0.6535386050950894,4.934671979202385,29330.185398324546,0.0009785056518765017,6.311685431083204,200,209,-6.607715975956769,-26.51611063105237,4.7424692520096885,0.7131782127814552,5.37517461600344,65380.584257248935,0.0005119941063216029,6.90754629530409,200,209,-8.551376116864475,-31.875217338005257,4.25785161868958,0.7255097642033057,5.206402791371729,37258.425912342245,0.000849127416174214,6.594013047982452,200,209,-39.75426496773519,-27.79611159955341,4.205019185305259,0.74057119702039,5.391731776169427,247452.23443116448,0.00013688358388939446,6.353682452851187,200,209
AEXP2IBYPZQKMOVKNYX53XVBX5BA,7.622990572257388,-16.75977413258923,2.8439319917818118,0.8724647177194472,5.647226835634591,16856.896567465512,0.002248305279784636,6.090703874287838,556,539,1.6039224492111839,-19.72894222567249,3.371595715089373,0.8457339213816836,5.795437929859138,34141.63518497396,0.001159644985431456,6.000480675194421,556,539,-5.899150437957092,-23.48830507793757,3.9928182458541435,0.8407974188910075,6.426929925530916,83128.94406539568,0.0005757229513326912,6.8360644415943765,556,539,-8.001880490587103,-28.681624711376806,3.438851072285146,0.8618502706442454,6.240681618289702,47906.56784740855,0.0009534543081798089,6.513171058901842,556,539,-37.727585035290986,-25.10573537203404,3.5543362856167438,0.8592279787631225,6.423396939235963,258637.5864938629,0.00018685702951361382,6.345956535998368,556,539
AEXWRXHUHQ3SC2PLX2TETAGTVG3A,8.425608030566684,-18.19662884870504,8.715568904337214,0.7542681255414038,6.640369132889604,27454.774637956383,0.0019429192547303787,6.7042109078427305,121,111,3.327126220321722,-23.989062473529454,6.886007326820536,0.7891355056143274,6.504015697524304,42785.13121577302,0.0011909413307501088,6.339241369247696,121,111,-3.2741011936952047,-28.228355837318897,8.611668934718615,0.7618977884879098,7.159994327499046,117891.18083620546,0.0005081107197268575,7.353422100716631,121,111,-5.825455399329359,-33.60984294287075,8.20072648380947,0.7869963951533652,7.113997893160896,67298.84698740757,0.0009011816219911268,7.185261307919156,121,111,-35.53833910089636,-29.74284263348926,6.715449988863802,0.8046396401288369,7.003041373570405,280475.3636220293,0.00020577447818599851,6.932304201726078,121,111
AEY22LM45AHO3BB43OEE4IR2M6DQ,9.00108427531409,-18.503294484858515,10.074528088690746,0.6507898125068943,6.264133030103001,21083.20941126774,0.0023177623692094114,6.751658228283168,161,137,3.900794605157641,-22.680698530321177,10.768942248848408,0.6308612395712215,6.36029297137834,36389.59506175917,0.001374094267690827,6.313320653332252,161,137,-3.329555047756842,-27.031626030323924,9.616715952624961,0.7017104186929317,7.036433845348296,106826.64288056118,0.0005562070952198001,7.164905850152794,161,137,-4.925997257068456,-34.646130981076766,10.801975452936407,0.6629974913267561,6.877108733160233,61397.924316354074,0.000922362727696435,7.001683134661984,161,137,-35.142025574851985,-27.772314805532368,9.09405308731009,0.6977208701036981,6.865030299501192,268100.9986897465,0.00020970886864407444,6.753100583651507,161,137
AEYLTTG6BD636LJSNQICVOWDJLDA,6.717663464151432,-15.798129269168912,2.201996018353857,0.8466149188186178,4.982725692669646,14964.828180166349,0.0019201393903390785,6.858168635740459,258,252,1.08414293160264,-20.559199188530172,2.0835470629737114,0.8706333517022229,5.272629639002632,30270.559719561174,0.00105663313522328,6.956385827806911,258,252,-6.706327223560846,-22.84143742999319,3.231154139995079,0.838817303845365,5.979846031511638,72026.17251030462,0.0005696922193287293,7.6840149343063615,258,252,-8.909518538655762,-30.397057070670908,3.5221128237864194,0.7970387411272426,5.566903021198238,50713.53466949901,0.0006957101466445195,7.408664562632106,258,252,-39.9692845557457,-24.59340372734507,3.415105783331026,0.8228453871311627,5.89081806470372,258671.23411967733,0.0001545998516656284,7.244427395069604,258,252
AEYVPPWR4CIKWX4BGYKCBCDL2CZQ,7.540845002957983,-17.082723394792826,3.8701768649536237,0.8043126324574648,5.3282503723912615,14483.07533124348,0.002388412955066899,6.31408738263932,324,302,2.459116999048274,-22.33706149285413,4.138363720407579,0.7907824951994797,5.511923058726811,27804.53213635249,0.001295525604845401,6.411447863034994,324,302,-5.200791636322554,-25.1323994971204,3.772817892370096,0.8370937902319998,6.201733910217468,71786.17761808667,0.0006240978616392481,7.198174625716756,324,302,-7.1008829443745585,-31.319182947730745,4.244023430734497,0.810021518411383,5.92869934140743,49379.49102342243,0.0008464710241617557,6.776587708733232,324,302,-37.53912185091499,-27.032501967462522,3.6902968735917345,0.8358675694685609,6.148996023968673,260663.20246410466,0.00016883645060163292,6.749762379698427,324,302
AEZG2W4TRMMNFFAWS2BPQE676K4Q,9.180683941929084,-16.36015240759797,4.994328405313671,0.8297130110714652,6.499897317018599,18832.583724028158,0.0026489269683181577,7.128005451200731,256,296,4.177686243749317,-19.906349520714656,6.6341002238275,0.7765576696341046,6.723619489718246,41909.74550379681,0.001262909826236061,7.037883606177804,256,296,-2.9355902871855792,-23.69863406467933,6.494388391234104,0.8028849460050733,7.378718739331665,72213.66811974856,0.0008640691197973602,7.739520208103165,256,296,-5.308840206956501,-28.893410910669505,9.240910489935406,0.7315735286231523,7.221661284312191,53563.00634563534,0.001147063414907247,7.560884189482982,256,296,-34.52597853284663,-25.008090501674737,6.571226498924027,0.7973885694127881,7.346188516043067,269202.50948767946,0.00022920749902638997,7.307553598756267,256,296
AEZGGDKCIVNXHMK7P2MPDSBOEPXA,9.099019109984381,-17.916052934588354,7.029599410514359,0.7623749590949871,6.417122026547895,16597.546110368134,0.0028831913350175677,7.932080009533033,161,171,4.4082740902790025,-23.876601086760946,7.8270236087943195,0.7027700756058923,6.242188135912219,32348.097522299227,0.0013768314088939864,7.239230214077883,161,171,-2.89179965967282,-26.98448121010328,7.750800173276488,0.7605320992997255,7.085470017124798,74391.60271848636,0.000774669533151563,8.233872513736996,161,171,-3.733883499149025,-35.610272429797256,7.959088273717257,0.7414988083331717,6.798038409736141,53161.20886582975,0.0009861254944333255,8.124781703079272,161,171,-34.5725599390498,-28.690086005002776,8.207095272716366,0.7415532215897047,7.038561496649696,265487.07432285557,0.0002143887119897301,7.889127473953611,161,171
AEZP4MEPLS6JWVV24LLVBVZXMSNA,8.300629566361524,-18.459859989236357,4.021742050094281,0.8052655469878365,5.470342019706187,17064.484123592065,0.002109332866211845,6.24300942488636,158,166,4.0349287187002645,-24.590739551858363,4.986161649662231,0.7585307989776986,5.730266744656885,33386.06213118139,0.0011426922951610888,6.192161242082705,158,166,-4.209072587693151,-26.935599264541725,4.312167743437142,0.8213097192352214,6.35478457732071,86301.17831285566,0.0005473494948534879,7.061371608011448,158,166,-6.042079041659001,-34.63695608404934,4.925823244118822,0.7855637611246803,5.994867767240011,60652.36990327262,0.0007039265249875234,6.537289996772359,158,166,-35.57699069842801,-31.151090055174034,4.965469410368244,0.7876650066342208,6.300703015487508,267426.84222778166,0.0001734513552824888,6.522912296168394,158,166
AEZUL3R34WWAORYARPTJG2X6KC5Q_1,7.9023440348037255,-16.99986872453202,3.0518362555404095,0.8401291488738162,5.405682095249983,17316.158293673147,0.0019978928258607576,6.1439096933741695,288,317,2.540914108984857,-21.58141537082708,2.965196645473179,0.8522316357966943,5.661922548940418,34679.339813294435,0.0010866647048414912,6.279762002199086,288,317,-4.6073418874780545,-26.256632692911772,4.3651928433412985,0.8143435645327824,6.287316698734823,79433.10761090952,0.0005767636273772345,7.022345898396529,288,317,-6.350193906063702,-32.835708807953736,4.067491278447564,0.8207901537137545,6.071424345229847,42774.18429209744,0.0009964251252962868,6.778115190832011,288,317,-36.51166984671488,-27.450627661763804,5.563548591949258,0.7777665315945376,6.502891210178175,262949.0749270709,0.0001873100670345946,6.761278723220892,288,317
AF2ACCKOTUKHIGCZHGHSZXMJDTKQ,9.646882055143058,-18.686729646016865,7.152435889203111,0.8157765866961764,6.908300093223786,24460.933238631525,0.0024060663818577144,8.899665596976693,148,140,4.355352777654111,-22.701139649465773,6.531157256833581,0.8317261791817825,7.025534980456228,45024.82500127794,0.0013435856550162318,8.321841891142395,148,140,-2.4104997141238393,-26.10399398901959,9.98433528628097,0.7678981884368222,7.679239865814035,106056.10484052758,0.0006639469942357013,9.215975857139368,148,140,-4.9111569917392295,-31.75087854664897,10.89434445757456,0.7615105829329734,7.6521222351987745,67899.48079677354,0.0010567406713217014,9.092380096693178,148,140,-34.458617672610416,-26.052119877178118,9.814308847283097,0.769957733676148,7.7065684846854445,278476.71920817514,0.0002540394856189599,8.864843308125254,148,140
AF2BLE54TEMGZ546U763ZHZRXC4A,8.177494816671123,-15.864348284661252,8.01032676914761,0.7628399369265718,6.742233161751167,21884.978035137712,0.0025106348093159687,7.239751805801471,278,269,2.833201615397782,-19.5744227981396,7.877242150370578,0.7467734246841127,6.7039147186224985,41833.64435874765,0.001269400969266809,6.847867447256431,278,269,-4.251840646769329,-24.164701733207764,7.84675006053981,0.7741481667673027,7.318735636640914,88595.6572629899,0.0006966110006891767,7.602659046529396,278,269,-6.827493981112569,-29.515379133558987,7.1546941824582015,0.7941060817755019,7.190876014434698,65589.93333482732,0.000918509103523574,7.555608754395521,278,269,-35.94895730306355,-23.998839627551238,7.04037842161244,0.8019082896688425,7.409104934971919,276540.47773394035,0.00022996678204187973,7.372843504496023,278,269
AF2T2NURQISR3BHXLKR647ILUOFQ,7.788082302463135,-20.057343071907113,4.648365001816887,0.7483534025425858,5.252465306266771,17133.658466934077,0.0018921874112468498,5.711394595790727,149,138,1.898420993035352,-24.871592866600043,3.7275207997289836,0.7758729693671331,5.187320227955694,36930.09333142483,0.0008507326285787715,5.460893825964268,149,138,-5.779404197428231,-27.39905106939034,5.079604839029316,0.7542579317800848,5.910578478411769,88169.9854505728,0.00045979182409340867,6.272093759046906,149,138,-6.998637047261154,-36.16442357330739,5.029134151126075,0.7466658134142266,5.692387118992432,53256.44003344149,0.000702167243803692,6.015993596030449,149,138,-38.78223376574926,-29.439615860326395,4.8501852669326,0.7557764838886573,5.828627344748963,267099.40369570296,0.00014682162378328083,5.80810450113309,149,138
AF3OWPUMBCPUFZE3ICY25MOCL2BA,7.095644730473084,-16.588301401041225,5.571750804481942,0.7377279706710761,5.347379033041581,18803.88443664827,0.001891324376067299,6.2605904755737205,351,350,1.6756067626656483,-21.00839715900753,3.656573497258337,0.815389239085005,5.465203279562206,28548.018767331814,0.0012630382130730665,5.984535463235781,351,350,-5.60153128069569,-24.656800617442645,4.859118639468879,0.7832146406655137,6.07957330998088,77929.19374542695,0.0005609120960693122,6.802825670804613,351,350,-8.764170079049322,-29.43979706954319,5.686785255743613,0.7451548707231546,5.831359808836342,47920.14652336315,0.0008552533853881642,6.499542658173594,351,350,-39.0385737901412,-25.6306623386514,4.885458330203576,0.7689696850436949,5.936581775305462,262435.26459692244,0.00016017366680578642,6.330115918014338,351,350
AF3YEJ63COKWZNJHQ2JQP5B6AQ3A,9.510569955644485,-15.878095342157826,5.6648625018451,0.8736421201443182,7.146812640414286,20070.42789066259,0.0031768689473522247,7.467022070236634,459,476,4.78805890498452,-20.263199017452667,7.073799383886785,0.8692096579427171,7.636610868802267,45949.16962127242,0.0016107984560749095,7.509179879001309,459,476,-3.232974694368225,-22.867779272421505,6.7181062033789605,0.8662115464092979,7.889726479396493,97138.0860813141,0.0007726713970581873,7.961965025829383,459,476,-4.375009253755487,-28.32106589931361,5.380778294204529,0.900307814458945,7.871357533876576,66650.6581730212,0.001144977469350759,8.077062509231396,459,476,-33.44324989369335,-24.161633169486542,7.415819118956975,0.8449600566915768,7.8037898846737335,275322.4589140997,0.00026821917375556624,7.638078730218702,459,476
AF4D4XTHGULOTY56CV3C2T5WPSEA,7.509011177602234,-17.879396683850494,5.523776976326122,0.6947633546480518,5.183288656056302,15350.355072429651,0.0021007595367633363,6.391402752066013,178,175,1.294958548116647,-22.661123824475226,5.987773302991352,0.6822317112766325,5.388917868831495,33548.7652844148,0.0010124985518597481,6.253688029200351,178,175,-6.439831539305386,-26.671124571438558,5.552695504161125,0.7210433072248961,5.831220624893473,83394.8598131634,0.0004688183119791512,6.994656664629872,178,175,-8.631922203455014,-32.4240203894302,6.272366606061209,0.6852672982313599,5.692861612494603,57458.194361528054,0.000658883203191421,6.733523042923188,178,175,-39.41122538437746,-26.298952052350263,7.109686504081065,0.6655497367019503,5.951463469364313,269254.54688557325,0.00015502793655153892,6.5724157366088924,178,175
AF4DEGIQ6C7TB4CHIWRXZACZOH5Q,8.176849225651633,-19.224916345125134,3.202103318453766,0.799009065448393,4.960362538300965,14088.870721689782,0.0021349584024636646,6.8365300522549175,264,260,2.2627197268738395,-22.64522567729025,3.2706984577566693,0.8051420878430554,5.254515709423987,31182.097884849445,0.0010408175813808207,6.995477726860142,264,260,-5.170875559097945,-26.91301627135222,4.014491758237015,0.8029462029825098,5.922084991898243,79466.3494834238,0.0005070546987408364,7.630114350298698,264,260,-6.842892804015782,-34.82185620340464,3.588737273608086,0.7930268018255309,5.442742957129407,39988.98355652642,0.0008626711030647698,7.3138967244756,264,260,-37.6251673599034,-29.71729515224227,4.512361091654214,0.7691204467741103,5.798413490552548,254481.7386642288,0.00015574747551407543,7.14347850355867,264,260
AF4IFF3OA55YOWXILYETWH57F7UQ,6.413934994628847,-15.61849171046064,4.885623512626291,0.6911733430344076,4.904337726922339,13792.939202581338,0.0020986364529840974,5.879224623365893,272,259,0.5348918954344704,-19.723557674642638,5.374521967037281,0.6850362498948255,5.2098659867584525,33733.37090521842,0.0009647668201725115,6.003363979007532,272,259,-7.092712795749406,-23.582479974698465,5.667053764220257,0.703549658868956,5.710958163409539,71066.21076813873,0.0005359558643783503,6.771008880638945,272,259,-9.11591278349275,-29.869255175002433,5.375271677502789,0.6906438691351715,5.40998058872048,41492.75115392452,0.0008307856851516634,6.359842505296368,272,259,-40.10689675386418,-26.01509034582254,5.39781729088498,0.7002936584982484,5.636633172609256,258295.1697844097,0.00014322698552298198,6.269534388232267,272,259
AF4JG6AGQZ26FUBADCRC6CZ4Z26A,7.95934857626319,-20.077583556942553,3.8998779189767543,0.6990684498388943,4.767912172239469,18670.390897474208,0.0014185009981650789,6.594136335968737,77,100,2.773854721673038,-25.657872737748107,3.6138772011762543,0.7432446110198836,4.907857237782438,33362.95388954808,0.0008400464384301552,6.949066374865859,77,100,-3.290771340176882,-32.411647096492665,4.730684110657117,0.7413468298122432,5.6651755136179185,85598.03008999005,0.0004384150338948734,7.986658374050532,77,100,-3.411657126946344,-44.8504322501579,4.5930467921699485,0.6808484635126975,5.096650179074507,50240.681209627925,0.000592771603831902,7.203179763644212,77,100,-37.086480730329505,-32.68867269223465,4.18798628863364,0.7588330455291782,5.667886602547168,284232.9605027256,0.00012991117673079268,7.3942072986916845,77,100
AF4MF2TEL724JVL42HY3LH2EZEOA,6.996672384702839,-19.938173618151193,3.1019850529591424,0.8390459107818076,5.077839183229348,23597.87173737015,0.00137497386450489,6.185987071960634,170,161,2.075198129930767,-26.653216278205072,3.2033898578311915,0.8383808612472944,5.288984290026231,45750.037374276464,0.0007467022280829095,6.268669647213284,170,161,-5.732142613499658,-31.209362709170332,3.6982333967831607,0.8201675804232739,5.623858960489382,112826.81098350215,0.0003369640321955845,6.496219813625262,170,161,-8.498022196017079,-37.99147826832934,3.988400043932025,0.8201473683789274,5.626332350020228,65664.28848472268,0.0005909889582143564,6.591183545242478,170,161,-40.034692313099896,-30.904186855347824,3.7940796141349704,0.8176854420093481,5.697845765609809,278395.65683040716,0.00014078740992877776,6.322247293829705,170,161
AF4PPTRCKDJDOQSJW42JPRBVXZVA,7.431717699578931,-17.681975059139262,4.262047124402566,0.8146589777030689,5.291825656534503,13162.075019887334,0.0027148245157059695,6.508870193590795,177,171,1.8551023279979757,-22.261301356215473,5.189043074379518,0.7569806421333083,5.3476301397988575,30996.483636136614,0.0011600016944508513,6.17838205224843,177,171,-5.855436772411695,-26.749466989371264,6.502935386336569,0.734143529130552,5.9306115377716155,87994.63584096883,0.0004851296154328071,6.720215774370131,177,171,-7.6872738004394625,-33.96758697935077,5.362490230461701,0.7819995607644068,5.740992008573034,56603.334043605784,0.0007345234748359603,6.61382636289501,177,171,-38.22198070430316,-29.86448541104955,6.186771205991328,0.7344843208934491,5.743311116499074,262110.4534061538,0.00015619663460571392,6.522590561766301,177,171
AF4QNP7565O67RE7CFPRZBS5D6LA,5.351339606320628,-16.23542268720702,1.9725929860483074,0.8508928312838084,4.457888394781417,11700.655438892383,0.002029573811935363,5.943104503655702,356,355,-0.7641459022926708,-20.31938365562647,2.6126320640164375,0.8143523532047982,4.691603042341916,27182.872263521775,0.0009604157636186827,6.164453797173237,356,355,-9.07842714255097,-23.79987561021109,2.7352588309048587,0.8301566391189216,5.184401676317806,63507.16529177881,0.0004919295173832845,6.9607193396876985,356,355,-11.191739591344755,-29.589559080166485,2.253062241750308,0.8418082777151251,4.854744981357171,34122.793682544674,0.000810016394298168,6.457887106515978,356,355,-42.5050982238743,-26.45974959521457,2.4269158264551667,0.8394477756172548,5.081998546876295,251350.7970564511,0.00011948327645879224,6.3203147820117564,356,355
AF4UB2PGVLHK45WF7I6OED36OQDA,8.158671151523064,-17.145669917935216,4.735545548808139,0.8153589648756128,5.901678267420815,18241.844435257495,0.00230079413914722,7.72235094136233,263,235,2.814384416395091,-21.31965817918878,4.846762830244903,0.7970622231259319,5.925999690043998,36825.168441690155,0.0011290821191250141,7.021906478690498,263,235,-4.4350894202622975,-24.767695012808776,6.075065087397752,0.7756651445979932,6.727684483317253,86239.64050157908,0.0006014365838658063,8.073999416605252,263,235,-6.093320574917528,-32.21776683879855,6.226944343280221,0.771355053861018,6.400694113209815,52725.33586532298,0.0009125976930442273,7.941202468518081,263,235,-36.75287729259875,-25.856545570749823,7.802018801950824,0.7242974769451409,6.714532683934421,266328.7202091102,0.00019758099084488305,7.838681886255978,263,235
AF4WQGVF7WVIVMLLTIX4A6EMMBRQ,5.881339896377074,-17.83396302742589,3.8249773773768707,0.774133682380854,4.905701118484367,21450.850298003817,0.0013402378069984698,6.255948500307354,127,126,1.2267379448335618,-24.88252611866486,3.9587429253381443,0.7512868290599615,4.954401268979998,35210.098789548305,0.0008096279311811119,6.111362691660754,127,126,-7.361502308057942,-28.080596863309445,5.465409497532881,0.7068823763722757,5.554093632508079,100397.6268451379,0.00035527917470879985,6.563529095749334,127,126,-8.063225932680444,-39.77527731464457,4.315387870586096,0.757330715059784,5.3424625577362965,58625.687036556476,0.0005642468400625732,6.543955689469231,127,126,-40.135597192664875,-30.598238294619435,5.050257681917331,0.7323676571606256,5.614327058556582,276397.7543784816,0.0001315863629925944,6.378945052963375,127,126
AF5QVEMAHL2ZN7BTEQ2QXX6HJSMA,9.476640354124033,-16.6838061872387,3.6612114015909567,0.9108108204195312,7.076727839363737,21046.997060980317,0.0029146868851059105,8.63319935186645,402,437,5.297435302509091,-22.23580059463459,4.947445967132553,0.8858402374648175,7.318700995760245,42245.33869040281,0.0015474031555245986,8.441135878301589,402,437,-2.5815925409589617,-23.791486288086986,5.617987744915842,0.8745184926549366,7.750506648448826,86913.06482691896,0.000825338548852689,8.964976164834994,402,437,-3.897589529142631,-29.692263725485073,5.427286385022663,0.8825419554240657,7.709570002495555,55222.378082420306,0.0013020689416433228,9.003313101318964,402,437,-33.41900208601333,-25.38119059748269,6.044813433255429,0.8628843369882193,7.7587187295209015,262699.2260695664,0.0002728805753466005,8.687194937907396,402,437
AF5TD2FIKGIYPODNQVRGRDQANF7Q,7.924687484375003,-18.07038728111168,3.0018892153434673,0.8719164428250732,5.811387333979684,20645.58300676695,0.0019299612957762455,6.230627901339985,204,184,2.8898658863347593,-23.33065193991721,3.981512425669349,0.827051435592924,5.873293254608205,33941.29723401364,0.0011977157784015548,6.06715615327756,204,184,-4.226911874261224,-27.058796840688668,4.551818024796685,0.8242709981838426,6.52116882393849,87256.2437198363,0.0005627728129576492,6.9425325981909385,204,184,-6.453765978157661,-32.90944974134369,4.12584491593053,0.8375483280969636,6.302586485773714,53479.96294003451,0.0008632405477617076,6.590291268085602,204,184,-35.945911672940305,-30.16867188798226,4.333258604045843,0.8257254491423377,6.425777059826657,258721.5389909012,0.00018403569855030295,6.451917165787529,204,184
AF6BAP7PONMFFA5LTZZY7SN6ANDA,8.73925252635468,-17.204926904491813,6.346523220330312,0.8284508512039634,6.779099915161339,20168.42149043714,0.002731784436575132,7.05091941753893,442,461,3.5029134944871863,-20.39175514387977,5.396821155270208,0.8491286884607882,6.884828061792695,37995.49194815789,0.0014798389792298457,6.766990820224804,442,461,-3.7703512828869115,-24.40279145192579,6.929385936776198,0.8274746032319551,7.4851571340354655,80771.41518597926,0.0008081831648589625,7.587109531090057,442,461,-6.038210277649614,-28.63708148751459,7.536275856750733,0.8144332723347218,7.356490235555165,57480.06188985747,0.0011147564153820792,7.356780229323381,442,461,-34.885293802321044,-25.282845898680147,6.375493753363732,0.838455754075141,7.459639208448495,271284.4978807807,0.00023888512138880348,7.236211417322021,442,461
AF6EOOWDGXOGQSENWNYO4AQ77CUQ,5.693412253534613,-16.284151167470945,2.2248700102203647,0.8229877684356606,4.476302047523699,13255.055167314058,0.0018124732851805725,5.999093524489936,216,230,-0.25654625144496285,-20.786978304072676,2.182407267572438,0.8253918879084227,4.6096137284281955,27431.39128925816,0.0009083111329918943,6.136400625202144,216,230,-8.266665804093048,-24.117602189308545,2.382679392250004,0.8433505997511166,5.187292087917932,69968.08277869465,0.00044651501920167473,6.610723765911063,216,230,-9.79025083726315,-32.75401710285012,2.6155378456881424,0.8135180103577611,4.897696360321716,42835.092717583495,0.0006592270224081333,6.386413143879948,216,230,-41.22460958876842,-27.877666621807617,2.5439459167520244,0.8205634541952468,5.05127059966113,255143.35184963563,0.00011722052218239019,6.081213740538652,216,230
AF6PYKOUHORFC3TLKFYFD33N4BFA,6.1825370148321195,-18.48811105757854,4.084144542084099,0.6328120072757499,4.339050277988529,13328.69466611403,0.0016840653899673939,5.729972622191091,187,175,-0.1946523350663743,-23.658486760662697,4.240396427755708,0.6658126488478677,4.5408442296906495,30431.2434386105,0.0008124597239774838,5.728601666348907,187,175,-7.6042190438798904,-27.245950906504067,6.325373323363711,0.6309705621162782,5.276440691047788,78045.93297606977,0.000425638357193184,6.483714292753337,187,175,-10.093512002066424,-33.11765893867262,4.554099930947708,0.6768454102647727,4.869064413117701,38842.26282897221,0.0007322626774809756,6.0742411938472936,187,175,-40.45470457824529,-30.328618858468307,5.502579962268941,0.6477007005692272,5.154885944406914,259071.94605013204,0.00012374490095084346,6.023421831239884,187,175
AF6QHJSY6N5MMHTC5L26QOTX6K3Q,8.344463772654514,-16.160089451308874,2.3645735084665085,0.9032558126698853,6.0337944372867,15600.462303498687,0.002678302390614319,7.995528111302482,367,332,3.0710794447861427,-21.00944311509513,2.635434281057025,0.887042654688456,5.995184185727539,35966.14137404581,0.001162490257163733,7.185393386566287,367,332,-3.8910979432508057,-24.570901287789905,4.425111118733981,0.8299115993060598,6.69185122400427,67832.99088321175,0.0007421819830590016,8.240267323330777,367,332,-6.160508062009663,-29.914221527779482,3.101012710393223,0.8814297189006012,6.500130725722427,46573.84860365822,0.0010427350633431967,8.074461014581829,367,332,-36.005338004346235,-26.231561577890137,2.9233827066637113,0.8883898042505859,6.6935100295182846,254313.7442034142,0.00019996141871554812,7.923071014551854,367,332
AF6SH3CW7RGUQCQF3P3EHSTIBQKQ,9.07593046284954,-17.64139783252033,4.7885680422814,0.8549420552986647,6.663179909201666,20000.711160280465,0.002613771268230191,9.121401626850222,195,171,4.378534739720051,-22.72591028780853,5.956474020555946,0.8150672607083727,6.651157586051672,40532.55269209047,0.001296525889487328,8.429100233321938,195,171,-2.5227167892721725,-26.675945044411,5.083956127916746,0.8484091373677225,7.131421413325574,91032.5991718962,0.000651049789787589,9.165598378497116,195,171,-4.550757845323224,-34.52930651926119,5.309019803005499,0.842438564807505,6.898438838333097,57753.997460903396,0.0009761643581008539,9.04248921025086,195,171,-35.16044274872502,-27.99352015430886,4.2259462111123405,0.8703088330408866,7.153134837691901,274746.33902732993,0.0002129553917221291,8.968408661552507,195,171
AF6SM2ESLD534XWS7P6PFSL257CA,5.702951310797783,-16.639022365930337,4.225309149226845,0.7443352394263757,4.956493830596786,17450.234935654596,0.0016562298367565767,6.485658169116661,297,323,0.11162235728910858,-21.156415141989864,4.02880881225951,0.7624087611816914,5.2317955292195,40527.044837606496,0.0007754455318515137,6.673370972506473,297,323,-8.033168959791514,-25.039420727570175,3.8750530658652056,0.7945092857120345,5.6930063823922215,75840.91215550117,0.0004834948678893547,6.914037591860839,297,323,-11.611985804491804,-28.913050859148385,4.223983004618686,0.76873902396637,5.490322734012407,51530.284663359904,0.000665639204541985,6.834178628225354,297,323,-41.4795294053878,-25.812232172176007,4.04949388553596,0.7828456076853816,5.630439317736592,260569.71479932198,0.00013987927412377962,6.731428710010109,297,323
AF6VZKYEJNO5IW6KCGKGZBMDKORA,7.069739275105789,-17.97455054024849,3.127686340659017,0.7825234077365555,4.791413713842651,12991.640707946355,0.002053262784865844,6.409919731887177,222,231,1.742543977122111,-23.36313208947191,3.0686023914085774,0.7831495289473532,4.972072924610952,27724.28559645019,0.0010118257433108474,6.477445564850823,222,231,-6.060314606366547,-26.34791203718405,3.146506322347692,0.8208403830049913,5.657007759032008,69851.40083996233,0.0005204737037031553,7.266739569265756,222,231,-8.389767950454985,-32.47549455949527,3.8882092601616383,0.7626757683277224,5.329691853918821,45032.07088456857,0.0007299394069018084,6.927886568002611,222,231,-39.50228487745063,-28.968993289239947,3.1780038296264297,0.8052796341357931,5.513309581297213,258785.2272267378,0.0001338834138690667,6.474162701379664,222,231
AF7JHO3LOD3C24EXXXVTSVFZCTZA,7.838057164975923,-17.60288011034331,11.379154629216991,0.685583812569948,6.407421628211018,21634.137208043765,0.002434937676275968,6.955364780066624,148,155,2.9627658135853525,-22.674350231138767,10.847720962237455,0.7173520260452714,6.643481594333353,44733.79735791428,0.001274994199441799,6.777815980694342,148,155,-5.112738431026016,-24.982578811768537,12.372565306037881,0.6865213185330078,6.980067249309034,107401.4530666841,0.0005711152977988086,7.284428161448817,148,155,-6.4028472000255,-33.178865695420726,11.810029418304412,0.7163351017818353,6.943513931627984,79802.50206437298,0.0007784662463463909,7.330860355904336,148,155,-36.98227366129492,-25.462660353062844,12.77368264929246,0.6652550171481517,6.868830438576256,276459.81216162484,0.00021555937363264488,7.078045081471303,148,155
AF7P3N4WIHMAVATNPD5MCDI5Y2KQ,6.611588247236423,-18.60989911207113,2.3289079770626784,0.7771336241424104,4.201805384305801,11023.927934695526,0.0018944569289717442,6.12895642171561,338,330,1.0714739761744596,-24.16977914710111,3.234918266786239,0.731959707493181,4.501108175110585,23732.0516501637,0.0010061050084758268,6.32635496026113,338,330,-7.366540257258866,-26.058301114946808,2.8084472252457684,0.8246046945899957,5.17567713130462,63144.07521886648,0.0005026305618850639,7.077123105768501,338,330,-9.040435550697755,-33.35501096979908,2.778300702290974,0.7956921554117583,4.778205735065491,37275.37695340827,0.0007345436711215976,6.603022718113253,338,330,-40.16737572006407,-30.01687050842443,3.025878957583298,0.7890415369877781,5.037732884699856,256619.45713215225,0.00011611743041716324,6.52297114229609,338,330
AFABYMP565JRM7UTWNGXF6E6GL2A,6.367393987359327,-18.90999269684872,4.973990508925895,0.7433002102569117,5.085285741147731,22421.79572161318,0.00139600048043249,5.586732930143698,75,82,1.02878596624064,-25.96570002345946,5.22618070006052,0.7094921782127046,5.044863028730027,39406.64281974556,0.0007748313049833461,5.419605611624587,75,82,-5.898558568303783,-32.782012757727394,6.401505950469095,0.7097238028361854,5.669872321363138,112438.96660264616,0.00034255863515522656,6.201337555683212,75,82,-6.681301541490593,-43.91688299948493,6.649362762513182,0.6691893252577363,5.355271559100285,85474.35543614786,0.0003965579671147691,5.917013310747176,75,82,-40.202443676840424,-30.45665560716632,6.500091001891,0.6996067026912856,5.667341841949892,286049.5052720185,0.00013322435185106983,5.923143585246051,75,82
AFACZSTCNX6VMUJQGUK3YVE6CK5Q,8.48464035861274,-20.495083947055946,3.9575462641296877,0.7818279677942743,5.088503261605031,21889.09003120268,0.0014464005859643762,5.931040996041849,200,156,3.58287750330658,-25.50528700965285,4.170881408718916,0.7878705177301734,5.466797979279366,39675.324838954846,0.0009026933620916572,6.085773937421718,200,156,-2.6497603053674754,-32.99496822111812,5.059191800980198,0.7750204649670572,6.047920988966065,89243.27596543176,0.0004813900604712727,6.610063086982034,200,156,-5.084301711141764,-39.22108723247677,6.196809847944635,0.7022572007609728,5.7424405438307975,52390.25297242354,0.0007471171481060959,6.3925577796462685,200,156,-35.28839418176936,-34.5210907735243,5.371607653257243,0.7467416446176232,5.934317755993812,273036.34665221855,0.00015281513775383912,6.241597590724729,200,156
AFAGLQ3MJPGL5736PU4ECCH6JIDA,7.6669216533364555,-17.08608720850619,2.545438646057362,0.8881985032985193,5.617162170729206,17442.77464035306,0.002189019871085646,6.283675403289613,551,556,2.1235801102199097,-20.543483700427796,2.3920333355385535,0.8922987883582318,5.786808703048122,33058.98570682819,0.0012055555440609314,6.2969136174723195,551,556,-5.042966182189185,-24.25995320760333,2.7363865961412004,0.8956722039398864,6.476813240717943,69919.94687163176,0.0007011205355051483,7.161487375661512,551,556,-7.448792906702241,-29.17899650670406,2.603159626567039,0.898869618995435,6.219995916994444,44340.78031626556,0.0010359774895599715,6.862455777307113,551,556,-37.24630020459238,-25.98958218921725,3.093589206101822,0.8795816785638743,6.38714211952596,259085.50903573903,0.00018665107573476023,6.651794108915854,551,556
AFAJBILA4IKTWI22BUPLOQY2H6EQ,8.16765766912217,-18.635720096112532,7.815812049054085,0.7183776934615147,5.882401915018752,28592.014603367006,0.0014638113055562114,7.115713238571918,86,78,4.702439582472313,-28.830386520318232,8.360376452696014,0.6728304939667937,5.81074986341401,57161.08056829555,0.0007150491448663844,6.600247105130897,86,78,-2.5356947221908723,-34.059152033461146,10.078086884912683,0.656179496665622,6.358081931778963,88070.1164234648,0.0005501668178203614,7.7008135208114314,86,78,-2.558955997716988,-46.92018300643097,11.569304787378957,0.6317547504257774,6.367413710245761,96724.3800388854,0.0005004246038234851,7.443362853072361,86,78,-34.91499714736526,-34.50176478147284,11.275488686928817,0.6230054770535758,6.40711198567359,292166.48818778043,0.00016857589535147421,7.2312663615886725,86,78
AFAWMUZHDWA2BUULOOOVMF3RR6QQ,6.432276317493133,-19.09358952363329,5.310345565211466,0.6803572181382991,4.794289043878676,19292.999364628005,0.001489820132045919,5.9530068819475455,130,137,-0.3570152792155975,-22.045194703915158,4.859985936825537,0.7001326171993889,4.9689378450035155,37326.452760228996,0.000802103022453142,6.046193161682555,130,137,-7.612357306771689,-28.203755578584605,5.328026277466722,0.7056328293048371,5.4315983479137335,80455.24129262447,0.00043557879269808854,6.48776857703603,130,137,-9.745353515457538,-33.883802183188465,5.906551878011321,0.6833209211115217,5.274853208900131,67648.24802466905,0.0005033268044895556,6.401307303088866,130,137,-41.31129529303732,-29.474943734304865,5.37915561809408,0.6839367690261875,5.340769931857445,270548.26114519534,0.00012427632674850075,6.178580328561143,130,137
AFB5EMZ7KD3GDB2FX4JDT3KRS5GQ,8.726416499431199,-26.122335712458796,5.429981361125724,0.6481776270802233,4.44286694203481,28265.86652448514,0.000935856978505859,5.290733072505911,75,90,3.654257982163013,-34.13461362153123,4.856816612067113,0.6486289941467565,4.442844967442988,52732.51895869189,0.00048395893060937904,5.405569952211781,75,90,-4.224522926088897,-38.83720178592336,8.864418308807716,0.49484933124586195,5.064382903972219,105122.31369530126,0.00031658571986556915,5.967672606780735,75,90,-2.1843878110400357,-56.97405682114859,6.337572912180655,0.606257936396543,4.814575968588866,85377.81573034855,0.0003431385483352832,5.7187422357466,75,90,-35.93070097868049,-45.704118337949886,8.045894383903997,0.49537896251538993,4.835763995830871,285500.3610432582,0.0001067429676095371,5.658004378676179,75,90
AFBR5VDMITJI24U5KZRYEPET3TJQ,8.014772382151953,-16.195320586374574,7.233772476047414,0.7010896009389542,5.86614093187438,17505.39487793551,0.0024542944282339232,6.4924170190570525,210,220,2.762566191806813,-20.83697075249195,7.762486103822426,0.7038361106860962,6.111102614701554,37721.99711031711,0.0012359091059197676,6.4428747196374,210,220,-4.903321594164274,-23.45216342433758,8.417710357753739,0.716344052803928,6.800745253668262,94605.85005642161,0.0005897755295824742,7.131033138329656,210,220,-7.153927191141263,-30.267156721645236,6.93157089271434,0.7500904899049282,6.546490788947613,62280.21382052225,0.0008262094245903251,6.884746740707798,210,220,-37.27790316932849,-23.894501762140315,7.755194728958776,0.7167553141915042,6.6421816906147555,264873.8077834913,0.00020327195634052097,6.729702122393413,210,220
AFC2ORBDTHTTGKUIJ5GBTDI6ULQQ,4.50235113388463,-17.235425990078213,3.14090784743995,0.655397606573606,3.995347657138088,13706.566932096977,0.0013564693087865193,5.720827499401078,92,92,-1.0485352636588325,-25.99304220965553,3.1946512559799007,0.6851517679558746,4.156842174571986,44479.013195673906,0.0004562953785521756,5.789426872255389,92,92,-8.567289714434194,-30.96826233168912,4.033010504110664,0.6445479254977009,4.5703848559756475,77626.69126408627,0.00031145786374832667,6.247298720561047,92,92,-10.667213797562733,-40.83403821416585,2.699559982704054,0.7514945310635863,4.3621300992218,54049.930600946755,0.0004079045728761151,6.073972383562811,92,92,-43.57720885150777,-34.00179631184204,4.305917178136521,0.5974368728936539,4.486316715263032,270374.77854556,8.58513895513753e-05,6.013720928407177,92,92
AFCAOJBDIAIIQUFMWEPZ4NCEL2PQ,7.644678261911189,-17.144238019062783,3.134923832606179,0.8773207020432002,5.77708472961107,17029.541398931804,0.0023506464269334774,6.43273989812589,398,384,2.860516623413132,-22.72223766882513,5.616426877914125,0.7835685928762584,5.9234662111728165,36054.45915428763,0.001173878065145919,6.133658126269277,398,384,-5.330180896235425,-24.901384508042423,3.7924109113964857,0.8621019405153718,6.353989213547343,75629.48649071058,0.0006337028116521425,6.778817122138478,398,384,-7.386340027555353,-30.990690209068124,4.206867701494073,0.8522879098902388,6.311079210013353,52129.11286452218,0.0009131967674786351,6.754537823394741,398,384,-37.45018442539848,-26.569330107070623,4.830143244595314,0.8195021084318209,6.256632359348545,258922.0581491422,0.0001800425806762635,6.4708758161267195,398,384
AFCLMP3NJA4M2KK7VX4QOA5Q3RDA,6.547485967087165,-17.24263960412809,4.804243941161136,0.691597407880347,4.889059924271824,15127.998992182771,0.001923478126609132,6.090161821867038,169,161,1.5953744176353086,-24.899726602714242,5.720787322171687,0.6329492054494487,4.972855472905963,29037.04815591144,0.0010220207513925667,6.036878703447351,169,161,-6.06858455267933,-28.021369070116837,6.800720540717354,0.6429573968409876,5.63743263558062,74926.4971994792,0.0005118897730292697,6.646408212291399,169,161,-8.726071119982377,-34.08702185745179,7.14859346748985,0.5991856119707996,5.369041801421965,47709.00554281641,0.0007204289070951146,6.4174623307698715,169,161,-39.79403650489329,-29.834557426208093,7.21266132700813,0.5985245890989581,5.467346326413258,267417.26890209917,0.000135079634925254,6.2062340157246165,169,161
AFCMHYJTBQ6PGQWDCDWX2KP4GJ5Q,6.202863207114704,-17.426832407244483,5.520911835009079,0.6329994235189522,4.782832273314171,17776.441186677574,0.0015981413346707384,5.788636566310253,132,128,0.6993863360372872,-22.094225273784346,6.112621330438763,0.6340812590999612,5.022898770228807,37116.73234458498,0.000844518086600788,5.85078003811419,132,128,-6.914414512103913,-26.534139797119124,6.750221781522953,0.6346054882234504,5.50106043034822,88153.41328996065,0.00041851068314203803,6.222308775308693,132,128,-9.23416817803893,-33.192699270834666,6.462144373588939,0.6326160406239902,5.226056099989359,54267.27493101778,0.0006245477292055491,6.122716002178288,132,128,-40.47177332618763,-28.61257303478218,5.498745852210786,0.6704360021863135,5.384410624196955,266728.1807285542,0.00012955884165972197,5.927428475850301,132,128
AFCMONQZTRUTDG6AETEXBRVA47IQ,7.846759725810459,-16.932007627711084,4.685797372876462,0.8065229315935596,5.726036652862553,18265.784958506174,0.0021549596935677684,6.552362007985839,178,225,3.228172601949076,-22.979729489207116,4.451350415201902,0.8134672475815274,5.935315193974597,36194.75084197022,0.0011371017251638423,6.416384683015558,178,225,-4.549814817199375,-25.402200221547243,5.8156653051214535,0.7880887153751004,6.603002942370236,77652.28784807443,0.0006514361796889868,7.175761467532877,178,225,-6.83413810904363,-31.523791442596767,4.415782357424725,0.8255057732676537,6.151320040715538,48148.87384464282,0.0009252252710917743,6.736655569309614,178,225,-36.10884890216312,-28.06761798436881,6.319328921002965,0.762841323245698,6.488797090617193,263315.89922532154,0.00018635893135000463,6.7572487448339125,178,225
AFD3QKEFR4QC5A77SE52O634AH6Q,7.214715271213272,-19.43039342819103,5.148152054165882,0.766460769928296,5.562328786974607,16538.79309673419,0.0021975951779131435,6.2027010142648695,96,105,3.117887159129299,-28.03386189562402,4.802010286864012,0.7735815228189762,5.539895911858231,51943.67996230161,0.0006883226565867762,6.0307813233604275,96,105,-4.096967050577748,-32.38506249258421,5.323062233860968,0.7838600046484914,6.210014229783592,94238.38333319983,0.0004600421900378935,6.7989315870067495,96,105,-6.274986648148435,-39.28719048587351,5.177498882523299,0.8002962487554109,6.1258752534598315,67550.10194139992,0.0006497639881776643,6.550477417907176,96,105,-37.057009587604455,-33.014490621499746,5.100174562182157,0.7905498898969788,6.1581723920948015,279803.51296012074,0.00015612898323118878,6.392979065893505,96,105
AFDDELZUNQV2UKYDUHJ27QW3IBLA,8.330443142225253,-17.19345322664379,3.4694117240326054,0.8765685570443553,6.3207316057733465,20539.05674589574,0.0022381284745264505,7.5681389941149115,148,155,3.382889319505769,-22.507086398048912,5.469800336133035,0.7912416430521881,6.310101640705076,38763.693002828084,0.0011649354373413365,7.067824872724356,148,155,-3.6825324811231264,-27.273565777759945,6.080706481459743,0.805520518712224,6.975482804475266,92068.10763453654,0.0005959576998150934,7.896361226751102,148,155,-6.319432001205688,-31.533896135351455,4.911566960756283,0.8453249469390632,6.851556719355367,58395.58655364776,0.0009245394711504882,7.882697904377286,148,155,-36.010994601279364,-27.352487568373167,5.4381850628771184,0.8224915177583433,6.958788593997014,271721.94597615366,0.00020160283550542548,7.728172899741668,148,155
AFDNVPMB44ZS5O2CSJTL47BI2QTQ,5.46214720813969,-17.88482180636199,2.063053930148881,0.7872068112699742,4.1246809278043814,12913.711462297064,0.0015427264265773974,7.110450316019026,295,289,-0.5911921868951309,-22.88007568050174,2.0342553124477116,0.8206292216108109,4.408446913447251,27759.85693605969,0.0008194211402455675,7.355515148512653,295,289,-7.750933675783329,-28.514121889822572,3.1085618880317107,0.7834384051256117,4.970798589393771,70148.66546771151,0.0004091775698344996,7.79136763912236,295,289,-11.471075416550411,-33.38988189876666,2.291634294470019,0.8041322234819637,4.530007104537963,37465.97479890915,0.0006398922413195917,7.616512834634974,295,289,-42.17347658011256,-31.17881405856097,3.007037691900612,0.7683371722003292,4.85599966802738,254404.17848848764,0.00010780881129502727,7.110049524507688,295,289
AFDR6DYNOICACU76IFDVH5KPNJQA,8.107395031416525,-18.497600809537616,5.820030126905271,0.6290892693427532,5.09377300458866,12537.112762624372,0.002432938561255331,6.146801353234683,162,161,2.965975550773065,-23.629771399786296,5.556108067030027,0.6787258888898559,5.371513089541136,32620.0936192529,0.0010326742593961978,6.200619751323296,162,161,-4.268404410889839,-29.199210387019757,6.224624608293182,0.6974071832205546,6.01579073785128,81418.44830424346,0.0005075578477660099,7.097547179883729,162,161,-6.113444493123635,-35.64740305043163,5.629600175995521,0.6910280162737231,5.640835845431791,52276.85525331779,0.0006994073398779649,6.585697794524173,162,161,-36.413905645390614,-32.09907635111222,6.8567918639221475,0.6291320082292393,5.787147792518952,262887.4332695271,0.00014611038062704263,6.41863329501427,162,161
AFE54MELB5IGFUYBSOBGJOSOMEPA,8.412295550819792,-17.043776861774532,3.0866150727364747,0.8724402129475929,5.697862818244407,15942.925074909484,0.002472621027173454,7.178523772718773,410,436,3.44004397356624,-21.264977973075574,3.2766141104455904,0.86304125517972,5.827853822812915,31116.848334293678,0.001311143704683518,6.978627007278329,410,436,-4.001569458750472,-25.003839525598337,3.5261941139648605,0.867843289853681,6.445099105735195,73816.16872711248,0.000667436400752832,7.756635099353051,410,436,-5.548462531592504,-30.503395388080566,3.374920912774603,0.8706815165687712,6.21893604450639,41300.56909112847,0.001108341287083926,7.484088147265397,410,436,-36.21801050910141,-26.17669833687695,3.3679380890636588,0.8655125160888216,6.371340910663977,248320.7368390716,0.0001907322467232992,7.415744120505298,410,436
AFEFFFWPK6A4NTSVTBW7Q7KSOFQA,6.444797021634425,-17.503808315967966,2.4036195218318155,0.8153515848987778,4.459541720037429,13764.33461159305,0.001792022882125902,5.830532699106702,209,202,0.1980525419269479,-21.561590444496535,1.8019696026072942,0.8717286303225873,4.7194169354125926,27598.02340066997,0.000984888133077979,6.029558056382138,209,202,-7.412583640969611,-26.943090345152537,2.8527407265280007,0.8345221114517367,5.342296038340851,70099.88918042369,0.00047930561489722783,6.677776430881554,209,202,-9.548954577225771,-32.06450758959703,2.6279903561968037,0.8269672657765622,5.036145396498256,38528.94670919207,0.0007843119666289051,6.268079414404612,209,202,-40.15686425015155,-29.092767486165894,2.574348755510369,0.8460644985632054,5.254660744517488,258615.60419176056,0.0001302543744978727,6.210147374616419,209,202
AFEFYWKLBMMNZLML4322HXASDY5Q,8.009932735248027,-19.462815047542193,9.568307507101085,0.4949618618474365,5.3307537182842095,16286.116954791747,0.0020605703115095697,6.095808166953731,171,136,2.548355271275328,-23.41155448250099,9.165295616767267,0.4993563210974269,5.446040208122259,34463.50625873929,0.000994623590371052,6.311896124089131,171,136,-5.002022625851381,-26.898597480727584,11.970850596313882,0.4914680713121461,6.267516381459256,83291.92310996845,0.000539811051268084,7.387742334249235,171,136,-7.148661148093805,-31.723890527695257,10.75632059443397,0.5017546613683932,5.92020939460158,43035.57146131986,0.000942936151314832,6.795329604982145,171,136,-36.23612988629452,-30.06503956138823,12.49826928667579,0.4574375723219044,6.270967498768003,268280.2590452023,0.00016902772615727643,6.8891772140853185,171,136
AFEIXWQVYO322QGI3W2CAAJUQSXA,7.997962510932159,-18.264464661013548,4.068299538475987,0.8691229432898728,6.243637471951551,20553.623746434703,0.0022404198497029274,7.338530687588712,231,225,2.6482231036819335,-23.32083714405714,3.8116865300698035,0.8607424980309384,6.09099351534585,40252.91674319513,0.0010787463360116755,6.87972227118815,231,225,-4.762116842867632,-26.24195067293743,4.026262436030141,0.8824466581586325,6.8863382437666445,86875.06656441587,0.0006361354046545378,7.767948171382635,231,225,-6.949380736340663,-33.17482003535062,3.3939189794425357,0.8967127706760829,6.633182893096358,68432.1238997222,0.0007429948172785239,7.563017287838086,231,225,-36.661077405948454,-27.81719322294477,3.900952002856664,0.8866427402908104,6.8333382983587985,277234.55187006574,0.00019660904843332865,7.54307428681312,231,225
AFEP23NFXJI3T44Q4XC55NT6COAQ,7.172064666609011,-16.026748514276626,6.392050290917939,0.7541891131973715,5.797136725841065,17429.549779485733,0.0023222045752519455,6.890974328226939,384,381,1.5342027373799778,-19.81070738958934,5.933023971480891,0.7576601753685641,5.968896096316328,37695.95070530867,0.001096511391420631,6.737063249314804,384,381,-5.460724235078474,-23.974629566615626,7.5790762429166465,0.7407949214810259,6.608304263221385,83874.16614804234,0.0006099429618423946,7.345543973629564,384,381,-8.37935023204622,-28.545719010107124,5.709297420754765,0.7887041328176129,6.327059905357802,44451.98747299807,0.001038336893766313,7.1636343316075335,384,381,-38.17485192752364,-24.45780738508213,6.651786792734096,0.7667936459644784,6.542939403131434,261396.72098538236,0.0001913732312135696,7.033921887053971,384,381
AFF3DRE7KFNNEPNE3TQZ7WYGZLEA,6.575493845213368,-19.914066330468565,3.4325541307520275,0.7133544762114292,4.332290715757578,11908.082844524799,0.0018908112762771277,5.5551877385241,146,143,0.7908899614768704,-25.86242629818892,4.898366926445755,0.582750813879858,4.400900428634927,33448.213947575125,0.0006894373815915524,5.600670251436546,146,143,-6.8575033254635365,-29.654805697484626,5.664747073251701,0.5907873002345718,4.97985787010531,80578.46215164088,0.00035733509332581297,6.2940850178026615,146,143,-8.675634215647733,-37.36981692620709,4.104879927635117,0.7033748879540411,4.8037575850752425,45049.49324356656,0.0006066655869742865,5.976578229979761,146,143,-39.92233471632502,-33.24487736045168,5.212255554490771,0.6120357007436883,4.884041042764234,256688.96428460156,0.00011020552925984634,5.849643645453118,146,143
AFFAHDCNLJ7E3HVOXDMB4HUMM7HA,7.519750130180251,-17.45283445247971,7.352157200363963,0.6739494298754041,5.670749422681643,19367.81917390329,0.0019221313139855117,6.581633022065373,165,167,2.5457225486551125,-23.1932726084743,7.402052295449899,0.6668198081174515,5.762953726340937,33736.31070107775,0.001133176347689883,6.165669422353631,165,167,-5.1687449743032765,-25.842869960431774,10.257361125965549,0.5895050680190691,6.388815574225293,88250.65895148367,0.000522887972602613,6.959431404636828,165,167,-6.766341886131071,-34.69085417025227,9.933038833613178,0.6005414421457667,6.200221141015285,54434.92072399789,0.0008008033971682067,6.797017297722909,165,167,-37.3279686142283,-27.763042336302686,9.599640632733815,0.6136634411906821,6.381121419377541,259695.43211684606,0.0001764632156519156,6.702649364953929,165,167
AFFCTK6Y27DONGPEBDIGH6YXH2TQ,7.269591559715253,-15.43369300495077,5.384822529020671,0.7706502174532099,5.652675993609414,15899.247843672303,0.002448547000315494,6.236502633170755,492,451,1.8272739612489721,-19.646555564716234,5.815200658510448,0.7512536025282452,5.803494141611995,33437.87876050721,0.0012300140213602716,6.147668756782232,492,451,-5.82096716933072,-22.631819559430873,5.870295388753126,0.7759081127453562,6.417716845461117,75898.92749948829,0.000644342790727391,7.052619048843541,492,451,-7.9715987764824625,-27.538372611773557,6.003081288577793,0.775532140546578,6.26333367117451,46262.78985214721,0.0010235306958126997,6.680706722169068,492,451,-38.1068131483046,-23.047699654451236,5.960312245875494,0.7702064432394468,6.436310601577575,256137.99218644033,0.00019132216311231425,6.557899399005862,492,451
AFFQUYFZ7LGZ22ADJP2Y5WR7UURA,9.412740223669626,-19.068190948364656,10.332086909346343,0.6942087177333904,6.540319290324206,23130.361450392866,0.002241636045008465,8.829107184594463,167,158,4.355772646648275,-22.721192266123307,7.84505710594207,0.7759633814537006,6.658834302152627,44196.40761746986,0.0012329453001876955,8.313361890963511,167,158,-3.248746864022393,-25.635039413077713,11.399924864369133,0.6843574204328177,7.2722964395246965,91414.31346106838,0.0006805452967449216,9.295608452467052,167,158,-5.037985860129142,-32.23057645004393,13.179958852551456,0.6125650861758953,6.986256330977923,53516.85690405005,0.0010851876487958595,9.017549485660771,167,158,-34.760119668543204,-27.612604901524673,11.036177550199064,0.690805041092543,7.168865864825615,269216.4988783127,0.00022796906440324173,8.826317560177062,167,158
AFGK5TZEPMOTH2NGW6WMAOX7Q4EA,5.848875261093751,-18.030814261651706,1.6119118770044072,0.8352955321667771,4.180166048923814,12544.51010105312,0.0015905037894255684,6.591474047863853,267,265,-0.18415213032142766,-22.204979505547595,1.5059317392831089,0.8750609378791444,4.579444757458014,26451.36030905887,0.0009064455011027147,6.87115130820673,267,265,-7.915840471758495,-26.82749502513686,2.261604510417639,0.8495596870346181,5.091345888845539,69169.25004122322,0.0004260152432483626,7.247016276621473,267,265,-10.375072570205212,-32.793146653815406,2.119717804250219,0.834384284673681,4.739011862381834,35738.829213771736,0.0007121914240052974,6.985844619725373,267,265,-41.76847446767531,-30.029599420846008,2.1038874558183975,0.8473197103381271,4.957821950295279,250618.80459516292,0.00011171064368852655,6.7558318931648405,267,265
AFGM3WALHHNWCL3WI75IQQTENANA,8.506242748539648,-16.9991809569472,9.947867104684441,0.7582041282650699,7.07962130396269,23080.64552058035,0.0025949158789182157,8.423766088849789,248,244,3.5436282751430537,-20.70784698010798,7.749261446688422,0.7945784355086775,7.098308632059514,40439.41845999417,0.0014613182448512774,7.913307669128318,248,244,-3.2524625450199793,-24.772907461696363,10.292147735837357,0.7697878663711066,7.879001251460631,92933.08171774102,0.0007744365294451342,9.031905195182201,248,244,-4.970521244234358,-29.690473836208167,9.550015917814127,0.7850003983886638,7.726968606120986,52301.029047799864,0.0013292163523374364,8.89832120362555,248,244,-34.652560997138366,-24.86855944594994,10.169143930175347,0.763360656341211,7.813376610433529,270500.64660538896,0.00026113436256708844,8.70446738789798,248,244
AFH6GLY2ND6DKFGNZD5NF2DUWP2A,5.626336203046907,-18.520238496718378,3.858788988815187,0.6729094226832562,4.317033887287879,14622.993408213271,0.001532639993649559,5.284383908920801,152,139,-0.04509384874198446,-24.37768749488527,3.9132944728126327,0.6930565237848672,4.580516521146077,30886.63786189502,0.000801087331297937,5.4116247714772046,152,139,-8.372415365398073,-26.731862717195924,4.754614063161144,0.6933277363923349,5.154967349017538,78353.97278810041,0.00039363002879504085,6.170937276033019,152,139,-11.428600674317735,-33.17025603985454,4.228242863961145,0.6961934926774799,4.847890993906114,42421.10435846049,0.0006554790725888246,5.822329441350763,152,139,-41.86690332747286,-28.985279813284528,4.772863564549493,0.669199243917979,5.070557271165553,249808.73117346605,0.00012017521100828977,5.654127557711574,152,139
AFH6N5LK3FTDXNGDCZTIFLRWRNSA,5.560660012466026,-16.671854408326173,2.283148688136042,0.7803944165196222,4.2982921624388215,12763.492511481782,0.0016836247850428874,6.444368549189439,253,259,-0.9977136580188687,-21.128058155187833,2.5650681658993095,0.7860808482577198,4.5501045425847835,32570.605639831636,0.0007330482555006524,6.767381576363889,253,259,-8.173230938627118,-26.755715305997757,4.20509965774063,0.7257549340194811,5.145991316774772,74188.11923722927,0.000409016209987926,7.426976494961529,253,259,-10.907764215466,-31.772337177865534,3.1286636841765207,0.7610589661136609,4.868194334459307,38618.300278773386,0.0007060758447590624,7.137360217246414,253,259,-41.997956746048054,-27.153845042573497,3.8073225674878532,0.735957989495069,5.1476236105637705,249640.8815361424,0.00012117641054150774,6.962557103684899,253,259
AFHILCC5WFKLYGRZHHUQCLQTKNHQ,3.5186418507310853,-17.122742385243342,2.0462310530645365,0.7283808670065606,3.7235748189561324,10944.051316282208,0.0014684269667854034,6.775257080301073,249,259,-2.7891986996671783,-22.278136695174233,2.6959883833517364,0.6964688680168352,3.998050595533775,23722.61099918199,0.0007564898650778226,7.204115406486465,249,259,-11.295078411943248,-25.346506328052726,3.905084951071517,0.6554004318880665,4.498353951084107,62017.30408362195,0.00036905307626367646,7.575670649214556,249,259,-14.33820783087782,-30.18758791112861,2.660800508317886,0.7113672981672884,4.1268518258443985,35314.44549634723,0.0005453626029643591,7.412138090240661,249,259,-46.220529942885754,-27.47627076673409,3.304222448248534,0.6971630435702318,4.513681832605332,244925.59043949703,9.506793134883002e-05,7.160153353178536,249,259
AFHIQ5JHFHHIGV35KUMBBGG3DR6A,7.890849179910671,-19.545227170825154,5.439219363303391,0.7752931259497994,5.576084189540819,19387.934926343678,0.001921180493305169,6.0259961441223195,131,135,3.4489075945681598,-25.02305851362122,8.760810281328352,0.6727584969612934,5.951313162318364,40078.17769760043,0.0010512321281735256,5.940106675278195,131,135,-3.8348209475448254,-30.59096204769015,8.56597975125517,0.6878628360166625,6.248468650856798,83617.46245914443,0.0005453407864316721,6.454336809210641,131,135,-5.881994749106897,-37.338165377574825,8.219151068697181,0.7108117752597874,6.194424349560827,63723.45559357553,0.0007044754257766235,6.342855825350727,131,135,-36.118476972402064,-32.6611627571935,6.292582910414169,0.7628814375922756,6.163862147471564,270333.29324765794,0.00016493696361123556,6.075975971382443,131,135
AFHPTQMY64EIQHJ62AEQSGCEBVGQ,6.467773340019614,-16.384082834735633,5.116981189826245,0.7307487134781914,5.1354722577590906,16470.389879486756,0.002022240696934848,6.034799518298254,366,335,1.063916856475952,-20.95465722448094,4.915839345944979,0.741358325910298,5.305049308844358,33117.49799328433,0.0010592051882613756,6.245457158620139,366,335,-7.062916553424878,-23.709052661404222,5.596261431327419,0.7405746857861575,5.7876336984482695,78890.4429457386,0.0005247352672652106,6.632398217874635,366,335,-9.650907961427936,-28.58464368743284,5.028494083815332,0.7617491582005294,5.649687067840523,53347.42403502995,0.0007339219736325535,6.5712501750513255,366,335,-40.06594590164497,-24.983661151671082,5.16929791577945,0.7507475796320948,5.742796030704617,265238.662188389,0.0001523691125901474,6.287463077743234,366,335
AFIL2IVD4EMGED6B55QB73O5N7FA,8.976497934139402,-18.412606942314643,7.621971388331628,0.8251429392336116,7.280357679093856,25968.46642789198,0.002435944032251848,9.90031535313629,133,135,3.958488860268788,-22.856003611635163,5.956529836527879,0.8544116656092389,7.199624045969183,49279.13429298838,0.001274043476907884,9.172093626571654,133,135,-3.344349425294488,-25.427151263750343,6.86078605638733,0.8550734086213356,7.96468739904371,90227.57195158918,0.0008313232541564985,10.222283884540088,133,135,-4.936053039044687,-32.75962359103122,5.397942641170817,0.8906636737683457,7.918371711805933,82972.85530061723,0.0009036846075131336,10.177465214265533,133,135,-33.532303553691754,-28.98885705612877,7.628099134587617,0.833750713842403,7.857859755544561,293469.82371522154,0.00024815101232376056,10.106060093846065,133,135
AFIRDXKIWQG5TK6XGGUKG44Q3QNA,7.162503177091786,-18.145240804254293,3.920222449221763,0.8345350205812027,5.692555075240921,23196.63394883223,0.0016499369868097048,6.158101354474153,122,110,2.5329007022588943,-24.699758376141578,4.7975094258335105,0.7825685601119855,5.663875721422283,37675.93712931839,0.0010158160240835371,5.865744866243892,122,110,-4.41597023089485,-29.972412101677442,4.721192108458204,0.8160554132358542,6.34069339755055,94425.2397103584,0.0004926144310455029,6.798225319226515,122,110,-5.723333072521635,-37.80755618388906,5.2450959052825326,0.7991305367705573,6.196826806359305,77268.40437671344,0.0005825380131709167,6.484231054974745,122,110,-37.26161378882913,-30.012006977626143,4.606644262978449,0.8210396793082725,6.407756891709703,280858.9149477016,0.00016724752664284693,6.49159142444349,122,110
AFJ6BZFH6T6LBXYN5NKMBPTHRGDA,7.325078788688333,-18.727554535242,5.4227760093199775,0.6996136564691516,5.190530947545206,17304.39480370618,0.001802475038458447,6.215015931643285,173,168,1.5901867908007095,-21.90470691765377,3.898732639238982,0.7885947196635099,5.44640903443343,30128.73940241695,0.0011327862887942194,6.4100646855862164,173,168,-4.867599400819128,-28.61482998524488,5.293711831854022,0.7706538341190916,6.179580908831596,73321.8261290872,0.0005908700527372003,7.3922171045248595,173,168,-7.4577237407011125,-33.53225490443867,6.305826235101103,0.6892591038531359,5.745091878810792,49588.25281356746,0.0007585543998382289,6.936554989204893,173,168,-38.290411411876796,-28.67451958540098,5.842516119705761,0.732779232636172,6.072509871277473,256654.38076306257,0.00016362989680420275,6.794530152819235,173,168
AFJ6J5LH2ZHMUBNKZ2ZBCHMIBE5Q,7.797022856363576,-18.67746503027145,3.7404736804592944,0.8483520262331047,5.782076934120112,24075.263317292647,0.0016600545253885766,6.465332518177763,172,183,2.8939850360838224,-24.0060102701051,3.519503589299729,0.8542360236057674,5.789729494888399,43467.5005113329,0.0009236637999716993,6.108628936746165,172,183,-4.797014032989851,-27.25428337257558,3.9354300736246204,0.8560499100224168,6.413939857423575,97999.30340889933,0.0004927826099719964,6.837190191169664,172,183,-8.246323185466425,-31.917970362224303,5.0631395176088825,0.8020305032800119,6.125377001013532,64869.71072238693,0.0006809925268042493,6.693111407666933,172,183,-37.36785576102387,-28.142004936103223,3.158284792299675,0.8839162922236431,6.319555457951792,273816.9396048799,0.00017244104828878113,6.604089608825652,172,183
AFJ6SABJN4EEXL6FRBTZOKPHEUVA,6.231591801802113,-19.71147165513599,4.260031075397647,0.6089668626071505,4.365725491395145,17903.215231878567,0.001236611454382113,6.780774632337057,187,183,1.049989427467213,-25.786263640998992,4.57307110384999,0.633799531618702,4.654498369037371,31622.018024791792,0.0007885178153628389,7.107562047682139,187,183,-6.720235687123692,-30.42303698506847,5.52078380355039,0.647574678914951,5.181873202766544,63134.58921422944,0.00048780065736400273,7.327541426155909,187,183,-9.359983260720316,-36.96165536468124,4.774704259247636,0.6398569766568538,4.8519961994706655,50269.7493916339,0.0005447979877897355,7.228022252464683,187,183,-39.96356153386827,-33.21851800373753,4.434651768217045,0.7141425822852339,5.291575669320455,260295.4055289585,0.00012335066936793488,7.135942722567461,187,183
AFJAB5S4BMMXACJU7CEK356C2AYQ,5.981491041115861,-16.746872418016228,1.12760143469868,0.9060957548297512,4.5410672088697694,12250.62912346236,0.0019451669037523075,6.326694443202472,635,582,0.21761761520429565,-20.847333027668267,1.7578999834594593,0.8824313712580028,4.995837565525715,29871.0256507954,0.000977228582514946,6.733142311440203,635,582,-7.703319971624428,-24.16251385656373,2.6690671603838667,0.8652071955749093,5.6802103315632415,69045.88841007662,0.000536291402792466,7.436638720312456,635,582,-9.919533920481854,-30.612813158072782,1.94012130711937,0.8774483914094132,5.22094435395691,36894.59144408246,0.0008503202877486284,6.837521996858681,635,582,-40.32082388830336,-27.28952970074441,2.5366920610589383,0.8628252448391807,5.6755031015673065,254156.40754579645,0.00014535626780987464,6.847929250781293,635,582
AFJBKPK5W56XWSNPQU2WW66ISWYQ,5.245077866802798,-17.237421072949225,2.8684287995030147,0.7632826931843293,4.4056190972292075,15707.85754441077,0.0014775964505321642,6.335826376324382,167,201,-0.9570706430106041,-22.2966209978652,2.262899024823676,0.8242709259620651,4.581080993408626,34002.3228450589,0.0007243612706359773,6.543544341621723,167,201,-9.036228348419014,-24.84292852546306,2.9701066307971784,0.8138690344957656,5.260395145369767,82511.28581076303,0.0003878505641322893,7.016181500473148,167,201,-12.315931551422548,-30.539344909996935,3.056347977977074,0.7856257313662444,4.898675633079356,47301.79110236257,0.000597713949146252,6.746575337772794,167,201,-43.535909921820505,-26.774750515242722,3.8020574092348736,0.7391520244198785,5.12954710997868,262172.67255114234,0.00011627793155519764,6.494565429501029,167,201
AFJQ4OBA4ZV7PHBJQNERUVN7UZOA,6.788965630318824,-19.147804592605063,3.69659596128831,0.7859485283765836,4.852463334270757,23936.3586303106,0.001235091059630292,5.8597112741787845,124,111,1.0919446465163711,-23.96631156079741,4.567679544419348,0.7238130656086788,4.967165064617198,37193.0282421471,0.0008181737789435523,5.863245464144837,124,111,-6.071236574755305,-29.167869335063955,4.324388371997033,0.777980008622619,5.535658795337801,78746.71882557623,0.00047267074275361747,6.35557229900136,124,111,-7.518282049230786,-38.08326481790252,3.9981537543812258,0.7926541260786946,5.325283185751415,54598.57114952319,0.0006452488454009487,6.16991798113011,124,111,-39.34789489363874,-31.583524366670172,4.3780158516182155,0.762531770935327,5.4353885568536535,277343.0749126016,0.0001295827905791162,5.953375833021342,124,111
AFJWF2QUDYVVTT5Q6UTEBR5SNENQ,8.914357064964747,-17.470270436706983,11.045422735747312,0.6516164526029743,6.342023195348531,21022.650248603582,0.0024530657055622574,7.010380187229579,132,136,4.420896266219527,-23.320046413406626,14.831072566174546,0.642867704302947,6.949316449960541,46997.14355664982,0.0013405821696942585,7.3149861888026235,132,136,-4.0152341003594,-26.381916941529944,12.505408734534285,0.6235809349568904,6.901289452076264,97242.08871761555,0.0005915947293358709,7.411777414410907,132,136,-4.5979008642247585,-36.058372716257935,10.323247353062204,0.7122844991392101,6.85670886962332,69638.00157727281,0.000833918428939234,7.3098227860342355,132,136,-35.286325777108885,-28.079562397519037,13.689088761310348,0.5842569759600418,6.8982955282421035,276326.6385217427,0.00020966694137509914,7.285534676062897,132,136
AFJYUDW2LLMAVP2L5F7FQPYGWP6Q,8.157529625155426,-19.043156890562912,4.1085242131471045,0.833732893947948,5.941904444913462,21113.119185242664,0.0019306193879867093,6.294533801708712,270,295,3.2667934776667678,-24.498757946412145,5.897438803420669,0.7430662871968263,5.875699067149142,33667.96253014157,0.0011901469240894005,5.882665846749676,270,295,-4.669398799895543,-26.302413074216943,6.19116434769215,0.7722987011725972,6.662887169565106,97325.022111906,0.0005140181113870632,6.798473410278028,270,295,-6.0174003571908115,-36.2777515390551,5.572910965935751,0.7869602515178403,6.347584528933375,65960.82256147376,0.0006945683910730419,6.556813261051465,270,295,-36.81488544896249,-29.393756900674777,5.647785510502924,0.7757851323140001,6.400006333213323,268571.72530848475,0.00017249773548843204,6.219521331954198,270,295
AFKBVRDWS2ZPNM6EAEA2GRYRXFPA,7.029150140024445,-16.644122031858494,2.363248001611332,0.8401372954304407,4.87731485472716,12559.6986791552,0.002274043687218148,6.219960552025565,228,240,2.346254297527751,-21.496691769080773,2.4393322979783414,0.8642909170572918,5.328041094958351,28957.884910456996,0.001177897606192103,6.743160301476916,228,240,-5.2425512096128,-25.264953900898398,3.0684956349340777,0.866116778904311,6.167294370288222,70803.92948028453,0.000624653539874469,7.784673931856403,228,240,-7.15434806632887,-32.02595710953332,2.334572512256628,0.8723821227870905,5.556005739610786,41691.05315747922,0.0008665653957185499,7.019911277612789,228,240,-38.26512771604057,-27.35902082620517,3.0134567054749817,0.8505433356778589,5.8915278527377195,266876.6648838168,0.0001496530640598728,7.09834439758087,228,240
AFKHG4JI2HAW6CNNXPM7CPDUQOEA,7.03813995622623,-22.345305387393957,3.1751062682724354,0.6978122387167383,4.1370344661654705,17869.282323248564,0.0011204135565991192,5.841189393415217,114,112,1.7892523573126944,-28.636305609121962,2.7792079908927922,0.7598944990884935,4.381197896925224,32159.810066807877,0.0006956858297968183,6.49720492662833,114,112,-6.462494508673264,-32.36312073165789,4.888577523829237,0.6844241806306486,5.001491871555062,78006.35349983386,0.00037060204447358577,7.269387752763103,114,112,-7.400631167035193,-41.446462426071626,3.5115555555788154,0.7252836281418331,4.644323536221361,46470.258639432344,0.0005364246959418676,6.617702322200678,114,112,-38.80547872082616,-37.29933822997594,4.224995061839559,0.7042089641355579,4.96809760800106,259821.92620582914,0.00011014504690253217,6.671790902308031,114,112
AFKMX6JZ655VPVYHBTATZQS4IBOQ,6.259922708268651,-16.95727632837715,2.493354175917759,0.8347206115228676,4.837793088498976,14005.068371672125,0.0020316310483317057,6.603887278469759,198,234,0.43624360386741784,-19.47997873157036,4.104688011115957,0.7434338866672017,5.033241444945564,34492.914234937234,0.0008939829636673182,6.808053080758823,198,234,-7.651950886582936,-22.98679794237584,3.571803187149079,0.798946465463277,5.57861698753685,75562.60064370086,0.0004834885391116654,7.177873325676976,198,234,-9.669116839543552,-30.722861514119987,3.881276715237795,0.7831625017601928,5.439986866949296,50173.20326343007,0.0007030118506246529,7.138844468273288,198,234,-41.55434815404564,-25.195218133241585,3.359195230293426,0.7974106676148107,5.4239769987534805,261573.20315256846,0.00013347309286736273,6.67794901750823,198,234
AFKZESU3PTCQ2UVDBDSFVFTXBFNQ_1,4.808753629228488,-18.368139878297463,2.2480550697830926,0.7899588691990135,4.104516956689988,14719.139738703741,0.0013681896188449773,6.9387016989184005,557,620,-1.4509883251062385,-23.507442964678535,2.7982831258721794,0.7612994822583443,4.40356927593844,36537.70698338605,0.0006222229637926307,7.132905014145902,557,620,-9.738987952488412,-26.21131981452977,2.55688294651075,0.823077402953655,4.935334285507004,60039.71360191397,0.0004775437860768919,7.731346999734882,557,620,-11.851115403288922,-33.583801218803,3.041206900235268,0.753813989140936,4.624680769995426,48168.63978828478,0.0005222774908513622,7.661726626219466,557,620,-44.373547965495916,-29.275943717647323,2.1651846513396897,0.8285809866165976,4.731638432735223,259492.5207754891,0.00010026389805079987,7.286150314474957,557,620
AFKZESU3PTCQ2UVDBDSFVFTXBFNQ_2,5.0880377896157505,-19.650048824579436,2.7891384992368757,0.7646147259486802,4.261301111644416,17707.101804215952,0.0011969984193151817,6.836041732554722,361,343,-1.1089502091761676,-23.97910574561435,4.154301978558218,0.6908539261223361,4.67835510124997,37631.69174655111,0.0006722969387204053,7.263983590695965,361,343,-8.498964611884064,-29.5358374009229,4.566453476294668,0.7166138733881436,5.159254016445154,74429.11287073797,0.00041477912792997005,7.901559288558087,361,343,-10.872200819248429,-37.220227398592776,5.169678105644163,0.6413982016387904,4.864105580673037,50976.33037776065,0.0005410096773791213,7.720008832378956,361,343,-43.25163976462867,-31.508793192471657,3.474731506290968,0.769065157646151,5.009220032510941,269692.31104441633,0.00010729197091573626,7.317880193192622,361,343
AFLDVQ2MD27WFGPH5HJ66GI7PO2Q,6.95463833824051,-17.595782517179114,4.407946850921307,0.725566517521173,4.976095771167499,17342.517112215523,0.001732691478796677,5.9210623019908875,232,221,0.9745464787308378,-21.24025341273583,5.3254881674467685,0.7059683593789561,5.225164859837779,40644.30987754189,0.0008337508328529056,5.69401814119144,232,221,-6.397638176275982,-24.911126440443677,7.770717134294873,0.6335012277004113,5.834677882469367,87201.68014399965,0.00046981599247823507,6.564556157937944,232,221,-8.268003580917215,-32.34646073440203,5.764336630823797,0.7029078804267654,5.487319664380456,54227.83927554516,0.0006856161888878398,6.205402519164604,232,221,-39.435500198357,-27.518312260966887,5.939797824493521,0.6646746080147555,5.509272276513891,254713.9228185566,0.00014300116555491426,6.025218589053003,232,221
AFLJQ7ONRNGXUCA67XWGIN4OLJAQ,9.77696317175697,-19.43408710799046,8.253963167517155,0.7238786075330633,6.365726655048919,22576.726243773854,0.002180929492838092,7.322168780131279,104,118,5.509770113158607,-25.806235702224328,8.356683123800185,0.7475829495764872,6.653065267908939,51601.698678745684,0.001057480636154498,7.086447214105289,104,118,-1.2039846329274422,-30.457966561913278,9.765665309701967,0.6966837607399163,7.122094421610631,103984.25650186499,0.000559076135526765,7.635701970730288,104,118,-3.071922279322522,-37.31074378697531,7.356773710069128,0.7788148426506708,6.999372597007205,67251.40489230747,0.0008596841783631435,7.514897046443331,104,118,-32.79653444183065,-32.54885183554253,9.295286415658394,0.719238030736842,7.128308898888675,282071.139856598,0.00021032445532907058,7.371359088865075,104,118
AFLOM6HXIM7CJECSEUDVO4I3JXBA,8.416084068846503,-18.38447094540382,4.610680935871126,0.8285751916624505,5.9579315397473085,18207.91718867033,0.0023134991262609072,7.343945524424517,243,234,2.1922709536874945,-21.471820694801785,3.2395246044705037,0.860136293835971,5.89567424297405,38270.96120779482,0.001056561198845739,6.859224904925645,243,234,-4.428203542749514,-27.334680077922677,4.925220048099344,0.8149122038297099,6.5914456655752725,89792.61758358649,0.0005485373466878674,7.627151152631282,243,234,-7.174007541115763,-31.757152370968097,4.635501582306966,0.8280693276938341,6.35390277645602,58419.29614083032,0.0008028431818634736,7.57585880477958,243,234,-36.90432700999609,-27.711456181154258,4.797116395291901,0.8229952811131628,6.556869465566275,272016.6904998188,0.00018114985378103157,7.316879694026051,243,234
AFLSHORZNVM6GIFFISRTSRNYTOMA,8.72650204566524,-17.3845543468557,5.603316981049292,0.7849275218402584,5.96381536280962,17234.226844464578,0.0024678311511793123,7.082199325667557,222,191,3.5553748699326015,-20.826988360377356,4.981693774214841,0.8073180535120754,6.134478287490644,31062.087747744794,0.001434843978200503,6.7324114071429175,222,191,-3.0289583833664633,-25.609894316699204,4.679004123918361,0.8399888993814022,6.9420122324529,76166.85303551548,0.0007225924558225265,7.919484786343928,222,191,-5.5943716511644865,-30.372469414539324,6.074182317765652,0.7895475767309721,6.585729580786076,53297.48979128113,0.0009449790528901622,7.603166024437697,222,191,-34.394114416613725,-27.10783259998387,5.742518842766824,0.8017887061807283,6.970567948266619,272321.29810122296,0.0002054678992868569,7.579200817944483,222,191
AFLZUVWTQ54JZIKLCEW3YIMUGHHA,9.414759211204867,-17.26606229411267,9.396927775049654,0.7574259568290542,7.104631127835613,18207.679337484587,0.0032473336623619377,8.937618185195559,123,146,6.406929828127719,-26.30592119001792,10.77484621864213,0.7438340905159744,7.305761914782395,53031.76248854444,0.0011822375780536473,8.764153007650524,123,146,-1.8750744886759942,-28.950387792241873,14.316883933610118,0.6624128247956584,7.651936438125464,106756.25946801326,0.000631815720084849,9.688352420266144,123,146,-3.6471470819661786,-34.50211878374666,14.03068363465705,0.6681590033722914,7.610378500030624,85569.70232904927,0.0007829166799774969,9.700316156464867,123,146,-33.128264137431906,-29.32015459000691,12.255004175117058,0.7014623488184342,7.775942781320409,290747.7128372181,0.00023673620504178043,9.567557259882093,123,146
AFMOM4ZVIZ6EXLU7AKHHL7OVWSQQ,7.4205322834931415,-16.951027753730862,9.450488375213949,0.5949649039873953,5.658497141178667,21407.27643045301,0.0017996186032856684,6.362243257619389,183,164,2.1254294485600185,-20.966186822988803,7.634663516918271,0.6572206658576196,5.746062125877117,40764.97864231728,0.0009632790377972265,6.107085682123871,183,164,-5.803637253881484,-24.026272096513573,7.151972684195362,0.6939234463888646,6.206636379028069,75879.92108775358,0.000588327168024657,6.61982394494757,183,164,-7.73051818837604,-31.36577058886493,9.32135102065462,0.6311434486403151,6.153937873053715,54942.46038221824,0.0008125631364560475,6.5494851469736055,183,164,-37.997338158125885,-25.518253557217577,8.353294233411773,0.6578754916307432,6.338390973157595,266438.910217027,0.0001761330747319564,6.358816892405706,183,164
AFMOYMIUNUZZKVZXHRPX5B5XUH3Q,7.341865181736418,-18.861824380707755,2.846786062116113,0.8210127622661271,4.8872224206405415,17375.45045468426,0.0016894652214595022,6.228813018532186,248,229,1.6148959872712116,-23.63573265977753,2.908119510736243,0.8253950341071116,5.1522048814928745,34254.62524630833,0.0009356053273283589,6.4181194302534275,248,229,-6.182902282169988,-26.255558395588963,3.3537036172365293,0.8346640378650217,5.772982059086882,90134.60718291612,0.00044859654162259996,6.836727892353382,248,229,-8.988019479131488,-32.59036388518994,2.979414846067694,0.8356403124409381,5.382380991954428,48009.388634610725,0.0007348706681897188,6.553280853254393,248,229,-38.63462236372892,-29.37719958729055,3.4001614492095427,0.8204247528669194,5.619358690285073,271638.0899563576,0.00014098160775278208,6.434866684636332,248,229
AFMTB6XAI3YBCJVTOGKOFJU3LUOQ,6.034972378648334,-17.25369235042925,2.462845188944866,0.7888512704160154,4.553781625437771,17814.19720012382,0.001337359037097271,6.983316932710665,272,293,-0.45895850932901416,-20.85280910220359,3.2043039122587715,0.7596022601795412,4.869815610993105,38212.18931427527,0.0007036677815347046,7.167917018894897,272,293,-8.280652991750287,-25.933408866758054,4.177531185667187,0.7100005113042396,5.168087638702517,74100.09006060833,0.00041011564411432645,7.246982407205786,272,293,-11.004793394872296,-31.579810008702587,3.5372675309944697,0.7528598529000388,5.0616001650644575,46339.50132126642,0.0006265158675872511,7.433328681988331,272,293,-42.94227656267114,-27.169451580260446,3.4305031707073415,0.7369296350328256,5.000872726001575,252374.46631844394,0.00011236458843330048,7.013001323624568,272,293
AFMUA7K3BRXWB4XO6QARYIEBI42Q,6.978691741272402,-17.916271592458443,3.7905060917050446,0.7435202761830388,4.764187473065852,13426.960346090933,0.0019945286609299594,5.973398117998435,254,267,0.5454273105196376,-22.612880256852858,4.0129901956733995,0.7258184140507893,4.88164396009647,34999.144891549426,0.0008059794168036216,5.815741727500464,254,267,-7.403414080167467,-24.77019394477977,4.883158073126098,0.7373401552637509,5.586894835573677,74636.95353103221,0.0004901993006032436,6.495650474226919,254,267,-9.993870746960345,-30.362226799538195,3.2715761620180968,0.8144954797666909,5.4021054062626845,44775.1049954237,0.0007638112796040159,6.386943567908508,254,267,-39.87832529528054,-28.58542395107942,4.435527781488378,0.74369910572465,5.522172249308697,256982.9352511077,0.00013785834458331154,6.067274039637261,254,267
AFMY5CEPFKJXLHTMOJSYC4XABXOQ,7.2297302438734325,-17.63654655007005,3.3612302787396398,0.8202879780609014,5.1580782113628665,15386.742227326498,0.002045065684404253,6.458486647311055,235,218,1.5353349849048896,-22.94602729405408,4.165440951120423,0.7624780313606042,5.193814625574685,35328.17365869647,0.0008923734203505961,6.229582029740285,235,218,-6.730727457518022,-24.276922796764115,4.227507897396913,0.7885568451987087,5.761190785404767,67889.91248372121,0.0005621705806354627,6.8252587840142365,235,218,-8.667726012740731,-32.229207579539036,4.081685713418293,0.797519384151844,5.545718518122514,46379.08258603732,0.0007721776742435301,6.657713370819537,235,218,-39.486696628957795,-26.633644906349943,4.146741768610064,0.7982717826524325,5.796477230077819,265790.5520209495,0.0001460622210357237,6.490696268957541,235,218
AFN7GACKXTF3AWN6DOGFNLEOQ2OA,3.900524074692699,-16.950138413623204,1.1967111831694892,0.8481333592061648,3.8086281187481084,12552.3863730686,0.0013302592149881372,6.282956153471847,295,326,-2.6252169502597438,-21.575876578781177,1.5661139156802804,0.8276793800587997,4.024508388240622,27879.40866659739,0.0006596972909161463,6.571123213395907,295,326,-10.432955918859545,-26.03017818207405,1.6562469213032518,0.8563223881553471,4.536725202082013,59476.16396546321,0.0003948173307216844,6.938754583748461,295,326,-14.185301512216459,-30.080005177689568,1.3917909301384042,0.8603392922127406,4.270220144725818,38877.06244353996,0.0005374284733524861,6.916828779907221,295,326,-45.665428474237686,-28.24118969701149,1.44797499157573,0.864591643414521,4.4731229166300785,245891.9706186256,9.226841614438672e-05,6.489725738431254,295,326
AFNI2C3GRBCPIQOT3H66FUQYRPJQ,4.643428973182531,-19.33133505461745,3.098999921472239,0.6601211926272242,3.880428564709987,12708.717885100557,0.0014392986728471505,5.712189057310183,86,95,-2.174679720985258,-23.566344950106338,2.9937585095728867,0.6970265132316095,4.0852187346931945,29727.04041579057,0.0006785072030359032,5.960601822806847,86,95,-8.925948943428704,-31.24289858029943,2.918919800742878,0.7560066351680488,4.587818804342493,84887.68066915935,0.0002913157383244159,6.408369729532399,86,95,-11.069798312563528,-39.12428351699156,3.7331595565522715,0.6550311434777945,4.330319694527115,60032.62803652369,0.00036977702165173645,6.192660020986445,86,95,-44.3378440085455,-32.82966566463452,2.490096783897778,0.7708715427084392,4.444358158189536,262332.52043735667,8.859911644779432e-05,6.023375419801948,86,95
AFNQHTOCHFLU75HS34DIMKZB4EXA,7.956638018163243,-16.01869211450825,4.417657405000651,0.8334213685100437,6.078172694258167,20925.728276502825,0.0020836387663753964,6.614676392970875,234,217,3.1933825047434783,-20.174741825426562,6.474003532031087,0.7721432197438926,6.388595480818763,39039.08257582056,0.0012320934322921175,6.542108060018727,234,217,-5.155901017468103,-21.95546695270742,7.310093633822221,0.7621676868155116,6.870596322535755,79222.55554137372,0.0006967041926241999,7.117330150282323,234,217,-6.697999443830474,-29.494271629513822,5.8757504194192895,0.8084902994013096,6.712201567374372,62248.36421537791,0.0008529036266497123,7.095570462020555,234,217,-36.30961866904278,-24.398626982218406,6.645189821192909,0.7782856795162867,6.856901385133083,258714.04729807176,0.0002116529537292079,6.779695390174796,234,217
AFNRTOQBZEL3MZE5FUDIGEGV7H2Q,8.586885169401663,-17.405590900989406,3.461307312735916,0.8939797050318039,6.6126013516000555,19405.05792752666,0.0026335739478122767,9.292757209467233,269,237,3.6997522264934357,-21.156732750275616,2.837839996730585,0.9120353715894568,6.660567287476918,36753.63116616344,0.001415461736219525,8.803053538377924,269,237,-3.553722677782587,-25.08168658201813,3.36935141002341,0.9043551072214905,7.24843293880505,78672.79871221897,0.0007705427727834142,9.37628103398424,269,237,-5.778751907020467,-31.611574531840724,3.205306948138001,0.9081677928245666,7.11099125550923,56485.0334701764,0.0010278255388754616,9.458368314032743,269,237,-36.27557657130316,-25.96222290770779,4.45544736659917,0.8645599836955338,7.083896305244293,266648.5001896214,0.0002152506214708865,9.18064023928309,269,237
AFNWEYQ6IYHI6PXIDURCBE62P2BA,7.177010877777582,-17.503220113959166,3.0449848050503587,0.8199488604428752,5.038458687592719,16060.869005276872,0.0018960446766854138,6.371073501212587,193,229,2.7060413540693733,-23.58667833371811,4.527895372944715,0.7606902691892988,5.272102980551263,33172.262075666695,0.001021184649341283,6.5032745765115045,193,229,-4.380638222840408,-27.32589602720077,5.402407680619321,0.7524102571387907,5.987345499283669,67557.95446091346,0.0006275058933099757,7.238060163499018,193,229,-6.525798556026959,-33.835327953961944,4.364744233727359,0.7689797297587414,5.500159593518495,36915.49012511675,0.0009685513461654971,6.850164082839334,193,229,-37.54773156542656,-30.01914061712202,5.035962835995825,0.7487788599097842,5.750207942120821,259378.03003233444,0.00014928000928934418,6.691707006464327,193,229
AFO33UNM62QYS3SHDST3HB2SXSXQ,5.081878614088529,-16.79595379158119,2.668933989165367,0.7425099021538313,4.1782599410576795,11553.330411283201,0.0017884369210859163,6.4413491015339535,148,148,-1.121398212229736,-21.752882828879187,3.7051106978617003,0.6820633907298359,4.482889581870589,32370.41919848082,0.0007098639381508122,6.471935379068781,148,148,-9.321921660069227,-26.251407045043333,3.535393171523564,0.7424039016398121,4.974128468329169,87838.26225128499,0.00032219030510693074,7.029215827224164,148,148,-11.347488548971244,-32.828915429669344,3.9907232010938736,0.6935448362723832,4.712471635433672,46639.92990256996,0.0005588947055345364,6.901503556011062,148,148,-42.45893539054761,-29.130353361533455,4.219323702041904,0.6812026524276339,4.939792208385183,258236.1448914574,0.0001085737350966021,6.581059802041079,148,148
AFO4JFVHP2IUNIAM3R2HWEHDEUJA,5.002426268742558,-18.2873930513075,1.9861941977697841,0.7812984563720565,3.978888699206342,14197.748699040894,0.0013234083615442488,6.136524296444188,174,187,-0.9382670547640625,-22.913920499286775,2.3472022607281384,0.7921230648000317,4.31627903775846,37775.153909319226,0.0006003576854417991,6.457599124073921,174,187,-9.108192466461603,-26.572801935668526,2.0207598703481655,0.8573872525072053,4.887849170172472,79903.63115785601,0.0003584759084554382,6.888733301110906,174,187,-11.440925736242946,-33.49187850533569,2.3288949331747175,0.7989311243285917,4.494600251217512,45963.305859541106,0.0005233422508237234,6.607668045570227,174,187,-43.23748656115998,-28.736626969180953,2.631716448813638,0.7978790845060852,4.804726278549717,250130.56927160424,0.00010950533900984062,6.450852478781991,174,187
AFO6QRJE7PPMBY2P66V2FPKJUIEA,7.411185901772235,-18.26187199460276,4.150126459918346,0.7972198712075895,5.242461700169087,17215.713994037105,0.0019654208134070156,6.1924709040042245,203,216,1.9180948299412905,-23.02834662369856,5.432734885253657,0.7206784227755871,5.363847321008263,32319.048028165264,0.0010761269695184457,6.222099099972634,203,216,-4.634997558177399,-26.546662163855917,7.642879722615914,0.6977228682164749,6.235973501939402,78696.85241934919,0.0005948379117956019,7.0640436055887585,203,216,-7.352232344515692,-32.30824555958064,6.742048626453516,0.7222132509530869,5.908523782489133,61644.785461164,0.0006885490214725157,6.682586354150011,203,216,-37.21536298997267,-28.424603982758914,6.638700207801795,0.7304315689146672,6.136565238454849,270583.4271932899,0.00016889238760408958,6.639993802580445,203,216
AFONENWGNXXIUGGYZKWZ3GPZI36Q,9.956617990131459,-19.30379183132395,10.171215686203162,0.6625226720790411,6.355124346000849,17975.6182261993,0.002641276800786678,9.347858637109654,270,257,5.51593066820894,-24.87685468252921,11.382508895213439,0.6224484320257647,6.503320119137767,33832.17085007493,0.0014472110119370877,8.766346567268242,270,257,-1.7535889056492904,-28.457959649414367,11.175772848513159,0.6555566241641,7.086899800075022,81439.24396878187,0.0007000031388300991,9.622995250930346,270,257,-3.015177762421656,-36.52058963633146,13.533604514955558,0.5764911375835895,6.848852406158641,49174.272716634165,0.0010846849339873985,9.43021939338194,270,257,-33.73049192269127,-29.929514971892544,12.604664782970056,0.6135144261140046,7.091443249968153,262126.54798727116,0.00021687586236116886,9.328403269834608,270,257
AFOUH4HQ3WKELXFSOZL2X7VIKZEA,8.5269266598946,-18.580499730932647,2.783906958809818,0.9025047810255927,6.1406976460116764,19989.226862056243,0.0021891378613488597,6.962813304148264,258,290,3.301860276541611,-22.200863311764017,3.647127400902008,0.8676594630500509,6.242940429710739,36752.8012296836,0.0012196871091500628,6.629498288215154,258,290,-4.151917134496493,-26.349742791472234,4.158214515530492,0.8605821685556675,6.786043619904931,83322.2883246192,0.0006274724505580164,7.284652357680482,258,290,-6.177643253315613,-32.32575262592724,5.098133804947752,0.8341919232656991,6.650705106874411,61094.155141850264,0.0008265182106324642,7.222349511421007,258,290,-36.04139431801466,-27.524262169431193,3.972831088533707,0.8700583507332896,6.845588852457547,269525.22664553014,0.00019709638828482268,7.015767345019979,258,290
AFP2CXPW657I6PLKLC7XRPJWUFJQ,7.508757059129993,-16.86845689738629,4.02237742085396,0.7705114133143272,5.169448252134035,14726.78759548492,0.00217994981379626,6.123501803514535,260,309,2.295606477266401,-21.437881305535125,3.273840839898297,0.8255012930403165,5.426784652941496,35255.92726160505,0.0010008199627680615,6.104076370990265,260,309,-5.859642475195791,-24.344891311202193,3.5398415505178584,0.8324838735344839,5.990840270809094,82018.01485596417,0.0005105876376704115,6.714256019162991,260,309,-8.086833785133477,-30.500369865773564,3.7602915108870008,0.8182261635511373,5.745929416601316,43284.47181910415,0.0009067022170737993,6.439129825305621,260,309,-38.22729665527111,-26.169152251875275,4.159825394768339,0.7983101745217196,5.915821244378768,259264.06206461616,0.00016031426761957567,6.309952605177157,260,309
AFPF2CONJ33FNFKOEQ2TUNWQJTFQ,8.964523833921781,-17.30983121683372,6.266442967143202,0.7996005900352507,6.468633398833176,19526.038894045065,0.0024820377302254685,8.438765073279844,224,241,3.946425595114055,-21.770970410487227,5.968674077880886,0.8030588337085672,6.488757226629285,40119.57864667827,0.0012234814694718587,7.824042179219981,224,241,-3.288184672597043,-24.902993055022733,9.064889271917,0.7357169692021657,7.208441471322295,77915.61416127476,0.0007580119447689087,9.04105679726653,224,241,-5.093477016981906,-31.261319515142365,5.984726734166524,0.8230427078441279,6.976183253080138,62042.99206877784,0.0008993217473932519,8.76282328674864,224,241,-34.56814968947246,-27.137784581459684,6.406532537289288,0.8099801278188064,7.209739281938637,266509.53499921283,0.00022184374094221735,8.624372214705044,224,241
AFPM4D74WWLFUJC7UGYUBK5FY4KQ,6.583695837418559,-17.979603524318733,3.126353984509883,0.7712164288800507,4.609277914590094,18582.20391425767,0.001401597335621067,6.252540420168833,130,148,0.2924769996783578,-21.944864388828947,3.2427391194173993,0.7676360124430017,4.760442492850589,31441.74070651131,0.0008566761571419767,6.304801696851783,130,148,-6.632714507316686,-28.41859666743068,3.2317196095958707,0.8057334215461149,5.301192355009317,77969.35987315864,0.00042486661449318277,6.7693779404306405,130,148,-9.7945145886918,-31.974849875326537,3.350460387921056,0.7860673638769848,5.112797031230006,53690.96447345958,0.0005871475352430008,6.628134833798521,130,148,-40.51208611421987,-30.059805978516124,3.425282643373826,0.7727564860366128,5.17047465698608,271281.7860854198,0.00011585443136797754,6.297967365811639,130,148
AFPPNF3RSFMMNC5UAM6V4B475MBQ,7.326912285531653,-16.3602800090551,1.4018879231346881,0.9387984641465692,5.932256727658651,17963.852532621,0.002198975296220928,7.48049067066905,1019,1016,2.149818033882032,-20.23664157557204,1.9282384500868945,0.913812505617305,6.101680176833735,31351.059366764926,0.001314697966955767,7.045680966166707,1019,1016,-5.667907268627349,-23.09619531179581,2.243703581078402,0.9147300529479495,6.8441610714047085,73969.2400890607,0.0006891758883753869,7.923272368017735,1019,1016,-8.239996729338944,-27.781456130199338,2.126473213749684,0.9168410827139156,6.552644647857922,47588.40977686271,0.000992684335867758,7.712533987563467,1019,1016,-37.9001743666617,-24.673928440667638,1.7505667626064196,0.9325239337822402,6.837723530236692,258315.82859328884,0.00019720946378146858,7.626130117283618,1019,1016
AFPPPZX2PLMWY75AVRTJSMICZOEA,6.756904587310947,-18.881235444752075,2.472542692758326,0.8286713703605311,4.718703261482839,17138.882808121332,0.0015208147221057566,5.938645405906989,163,170,0.9797578786030117,-23.689049451395015,3.4903466067964843,0.7573455161724147,4.8716642509383625,34829.98566056613,0.000789868769245276,6.018282597298511,163,170,-6.857384274335797,-27.3550484660417,4.424702879345656,0.747650913653661,5.547064284041563,74745.50044470768,0.0004661970986601153,6.568771847166979,163,170,-8.847605219553502,-34.49491828950526,3.801466036823532,0.7852563525523575,5.407312109809074,49663.52438911996,0.0006790968699486805,6.460767365593591,163,170,-39.916224222803244,-29.712798124912236,4.264509417465502,0.7521940257285795,5.495284649988772,266839.09726160584,0.00012846497247576995,6.234856069051055,163,170
AFQ3NFIIGSWMRKJNKGBKZOFT3HOQ,6.459830408539388,-19.188929538304365,3.354033108304424,0.7947064572231864,4.674577455184461,19376.66969831667,0.0014762756495074868,5.729397884291074,90,109,1.3345187461647297,-26.883461424950504,4.003110147506368,0.7527133971374217,4.895219958921685,54367.22746550157,0.0005517624845930017,5.878969070179584,90,109,-5.87876808815764,-32.660382258966166,4.250392114763865,0.7861450300431204,5.5267189798703376,101069.16205352156,0.00037416298632225275,6.394460943978099,90,109,-6.0356539026450715,-43.44993279398023,4.819187385998362,0.7539304770271565,5.3487476352611765,74902.2151077365,0.000484546112646103,6.240171044581566,90,109,-39.411342747224175,-32.71081623478104,4.08497202554362,0.7815749171099962,5.415313027101172,284041.04742739146,0.0001289590352236296,6.075952472706147,90,109
AFQM4LM7JQGYBETRKRKNTUP5CVNA,7.61763107194606,-16.941715063257135,4.423326882679485,0.7930715224488987,5.588037680580079,17253.762925873118,0.0021637837252908784,6.153992646593527,179,183,2.182916246589328,-20.6607857455902,4.812866401707424,0.7829403096610751,5.773324353782141,40465.576546812736,0.000989062786740164,6.008245367733048,179,183,-5.184589552976579,-24.814921106428898,5.203446814085208,0.7910284300486807,6.4591835407722575,89862.12949115149,0.0005469875611746006,6.779028233321732,179,183,-6.565794487322258,-32.50412182074578,5.594495268766516,0.7716843571197014,6.157410282014786,51953.848509321615,0.0008702719819366947,6.43977182181637,179,183,-37.3357482758529,-26.081027203607917,5.235999591720686,0.7873099020818101,6.4130198508013,263355.5811290337,0.0001848177342762933,6.3540901341286915,179,183
AFQQRHNOS2AJSMORGOJQTDOWF6EA,8.890445544194032,-16.535908675883068,6.230649585339341,0.8360266362137903,6.872122402794538,21977.053811516365,0.002636157565492986,7.682176383996745,242,218,4.499271699992695,-21.5763220413685,10.71093334722552,0.7269737718654856,7.041059521537031,38056.55536909586,0.0016074773770043528,7.4499790227372085,242,218,-2.9889474093380177,-25.58022473924908,7.687965220656751,0.8229377287880115,7.623332266943478,96766.91186195877,0.0007243846724691246,8.224990125433212,242,218,-4.882745331412451,-31.552953204023268,8.164989553833452,0.8063307608807009,7.488066887067429,57169.83407200496,0.0011716764149939008,8.044592973956446,242,218,-34.328968831737214,-26.70584939590904,7.8383500348534225,0.7923672870471247,7.289453841604499,269662.2015287854,0.0002397501886942011,7.657546463656919,242,218
AFQVCWWD7BEUS6YTHTDLCTLWFIBA,7.1508465946857,-17.15729180100718,3.1384857325122324,0.7891797222212525,4.878196942684438,15032.10332083655,0.0019226670970434367,5.937704190893463,164,157,0.9862364756352308,-21.968722328946054,3.1540760520149242,0.7932404974656693,5.054607416643917,39259.28754639374,0.0007747273126641768,6.106873458267602,164,157,-7.170869079875474,-24.59165716571771,4.757770259915579,0.7516134245220892,5.680739335521876,80547.20379308316,0.00047114629946541875,6.7247318367315625,164,157,-8.044821773195018,-34.75038016258619,3.3853129520327108,0.7952331384744813,5.297585920006516,49286.99814133856,0.0006701754799735728,6.431085260368574,164,157,-39.595099274190886,-28.424487951456992,4.236265446045298,0.7600245054911025,5.584979923178535,270162.57848911174,0.00013522750783048353,6.289451888631788,164,157
AFR6N2JHAAWJLI5EJFQDENFMVVAQ,8.19182164337813,-18.383420205531316,11.097879875086978,0.6133903540912462,6.194597501730995,18854.31479558144,0.002328191248007545,7.620357307468673,170,186,2.832395103761774,-23.099191644203735,7.669778203037308,0.7152513321442853,6.184827503054826,41388.11150651297,0.0010507380440917364,7.070870238071508,170,186,-4.350508586350627,-27.252862021882994,8.846367235046591,0.7079488994551357,6.799637217752749,88526.55020930733,0.0005881206489106217,7.864392691557405,170,186,-6.850961872193004,-32.32310842668119,11.58670699146736,0.6140461578647016,6.617145815201919,63642.022343516255,0.0007809819001318457,7.831666330193365,170,186,-36.6170871706688,-28.50915766394367,10.341429198998073,0.6677410722467565,6.815145823956368,273675.0065636628,0.00019168107949038015,7.655927590625515,170,186
AFRGJMSUHGKN6E36WF7NUXIQVXVQ,9.211745481919612,-18.576210377086543,7.250631888397044,0.7354600269306677,6.028135254800624,17230.259941653298,0.002545133519038826,7.5218549728780815,155,138,5.24419691606586,-26.216026864236618,5.276232404046078,0.8100743805556005,6.236941617401891,40420.4991201214,0.0011254050920570158,7.373031674055851,155,138,-2.90061885517954,-28.457325416303508,7.497277775079311,0.7532824580137343,6.805216912508457,92395.1577341307,0.000577665347361983,8.201460875338846,155,138,-3.4133133215426024,-37.889564746384046,6.217000350182861,0.78631312504653,6.506836330344992,63490.20069834469,0.0007882954506659752,7.928173514037766,155,138,-34.08096694104557,-32.98665954410549,7.242008898947513,0.7428254692667624,6.582072356945919,266981.4101202852,0.00018926277769747726,7.629194177280321,155,138
AFRHCRFFRBM3RVBVDMFDB7SVPTHQ,7.457391980281925,-16.113915378562673,1.496019338225485,0.9591471718840272,6.686663801104522,21106.176136606737,0.002511407984684711,9.654024546860912,778,746,2.0727001753826193,-20.396970508231792,1.4528595905054276,0.9544783080632038,6.512394069082443,36298.7482416538,0.0013780572416900697,8.709775564142848,778,746,-5.195064180507195,-23.0320382323496,1.8791869005812767,0.9504003442586029,7.337919910580326,80511.28358751057,0.0007696661513141473,9.987731843391321,778,746,-7.395256827040327,-28.79677237777101,2.0524853913603622,0.9455415759786848,7.11620807225297,52675.68372657322,0.0011294531722190317,9.7725146213845,778,746,-36.91264860351156,-24.471691141907897,2.014872371547351,0.9492096846114011,7.442019121688512,260481.756751338,0.00024516528253234934,9.802810405831902,778,746
AFSHXT5PTGDSFW2725SDXIE6ZVEA,6.518290164359186,-15.553412150343997,3.722682761600563,0.7602787627137466,5.019011085960692,12770.043802424756,0.002303249544647949,6.392742907322187,170,195,1.260480078784639,-20.511710348055754,3.2646660384069137,0.8079996619405523,5.2309777177460655,31369.964213209725,0.0010266170332423185,6.39376207014407,170,195,-5.770509551055249,-26.326111403779084,3.6627677920523736,0.804535761535035,5.761699293086011,87255.71206590669,0.00043874676678836317,7.054176804038178,170,195,-8.53298485000585,-30.968746464800965,4.675725675439724,0.7358983295443258,5.445750120831563,46499.122231619775,0.0007429804282101513,6.6789212478203615,170,195,-39.713628880753895,-27.10940936156108,4.378791252477888,0.7529293596797189,5.620099827523233,264960.40767025977,0.00013840489691035226,6.513374609513542,170,195
AFSPTSJ4WN3TXSMC52FRT3SD7WXQ,6.897494573729194,-17.17082444512867,3.2225453457419015,0.8528014693072071,5.416422657182494,17066.392937647466,0.0020404261860875158,7.194062560724108,649,638,1.4907886157183075,-21.769222959236917,3.716326894833997,0.8092976539403552,5.415419087896732,34525.414487505484,0.0009846335159078077,6.9866747690790945,649,638,-5.9470344265931825,-24.84755426520202,4.320802628095207,0.8095841311550955,6.038052959866984,72060.22256806963,0.0005844111234225211,7.430114159383148,649,638,-9.172506345587982,-28.881275887039596,4.46474760972311,0.8107049337948299,5.917301875752757,47238.949062293315,0.0008651635768632255,7.568021664261896,649,638,-39.33797219462061,-25.584438511942626,4.057946212224096,0.8206957046497881,6.0099947532791855,251734.85506899506,0.00016546704058869352,7.248996987469193,649,638
AFT5J6QOJXIGZWFLXKAW6DEDYKVA,7.843322229445055,-18.04898622868661,4.7360757499721275,0.7516780769779888,5.20510738530823,13305.241665045532,0.0024917412383287808,7.05608044529742,207,168,2.201530757120725,-22.387087480302924,4.953826086052102,0.7268279259424845,5.2643609344447855,31920.478342019363,0.001034141114899659,6.919552923358891,207,168,-4.446648982432062,-27.77446125112402,5.581951818285226,0.7448824322278883,5.957499668051162,66671.1733144473,0.0006308265192677342,7.923100593952846,207,168,-7.718464819602387,-32.0645177501201,5.776562732351243,0.7057237929335751,5.61603702101629,42624.30183727361,0.0008692755076582285,7.739687395609703,207,168,-38.65039074504363,-27.54780379464419,6.824203665752506,0.6631629361153757,5.7951249828261115,265560.1600370959,0.00014947755778646366,7.550395458462725,207,168
AFTAXGFUHVRCHPOVABUAO25E7XUA,8.236974517995122,-17.966570241920255,4.06708419831296,0.8338156989105359,5.747988482151448,17781.329028836903,0.002223256291871526,6.3471917003086595,358,301,3.116896124571743,-21.937493224958256,5.5527195878686655,0.7608365110300492,5.832145381851909,32008.600221092405,0.0012538465426880853,6.134758900236467,358,301,-4.554371684303207,-25.63334260770335,6.051648604730739,0.7665388338165291,6.341795399372539,79334.13413895897,0.0005897706282776672,6.714844840947996,358,301,-6.634528311869673,-31.6028236455603,4.203407220253389,0.8416895141156543,6.264515589000703,49472.009104792785,0.0009289973417403719,6.631886084300077,358,301,-36.75871833544577,-28.078067785929004,5.777166208658073,0.7723129644925867,6.237815099785357,259777.43714436612,0.00017623441966699895,6.363267090464284,358,301
AFTFDX6Q66PKOISC36VFGNRLSYUA,8.240533095829194,-17.18543569937029,4.394619676545769,0.8301033423345935,6.2155095193908325,18669.869720397033,0.0023794864522283963,7.131252920979675,147,170,3.469599228762057,-22.603788324639908,5.364955258111907,0.8049407778254583,6.418239349938179,44156.67109328862,0.0010706854742333974,6.674325294727965,147,170,-4.483866700111777,-25.946486206404707,5.843850298235268,0.7922784936912934,6.853311796866646,83214.577962568,0.000632241259428727,7.353392900654499,147,170,-4.864032462599097,-36.50083574494072,6.263544482716675,0.7710067678353619,6.576373202203493,70395.36944290211,0.0006977056600341595,7.271533037238182,147,170,-35.36820626621391,-30.31577175262926,4.976600438794745,0.8088359652309752,6.690493906200722,280328.750232408,0.00017828771700987957,7.098073108890525,147,170
AFTJ7XQN2EIELHARUBBL6Y7L65DA,8.219079483982973,-16.82113661504878,7.585582128528204,0.8004021885790976,6.608894990910392,21583.000982280344,0.002545113925534946,8.147478490249757,219,185,3.0304912674215982,-21.930437653385976,10.618806947874912,0.7240257352640977,6.587680659838212,45324.28284715919,0.0012252050915579364,7.7422854016702045,219,185,-4.8164741968945295,-25.119325423659344,9.865350285160277,0.7582731614874685,7.135787307350705,87980.91326774398,0.0007184281145796748,8.211585108384003,219,185,-6.729614717389688,-30.929495325135285,10.445148883259,0.7647673983313986,7.20205021184852,73503.58098334247,0.0008840443430874294,8.487026531990372,219,185,-36.20264922817077,-25.085797606717538,11.292635297311884,0.7278996592090252,7.195032282714686,272264.19616406236,0.00023595407395146789,8.23128782310474,219,185
AFTQN4MTJHHVFM4FEXY5KT76OY4A,6.6362142559499215,-18.054910823173476,10.017398520667841,0.5486732771951736,5.4537457420718205,19797.68141010247,0.0018548201244108996,5.877185861829503,136,144,0.618722079240025,-21.828089871500705,8.175732155533835,0.6001184298346478,5.422504157236156,40693.73511711296,0.0008711430386564406,5.843525317328686,136,144,-7.574581182932649,-25.58306663435137,8.632337462391416,0.6229752450869093,5.961528338602774,90949.47279232104,0.0004632089370642957,6.3519879484303745,136,144,-8.815955882090199,-31.82514104886813,10.133316209288997,0.5834430953387235,5.837886803848028,65131.01301672496,0.0006396401910185894,6.286393359623372,136,144,-39.8293536596915,-25.96010823853543,9.796488167786823,0.5757842464117564,5.998876549082715,271942.48029839946,0.00015830884752795365,6.168177369581395,136,144
AFTS2ADH7XVJ5VNQCXLYVNMTJNGQ,6.521179627989213,-18.596317652119115,2.9210764841905426,0.7434953839392026,4.349642414116341,11641.500027855745,0.0019253955095495181,5.90364102815292,196,153,0.5928099158462297,-22.852523443091034,2.6473221828072977,0.8071284796588974,4.718861122825225,33819.55417936952,0.000794640958766918,6.1765447698031855,196,153,-7.16990308937978,-26.528315918083894,3.0854236766185386,0.8131746708763247,5.269034166621937,65363.39303897388,0.0004993884169425336,6.796292331109768,196,153,-9.556866391666427,-32.69256381838836,2.3850891255497992,0.8308081796020308,4.90874349877962,37514.58087696937,0.0007513855802865625,6.379725773678275,196,153,-40.97798900798787,-28.132905572358645,3.769336765660718,0.7503049722803248,5.172043949824334,254791.09807675582,0.00012209593616832387,6.333627293701089,196,153
AFTZWAK3ZHAPCNSOT5GCKQDECBTQ,5.916642550384872,-16.968087416989846,3.077684024808187,0.7729599825060929,4.620896322057639,14250.755060954234,0.0018027222781697063,5.907899759833925,181,153,0.32009241186082094,-21.885471332350445,2.33581192378858,0.8384500745319124,4.858175170419987,30559.077800496314,0.0009070739968652915,6.166617443853161,181,153,-8.010075082939505,-25.714405260683137,3.4100561719052283,0.788218645143315,5.3317488593748585,69506.1158350623,0.0004700447581458484,6.696859288421232,181,153,-9.27929120628561,-33.20662528440493,4.148673540040839,0.7167394234596766,5.007687127811827,44256.591797973764,0.0006635313999409202,6.416254284223726,181,153,-41.218785141579346,-28.23515682464,4.0109996350887105,0.7391433911687293,5.219244185363266,260288.51308347375,0.00012193461906726811,6.223679482413217,181,153
AFUAKR7T37ENPSFCNQFHAAWRCVLQ,7.262621502473256,-15.977303177059715,2.6022039239748542,0.8331929163028844,5.097561807138335,12990.82649760113,0.0023514131696250875,6.606590614857549,450,471,1.4540576361649415,-19.34561925183471,2.9669093647958964,0.8344437247936474,5.442700423626007,28326.492355487935,0.0012287779422533727,6.928062984818951,450,471,-6.095894845461348,-22.806803908199015,4.575177749308801,0.8032510936396395,6.258731459537024,68997.79578159262,0.0006523669851137508,8.052678179019686,450,471,-7.940490936797876,-28.36021390455949,2.749586718135913,0.852868857571522,5.688912954908369,35312.48871009954,0.0010650210599335464,7.221230483459898,450,471,-38.361741593855704,-24.31528670911732,4.756821574353744,0.7838375202025557,6.175592605833919,249425.06041278705,0.00017663981279741452,7.384388742877285,450,471
AFUHUI2URN4L3V3SJSUCBC4PMUTA,7.846315440004605,-15.837018961865999,2.7089212725264815,0.926278175219369,6.748200957476111,22458.5932082848,0.002411322244316524,8.264350606908392,362,326,2.648373760596672,-20.140980396433402,2.379206416177364,0.9312211320629756,6.660740798643809,42818.591754551206,0.0012385734893751229,7.618974067385339,362,326,-4.956548286563642,-22.159782919736827,3.210187037576986,0.9199397714878979,7.3862233860923645,86428.53252988785,0.000742995725863125,8.55509542612179,362,326,-7.051422124236947,-27.729544854307612,3.4924465690682363,0.9154784579150225,7.340079370425698,65916.0563983291,0.0009670934542995232,8.587401092362107,362,326,-36.22888732445624,-24.408001716325206,3.2440477281721285,0.9172049304857217,7.330732937261352,265814.7183568908,0.00023726318741505766,8.274396897228485,362,326
AFUKCEULW4KYMWRQCVGI6K3WTVUA,7.306992447768522,-16.409158363002554,1.2653231872221706,0.9230310413246312,4.991800839818263,13475.805113375072,0.002209219438093237,6.27314030864728,767,682,2.1514096813246177,-20.809154142657288,1.0936269116072475,0.9377654391424048,5.280538910088045,26346.17200974798,0.0012605063962060558,6.353953809093494,767,682,-5.567704519159384,-24.53082594754306,2.1247262503432625,0.8968131678920108,5.9135566177860985,64604.835109211795,0.0006329022233724725,7.001639558198677,767,682,-7.923469078979842,-29.449257507602592,2.037715997155099,0.8927782348087479,5.582020665206334,37394.5323914715,0.00097631853442064,6.648783340954841,767,682,-37.90119885436772,-26.42894706495352,1.900407585252501,0.9029552910700667,5.816567318639871,240995.7983154221,0.0001647785764878215,6.569880999214421,767,682
AFUQBLHWSNJSWDEXPNYV36DODBXQ,7.6956347544243675,-17.583395618737054,6.234576374497578,0.7784518185753242,6.127391713538459,18718.48704793061,0.002336313001184733,6.576314993008127,172,175,2.2065658985302306,-21.536080822894395,4.838567250619195,0.8133067640415681,6.060250399702952,42467.30002628474,0.0010122060738449756,6.229692885870574,172,175,-5.400477590612149,-25.32067547360858,7.208275709249255,0.76249166268887,6.658136923362051,96451.11407792152,0.0005269624823147567,7.125761071973255,172,175,-7.622245980548353,-30.925318874614593,6.920710220427228,0.7682168397738156,6.474162729668321,53974.39842169059,0.0009094870760243273,6.964515083538929,172,175,-37.35572021179198,-27.465662334541285,6.308559482768793,0.7795310162722516,6.571006297572091,276588.83789791196,0.00017911389243374483,6.751203852685954,172,175
AFV4TYPSM3XZC27VSC2NUVOVJ2JA,7.5043109633754375,-19.386924369219596,3.7094874659045516,0.8161525452044982,4.893920399828813,19456.33954324671,0.0016786247280215346,5.965149728878412,169,155,2.684446367603931,-25.449777147302225,4.227018211521552,0.7924751835947078,5.160110002236137,31021.902118481215,0.0011300760954940571,6.0237141549666156,169,155,-4.726510740248798,-29.44680629633204,4.444061563314135,0.8082282508179417,5.788105393608086,89857.00337149868,0.00047746093749273494,6.4745807745693424,169,155,-7.414406765371076,-36.00696278131156,4.373933189806957,0.8051337076404124,5.523076440370473,61275.2329085985,0.0006479163336275841,6.427686154667911,169,155,-37.30590097217473,-31.560425795251355,4.938298633582208,0.7723484942682872,5.649878916398027,267129.22744948603,0.00015230007915303478,6.243688717595318,169,155
AFV7LKHKY7TF3GKWLEBIWI47JSDA,6.54398041216365,-16.104130425305534,4.864587187998931,0.6600979768131636,4.846623933360373,13847.38074346897,0.0020181402201188423,5.99401085948206,266,277,0.6557125496769164,-20.02997218090966,4.980564659993318,0.6851071381716775,5.115694082316165,30317.42659683924,0.0010130132252942577,6.086279089348566,266,277,-7.113381290609699,-23.847646649937474,7.468919808798411,0.6494082839446984,5.911608412587232,82425.40458144835,0.0004960486976462705,6.825073029971905,266,277,-8.875998911349216,-31.613478975441808,4.989137416324841,0.6921930789736734,5.281690185127102,41321.044321175075,0.0007881384127288059,6.279207275037604,266,277,-39.98704016457693,-26.540959203905935,6.234486728719474,0.6641907607198583,5.683127728314086,259517.33918442874,0.0001433826653380427,6.37788150370595,266,277
AFVFWYK7J23ISMRK3ZI5DCKFXBPA,10.331902852493968,-18.01490889330429,9.04953563309213,0.7821997839203314,7.510830085718487,23496.852782535407,0.0028434292115920553,8.436963845669704,153,150,5.735766799100967,-22.038841435057034,7.752512742369614,0.8162857325696994,7.55344287956952,48370.41204059209,0.0014084965496579626,8.248249670643526,153,150,-1.3964960452240152,-26.179870592712806,9.311024474218465,0.7913069125371712,8.152774476324565,111221.88423305233,0.0006885367742993548,8.73561393202974,153,150,-3.6133098312743708,-31.679014524181003,7.676914571110212,0.8203096035702683,7.810473959763418,71448.56590126533,0.0009939786195219326,8.616374395811594,153,150,-32.74429134597823,-27.400697910771633,7.641383965220064,0.8125387533613332,7.910480295914081,281335.8492813194,0.0002544561132419723,8.303832704416877,153,150
AFVOZ4UNUZKEQ7GTQ3IHQY7PZ5FA_1,5.743104985781464,-16.413954971199388,2.0692841790958223,0.8310936253986206,4.486751104028025,12189.209358346718,0.001994439422821331,6.520025665185547,364,395,-0.18427943970500654,-19.35124060659154,2.558264238843739,0.8337972925024022,4.965963451945563,29647.098612570117,0.0009982538738750658,7.0850235550106735,364,395,-7.790616257283025,-23.079289046166092,2.868293088039943,0.8645439340304288,5.745115457333204,79639.80107497671,0.0004922435251445274,7.671649410505095,364,395,-10.89099684819019,-27.647860427277,2.1921905031575433,0.8597361459122819,5.208810873042573,38546.867600357364,0.0008244914497950161,7.181601685288558,364,395,-41.448160548487486,-24.17662751212605,2.9958021703531332,0.8444915630674957,5.6429999000714455,261895.52916524545,0.00014365669126678766,7.159511271113298,364,395
AFVQ6XMBHSGTRAUUEYSUJ5K7WT7Q,7.3938043238684426,-19.711548814328903,5.5030994791244625,0.5518471066302073,4.470209608235189,12265.52574448037,0.0019455728720295786,5.990908770571808,177,172,1.3952784191109133,-25.583224086274015,4.859728634300296,0.588478869154978,4.484340474755732,31422.088123605365,0.0007427947590849578,5.769297659715907,177,172,-5.609722355109447,-31.69577487420065,5.599974612875033,0.6048046738801788,5.028993304732505,65618.44495251874,0.0004449040323720551,6.189752626403179,177,172,-8.631284273726012,-35.522093284844985,4.9905794329385325,0.6212502974634029,4.82639244726044,40899.648169346714,0.0006599414392104215,6.073738082782257,177,172,-39.51282448947707,-32.46715805503003,5.459063996346196,0.6140981887035208,5.0702719766300905,257348.92413828766,0.00011579367233558673,6.057115011590938,177,172
AFVVHXC46GES3HXVII6FWLQ6X7TA,6.964025219778094,-17.745071341531965,2.8134275282549344,0.811192667672495,4.758807987796708,14286.964109113085,0.0019228339157983593,5.894327704591957,255,265,1.8790912320215305,-23.247732717128414,3.2160282595807073,0.7937539241182365,5.0182453065977946,27424.463193156298,0.0010978774687834584,6.243188402375353,255,265,-6.276594672462507,-25.644147540776057,3.410938978296382,0.8264267803358029,5.756532005838437,74788.92979547371,0.0005197045805219426,6.997851479531633,255,265,-7.909407735713542,-33.33045427296798,3.4400311917049935,0.8093850306103073,5.405905293655458,39395.287771131254,0.000882363476064966,6.431547201077695,255,265,-38.2054809257307,-29.556873511149647,3.8082423981513838,0.794849151327001,5.651118432921749,261287.0211084925,0.00014378915913039394,6.509075107427377,255,265
AFWG3VCBDRXV4MMDNVOFWS7J4TDA,7.130580250809733,-19.41878359293226,3.967778053066391,0.7047714264448676,4.441952207133069,13752.220789818239,0.0018577674911044362,6.139156093642765,178,156,1.4552327649067085,-24.866414997275225,3.8368682734015875,0.7375455845760859,4.731872410646124,36588.25103227357,0.0007716194300946204,6.538516023269878,178,156,-5.855346608709216,-29.635882052455024,6.1931751502340004,0.6493033055165552,5.381430478017594,76431.25550402248,0.0004640182407578778,7.089821630976638,178,156,-8.146304895540242,-36.9060039896721,4.640557697387898,0.6853508388032621,4.880365896478455,50831.041902601726,0.0005848785623233235,6.699279059262886,178,156,-39.42957061531211,-31.565648241914516,6.05791729350294,0.6456411302090339,5.336271164889775,263795.4953708037,0.00013377687939270221,6.466306322742816,178,156
AFX75C3ZAE2NW474FKDCYCHNM3LQ,9.405290416080208,-21.773415642283496,8.47173037821555,0.7053143420494072,6.109972655875504,19991.337827431606,0.002161632480425308,7.596971668588779,146,145,3.8908471545659196,-26.631117237225506,11.12449608292636,0.5525025940384831,5.976887550205234,37092.903639695855,0.0011041526179421553,7.0752173798120115,146,145,-2.7434111623373516,-32.08377152246559,10.778855438334553,0.6745517599355423,6.883843159255922,92500.0905737189,0.0005869786169393511,8.192773389212183,146,145,-3.6107191335900333,-40.79273378730456,10.441057095055918,0.6659044503898576,6.555429007798631,72463.12642021722,0.0006814104755048788,7.874360880073214,146,145,-34.416885371536495,-33.16866542015696,10.980086062554577,0.6580524375257182,6.873373322895156,277492.4635211379,0.00019401579447331569,7.866438668591741,146,145
AFXF3EGQTQDXMRLDWFU7UBFQZB7Q,9.244254943470613,-16.252646018948983,1.7125003418552838,0.9467613567556115,6.5608782903405025,20605.000678853812,0.002524862366318798,9.235499729236796,1438,1489,3.755812767066728,-19.92053568695005,1.9404023983907648,0.940816200652878,6.716832826539399,42426.646151846515,0.0012761179767013422,9.299979826381326,1438,1489,-3.371203677916283,-22.8934003233448,2.0474704431244217,0.9361419652009129,7.072289791485663,72216.60994389103,0.0008032652518439969,9.672601966613222,1438,1489,-5.890157955784207,-27.930168027878615,3.093706585637511,0.9111545800778511,7.02263907057105,47953.50490236879,0.0012144147585975255,9.736627547980312,1438,1489,-36.13007035444905,-24.420404585070248,2.8677507952913235,0.9100098098426344,6.90301749382776,255104.13647842573,0.00022014705472081725,9.176821725757357,1438,1489
AFXJTDF5NUVLHKVJU7BMR2ZDVKBA,6.225836774250198,-18.385185519705306,4.733332785463985,0.6928011039091504,4.868779856355367,17983.712954721308,0.0015701042046020294,5.654146088227138,143,146,0.2621406233533705,-23.67828656183362,4.33994441498279,0.7188113773864018,5.018235424476124,39788.27207246683,0.0007335278356452892,5.749345530174606,143,146,-7.005482862232767,-29.01873941208348,5.742489491645532,0.6993229316014055,5.644911246281591,83505.67480445882,0.0004376465869752715,6.262549047997367,143,146,-8.671162480749501,-38.00218727781521,5.80184229288711,0.6822753862015949,5.458739894176842,55376.27794657883,0.000621924170588702,6.071296665351504,143,146,-40.03395236134862,-30.57485112880231,6.602559449402903,0.6542602132443681,5.686991090903536,275316.959443646,0.00013629006805963566,5.919597174121767,143,146
AFXS2DNVD3WRLMLSJLP2UXL2OQ6A,8.403248357603633,-18.206053869761103,7.922542960140591,0.6982865794122239,5.758674499894741,19446.182665348202,0.0021189538540047877,6.413969647165356,86,86,4.100340236638791,-25.109762554204153,10.387202587269465,0.6943901249441287,6.27272581332913,46763.54589000625,0.001078067622726627,6.355844173000273,86,86,-2.5551676346517924,-32.29742223686164,10.612969034722912,0.6715408928781617,6.589938294476746,112358.01953406444,0.0004665159883204073,7.140348804950652,86,86,-4.378775942938479,-36.767920378268975,13.275460878487646,0.6281895959585055,6.56569900178096,89726.01725455683,0.0006048717391487112,6.968422844132697,86,86,-35.863750162434286,-31.212610280997943,8.485110911704105,0.7168357954843216,6.453896340485731,279269.27605162165,0.00017944235302271518,6.746878342284483,86,86
AFXSVEP3YV4X5H2YRFZJGLAFFZWQ,7.906758733668749,-17.019258124745033,7.792569330109152,0.641547931512374,5.73086432120034,19067.259320523888,0.001999740103074596,6.157719459859808,230,235,2.5128162805572556,-21.38583022244438,6.501223541795262,0.7095827646642908,5.89274977098873,34614.228030454695,0.0011713576689539292,5.961393919133406,230,235,-4.50201142008158,-26.03834237362259,7.713226726486085,0.6950841262502043,6.498851429432508,79093.49330800748,0.0006124795006065543,6.870380467092908,230,235,-6.432329712691912,-32.50646944637622,8.120810586694523,0.6525533717241067,6.1794523270930295,46871.659249990094,0.0009255481544798252,6.492938369662899,230,235,-36.66377093130676,-27.26465191920598,8.085060251257202,0.6572353115180657,6.334646575023131,258374.29007122645,0.0001778265128348697,6.313859971785089,230,235
AFYB7O3AY4KNFJ466V2KSOQB2ODQ,11.056853668088886,-21.66100851053319,8.770694367187366,0.6791347561821454,6.43975950127348,20029.306326123362,0.00241476754369097,8.36141058540947,480,625,5.857637105563828,-27.20539609475435,7.552679087933822,0.7335337390654789,6.410124095618128,66056.88286737523,0.0007414588329588366,8.063632221276347,480,625,-0.4342441146613928,-35.420923043907095,12.734059063407962,0.5512159340514842,6.913527495449898,136791.6690842686,0.0003946362355606502,8.669778225235515,480,625,-0.4240594304900257,-43.955598778303546,10.212178079497457,0.6446023120453556,6.806577740121676,74627.49581012709,0.0007121451719016498,8.464279925580282,480,625,-33.29964357982257,-32.96072316382005,11.296590215632566,0.6265217011388662,7.1053225412019705,289655.12742049556,0.0001987069743685256,8.373736383499354,480,625
AFYD3MPCZTULGZL2JJFW324JB5BQ,8.2172126011582,-18.197521610236052,6.090737979728344,0.8144765092393658,6.323335976980283,23557.57418014466,0.002044778991415693,7.900419266028289,228,181,2.972067558395885,-23.011887736852977,5.9597988923249146,0.8029886815068119,6.289308815266616,38994.916137836466,0.001219990069881518,7.325119365934888,228,181,-4.876201028197948,-25.080198240393557,4.655871406128113,0.8584778087839283,6.907140112115539,91518.50694582898,0.0006081437708373719,8.3660721728578,228,181,-6.489410149665286,-32.66765263633405,7.761791784356068,0.7795356435426504,6.831809628226053,62721.72174317895,0.0008849832511979836,8.143303692202077,228,181,-35.67830533354756,-28.686373259552358,7.803929589870511,0.7741183596415612,6.952548887244659,271996.2095344395,0.00020965677533035863,8.099075316709259,228,181
AFYF3RMBXF63VL5WHFNQCOFOWTHQ,7.529143575314334,-17.415805606092313,4.436476827030478,0.8290442059161821,5.924240490872839,19444.362015316616,0.00212338730855317,6.948429315789517,247,256,2.410886558940114,-21.669595867255467,6.744577447495764,0.7494824923267476,6.015554817023961,39404.27372720566,0.0011160067405287602,6.555128857499294,247,256,-5.348476239098244,-25.359412711439248,7.414019447389752,0.7330439881110339,6.4143154358327505,85379.84006532874,0.0005677458060001321,7.200147813993795,247,256,-7.073439901591303,-32.00324183575493,6.349429055443972,0.7715510340648236,6.323195390980747,50845.12528389937,0.000919174991555845,7.118473724829422,247,256,-37.89390105903911,-26.06595863799128,7.357216534360812,0.7363187292220181,6.421433790463894,272970.6497739666,0.0001786455173027667,6.915978472665548,247,256
AFYGKU4M4BODTPVSRIQ2UYZYEVDQ,4.980656564686747,-16.272805098824527,3.480237349520811,0.7164721532037963,4.469964068477413,16643.587418777326,0.001432307039066978,6.401218383671435,162,142,-0.6419353123541622,-22.471021423485382,4.227363544348858,0.7007955336478823,4.7965968798048735,37143.247122869354,0.0007371656657146201,6.6509082008940155,162,142,-8.96215402053514,-26.34729429770275,3.7234937336656726,0.7693219737052877,5.260527929844314,75168.38051676517,0.0004245287018939614,6.896604250187095,162,142,-11.722966278686672,-32.692457121551186,3.990728213718962,0.7279884390630236,4.9663811985723525,57536.969237964004,0.0005035573107925868,6.758241081249063,162,142,-43.442179722509316,-25.61455527262185,4.52079699774478,0.7175248981026519,5.3207388135626354,269428.6042417832,0.00012292567293129236,6.639108573098921,162,142
AFZBRVQRMNE3RV6MZUYG4E5MZP2Q,5.82337969277316,-17.618235669441905,1.798519855664536,0.847761629270199,4.31018148670071,12894.64109866625,0.0017831312238358282,6.790978783077873,225,205,0.40679311366553816,-23.02630097458382,1.9874687346971376,0.8449948841968633,4.587136797450253,29712.813439860958,0.0008496139486870887,7.133309791241456,225,205,-8.36362112987491,-24.932368296589118,3.0073415081410277,0.8142431742960001,5.230162289891357,69407.76513998001,0.0004699101180217945,7.635739591702346,225,205,-10.908611035774536,-32.148314145046335,1.9775613892039718,0.8573760841946231,4.834207954675411,45554.73714828299,0.0006114792564650273,7.474616478417277,225,205,-41.75190581577234,-27.93736039854635,3.005923408128062,0.8060508597361059,5.210074989810156,259788.567194533,0.0001238902528984558,7.439211190914085,225,205
AFZUC23U6UM5PQGWTWF3DEYO2YYA,8.183364487083981,-18.40577954400843,8.200654943606919,0.7619820178914685,6.621371287651269,29896.071184908124,0.001774735904126686,8.137968672158653,100,80,3.0114310293246787,-22.893986376820305,10.281459993272476,0.6915024436897472,6.689947912649023,52777.14277852496,0.0010062359387414213,7.700628378126777,100,80,-4.189154897815085,-25.438354451952048,13.400693393140275,0.6575784579720383,7.36433194647444,89783.43659199437,0.0007178237261809446,8.478402518628549,100,80,-5.488871201051204,-34.49296185938606,12.189417380555634,0.682535867471561,7.26715817806622,89079.9362290729,0.0006981232317802865,8.608159227671733,100,80,-36.0101148921737,-26.90413213657116,10.133096619455236,0.7145484701439843,7.207219677683293,288325.09492684284,0.00020843618290642047,8.255167800165529,100,80
AG2L2V7VZCTSJXDAMHS2IQKGK4XQ,7.3504130232261655,-16.104537946771995,5.819045931877591,0.7211192718162454,5.506536968464275,20354.862282811227,0.0018067800228978772,6.603714108209531,273,242,1.9586965262970946,-18.672868089991532,6.4334307310290555,0.709442825113727,5.765244252672654,35754.57043239154,0.0011401218949767275,6.616352561920381,273,242,-5.560391569814433,-23.152954727384518,5.620393897921837,0.759424668507281,6.269101450478633,74876.31684732538,0.0006199407972625483,7.133891230307359,273,242,-7.837714994419767,-27.86057564371287,6.647188675323185,0.7248778217019987,6.126391081070577,39403.15195383494,0.001149140396484042,6.973199628769358,273,242,-37.996590497505274,-23.69578865077641,6.932533100922295,0.7027624513001267,6.250866589914699,260104.1449140795,0.00017853860357258368,6.776387661231543,273,242
AG2YJWMXWKLFZGVDPSXO4LHCA3PA,9.201565630306373,-17.545051852011525,4.812015038649029,0.855019667098288,6.458432168706087,20766.211647451997,0.0024588357154021524,7.654431387484229,296,282,4.670013579547917,-22.860248528664894,4.398960147679858,0.8665661415154579,6.636292532886346,39522.82331391359,0.0013403662751191074,7.299446642091868,296,282,-2.7510387272648185,-25.20869719716132,4.494999619671358,0.8774328727350514,7.31017069090144,78920.30440022003,0.0008010683375321415,8.216065338483011,296,282,-4.421914446292948,-31.53351619656273,3.5500148479250284,0.9044324639389569,7.148451555488415,58977.2560072879,0.0010333957618047628,7.930240123918414,296,282,-33.69549336827583,-27.890011798200984,5.916857365896597,0.8363090931453396,7.296752146206923,266671.31755884073,0.00023561731705456165,7.784334628878682,296,282
AG35UADO45DOVFVQMOZH6RXPZLMA,9.26583410521321,-18.0246269653009,3.621426569837086,0.8736041659429441,6.371709647296222,17809.33642779264,0.002651724978269352,7.178862820360519,406,374,4.039142684820972,-22.263769174476202,3.782645322653389,0.8595524787706909,6.369109783303664,37794.32899006345,0.0012399284709309912,6.72787249706613,406,374,-3.2590337862824788,-25.882690128837037,3.9161494743613265,0.874232784689429,7.200590768241627,91450.97132268308,0.0006322165469362439,7.966728647846862,406,374,-5.385929091937134,-31.667459127004676,3.6852547448773687,0.876388594715487,6.778757477346143,47325.69604963261,0.0011133067242899825,7.489086613502808,406,374,-35.31489019399134,-27.762999873597135,3.665357706619471,0.873535570929389,6.989440116880798,267887.8287235146,0.00020504556142850284,7.347033904619391,406,374
AG375WAXLZ7PIOQKIQ6KQB4J3JVQ,8.391081424016251,-15.8821441332656,1.4504686922928276,0.9477414599296379,6.18161825215166,18171.714321269315,0.0025475522970793895,8.090017045199476,1482,1401,2.924477697238314,-19.82931973217145,1.5938413014072346,0.9433600191118836,6.3484351038439435,37389.56480001518,0.001295978736637988,7.983341519105156,1482,1401,-4.924519087777354,-22.680072070829322,1.8753339344206805,0.9403139247873654,6.878045027329638,83007.84823767855,0.0006779674970098357,8.464836429328043,1482,1401,-7.283937523205216,-27.857347389627485,1.6421250098673064,0.9488050898371788,6.831678576660008,51173.87894206522,0.0010789961466484083,8.486476754291552,1482,1401,-37.17805288412538,-23.579913616250483,1.6165041565231397,0.9446257648375957,6.738731991699897,261663.71479855938,0.00020383507116333196,8.127059173554517,1482,1401
AG3AVVQWEAP4AXNUT3EZ6QK4FOBA,7.465801734086283,-17.662781516865532,3.6447204305479386,0.8437092893210357,5.581528746578287,19898.2440681721,0.001948223748279517,6.032947966765993,129,125,2.3855022025167867,-23.512105381095875,5.1994180183916106,0.7690900995972176,5.685830319641816,42987.75413317706,0.000930388027532122,5.911855822604332,129,125,-4.33514157073166,-28.656957062416883,5.813543394725542,0.7652797741800187,6.181167949064126,79888.46225462605,0.0005763505229296308,6.6587423805781585,129,125,-5.41845696272358,-37.27503147096793,5.254975777227193,0.7972460016735567,6.055926230966478,64450.603544652055,0.0007044739871519395,6.201233209320996,129,125,-36.05516563069379,-30.665941396945293,4.706168600194318,0.817578363915012,6.250330181667903,277702.92949165957,0.00017229878348274898,6.218941058382548,129,125
AG3CK7F7NP5GM6BN6OHZJRWWF7QA,7.955164585092966,-17.181657727514374,2.856965390395737,0.8578876271513489,5.438257602943044,14373.453348183544,0.002419146257653324,6.290260531332448,325,337,2.6362870297165384,-22.41496220737499,2.9922748915140662,0.8433228049934707,5.463339992795949,27919.20855680316,0.0012469104880033944,6.008359244426617,325,337,-4.432219832293389,-25.67405268222576,3.0685700798242967,0.8671633902334044,6.1878806911310855,82852.86444687555,0.0005311295116316479,6.895721330608822,325,337,-6.816026657348511,-32.05839142876929,2.5622310916267326,0.8851796695539489,5.87616444744773,44730.07831927583,0.0009136891525333645,6.544496450033051,325,337,-37.1046207327997,-27.548271774262126,2.8811185398637758,0.8700847050285364,6.037932492402712,253205.0092889014,0.00016773478886904344,6.4062350017916385,325,337
AG3IOEGF2MNX7OC7JSUPYV2Z3ITQ,7.251614392738567,-18.745241041187285,3.807333153695613,0.7490866248088931,4.862022754094269,18725.23240089414,0.0014963069503284116,5.574948331378072,151,147,0.8932808038471609,-23.45361558862725,3.5711219524018833,0.7495615086856946,4.856966350946216,29641.434311267953,0.0009261212928565998,5.46076550691294,151,147,-6.620507836501892,-28.021512467612943,3.6582788861531483,0.784324824340551,5.48297179099428,83758.33913990385,0.0004125811543458529,6.1174814930625745,151,147,-7.9583613353164,-36.57545850481382,4.933371455348499,0.7031652947674073,5.330973589615143,55375.69592831324,0.0005959228000601527,5.899341861753048,151,147,-39.971734191970604,-29.426173067976823,4.6508827865299995,0.7182692280762555,5.467021901621168,271454.2341547821,0.00012642996738104707,5.760370149639704,151,147
AG3Z6KI55YOIHANOCATVJMQB6AIA,8.100646079538526,-18.712830473862404,4.719706261302535,0.7925740877775751,5.645790823367693,17791.777649315038,0.0021433775476538694,6.332495284209367,121,106,3.310878988206375,-25.20628875291078,4.745530356564263,0.808363411521458,5.888542435946369,47082.35167109827,0.0008931871065890631,6.21474660840807,121,106,-4.391580832372502,-28.318928403637358,7.487316441440693,0.6994534358062613,6.3301129964356875,85435.7227595759,0.0005468590907198714,6.8899513115747055,121,106,-6.195394236090885,-34.495515728176414,4.812746108073033,0.8034648288259614,6.071479297566823,57689.96654796438,0.0007562027950248577,6.738796041976924,121,106,-36.42555021385906,-30.097206132650502,6.391242688972279,0.7472292767981643,6.3341071561145075,277608.084455221,0.00016978262186669846,6.5232016949447695,121,106
AG4CEAFRHGDNLJ6FREM7SVHAEOWQ,7.443411896852335,-16.79331585043399,4.873759755286713,0.8198465102389803,5.931015827192595,19294.185903421658,0.0021883522803980275,6.851036423949826,227,235,2.2239683575530638,-21.403549309514776,4.171902594150923,0.829442627495837,5.875499503612672,32247.775998986686,0.0012723836243637772,6.403085627265915,227,235,-4.880189019478625,-26.40399043563913,5.353584952932888,0.8047382280876934,6.431659155707674,82595.87378231427,0.0005824145210821498,7.312612866014527,227,235,-7.451756551309232,-31.07214535564945,5.114790540946095,0.8141176533832116,6.291758350316034,52785.074575173094,0.0008774211338425826,7.086503865240858,227,235,-37.55489799208249,-28.156911483301517,5.419839723679943,0.80020608907131,6.364664188996447,264718.62738148205,0.00017772012382700854,6.859337912704194,227,235
AG4GZ4MJEIPVMN4LDCQ447EGXNBQ,4.155067659300157,-15.102981688876795,1.8463073554468472,0.794930930626766,4.070884927485384,12037.968837398977,0.0015723990589878495,6.45113495028324,251,281,-1.789430459324127,-20.666213302161818,2.6132410528575534,0.7577372433164313,4.362685300957564,27624.47493798233,0.0007905734969317675,6.600646419500559,251,281,-9.846150489896853,-24.289073967208466,3.3498999501759004,0.7642897260777669,4.989930526228326,74493.41997229788,0.0003819747097076116,7.023572868541536,251,281,-12.81452178728562,-28.932988931207685,2.9653941364451932,0.7508037877011775,4.635050118900629,45661.026654195346,0.0005371156872762184,6.866177411690275,251,281,-43.87980738524317,-26.539843321978072,3.0774649349213843,0.765748456510853,4.887589994080544,251650.75601577404,0.00010890211941641423,6.576494370889062,251,281
AG4I7OL7GICMY4PRESVKVW4HK6TQ,7.472705901475582,-16.8308725815151,4.933832251690534,0.7767929609258759,5.584105026688071,17323.211920299644,0.0021114403691817997,5.958769981053662,184,195,2.7420415564017304,-23.26437737912087,4.259194357421218,0.7971461216452682,5.721905063632021,37491.50414698088,0.0010055486177289103,5.9904881338660845,184,195,-4.730767921847165,-26.24492713298089,5.869337474312195,0.7538422919684625,6.264306236266808,76405.67339887892,0.0005888097677418832,6.884606700686026,184,195,-6.482428278467677,-34.356202010696116,4.616866891211484,0.7929610167039965,5.966736055350976,50498.55370736717,0.0008054636906823043,6.380489247416634,184,195,-37.316260765115175,-27.107526710057098,6.395331337622823,0.7417850119162662,6.387457040283936,267092.76038062613,0.0001753887799393077,6.352432743416816,184,195
AG4NCQHIFFYHXXDZEYE4PEFVA5DQ,3.7170002463171925,-14.299505037860172,2.9954086008876764,0.6819341702505659,4.040461443870548,13901.656409882518,0.0014184566033424242,6.027743050721295,127,96,-2.3972859376437734,-20.834618412939083,2.5684618841958464,0.7524049233276073,4.184029293286583,29106.31912492493,0.0007209107049777566,6.143189109311753,127,96,-10.58868470963582,-22.98020727083487,4.739809153649029,0.6481585306153079,4.793386446493413,73018.4602555043,0.0003833603246728739,6.851240092619828,127,96,-13.257387792336155,-30.708123276877597,3.505935266407982,0.6941660821176139,4.4543611122894635,47603.5270501982,0.0005045260022713708,6.531171877396492,127,96,-45.8336316100816,-24.059388306506985,4.138097460475737,0.6661671466540376,4.690478703371364,265035.87730857666,0.00010091163860133897,6.295826110799047,127,96
AG5FGCIM6PBJX3JNDRKQMITZTIMA,8.18278592583124,-18.286276816956544,6.60976979493063,0.7603397026613257,6.0679503907829,23685.668031188932,0.0018119917751164222,7.115066644680834,174,153,2.735895826067646,-23.650638713623618,6.547154690774997,0.7412319011506715,5.972224055143681,40521.88011321826,0.0010224475135908457,6.647677484283328,174,153,-4.985429465427988,-25.741278643653587,6.909193175766079,0.7651191353748124,6.6285545365197525,100662.6686977547,0.0005019983721884226,7.355509563024005,174,153,-6.959318338582832,-33.02910762221158,7.021427570745089,0.7591370795418281,6.5003960898857285,67484.40933838607,0.0007237014500124608,7.392809363089815,174,153,-36.55670366427492,-29.379870546603517,9.505524540448,0.6536652692693145,6.554818462429264,270192.79200581444,0.00018163559695589125,7.0784568776699395,174,153
AG5LC5HSFYGJSK3AQGHEFHKX6ZWQ,8.117854099753258,-16.22943103633035,1.4478342949954295,0.9326890534273972,5.698847656390684,14620.614515717754,0.002620055559888482,7.550614850594868,1362,1377,2.844960011086783,-19.576462582828814,2.2160908977334195,0.9031721319673038,6.021133186050973,29842.846164238035,0.0014259705025787429,7.656229609889763,1362,1377,-4.312046689648487,-23.77318257160638,2.23289319312008,0.9129350742704916,6.626926188048302,67135.82659676201,0.0007467425754439855,8.403414981336523,1362,1377,-6.7734571469294576,-28.076324292228755,1.591807498144008,0.9352334115212652,6.3199252831362775,40268.83885511971,0.0011564071156782902,8.13422259748862,1362,1377,-37.19260807589388,-24.84661037450571,1.9086447813916447,0.9218610238138883,6.461226871093573,251850.2240275794,0.00019096304298839414,8.023638772324555,1362,1377
AG5XOIPAFARFQZWOMMNCV5YJR2HA,7.930506405836852,-17.55642280584575,3.9777324200507578,0.826020088788136,5.554497122497686,17029.087032638672,0.0021973566557642603,6.527155391921214,196,175,3.569136941695294,-23.678615976701565,5.2680391925572145,0.767805933279288,5.695866941217904,30773.6315411507,0.0012709790081703067,6.213989161600285,196,175,-3.2155441616803135,-29.00178082944929,6.30394593002502,0.7356749381720817,6.164514815477439,76589.21962875652,0.0005775985887588478,6.967516758485614,196,175,-5.684858776525588,-33.93306959558385,7.150925088482643,0.703719512968932,5.9663577669799865,61776.48328115976,0.0006905358251622888,6.737792708269961,196,175,-36.2024877032167,-29.03508948037651,6.122979117523083,0.7544156489172364,6.244394075008874,261246.14448609072,0.00017584477237239703,6.6498228325177235,196,175
AG63W2BMC4HRP76AMS36AYY64AHA,8.732439403419436,-17.05648819205399,4.7896189286288715,0.8575287545343674,6.72168251657053,21959.245587456982,0.0023565610138372457,8.652900452902848,318,319,3.843635243705942,-21.34293569973193,4.062187510094119,0.8758087717171611,6.76065162307499,39038.120492321534,0.00134943923090757,8.145263270976102,318,319,-3.3253907525247555,-24.834465229824566,4.548680064070809,0.8767520497652189,7.4226623098661895,85244.50510372366,0.0007326678910351409,8.982154151248237,318,319,-5.650028036784955,-30.573872059729833,4.565077628196081,0.8777771147500365,7.215394341867485,63408.71678835477,0.0009500038241125908,8.834898231218455,318,319,-35.67850442321643,-24.743432904598475,4.433715713894582,0.8758903028247965,7.291667520990893,268764.380662413,0.00022566549418995288,8.517981528122393,318,319
AG644AQBRT56BVFDCJMISCNTSRMA,6.9691143281738555,-15.066625340689939,6.250154863127878,0.7553481789600778,5.884539393202434,18457.880966576588,0.002275653507748456,6.2435106779359275,347,338,1.6562765306868619,-18.422494812937096,5.200864889087059,0.7923638602484426,6.047716877541144,32194.981644861095,0.0013625529792251896,6.244929610094095,347,338,-5.697613392532097,-21.99032597347226,6.281524620109956,0.7903533785911088,6.782556431905858,77477.62474541183,0.0007024098702969506,6.979537189100182,347,338,-8.071232060919149,-27.143839139375775,5.861643075035663,0.7911616671261614,6.4497030776432736,47182.00151558422,0.0010454613750599405,6.646618423205426,347,338,-37.93254883466378,-21.991664561069992,5.7821256784221555,0.8016918308480192,6.784039707068149,268090.1538947059,0.00020232576324420116,6.602863386597212,347,338
AG65BD5EVGIFAAFJEDYG5VMAO6FQ,7.806862581194123,-18.31363464332242,7.555023584029169,0.6170922800823699,5.508412087138982,14055.574583458,0.0025421117505233137,6.4906704258150825,103,105,3.365789491948723,-24.82879830547358,7.805007737659287,0.6715618364993374,5.839839795445977,45409.96186044586,0.0008947580461534478,6.560639776553467,103,105,-3.6924233524043566,-30.669904916975906,9.589047533927024,0.6349782963916368,6.433158193819476,100666.00821071063,0.00047348486526038996,7.494448763715989,103,105,-3.2554889439148575,-42.26907850289412,9.373109893623495,0.5883622167415254,5.966198079598755,71964.5512034185,0.0005739838478606114,6.968482846091356,103,105,-36.305576148782066,-31.1535026264029,8.543091207828052,0.6432725817564835,6.266981233836719,276575.05771197693,0.00016308776587943755,6.925500516083274,103,105
AG6M2OKNHLTZENAACVZFQL36XT2A,8.002042783635552,-17.394910879030633,5.624107010453264,0.7775537588936867,5.79727196719059,15791.87346836634,0.0025378062207982157,6.633032178347798,184,208,2.7265783242273307,-21.67200701970305,6.93811729454259,0.7305824837713548,6.069992525579744,33667.528982459204,0.0012935516333751134,6.453811685119756,184,208,-4.1121685319191394,-27.35938403089699,6.484328784606041,0.7668128650900599,6.608002291476974,80930.79605992704,0.0006275659420772938,7.323706053682555,184,208,-6.059032640871203,-32.5342016268947,4.947375566476736,0.8207734852096661,6.479583756347384,61954.18536992587,0.0007856131425277004,6.9982560462283665,184,208,-35.57050016910095,-29.324751074661574,6.967499234879973,0.7532716864215758,6.681399477462227,272201.3979685796,0.0001901991855399466,6.91730080574668,184,208
AG73BVBKUOH22USSFJA5ZWL7AKXA,7.1386595671115085,-17.140016219051738,1.5856696770031784,0.8909252451593389,4.85302728035418,13040.03631929106,0.0021309297745452606,6.718047098543689,657,718,1.3165404894870327,-20.536565178029797,1.6482511362916585,0.8974638641910402,5.134144296883559,27115.184189222506,0.0011426373433849953,6.685683280589032,657,718,-6.383441842674624,-24.124132622953184,2.5698064241452916,0.8690814874653695,5.8030729360589595,67352.41409299044,0.0005812608208671469,7.246759490220095,657,718,-9.1844800132492,-29.20813605787889,1.783359037981942,0.899035147502272,5.4402740216669105,36231.61096341231,0.0009508538197092327,7.040884396751644,657,718,-39.769890774175,-26.32369616636852,2.400957201041058,0.867799085483153,5.601139465269148,257371.3019715385,0.0001421732674131866,6.895747512555748,657,718
AG73KPN6A7OHE4TDURUPA23EKGPA,6.868055629600197,-17.92380043089379,4.282408162855992,0.7349356046901941,4.862241976742196,13751.131376088413,0.0020134239994244996,5.876494853940103,85,83,2.7717292638055486,-27.76057615991081,5.266978696300298,0.7017385038859838,5.172899195035101,43896.02842015844,0.0006978308611903905,5.846745068375928,85,83,-5.253827647220399,-30.412456383913256,5.029859212189362,0.7417464833380725,5.755246589111583,84318.64629441297,0.00043894238597090454,6.374587530023957,85,83,-7.269421482498021,-37.96750573868546,4.194897769497352,0.7728426370281175,5.435510897256773,54730.95926251081,0.0006170795876172641,6.0968674222939825,85,83,-38.09361201863086,-34.76586713320412,5.629805820122085,0.6929161753758746,5.538563468922815,270908.64319651667,0.0001287368139543762,5.942065256443637,85,83
AG73WJW3CJUPPVWTGBJ6QBHUJ5XA,8.731560054659633,-17.555210647603545,8.785490198675165,0.7224983729684223,6.346488200757913,21328.48583523061,0.002283361217749829,7.00937959971637,181,200,2.5360987694278005,-21.104059066565338,8.448938340459835,0.7198175114066483,6.343299201138952,45013.213214757634,0.001081333734248096,6.574003943045244,181,200,-3.7203297259222974,-26.717212187444684,8.435853373792135,0.7385374194475545,6.820818148269719,106135.41006865866,0.0005167298070966888,7.320844810913183,181,200,-6.251104870871688,-32.76203203735475,8.160839980253145,0.7492927985614235,6.676511656154084,68617.65410477165,0.0007739383760935161,7.164678799230989,181,200,-35.331587415983655,-28.208401185010725,9.696787150601356,0.7131289961971956,6.936260634964264,280123.22678870475,0.00020337096010956742,7.165716852348525,181,200
AG773IIH5JWYUNOQQVNEXQGDRN4Q,8.522762387621194,-16.593614518335993,3.0009395118475894,0.8953865399823975,6.278104554152749,14646.746967684823,0.003121711502221959,7.1638575592319285,380,413,3.3302707387770885,-21.27696205830135,3.360042822021839,0.8770484891360122,6.314443778298998,34296.4886090935,0.0013422938138486341,6.785296337263032,380,413,-3.825257945654284,-24.77256949962857,3.436583352796555,0.886671011711505,7.00137952016291,79625.22403416033,0.0006934771760079552,7.670670248783945,380,413,-6.203126677336009,-29.85229526528012,2.947087622511143,0.9035296211473383,6.758903928958932,47080.09373257446,0.0011030140808920806,7.498588068595167,380,413,-35.68133788731115,-25.47412744004969,4.589051814570601,0.8497132224511477,6.969892173714168,259104.45043663197,0.0002128307711693241,7.296608319784297,380,413
AG7J2BQ42YTOXPDVY4T4JZWUDCRA,8.645444603157015,-19.70161869407306,4.805587447391205,0.8106247539957776,5.524873566562735,18618.30664030706,0.002150230469864763,6.426893576683815,125,145,4.225274467178998,-27.136308228735132,4.36329862978526,0.8288163462610693,5.665274623857355,39109.79166162974,0.0010668877920406074,6.280331936732891,125,145,-3.37408975762924,-29.04491511034046,5.52642302016478,0.8032013515724175,6.3265994964099255,98193.5550831371,0.0005000774483966085,6.924842879711281,125,145,-4.047928932745295,-39.320309609370106,5.751039900687946,0.797802184722627,6.0899456446416504,61029.833919147255,0.0007773707070249817,6.760899286963378,125,145,-35.62036854210232,-33.0668884012127,5.1631423305610875,0.8032552192511322,6.033140876224447,274625.7946448115,0.0001684714212191436,6.455568219904973,125,145
AG7JCEMC64AM7JPATDVGP6YZOTXA,9.06933947404512,-18.81070069699313,7.879224917032699,0.6398933388613959,5.78696120307104,19595.588571121145,0.0019737150308710583,6.205879453176113,127,143,4.537464764428936,-25.546077404879775,10.228825222618868,0.5523120264839742,6.010734520126794,49657.60250229093,0.0008411049355517826,6.303190630015389,127,143,-2.725615542114608,-28.607979046004235,10.3754654273503,0.5807555779864721,6.523637896036785,87740.22169652603,0.0005572573261349482,6.808995154626569,127,143,-3.9751894031036312,-38.629451816896456,10.560691901654724,0.5799770511716935,6.383072893265507,68769.44355820511,0.000678507997980459,6.66157884154134,127,143,-35.32344367325856,-30.661906317101725,8.669067974273542,0.6382342603590666,6.385751029451262,279885.17381004465,0.00016871702972500724,6.435448511844092,127,143
AG7NHAT2HSVNIBI6LH5QM6YFK4JQ,7.856483066766423,-16.562580164858687,2.2670875118007814,0.9229747113828694,6.259714443769648,18124.462687927862,0.002557334565777066,6.690801632612495,707,676,2.578587387068696,-20.433583715568464,2.399262191987113,0.9126082785376393,6.239782118196032,31561.270797824778,0.0014515144523366353,6.305905485035975,707,676,-5.035589900865951,-23.71435691143646,2.5953807630566303,0.9159838875374282,6.847955458390465,77817.46010066893,0.0006948409390699615,7.143513665671249,707,676,-7.404815511863865,-28.058720846972996,2.69035736447562,0.9127482129718705,6.713608489139322,50192.097495632464,0.0010418518903902358,7.010020266279912,707,676,-36.78838967968441,-25.31609491794962,2.6344228763247384,0.9147739803165832,6.838711332166731,264478.20137543743,0.00020415087305789885,6.854389086124936,707,676
AG7SVRGJ5BM4KRSN354GSHDUY35Q,8.518029335684338,-18.628077762902958,10.446806529674506,0.6290897615928763,6.231345249613029,18924.688426524757,0.002404344331864775,6.510072656324939,90,99,4.690073893934525,-26.266904850316724,9.645894854735763,0.6137904594100008,6.199300784560147,34879.126411251564,0.0012572816425310627,6.306243445488325,90,99,-4.084192392389622,-27.745627093184652,10.754537157557031,0.645590817910328,6.953665774880425,109784.59484337212,0.0005051985760275381,7.2694705741448375,90,99,-5.053468368873724,-36.69208770742279,11.879812362700342,0.5904899449466757,6.649421006614623,69173.86857382674,0.0007376647342604945,6.771198155674793,90,99,-34.823156693329146,-30.021205858829802,13.447982777033518,0.5809080637376742,7.1005514779947365,292285.7704098317,0.00019977062747332503,6.807758358993106,90,99
AG7Y5UMCEMWJOXKMOJKW3WNNHG6Q,7.667219222651685,-17.967258088823176,7.419600240634363,0.6343497876013691,5.3482102026250145,15598.273032689598,0.0021532561738475575,6.16931669520384,147,137,2.2414102568069687,-23.26938065365095,7.165939457957591,0.628332270877222,5.439373247614111,31432.669654035028,0.0010866769479358342,5.922369669885877,147,137,-4.128439688613756,-29.343159519461704,9.229926485977083,0.5720100150020646,5.976003363389622,78374.78850402555,0.0005195270533295793,6.804856020005447,147,137,-5.524275905486931,-36.286974807949775,8.493166685578577,0.6136002478968252,5.8222116849138486,52730.18698668725,0.0007459612341796698,6.51398486062536,147,137,-37.38771060543678,-30.451628040589878,9.082003692021706,0.5690522448765984,5.92572982485176,262362.678982621,0.0001536450170866183,6.376296779653641,147,137
AG7ZCPDIT7UCFJYYA23SOBDVJQUA,6.736586272864092,-22.579769383056338,3.5488858118907034,0.715857908983931,4.37362238329981,23829.09977994324,0.000994684951976941,6.176161190862845,98,98,0.4327192601070325,-29.071694186433398,3.9138205525051943,0.6624648318658906,4.382742348952296,35474.095714103634,0.0006503796072270868,6.272055507901592,98,98,-6.972759316725166,-34.869180206161936,4.905386174213854,0.6548916790479791,4.887183027478938,99795.20515298862,0.000287665366649603,6.721573603411757,98,98,-5.2095945112520905,-52.99655683723962,4.465660588659514,0.6402578450720497,4.56968958069292,64258.871635303105,0.00039381036282162715,6.578809108806818,98,98,-41.995530550516115,-35.84618875704361,4.340394872557875,0.6795896552305358,4.876583285016152,292566.1284088103,9.712719450606355e-05,6.287126190886946,98,98
AGA4ZROJLSQMSIRXATGSO7LJPIKQ,9.814166636462762,-18.000991622266312,4.773834660128784,0.8591903389096698,6.695378603701082,21465.72395076276,0.0024795136031761887,7.456357212313652,184,218,4.830021888133604,-21.87910773043851,4.925671248592449,0.853600362840443,6.863413900082672,42520.80685618015,0.0013073530937962028,7.075578802484924,184,218,-2.5694419565852566,-24.930179335185183,6.282942811040309,0.8340116746952833,7.581560192962825,92544.31132885843,0.000716908532541447,7.993603639909628,184,218,-2.8286908321569135,-34.90199270081957,7.036708848218734,0.8030398496789057,7.249134311637468,72453.90248804088,0.0008425247462019351,7.7673022072723485,184,218,-33.15230637353011,-27.663129246402494,6.200979946519891,0.8235771564099144,7.412427801398761,272327.5963103143,0.00023394370584266163,7.504860860291948,184,218
AGABRCVDMJACNEUZQF3K5N6ASOTA,8.536129556931046,-21.041886444246405,5.722274397826206,0.717120565063692,5.182129440342285,21208.291968743393,0.0016235078336996262,5.736588275420215,118,110,3.108624661231892,-26.409517426937253,4.8919091501627125,0.7427686868967172,5.208210896428221,33485.23098740946,0.0010127733012410065,5.668760873920293,118,110,-4.539841122664845,-29.960677793396194,6.461039735799183,0.7278745053232785,5.969783449194548,105443.39854634152,0.0004179558375004921,6.47925556131659,118,110,-5.307018040727408,-40.13662611428955,5.075600090779969,0.7591322162248264,5.649918150634651,66422.56888072897,0.0005869850098087532,6.1795916400236335,118,110,-36.06406002255569,-33.43789993662248,5.575842942713212,0.7480716512639913,5.829391911298948,278507.55076064187,0.00015171550941078647,5.990783907543121,118,110
AGADKXWLAJJ4FGWIDIWAPJL5A6HA,8.909107654984647,-18.66720423936602,3.18381490766318,0.8583681329702619,5.797844680933499,15242.86429490794,0.0025710212076659024,6.4921007879299015,141,174,3.844396400568822,-23.292263354549508,3.9905986871410093,0.8162014689329191,5.887827910527036,30274.59969435297,0.0013135618643647087,6.2584166505386225,141,174,-3.202195026471305,-28.915006646029934,4.979537077269047,0.8001308222884864,6.534725168132827,94877.47461172266,0.0005037602740980487,7.221830495784767,141,174,-4.605139106880184,-35.76952750438104,6.427306916170336,0.7523369816681583,6.320256633687996,66326.09781251983,0.0007133915427537601,6.904654056841302,141,174,-35.88775030805537,-29.853979708593123,4.908738763428546,0.798224644154752,6.366823429242354,266262.038881137,0.00017669740494192355,6.663348034833326,141,174
AGAQBOI26SMK7M5KPF4PFK2S4OKQ,4.449641685195432,-17.306262681479847,2.3030346778914095,0.7575095860941121,3.8579112419107187,13340.720006941678,0.0013890099326627778,6.568780078516196,202,192,-1.6867549928827117,-23.16785328144266,2.0303480751668537,0.7911014335537335,3.977840372869556,32605.765403914524,0.0005840448393419633,6.631275060167418,202,192,-9.574828491172864,-28.2155283041519,3.707325735225218,0.6850244605885167,4.496188202077455,69529.5709453628,0.00034290615443579843,6.983535119032631,202,192,-11.793235263894843,-34.88794062936074,2.9853106887468592,0.7164583130380825,4.210262230488309,42101.67216512367,0.0005040894138695372,7.007033366327837,202,192,-44.94889211271279,-29.609608505018524,2.9691542172581404,0.7254582298284902,4.347625672176138,250400.3824410961,8.957865343417656e-05,6.701029633834902,202,192
AGAVE3RJU2Q3N3WVKPORQ2PYU26A,7.163074877821745,-17.37260259051711,5.370132316771588,0.7925506367191925,5.89546150897229,19561.042586494295,0.0020673885148986223,6.805380316244491,191,201,1.7746764156768131,-22.145214139928903,4.402058751432149,0.8100958256356235,5.8500239832413286,35559.7559187518,0.0011108134283829615,6.5500774059167215,191,201,-4.92479028772765,-26.645579245239404,7.215332680992342,0.7420082108035555,6.606880949189943,82298.64773639796,0.0006061105263826844,7.507119427353807,191,201,-8.233283541817956,-30.219112386921,5.564328189702754,0.7868487080870528,6.2975354495718,56628.258197689116,0.000795981192901337,7.212214363230014,191,201,-37.65211865314486,-27.65309330561839,7.483227930702866,0.7312560584045549,6.52364983929353,271235.5207639181,0.0001804713813676723,7.141655204607568,191,201
AGBIKKQCO7YF46LVG5FMLLUAYGOA,6.909432468994503,-17.322429846845715,3.797565565264679,0.7648967161494657,5.205690984309157,18036.705615162067,0.0017238643280077723,6.454581911884297,206,232,2.3387492959493583,-23.691094907854275,3.9030785560941488,0.777877669752297,5.360025530663347,33494.05345949378,0.0009814042527194592,6.422407452978283,206,232,-5.5489611233177865,-26.310325714747393,5.218086650815412,0.7741832196086263,6.172045903198802,75762.36991854814,0.0005733994301003218,7.372275447400733,206,232,-7.7901373000144805,-32.291420832766285,3.9189337028742055,0.8018411023945482,5.841289656662195,52425.56423040592,0.0007287971108577677,6.9120261713396225,206,232,-38.07893361334118,-27.913865191456782,5.122695580073406,0.766093277303052,6.142930543136175,263487.20080361696,0.00016367120577834667,6.855139295088186,206,232
AGBWD5VMK2NVIAIXF7OINPOSC46A,3.4292631824594837,-17.652567439512698,1.1221945961520245,0.8363261281512516,3.632322797511852,11545.126603140106,0.0012762650046230595,7.488702102732948,428,421,-3.8526777370142105,-21.156328429767356,1.0800405896891658,0.8697705346622674,3.8941695647139487,29219.525876429034,0.0005812991972076032,7.732346831740758,428,421,-12.027149116000604,-24.77557242007734,1.6456473292141136,0.8540459918297573,4.521311355794501,63494.76482095755,0.0003599652794400705,8.179723315436531,428,421,-15.868686639209166,-30.198901268450797,1.3693190966128588,0.8471663122965236,4.0802811267216255,37635.01091220252,0.0004956111376834218,8.001852526574048,428,421,-47.8963073321785,-27.14954148064173,1.7558320941081091,0.8273474857306211,4.431025312050087,244913.25797714488,8.863489016370455e-05,7.816851194201559,428,421
AGBWV3ZQCJ5OT6OXJCN7WO777UOQ,6.076604152327886,-16.169180222483995,1.5449111805991047,0.863050652007531,4.388761866595787,12931.78540468544,0.0017467077476609467,7.062295834181038,684,699,0.23998294933015024,-20.07838002154075,1.9135764479062085,0.8556525065597725,4.755683687201717,29646.57078310236,0.0008892706966001836,7.182962596816403,684,699,-7.289131462481267,-24.47196279134164,2.0940673361651734,0.8666151577379819,5.2824459127669305,59575.263324000305,0.0005396347093478212,7.6280724807145,684,699,-10.184191570408515,-29.35160575274857,2.091383382826689,0.8562714202111099,4.982188253963023,34142.04305676718,0.0008472860430406589,7.5254668204748265,684,699,-41.29218815603598,-26.76058552681294,2.4075034061052807,0.8350979096082487,5.140422493332985,241117.40381485337,0.00012579612107615378,7.321317755066283,684,699
AGBYWW4V2ZDUCJGRQNQWLSCPPOVQ,7.91772414891971,-15.513744637868793,6.123655173514449,0.7732044267612458,6.128568766329795,21847.457653075395,0.002058757995281033,7.33515606718723,174,188,3.3175158258074307,-20.691329719681285,6.43859537168405,0.7716789712592258,6.329602389641972,41669.606673065646,0.0011600570579694005,7.139140461270622,174,188,-4.272840449690259,-24.396914642412675,7.555661156330297,0.7499795511396214,6.909758848296053,94721.41325496063,0.0005882768507672252,7.592144332961234,174,188,-6.154481647699573,-30.747462541765692,6.278958329263601,0.7827871777534801,6.701675742534531,66343.54410363638,0.0007938974242683457,7.637368809432113,174,188,-36.48137237870366,-25.040142243859503,6.5803658502527576,0.7710991909288669,6.837590545116618,270562.86187831836,0.0002009001294749382,7.409065794929165,174,188
AGBZTDO6WLH4VW2YCOC7CKGJQNJA,8.929457641253396,-19.558280030687325,10.614572790867715,0.664960444099093,6.421859848811397,23067.7494405462,0.0021618542951235076,9.185292233311793,141,141,5.363594666937833,-28.053739105939997,13.950663106554854,0.5207749746736032,6.291434651432079,44324.32570926189,0.0010780449196532275,8.714258546464734,141,141,-3.120053492366872,-30.435592041035108,12.82971731333943,0.6205083033725776,6.956480181847251,108436.81594717954,0.0005257372452762402,9.489156774491594,141,141,-2.971731781955981,-40.96795969057449,14.378516997644226,0.5887995397888474,6.976830958751223,81625.1629717217,0.0007083617475133374,9.816592320059243,141,141,-35.40154759909035,-29.35626534200813,12.454861062890787,0.6225401335767338,6.987329887916368,278714.8651996787,0.00020544312984065532,9.526444306064183,141,141
AGCXLRMTTQO4VGIB3RWMXECECWTQ,9.297660619515272,-17.18559280343847,4.342087974252846,0.9075999666020548,7.326664939134119,21091.837456360743,0.003112710977907484,8.925921248294799,194,174,4.532261754617647,-21.63269641956613,9.993471854241562,0.8101228922034615,7.669624572304024,45746.62253123458,0.001594435322476933,8.607148952942072,194,174,-2.339110374051992,-26.768188865930348,7.860051562673259,0.8477441261375631,7.987076759414244,104866.27397722777,0.0007342207163951802,9.284338309886808,194,174,-3.598905552077662,-34.13094927200903,8.099223748077506,0.8488729272100981,7.8999475711226,69218.67700947088,0.001109067680382133,9.14456699759663,194,174,-32.99391025650528,-27.356371494860458,7.415652075929664,0.8562146028683304,7.992191261849778,278157.58776166185,0.00027820063864434546,9.033516911945508,194,174
AGD4PHFQFZ3D7CQ5PWIDCVX74ZYQ,6.753386932785998,-17.696706713374432,4.453032940692191,0.7460394160778191,5.098536517300214,18728.799517940875,0.001683276417444329,5.869970786767393,148,165,1.1406451204804027,-22.403919215062032,4.679066704199593,0.7437606985360675,5.242282578540418,31473.94084756725,0.001052961851567946,5.852788258305758,148,165,-6.7263563150621355,-25.460870302085926,8.389733417488582,0.635896196531776,5.962589358483159,82811.86929907817,0.0005100838443075746,6.780218842960551,148,165,-8.386030343055907,-32.11075372116853,5.28976964905674,0.7495228210225722,5.714175306542198,53941.06588704925,0.000725227165965498,6.356256256383536,148,165,-39.39185584591843,-27.481666478876026,5.3043643216838845,0.7502927796992283,5.825214973455128,272174.3979154465,0.0001492374367747582,6.286061524557119,148,165
AGDGBICJ5Y4GAZHCEQMQA34JBJBQ,8.010834459314674,-16.908303527421438,3.405792803521626,0.8528765666396831,5.617744779355813,18511.025038140175,0.002097325001005821,7.042725433953737,203,190,2.912644765159262,-21.320836090858005,4.614217480764312,0.8094943135366599,5.898461742843858,33226.95796140815,0.0012745588855838672,7.057821347227809,203,190,-4.114722929100349,-25.771474064711,5.582277791210774,0.807462826383907,6.791870033893081,86613.58973897493,0.0006319646610437792,7.741441510592289,203,190,-6.762145152125011,-31.64858698030102,4.443778526626996,0.8337869208966985,6.400824302493151,63723.40745192055,0.0007613912251153817,7.583222261330814,203,190,-36.8526617046457,-25.251257480243304,5.348043453517017,0.8008085412605245,6.586841380974904,267528.18663715705,0.00019337133421406822,7.316840634877438,203,190
AGDOGDBA3K4KIWTOCBCWKC5C6NEQ,6.2899484381044815,-17.29238039739285,4.023880487790579,0.7027757962202744,4.729159089749312,15834.060793093024,0.0016795465075982294,6.279347457230468,126,139,0.6048328420219665,-23.00315534684881,4.873689649225703,0.6663382989240473,4.910433136586492,35654.020694516425,0.0007977150507532715,6.574906237757776,126,139,-7.449563418057084,-24.584676786328373,5.735180553384954,0.7149993904224456,5.755148296234076,92081.56318082589,0.0004225574547284372,7.274045585064346,126,139,-9.499882107682742,-31.423450337873128,4.949455509295841,0.6847099764616482,5.239103671054165,50415.46872600191,0.000632638763714018,6.923819068737457,126,139,-39.81925472985801,-28.844784476933643,5.890392511347366,0.6802673224119544,5.6812688821393085,273866.4306976397,0.00013713906058176445,6.809476465766279,126,139
AGDU4N5YF4PWUEJSUPMJUGYYJLSQ,5.957964180569581,-19.264985576571625,3.376084735767579,0.6412771940660189,4.130102605961531,15388.137144158694,0.001257909547140997,6.221258705395455,147,126,0.08183962689685159,-27.533979258683573,3.4177958438430784,0.6937687557993248,4.3518276101107745,37408.572646046254,0.000569303531566011,6.370434239707549,147,126,-7.333965498512747,-30.761882588196148,4.353288115148659,0.6994413148695753,5.002433747377526,65377.77381642325,0.00042970859074029815,7.025972613808643,147,126,-10.207310289115906,-36.46813437469693,3.2029396182234526,0.7328185907795314,4.6478745102455035,43138.19489547998,0.0005551354051920251,6.792742717994104,147,126,-42.40010743342103,-32.047468011463245,4.4282833872799845,0.656795416850613,4.854930655745604,261811.32643443995,0.00010027015252494451,6.478878424154754,147,126
AGECNBG33ROS6O4KC6IL2HK2XNBA,7.832017849115273,-24.13318657859414,3.6040297065805897,0.6856616454835622,4.177027999366256,15110.224325524165,0.0014067851717303305,5.638157715177988,106,75,2.659433882493339,-31.241529537043593,4.547677449771714,0.5956084738293013,4.246270017693582,33791.20733752323,0.000636307999188588,5.8616500957367546,106,75,-4.485790297945683,-36.812859665445316,6.963446923455987,0.49356755481424885,4.814439551771241,86696.57314083987,0.0003123110502008327,6.515505740233036,106,75,-4.953591115448186,-47.7331468011486,5.202496014454205,0.6176224900838219,4.673834737291175,45737.24742373795,0.0005687407256944786,6.173516070571248,106,75,-36.440410629488674,-44.5506479984568,7.223940269339132,0.4308062473393516,4.659697556536347,258644.58455375608,9.99529751462556e-05,6.000028740943518,106,75
AGEECCQF4MDXAP7RJDDPHK4U54FQ,4.621145393757929,-18.36891043688589,2.5601098189237037,0.724173305420446,4.063370550391939,12926.73435393942,0.0014751286068082905,6.24656228548982,197,201,-0.9013106061975886,-24.35568033808104,2.6944861825604374,0.7542864173977207,4.318415989871007,30730.49862683362,0.0006943556953964962,6.567146079867705,197,201,-9.548940488714228,-27.11877463518492,3.8235983776217686,0.743235817100677,4.906363544681898,58996.10599961278,0.00047461265709615376,6.9914503421840966,197,201,-11.650419012718768,-34.24805484019786,2.9517330646405147,0.753202607406377,4.535692239378296,42205.72705482043,0.0005578560969760951,6.851047200816704,197,201,-43.28087527929006,-30.330524534075185,4.441928708285831,0.6873685031941414,4.894862895149062,256534.94712344118,0.00010959194635133311,6.525537724693056,197,201
AGENXWWALUHJKAUVANBE4SANON4Q,7.02517795428617,-20.148663787281,4.684097386768349,0.7043547082045809,4.966334009063284,20224.94349240086,0.0014002848793010587,6.246104511988774,116,154,1.081898534881265,-24.23966182564416,4.080951051240293,0.737199735923147,5.045423338182656,31320.811095311583,0.0009107787114467125,6.269292179128416,116,154,-4.642121597509024,-33.127998597376475,4.706850017530263,0.7478880558817171,5.702617699603148,94983.37156479043,0.00038324969857634104,6.712522571667544,116,154,-7.950366633394059,-39.226768598734076,6.286285411406275,0.6401553677167526,5.403778157206039,63422.03557284204,0.0005149900327554486,6.577861464537036,116,154,-39.982956100243804,-31.687049086914147,4.7720377776152185,0.738299185280287,5.654594055121548,282450.8400550088,0.0001261845771756338,6.426969843957387,116,154
AGEOZXPAYILCESAOSE2D3MWKWYLA,6.417370535839749,-17.32665466846978,3.5277664280914736,0.766551476015942,4.724881402625059,15986.818911752076,0.0017409083503512335,5.929947781586681,163,140,-0.34412415282804004,-20.070686500258834,3.558346832485578,0.7598084735349155,4.93266705545677,26605.008318903972,0.0011017026230108204,6.079126526476997,163,140,-8.51765470628951,-23.218518411719714,5.063542726229782,0.7285448331841129,5.543235790138419,68126.39910953131,0.0005466747876326521,6.634938063629956,163,140,-10.38798799616206,-30.493655705738107,3.856085052895185,0.7660018225883921,5.188405668383941,42833.49118778237,0.0007609940352200931,6.262772851830428,163,140,-41.0138196052944,-26.0019540213205,4.489095552208908,0.7511374532695829,5.511895604607252,269750.46035082947,0.00013605425452343307,6.255133827609094,163,140
AGF4BUNATUPXTAIBIMBR7DBCSA5Q,5.64454413752292,-15.73049591476897,2.4362825163653485,0.8076227314572446,4.627154516221319,11169.81804658928,0.0022222783806707014,7.026019164964837,417,389,0.36625602770248067,-20.044179339161857,2.193952450269172,0.8669001153608966,5.11650873459447,26595.78681613167,0.0011372900021323397,7.965235870474711,417,389,-7.50952237367704,-23.53572082596529,2.7299516775447294,0.8785820880403514,5.852488024169391,70418.37284069172,0.0005631224026306758,9.262671407803811,417,389,-9.578308421719326,-29.206256358881053,2.7325753162161672,0.8257426141075429,5.175191452591785,32696.200062703527,0.0009329731722356319,8.007038078319429,417,389,-40.07588770751102,-26.98523685137936,2.8847942241977993,0.8621022444221292,5.760287141321397,244460.10669263444,0.00015628650840384908,8.29725047195684,417,389
AGF6TCJ5DIUYHXKWWLFKAY2HUIXQ,6.865847156369319,-16.624745125736325,2.794605743066683,0.8256000113912444,5.009327378595301,14949.283326037192,0.001989234358958999,6.47156080356804,364,376,1.379188759548065,-21.174665383644125,2.206274884872662,0.8638421394417255,5.16319460642545,30439.437990568644,0.0010194872508054128,6.531423520565573,364,376,-6.623059576050024,-23.845819920142855,2.9495651171139396,0.8431865099943331,5.720856009919004,67115.4809947579,0.0005648191800274965,7.162798563289146,364,376,-9.219859607533698,-28.134654348062988,2.618437085446873,0.8568033715305896,5.520784769562032,41684.25625412714,0.0008567392372118438,6.925651741345813,364,376,-39.675713355198454,-26.032127955759307,2.428972270023209,0.8621829290954601,5.590988809790928,248905.1751781911,0.00014599322299934146,6.7102488461654834,364,376
AGFFCGQTNV2DUYSKVMV3QMI7MJXQ,7.609924142694463,-15.912179899436463,1.3683889362185893,0.9399152613397537,5.56545811107844,15444.740227299484,0.0024543270299445074,6.4610150527512165,1179,1185,1.9400191852112665,-19.53393095023044,1.757225724284529,0.9211200886918233,5.676353475416796,29188.089516749103,0.0013410308735514762,6.383212200352126,1179,1185,-5.62999828197317,-23.063872833886492,2.026152276678434,0.9204904830067923,6.280731016165774,70120.03380056155,0.0006632192635944707,7.1820985017526935,1179,1185,-7.892195589353855,-27.49583878398985,1.4281670787700693,0.9438254811267878,6.105880010327008,37655.45428115037,0.0011826969522239822,6.92797470717347,1179,1185,-37.70567635448761,-24.795462219076224,2.060376940607847,0.918863678940508,6.26628893262841,253671.93073952477,0.0001845126522012902,6.837666247175716,1179,1185
AGFN3252BBTYUJUUDQMAGYZNUT5A_1,7.504369177941604,-16.463091968759173,8.530597488650473,0.7111279154799257,6.175705468987072,17780.75067411166,0.002585146964138763,7.705763019967802,218,213,1.5728678940700747,-19.623002009708436,6.229334753070278,0.7509904266537775,5.998379131174269,31764.6207569178,0.0013324971275506547,7.146343303530126,218,213,-5.2480762465792266,-23.038197514789605,6.23431184406241,0.7941615835039189,6.887175743893247,81451.71475515333,0.0006742903295246857,8.016621958651251,218,213,-7.349832670397115,-29.626092736911342,7.458651090599454,0.7531827340321778,6.633008724803925,59680.62248215597,0.0008629889909164268,7.925513872521635,218,213,-37.87209915467167,-24.226040744711355,7.108155177321722,0.7625632874893433,6.767060587909411,270546.9920656872,0.00019851684290289704,7.732943091641785,218,213
AGFTTJHW3JROK22D5O7AJIWHUGUA,8.451180293568106,-16.600140194661638,5.07795600764372,0.8372905327557195,6.480334724234392,21391.454593551418,0.00228657729028648,7.178139013603937,284,277,4.060888540407494,-21.88429776874015,4.028943852490851,0.8766942049795983,6.704814487070479,43222.46875814778,0.0012153549534571115,6.9735807029751555,284,277,-3.5720023168481063,-25.72810604678261,5.040542249974929,0.8530347335942551,7.193396226522753,85091.48120024825,0.0006945250579880654,7.672023627501821,284,277,-5.397196782031228,-31.20970149022852,6.762107711833177,0.799922200750391,6.92269480080512,59705.58008124672,0.0009340549350674408,7.515397278782994,284,277,-35.443220752597114,-25.483203583572866,4.784962478481733,0.8616669314698175,7.168772785927345,268059.07531539106,0.00022089017877834215,7.3879865225258206,284,277
AGG5SZ7EMJI66IQ6E3Z3YJKQD56A,5.45496944064728,-18.94217526572448,3.3860699729499486,0.7423034861805684,4.508009905418057,20135.147657599075,0.0012083954963268528,6.489862214254816,112,130,-1.552342341070983,-22.331366112936973,2.963446737350108,0.7773379828857353,4.6266863377886205,47632.73283904837,0.0005335702294541191,6.495681008460383,112,130,-9.3202300583845,-27.458971747035957,3.709702403391709,0.7594306471876558,5.10781526406443,99083.37689808776,0.000308985825957528,6.934345014839651,112,130,-11.425142052881723,-35.91104815544407,3.6179986205344448,0.7711583762965875,5.061770567251664,73444.1208684448,0.0004049321051288315,6.830501431682317,112,130,-43.191334323927364,-28.765742036089364,3.967907437103927,0.7430205776538619,5.1759261453726895,281351.74837045884,0.00011139553611003327,6.539148539001921,112,130
AGG6BKDYWE6N6DPLJJB2WGTUV5UQ,9.485232679734242,-21.63290727962555,12.983432094663588,0.5174399021440739,5.856571148342955,21026.3338136869,0.0019551997291991506,6.897266785304854,176,160,5.0705584853028185,-27.58787693174279,13.765790557548778,0.4888846744324046,6.067452086776189,36169.04095490101,0.0012000078452993218,6.678660342965486,176,160,-3.619276907672186,-29.000462688903706,10.206780311730082,0.6557760495650293,6.565348118509532,85006.15731200631,0.000592151742241679,7.266852250983903,176,160,-4.7373308375567476,-37.13372080558882,11.210757577654505,0.6369916873421375,6.488935752079713,60800.055491405394,0.0008151875418982853,7.225403533387602,176,160,-35.72744272732275,-30.549622572293412,12.080538841074391,0.5969567467745371,6.53931544709859,261220.2897988082,0.00019186931962074272,7.039943779256932,176,160
AGH2BA6TQ43WVJL2HXW53TOBIWPA,8.358252907314117,-16.628670970845633,2.1458274961487236,0.9162208653463608,5.922099467767854,17768.691308158428,0.002368179386741002,6.729673467958578,227,207,4.069242723379284,-22.235654981967947,3.814186836400609,0.8469832959908634,6.171903092449077,31890.64453457517,0.0013715406723112673,6.6719077031483485,227,207,-3.4714392203482096,-25.19243646843016,3.427970955301854,0.882111758556452,6.887666806766739,82065.16994330038,0.0006570954756415916,7.879124986159109,227,207,-5.5020332474296,-31.315393034638575,4.350081845782059,0.8415467467442687,6.484503333214219,47497.629047532304,0.0010245775724357488,7.2614448066340795,227,207,-35.50673885231723,-26.486332270441782,4.183878329369522,0.8543642182014768,6.809330037016322,259532.61745361422,0.0002060524363479261,7.272186002374752,227,207
AGHETJ7PN7P2EEPPQZHFVHGV7TAA,7.730521143266287,-17.63261810721059,3.6278659381686054,0.7821661934726041,5.201948606298544,16943.216391507674,0.0019021775479558976,6.121049919288488,159,172,2.763009562710833,-21.94245575098787,3.3948801678654177,0.8303834125518385,5.656333279306172,31409.059473004978,0.0012269301260168044,6.1907165351766125,159,172,-5.262726710425835,-24.143500521843443,4.515733920834495,0.7982913571745673,6.280952499615915,70974.42831211272,0.0006431900292076065,6.977858419204061,159,172,-6.406376821879461,-32.88900846333351,4.082135389277503,0.7983207452016021,5.901275615706486,48400.79011344165,0.0008438861051302348,6.544498548279148,159,172,-37.27052072759986,-27.833863563313887,4.90149846570739,0.7630703038854402,6.135227556813712,263660.05095604825,0.0001652745545141598,6.427771524653227,159,172
AGHL4KJXMKZQKJUU5YIBPEM33YUQ,7.104201097085862,-18.230173989399116,3.080486584629802,0.778713166458485,4.68457892051378,16358.868370090435,0.0016138763493176243,5.994019379063405,456,466,1.5701805120197965,-22.247199108946944,3.8724211532953263,0.730984435788891,4.906868899492128,27464.72191609548,0.0010387623630970127,6.076199831973059,456,466,-6.2416497147453915,-25.591151533177417,3.812215114430849,0.7703629298178458,5.428670925730675,67193.99537686334,0.0005133323337119096,6.6296070673208565,456,466,-8.83347516060087,-30.978975195829253,4.41841666199056,0.7227696344490235,5.2165785841390235,39648.83272867144,0.0008138336784695904,6.387679874086171,456,466,-39.28290006009765,-28.116128749781232,4.039792158131412,0.7497276307814041,5.378093018150905,253816.4758422297,0.00013394807714712804,6.247186939618759,456,466
AGHUPJ6MXDNOQUXKVRGDA3LFQM7A,7.620206140086606,-17.81823475492666,7.007412390418069,0.5115879161419998,4.8431023059139715,12528.070800737712,0.0021938770574438772,6.292633453174581,460,476,2.194038641886356,-22.074158894900783,9.085306456828063,0.41739509548712994,5.0648705043077245,28287.191581447823,0.001063162933724587,6.315111613854299,460,476,-5.380794530810372,-26.396497429765773,8.331303207814141,0.5312422366173108,5.611830980158787,68205.24010459887,0.0005329583868142901,6.810261671948064,460,476,-7.817828508446688,-31.839768875370453,8.908081794240509,0.4679017478673725,5.348958937344015,38934.08728777682,0.0008498897451900683,6.589219984529607,460,476,-38.455306136219384,-28.410886313540203,8.251713461142977,0.5098621778274521,5.554961287641897,244761.68653767506,0.0001444134504143704,6.4711493959533035,460,476
AGIA3ZNA7OJDRHNPWVATX5FDCEHQ,7.712030615426562,-19.87972256773544,3.6813887532299674,0.8222393413796532,5.423292564546278,17653.876955100466,0.001946903749185643,6.436611559248157,139,162,2.618671138075641,-25.140264551169945,5.1786325281264896,0.7182005175712319,5.366507664388581,30207.429935875756,0.0010914790875798928,6.281587377447825,139,162,-5.222470609552968,-28.43168176763245,5.562425581524289,0.7565224396645942,6.060209471111076,86560.42839301378,0.0004829987474487506,6.903889311064902,139,162,-5.452414989809162,-39.25746256433723,5.125124757133872,0.7896302835700497,6.014371123391328,64689.091463141056,0.00065087566539743,6.8603487372653875,139,162,-36.56424502995064,-33.904726751448194,5.13019433260317,0.7684549429892149,5.979787100225777,263900.2349759787,0.00015474480985443008,6.581361244159343,139,162
AGIDJMSMKVJIHG23IYLC7OX5NG4A,7.508623318458306,-17.478629119167273,4.337772396272978,0.7767100345043724,5.440373081710799,17865.163209979448,0.0019608818933065887,6.314905399079847,255,242,1.7823909393533375,-20.894174807281004,5.975638377372377,0.7098289477284931,5.671905347687333,34998.78182654979,0.0010809969484048816,6.3486257590798285,255,242,-5.8096035531939245,-24.729464546415088,6.903788693606092,0.706199711283765,6.348680074284288,82908.91087042085,0.0005583754071716031,6.891601935514032,255,242,-9.177944934132611,-28.345027102630652,5.999340515545328,0.7301150255241058,6.063417856162282,55484.661433761,0.0007693815341170375,6.751214671400945,255,242,-38.50878757452756,-25.42354007528482,6.999845817987422,0.6899715951602559,6.253955176434604,271558.9056971329,0.00016706769610182182,6.52900718125227,255,242
AGIGXAVHVBQFXBXMOBNJ6HFY36MA,6.658079304872463,-17.422301839011958,3.1042953167293437,0.7980440279100298,4.82847081754888,16538.054796950968,0.0017041495162035982,7.012714742696599,618,576,1.0438605892874102,-21.14716908513082,2.86197255880807,0.8177170692689218,5.063199068531573,30632.58918195271,0.0009792043592321239,7.229281015276965,618,576,-6.362870434588525,-24.737498685029525,3.0621669574043344,0.8399633548013212,5.719490656770482,63728.32307402995,0.0005949922599620541,7.84197828443118,618,576,-9.541376401755953,-29.671708535107452,3.2541938512297457,0.8134974846311724,5.333424447377371,44544.392211842234,0.0007476030830740824,7.592049646451626,618,576,-40.0498076246338,-26.33243096561228,3.2545050477912483,0.8269434988082844,5.681318785139716,251684.16533519424,0.00014915585984247553,7.530838701790388,618,576
AGJCZ3TS5CHMAP4DVRV2752DQ3NA,7.584007676277253,-16.90358352282047,1.4541282573785923,0.9364964251221223,5.640370112362745,16159.548429098028,0.0023413630931438507,6.888146347081581,457,477,2.205147554213356,-21.197276829424027,1.3079133673442798,0.9409333889510582,5.691504453168287,34439.25386947906,0.0011112147146537718,6.580363681780662,457,477,-5.54674482425074,-24.078055773912897,1.9470761783548522,0.9197830330396882,6.241308687396406,71786.02867141875,0.0006279179549422751,7.250269280481925,457,477,-7.853416921516114,-29.86643292403619,1.7656019767621531,0.9285845568282797,6.04504175667485,45760.48014379486,0.0009458908768124817,6.996040421275698,457,477,-38.17114058644674,-26.000026856154676,2.00849503523845,0.9194835571317973,6.2351176239704795,253347.7781213713,0.0001801558195828772,6.8202437879650235,457,477
AGJDDGXMJFWUVAPWYWT6452FFQSA,4.93488350426667,-17.78534769200641,2.4452510451615357,0.7745772707259793,4.233483842115013,12860.025351141625,0.0016385173246177237,6.50700543322281,125,111,-1.0965421776985345,-22.647713687414257,2.602319843248195,0.7979727887200776,4.518557036541207,32478.949918495113,0.0007453241407515072,6.7858761003594585,125,111,-8.119108009826371,-28.96940982593727,2.822176522504843,0.8371701586585781,5.181122833390606,87898.1306069644,0.0003578729056330638,7.211057962793879,125,111,-9.540964966776123,-37.149938559813364,3.6650469646734765,0.7550956153699409,4.981957732814231,46884.58016033838,0.0006159697088841404,7.136083668116722,125,111,-42.96065143991023,-28.213440606140225,4.226021136129466,0.7451063579337842,5.161575676059897,270890.0281437676,0.0001158049574774196,6.8468969255866154,125,111
AGJRXFVZAQM4Z5DYKNOKK5WF6F7Q,3.4522111430677813,-18.545142842586795,1.1531242809473095,0.8641774933523236,3.752436732708258,11849.045573464675,0.0013613736463694976,6.930407395302116,295,271,-3.5744649311132375,-22.737805911711014,1.4163431157439863,0.8695232557798117,4.07541665872453,33288.8238406098,0.0005771136015268316,7.324976171274974,295,271,-10.984666601303521,-28.578191575478638,2.0577804589016018,0.8586942730613739,4.602103704114052,68959.02800960084,0.0003642919837440872,7.675436255212318,295,271,-14.16740739493642,-34.0832325516113,1.9894414056793246,0.8177561692988473,4.222640221070504,40949.32974157087,0.0004989476698981738,7.540374724270932,295,271,-46.38312029103332,-30.38134955159411,1.9356890697234632,0.8506694952636394,4.481579391081609,258697.81808594952,9.146281922450327e-05,7.225749737677282,295,271
AGJY27POQVYKPEBOBRR5FKI3NS5A,7.061268661955665,-15.905570331276902,4.741177016626911,0.7581677871622632,5.414008874142287,15645.217787574149,0.0022002030298109037,5.998317642972998,154,148,2.270036653383439,-22.017935927503082,3.590476283083266,0.8076871392688381,5.508628934152144,33163.31079150116,0.0010442002441613165,5.876861428243484,154,148,-4.790905257330219,-27.329372433731624,4.609455613137446,0.7859491434591536,6.12560026113912,78015.89147848677,0.0005462619405990679,6.590079207663956,154,148,-7.32206335883998,-32.38832589994911,3.9084991437787036,0.8164319911508056,5.8755561961587945,53951.22232294892,0.0007445761562010371,6.284218937141048,154,148,-37.14472131434951,-29.86329755580536,3.85019346825772,0.815693211796662,6.008144721205534,255551.9885646625,0.00016164463230457178,6.215231089810026,154,148
AGK6P7T6FVUJW7W7Q5UJKJWF3NGA,6.4265970337980916,-19.4853301343658,3.4716092437755353,0.6127644305164948,4.069366161773425,9230.476049342671,0.0020248708106176817,6.364392196144169,153,154,3.238685627455551,-30.76972959645175,3.5497020618767303,0.6769682824757065,4.433804491250698,33376.57852057829,0.0006667478393147142,6.553475476707907,153,154,-5.70199470676405,-32.122331595744704,4.542341894947668,0.670365294900905,5.003465009646343,72491.47501899446,0.00038417821773301477,6.968715840370001,153,154,-7.969813581746672,-40.18963186049029,4.6419082534468,0.590634126534098,4.621989515803989,43655.925245423234,0.0005426891665743422,6.779042679611108,153,154,-38.37209431812606,-38.22131702742499,4.908096311149375,0.61602577718668,4.904551481410675,258666.87783071157,0.00010438336979118404,6.608952478971181,153,154
AGK7DEPABLFQZEYK6ZY4MD7EW53Q,7.002023373230028,-18.896153424590906,3.9078655585068574,0.7653307355859983,4.7591224039168125,15457.23596465047,0.0018221329224071185,5.622410824688278,184,194,1.3961518992331654,-24.227446346910376,3.923235454192743,0.7718241506391667,4.986577287638243,33214.55406347332,0.0009144248585981579,5.728024007225355,184,194,-6.3339556435641855,-28.36425048001396,4.953052776518656,0.7496469940585346,5.4849108260392825,77950.63177740897,0.00046812332353419285,6.401316382135376,184,194,-8.768208399680994,-33.1304956012586,4.290815630268687,0.7673429117805457,5.235708327948626,42549.04764746862,0.0007797150604821279,6.040541871256555,184,194,-39.37846188758635,-30.49974379799791,3.801093687876551,0.7914742115462412,5.405790320859657,264263.5696062528,0.00013277344294531377,6.074590661068885,184,194
AGK7LQIMYOFD5UR6JTJYQNQHIP4Q,4.597590313078125,-18.56683474548064,3.707198062913217,0.6278791953797775,4.024827557010034,18618.065140730465,0.0010701723852208065,5.912317914815448,99,91,-0.9576806976733456,-25.61469560486951,3.22722776252626,0.681427502680559,4.151605508270548,28228.79103485745,0.000718989949018611,6.023985831016307,99,91,-9.091427253901314,-30.117977681843634,4.398332381409117,0.6634870765290126,4.711634689142767,77495.84391266693,0.0003406782724614683,6.288759295634579,99,91,-11.2658266732863,-38.91332197062375,3.858189937443619,0.6508757891482674,4.360436802404616,53924.19094694411,0.0004180292208158787,6.166732255952468,99,91,-43.28620237571227,-34.437763400086894,3.7379926701664243,0.6789684857998148,4.542329461579601,268943.53853216034,9.13341372112939e-05,5.926368904211748,99,91
AGKBFSXT5MSPV2DLOXJ52CES22EA,3.069102448784571,-15.82785546695284,1.0950207897768294,0.873240249096326,3.9453792009262783,12657.793182704558,0.0013689623900299906,6.847250045050512,352,304,-3.733498087967948,-21.18504909413465,1.4374661105923894,0.8522951318977037,4.145597156761029,30960.7363061466,0.000618551707757052,6.994380991270478,352,304,-12.363998500635507,-24.48613635047394,1.6843754492059013,0.8596216374282051,4.590876476453155,68906.73536053787,0.00034071970201139293,7.200573048249943,352,304,-15.159229838370983,-30.37263087848286,1.3744088233026432,0.8684651688031828,4.338290803415109,37733.30528123238,0.0005546307825620069,7.372163179102086,352,304,-46.431847556588664,-28.01475036375785,1.8114675235014064,0.8435095346109517,4.606993286338491,246695.69832833903,9.558613607594381e-05,6.899265101082975,352,304
AGKSE7R54LFVQ4E3VXSTOX2H7B2A,7.325881226800099,-18.648220057300836,4.613972228448335,0.7359751243240229,5.112985072867025,15680.931755342961,0.001952254759491985,6.178992378920516,259,270,1.9725813009341744,-23.088521257928623,4.307625174384785,0.7555707984377437,5.299326498298813,29197.021157061128,0.0011278650564871674,6.083631636892083,259,270,-5.139049693474477,-27.888123712859333,6.87909223048688,0.679796994234206,5.998769398941732,75099.97485065278,0.000549578234748577,6.9346329796451025,259,270,-7.835740617485175,-32.56729134248787,5.667695598473834,0.7094124427555208,5.658963217272038,44342.00675436248,0.0008342696650246193,6.587204681054432,259,270,-38.25324166537888,-28.837913285789977,7.372781728218889,0.6279372108857905,5.901061146040697,256310.15398888124,0.00015393044830639628,6.50791542904962,259,270
AGKYAPJAIV6AKVK7MUVYNQB2RRNA,8.277007328643357,-15.780981295496213,2.3004735275396255,0.9168506676307353,6.190179617493343,19480.20145882089,0.0023184611091875583,7.261146456558533,501,538,3.0939986931163754,-20.090236748234343,2.073739547395889,0.9217485422048143,6.2092535254345025,38724.49200912601,0.0011690965002101672,6.826207464077866,501,538,-4.079761912550668,-24.07076659564989,2.8518761621645847,0.9027332004468656,6.80440931464484,77210.61223229606,0.0006918852968040576,7.534453309797862,501,538,-6.868172986153786,-27.870593823698986,2.3066853419538695,0.921192705708652,6.640824075109968,44263.96047153441,0.0011574672171104912,7.4245329564723725,501,538,-36.19238118561986,-24.96912877118103,2.976591189908661,0.8986994069685735,6.804608570169945,257046.19408174863,0.00020852208977130353,7.163037094877605,501,538
AGLGVDWNM5KVHS3PBM5HX464YVGA,5.761002032025958,-16.478191377630438,2.2778771798001047,0.8682866131780548,5.067544175153532,15620.25031183327,0.0018632615905365283,6.068565040679298,309,305,-0.3730047674550418,-20.0621344068711,2.1120326003399175,0.871602138629014,5.161514696834201,29208.31628942289,0.0010174880295099882,6.086618309124105,309,305,-8.291484939850609,-23.803502162385396,3.1206545436124933,0.8400739347647371,5.702650408488466,72013.33674526124,0.0005046491114056608,6.78725549341013,309,305,-10.649273281700903,-29.720170449515038,2.9027489785634626,0.8481597946658403,5.536273602506356,43435.086268005114,0.0007932778586241131,6.51733913630159,309,305,-41.26823084344967,-24.89559854548492,3.5867178320098976,0.8220395723406831,5.770333713121153,253821.1799159623,0.00014719048818896612,6.530170556468054,309,305
AGLI2MZXMBJZN2LUL3A23ATGMRPA,7.19461584498172,-19.75902638355358,4.897521965556402,0.634333858490798,4.508124709382589,14537.955420099446,0.0017105840503791679,6.623330164918962,191,193,1.2817382748971182,-24.983060198640878,4.8519234201051,0.6717360050850609,4.823050083372555,28146.71042312921,0.0009866164262134845,6.836524325443551,191,193,-6.017484027276397,-29.59183462583778,4.932825982588111,0.7255690825197325,5.42955513479368,89873.73131953838,0.0003904282690926835,7.370482763323634,191,193,-8.184631018553016,-36.36584088685732,5.350663805733226,0.6703657721089707,5.097970691895181,50935.89230867954,0.0006133853686511023,7.221102366900909,191,193,-38.969976439825246,-32.15458342065877,5.308301426505538,0.6963741741038293,5.4197229927440445,273426.7923094078,0.00012785572573442255,6.962748956826875,191,193
AGLL7CPD56HB3XKAZGNJ5IP27FNQ,7.793845423024534,-15.447665930813836,2.3340576259688732,0.8930383905649395,5.877498860351056,17459.629115484997,0.0022731249771612257,7.4405335846326945,322,331,2.4050117807976243,-19.539466069710645,2.645261371890544,0.8830588217538334,5.995597148273271,34976.178346228124,0.001188030235802272,7.070954145780785,322,331,-5.019668213595731,-23.271721004018644,2.478823261736743,0.8966797227964258,6.465445061521005,79177.41199312476,0.0006010108555412932,7.658928750674403,322,331,-7.889745747373419,-27.94563869645863,2.7692741156048677,0.8868132956627214,6.347360188072841,58011.888314589305,0.000798258866489984,7.622786012890082,322,331,-37.83080245431466,-23.163144648185185,2.711845558324686,0.8866705289505411,6.529477110885474,264569.1541627286,0.0001820674170998136,7.338843890819194,322,331
AGLOSDW6BQHIKTVEKCI23IAZCY7A,8.057499091964273,-18.049013989404592,3.073117847929579,0.8591907538164124,5.499584226282718,15615.223635487862,0.0023275674597806185,6.428168702055796,185,206,2.4338062044364532,-22.643429984749716,3.207399624629529,0.8577497472270244,5.770656696002528,40442.61248225097,0.0009767566143460452,6.174663397352986,185,206,-4.748651253616891,-25.817876285863925,4.709602836024685,0.8193312817596807,6.360959296209024,76721.0751838631,0.00062689662996113,7.018648051847611,185,206,-6.892903370484218,-31.213833470856468,5.2006899582640695,0.7968542326544242,6.192247224618328,54933.00984631493,0.0008270400624276935,6.7171998563288815,185,206,-37.21015093933557,-27.74730894963197,3.7235925981328077,0.844614926456424,6.247425596198256,258041.33077324714,0.00017674417422011024,6.509949307797779,185,206
AGLQET6T4ZX4C4UXTNEMYHIWLFHA,9.999473416322632,-20.100698943372496,11.368996833948998,0.6624017472122411,6.438293011833425,22137.93591584122,0.0022835149911954815,7.2977864267753345,191,192,5.339401802255426,-24.347700689903245,11.61421856311895,0.6730847877947981,6.711492882197619,40361.15280028613,0.0013513192533998746,7.275509192373113,191,192,-2.2981116338672867,-27.79277429157175,8.447106542132778,0.7826489750536786,7.22459377259272,97143.85897848058,0.0006483052447956428,7.904009153896167,191,192,-3.380643389051236,-36.00553152313455,11.776895313016013,0.6856587102096665,7.122518352866951,62020.758071820994,0.0009651272775389947,7.818934676645916,191,192,-33.41570769438991,-29.701949204861506,11.670083737396814,0.6708985777301004,7.106674206883798,267878.28795445064,0.00022270410863120416,7.5542911766137575,191,192
AGLWDF5SJNRNIW2HHSD6ZPADUHQQ,5.619941992311903,-16.691167413391657,2.8190471907672605,0.7541235194369906,4.342148541723049,12206.189684918165,0.0018553325073583716,5.874545755403973,245,249,0.07147938164095621,-22.34113219617342,2.503101558410496,0.7880602737564748,4.527092111067045,26083.53509632527,0.0009282746389943012,6.0341446989287455,245,249,-7.849357487212153,-25.29555609000864,2.4954935367330764,0.8335107888537158,5.178136426108751,70193.58361293707,0.000447782423964998,6.5981157249783715,245,249,-10.861640488096192,-30.415466906904626,2.9507813846204454,0.7750541977907961,4.852106399117078,36116.11127910979,0.0007562177077424935,6.359006209429622,245,249,-42.01006213418266,-27.500505486703045,3.183401388927676,0.7610981009834149,4.961673936781968,254640.38602939274,0.00011319594514379312,6.165604036368247,245,249
AGLX23K3YYZ4NMO3V4CRUO7DSTQQ,8.324003853463687,-18.4148797174003,4.649694751231386,0.8242153384147863,5.699069554849786,23845.339612872467,0.001743990541984172,6.433695585854504,165,189,3.9125804529342947,-24.730393939786467,4.484689504314301,0.8374455018159687,5.846245912125951,36941.27978517298,0.0011864781969460091,6.321228618622316,165,189,-3.6104318382231826,-27.45335652707378,5.994175024516448,0.8119080390044172,6.473882196701622,87480.06613349794,0.0006098530113906979,7.089165037465179,165,189,-5.637801817833451,-35.84387155911121,6.297064514804323,0.7760532777028907,6.05696814461745,74361.26894438257,0.0006280173669299335,6.787363023347016,165,189,-36.063093669726534,-28.358977435681293,5.814123521786584,0.8058204010267815,6.392749079687672,270965.05337672326,0.00019035975362269547,6.660427538251944,165,189
AGM2A2VZQTAS3OVZNQZ4OYO3BWHA,9.654415660789045,-21.520794083152815,12.299621295021357,0.35095826764667304,5.424877739117203,18169.82274342142,0.001876751071842465,6.124175365686854,145,167,5.518733794028442,-27.93360549109695,10.670022423740637,0.5185668728818542,5.666684550045249,33121.47548138609,0.0011437588038282005,5.922034513531882,145,167,-2.0017252795268905,-32.234854718725856,11.23622817367158,0.4952782398903509,6.1649985899473325,92995.15515297167,0.00046964861569722397,6.60900112750504,145,167,-1.9991890277009496,-44.408991482912995,12.663564079675359,0.4278484350581303,5.925785806324943,55504.259078257375,0.0007301348848044245,6.249448522715203,145,167,-33.69962318934094,-37.43712609106216,13.279030255334556,0.3582737610784843,6.0015998725907735,262756.4822945817,0.0001562271852047342,6.196619332508053,145,167
AGM4CTJZTX4ODUQDZKC5NP6D7U3A,7.857504508501841,-19.04150516663439,2.8419170349806233,0.8435982193690378,5.255302221604869,18390.257352840694,0.001759749861748451,6.668216163408653,149,126,3.0571967791457655,-25.522576994282332,3.924677112376018,0.7918027303059254,5.369148362334057,40996.623812945625,0.0008332818930853248,6.329139516285519,149,126,-4.4913426245838535,-28.915498258530757,5.159337480723143,0.7651074735792875,6.0690090859226995,85042.83272430011,0.0005012695035109663,6.919991632633485,149,126,-5.281219879461118,-38.61643539315884,4.543879933020293,0.7925770125381942,5.945840314813285,54981.35771718307,0.0007432989459280543,6.844935478151301,149,126,-36.905244515328526,-31.064485960678688,4.246109165550607,0.8024569552528147,6.052224406413044,269153.4690815877,0.00015570623236481546,6.732775598765854,149,126
AGMCZMRV6MJ5SCCUIEILXUKJ66WA,7.707982081345467,-16.138460883747925,3.459865949418721,0.8487345107511496,5.713552711878512,16205.050318732943,0.0024257935287835966,6.230307210003292,366,392,2.374988750039506,-20.09120543669595,3.8619773335460015,0.8299616523347381,5.875951109108945,29016.820644534233,0.0014170381270956342,6.162328816731956,366,392,-5.211406153476486,-23.007158583071785,5.462622365616742,0.7955853242584991,6.594615797711809,69347.28498863951,0.0007389022617329849,7.056791926605271,366,392,-7.682580197239951,-28.68085676468884,3.8758485700783654,0.8403372108922147,6.22525032826966,43371.65507069239,0.0010469014442496677,6.633175003263501,366,392,-37.25732146000088,-25.234233586410664,4.650939794775358,0.8149062410579715,6.480983247772946,260589.71915874517,0.0001891881822721068,6.432116759642951,366,392
AGMGJENGFBLDLGUGIJXQ7V4NPVMQ,5.796860820319839,-15.658720016768605,2.6192077436711823,0.7937370447601619,4.64867618566806,13937.752541043354,0.0017971370344151332,6.351441583531158,335,356,-0.3212593248458411,-19.67775637227946,2.781884521283775,0.7966071498679044,4.878372367282283,26243.698949697806,0.0010420614154704215,6.358478667425485,335,356,-8.285893942230512,-23.077814307650883,2.930323611556873,0.8152517372324056,5.421394431830207,74370.91549214261,0.00044890075377241966,6.779925798658863,335,356,-11.022493876349728,-28.87855054159951,2.807491568114577,0.8132886861070794,5.179164963449295,43564.874666283155,0.0007099380764261232,6.737107923499886,335,356,-41.56894309651473,-24.95039022160347,2.997681305746257,0.8090128392382394,5.377392833563421,255199.82452313203,0.00013008244545387786,6.51919287375131,335,356
AGMZV54XEXNBFMAGB3OERT4UPB2A,5.890820399629581,-18.62571240305508,3.291258980065325,0.7895108593223539,4.791084459854151,18280.438895306503,0.0014863083374787333,5.477904365227915,84,116,0.21678842327171444,-25.08757398572884,3.317992653591604,0.7848767015886,4.9033589117551895,53732.43686686,0.0005210588480169695,5.4177783204819425,84,116,-7.208123884523382,-30.395065218087677,4.542570525765588,0.7513840264952707,5.507717684712734,110351.649853041,0.00032180262545320176,6.111249413673861,84,116,-8.24851494101053,-40.6132575489883,3.374783242824968,0.8040670006111674,5.263769451744562,65877.3314460834,0.0004837681979594287,5.960853314578889,84,116,-40.48254000960333,-34.020840138305246,3.803083792457351,0.774702082948453,5.338871656533608,285822.47416356584,0.00011388003008496451,5.825282879385269,84,116
AGN5KJZU3FYSKVWXWM66LXYWL5CQ,5.4481697274966985,-17.013532713665796,1.834329267728772,0.8238800716137401,4.113184425638645,11660.512811768165,0.0017530026942983179,6.400189364669083,574,587,-0.9110659183356503,-21.346480938836397,1.9754099625958794,0.8188641767077386,4.320912525994067,24823.63152066085,0.0008892856340121693,6.470445745955291,574,587,-8.98610701900631,-24.38356388488459,2.220753481113557,0.8333768908089113,4.904517199627545,61181.819107932766,0.0004586384585333347,6.9227448773509455,574,587,-11.658848641593261,-30.695979344510402,2.271351559483054,0.8142087243093825,4.619384981553879,32677.511121135674,0.0007726080474236442,6.783694562759686,574,587,-42.87523947665802,-26.890808644725652,2.3827727752209573,0.8090414204972792,4.772932143352338,245254.47566258212,0.00010864021276122426,6.611060194785773,574,587
AGNF2DGDI5VR32QJTJPKHE7LS26A,7.19739819154356,-18.329750315864136,5.398704919482922,0.7009079130463098,5.07736971498303,20537.63011067799,0.0015351390386018817,5.831700992581058,87,80,1.8875906151621358,-24.323404357150565,5.13702412241069,0.7409438927327082,5.353854913863944,40208.4516622262,0.0008870462461630414,5.819381478975626,87,80,-5.612751262850063,-29.737852997402577,6.1441297748492145,0.7145498831340298,5.854876962634419,99142.97274938837,0.00041543577342961633,6.441017896308924,87,80,-6.38968584504376,-39.20902772007039,5.609029108993643,0.7287665071388592,5.621592113551161,65758.09805436424,0.0005767571670356661,6.160192462690452,87,80,-39.48436679204841,-28.988521876035755,5.182618300041769,0.743735856422769,5.746716202919198,282510.9698912843,0.0001410886559063944,5.924950572638158,87,80
AGNWFBNXATPJXGLZ24PZ42I47Q6A,6.460380191436803,-19.654328989050295,2.845178016751911,0.7789435577873607,4.429340600305848,15418.970694407599,0.0015014851422797716,5.525177707901639,134,154,0.5584923588944389,-26.196311209730272,3.52559082111151,0.7255228410515542,4.515820495314869,30705.171256611873,0.0007761103657295726,5.50523236214544,134,154,-6.894549863615303,-31.42794914019948,3.490233146056739,0.7780838323784793,5.098951794835555,87711.03724195292,0.0003448726594806553,6.094210958625364,134,154,-8.81017920021325,-37.87544503190869,3.650928965740402,0.7416469444545988,4.805805776323638,53090.268960365625,0.000509284795733468,5.945628003826562,134,154,-40.17164919853424,-34.232298767178605,4.080844955657746,0.7181481882784924,4.971671096280336,263581.2654604999,0.00010805962419250903,5.725627028274314,134,154
AGNY74UEPE5T4CYNABHAAL62NGJA,8.26442641634866,-16.50052141122266,8.103025827864423,0.6626695373356886,5.941073969985047,19003.449296278035,0.0021661440700787974,6.727289305703704,159,153,3.728809539650412,-22.754151082026333,7.297668086072353,0.6844823937416551,5.9989212984100195,38942.11599399087,0.001062964443801465,6.396802447017266,159,153,-3.600427686351331,-25.675245952953013,8.656560661335556,0.6734530716877369,6.679313985515664,75458.92617326921,0.0006691514688576324,7.302279248546346,159,153,-5.930507066225021,-33.71349932672076,8.44594545479708,0.6725306008749945,6.352310402815052,60640.04238559278,0.0007655915682128271,6.906798032776923,159,153,-36.399839511426904,-26.766518114987406,8.522761754550038,0.6576961055080246,6.556365723189634,270054.7557587515,0.0001797336208819669,6.719650006900895,159,153
AGO22BUOE6AX3PRTYLVVQKPR4R7A,7.941801494099714,-16.941629494336908,4.169703368429968,0.8067249993499737,5.5650800485486105,15813.907898797777,0.0023580965857425357,6.643521276596936,407,467,2.4355730178641504,-19.611542121550595,5.0404777182981295,0.7853605897475613,5.782927649429097,35414.67793829994,0.0011481793577629137,6.635019366081095,407,467,-4.720089585017031,-23.802859175227205,5.153253000633341,0.7992309998850968,6.429125221755631,70845.8911117134,0.000686505775769076,7.3604504835791635,407,467,-7.5074623850915625,-27.532770352666482,4.8299238687405195,0.8078089782606154,6.183644538961104,41898.467275615505,0.0010901671605172182,7.1363942691921345,407,467,-37.35403078932115,-25.11499977445836,3.7887199062214085,0.838922959469733,6.230665273455321,257869.17951140495,0.0001771800505173024,6.908278625785972,407,467
AGOGOL42K2ZH35WKFK55FCRVNRIA,6.520028452104047,-17.379676692926544,3.46192958679756,0.8095284684231445,5.08345334532135,15588.945848578796,0.001991550906221203,6.144183700812441,408,434,0.5858493719884902,-20.28721685549261,4.47972267465765,0.7502664568201598,5.296941630142885,31090.48184209263,0.0010637164252139716,6.212514411501254,408,434,-6.8903902567193915,-24.272753445008302,4.389388062249662,0.7913627302857811,5.927592157414745,82786.99227125845,0.0004968013777123531,6.962525933204209,408,434,-9.946172808932937,-28.95572760548221,3.58743980032219,0.8188876368820712,5.633266734991245,41541.061526912374,0.000889294664612661,6.5967776810842915,408,434,-39.89604405482823,-26.467711499743746,4.182917371821361,0.7942520994370103,5.8933227890728626,257452.3016595482,0.00015566854629107187,6.4450567623529755,408,434
AGOIB5PDEMTQG4DL45T53A62R6FA,6.89614390654948,-20.16566131925705,5.563705032766099,0.5780652696905889,4.521774658597338,15817.500275434397,0.0015744104862617885,5.962921259741295,109,120,1.3022880626613238,-25.800242093521703,6.631088913925611,0.4948211157931671,4.54196212050417,31507.203502583005,0.0008109223467698848,6.129876146028988,109,120,-4.185892912790918,-35.17887563725028,8.848116009053278,0.49514036149491414,5.368595969625383,78898.1652981314,0.00043040229435751105,6.892878331117418,109,120,-5.358999815961534,-44.41288850969766,7.373682190600812,0.5098506962260168,4.919233860064158,61570.360008809024,0.0004767017639337735,6.474965677591814,109,120,-37.605548921560555,-36.31158199143237,8.640252560005127,0.47266426353192104,5.217533977883536,276068.6843873573,0.00011985271363407981,6.470181809835443,109,120
AGOL4YVNGWMNV5WJWSA4IRBTSZ4A,7.09636592143595,-16.864018119646683,6.870667864922355,0.6091584387082459,5.164152558661792,14617.016590798883,0.00218292630040794,5.908139434443558,109,111,1.5424093281318674,-23.223910239550577,7.031591455138581,0.5846644919809079,5.20843499855627,34465.3925269834,0.0009230953203354079,5.715896431125594,109,111,-5.852139873862463,-27.50453571596951,7.247486219352147,0.6145045564285967,5.729340661896059,87520.38161102336,0.00043456117568822734,6.392784154126133,109,111,-7.990195542372251,-34.50136430314617,6.603627402251158,0.6353488318937071,5.4704587413714645,63693.18146545262,0.0005531328904218963,6.19811114781557,109,111,-38.91592269512383,-28.78709799099412,7.804119596888457,0.6092270646939699,5.753076199792691,283207.1141459682,0.0001393066272331913,6.08732233522439,109,111
AGOTQJS3QBTH2PNPRLVQSQ4ZVPSA,6.098749289949157,-17.55201338135742,4.017269666023081,0.6770824619534161,4.555315310561305,14836.171279969996,0.0016281694314561137,6.366162452815648,155,142,0.16049975410637998,-23.31567655105133,3.824893569429788,0.7146312707750091,4.79302372946838,34782.15923323621,0.0007665685936588196,6.548207068834157,155,142,-7.0558700450396055,-29.306711973758826,4.299886904215365,0.7082824143305253,5.224223243675167,78068.97415023648,0.0003975869287726431,6.797465126601651,155,142,-10.396986373599479,-33.650212679583284,3.425721313232126,0.7574484574400557,4.973858250717262,53995.73170733389,0.0005325299822158867,6.806798233388052,155,142,-41.488984237400395,-30.455389232790175,4.256366551148891,0.6998643254989182,5.157944952925587,272096.6473507135,0.00011150851288607342,6.474360351840911,155,142
AGOVWHWEHB2MT55YUMFKBU2MCSSQ,7.072545555673155,-18.45118373989721,5.068353265005236,0.7839861736102762,5.481899916467899,18159.321585998594,0.0019899366058446413,5.84635898025562,167,173,1.9775802739900727,-24.163821731703695,3.6801086552059585,0.8282701933162904,5.464710149153817,36941.77205140087,0.0009544077390575545,5.602961381084563,167,173,-6.282571133756754,-25.465425230073226,5.969515103424419,0.7718932996364576,6.288331003585135,90722.30824590556,0.0005054527202087769,6.629091659888043,167,173,-8.335856977831874,-32.91505873722638,5.542026181746391,0.7727701638987868,5.91065987756521,46914.684855504966,0.0008687988146926297,6.214071131928771,167,173,-38.53563192822466,-27.456553913476313,5.725873599918924,0.7822855875086563,6.226182284205563,281870.74606659485,0.0001622619107581904,6.206806546763925,167,173
AGPBLK2TIZU42KPLDX2ALX6CPFOQ,7.523749152535426,-15.130841174307006,3.2887137825458015,0.8360874215018688,5.56923347963172,15525.43053154931,0.0023584192468775592,6.438119352336149,199,180,2.39445711770997,-20.077560161380333,4.2866198685596,0.7933576630514241,5.702710226998988,30046.308053151795,0.0012783752683881747,6.264102702535502,199,180,-4.589581974778645,-24.738652416158782,4.309900599597207,0.8138546321502276,6.371589193100485,68661.2520659744,0.0006798927203814094,7.293698145049472,199,180,-6.161046292665727,-30.926680976782933,4.2112285676933086,0.8105440758122449,6.09475569365721,42586.861935407134,0.001011788358362961,6.808156530752572,199,180,-37.022001529277205,-26.17887180315544,3.990625552509503,0.8153429023239515,6.201570638279065,254862.9031210525,0.00017295376132053637,6.632297717177933,199,180
AGPFJ4F4XFOHAKDDX3AITBNIOCMQ,4.126770510671106,-15.680766506465107,1.0276072781359393,0.8812041600696087,4.030978396014463,10905.836844439938,0.0016760012172372886,7.080832527464245,813,742,-2.182393733403806,-20.56326073874628,1.3971313962748162,0.866131258470278,4.33761768494408,25221.795180594287,0.0008357103340248271,7.606873789196154,813,742,-10.26804703533784,-23.08294761831287,1.4955861403400863,0.8889281502626187,4.92420936934556,57229.23242962437,0.0004748632202287763,7.996036917548253,813,742,-13.100923643625062,-28.372307399912277,1.272746259186834,0.8805350827337618,4.501869272744107,30359.474136807832,0.0007434789443677735,7.710219750878214,813,742,-44.599694701699974,-25.751306264476067,1.3969310665339196,0.8877438749634561,4.85598323228942,234676.68352007735,0.00011264949350439043,7.560260434498713,813,742
AGPGXSO3TUT5DZEMWXKMOJRGT3UQ,9.246487296188358,-22.228771809421136,3.6728835779895226,0.8527731041906585,5.511283115821147,22443.288253597635,0.0017726899240538528,6.296287606936903,119,161,4.139022158364175,-26.454859965156864,2.9550594906832703,0.8768279513245842,5.576877973579939,42035.90358964007,0.0009552933044260131,6.1989693523388505,119,161,-2.7568226540203282,-31.79868621133778,5.017279653772914,0.8216760520637021,6.214233787282671,85686.80737633852,0.0005781985345508264,6.669485939200879,119,161,-2.8852798374922393,-44.03840138902098,3.840172503028715,0.8613600551605279,5.968390798587611,63797.314064911436,0.0007252955344026298,6.512424108644367,119,161,-34.89349580250245,-34.99897112182571,5.234455383289462,0.7991450911762491,6.048537598525088,284139.6889701241,0.00016524656721610058,6.35839177101665,119,161
AGQ2HP6PMIPJLLOX2I3VVYRK2HCA,7.454722694951956,-20.38723291705959,4.012344701583433,0.8146867574899226,5.332188991230841,21692.038572101563,0.001594067077311296,5.955878090336871,93,103,2.058641342847796,-25.443351182125213,3.9732194895937254,0.8035285165565718,5.337092794790031,38404.45264993075,0.0009050658473581549,5.835940816379543,93,103,-5.572532077108172,-29.65339723221537,4.946622471887111,0.80379696698072,6.120950763044141,99416.77618635222,0.0004464061276446073,6.861959332207528,93,103,-6.614915769705727,-39.598524828879405,6.185540234277071,0.7242310671700471,5.691974009601453,62351.62860078754,0.0006270132188345184,6.360646855536437,93,103,-36.84631564232025,-32.21198527774252,5.5854610043162625,0.7722918298235129,6.210629118359055,283836.76644258416,0.00015941493653248847,6.506890460895314,93,103
AGQFUBXP54N5SB54U5LRPL62B2NQ,8.468509386665321,-17.731409643026556,2.8011013214214264,0.8924926236105464,6.10783883353012,18481.964041820756,0.002268050710961477,7.765431279971289,232,220,2.707843441767874,-20.960799764593304,3.107079249979388,0.8742136729250396,6.217422057602801,32661.933050384047,0.0013073372109204946,7.344932681270195,232,220,-4.286936582668348,-23.88523128592644,4.328881361702006,0.8436411087359641,6.854651483312088,74279.52873325464,0.0006943607502878312,8.124491210717984,232,220,-7.14404761803381,-28.779814813150296,3.929444608778074,0.8530597621251043,6.550158575621193,57492.62991675608,0.000823524934816958,8.094021780316186,232,220,-36.82494339475647,-25.817325898385818,4.385071518893551,0.8393165220758917,6.823641529136229,266564.6411290148,0.00019108690967708147,7.855469152480403,232,220
AGQPPOLMA6U2DAA5I5SP3M4QJSFA,7.9692770053414215,-20.411653964277512,6.644302591639152,0.642779172620586,5.101198931600818,19650.76649174432,0.0016028820663445014,6.097426061845076,137,140,2.6940429725515247,-25.758765245210817,7.9363719181396775,0.5648991385893853,5.180987231978429,40217.057718785625,0.0008058665264048841,6.186355559950687,137,140,-5.351978023462397,-27.53587826444101,5.463358615263917,0.7610562128419126,5.880129440360426,87681.19174907294,0.0004801568905899138,6.678167153475092,137,140,-6.833769261811169,-36.89241066698196,7.067832360102035,0.660446915385225,5.582210350548407,56741.833407435974,0.000656284019588942,6.485001022517182,137,140,-37.70100447642653,-32.23938571585925,7.493790195680858,0.6450160495915049,5.748224068095559,280869.1426604033,0.00014050375965521782,6.3609177794589655,137,140
AGR7754BCGDRLYBG47FPUV5LF7ZQ,7.350967404359644,-19.897104333079344,5.632722008409308,0.5577967509259291,4.563658942972714,16607.655025510925,0.0015112361062100395,5.7947375263372445,148,143,3.2160440741476535,-27.401346088696517,6.831977544342829,0.5181563567753319,4.804568539319737,33199.52146951796,0.0008257272275657048,6.1013013783150765,148,143,-5.5259424807054645,-29.1505758924825,7.158066803303368,0.5932995483641846,5.472228523745425,82243.33228535274,0.00042790800810641334,6.825913195312289,148,143,-6.569457443198254,-38.124819979093125,7.501375468476037,0.49922741194668474,5.1010915615812715,43197.96596168604,0.0007068999636365158,6.454224986735572,148,143,-37.0602546033164,-33.95909252778088,8.250686116181065,0.5064469030749377,5.407935439436513,264817.7036547101,0.00013157869943390923,6.369972173337325,148,143
AGRCXV4NM763VGZGD6BQ2VGNCJNA,7.721451658854165,-17.235689494842813,2.8457286181838466,0.8932574689645248,6.068636066341688,20844.163735717953,0.002087718216221777,7.890854366913335,272,283,3.294484582337001,-22.74253012589137,4.2769764372424195,0.8426236813532637,6.2367629577792725,43289.78244668017,0.0010609695852831624,7.712956599318214,272,283,-4.52161300782426,-25.300217201500942,4.456991867882204,0.8438260177488048,6.710378089873796,86918.81456960762,0.0005945504371272818,8.170209295850483,272,283,-6.584423954563417,-32.15512414883358,4.97264266161255,0.833327570444533,6.62572417143572,61457.123763855976,0.0008352198680423514,8.091836185574214,272,283,-36.756579316699344,-25.98671955643768,4.841332342118959,0.8347205489283219,6.779111949468133,274887.3513156477,0.0001936400929056408,7.994761853089728,272,283
AGRISXOWIRNNRSJZTUH6C3E3QGSQ,8.618185607141681,-16.34919044454052,6.858427642989162,0.7965475112693198,6.509550071930988,21743.337415901122,0.0023989779126448465,6.691232286559402,160,170,4.333770871228108,-22.84649356438926,8.954320498056836,0.7303166907994767,6.614324483039498,45277.57000968011,0.0011818331270258859,6.445402373447236,160,170,-3.4217903084332812,-25.347633138772526,7.966264889583616,0.778411170507121,7.210157412824347,91936.3334151846,0.0006668411953024187,7.246711334171513,160,170,-5.1900667905608415,-31.505984736358304,8.63376286413118,0.7604749700911904,7.001150794260354,66198.56364546782,0.0008923297162511162,7.032237790245577,160,170,-34.90832381850582,-25.94155123052169,8.061801035377973,0.768946762780333,7.171668024641312,271835.3256505149,0.0002249866158361009,6.902036220220037,160,170
AGS2KXBTAM44IW7T4FPSTTO3ZISQ,4.601720096159603,-15.40839370291424,2.0727643558786464,0.8276574305818771,4.419327644892487,15001.886535185287,0.001536834769184443,6.832249668002571,299,267,-0.7235990147501471,-20.68547198618779,2.6447730149244904,0.8158670703419618,4.799044578936162,31513.235588024694,0.000856129732129565,7.344324900290821,299,267,-8.468671826885869,-24.563618566751018,3.5332521071064207,0.794852929303865,5.399250312384969,79228.94843229394,0.0004253836965843965,7.616436764354529,299,267,-12.389695270412906,-27.73851262015727,3.170817633097931,0.7968820158329093,5.0630719708541525,46493.29427348507,0.0006484231519604575,7.408881720225819,299,267,-43.26765324856612,-25.130502079796525,3.220967697960678,0.7914049637056437,5.23529039620151,259431.7506315691,0.00012091946716344169,7.279996703409054,299,267
AGS4LY74Z274M4KH5PXDUG22E4RQ,5.220132815457614,-18.181102024360268,2.237428308339284,0.7439182437530694,3.9729461286245114,11748.01856314957,0.0015300209156173341,6.524943882355965,285,268,-1.19104111207992,-21.922963444893448,2.3173522514622413,0.7808022194495428,4.353919582839149,25186.56993551654,0.000844496748412753,6.749883631089066,285,268,-9.016941567857742,-27.189730335405482,2.727614064622221,0.790324155409958,4.826811526654669,63213.13770946809,0.0004136921595177431,7.014764866900029,285,268,-12.220861961803022,-31.843843130146247,2.6826397049197253,0.7575099190739496,4.473726402493774,32823.51938904763,0.0006832402811217234,6.866304470442242,285,268,-43.123427658200924,-29.985883279730707,2.8984625936463844,0.7559329655954996,4.719818883818961,250401.0848835795,9.925440284440152e-05,6.643978814068767,285,268
AGSIU3JOYC6CJLFFB7APDN3UGSHQ,8.537228872642945,-16.618552249403585,4.647763629528062,0.8957255046408681,7.315137712624895,23849.434334874553,0.00267517199923221,10.979305117025053,296,312,3.4592818615985266,-20.434024217133974,5.488819340933312,0.8736365323684634,7.348566287074844,48265.959857559785,0.0013470913259304115,10.314341841093691,296,312,-3.8993814605879926,-23.227317884533377,4.350384379771075,0.9104048359578288,8.001027057659764,98118.47808948605,0.0007748165057029143,11.303104739980757,296,312,-5.9375109025869826,-28.727246086245852,4.852733031850508,0.9038062836815289,7.947244315509581,64359.14368413655,0.0011616379813299675,11.449799556217208,296,312,-34.648473539924794,-24.50070011755622,4.860815696010775,0.8993461609566272,8.073950375085065,270011.7606163664,0.00028094269953053816,11.149720626887442,296,312
AGSM75HHGVYI263VKMFQMK6GJQ7A,7.72995665459864,-15.883172129085791,4.6343717652616085,0.8505449993533273,6.3577555782977795,21669.94033188035,0.002214278985996596,7.558258589000937,301,230,2.249520186738643,-19.904304399871446,3.289529868871493,0.8831599796373488,6.345315681823819,37760.49539545285,0.001245762098270479,7.0990538358900785,301,230,-4.821192246155954,-24.072204625888237,6.169246196736758,0.8165925598901886,6.974353627535193,86365.68135887048,0.0006549640721301624,7.79376662068579,301,230,-7.997613907438737,-27.866327937335463,5.303994008625171,0.8459216874002304,6.864904335827495,56089.51857979957,0.000999055685374319,7.699188772585508,301,230,-37.061192929954615,-24.437024694345478,4.26609372532223,0.8679749299210161,6.928237506306376,272948.5874229785,0.0002027818796692572,7.521263511945232,301,230
AGSNKFQ67XEX7JR3KMPUONRPNGYQ,8.573254205309475,-18.47988736750097,5.292573095000154,0.75447183160006,5.54617748552464,17073.252648652975,0.0022343216612305435,6.002435040380884,147,194,3.8439753841063475,-23.677782187871898,8.08446524560168,0.6638217474799036,5.868783065865523,36454.69049204805,0.001160862509262335,6.158155992835066,147,194,-3.6985273293591465,-28.016401261188665,6.6472831402744745,0.736886205038062,6.434298214295851,94574.18214314611,0.0005125922350037093,6.895363848655217,147,194,-6.473278633929478,-32.57896982980695,5.922000513008153,0.75582252036544,6.093464902204562,54631.492339963086,0.000811737070666998,6.543832320880255,147,194,-35.704793113288524,-29.947842822249196,7.4334746666829,0.7062512157924719,6.33396923800412,266458.7296376807,0.00018261091420534415,6.349518912061057,147,194
AGSRO7NXV6VMSP7OXAONAB7F57QQ,6.74116469470353,-16.221440582355047,2.9718987450246823,0.7947690755221875,4.824296583587505,13605.355553304953,0.002063911509147824,6.169853054489369,175,191,1.5639749497314412,-22.409010536041208,4.10862128177671,0.7448070073834121,5.122933451823432,31593.518158325995,0.0009905639690696974,6.398928552642051,175,191,-5.733373897506338,-25.534192032212115,4.40186490961656,0.7680953157130489,5.691513009704579,73948.41825389414,0.0005186351208456418,6.930046311774343,175,191,-8.217366245104973,-31.48833469853916,3.886005654712423,0.7720011015819284,5.40486885186043,42745.503627845916,0.0008041701275888808,6.623040358342736,175,191,-38.47618109149898,-27.5300518155982,4.102246788341431,0.7729666736868297,5.694687373850531,262030.06134560428,0.0001459600737795791,6.569003050748142,175,191
AGSU4BF54NFDUP5SOHAAVNKQI67Q,6.871468635167527,-17.522022279841924,2.818510754188483,0.8378324908081547,5.077703263223926,14758.880717666658,0.0020730020864528492,6.04165551109201,187,202,1.12956767964051,-21.279617170755312,3.8485448073327704,0.7896347455090584,5.318086753806759,30648.28715660693,0.0010946990632403318,6.003378637451722,187,202,-6.058493615156775,-26.451217145958488,5.067235678962327,0.7574419869002246,5.882251295367243,70595.84953792134,0.0005677443122676161,6.527138214109869,187,202,-8.540243149405383,-32.033438664027955,3.573969855227738,0.8178223762880894,5.585555774386099,52427.2891709843,0.0007008964457310571,6.325829664733438,187,202,-38.90026459464184,-28.73218219580687,3.270267558974878,0.8317359827667381,5.6691412079760495,263756.05786795774,0.00014339288641742646,6.22311657586063,187,202
AGSVNZDZNPCMXG5DEFXMZNRH2LCQ,7.322418414935226,-16.93748314153824,2.1196939260438348,0.9114737512117569,5.7388626521214094,16918.895101851092,0.002288404465795542,8.452437200437302,485,482,1.903293486522845,-21.67579268160891,2.2955219277017656,0.895589285949587,5.685890058531362,31726.29624001876,0.001186426637424974,7.867329872270006,485,482,-5.4556661434676945,-25.34415379482757,2.9636593272109026,0.880746095802705,6.331342334808303,74323.48928556014,0.000612149778441379,8.599846085749958,485,482,-8.244598553202565,-29.80822479553349,2.5361060127020822,0.9032227498937317,6.252305283584014,50837.17711600388,0.0008868824569784346,8.722347941997732,485,482,-38.209935976732254,-25.95072538030296,2.765782929465079,0.8902165137351523,6.378047651028992,257176.70575178333,0.00017927412749301765,8.398202657522676,485,482
AGT3Z52Z65ZKWWMPHD2KZLT6VXLQ,5.146803165798786,-16.73021384966038,1.5918960699905218,0.8553340804739387,4.242634485725685,12602.525538589192,0.0016932523237828594,6.226087657764688,440,449,-1.4051453078450065,-20.863732426351273,1.989284529868504,0.8387864846699882,4.5684108082392125,33257.93158096982,0.0007245642528447951,6.440773874598653,440,449,-9.2004640539238,-23.88484830393295,2.068947816809857,0.8632986060792751,5.152263212105422,72368.60071998031,0.0004241598172011673,6.884747896455159,440,449,-12.114526025438263,-30.060943026572108,1.652898550044814,0.8761250738157927,4.7951662949457186,34048.44675078839,0.0007845536674720302,6.634902148543378,440,449,-43.17635497465879,-26.3928046636192,2.340298368314765,0.8341466850029782,5.043404427038371,249632.0802772493,0.00011794630991527636,6.411380085278937,440,449
AGT6E6L72BKLEEJGX4MPM2BW5IDA,7.704634785070742,-17.568640375362527,6.981078631785223,0.7543173000419752,6.026475114673011,20360.653476856387,0.0021101375559333677,6.521358215787201,165,143,2.9736698257566294,-22.944823743412837,6.554301530743907,0.7691932057814235,6.2117686634003,37132.298149284004,0.001219914689224703,6.374520785467653,165,143,-4.536490062353724,-26.476921030840657,5.993482966857187,0.8098659039551008,6.800980494275846,93970.50629591216,0.0005710080285675113,7.287611632885364,165,143,-6.472360846607161,-33.41948041391477,8.73558663648528,0.7449382004298104,6.724465983699279,61711.65522863745,0.0008766873031244627,7.029382498559697,165,143,-37.160329830215254,-26.988821945107325,6.838545989371484,0.7796225091303327,6.714836012154614,282539.0831561321,0.0001855128243279188,6.746466105557042,165,143
AGTEJVERQWRSFLUOXMZTJLYBOYIQ,6.305442234815747,-16.792297876583586,4.224937192575946,0.7348397954123953,4.879109667866838,17509.222721882168,0.00164019170504307,5.833827934306634,127,93,0.8592349365833205,-22.239421689685045,5.106941164886917,0.7015788223221908,5.1723631161862365,31714.145092616658,0.0010081257544770957,5.969578111344112,127,93,-7.441596875230615,-24.700382316640003,5.273073129004566,0.7348700591838608,5.797479829978877,85265.35110297379,0.00045817204554404604,6.591851411755398,127,93,-9.68901016404405,-30.16757537447525,4.803987661073935,0.7428025482878816,5.488284161940711,53559.4184613736,0.0006687494473693378,6.233393403448616,127,93,-38.957509015967965,-29.33032904376048,4.375763260980467,0.7747452751190006,5.756084161082373,264246.88799066626,0.00014728013524767966,6.2411990141492995,127,93
AGU7PO73VGUO6TWDTPEEAP7JGC5Q,5.136228104961256,-21.110681386977205,2.3443281445150936,0.7273531934683701,3.829442299483943,12131.677921609991,0.0013855552635127335,6.247586809448318,116,106,-1.2152340980088365,-26.695135366322926,2.632584739082109,0.7293907952606645,4.01501864746957,32181.235096800032,0.0005744326431628083,6.612514365669629,116,106,-9.286953141803295,-29.542867152320134,3.617019286356329,0.7257086463801599,4.58516606302977,71185.69680291072,0.0003457388437271042,7.143440769581425,116,106,-9.897502682333124,-40.00984331379772,3.195586586087718,0.7092755734402537,4.327418752425372,45545.37445856041,0.0004786660631178946,6.913021031269979,116,106,-43.478699561661585,-34.689204101774855,3.77502826017472,0.6764465190426683,4.427617912725045,259463.4641453006,8.756286525410484e-05,6.67847424293962,116,106
AGU7PXXOM24XC55U2CFUTD7X6FFA,9.05429441274286,-16.978071410420362,10.471425228149581,0.7200824100021845,6.890484166786214,28576.45111368122,0.0020594512860253973,7.0014783735035016,215,193,4.233139116630272,-21.367860727521947,14.352026386181787,0.6691488696958645,7.347658957934385,48180.48267672764,0.0014104600904372067,6.789163961052946,215,193,-3.0349770847883066,-26.98268946279059,9.847184134339642,0.743260214457809,7.545743875955431,104102.93017820326,0.0006318778655630749,7.339722584742166,215,193,-4.943051073075156,-32.43577957454599,13.251555392268664,0.7037700358297592,7.648520303413957,80003.58394321751,0.0008810439778267571,7.3542494914053265,215,193,-34.2326435670918,-25.084391663017268,13.15860682201304,0.6743745539624464,7.638077373279723,283562.07873053045,0.00024715688207656734,7.168579131015209,215,193
AGUCUEA7OM5LD66E3TZQAH475MMQ,6.829876205939479,-20.592594726956627,4.00554679751095,0.6758179961235141,4.166166670666851,14500.014848184455,0.0015382196573892298,6.139238926130965,177,153,1.7966412540978978,-27.768486098028102,3.545111230227482,0.7120231902518346,4.339669532331268,28959.969040456115,0.0008082598091482304,6.130117954020445,177,153,-5.483679786937224,-34.15665034419657,5.268855533646428,0.6041064053606786,4.706606537023576,71218.48446358474,0.0003768525676422572,6.4789039286111825,177,153,-7.70606552258461,-41.25294744911809,4.85530530887483,0.6312915615746475,4.524636125862369,53271.092239234975,0.00047367871466073093,6.410799835197648,177,153,-39.46701100581225,-37.211527017005494,4.621764252279887,0.6345023705334623,4.579574728251603,266245.5999924746,9.662753981224178e-05,6.104043204241833,177,153
AGUEIZI5BONVZSNA3FBBR6DBX4JA,8.189713625285302,-21.276730659618142,4.553871264509357,0.6892705528992569,4.610317440940111,12732.552137785571,0.002045737792562294,5.933740073454759,150,136,2.229416006657761,-25.063559308302366,4.445786730974544,0.6987704487487569,4.868862641085319,35287.51434633934,0.0007906566410535725,6.006049852299402,150,136,-4.478837276030738,-31.40020439239411,4.338479872208822,0.7385727644105966,5.31491126856482,73464.46930617836,0.0004493384718546953,6.520996937935992,150,136,-6.32853537310756,-39.796558228721445,5.480631738760913,0.6655377433903626,5.169001086262951,48096.75593887754,0.0006529468125533153,6.29523448086194,150,136,-37.266339644292515,-35.04455784245331,4.727965326146182,0.7017979105924494,5.253689597387878,259218.92191869047,0.00012398660302523313,6.05437892391819,150,136
AGUREQYPLUPVADJ46BNP2KHJT4CA,8.164985636410869,-16.998395723258,6.273237353417731,0.7663189036333138,6.128387099678727,18713.299483822135,0.0023554047796817547,6.760669731140667,216,231,3.031601664075818,-22.43925007949116,6.979902229620297,0.7351991775157009,6.145049151429772,32093.32865250611,0.0013788851506212202,6.4837465644198575,216,231,-4.525806994551074,-24.804915066335077,8.16414246302254,0.7331438053808599,6.923827544108231,85901.16397650536,0.0006320234010659745,7.635817761718729,216,231,-6.826450991290961,-29.80220369981046,7.323943755993247,0.7494108039471543,6.597637943304871,51108.60325679141,0.0009938834647252798,7.087611480065337,216,231,-35.727059099355955,-26.35970590238419,7.439177236158235,0.7570692696790438,6.966412492568388,261569.24233556885,0.00021285591143751842,7.145310211008441,216,231
AGUTZC4GHLTGYHA3KBEDRF6MHB6A,5.577552337278541,-17.109784494579465,1.6151487377844886,0.8394560272322917,4.227458276538255,11659.78300505428,0.0017822621613739482,6.88775755865949,411,468,-0.3866829965376118,-22.172624450120615,1.7801021095875567,0.853565226332827,4.549337446150703,28407.98694034336,0.0008448034636270923,7.112150536570253,411,468,-8.350292374727568,-25.125722821678806,1.7497318077144566,0.8888743630537769,5.196274197991883,66400.72656728212,0.00046854123305547216,7.580827905453771,411,468,-10.959143674922846,-30.967604450008363,2.075099290990487,0.8434935379805545,4.836370846120816,38817.56145607714,0.000694033537599383,7.594925460028923,411,468,-42.29057279166442,-27.287640855643986,2.0525726542752056,0.8578420851568997,5.118716103879372,247806.19927131696,0.00012224070212851177,7.149998231766566,411,468
AGV5NQ4JDQD6NHXVF6AVZPVDX66Q,7.574417231325461,-15.601857588956399,4.655459465417874,0.8112084828791548,5.848164529345821,17855.761583363703,0.0023157253001340455,6.34961758351097,520,502,2.3716096432962432,-19.622034966461396,5.68153748326053,0.7744873489949032,6.036909661357876,36262.97844700992,0.0011988100266478818,6.264551377571149,520,502,-5.300012353262913,-23.730988115440123,5.050436060879781,0.8093338379129021,6.428626037328497,73395.65719462674,0.0006628016692949727,6.718703486642897,520,502,-7.706118625262523,-27.912139937351178,4.5625097939913095,0.8262032549845052,6.332982473054225,49031.095924901514,0.0009615408435020372,6.689294400924041,520,502,-37.14405798373894,-25.062343867322433,4.243979894888907,0.8330088925808199,6.447634495870983,256465.0357713931,0.00018914184812664466,6.450328635250107,520,502
AGV5XLEMIEYQBKNM33RTOUZMJEHQ,8.186009128541876,-19.661562595170615,3.127405986908729,0.8039085617826552,4.780249968901323,15872.81300263044,0.0018387286741250578,5.822228821872076,170,156,3.525208795558981,-26.631522748603274,3.7169152185350662,0.7959123351068038,5.133310687414912,33461.06450013209,0.0009992522784727908,5.936799230841745,170,156,-4.6387172599646425,-28.791332133010165,3.849599509769878,0.8188752590838762,5.780108326614466,85134.36727358346,0.0004820260873857914,6.977268620502975,170,156,-6.01287135811107,-36.36807228316693,4.674838711093042,0.7600504416506004,5.408882725574625,43347.709959581094,0.0008476375184655065,6.373602860811565,170,156,-36.97675180740824,-31.609075885410196,4.978798826314414,0.7466508365827262,5.564797794169907,266771.40840691223,0.00014507757417186613,6.298919270188027,170,156
AGV7MJIYWVS7UVMOHQW5FYIEQC3A,7.439355440598294,-19.51452727893151,4.362905462115532,0.7703273803185031,5.0707769670374985,19433.40868839901,0.0016726283199293556,5.828420691882138,163,157,2.219310727389169,-24.91147396805955,4.120732588800835,0.7732248780010522,5.167979758227891,40163.934888747564,0.0008228647482998288,6.007484852649204,163,157,-5.408342861315797,-29.056154683543824,4.928869020805523,0.7680149817295743,5.719349047715287,99478.04051165558,0.0004043518847261787,6.48371729354347,163,157,-7.089397517118886,-36.18971521895638,5.057508621861916,0.7618607844990147,5.5406621072314755,60503.500351447285,0.0006310453948662737,6.3672413597924935,163,157,-38.145095836420104,-31.493596177970037,4.946635025618381,0.7585246323148113,5.688007122421347,270036.4239015062,0.00014576239572167455,6.054740143468882,163,157
AGVNQCF2GD4RYDYJQWD3CFBT3RRA,9.221416620005847,-17.496015921319884,5.726493974343646,0.7968595258465441,6.059102363491856,19260.738963010823,0.0023914443964287904,6.643292926066567,269,244,4.247806375750653,-21.283781088001554,6.126556235443517,0.7914999830527876,6.311423494412937,32577.300866858597,0.0015307529985788852,6.493073427390582,269,244,-3.0559621851984,-26.034463063425054,5.391170078920232,0.8370255706940117,6.920897939518739,96883.13200231729,0.0006111969144975744,7.192689555320577,269,244,-5.251461383867145,-31.06007650809904,4.407728062334557,0.861905231749738,6.716338970467949,52687.247097159794,0.001056268218801546,7.0327778454683845,269,244,-34.03736494936871,-27.83929982250288,5.972309030200513,0.809502515151499,6.834815199296107,262199.59132498194,0.00021840290815223272,6.762753935114334,269,244
AGVXEMIIQ2S4N7TFU62FQASJJ6ZA,9.763986432529808,-19.10669051411914,3.4006044349274935,0.8653033384152514,5.98806348400109,20391.542881280406,0.0021002000093134424,6.967902033913986,163,159,5.215161051203059,-24.39073512723132,4.395219837413836,0.8454449186533078,6.38363682576218,39411.21380411462,0.001236479985326344,6.989803906173533,163,159,-2.067126041460722,-28.509062777445727,5.173660996696521,0.8311527518667663,6.930828517227829,84829.42466778058,0.0006600824262195851,7.602626420049469,163,159,-3.4362020135462594,-34.80714909163965,4.703965962623248,0.8357485194908674,6.611048856908527,54826.383153093346,0.0009336170293459478,7.553525706337942,163,159,-34.000647006546345,-30.620550462730087,4.879137408229758,0.824697805703731,6.64577819175522,262061.30159567954,0.00019717258541168106,7.272463987445648,163,159
AGVZL5MSRHWZ74DPTM6PFQYFVTAQ,6.8793757249840635,-16.400090306025337,3.370875494004772,0.8205293740425963,5.1126037873113885,15889.304629429642,0.001999168935413601,6.042461353926428,503,548,1.0930835318691217,-20.82251931201174,3.9008939238537357,0.7908698052048517,5.308553931021705,29373.358968862107,0.0011338526139776134,6.056961511829219,503,548,-6.689532941004849,-24.273057694101617,4.633078710178552,0.7852089990665808,5.92796345144731,69068.46326389622,0.0005933711750656396,6.711275647227331,503,548,-9.249405613680677,-28.80786128010405,4.975625533900729,0.7679810966997849,5.703201663332288,40438.20137897277,0.0009591287436682298,6.4296506118061885,503,548,-39.262577593376825,-25.02129537043464,5.087975919525659,0.7646566043748799,5.903854933760066,251709.78769346312,0.00016498201095934494,6.264890707172166,503,548
AGW7WEU5IG5DRNRQ7SBRRG4FYEZA,7.126109679589484,-16.210278377226693,5.068809591694737,0.6724340349841176,5.055141171467691,14414.9706898491,0.002064397956679244,6.018485341124056,430,386,2.048886865052321,-20.99277769895705,4.649788529447099,0.734946366178195,5.418551592218991,30696.808229909646,0.0011035429920409467,6.201133454028818,430,386,-5.8911078188380515,-23.54450381891012,4.483103507347052,0.7823909743612474,6.020504559538271,72011.59961093943,0.000574166353634632,6.793169507483413,430,386,-8.167722703250927,-29.30435308273263,4.905188363830707,0.7301694512557895,5.586080070782349,36765.285723455585,0.0009764909250928708,6.363156659578276,430,386,-38.20795537601118,-26.816078940306177,5.272410421883708,0.7157110503872948,5.815228765462429,253642.0514091649,0.00015243269870260124,6.277260567921103,430,386
AGWSEISP3NKF47Q2CG45DBOYURYA,8.841897445340367,-19.040540296370494,2.1613937628978266,0.9156477640014664,6.151869956071344,18512.70812131528,0.002338020208678055,6.660496013128911,254,196,3.2365332988471254,-22.34301633735228,3.112728246267531,0.879134666440404,6.250463227581172,38687.354268740004,0.001151114636288201,6.281239936588011,254,196,-4.043365058292757,-25.679034682690823,4.28485785708211,0.8506353775229587,6.936465164555382,90117.72946474838,0.0006003229431498386,7.154899361726599,254,196,-4.735276949828048,-34.71495904906873,3.4053476425504408,0.8806006091076017,6.686296186998781,53900.41672255688,0.0009408062747828989,6.91111218532747,254,196,-35.89060185405085,-26.6482381970208,3.869389633774285,0.8666764021400746,6.888158633283877,274481.2206454924,0.000197028420763978,6.806674256179636,254,196
AGX2Z5MHU534F6QN446JLSQKZ4VQ,8.830923994045918,-18.978772836449956,5.574784605570515,0.6883471605944413,5.3238742494027305,14805.346485616848,0.0022343926719014047,6.1713794179012265,246,256,3.4693142986978422,-22.96300492898417,4.887008506684858,0.7533046565169446,5.670843822432823,28821.785206238732,0.001297546663543408,6.304721330044752,246,256,-2.9282081906646553,-28.078880746487748,6.379633251523601,0.7234726310759596,6.320440963536436,67341.0264910762,0.0006735460963563873,7.190584154197715,246,256,-5.143655107961681,-34.05665656799265,6.9818246578465395,0.6663551953246231,5.990000475848521,42961.57309572353,0.0009540950558194276,6.829807487553436,246,256,-35.066329745150355,-30.409379071540517,7.090273230481088,0.6735187239545112,6.281810975094279,260308.982369341,0.00017262882453306032,6.732066329060889,246,256
AGYIYHWC5EJWEENTNN2IMPFEWKSQ,6.921444098167146,-18.81923849021401,6.736786384040802,0.5471205723891042,4.857212893926099,22986.310419494075,0.0012056216061532268,5.980116040102038,117,120,2.7073269991745335,-26.743207604665358,6.325436875649082,0.6054447842263546,5.131406754618448,33330.328613290214,0.0009159148463012961,6.165033599019685,117,120,-5.399789621043719,-31.262694491586306,7.52010697395503,0.6171504101441181,5.701242891970791,84729.02024924745,0.00044287654828881336,6.525887301229758,117,120,-4.641917778526328,-43.023299024834245,9.042136562809429,0.5033783173607855,5.535156162178935,54437.26261394317,0.0006462951414564377,6.5106890310293695,117,120,-37.77432386381067,-33.31156411138531,7.941222942050632,0.57847255701918,5.734001736033351,282902.50422212976,0.00013311842666354463,6.382717715150149,117,120
AGYNSON76GT77CALAB2ZU5ZUVUSQ,7.388076868397728,-19.737193604309322,3.3604406539725957,0.7969079992828088,4.904693078171747,16103.241344373975,0.0017831587477286767,6.0545492069495745,81,91,2.3568766197985203,-27.80917330276624,3.8860545397919553,0.7582048019258396,4.992543154960034,49045.033963325935,0.0005986401858076337,6.004555769066864,81,91,-4.7026487673528115,-31.27690751733665,6.628956537412477,0.6764553406412996,5.650251190882785,86149.0424387604,0.0004358713992524976,6.53377961928681,81,91,-5.1983361447541405,-45.33340128639017,3.86674179919046,0.7800143116658206,5.24956381897331,84156.4673080095,0.0003854496514534019,6.170161847719595,81,91,-37.959123854389745,-36.26728796872774,5.41641101445351,0.7034900122735707,5.39634007663984,283135.2459395829,0.00012145771213770789,6.153142711228953,81,91
AGYVMHHIDAGERGBVGPGA66DTQVAQ,4.768197100356174,-17.6192157852407,2.5230667076833826,0.7622887334719707,4.28897655935174,17021.184282542206,0.0012869431254575667,6.814510659565572,165,213,-1.4218228618419761,-21.342129844054863,2.738737905591453,0.7799875572732503,4.553187971472832,36659.61448848527,0.0006821751553756382,7.179527944884143,165,213,-8.90246245724902,-26.28346393869748,3.279273498804315,0.7909105671550127,5.127657338955071,71743.99941588622,0.00044403518272122797,7.612811600072638,165,213,-11.419131732055916,-33.57506302416598,2.9916858779914914,0.7759434652601475,4.812932001206087,56944.43567438345,0.00048320063977094063,7.399966065924314,165,213,-42.82602853168511,-30.126858965972943,3.272158001848759,0.7814964028884165,5.107281185143003,266408.51279458066,0.00011742690322558118,7.175708849835697,165,213
AGZ2367HI7GZ5GRNZJFGG3VMPZLA,6.5495753728140675,-17.93790558687473,2.901389054706417,0.7668519572735105,4.433912624335044,11998.459806144005,0.0019679448351613434,5.927028110514181,484,523,0.7798803249611588,-22.25921533235925,3.003250351754857,0.7794706550458118,4.7335982511525225,27206.442251234494,0.0009771383286728324,6.32459870921277,484,523,-7.280430406105334,-24.628356796697645,3.888580764764018,0.7774674811908057,5.422743239674366,67709.08542679815,0.0005114825172898291,6.912676857869051,484,523,-9.91312040116911,-29.931217582088465,2.6849301739008085,0.8214305465974382,5.045638409078487,34679.692534423215,0.0008695854762661938,6.572284478366794,484,523,-40.403277618442274,-27.761175778200695,2.5938845359885976,0.8311562979797114,5.213257528549469,250275.0459315208,0.0001277002970091174,6.457328336835357,484,523
AGZALMFGWGTHSFB4LFXNW2AECUEA,6.168367993440358,-15.663664574636691,3.474811644082329,0.7438552041760952,4.746692157270467,10246.022675221002,0.0026298879710487935,6.195068255963546,153,166,1.0331662806832274,-21.504750116586013,3.9559582733562255,0.7275760458346048,4.94755662124973,24062.452853956547,0.001201148969066404,6.537487955032077,153,166,-7.037793563195798,-24.792028566754944,5.168118051738842,0.7303419166514755,5.657433730904705,78039.36806528633,0.0004807913206737779,7.423615273609369,153,166,-8.621123396800108,-32.31279189086773,3.6547791115680623,0.7609937022890698,5.225015786309618,42652.30341951965,0.0007377087365231607,6.669900811742531,153,166,-39.31471137820776,-28.677546990326967,5.375368487885924,0.7059317571303194,5.628680182369339,254415.08147853514,0.0001442454817148144,6.877910438540399,153,166
AGZC734FUDTRUS54AWY5NO7XHCIQ,8.032935182076093,-16.71261562705501,3.5171047318285775,0.8252125575418635,5.401027756383717,16828.233135084476,0.002100781787777133,6.561476299172604,204,206,2.758385315790396,-21.100872442942013,3.2671234515310634,0.8466608506337203,5.627673253490676,38311.672225240334,0.0009938124063495586,6.36822294506414,204,206,-4.442517455391147,-25.619362033794538,4.140657821307929,0.8208446691269753,6.239957059048803,82768.0697629456,0.0005477924512675968,7.059350135918612,204,206,-6.814428762189251,-30.819170078664534,3.815767352243851,0.8318536310871455,5.995105921782379,50025.07719145676,0.0008525501240445489,6.948942597160895,204,206,-37.54067454421799,-27.233037241628754,4.532664334644214,0.8007231794850437,6.127595582783623,263144.53121433733,0.0001690661152729535,6.713783335706264,204,206
AGZIBDQ3D7BRKY7DVKB76XTWV52A,9.083553645045262,-17.700402300710213,5.974516790332955,0.8489299430841911,6.92696082919333,24687.86332604955,0.0024147906182790764,7.4660466408809825,196,172,5.416030775933517,-24.064940433244658,6.9609619126394175,0.8163185033863194,6.947316233911254,45232.10895705288,0.0013253835584306128,7.081075321831605,196,172,-2.6296245793401547,-26.321393497852092,8.209625981318917,0.8028123330739453,7.613060128879824,91055.61641610165,0.0007646558486544808,7.850598155132935,196,172,-4.7940197900044685,-32.13362392239578,7.092700570765153,0.8327476868619043,7.434038031681188,74889.89707214013,0.0009062574562326688,7.7330247250546185,196,172,-33.759508608876175,-27.703696793171478,7.3320452714872095,0.8259542626594994,7.567014586099866,276111.2017543562,0.0002525800150688253,7.537002740360035,196,172
AGZUJTI7A3JFKB4FP5JOH6NVAJIQ_1,3.3306695589620072,-18.289719264806905,7.706398618931405,0.8442673192300714,6.9131462076400805,52304.38743565577,0.0011278774580698629,11.26334810076655,222,252,-2.8853226612066543,-23.29287987016459,8.45421006501786,0.8004921808252979,6.64257019098851,92569.5531888265,0.0005790782353945675,10.898041503432223,222,252,-11.837618900837295,-26.117604954923237,5.961533172787832,0.8479658023948868,6.606980119655458,145392.60730266356,0.0003590087326646167,10.386836337342219,222,252,-15.037454818353783,-34.00172901283892,6.4219243919647955,0.8458787673788448,6.59752484384666,105911.56351950008,0.0004980167257969671,10.426261482693727,222,252,-45.951035425086815,-24.394113285569208,5.02432012455205,0.8641942380737221,6.436416204735761,298810.2771813717,0.00016779469219678895,10.131441321306378,222,252
AGZYMSCZZ5SPWHX5AVWTP64TY7AA,6.861174618034099,-17.136798425620626,2.663804175601617,0.7959874557458138,4.661266490666593,12882.751066823606,0.0020161179747637038,6.676214786507001,189,191,2.373505047193524,-23.097764149527677,3.0870759523408586,0.8020521976711198,4.997469163083644,23326.325789906892,0.0012798156681113149,7.278834809344474,189,191,-4.717109876885132,-27.22298128712942,3.8412398825162013,0.8269817034307009,5.993872995933986,74361.5194361127,0.000568597519956926,8.396159452057093,189,191,-7.5358486695223,-32.73765914398516,2.7237793456334867,0.8333642187600883,5.25559097107431,38973.323629000144,0.0008339277643330095,7.275299363639762,189,191,-37.62767480288521,-29.791013380932707,3.203551771065105,0.8385408977011353,5.76845604509982,259677.94178269498,0.0001500284414128415,7.606891525197261,189,191
AGZZXSMMS4WRHHJRBUJZI4FZDHKQ,5.629789329015413,-16.518229431798623,0.9885426696030233,0.9341038399048673,4.594560725931275,12297.050315507387,0.0021294062300696334,7.1146783182401006,1091,1005,-0.10510736619131122,-22.196747388746275,1.5767872335418447,0.8873713910355598,4.638367396907104,26386.649748209773,0.0009842492494481429,7.066953724345687,1091,1005,-8.318536504665122,-25.021232034813877,1.6804560864816398,0.8980823751991088,5.184133202545244,61573.63131582298,0.00052164175716758,7.671361191375513,1091,1005,-11.309628127612969,-29.981647284924996,1.6916763638056866,0.8955330911357474,4.984465607666348,42853.62860880669,0.0007060799218513191,7.616644238214141,1091,1005,-42.481272754807954,-26.986510672071237,1.9857484084728925,0.8735921299435017,5.068117363782513,250967.87600817368,0.0001234810518265906,7.291016870908004,1091,1005
AH2DN3Q2OKAW7JAFRIYPHOUOM2ZQ,4.5858050357268105,-17.64448709163527,2.0281939347047215,0.7624953044496101,3.887944288378773,12743.697533176886,0.001413525221427224,6.30176200872605,232,234,-1.9986814480756496,-21.509941029353786,2.8108516924707945,0.7099166335312149,4.1454371785804005,31378.508615331415,0.0006504076881922875,6.711847813434723,232,234,-9.494416923510697,-28.03835339823192,3.998903549025965,0.6498400778562954,4.566433303481393,76396.3933256698,0.00031326134994865047,6.8993443290155625,232,234,-12.930239785860442,-31.149173681858805,3.5681129827824196,0.6665456781036508,4.357675568740633,35318.45249345487,0.0006457798914061775,6.765936318606967,232,234,-44.443779715495616,-29.799716047686946,3.713467996605422,0.6595381525801371,4.538905042928376,253959.43902714743,9.377415003898335e-05,6.577277074371042,232,234
AH2JKHXWYTOQT3N2FH5QPJWKSRTQ,8.349673153117099,-17.198668047265077,4.8533349971994735,0.7951822672603561,5.850308917552139,17452.00542965528,0.002292198962944594,6.503209559227671,243,232,3.343137546648725,-21.84550998376385,5.018309421406084,0.7870370989084913,5.957704306012223,27314.733744051995,0.0015188617504949891,6.270863364016105,243,232,-3.8969096036886803,-25.634759169481452,4.5846964896933455,0.8270136854570509,6.644021682825584,79065.46483471461,0.0006377619356656512,6.958879425393915,243,232,-5.811607271513115,-32.39052969257363,5.156851110046634,0.7920932737359494,6.273269394832193,43494.59395543593,0.0010404692148811895,6.638349978772822,243,232,-35.69416676838264,-28.05351757045476,5.499077836654327,0.7815311573906043,6.527554649430556,267824.4782523011,0.00018286585543488768,6.547704755746708,243,232
AH2SBB2BLWBT2UGU26STUBIODORA,8.759331995895165,-17.30153022574933,4.1279849600336025,0.8709531112568202,6.68757483908782,21050.05799960923,0.0024562475420099547,8.606340483322985,218,207,3.458295611512025,-19.78586706322212,7.363789363482113,0.7800531356335278,6.914778991020356,42008.50360029225,0.0013424552361510217,8.141218190645459,218,207,-3.6296214621457303,-23.390709702564322,6.082035033089863,0.8387020281342047,7.550337209628107,87255.71637549892,0.0007524381122093869,9.311571649849839,218,207,-5.415001854022806,-29.76522462188887,6.95451112169246,0.8147198901088244,7.37037101555367,64365.001367680416,0.0009816828729520824,9.03748645718008,218,207,-35.37721809716377,-24.571577354620917,5.67810345978225,0.8409669874976609,7.389545838631753,268432.79093284276,0.00023307302952333103,8.680376702866951,218,207
AH2SMIKK7I7T5U4AVBUQBIWP5V3Q,7.86942284807303,-17.949264898660896,4.563702380744935,0.798905739530147,5.470050762935174,16919.056204791854,0.002127501813217586,6.5704740692594,258,313,1.7543639966358213,-21.927000466217002,4.343579945582859,0.7876193140681417,5.4878057535272085,33957.35677721803,0.0010386141657185996,6.318372083105776,258,313,-5.383962867035501,-26.52338566569541,5.359691546466224,0.7680683838946536,6.053943804759087,83457.71302573518,0.0005054866524110527,6.871179950541127,258,313,-7.692976417643397,-32.597088111373715,3.9975702284659564,0.8365113606833604,5.942914509312843,51533.02597286482,0.0008066590186450852,6.83568441560938,258,313,-38.693451540493676,-26.462838005474758,5.1936258427777275,0.7745612609840989,6.001403665874761,265609.1825698402,0.0001570740362320653,6.555530195813179,258,313
AH2XZBSDLT2QDYEFM5MQQPWDQDAA,7.69577481353958,-18.80381529644094,6.535076497634052,0.60425797627049,5.000500117611594,14741.681704075023,0.002046488370953693,6.352727772605667,106,88,3.6491232475545625,-29.549347090846723,6.873265679911448,0.5138065437380819,4.851509222670093,35637.24725925292,0.0007814035465869227,6.092724439080033,106,88,-4.788611000470825,-29.550551268492747,6.7329824788576635,0.6342417366211157,5.651192545133575,85291.35963352176,0.00043634724336367244,6.664981754372957,106,88,-5.554312742044974,-40.99997285727985,6.547764862511448,0.6232200715472698,5.396552036782368,72340.85087127326,0.0004727003819973089,6.5611705107116745,106,88,-38.087564763838444,-32.704577539029145,6.878198878914016,0.6034563212111987,5.545838481197263,264383.8661620708,0.00013604746697004738,6.319794301373186,106,88
AH3BXW7KLIS2VAE56UXJS2NS7I5A,8.722196340087503,-18.79279257011104,6.816383700697208,0.7832028096395623,6.05101117349762,22791.757190151668,0.0020809273499449387,7.116804046624613,129,116,4.145118000166683,-24.344449611286233,6.652729905533708,0.7798472874301093,6.185758169565359,39111.372604111995,0.0012289066790840098,6.800903418373602,129,116,-3.04238224164606,-26.568112532520324,7.089045610958717,0.7756250055364107,6.7135277397102096,85440.48452019777,0.0006454199607266526,7.550303978868544,129,116,-4.517909273717392,-34.85783413026902,7.382794278550218,0.7636819143103294,6.540440908709464,61797.71173463075,0.0008387792038368265,7.332210845560424,129,116,-34.482304508532465,-29.04976714886622,8.607442151437088,0.7411077923049247,6.8220118862475205,278794.7284146334,0.00020846355089742516,7.352215897421774,129,116
AH3D2AFXD6K2LDRCCTC6GCIXTSAQ,7.642787550893562,-18.029140423239898,3.4782939746705432,0.7812012135853013,4.902677675507943,13524.800453811233,0.002153677709677284,7.087780301548186,337,317,1.6777488806635765,-20.793449483823718,4.071911482373561,0.7604484309516859,5.224768949847805,30219.235320440202,0.0010600385435139874,7.157180386964268,337,317,-5.076948636208908,-26.5045058817862,4.915919943188202,0.755021307665053,5.929440176966254,75907.29996714738,0.0005327869728453689,7.835564553721889,337,317,-8.39366520374132,-31.009010534764382,4.2626795422657455,0.7697782942974981,5.5355886384931905,43361.899413355444,0.0008283847227660161,7.5812305606226635,337,317,-39.18816104443707,-26.72802286032872,4.436128484729925,0.7598607267454486,5.741899207397755,254842.70743554557,0.00014779613395081773,7.394330171123318,337,317
AH3T7SU7USHPJ26STB3EGNFTDPSA,5.1960652222857595,-14.499827210599406,1.9023484643775799,0.86796786475059,4.724007358246003,13196.271442767578,0.0020209183621564056,5.849880824609127,583,536,-0.9254069787557827,-19.152665036309966,1.962949227288041,0.8618177542944221,4.854181662593931,29063.31933857479,0.0009541301667647955,5.7776058624407405,583,536,-8.582896058083552,-22.901165239200466,2.2485450033892147,0.8724592854839943,5.533820254629105,67384.13224153871,0.0005239469554959165,6.519967137762634,583,536,-11.864241607474959,-26.12642937437739,2.1699069695862425,0.8670380373074946,5.272381973874579,35347.735779113646,0.0009143401226710567,6.284925421057867,583,536,-42.40708007267759,-23.827732079899025,2.145494330395519,0.8707153397593957,5.401863258823283,248713.5161335961,0.00013655077167689294,6.105337743615822,583,536
AH4EDJHZW7YAGYZDZFZ5REDHE3XA,6.864146909877808,-18.05729585656773,4.321006850643916,0.7691219099245831,5.161509123791678,18222.20562192932,0.001713408420230762,6.096772982607639,273,225,0.5110091114843117,-21.012316900396844,3.724464086916907,0.8042513630366563,5.328363785405872,34505.981450271676,0.0009630939000943367,6.03006047849118,273,225,-7.172068422631657,-23.749231661305302,4.7553485019283395,0.7805441140129056,5.876039655011894,73434.365151717,0.0005419112017341526,6.466353671001605,273,225,-9.621280131109243,-30.52028394309922,4.903057504057204,0.769282608873435,5.66103728345614,47881.59904973979,0.0007788808728905563,6.363825831750969,273,225,-39.94483353776255,-27.26534254602802,5.8854244208552124,0.7185460903123485,5.81620044578484,257980.460110622,0.0001493251280626872,6.247698139611622,273,225
AH4FH5YNNEBXKGQAXBWD5GZS6SDA,7.737369549047281,-17.694950847399152,6.066687590095234,0.686391937903182,5.56134591613202,19574.158388853008,0.00179547358592618,6.29353018401463,128,151,3.4840485378899366,-26.46028757318464,4.978366479585073,0.744701440917098,5.579462875698237,34371.786476098365,0.001047562955906887,5.923632342611952,128,151,-3.5912516450698355,-31.071971724831183,6.8850325693069205,0.6795364331689695,6.11869089785289,96370.98536606753,0.00044436496540511554,6.754199217075651,128,151,-6.20165360267914,-35.44066583800544,5.318214747078781,0.7535570868052388,5.987725579957003,63324.05051655412,0.0006494002242897336,6.5651648238892735,128,151,-37.326327375268654,-30.669987878094226,7.440984451484706,0.6582482289351252,6.160051166112302,274316.1307242293,0.00015749058575545438,6.357843278305811,128,151
AH4YBVO724V3BJUUFP4DBFQGNEHQ,7.9406296529588145,-18.873166724308753,5.925994926055288,0.6956046928954921,5.295636030999987,15878.256955551198,0.0021287347876266295,6.200126551142367,159,199,2.4662710060476973,-22.461844817089595,6.337798818149658,0.7103033965518275,5.600243094472752,31461.65399893882,0.0012067353548671973,6.339618069622434,159,199,-4.924206126093027,-27.362886239546317,7.087201612180311,0.6940013460621017,6.1543050638315435,83684.6009931918,0.0005185076141288053,7.322190875489891,159,199,-6.277658485414245,-33.944475035804864,7.040201181470223,0.6686361811811858,5.833407457005037,43823.34887652561,0.0009138087951822901,6.862631043381571,159,199,-36.67968359265021,-29.401351027087102,6.59432355979045,0.7112913598595416,6.179548433018362,262409.83899980714,0.00016907499788849554,6.826573831309895,159,199
AH53UV57HKNKIX5SQH4KW3DB5TFQ,6.561961443998648,-21.476329849721093,6.562358239097329,0.5267763156367206,4.480061184374621,17145.103519428416,0.0014334002333096939,5.551357261420965,114,109,1.2019098136963056,-27.698496528642593,3.798651948688866,0.7419760981001557,4.643127476565083,38318.16778706658,0.0006930248108688305,5.654858691641885,114,109,-5.6556925574297825,-34.5148147387338,5.739107374395319,0.6547003078111544,5.120584227701198,93132.31803811807,0.0003423025778605774,6.081412462244018,114,109,-8.776875918244198,-39.71270821142855,3.8611774348996835,0.7733575760417785,5.011865918964009,61948.09642854612,0.0004970515977448692,5.969386384973535,114,109,-39.60034023777275,-35.59426480615382,5.044653388238595,0.6955989413317363,5.067992108997575,268674.58345362166,0.00011742224964597802,5.860339113472193,114,109
AH5DFYUNDHZLWG7YL4M6LIXUUFMQ,8.403898159473263,-16.437504230935748,5.057799710497014,0.7707911169038992,5.7056493138309,17379.714507916906,0.0023086631718784783,6.978658928075883,204,230,3.2027435195331897,-20.954879376118054,4.839323218813028,0.7846132104525997,5.8166405875252325,39025.33999643107,0.0010480855899302392,6.936012642308974,204,230,-4.365794536713035,-23.985922698381632,6.575913009036987,0.7383134302530505,6.438889009329102,77957.49366994292,0.0006190156891885272,7.650879130293862,204,230,-5.955075804677529,-30.566436969569363,5.496844559203618,0.7876637362534418,6.284623939596271,51102.224711234194,0.0009244579490299166,7.548123728815263,204,230,-36.27498870834328,-25.720259203395123,6.657005397032529,0.7346111260903178,6.442584158309416,269021.7702617993,0.0001836200366643252,7.43882094531165,204,230
AH5ONINJRNZ674DXUMV4RMYIFYVQ,7.763378605769912,-16.33944346915554,2.8905088715228113,0.8496278300635908,5.453451499170679,16775.92218475981,0.002107368980263362,6.977265533310386,281,235,1.9214936673351395,-20.187071408889484,2.503082597143697,0.8703807707500553,5.535398234217996,30425.224290163074,0.0011877446223158181,6.892378021794427,281,235,-5.306219104471197,-24.39246452512476,3.2465964998728563,0.8518878752829702,6.19892138759803,74880.01138374484,0.0005952930405188935,7.509427314505821,281,235,-8.045192750472879,-29.163408991021285,3.1162849093082134,0.8533570787405735,5.90403542757922,45603.46065850139,0.0008972378044217449,7.4175024352641135,281,235,-38.286423114875355,-26.221643527250638,2.2989474594892334,0.8897881615706174,6.057250440073537,266599.9898719441,0.00015865714325961913,7.235795812570636,281,235
AH5VDE2Z5X2ZBRZ3IYMSCVW7ZWFQ,7.293213175541768,-16.566317906759135,3.7409857927005374,0.7991473026212582,5.3113074569704155,14742.200672473504,0.0022895587477951883,6.7020113789193525,238,247,1.7927835526785938,-19.80530885639689,3.249875384479748,0.8352250658096712,5.600554459048866,29805.829118385835,0.0012410663060380234,6.457985094085707,238,247,-5.60520742257418,-23.63501499260863,4.922566380634918,0.7869943533276277,6.278425085375107,76341.3347556524,0.0006011553019006009,7.29856772589957,238,247,-8.089448402031506,-28.984376912678176,4.750209069985468,0.7835491022337795,5.955393320217213,44147.53418285476,0.0009421843505798848,7.040350479314002,238,247,-38.39093764761928,-26.055819462555483,4.885632539146496,0.7685667262115398,6.039374359848934,253113.2275825939,0.00016622044733660227,6.839285955872238,238,247
AH665SQ6SQF6DXAGYIQFCX76LALA,5.411432513244493,-16.89699437162148,2.2334297618198753,0.7854975035675089,4.2320746347972,12758.23633949933,0.001610020538886974,7.243846772319555,519,535,-0.9575451464566955,-21.497265756488243,2.464897751361579,0.783568068598809,4.428553668528384,32861.64337511615,0.0006846975513111655,7.485709986843147,519,535,-8.771648575377773,-24.876398786144986,3.3142808221941005,0.7495093255584385,4.937496920163532,58931.65768834406,0.0004660426307941077,7.838443304878569,519,535,-12.04298514583007,-30.019435124709947,2.9088958393640794,0.7653445173592688,4.6616637376389285,37856.779241500844,0.000659784718514782,7.60798243560474,519,535,-43.67882688141892,-26.93701354729357,2.855809961281497,0.7728860010040777,4.857126540532585,242864.65626306576,0.00010988149423583746,7.387804486224222,519,535
AH6TANNCBRUNECUZORQGW2GZLQ4Q,6.7791948184241875,-16.603943542183682,3.9859279473633342,0.7960662669341458,5.189940482519693,19138.676516311312,0.0017424574238207207,6.103508997865109,164,165,1.6123214193343762,-22.171001329190936,3.3975802688745147,0.8311528984788727,5.391632742042038,31049.41210500041,0.0011285299516438096,6.00781444568695,164,165,-5.718038266244759,-26.052192621832873,5.074046978442367,0.7761460806781388,5.926219370412538,76655.46691219449,0.0005377881025492444,6.710253840127379,164,165,-8.03193151644074,-32.31611745359056,4.4355678139051,0.7979525786881053,5.701461665763681,51700.29046467057,0.000748789910598051,6.389472878284452,164,165,-39.4290839782909,-26.457942597006696,4.309722061373625,0.7919782007367187,5.77118826159008,265530.77944533416,0.00014725106603440076,6.215394722891375,164,165
AH73XF37K7J2NQJZCZQHBH4KHPVQ,8.783926363436708,-18.511132949345754,6.898935015230733,0.7363148910469417,5.902930371054015,21764.029433455085,0.0019211683722455371,7.587916712099915,127,88,4.13333709573386,-24.77597805115382,6.671916526171351,0.7637112217919002,5.977339350356655,37509.83255944532,0.0011727261559467336,7.219358631789403,127,88,-2.6801328750526565,-30.06007240470279,10.648989738176683,0.6082989634032432,6.34697784170843,87981.07832108688,0.0005354243579409731,7.755643306357506,127,88,-3.807236314670725,-38.73977041623044,9.305324301599427,0.6675550527412104,6.276486982245018,75168.63162353238,0.0006181824754239643,7.673463606505341,127,88,-34.223952930600824,-33.76230061055812,9.32497902421905,0.6601777205842205,6.325141809659534,273727.9612975864,0.00017359966791416538,7.416387487452675,127,88
AH7E66O45SE5D4T5WCFQVFTLRGQQ,4.595335041651439,-17.50737113966555,1.7967219626670337,0.8065936078984939,4.068660790733618,15246.312545698604,0.0012480535096944722,6.95474564661599,237,216,-0.9299611122706044,-24.030782429026402,2.4853362933575487,0.764247725473429,4.33435855670734,31006.324137890497,0.0006832225242298089,7.296491525614638,237,216,-9.146171646561234,-26.331230447546456,2.5646269862459268,0.8177416716514644,4.986750113940463,79866.39295034196,0.0003548292960259494,7.7883201276649405,237,216,-11.969226171873201,-33.363600049035256,2.650872179202117,0.7671349177045981,4.544385097212724,46328.914862255326,0.0005108079275845228,7.515679512055347,237,216,-43.436027799688354,-29.590913968258068,2.6091808952805065,0.7901988309205326,4.80815930868951,253445.82852331054,0.00010346435348364958,7.192472785775201,237,216
AHA67Q47N35BIULG2YNU7ZA3YEWQ,8.089717922770145,-18.14520615692913,3.8651894665746744,0.8644955224680986,6.105656849065143,23959.165650924526,0.00188874912294441,6.980203846562855,158,154,2.6030954520116603,-23.178087838122103,4.261840651011863,0.8435791876380486,6.040592185189331,37862.69554659053,0.0011812133468282835,6.500152041502596,158,154,-4.103429143288538,-27.8270510561014,5.496325028811013,0.8174264126866067,6.719738533229604,92973.98922816124,0.0005697831077188136,7.318213766881082,158,154,-7.744811028340116,-32.17531814425061,4.312400433818495,0.8578886389029476,6.5279189998214004,66254.6324640092,0.0007694455618273949,7.192042132395322,158,154,-36.104504425469244,-30.39981301039915,5.669589866685397,0.8053717015142959,6.523934063069017,279025.05961017514,0.00018157837173153222,6.909029565734848,158,154
AHAFS4E6NJTO64CTO5KBPTN7KF5A,9.486894388082417,-19.051837107753197,4.757390141388405,0.8342319520064111,6.188295213859663,16773.752681029102,0.002650229757488777,7.258925468525134,228,233,3.8889067329747533,-23.040128781660748,6.019141581557315,0.7677099443081244,6.1673471560509725,36470.36149419652,0.0011842490414984976,6.784962773864958,228,233,-2.850214200094673,-26.857863810062426,7.273803655693417,0.774917664294616,6.962429015090121,85073.76140392847,0.0006490734271268734,7.897698199124943,228,233,-4.554773985166774,-33.420483428241575,6.388518828148379,0.7797322726083902,6.57919108560254,52996.47191634598,0.0009377953191464711,7.493772475097446,228,233,-34.23537453230697,-28.986954169720185,6.805918891232962,0.7766136601334142,6.882955912876244,258402.33138958976,0.00020694085955683648,7.372232610226678,228,233
AHAOL5P27IYGX3W5WM37ROVIJJLA,6.357413421887764,-17.328137987796193,7.193661203238884,0.6006039166830681,4.996904291728163,24106.116164934472,0.0012894120469612305,5.726429549743235,88,85,1.2637827925425509,-24.210669487647255,7.047615458368633,0.6014876931717454,5.06847605895581,36274.801662981394,0.00085405446873271,5.684745555219693,88,85,-5.0013024368877215,-31.536863215438824,7.972642304854239,0.600550452212125,5.719909520218136,104783.74906758047,0.00036516677861606875,6.2646411030287465,88,85,-6.035994991026983,-42.72498124056317,7.900841266813584,0.5954243798834516,5.360410506045217,63575.40910709063,0.0005476079804763718,6.015070001107531,88,85,-39.22001165871887,-32.406273888006375,8.352344793275044,0.5411729394957121,5.474057200652826,283552.5053019347,0.00012483642646534166,5.715699693280126,88,85
AHAPQT2ARS3JS6RZKGJT6JH4ZJAA,5.574708770377616,-18.472600845566724,2.503557555669285,0.7564363037646933,4.238468261029922,16885.35752541374,0.0012455675600450049,6.3179563105265455,186,178,-0.3875879455336804,-22.440032777554,3.323390920694047,0.713145741452911,4.5296552368709175,27201.68341446079,0.0008649322087511314,6.587190171788307,186,178,-8.121870246397776,-25.99974397745175,3.919836354606407,0.7453138636603234,5.212841025746667,66506.71620542921,0.0004705640852561382,7.192879109668364,186,178,-10.156491529020977,-34.97378377522332,4.2200873816674,0.6612215581705232,4.698406788587895,43619.28022092031,0.0005853990549242354,6.761263800717267,186,178,-42.297021993490326,-28.559106385290576,3.600229076135048,0.74061490130039,4.968430328847246,253963.59738809825,0.00011376753286723732,6.61854055471665,186,178
AHASHJDTECMQU5NRAR7EFO2AESGA,8.663834148236802,-24.837981819459323,8.264262170347155,0.3016785290105414,4.416643895531069,13123.073054292787,0.0017145196604947087,5.8136467117198505,107,123,2.8884938975643624,-29.370405279945903,7.276303785065793,0.4315305367407847,4.6653755621139865,36448.509962602126,0.0006853018384118168,5.85309579669776,107,123,-4.519666518922267,-34.387535581026135,9.734825055782444,0.3689412719866866,5.239679995596735,68549.99231677114,0.00045927746458065586,6.4481933800501645,107,123,-4.974387055983578,-46.50021074121236,8.764481524354945,0.38425002568786315,4.923651797526212,65713.37423118534,0.00042705559129896663,6.26508645929975,107,123,-37.24074455625876,-39.818864669796106,9.245819915376918,0.3484224650799347,5.0778442298698225,268416.2325217917,0.00010990507184086342,6.09343737844395,107,123
AHATA6X6MYTC3VNBFJ3WIYVK257A,5.788510587685449,-16.825179294514793,3.343996893704048,0.7836920438219228,4.70366079545332,17865.699201605832,0.0015481920109498106,6.2718877332273175,221,196,0.2530902282808209,-22.703229384533337,3.70152369656602,0.7434762424159683,4.7523213186578195,39366.751220426566,0.000702852642992164,6.3582244771363685,221,196,-8.061930183887867,-25.5807920435166,4.625436622067268,0.7398784606567663,5.41388452508394,75010.80858823365,0.00047405166761237436,6.717075440475691,221,196,-11.388144772775084,-30.311027612946464,4.012387648472056,0.7619752413598373,5.138576136256577,53182.096109631246,0.000606468298412927,6.540208098102671,221,196,-41.59673663241678,-26.34469979070306,5.04986780226514,0.7078211486945545,5.347158255956902,262060.3562921409,0.0001342079808372325,6.4403909531310015,221,196
AHAUPRV26D4WPQN2JIJUWUZQM7WA,4.162218777232178,-18.328806322225756,2.022871824929416,0.7386503850308458,3.7592155309100628,13404.95332462773,0.001200256893907965,6.428032168535503,183,204,-2.4669764668205354,-21.905341530939967,2.300407937777267,0.778927442670898,4.181787383973498,23841.709188050707,0.0008345698481168802,6.78271131142849,183,204,-10.377553383642416,-26.61882897398799,3.2336461127121745,0.7635375296804571,4.688780217758664,65627.41636181674,0.00038919529673328253,7.234949991932744,183,204,-13.43129111270213,-31.919958871808152,2.638828216783552,0.7584807750673641,4.3323669961886635,40916.33042481843,0.0005247264171858227,6.999367220149266,183,204,-45.67047271542092,-28.516249811381314,2.8966511852110575,0.7707673648960719,4.637042571502188,254903.58142096287,9.73465455117649e-05,6.809580281830374,183,204
AHAYJYTWBY6A6HTPQ4KHWKD6X7RQ,6.726520009397491,-18.351070825609902,1.8107394214316088,0.845774780117898,4.419618530045733,11613.936179382286,0.0020113326151231735,6.072212702352616,327,349,1.009799589100322,-22.323384891130996,1.7581563149933905,0.8720777736305796,4.739839764091451,30243.251284122856,0.0008950276710458095,6.32588557936919,327,349,-6.7758721353825475,-25.7311876728996,1.9139951879167008,0.8934806131142006,5.477283519429358,64266.680178467504,0.0005517926506178902,7.0872264997761905,327,349,-9.02675907221966,-32.19866490746946,2.5888210794394517,0.8236891582819944,5.06319064873905,35984.55391048441,0.0008399707097853227,6.6007676748108635,327,349,-39.55755435672698,-28.90846116350925,2.8237059813832186,0.8300296157941319,5.352540072399121,249367.57433976064,0.00013667846345642452,6.555975339275263,327,349
AHB545NIBWW4DV23YOF6NKYQ6NBA,6.1293165285176165,-17.436543373301255,2.1109120761911524,0.8115475205054761,4.4217128535720525,12351.851725451765,0.0018197124479861764,6.58633983832101,323,272,0.2492599937280635,-21.823290505244636,2.6854906084595567,0.7844015802745574,4.649213097215564,28665.461079427638,0.0008635835327962829,6.787876706883538,323,272,-7.484184559417927,-26.69438367703581,3.1295127404094574,0.7971627761467606,5.273207420725148,76980.33910649909,0.0004081819124781521,7.198797176381943,323,272,-10.225535805341867,-31.872993335767287,2.5372047051369107,0.8175765795621626,4.929752024936848,38719.733049802,0.0007196161970263237,7.093698737416225,323,272,-41.45871045564263,-28.986683520638607,2.633962877797961,0.8143696697911189,5.094222586052863,253642.48771059795,0.00011709610135888136,6.7816657377283995,323,272
AHBEI6Q4F4WHRIFK5CWQMRVPOQMA,7.546351561269984,-18.97499949227234,4.201918223129931,0.7746380641991198,5.143419415289066,18192.736087165627,0.0017147567047721061,6.055551166315461,146,145,1.8326248010165143,-23.64535153447632,3.5639147274215612,0.8013171674399352,5.29500291018076,33381.299953060814,0.0009759770556748479,6.050830913039554,146,145,-5.567580977611405,-27.079396891388143,3.632023988103088,0.8241138153608394,5.865445118284056,70649.49596680056,0.0005631588685205018,6.901267314575208,146,145,-7.519369724590126,-34.43198513473469,4.578409638699532,0.7694824509773432,5.585310852641601,49185.456022112034,0.0007319383899273733,6.406584921966186,146,145,-37.37360095111084,-31.158759058545577,5.1603136364608675,0.750396533751461,5.853317592705678,273481.30294578517,0.00014519746371697984,6.317625847964772,146,145
AHBMKXIATNDG7I4FAAAQKWVLQMIQ,6.098069726235167,-17.324298440266627,5.186864508917866,0.6384106211213103,4.532594612204819,14143.817910264866,0.0019627703892038362,6.117284446667997,106,86,1.3743226141149643,-25.90668949160079,5.359702556392377,0.6714008545055772,4.774950061760238,37040.04275124629,0.0008048697874116002,6.475154112257764,106,86,-6.356381698739634,-29.525523908000356,5.03016412501425,0.7541500322980064,5.5002331895228025,84010.3992672961,0.0004455692586027617,7.510449697305092,106,86,-8.35652267071702,-36.64291678472131,5.25743567113084,0.697288432394593,5.032244798715428,63851.892494853964,0.0005212782864747832,6.764656799798971,106,86,-39.32872838387012,-32.484038958276805,4.662227362289918,0.7605686805445991,5.355905820304668,276367.2956026632,0.0001310857400705206,6.858042873469793,106,86
AHBOMGFP5PDU3LEUVNEYYC6JWFMQ,8.331699735338743,-18.48234745837968,5.326366049039073,0.7616542309952063,5.477152204781948,17377.61895571335,0.0020944506059343694,6.352461604195341,151,150,2.7193519376082333,-23.03606811362005,4.856374611291954,0.7864360174448718,5.608229012668111,37356.89485736364,0.0010137796308091224,6.265402968232801,151,150,-3.993072500477562,-27.67108032963616,6.378852105110319,0.7425496695169058,6.1943207284881385,75084.30056631866,0.0005985330910090052,7.066710620822598,151,150,-6.035013256583356,-34.22165269411361,5.71858242874254,0.7561367844475922,5.980226187277029,49137.512056967564,0.0008446329350915121,6.640468623588456,151,150,-36.235405550733425,-29.96011173644091,5.920179535017684,0.7635916951469502,6.19238710500069,271010.03720760497,0.00016812065865676987,6.640777581341522,151,150
AHBQYAFF3P7663IHYQ7KCE75NQBA,8.460956197110532,-20.28267788891448,3.5597876138040645,0.8262933355590731,5.3971254367329795,17059.111717450378,0.0020138123492811338,6.082836062744682,179,147,2.670580776467556,-24.49438895628228,4.026861526566087,0.795377331302223,5.483566644339588,34279.28427162841,0.0010212617047658063,5.921251846839967,179,147,-4.253076713913054,-28.61947441758649,4.638953051771409,0.8036234810439162,6.18085965657367,74821.65639933806,0.0005860482827892299,6.658713751833226,179,147,-6.537817595730434,-35.04566094119879,4.057724620958787,0.8211513810291142,5.9126034587034235,52378.30244255969,0.0007754986175693387,6.443082118485256,179,147,-36.48237706669378,-31.600476915004148,4.785476383101721,0.7836639633004218,6.062337105911958,265925.9546358275,0.00015911518011354895,6.271245071398025,179,147
AHBWAVRW22FT4GAN2VTWYNAEQFHQ,7.983456928675778,-17.822786754618868,2.746539393174674,0.8872812368819688,5.834447285315305,19004.524106234327,0.00210449836301854,6.392080611196976,279,279,2.9499741941188877,-22.05374238719733,3.0538442291517494,0.8811760880801807,6.099590544516475,36895.40795373781,0.0011975781398631468,6.347837285891461,279,279,-4.817939228784642,-25.04043237889755,2.8755556174417345,0.903430311458733,6.852961554602761,78777.45916816048,0.0006850390058591292,7.130403810742644,279,279,-7.077212417968692,-31.341061528481077,4.0671877162756,0.8577417062020776,6.521941309973545,58547.62781137745,0.0008512516280988292,6.764892488425854,279,279,-36.74244613631364,-26.816302825557436,3.17562195916022,0.8876096334365213,6.6830433158844835,271342.0421345318,0.00019165994543243796,6.639764245032837,279,279
AHBXTSYI3ZKDKTL7IRBFGNSNR5YQ,7.348081134692792,-18.383535430266686,2.6195013903157065,0.8109888136347523,4.689726309454661,14462.448521765216,0.0018409356609242165,5.903825668337455,248,225,2.309262612121794,-23.264283288880716,3.817215735948358,0.7203498600527092,4.807226246840368,29387.652438027028,0.000930992647692188,5.982401466800852,248,225,-5.110417888596679,-28.552737939770683,5.047267509463654,0.6928099717761442,5.447257783789089,80155.25243773594,0.0004306197824708436,6.727220456149533,248,225,-7.145590261922314,-34.95232868913189,3.7264291231826983,0.7677463872824318,5.212823639244162,44098.27726977192,0.0007292475872174714,6.323536191433475,248,225,-38.17389865368876,-29.40244450829137,4.573102869337764,0.7213381289582343,5.442695050693535,256723.0420634723,0.0001365062502486827,6.194438032046417,248,225
AHC6X7NTYM3C36TZF7C3K3Q7HDEA,5.031128150291778,-16.261698220527883,1.207752467870055,0.8719793484471611,4.07944668931372,13058.016355983722,0.0014911243427957667,7.076219771706976,334,348,-1.4562177499674573,-20.615113673523837,1.8020794579758492,0.8369091504996545,4.399338237427198,32150.97065717825,0.0006951412014108956,7.237096128821223,334,348,-9.208183733801107,-25.53690081317753,2.0056315820036037,0.844180481512721,4.857749862725984,68711.02881437173,0.00038729785475955945,7.507573519891863,334,348,-12.439135149615993,-30.20861177967959,1.777554718023532,0.8472954210873047,4.606567658849859,45985.07838193986,0.0005289960195422468,7.568743777243298,334,348,-43.83022583356645,-27.760232190094992,2.0589647135047024,0.828759544836947,4.7774323487154655,255284.98838792587,0.00010170427153189289,7.194385450341711,334,348
AHCBHETWEWAL5ZJTZHD4GA36CU3A,9.170029975068086,-17.901886694102156,6.7851237215957285,0.7417020473946403,6.108154820274068,19289.74454385325,0.002287787419292018,7.581587888661874,215,214,4.226069278778789,-21.57904895644195,5.494857513313603,0.7968217182307091,6.243294783582552,31481.09143800373,0.0014711268296621089,7.538231855053092,215,214,-3.4544990236071786,-24.32960441812789,6.213580989608249,0.7927587136109893,6.923655754579632,87977.83205536456,0.0006284437241320331,8.313295707557801,215,214,-5.1717536435152285,-31.887993218212806,6.091407421879992,0.7720761757689847,6.462026970305833,49676.88925571117,0.000962922619250081,7.9926723554185015,215,214,-34.71248139388448,-28.12942368011118,6.334740434874998,0.7771881380063774,6.794672010188153,261293.6143435218,0.00020294104822077142,7.99029852772186,215,214
AHCJBVEXBM7TIHUERG7CKWYCL65Q,8.781045222550402,-18.51910846626226,9.074769176725814,0.6463486066290268,6.086388100722758,22538.302965559727,0.0019161300486039182,7.094527877372078,100,102,5.193770914973157,-25.46321807717906,11.780385585778046,0.592148813536189,6.414496129081693,51916.88651303448,0.0009308898932326486,7.1411863309248504,100,102,-1.8872396927503943,-29.430969801734296,9.403434287685801,0.7020254131311419,7.112331729055414,87973.97486465485,0.0006538202959669371,8.057359009852583,100,102,-4.324836093068785,-34.556102399660624,9.114927569231881,0.7037170009637095,6.777324963921898,64006.11853616625,0.0008381311152540606,7.6411582695465885,100,102,-34.04916037687913,-29.41450682253313,10.16336567954746,0.6509320015682951,6.968000532517099,279420.9460361327,0.00019651648909590298,7.651544839350885,100,102
AHCLVNN7XIIJQ6AMCQJ2VWXBDPGQ,8.800085985010499,-17.847806619587306,4.0613945725807366,0.8720595148664736,6.35668787003824,22582.900456161533,0.00212064174765728,7.595697300383215,122,140,3.4858987401802257,-22.429006090584387,5.402672645332947,0.8309682911587247,6.549916527225726,40178.55962104966,0.0012640245734425585,7.251351883189288,122,140,-3.0339083776853983,-26.93039008865561,6.350021477913555,0.8161257499221157,7.048646093490496,82643.01737303108,0.0007066774372021643,7.98023427364631,122,140,-5.508522784590965,-33.53529634973824,4.860916144748027,0.8691073700825397,7.073640792231317,77800.27976047188,0.0007606208162605433,7.983159153242171,122,140,-35.148446910051355,-28.369929402893007,4.737260412143516,0.8647331767057584,7.0447668867574995,286739.7748862327,0.00020375798081988516,7.709326462211033,122,140
AHCR53CDYDQAS6C5TZXQWB4PWTCQ,6.095064732463304,-15.695785207178774,1.4238542614061684,0.8811415531479516,4.510820843803849,10962.915338538858,0.0021502801943873353,7.190269209222848,1269,1353,0.22203443078725735,-19.643350861810212,1.3534075343965823,0.8998726083671006,4.823240652399472,26432.752499602135,0.0010090501081224908,7.280820212990822,1269,1353,-7.692089839201938,-22.932125462817194,1.5114798686114692,0.9050484209711798,5.344525588589683,57074.892238691806,0.000569485281430485,7.744860337089986,1269,1353,-10.463865416642475,-27.985493432183663,1.5112648632070693,0.8986228438520428,5.080525589440688,33140.18698629311,0.0008917133855445873,7.630131745979538,1269,1353,-41.365353765559206,-25.426076142407254,1.4795541738904234,0.90214721959463,5.238452294613017,233789.62201410814,0.0001338735464062715,7.3819525821632155,1269,1353
AHCRCBG3L7SZB5GU4VMFUFEJH5TQ,7.743987422060457,-16.80818380361695,3.8241728735563045,0.8069674305174089,5.399171066934017,17283.356809647426,0.0020509375273885825,6.377419891226804,192,237,2.5832831653073978,-24.281620030304595,4.41040959590345,0.7655753016782427,5.311005060845148,32661.2664264277,0.0010532199450751043,6.133522253828222,192,237,-4.235871556593715,-29.131812775066287,5.573530007633826,0.750154382218969,6.00269866415204,79044.79372930824,0.0005403637001622751,7.0883112321399455,192,237,-6.926769178424012,-33.96040260020478,4.883336233694651,0.769322929344604,5.791963637680841,42554.11133835876,0.0009395804310958569,6.744655555780386,192,237,-36.95125600362993,-30.56940977441822,5.670814657183171,0.7353030550887371,5.916530531777699,270814.2999250899,0.0001540430544235666,6.548731110264361,192,237
AHCWSSZCQBMGVHJZN4J3K2NBCBBQ,8.293969358594826,-19.2710411537785,9.048489639591663,0.700841685971177,5.90820448185241,22359.186262987678,0.0019687700451954367,6.071320482518937,137,123,3.475365306871464,-25.826572561239356,8.845444687115931,0.6805536610342011,6.017413960020125,53942.89061046019,0.0008164299320626783,6.100387619252861,137,123,-3.0591836273265365,-30.129892905486795,9.489757489517062,0.7067577750640626,6.6635886323847675,89632.42271794705,0.0005969027731839087,6.811167651408392,137,123,-6.6566617807611035,-34.37700517593737,10.493701867186111,0.6834617540128165,6.521633443447781,69488.45451750052,0.0007442241247946355,6.667814412220868,137,123,-36.44904819714564,-30.231526732111558,9.181865423592054,0.6984532900116363,6.514794600819133,280491.2736583721,0.00018213413976560607,6.181237448325543,137,123
AHDEEVJGEQVXRHOX3HFG5Q3F4ZRA,4.601084889719316,-17.290668795494454,2.4949390391761663,0.754298649913548,4.282817068463509,15319.709563028251,0.0013244858368583734,6.383347682766324,218,181,-1.5043753987146433,-23.01487437828218,2.559058155147454,0.7788992480814035,4.553520667130651,32509.18731615939,0.0007045041122052172,6.596053661886926,218,181,-9.190571974042088,-26.750893721141413,3.4891483939856216,0.758854544497101,5.086295434221351,67521.15223353119,0.00042697209628115836,7.018352171577325,218,181,-12.165538479389838,-31.937623814983343,2.8433325712792454,0.7865122475368772,4.922284204048233,45166.56756761404,0.0005894070310645987,6.974021314217363,218,181,-43.47909556896472,-29.535073757641207,3.335231305113777,0.7530419026631276,4.9816747019657335,252369.20082357852,0.00010919345718969713,6.6810275042040015,218,181
AHDEQBPVWOX6GCIHAA5O55N2QJMQ,8.376762691652871,-19.94218371386507,8.0265023354256,0.5813615894083968,5.486789477649483,25462.079179710836,0.0013326160185928866,6.21745237905731,192,174,5.061544597519501,-27.81754766921521,9.02543227810799,0.5444897929035314,5.720191613692659,36581.798191085625,0.0010088625539325443,6.094262971543451,192,174,-4.108242400151285,-28.80363113142102,9.401005475805784,0.613078070126803,6.363255544635439,102143.16259280966,0.00044790652369670496,6.648159770868509,192,174,-4.608760507405358,-41.21508376435986,10.09173496011854,0.544393224850517,6.033417815392788,66376.5602953006,0.0006182250815101163,6.38839154160033,192,174,-36.465405031225295,-30.34080381206753,8.741383694936559,0.6268736911525228,6.262642877958544,281544.0249399617,0.0001593628080504313,6.262278241940868,192,174
AHDHCALBCB7CJPXRW7KYVDF2KKQQ,7.699722269395835,-19.97653459949906,5.0623377542288335,0.7228525311717403,5.194425011586343,15926.279010652182,0.0019880383050583654,5.814214946027085,155,158,2.5569178453859713,-25.971790464045153,7.502750690816697,0.5467794547021594,5.255769486169152,37843.632397079826,0.0008353965228695097,5.709577689481583,155,158,-5.263358734132637,-29.499817223730112,7.887687565348471,0.6004126268235324,5.783683447982356,76002.75469869228,0.0005054253234406887,6.264432332436495,155,158,-6.953467850038696,-37.21265944012796,6.752271097399399,0.6727210643437883,5.71102571690749,50575.06913230116,0.0007489202028517833,6.16391521715908,155,158,-38.307442097472894,-31.252009361801967,7.277651814093571,0.63449727623892,5.774683232090386,278251.42862459674,0.00013799922110899055,6.035469148436063,155,158
AHDNBD6BXVJE7DUHN3HPT432WRDQ,5.978170952649552,-20.000273688408193,2.5416306336500534,0.7148993752436286,3.9870345531290443,16408.120938890694,0.0011220117475909432,6.067778127328239,120,141,0.42262682638823657,-26.27298698365161,3.4875327689911946,0.6418173790915678,4.189141549101477,29623.80073642983,0.0006827534138679333,6.213806677405328,120,141,-5.6109309456948715,-35.95864380083517,3.6297400460973916,0.6952999610667262,4.627036865600011,56311.70175557858,0.00043527852213752537,6.568481854808028,120,141,-7.0796211967561735,-44.612155257265194,4.278137710531423,0.5795460776644681,4.316782238693731,50397.06631605025,0.0004252992330360784,6.431686387389364,120,141,-40.973587232837666,-37.85284116154737,3.443127874371732,0.6903477625230359,4.526948559884891,253490.0593777114,9.410239106554797e-05,6.187283387135746,120,141
AHDY5AR2HZ2ERNZYAHL4XNP6F4JQ,5.0784836947998,-18.160762472638552,4.090889122533626,0.5732953325362391,4.01532372248116,14516.285949906522,0.001335180532959104,5.925090581183893,121,128,-1.4929068887708388,-23.73764723013442,4.387217658600182,0.5959588613557694,4.242552210293544,36891.6149215378,0.0005746376387062171,6.204842346826181,121,128,-8.760793422190751,-27.69605011856671,8.45211283076474,0.44217405130963916,4.93879181612459,64926.03280625615,0.00044810050585305166,6.863998914916208,121,128,-11.584775436736862,-33.99876449007229,4.183727112338408,0.6589597456726467,4.5045490626911695,49644.455164282735,0.0004910876882359946,6.422717787427881,121,128,-43.20044492190233,-29.854084641526278,7.67522943008838,0.43192385984294257,4.793676041462913,262301.1433176065,0.00010447977741088565,6.35207160753838,121,128
AHDYWEPU7QZTV4THNKEIDLINVXFA,8.13987905541859,-17.477967723081974,3.699848720690126,0.7897277572063901,5.186438552779848,13213.844857246153,0.0024363257213923556,6.941916835480001,567,549,2.7415998895074285,-21.71381214489377,5.086785298918416,0.731319916924883,5.489531581157509,28836.06211395408,0.0012217630041769423,6.903350291560928,567,549,-4.62454220370291,-25.864409716275507,5.775735053673319,0.7359875278808234,6.048481365367696,71713.70483404305,0.0005902258063518214,7.572793109195062,567,549,-7.447175126477737,-30.734233882368418,5.272086573472369,0.7444989569379277,5.778532625933953,38447.503441491855,0.0010139278235596612,7.330407242695812,567,549,-37.53700446951561,-27.246134885282423,5.20550991055083,0.7432300882478676,5.920727306968743,248404.34771132938,0.0001627418440454126,7.212269288210316,567,549
AHEDV6GYYDSJAT5GYDMXV2N77SZA,7.139510543839346,-18.206445094949164,3.871413259012557,0.6970200554573028,4.5979263558218575,10120.041675788721,0.002471229812616715,6.602951952881651,309,304,1.3301495937192727,-21.790718186834066,3.992749183454504,0.724932798697276,5.005601744799401,27292.537531006525,0.0010421143776358727,6.92190822047286,309,304,-5.414566058527035,-26.65004543889054,4.869683957453738,0.7558375978500069,5.828523417826107,74783.71763294072,0.0005173880474031599,7.568371467539635,309,304,-8.1242939213531,-32.82974370425261,4.057674716755651,0.7432231674365415,5.243317867366834,37452.01383127154,0.0008370919201689405,7.157304246371929,309,304,-38.639410447553,-28.66513501739608,4.643642393311614,0.7407261718921478,5.645573686318782,261783.00239061183,0.0001386705406250122,7.1764392503079675,309,304
AHEHLZUNXPCYESYZNAAJXKOIU6GQ,5.747518434013141,-16.99008353035517,2.4405028366322172,0.7755166565445389,4.3065347248045,12866.663868985226,0.001720844335664417,6.08970152287922,307,311,-0.23805736068530675,-20.58792697799661,2.4095310140779413,0.80944069464671,4.653575771318418,24676.40413334741,0.001044082866982136,6.433018032303368,307,311,-8.382155857605417,-24.561199816354456,2.4946710500509806,0.841452963776939,5.164396516978859,70781.23836318115,0.0004462034367964334,6.902791139963161,307,311,-10.380228830790859,-30.847171905726963,2.7986720727781527,0.7914665969954928,4.835489486818675,36925.832506489765,0.000750675583226462,6.62185389862313,307,311,-41.687780572372056,-27.315812563199653,2.868799405482838,0.8009875811702991,5.053856525572158,253360.77700938025,0.0001191150190420575,6.374616302987552,307,311
AHEK757U7544PNGSDFCIKFN7NZDQ,6.080196937519479,-15.965995546827848,9.185798560463617,0.6433144447097765,5.676071175836351,17164.108549092824,0.0022646861504738132,6.148193197522312,227,208,0.11636465677744687,-20.694657150271986,7.098145735939133,0.6829669779889227,5.554712543008859,36600.37350031366,0.0009986223220109448,6.053316216572094,227,208,-7.127755769185534,-24.697855512099313,8.846638388795807,0.6902872076181275,6.448105203566658,93852.90682425081,0.0005172078700301253,7.074915653346696,227,208,-9.764586960425113,-30.99632574386273,9.416407859422053,0.6432372734266556,6.07238320959649,61291.70716000756,0.0007045795125223808,6.575470981199394,227,208,-39.19938587772688,-27.353327250173262,10.55476158002163,0.6295834034713865,6.311425921364196,273450.12387856725,0.00017255051584517953,6.550634706095692,227,208
AHEKQAHVNYETC2ZEUGADNIQ5Q2FQ,9.90742368619893,-22.630421617608757,12.173822366343662,0.5755944399014095,6.0101860151623,29139.088985306244,0.0015994256962906608,6.186688511658747,105,137,6.139374755954126,-30.608215172318324,13.798408839946118,0.5547633228500928,6.270914796892546,57040.294894299484,0.0008791141208043943,6.1522500405049065,105,137,0.5294155322640096,-39.91359338437324,12.189111931491924,0.6087408347865568,6.607588286358246,96831.19138746383,0.0005552854186180413,6.5559456433108725,105,137,0.31387894176611075,-49.839972966045465,13.910255844580892,0.5799406463345775,6.573577735413633,96415.30160650787,0.0005571484128398083,6.5167187936950155,105,137,-32.26186509253085,-39.076803034760054,10.517952886746519,0.6419056995093637,6.569529820247291,285880.624462216,0.00018169709622000284,6.376563356351344,105,137
AHF2R43HMV6S2J42LN6NLQTRBLJA,5.692678305878759,-19.893427492192203,2.1704976186354226,0.7916929207074827,4.073519941866361,7475.928822568866,0.002543102305758911,7.234723622000517,197,159,-0.4755442254693018,-23.921498101763966,2.3613992286949856,0.8264229096821699,4.43191760443933,22840.160910091723,0.0010279319759299707,8.24970614955257,197,159,-7.2588705830888465,-30.178232346853985,3.627684970440418,0.815685672382748,5.185560992123878,63867.70104391559,0.0004900036260594852,9.729955887149226,197,159,-8.667895531962277,-37.02880688552852,3.369237504066922,0.7605880816206936,4.706333497970198,28388.77202144787,0.0008995372610914209,8.309245299133885,197,159,-40.55350635335811,-32.94787637544139,2.8454591971856584,0.8525798987526926,5.232215827692575,249482.94758135636,0.0001280854714550764,8.867243005496272,197,159
AHF7W2GQAELHFR4T4J24EYR4I4ZA,8.118701040563042,-20.528488247479373,7.560687622525851,0.6643906451908339,5.639911515973507,17454.242679379804,0.0020879227990174684,6.505643684319548,98,94,3.1626867480603096,-26.489292282647106,5.972359953208259,0.727267417749913,5.80830937944432,42560.839386112726,0.0009140658049100281,6.275659007036635,98,94,-3.4772442772283747,-32.63785709447266,7.082357103281729,0.7095287906525376,6.193189402225597,83568.52222048877,0.0005257393343435071,6.712892145139204,98,94,-3.572565958324234,-45.38552663721296,10.971301166814916,0.5353483411475017,6.045011764354375,71089.78572691565,0.0005838991334151117,6.693934000757445,98,94,-36.262959728218895,-34.46183413490067,8.517741386479413,0.6591269973863992,6.3096878019481695,285236.8821049525,0.00015839464130145962,6.703193223417258,98,94
AHFJDIN4IJQSW5KVUA3I2XKUYP6A,6.6724130904586225,-16.62525113782215,3.1579642652321964,0.8320326384671398,5.293563721574005,15153.145734254162,0.002143685236082322,5.938459786726271,356,372,0.9606785421573882,-20.49189445217351,2.7397718980792907,0.8489442493072019,5.392176817735642,30541.138776096617,0.0010957404463699456,5.980609159102538,356,372,-6.679539624091243,-24.069179922369777,2.9970207675426415,0.8607481560723758,6.042821248266854,65171.069909074446,0.000634234232098408,6.701296079178649,356,372,-9.15136011891791,-30.056704463017105,2.5268087583633894,0.8739433255119566,5.723857696379138,48418.53707014484,0.0007685979891789216,6.284180842007137,356,372,-38.97930268057806,-25.59707401091934,3.4115146661023954,0.841010557692652,6.0839468808581625,248847.19708488963,0.0001682975834197604,6.353767768325561,356,372
AHFPHVUL2MZM4YYUYE2ZQOTRVV5A,8.300909758205757,-24.39232820556231,4.983100990778086,0.6137856770316329,4.5166450346763005,21197.07375537266,0.0011181713006337296,5.848811244426573,85,86,4.523550711057214,-33.12277024863803,5.518975839363367,0.5956483527568391,4.626098334852618,35461.65169220975,0.0007099247491316444,5.85515483390757,85,86,-4.627462462080325,-36.27470971944851,5.253114788884259,0.6441306294810119,5.014896020111853,90676.70979761021,0.0003202085459573828,6.322150119528625,85,86,-1.5965563440320767,-53.65292507955891,4.910578794947357,0.6698882283403091,4.909172328739946,70653.0360279568,0.00039772999815680676,6.192085517126539,85,86,-34.51797107150694,-46.835610641428936,4.728722210922808,0.6626908049184776,4.893474040697449,274701.30737825105,0.0001018600699406819,5.881913478301437,85,86
AHG5OUYNZPXAKJULNIA667MM5SJA,7.86593396525946,-19.823173564524897,5.312564589318745,0.6706660839709138,4.976861763911195,15439.43182545271,0.0019371776164455146,5.870683442550223,136,127,3.119087091892548,-27.560066479834518,4.672413306863722,0.703955610949434,5.027444184239979,37672.29194228271,0.0008064355197932465,5.6755248088262915,136,127,-4.810853553916445,-30.02489339586575,5.306056407010392,0.7199275169183674,5.701780629230782,86459.21633416416,0.0004432267632374466,6.41082712180582,136,127,-6.9573850467649,-36.92711593704536,5.040798426519547,0.7069178434140984,5.390155776632491,52464.76966479277,0.0006542842548857412,6.070577511030413,136,127,-37.76916887924123,-31.83896086584085,6.18351422204735,0.6503545045030317,5.563740574721849,270667.03791238356,0.0001358348689616308,5.960330755596135,136,127
AHGDVTFSAAIENYAIAZWJG427I3EA,7.112063575190405,-21.170501781451872,4.413497017608159,0.5550762064390876,4.180565739822647,13698.050996076605,0.001472198922550285,6.49877376739559,426,412,1.0530646452168635,-25.37436550190274,4.3675471578608365,0.626246392239757,4.495832289708195,29210.656575892277,0.0008027417928357624,6.680523703834038,426,412,-7.186067417547106,-28.383306241346112,5.68133878122325,0.6172630326620254,5.089563987160512,62762.383871372906,0.0004729695273326577,7.237145528116059,426,412,-8.525415749368689,-36.58770995574784,6.015118863209803,0.5035806873967559,4.684566232454479,33327.00823154011,0.0007527494081575525,7.026256090483203,426,412,-40.623584789009115,-31.90876945573234,5.223693948392421,0.6162739368145669,5.004638420714523,254631.03081704638,0.0001115623160387661,6.764503396036334,426,412
AHGIDR4IJFS23Q4GTZ33FI5LYDSQ_1,8.891587352229692,-18.941233512035115,27.961861379868438,0.45771789753473135,7.714695646065448,33459.68765852928,0.002096125163338438,10.271229726854228,2160,1768,3.6812993355120507,-23.381331878754857,19.803804163862598,0.5196423073760078,7.385622247691944,57534.1092010032,0.001106220568608626,9.972514282495954,2160,1768,-4.047033107652632,-26.974744527597778,22.859006372721876,0.4453131818077931,7.719182722468944,107482.132558625,0.0006282681916043394,10.066223340943855,2160,1768,-6.631997748532757,-32.9093219777804,25.291997734027643,0.4246543742784391,7.771773754768702,77603.05515262322,0.0008900096069810813,10.298092448820533,2160,1768,-36.50373306713779,-27.294377076634866,16.45280953809978,0.5178240725500076,7.252223355329359,279929.7400372996,0.00021228647169860922,9.459412319821396,2160,1768
AHGPQ37FYIJYULFHMF6MS5KX6VJQ,7.169907138406793,-21.880799849889897,3.617532168764154,0.7190896126886973,4.289706010528721,14971.181716071917,0.0015097569944607667,5.8275350663710235,129,121,1.2425949624701926,-27.756271504856244,3.1600629736303536,0.7615849105827831,4.4591825596361145,35870.42060153254,0.0006668459242496254,6.150017197096339,129,121,-5.535276527290934,-34.98913171221941,3.999787863106771,0.7457753454816135,5.008036125879788,94306.27573251326,0.0003154331720662506,6.477727442999773,129,121,-7.643691459105606,-42.73746034756206,4.266947113674668,0.7266887561491375,4.809235306790525,62127.971142930255,0.0004558390611840955,6.485044440386139,129,121,-40.02079134419018,-35.9133335233333,4.210125409594171,0.7157675245430841,4.987269707643926,271606.2363747843,0.00010892198415051538,6.126272571940647,129,121
AHGQDSOBAIVAAKJFIVEGS344MSXA,8.324498690731792,-15.399682281550833,4.260059787132749,0.8475343020458864,5.975225086869567,17308.88647261949,0.002669151464911316,7.511615284332232,577,608,3.112259896899648,-19.448143689257236,4.161000958175703,0.8879189861088993,6.545665133052183,45178.64732299247,0.0012373177606689752,7.8101761807079155,577,608,-4.889744734972822,-21.925227261292314,4.254212306938264,0.8766733534985032,6.841807758204018,74210.09179320707,0.0007711243405283956,8.128914215473046,577,608,-6.966091731991074,-27.074194952578416,3.6575559285653925,0.8945392600803567,6.689044772925648,54980.68614817993,0.0010139508833092237,8.133208454075382,577,608,-37.28295041812162,-23.260717043083343,4.191413204130386,0.870386915545832,6.6418154144743395,259160.94700860945,0.00020859518731610556,8.009617146230505,577,608
AHGVHBZZ3SJIXLAZYKE3BUXRBW6Q,5.369608318694105,-20.10155616989117,2.4691715232428213,0.7764398056224254,4.259546791465173,17859.066995538087,0.00119077813727329,5.952205184651383,190,211,-1.1285097862702664,-23.7524661737038,2.2414952267561294,0.8162528479397247,4.495265143296571,33276.07053820092,0.0007062404849776259,6.421133404197478,190,211,-9.02622295010407,-29.625368664911527,1.9482588371133016,0.8662593491534691,4.97361621192637,83052.70017796235,0.00034533983487847517,6.593556301363199,190,211,-11.339173815177238,-35.693794610084545,2.217699478014779,0.844562373573353,4.824625372736899,54657.004049434545,0.000501913567041291,6.5821674244514465,190,211,-43.370977050447685,-30.477866726331417,2.2874094830594385,0.841471842887821,4.996856757810519,266719.16002563125,0.0001099788603616459,6.277452004830436,190,211
AHHQSSCEFBDD5V2IMTVEPR34BVMQ,7.626221925651306,-16.191969552939504,4.683812107815817,0.8480977316364364,6.34783137353496,17744.3364680001,0.002682480201274224,6.9114726337683665,206,198,2.2037618656558076,-20.665109096601515,3.4434162193917492,0.8748219015450777,6.295853198465287,37926.873198604364,0.001202156800920856,6.529561045886785,206,198,-5.128039217585895,-23.8069681590735,3.7804745450407,0.879646942671159,6.936304375943811,85896.9320072232,0.000642664473591005,7.332576907491159,206,198,-7.920993319805384,-27.615973850723062,5.400788902648177,0.8364766210638138,6.848425222849256,54224.19893450646,0.0010030374252241814,7.206370111071256,206,198,-36.80576899480682,-24.511500389084652,5.413648382780525,0.8362720756213082,7.064122745846053,270544.0944745744,0.00021229598980613914,7.1081107456507935,206,198
AHHXS2WOM4LZ5TYTWGBU4BAWTRSA,7.266704771181685,-19.620707894428968,3.309552649636534,0.7743007855361772,4.809057820414303,20404.290746022278,0.0013504170495456595,5.864426175835319,141,130,1.5228368438069293,-22.71038249293224,4.99787735824226,0.6895392405955676,5.06497981523164,33031.205205944745,0.0009179918462749086,6.035503261713902,141,130,-5.62690367093803,-27.09256375198706,5.945267339776624,0.6882228678071126,5.761803953095149,74792.13676243908,0.0005165325570457525,6.753484977642138,141,130,-7.826656683360021,-34.506098252013516,4.613025270754127,0.7456970299550936,5.420001347135388,55946.45483134738,0.0006204153524246212,6.234027066536142,141,130,-37.577062960671114,-32.2673635758543,5.616988517711413,0.6955596616149016,5.661309157409555,274855.4426979059,0.0001378845062403454,6.2097054471195845,141,130
AHIKLYXTQALJIG5VF4M52VBALJQQ,8.54480841279334,-17.00683332212528,7.258312707471731,0.7896059611915548,6.83807291806825,23873.944750002982,0.002288204606156767,8.934512709689102,233,228,3.356848961015935,-21.096387238728276,8.893080800314234,0.7435967928464183,6.835124518777438,45401.7998269252,0.0012110405315294093,8.718457312061618,233,228,-4.160615430663432,-23.6744451001646,9.658676251867224,0.7425374705751948,7.445553822740068,92259.77031109417,0.0006864044110078587,9.217574556269746,233,228,-6.105633878076744,-29.798382666216856,8.532062511178744,0.7801865427493333,7.36668774458788,62971.276500884334,0.0010016405231384256,9.221899736456757,233,228,-36.13424350284612,-24.711126187985336,10.34691230192953,0.7373647205930053,7.4813953905962185,272876.0947907476,0.0002374867799181644,9.045659108582987,233,228
AHJGZUKX76JHUDT6MKANUXRC5R7A,8.432470262239802,-17.42936777767943,2.767549324148155,0.8258874958481821,5.146020516942915,11547.621160954503,0.0026989225687214734,7.094034279308083,318,322,3.3118720677575824,-21.5883150837526,1.812007736075756,0.8966443253249019,5.473162854691089,25565.743553037086,0.001364422369677478,7.40595835935389,318,322,-3.4382654437505655,-25.317084596870583,3.4998441510393885,0.84363519399522,6.279774794242775,67719.93503429757,0.000667039363393694,8.606425045205675,318,322,-6.129904748500328,-30.04460468151389,3.702020398883304,0.8072787437381266,5.804140792953671,36622.1558744935,0.0010619138378273605,8.006598717469705,318,322,-35.35040504112345,-28.229910551229356,3.9995981460144385,0.8183906470064344,6.339350630902433,255086.15914461517,0.00017994070219662785,8.199704679359078,318,322
AHJNW3RHHFQUH6I7FECKWHRC44HQ,6.573636008244492,-16.12094405258462,2.4032330304693867,0.8770105841197819,5.282852507803779,14683.367197365977,0.0022374111929887325,6.04415846735902,397,419,1.1647486887051652,-21.33178982041549,1.787344312943758,0.9066806566988558,5.38924395002232,32059.245341740316,0.0010617909811636108,6.044214960301431,397,419,-6.258081851528083,-25.1046373893437,2.3241148941204166,0.8989435583161349,6.0804263819676985,77561.69774719152,0.0005542215366785976,6.785705587555564,397,419,-8.636597042005432,-30.84016817825064,3.0310809566713846,0.8619617720353909,5.835828407827967,50367.39671579609,0.0007889518954307577,6.512387036088509,397,419,-39.0410409993688,-25.842412575678427,2.7711124259848674,0.8754487297262872,6.029736363495593,254380.86928852624,0.00016708029697332867,6.4053158194480675,397,419
AHJPNFZDSQAACCYT5XMAVO7WAFRQ,8.820888709112047,-20.416264191139934,5.894721559455484,0.7259149860023408,5.469800454777377,18494.44138912219,0.0018894312990641849,6.40286257178398,190,170,4.360409147636345,-26.880694648924596,6.365043795711137,0.6881937465597305,5.646195130540367,28118.017506382115,0.0012959788850684293,6.159174532915121,190,170,-2.4416202073635613,-31.937409836406683,8.147732376530675,0.6720893203489385,6.372931862718071,75436.23717059605,0.0006080657878908858,6.954266492586477,190,170,-5.163305032029399,-37.60695281235791,6.588218151377472,0.7180957714577698,6.059980414823481,47328.18848305014,0.0008768523309213908,6.637765266372057,190,170,-35.549765957164816,-31.79928807182339,7.212150261695441,0.707286017631038,6.363580467890853,268650.0033284357,0.0001698873386728087,6.72599635810983,190,170
AHJVUQE36DK4XLBZPID5LBPC6BHA,7.433796157028656,-16.277486884045,3.521283746328313,0.8092465993724421,5.437563004161661,12439.28824504631,0.0026911468930941743,6.645883155602169,220,225,2.5499645523700156,-21.164080535287706,3.650754240199026,0.8071842634425486,5.647010666340576,30169.376254762446,0.0012023866064545382,6.4681729609239245,220,225,-4.73760720759074,-25.04334765827691,3.579951596170637,0.843629052348752,6.316826441185832,70302.20203321266,0.0006371469786453675,7.399796365772159,220,225,-7.0325806104296555,-30.205348873107464,3.921718312723868,0.8206552277137424,6.045473143979141,41535.75526251266,0.0010029306889705813,7.119486018980643,220,225,-36.9933289875333,-26.21285945280019,3.434766105589835,0.8487039467244937,6.385446688566874,254751.90868755226,0.00017956796784501637,6.941824936896717,220,225
AHJYOD56GVUHGUW6NV4US7JR6NDA,4.404011435881021,-17.629819793480955,1.8318867932532112,0.8252371452135537,4.093971640713414,14013.266904021557,0.0014392058128645585,6.412586536371742,171,170,-1.4573964089890274,-22.179609335783702,2.387304943450283,0.7950450471947078,4.416319948575271,27723.462067138436,0.0008337848484749464,6.4938177110580595,171,170,-9.207585040798934,-26.29771759520336,3.1549903869494185,0.7761706422648876,4.947976124427596,71813.24297797956,0.0004008768791575894,7.036967496860676,171,170,-11.072150370012665,-34.41130832051777,3.0455411431095616,0.7782387092270808,4.759775189311689,43037.88562347596,0.0006319577430318629,6.851699552877036,171,170,-43.280228182056526,-30.277307103944686,2.7054955449119076,0.7974239081349674,4.796999098093184,257729.72905077992,0.00010649727391092425,6.645488426623344,171,170
AHJYWQZ5PICKUZPXVE4HU7L5PE7A,5.586905564117139,-16.1549902751169,2.374420271602867,0.7791442485029986,4.390624664692569,9992.159885392113,0.00221414794618334,6.5669200466788284,338,322,-0.36628935020574166,-20.14977041392768,2.451636943935295,0.8067006434119648,4.716381159217779,24566.444243291786,0.001030939188278717,7.043039891469901,338,322,-7.918649854377233,-24.197406103641537,2.6936941490190907,0.8370139451682292,5.376502491494698,56833.150791876185,0.0005750129973185261,8.060689182936285,338,322,-10.644430635737162,-28.77895855876268,2.647853681305254,0.8034183359158766,4.952660896425508,30801.561049625197,0.000905698449411275,7.448844982987517,338,322,-41.475345142217186,-26.16092652321054,2.868530643000609,0.8175657010861579,5.360565980431933,241365.88040185455,0.00013382114321146702,7.419863506322788,338,322
AHJZICZVRJWDIAJ7F4KECEIFOH3A,7.276037198840119,-17.36478753215161,2.5876723190934148,0.8559361106721832,4.90069585642091,15149.374640751803,0.002069687943570875,6.329511564576198,285,264,1.6909759374759166,-19.751513145476405,2.4729887587938095,0.8630013214020977,5.20204892328707,29090.06782754654,0.0011655124480249282,6.508808525275841,285,264,-5.6188875860472285,-25.429396711355007,3.0853891083836875,0.8492244031656553,5.715464765175434,69581.744233013,0.0005737641213992336,7.008553271083425,285,264,-7.691513209416605,-31.586728493201193,3.3128030055742865,0.8342902597095658,5.47831618916153,44703.77185822566,0.0008440326264042153,6.8689807822913815,285,264,-38.60305592596747,-27.151553319411352,3.7804633443693634,0.8064229671932945,5.533952671393033,253700.67791507987,0.00015254512411716687,6.522010934327489,285,264
AHK7S4HWRWXSEHYJB534QN6XQ7QQ,5.8903518570917415,-15.612328191988356,3.0788994363566213,0.8180088115525703,5.0202750601903725,14632.448091070928,0.002045128113564515,5.930353532432656,152,149,0.03059511858378792,-20.448176373338615,4.622570046031818,0.7266468922876426,5.125675175092558,29601.33577513629,0.001042586236340718,5.684544177017956,152,149,-7.04227003125223,-24.899631904949793,5.09833673004011,0.7455705516549076,5.74567650576002,74780.6216340239,0.0005114181873329698,6.55914339137664,152,149,-9.793749533923258,-31.129953734365277,4.027492262924248,0.7903931973814398,5.446552790113337,46260.38441560117,0.0007550605543987572,6.1416288812793445,152,149,-40.567442125559445,-26.746272325999097,3.9907842828909494,0.7919499543585529,5.543390730848058,257810.936928842,0.00014256378030762956,6.011782185358317,152,149
AHKB2DDGDMX3ISA753Q2BBM574KQ,6.771817727545233,-19.158054512358042,7.125298325394123,0.7218875607023505,5.791870199772781,24443.051578652306,0.001612320727922882,6.268801800380507,91,95,1.8125782113719406,-27.133099810398544,5.505921388104373,0.7402188372158345,5.495746028411388,46886.34489452652,0.0007504783497979779,5.627077762415989,91,95,-5.362048780356794,-31.30790296403289,8.36540234444484,0.6712699396809803,6.151808394429754,96506.97778808385,0.00045536690702809837,6.528933689779867,91,95,-8.423539790715115,-36.085395365865914,6.808740402721228,0.7366783285749237,6.1236412387973544,70232.38511122818,0.0006150906254133395,6.487703808447335,91,95,-38.64224506222772,-30.683367022908456,9.524991512770224,0.6352306903398812,6.205435748917592,289578.6459011246,0.00015422284620598547,6.373584367187087,91,95
AHKGGFWXAEA2DA7RDLFUFLJDZCQQ,9.150619705939524,-18.119251422796406,7.257110284853619,0.7865768746254977,6.915303459195994,19508.9537994763,0.002827248305034175,9.498307875263299,124,137,3.736265692979934,-22.378039518925387,9.551176220961384,0.7224497728710338,6.96406736019285,36681.94142762658,0.001527079198865543,9.031762662524468,124,137,-2.8021415894920474,-27.13982067614231,9.568407646993627,0.7582973565506816,7.680651522307373,107303.60060122935,0.0006350064310743371,9.497525584381025,124,137,-5.0892354417094525,-32.09265486874717,9.176000586864182,0.7612800260195134,7.501604045479543,75544.97663310947,0.0008551542155916408,9.701230886650798,124,137,-34.22026161426424,-28.958422374411597,8.701091718388472,0.7735280197301251,7.6490985425611555,279955.97365802666,0.0002372113508904459,9.467261468441203,124,137
AHKMC6HKGYSGHJDP5GW6RWQSTRGQ,8.486370249389635,-17.645741245649976,4.763694593691482,0.8362223479372766,6.184777055046648,19156.115608665663,0.0023507008463373173,6.569064458928435,388,405,3.5708950755410958,-21.418344742758244,4.6310933102446485,0.8395559084949284,6.351012634277122,32613.201755765407,0.0014413213570638236,6.329627281103574,388,405,-3.8620641750213296,-24.316066453442343,5.439091280807292,0.8268867519371614,6.918240656936454,82824.5905548518,0.0006617475146196893,7.191265022663424,388,405,-5.882924139841854,-29.918164283487712,5.593687778073613,0.829654858796649,6.792146347198988,45435.19078284639,0.0011832702957374995,7.0117260188187345,388,405,-35.39070536814954,-26.60861758803409,5.911138321498767,0.8109698792971926,6.956811114188474,260836.22466631976,0.00021248952534333367,6.749665028567223,388,405
AHKULNJ7UQDGZ6Q2GLJHZTEEDW4Q,6.410835055408515,-19.962084279578338,3.0766940401828964,0.7353553910287389,4.266991844890355,13859.489501150674,0.001619953852553495,5.934846584742032,167,156,0.08705145179854103,-24.233177006569424,3.226505383882835,0.7283882754884271,4.484702215331545,32559.680645250646,0.000736151356311814,5.998901222914081,167,156,-7.008963120770666,-28.95058048275904,4.610046186856797,0.7102610221349123,5.3045167578199885,73814.21833705751,0.0004443389926201687,6.658814928039134,167,156,-8.61598123943359,-37.82407900231145,4.435393726419378,0.6802680950822428,4.871141016335326,48358.34850068365,0.0005806571638741257,6.443493706634952,167,156,-39.2285229310942,-35.226209363756226,4.652610632781947,0.6856122068839869,5.105017561584238,261490.58714268735,0.00011927864360218571,6.167699491168398,167,156
AHKXLKWJKWHMQMPU6IOKT7V7X4XQ,10.348944851927625,-22.628337386217027,9.22591733496918,0.6310360674579325,5.745292832405882,19390.395313346566,0.0021237541723451814,6.31466528915675,78,99,7.554462678157878,-32.698396674461016,9.450261471415704,0.6238122465065069,5.9002806382877235,44104.21364384436,0.0009543998176652329,6.162939393056482,78,99,-0.9803624004343426,-34.85101087028169,9.941067307882077,0.6471875377044398,6.479319264061816,86017.43881666248,0.0005832462470884375,7.026766841138595,78,99,0.36910741213262604,-48.027000253242456,9.608650543475578,0.6441110000510187,6.2464525582907555,68070.1627037448,0.0006830046793504983,6.666330407791478,78,99,-32.03966854797794,-38.7565368652409,9.554702592802109,0.6449718049142632,6.48518388513354,293387.00938248035,0.00016728898906151807,6.550958377126984,78,99
AHL4DUQINPGMLDA37BT7ATAETDEA,7.926323775316364,-16.794590397217142,19.55769463942592,0.43447519955354774,6.200359258666277,21265.22785930279,0.002397570147307413,6.68572766364945,225,228,2.606614732288143,-20.509961468703903,19.97308439357457,0.435465681592357,6.540786075413299,46820.510531034044,0.0011676122860991257,6.712960595710751,225,228,-4.201766257110215,-25.953962735377804,19.52004929107745,0.4682833840710986,7.12804218866804,103929.4046086329,0.0005957236534291675,7.646349862849108,225,228,-6.645330459396648,-29.582233666426937,23.319867899659474,0.40919145337300566,6.936316469188933,67281.98162834422,0.0009160869671366482,7.411298337377968,225,228,-35.907670145518765,-24.688241692680073,23.548102604186592,0.4075791632349052,7.219252515000067,276983.1029076012,0.0002349683062376527,7.295303553878789,225,228
AHLA24J43UD2AKTINUBUWKEDPQHQ,7.840144712075685,-20.396647182617535,2.575046343485724,0.8059408302472272,4.762629798172634,14092.135614529765,0.0018848787198515252,6.492977481715149,174,168,2.0298913496344264,-23.65388374163557,3.556590030738919,0.7784798451310635,5.19126916722803,32876.75555294738,0.000956593591220512,6.813280623153924,174,168,-5.561668184951566,-27.327061199794986,4.026701191628138,0.7998466612528204,5.838522205465683,86239.64670968149,0.0004523641723683079,7.564636905863891,174,168,-7.635362496843481,-33.70822327301109,3.2277774346275323,0.8145744358903657,5.484393569217509,45757.06361626216,0.0007639467247100111,7.1208095249871075,174,168,-38.259382170806056,-30.10090172712349,5.233067690155261,0.7303912413648358,5.8412241556832605,265252.3478888227,0.0001470811953844936,7.066517214258431,174,168
AHLZVZPQ5TWJ6KXNLADJBDZAT7EA,5.243862218465053,-16.718421627234672,0.84238739329932,0.9157017741784119,4.216942838463018,12593.269287455609,0.001632845942190854,6.762747673785949,1129,1068,-1.6074399844296907,-20.476277438269985,0.8176526503411008,0.9252864859626788,4.441380987515052,27921.068837068407,0.0008071714366107751,6.870104590487855,1129,1068,-9.60661947964705,-23.959847016024323,0.9976128339964274,0.9258837399007956,4.9901332743449816,62582.71706799129,0.00045112090560489354,7.321603226260903,1129,1068,-12.667124835759376,-29.19021114089736,0.706421848074479,0.9407681023274747,4.668905820119511,37096.232984976865,0.0006743492310369867,7.211564711983309,1129,1068,-43.829383295188045,-25.922214870342955,0.808699880150625,0.9363954041487821,4.945942928624213,248244.6087040445,0.00011206938885526246,6.924000807768137,1129,1068
AHM7F4GRRASR5R4HCACGTBSWQWMA,2.4411910172895404,-18.31096891833122,1.4559008109248701,0.8200219858164755,3.727220434704937,17132.052637586556,0.0009086030893629229,6.934085283308628,199,191,-4.252335709470837,-24.349597571550284,1.7757305573855315,0.8005645452104773,3.941247065972116,30473.446633932002,0.000561514322424582,7.1858184362770805,199,191,-12.878236451008963,-28.908302868839368,2.3658375060973604,0.7894575634261903,4.3362898613564065,74228.64114513228,0.0002827759605218324,7.5026671910936855,199,191,-16.7557011131493,-32.98426334058333,1.7725536119956287,0.8206226664832099,4.105884286213086,44596.60769565373,0.0004202039268451422,7.510889697572499,199,191,-48.77346938552785,-29.79939580562901,1.5818562165447647,0.8612095799601209,4.451073454005905,260848.62208669045,8.357333171865156e-05,7.119624421999373,199,191
AHMHS45MRB6MBCZJ7AWU2QSHHENQ,8.279267004435255,-18.114373704830072,8.4704339717895,0.7083924461721733,6.213858440889604,23979.796873805248,0.0019240306534712064,6.264597767853527,167,173,2.776596377086902,-22.79261281127889,8.55525086366815,0.7020127721940794,6.306118326538282,53676.43917354918,0.0008821581673306318,6.080754027816597,167,173,-4.68232905940228,-26.122220490361105,9.514762022720198,0.6985285284675105,6.953813760336482,88235.3174430645,0.0006343674342590771,6.828181829527738,167,173,-6.593897960225404,-31.30299415292345,9.991355665747514,0.6881752361556854,6.822932200392893,61682.94544750715,0.0008854402905613779,6.753100882800582,167,173,-36.62486514037764,-27.720500120023292,6.847229335358913,0.7550865941024751,6.631133966003892,269078.8464379787,0.00018984774308386464,6.375790929344889,167,173
AHMOYBDULQMZKOUODA3BNH7DWKDQ,7.751211237757059,-17.742072696502554,4.648425110902821,0.8313428212892151,6.022735886752498,22394.056206034886,0.0019005700178580868,6.04235351287089,143,134,3.3705984369527253,-24.31667002723995,6.039275177361799,0.7819729484785534,6.211856197349432,39426.00743974669,0.0011426636726613168,5.980142027290008,143,134,-4.069531336237215,-28.322247142913824,6.0974747351509375,0.8071824594767151,6.854695835812561,93177.61457553004,0.0005727392810622099,6.710325436911194,143,134,-5.799840128136417,-36.66846223332469,6.769489688126859,0.786696441621883,6.594715207406229,68338.92363745823,0.000740393793546671,6.423849020287921,143,134,-35.71180227781327,-29.382724414436364,6.841629855636888,0.782328222415757,6.851611702804754,272184.7335174159,0.00019882042625515362,6.494098327216225,143,134
AHMSYVI5H2GXDIKMFYR4Q2KRZUDQ,6.01277773748394,-17.098882621240985,4.825177018493916,0.5621716918947406,4.40576537624839,13425.719151866022,0.0016767811702975838,6.281970898741972,220,230,1.0066428638865883,-24.097029837604552,5.474891808525303,0.5614002088003622,4.692661266842952,35689.85176710251,0.0007152313771354147,6.5536071144165975,220,230,-6.625095681245366,-27.70831218566086,5.38142066619958,0.6512840473757527,5.284471297834214,71908.68739744103,0.00044652352451065886,7.044704711624896,220,230,-9.48949174091718,-33.50346887141022,5.101804045720992,0.6205248332070796,4.922241516820269,38805.506043876594,0.0007269744241678214,6.81581449420314,220,230,-40.44178449603098,-29.947272026059522,5.078514957929496,0.647037237201221,5.1990031173955344,252970.3532279487,0.00012241274380357255,6.5006730051007855,220,230
AHMTSDM7S76CXUULLBES6YYVYTDQ,5.111831378385699,-16.57892510934347,2.708996600101697,0.7738351886889802,4.509652749624016,12667.733359301066,0.0018508253581756044,6.547125059226614,172,165,-0.39945136387094143,-22.094245177874857,3.217936113170063,0.7639911894205457,4.7216181258386145,28323.39775406964,0.0009205928390412133,6.969622377264763,172,165,-8.87044634528356,-24.148186616013255,4.502129064590123,0.7795371758581582,5.682673130107364,72999.02127987862,0.0005107635079679444,7.758903870236517,172,165,-10.455421985756736,-32.30044027888205,3.2242391750705046,0.7802651795239257,5.00020336038175,42831.62821042541,0.0006763989840054661,7.073659222343024,172,165,-41.172278853234765,-26.905565990504655,4.430162713765887,0.7730866031972072,5.722383162547351,261786.66614455116,0.0001427781684551694,7.294432452512237,172,165
AHNGXSJ44HVTEJAF4G6XHN4MJA7Q,7.596472942399224,-16.058447097657435,4.369191744384508,0.7423877273944739,5.333394228192583,15599.758288650328,0.0021265914039377415,6.470237431197655,210,241,2.889384421022002,-21.706414870795907,3.685444290016748,0.7978925180646426,5.6369294373058185,35260.15752276962,0.0010335101756626382,6.510586949285825,210,241,-4.9209842445282685,-24.068718338143622,3.7685459340379484,0.8314628205843297,6.324986275149759,68659.53558708138,0.0006659297245752071,7.241811218098624,210,241,-6.701426924612987,-30.934824770963807,4.602624194114503,0.7757881024201932,6.031402000036398,44736.166054379486,0.0009391735091521343,6.9613172000284465,210,241,-36.75271424400553,-27.25296929688172,5.173693610718469,0.7551931896465243,6.276556409687826,258796.0707233344,0.00017306998577339323,6.825065363804735,210,241
AHNKWCHSFDBX35B3EY6HNRBM5KNA,5.684704566920134,-16.35374846720676,4.459484277822173,0.710574593970827,4.685614591493574,15028.995990994901,0.001826851406101439,6.732143582738061,203,180,-0.522620586370236,-20.15700969222183,3.5146199188362766,0.7609192208503943,4.747789163985854,33276.810117685694,0.0008212219546073806,6.9737459067837575,203,180,-7.603726657940461,-26.1181103300445,4.3299174086391305,0.7440876332820561,5.336338305659646,84707.48258672155,0.0003981932365008932,7.247830831987215,203,180,-11.14436704920163,-30.84313842724086,4.404845167139692,0.7454198039124752,5.125589633060961,59963.55321898988,0.0005301090239682557,7.006748599037819,203,180,-42.273470845274275,-24.540881006547433,4.948547217672739,0.6971359901201929,5.305370986504891,265902.2347831438,0.00012569742799661894,7.076995295016584,203,180
AHNRKRI4TADX6D5B32WFKOWYSWZQ,9.767267156923156,-23.165068168792946,5.4455076484153695,0.7429494684291122,5.477197353613024,20132.648444208742,0.0018063569737623345,5.863326531636696,75,95,6.0433483345224674,-31.764577901373723,5.870898630532064,0.72978615499668,5.6387105746258825,37491.18630975039,0.001028775126465028,5.996871014902197,75,95,-1.1472231888374076,-37.86260194714355,8.477870356085464,0.6399843492242143,6.042341852454324,117543.66866400994,0.0003754512017525339,6.8954984953873595,75,95,-2.5660522041755036,-44.034003447745214,6.775140897644539,0.7107951243475961,5.985822057087025,63644.41898037719,0.0006751714517179011,6.377057203090291,75,95,-34.57400165838389,-35.32890622653778,6.702937231293568,0.7236274506035754,6.140391313768314,289553.1788382602,0.00016015251325591216,6.508322732472852,75,95
AHNS4IA3FTAYFENRMTJJ2XAKO7JQ,5.841397177784394,-16.889998979683824,2.3776899449105557,0.8227069939419671,4.663582298287889,15363.196343597818,0.0016793525908112934,6.235180824680312,234,232,0.28156772626124227,-21.99587253697685,2.7271158916859446,0.7992022628114945,4.76962142333452,35769.51472705237,0.0007426756146627539,6.304152739002134,234,232,-7.777458944936239,-25.427238478047386,3.5421653812091174,0.8007484989463723,5.518347093276278,76432.14150238087,0.0004598011791209253,6.723182736920255,234,232,-10.306195339402306,-32.31707681230313,3.222405355115127,0.7902919051390014,5.081624759590562,52077.64287103985,0.0005794810402392189,6.5885300276271215,234,232,-40.94347211817448,-28.481012850944232,4.147000140059776,0.7421046925705391,5.334290084018361,257574.54827243095,0.00012764206708804125,6.359603533904624,234,232
AHNSZCP3JIOZZVYXFJRGQEKRSTFA,6.469863626274654,-17.84998665080931,5.314129688688363,0.7378422989807751,5.306057684729732,20804.05807081648,0.0016219826085476998,6.278446029646323,153,153,0.3654195331595919,-21.117453509928065,4.09588100176146,0.7902685548357078,5.373609262583197,41458.495671915894,0.0008212259470357298,6.222238734145838,153,153,-7.066635180411568,-26.413578657862516,4.275670046655312,0.8088320916441233,5.944012978520401,78609.14752769466,0.0005251858793828033,6.6964215457088185,153,153,-9.679601923807107,-31.234681180475384,4.559768891393314,0.792742903849446,5.7842691394201395,52095.72139913202,0.0007509495959444677,6.683050456243433,153,153,-40.28250166585575,-27.280537212092177,4.588124500255644,0.7879757773863698,5.878527920766526,271630.98265966424,0.00014889939528800865,6.2800368141777465,153,153
AHOB6DWWDUHGACMKP2SXX5GHTXDA,8.032432516737464,-19.37083728448941,4.7565288658666045,0.8225968366244402,5.893547121936342,22904.157723368924,0.001879743723097469,5.824442674571606,122,120,3.451098832037878,-25.21571296345385,3.938813591174736,0.849277339930584,5.955408348936192,52062.50566487866,0.0008500107734221417,5.7284083133032375,122,120,-3.9343647193817994,-29.5130018997874,5.385854095679143,0.8141698729978557,6.572584856707081,114546.46779076262,0.00045433217151174263,6.358645248209616,122,120,-5.8942146420357595,-36.05701506315666,5.768676209858786,0.7950745338420759,6.353373752847835,61408.50161040462,0.0008004481119251823,6.211925808205751,122,120,-37.385045132417844,-27.13244395538164,5.03601213060581,0.8155698301853678,6.4994116645830955,287624.76895949466,0.00017823077279874856,6.067088386597064,122,120
AHOCOXJ7KQ7QW6J6SZITGMFK5IHA,5.02408120897766,-19.111600228026475,2.8365307118599206,0.6533033287573735,3.7252706408225142,12711.47853435648,0.0012964549200907012,5.940489162008591,160,178,-1.0022906977345296,-24.137183918834392,2.6630459790359553,0.721166905071539,4.014543392941732,28333.129898357587,0.000675563273699916,6.191680164660638,160,178,-9.142158501492874,-29.273829635992012,3.497096093138552,0.6845428657778612,4.42384660654574,75704.79703351606,0.00029919079738626044,6.640045924794051,160,178,-11.571955547984054,-34.60636828367068,3.4160453387075393,0.6713186972703661,4.270796450652786,43002.04101945003,0.000496436457897382,6.58754865516472,160,178,-42.94156951458466,-32.23059386291996,3.49767103140935,0.672904107142763,4.4163213669167805,261736.72176282786,8.781726799265005e-05,6.326673585851117,160,178
AHODD3PARPO54FNRADPLKP4TZUGQ,6.880825475398158,-17.411268196201853,2.9124436117428827,0.7751984976443659,4.669193436692351,12578.790303728807,0.0020412502410923103,6.242300940669245,202,190,0.9672529224147098,-22.21262078124311,3.196719081214135,0.7659710528945158,4.928636030394672,29632.017406091305,0.0009392989671107965,6.403242422225347,202,190,-6.610515942274835,-25.528169107334634,3.5355676996339565,0.7891461707657653,5.57204787475191,78528.92351975924,0.000448388337899316,6.904246341985927,202,190,-9.4611930026902,-30.303256045303346,3.6273967352365104,0.7576495696576147,5.2510310764941215,38771.87279184144,0.0008093604080907796,6.743686748077783,202,190,-40.277760359226825,-26.473458769954863,4.54342383196054,0.7147287748607013,5.494714590520016,254659.39757855004,0.00013538395499259958,6.512428020310807,202,190
AHOEORVDRRM4NKIKRFYBA6WA3HFA,6.265316547184731,-16.721504281678527,3.0304912623585376,0.7982793537461177,4.910028639564488,16632.295831243882,0.0016886514779634954,6.327374880648766,222,177,-0.39708817616361924,-19.985742394928533,2.962181836638778,0.7995867342144306,4.9753107244582475,29811.52065988742,0.0009545215860059855,6.130569018411618,222,177,-8.345436238877435,-22.56323451137826,4.834702889133536,0.7279660277674087,5.600809084142042,74551.69736654504,0.0004820930976408647,6.66324450262664,222,177,-10.571187634676244,-29.31236788361754,3.9943122955608477,0.7791674693638101,5.465194961331357,57273.61598046104,0.0006028610142622623,6.616166642062647,222,177,-41.22591904330847,-24.91703969440447,4.024669830727917,0.767909163911223,5.573081931690092,263107.6839378129,0.0001355667343846254,6.437451366338752,222,177
AHOHXQZCEU3KDM3TPKZRNCJ3ITVA_1,8.849350299215681,-17.978245820565878,5.504300054764899,0.7580737097891328,5.781167849555892,17048.0391371071,0.002290272518610938,7.509191029526569,106,111,5.751800801151402,-27.612233462423127,7.994995877002249,0.6681365099130068,6.012890866496216,42673.94147138874,0.0009809995477509494,7.394924526258602,106,111,-3.110232035095184,-27.278402923401423,7.063171987424367,0.7344001629262451,6.586209724256684,107046.43703416227,0.00045960721795300873,7.869243837613737,106,111,-2.3245001949479165,-38.689287675451375,7.584273123811863,0.7193817873685993,6.447748105499991,60763.83104474505,0.0007799816959286843,7.909483003077429,106,111,-35.75875206781885,-27.93857438632744,6.305819682874181,0.7509106255013214,6.462630323143711,278590.3675290487,0.00017085746032943967,7.746342683243645,106,111
AHOHXQZCEU3KDM3TPKZRNCJ3ITVA_2_1,9.856127181417252,-17.920595585850865,10.337435131870654,0.6582206932356989,6.377502811326491,17720.579682003132,0.0028224237398973787,7.421929777733641,511,513,5.1008569658953995,-22.84884010493974,10.582290797882191,0.6749964985317982,6.556434577062247,39684.75114196088,0.0013428928062843115,7.14526184896723,511,513,-2.6029047236134115,-24.708870714776957,10.16167289119991,0.7034527020365537,7.175133339716433,95015.71688906413,0.0006415143826124813,7.846509781317083,511,513,-4.235216544983305,-30.948363731158107,10.61019630353281,0.6876383597493202,6.929670382059455,49988.30764764083,0.0011613818736130833,7.795614559198135,511,513,-34.00482505709881,-26.969727098817142,9.385152547738938,0.719528516003417,7.047482082172966,264447.8578595299,0.00022711111213819936,7.491609189536624,511,513
AHOHXQZCEU3KDM3TPKZRNCJ3ITVA_2_2,8.005971213418817,-17.334788957233297,4.224300333457292,0.7605948810656085,5.106854948262375,12556.02887864213,0.0025049873942585353,6.3669216393437775,419,371,2.6096185201619835,-22.288551319004114,6.069740626715749,0.6585715447521046,5.279083596622293,27322.240503982553,0.0012056105073160398,6.192744893202677,419,371,-5.0552533772810815,-24.816623309411494,5.361198615280717,0.7394726711513662,5.957957407010316,74041.24620037622,0.0005582137364717963,6.891941980966517,419,371,-6.720810226808509,-31.83501440880687,5.886576877845538,0.6994586658948889,5.625046468732434,39799.066089355794,0.0009494560207990273,6.617072236235773,419,371,-37.56445268041943,-28.018382372085355,5.343719894965796,0.7299379024715225,5.749629568172051,256234.71714955408,0.00015453157246483643,6.455838885268158,419,371
AHOOD7DBLBIUO6DB7DZMCWYBZS3Q,8.51514377550447,-16.5845480904614,3.807312753414958,0.8767399405713229,6.375641565609524,21182.839433307396,0.0023077633520674225,7.764349682092312,298,304,3.088497024656322,-19.685902766381403,3.318515340421705,0.8988266169196126,6.589786892045172,37222.073006512,0.001402287865065238,7.464521840132537,298,304,-4.245373697831029,-23.771510658662397,3.524818511701936,0.9011197407716434,7.039252529043295,87103.15293196969,0.0006802829878714728,8.158311377947461,298,304,-5.9303422664924,-28.34909084873772,3.7654757779941885,0.8955222751953099,7.061606950912102,52995.58770324084,0.0011061648056659042,8.157774168830024,298,304,-35.93305847056175,-25.268335646870234,3.3444930088676745,0.9001816610445685,6.90832236856142,261461.4534049224,0.0002166554650632267,7.783336662608901,298,304
AHOTRV7O3LMRFLM3D3AFTMUZQZUA,7.360325688464554,-18.610268274533645,3.9641073490036347,0.7714916016159542,4.7520424386614195,18578.85062395071,0.0016414683725704063,5.899707798513948,115,124,1.6636368270681798,-24.961724645190646,4.421504002396971,0.7420751525711533,4.928873050876135,42214.896876595274,0.0007421850601410636,6.100479810423106,115,124,-5.461709567665183,-29.97004177639996,5.812840073923387,0.6978392001243612,5.384732869174844,86045.07715861588,0.00043448183450101193,6.565836917549578,115,124,-6.100702798070872,-41.61261711796052,4.48567709803269,0.7499933282969509,5.095509506998631,51041.662330994644,0.0006696053531357367,6.298048476965095,115,124,-38.49418149672073,-31.768736998968656,4.866693299433026,0.7457402097567549,5.465708461813936,279774.5337177798,0.00013524429279244434,6.150792800745108,115,124
AHP5AG3KQWUBZ6QRXGWPC2OK2PQA,4.9004870377674035,-17.93061646788468,2.055674035570159,0.7526557878707595,3.840705635211834,10889.058067575497,0.0015728936285008504,6.8720545624393,391,402,-1.6727097158007713,-22.004217892274553,2.3412398558426157,0.7696691427108768,4.171334866223107,22954.262849556504,0.0008736352774858062,7.013831927618853,391,402,-9.731319745550836,-26.460800295471177,2.925437943075494,0.7711366679536975,4.675635332811974,59749.67877409157,0.0004182014871355981,7.472885041601777,391,402,-12.333781307074968,-32.74464315237497,2.2641276028757886,0.783412651402464,4.302858307295777,33148.09803538005,0.0006393043476692174,7.253592306602272,391,402,-44.27055302937673,-29.05334756635911,3.7052292726367613,0.7007241206794226,4.615665609154305,249569.5125918296,9.918928950114229e-05,6.948778419667251,391,402
AHPAXGZTH4KAGQHOWQ4SGU4BN23Q,8.489382928995978,-17.693854092490103,5.0743102075185496,0.7549912071482824,5.5727138892835,15407.672482008975,0.002394464472540132,6.381383329658192,219,231,3.9161002029120646,-23.304263872588848,6.868080330829151,0.6919367985555136,5.89375346642313,39381.3965139617,0.001051748171594142,6.300756996165997,219,231,-3.644270695248784,-27.064687404574027,7.118384179931017,0.7176143969641807,6.505821039205284,77751.11337551565,0.0006330107083525209,6.9984417445269065,219,231,-4.978681906275097,-33.22585473108763,6.144214387752446,0.7553813916242648,6.261307328410658,46633.66107644915,0.000988877971364408,6.7262612613969734,219,231,-36.08330977076315,-26.350263971044296,6.624538946642999,0.7354471729178995,6.50832942032163,270502.1725930646,0.00018453433906626783,6.67934047719499,219,231
AHPDTZPJURZALWCECXNGOSQYBZXQ,8.037799890104122,-18.271330042901564,2.9760450399049136,0.9057515876134453,6.289581676125617,26287.841925855868,0.0018682223594693552,6.939468605557828,112,126,3.0786819513758026,-22.902756487276438,3.8427971187531784,0.8723022417903872,6.279339283844872,42465.46388399429,0.0011446731921054612,6.491667147424706,112,126,-4.09694014806469,-28.74997663688046,5.148665851578139,0.8369053725888453,6.776009357691184,99338.13051641217,0.000554232752637337,7.142133871713551,112,126,-6.246145336429777,-34.19116339082587,5.569088673199308,0.8338235211578278,6.738822207030081,80153.31350908124,0.0006878847681998872,7.102788525886272,112,126,-35.82295374699505,-30.3368407054355,5.3197887115109594,0.843206044742691,6.865068347192627,289650.70918914647,0.0001969697180454819,6.889766006993169,112,126
AHPDWNIO6GPOATZP63X3FUAQPPQA,6.182451520477772,-18.249770943287913,6.213878548270764,0.6086704792603141,4.763268677456378,19313.821023442,0.0014274247687232227,5.6931531948547045,157,142,0.6130901184561854,-24.162368208777607,6.037072670410177,0.6320282875427583,4.868489352473094,31151.697690616733,0.0009321678644141111,5.742554885510859,157,142,-6.904983361159458,-28.2776509203437,6.041660949416349,0.6778626526716882,5.44936542308078,80431.62294797305,0.0004404962765076137,6.400874666792185,157,142,-8.279474158604677,-36.70615920000088,6.485304171852905,0.6191047783581417,5.055608248749229,45990.247247283114,0.0006783408357249402,6.074203023506789,157,142,-40.04645537763091,-31.175935695749025,5.751419236851575,0.6592091089756726,5.235424726598952,260402.80168179446,0.00012569492089025845,5.894954706611339,157,142
AHPG65LKS3QKRWDUWAKZNLEK5RZQ,3.5118056602660754,-17.458778422652568,1.6048300293311948,0.7731164644072854,3.6631214310366946,10915.577035877288,0.0013961438272351333,6.921349831790088,230,195,-3.539407213812235,-21.900301731710893,1.7739033129237725,0.7875026877131122,3.929025880146872,32331.27459093428,0.0005393552267193,7.012431165828832,230,195,-11.829918123618471,-25.606625102413357,1.8540392155516285,0.8138642323054893,4.388865099582656,73068.61168862361,0.00029424729118094793,7.423183605481459,230,195,-15.046005396431335,-31.0741745900138,1.9492119692682097,0.774072893028134,4.093365997473695,43967.26751114502,0.0004304605842970059,7.367917921011717,230,195,-46.75226659481624,-28.395503674655536,2.322956545998156,0.7609372007548119,4.39443650091027,249546.23517281006,8.729792368572838e-05,7.0992536174856085,230,195
AHPG65LKS3QKRWDUWAKZNLEK5RZQ_1,3.466985291682722,-17.65600486294487,1.4624714142418143,0.7900391324923872,3.6244745407404264,11189.689103756804,0.00133929162869693,6.975997381527617,213,180,-3.477848419937233,-22.523418838877458,1.683699276939504,0.7934362658995522,3.866007837615515,30892.885562146417,0.0005489607521958362,7.065379713350412,213,180,-11.777881131989526,-26.40722518336385,1.5688425773918224,0.8402235897616195,4.334627733288052,73739.0714171378,0.0002855277997917284,7.467180904364421,213,180,-15.038860585831653,-31.989493272425626,1.8053986819457113,0.785738539930795,4.0330774252557,43415.32387567204,0.00042409703281642977,7.410343472311268,213,180,-46.865864625543296,-28.95175930022711,2.1231788467882415,0.7773016541207625,4.339798040217644,250049.70466098515,8.538291122103288e-05,7.15678717503181,213,180
AHPNEEABM5OSDMOU67FIV5767RUQ,8.526050859018898,-17.043283292694998,4.20142448727976,0.8217886157781139,5.878013392469842,17818.330009257763,0.0023418314401669168,6.855297933158122,173,161,4.1308297977830435,-22.170497888741878,4.5544521942557745,0.8214181824933838,6.119955820945543,35842.19309491998,0.0012546916539508729,6.594383353219218,173,161,-3.325808778618596,-25.40501552328124,4.040896762768311,0.8547011247057665,6.73117477874778,91783.36144021952,0.0005767202007734698,7.434628324673172,173,161,-4.482943121459858,-32.747469169172334,4.005630190961698,0.851631728748199,6.39074299361478,49452.082458410594,0.0009841528901909178,7.217964176750009,173,161,-34.87149464965283,-28.50809992609163,4.5742369806162655,0.8243238685943166,6.574886519994319,266792.4403199134,0.00019023780702511595,7.0621463588683975,173,161
AHPOHKN4PU4W3V5PGFL7AGTAD2AA,7.798661770960849,-18.652904709201362,4.955494247430608,0.7347712857333818,5.186454592757434,18288.195100240144,0.0017548766239781507,6.230139917555601,189,191,3.4569406313041937,-25.505451003259637,5.2103673069652645,0.7199532139155604,5.326747193959096,34713.92878411636,0.0009648127010555001,6.091073621971424,189,191,-4.256050873195656,-28.28439710665208,5.770593765517351,0.7450086320821518,6.113224352406233,86039.24283869933,0.000506648264132543,6.9489725900475685,189,191,-7.055638341104745,-32.653194417700746,5.931448484779009,0.7215234426047489,5.815579994760498,46031.90673330008,0.0008655549139850524,6.770593455525891,189,191,-37.32326679386188,-29.25994332707652,7.248088351727139,0.667220081640792,6.042791295831696,256088.94722919876,0.00016573548782623757,6.556156962050617,189,191
AHPQFIVYXQZH6JMFAXRDI3FUFEZQ,8.400447046239039,-18.04964039062534,7.400463444867062,0.7200993113620558,6.000757306265602,20288.254329347474,0.002102521424417951,7.02967836004635,189,171,3.0282140938493405,-21.76079226506904,6.151974899366218,0.7512837163107169,6.054136958813991,36396.668151155965,0.0011812388240509206,6.822027363790523,189,171,-4.6146935359111785,-25.0676382930015,7.4372013416342435,0.737744616022372,6.638687059780221,80952.31019217026,0.000634542736674996,7.380869138313761,189,171,-6.376572453506831,-32.441224726594726,9.093033844940651,0.6843862720856517,6.565528220788765,63724.02772083228,0.000786864098279783,7.295375805484783,189,171,-36.37313512197572,-26.974167225848426,7.444878332954109,0.7437213783295284,6.614341661154599,274975.82590905955,0.00018766417046059213,7.107762010725796,189,171
AHQAG7ATRW7YK5TUB2ZVQWWOXAMA,7.025125185968513,-16.674149877600584,8.25690765135548,0.6276423082658478,5.853768620876375,21590.760642671135,0.0018351024912542323,6.652540651695847,159,192,2.5530589243145925,-23.092280963377743,6.871337889524102,0.6861346850238255,5.889702031169174,39403.91261723837,0.0010168392699850413,6.449770601914579,159,192,-4.283288195130624,-28.836623880717912,8.168664495426208,0.6776251674518545,6.5881104722632715,77243.17562027322,0.0006305486007955975,7.27173043725475,159,192,-6.022744166888287,-36.26887181344093,7.811763779375029,0.695445696431108,6.414228102817423,74993.76706926552,0.0006254277032394346,7.070673423332473,159,192,-36.54901440090638,-29.677414776453002,8.346577186954534,0.671675941247935,6.616720816382016,277881.8887738709,0.00017762676081658257,6.996114818439936,159,192
AHQLV6Q4IX2WPEFGJW3HFIYXCYIQ,7.794049368329246,-18.72548145596338,3.575924382729145,0.752212695013836,4.754634813904393,13354.702865216368,0.0020698962690571766,6.368963732729848,150,154,2.070187484901924,-22.114370807133966,2.832409254650919,0.8163007490614704,5.008767921738392,24580.481031519023,0.0012258638900773146,6.510609506544908,150,154,-4.8890503421770415,-26.064802148867706,4.80316137207089,0.7497528157050631,5.820919719614465,64320.52254758466,0.0006129790432026544,7.582274002596305,150,154,-7.504242252371238,-31.67962262662539,4.003296731859089,0.7734168883867234,5.466368784211375,40001.121579781975,0.0008729289465447067,6.974442062199959,150,154,-37.291567885649144,-29.48507561834254,4.584451594054804,0.7500384944510521,5.720054044735799,262202.81172246387,0.00014704651825350246,6.992511297077591,150,154
AHQR5RU4UKE2S65XWC5WMU2JZS7A,6.16428876529474,-19.18559010175057,3.6970414985777196,0.7679627657552479,4.505105368476193,19883.475405750905,0.0013109057692296713,5.583482066575007,164,154,0.8871446006218567,-24.864583166458548,4.411821962739305,0.751457992550922,4.800816799081905,33105.581273339616,0.000879069707052763,5.518907335408993,164,154,-6.845838369145171,-29.86963774565641,5.710470699724486,0.6550657674992744,5.038814092986986,75067.2031718341,0.0004057785474857451,5.9400648102794475,164,154,-8.751782870715246,-37.391140304128186,4.524166827391767,0.7528594416677988,5.043218640789144,47854.93829350465,0.0006561575507350551,5.995599561423326,164,154,-40.979323823768844,-32.330042020273495,5.014327488357843,0.7011086892057727,5.00598784655736,259335.69634404936,0.00011721715559361872,5.724898379664267,164,154
AHQTBZRRGQHFON63FSB2VSOIXDBQ,7.7506899767103805,-17.281222142383363,7.381855042089555,0.7410511881453399,6.097286050172163,22499.210932653143,0.001953540176801726,7.403306348506569,222,239,2.3454481830011584,-21.283390837674073,6.381140310070131,0.7579220950561061,6.097664577300071,37532.292147022345,0.0011695765220853384,6.918863274369716,222,239,-5.018020222663288,-24.41622493519642,7.374276053047497,0.7532067285452311,6.7107101195775,71927.13982926517,0.0007236643578541998,7.649214584057019,222,239,-7.119860194643569,-30.10511154563209,7.359876977334774,0.7608975721154277,6.614988607262324,55021.109467961884,0.0009227452363431741,7.5825327690543425,222,239,-37.224482008073934,-26.692998882828235,5.8270170997227,0.7934416104906115,6.609635657844834,265082.51244669897,0.00018726106869421046,7.360613013885455,222,239
AHQUHSDKN3Y3NZTRM72JRA4UVOGA,6.390998940540243,-16.303990435255802,1.9619922606518985,0.848746457457066,4.568873023687229,13415.342374781516,0.0019347659401507513,6.443750842467092,350,340,0.0527683753575633,-19.726082117237503,2.036010973719861,0.8577671107027617,4.880765849466284,30707.237006672727,0.0009457800554578769,6.676681744854165,350,340,-7.747229233818905,-23.780679544846347,2.60739751113013,0.8476699114817934,5.421514673234264,69346.84297899721,0.0005084420934611946,7.0680313696641965,350,340,-10.744696858188037,-28.189093309271282,1.8821811926675651,0.8790756531977363,5.147611186599045,45472.372778541845,0.0007075018332279447,6.932458094301665,350,340,-40.94913388508897,-26.208132190283184,2.422917009302176,0.8490466893026338,5.376056898422768,248295.99649084336,0.00013890772225894608,6.649261383814058,350,340
AHQXAWB3MSHU3AWTNMTW3IJRUJCA,8.593417073773097,-21.10149429647887,5.9358618270280985,0.7144080367808175,5.447593936442944,18055.73457709707,0.0019445873245402222,6.410118620771378,121,110,2.3211035586194178,-23.597352667902634,5.386647933998083,0.7466593100908152,5.683601477930801,39798.1020870221,0.0009368713497889761,6.234548795066441,121,110,-4.926645628400427,-28.93333432591345,6.913166200717606,0.7312984875457993,6.357716118187338,87844.78818344101,0.0005365710718085876,7.312764212823964,121,110,-6.437137909027897,-35.4931002473471,5.59115777849626,0.7779031524638129,6.142190169958939,55711.43161224836,0.000788449647262068,6.829931956896666,121,110,-37.34910958377897,-29.710571296391176,6.87521311026048,0.7368307170599123,6.377641799970889,275177.53345477424,0.000172664578721686,6.8025483769253645,121,110
AHR375Y4F3W6I7Z5YBS6PVJR37PA,6.604733171917948,-17.233238683666915,5.5778256703353595,0.7405142167343759,5.402920330806201,16219.127313592731,0.0021153000003105524,5.799148572538831,112,87,1.9232522721705505,-25.52063103861101,6.333317914173144,0.6745578193313846,5.286299406004929,37267.30053080553,0.0008807998897018004,5.507842868290526,112,87,-4.7683668307048706,-31.422767507900062,7.596686498477676,0.6545288960096375,5.865298129558795,84663.22853821827,0.0004662250376537729,6.50262528191458,112,87,-7.09729453871509,-37.31313436713909,7.359721979075443,0.6521066196978367,5.6351793024102586,52283.33076981457,0.0007063201841049607,6.133249812993658,112,87,-38.1806576041254,-31.32707960480917,6.499073406577759,0.7076623617661322,5.840788717862499,275463.8194193129,0.00014406894233711707,6.154133642899729,112,87
AHRK5KLCWK442GNDV6M6BFD6EOMA,8.741356066878156,-19.284463459227318,4.730542093992122,0.7716148208479724,5.428130321633044,14400.846405205999,0.002503857488500253,6.341858854568944,130,151,3.7663926720964347,-24.54541776886255,5.981559466689351,0.6883042448013887,5.548542534096172,33091.23959064513,0.001089984141433815,6.367904047084069,130,151,-3.407028177285881,-28.883779720800636,7.154354928625259,0.7048867177300986,6.375343472217389,94975.60352547628,0.0004986382955769861,7.143182215209375,130,151,-4.206835435908863,-38.482026072011614,6.757942141002286,0.6861517188599388,5.925084412531609,57751.946189464485,0.0007101768067965343,6.672141853285342,130,151,-34.96459689718163,-33.57664577715701,6.673619860483458,0.7142572598015782,6.218172829556658,276611.1941231445,0.00016531363073581524,6.5629437233145405,130,151
AHRL4LYXD7XNEBSXATXTYL3VQO3Q,7.263777467936036,-16.90587654485021,4.866643621410675,0.7628955667948774,5.389423780042724,17006.65120051551,0.0020790946634745185,5.976949140948371,195,197,1.5045760089693363,-21.246563079668938,4.367376955664526,0.7697291046827618,5.428161289738303,31481.9924102411,0.001116732648661953,5.929363185710945,195,197,-5.9399077364689274,-24.278997368894622,6.5442494185736395,0.7214366864322521,6.137856213174239,73353.15710133471,0.0006125819930733234,6.823478432901012,195,197,-8.482510981894508,-30.127414723979925,4.829411145854739,0.7785366801163661,5.789395807123189,49977.544290196536,0.0008035757453057333,6.334581030740317,195,197,-38.70237456141945,-26.120168307499995,5.932053348778959,0.7261431927708606,6.004792230405656,269772.4974360733,0.0001591232985451602,6.30594724316059,195,197
AHRQERYU7ZERE3SJCC5A3X5FQDVQ,6.136241591999383,-19.71056742495713,2.8396148905662772,0.7233220817382722,4.31567775616852,13524.428365258362,0.001554424971778464,6.717961531428343,197,180,0.3407450637919635,-25.956982692188244,2.793289343522365,0.7684780873864981,4.584328613670505,33055.194925814925,0.0007168637733936406,7.080362259473332,197,180,-7.4243871645975785,-29.872949046470644,3.9028181277309955,0.7611484674022212,5.243178548139486,75929.57568469988,0.0004091495194582083,7.439473653653346,197,180,-9.669126094796322,-37.2633582906669,3.3585692737567907,0.7417591348573198,4.814762118852317,50084.59557813127,0.0005163637279896198,7.30552338327393,197,180,-40.58564927028868,-34.495705145096395,4.085453710511797,0.7211085799540145,5.181661263288052,257069.30007673337,0.00011587455740851313,7.051010445164305,197,180
AHRQMW37TRCLFNW5QLQ4FZHPBZJQ,7.29756100957735,-18.593993755770832,3.5723631690899853,0.7955253130802161,5.104726002726067,17468.30265663931,0.0017519765209879708,7.325183614755066,249,240,1.4380601059629707,-23.38169003826922,3.535612265858399,0.7854906397687238,5.094672814558687,31056.387448445028,0.0009697811723843498,7.149401326794083,249,240,-5.83163625045306,-27.61439903469131,4.832896006082572,0.7436827846300593,5.615472663434997,78760.769233205,0.0004601336087464578,7.678944308801922,249,240,-8.106478515067709,-34.500432584407385,4.7971466112744,0.754698993930047,5.509863875084316,52999.63283438066,0.0006744148843437287,7.554973313654106,249,240,-39.538973731885875,-28.600308521477626,5.265025872383056,0.7192585283699908,5.608985730898041,262016.00755987832,0.00013954455694968525,7.480340783139718,249,240
AHSCNOTMQI2WQ4YUTXSOBJ3OFG7Q,8.574676301562222,-15.837852148238037,14.335791888245165,0.7358661235877981,7.833130181396967,26760.63733142854,0.0027520612409354848,9.62000863011364,162,186,3.838869199238138,-21.05871311859341,14.233248220652543,0.7181783070803334,7.724305381697447,59631.64797997876,0.0012031868081110939,8.951786277309047,162,186,-3.9431310575434217,-22.734088917818355,14.715505059439467,0.7409696334381068,8.37189210202639,117808.39720872752,0.0007073973595756394,9.989652361089373,162,186,-5.595442899691018,-29.950388067521,12.528998077958011,0.7795145766089727,8.242721095154689,81070.80103805136,0.0010031772782973867,9.874694044016149,162,186,-34.2973340595239,-24.08134054042365,16.66485879450333,0.7126214754875279,8.395995108591265,285756.55871218897,0.0002945279419077778,9.66975013112641,162,186
AHSEGNS77TLPYIWMD7JKHV4VPTBA,7.75709056551303,-17.564265833392,3.8747564394716307,0.8141985793258475,5.339388719294784,21507.622286215108,0.0017652589905182267,5.854149752500991,220,245,2.365886192367439,-21.444913971283054,4.332253315351909,0.7980434909770991,5.6248225032692885,38518.05771080861,0.0010458059201192437,5.971780123690513,220,245,-5.032117118148581,-25.583791498955915,4.101812483054666,0.8185903897048988,6.120366323494909,82429.65921669608,0.0005469443059587729,6.541951545462948,220,245,-7.007482118225372,-32.106897189239305,3.13217831885637,0.8578725998208359,5.914855646470309,53763.17253957632,0.0007876447091130386,6.288811603577634,220,245,-36.974285046054824,-27.414126499552726,4.06564353238851,0.8248388831248958,6.138772528839594,270129.4936852764,0.0001723079975674436,6.1416071202746245,220,245
AHSQ5K552SD4NH32WTSPO4O4PPUA,5.413378833325638,-15.56006961585476,4.137407298123867,0.8153927079850648,5.384575331106278,18500.483477016,0.0018585845411533623,7.189339752770172,321,286,-0.8479768536142227,-20.50725525220673,3.4657989858248457,0.8243459730247198,5.267587025210256,38845.451686229644,0.0008312498564339855,6.939374109288317,321,286,-8.156730954743624,-24.29536884343441,4.539490727603253,0.8011252817092654,5.8452056487772595,78426.08513089705,0.0005011164904891146,7.5101632173339015,321,286,-11.734439838326038,-28.99396716553116,3.3776061882127775,0.8587453440226634,5.75806846375536,56096.90287168966,0.0006851142110386623,7.481563826947327,321,286,-41.55387002495832,-24.121749838927155,4.102001586699688,0.8383000540593095,6.090801178871941,272110.5243906775,0.0001576934765044115,7.423406398946493,321,286
AHSXYDM2OLH2JJHSW7XKDLLQARUQ,8.585735683165778,-15.778992877598007,4.912196911229925,0.8822389747198163,7.083076955046292,24073.982598098894,0.0025452069819248357,7.571481129407023,352,385,3.597599960010305,-19.458165813859697,5.207902851274107,0.8710013007582783,7.160481343504955,44964.2636860439,0.0013745040249567673,7.17000174363985,352,385,-3.300230841444906,-22.765766443166978,5.54756887145588,0.8735236194416804,7.795971392405949,87623.37634728686,0.0008169238931072162,8.00935722181106,352,385,-5.950027545220968,-26.80288492402899,6.493542574751794,0.8585714513488417,7.725548270679235,62406.97126494907,0.001150896872542443,7.969872751772244,352,385,-34.899738918059555,-23.201676671112644,5.505623205509768,0.8692349816895606,7.678536454848375,266501.9641712957,0.0002599715169678244,7.574396232600391,352,385
AHSZXCJL6TJGVOVCZ4SFUYWDMMZQ,7.063936056209052,-20.801130339617274,5.719131032575302,0.7039920882380952,5.198974304635827,20201.51432214637,0.001581344404634281,5.9829739923304555,122,133,1.822655593161294,-25.387049795657042,6.282190078766459,0.6454746845120918,5.196379113196461,33414.789921711585,0.0009459910829185191,5.855658722458316,122,133,-6.091266539755794,-30.512247695039456,5.894524171324746,0.7077082466263445,5.625766108028843,70098.74265339127,0.0005218977775112998,6.572261750208186,122,133,-7.728482433282873,-38.221061335981155,5.324793481154246,0.7413322319311912,5.571070744662127,76523.35864858284,0.00047209501283378065,6.417439712453516,122,133,-38.66286848351521,-34.02297912006077,4.652573551183193,0.786613168737865,5.759738687221347,273390.2390373491,0.00013996764812100905,6.392514803538766,122,133
AHTCNFRA5SB5IVFQ2SICSGEBUILA,8.599499064730352,-19.596322789231856,4.735266680113261,0.8179194952958558,5.869046131259294,28868.223003527117,0.0014375610869654498,7.358266666916627,160,216,3.177518187029838,-24.838166627078277,5.064980664370853,0.8108784564595396,5.970471539068593,52762.86894374935,0.0008276318251316583,6.705853506158848,160,216,-4.242863394565763,-27.50652680973953,5.861245450657056,0.8060760295061854,6.612751310264057,114740.71117644446,0.00045790126396767934,7.715162027632492,160,216,-5.0546031510482985,-38.427378479641646,5.50853311812406,0.7992633324963725,6.19579807036145,74773.45025447763,0.0006147693625649312,7.23966773926153,160,216,-35.017500528397804,-33.025928443901016,5.710003108257741,0.7981982516996233,6.571731450033127,294164.59913341014,0.0001723256660293586,7.310257323838667,160,216
AHTFA4ASPZK2TI5UGDB4FQTRHCKA,8.868013564665983,-15.782976799445702,3.6229741438395577,0.8895540724523894,6.605286289115294,19062.500350255683,0.0027934743494132117,7.554234566131559,442,479,3.785015818187432,-19.717656651661954,3.8319088321157566,0.8867098522916983,6.748205218570604,41153.96485670196,0.0013563112153244978,7.274127953651594,442,479,-3.693039781508304,-23.1151197655339,4.234704346391191,0.8780568828497437,7.188160666171749,82465.58683682245,0.0007407298019549643,7.786212663470318,442,479,-5.336644709520457,-28.926981067523613,2.953081995494985,0.9158706453904841,7.078649604875833,56963.63856423149,0.0010487963734242764,7.826763646201682,442,479,-35.5386937919163,-24.123744488384535,3.6430695414478214,0.8904377762958339,7.1215091919908335,265295.52473386127,0.00022591887549320563,7.487696300310668,442,479
AHTPMTGKDKEHK2LICVISESYKFCSA,5.800811778866162,-16.966039577429065,1.6792477906571341,0.8621694730640234,4.496841931469335,13022.859348351227,0.0018249453080770373,5.712083093915132,208,186,0.26135931509472715,-22.372571895962253,1.6868693246621416,0.8740055344564869,4.734429943657444,32158.251343043958,0.0008139884810332557,5.904141340520756,208,186,-7.9828038725639665,-24.60179870632853,2.567221269414157,0.8504714904459447,5.409232972940264,69605.58516001634,0.0004906664771051929,6.53684686337998,208,186,-9.832604428217456,-31.51944947933852,3.0734641593827274,0.7884805918211413,5.029185011839896,36676.34878350955,0.0007962649646892127,6.155573273162379,208,186,-41.27881771956723,-27.243898376352124,2.440865209005718,0.8458551647258404,5.323235138520757,254279.6186892072,0.00012847006079033028,6.118015477915001,208,186
AHU3PHXO5ROPM42MGBGX2WN6IX6Q,7.247216147350059,-16.788727939108842,2.486447621809178,0.8844611343951527,5.557716870703134,17198.108303831923,0.00215174887978325,6.962510354135191,355,325,1.780769116192547,-20.35123856266816,3.1389552737307787,0.8462693162199627,5.638537933918562,31177.107863285153,0.0012024707956705498,6.762929305396999,355,325,-5.719562583989346,-23.929237337463167,3.3681796213469686,0.8631931602649463,6.290108456642784,77946.36124945113,0.0005941314026446459,7.3337286487727855,355,325,-8.513735324565888,-29.283960457847222,3.8115839084979224,0.8393922124996601,6.069270593773381,48673.03118786831,0.0008893117353600633,7.165901109030932,355,325,-38.65328247852892,-25.427823831619182,3.5104248541079586,0.8523489818841747,6.144552041587718,249463.2616761583,0.00017919363454931564,6.833840618730534,355,325
AHUCKCTVD7WAARGGJSAVNYJ7XNQA,4.896060612414123,-17.912978635281327,1.4191183509666532,0.8962224897066986,4.630998306433318,19255.205094424226,0.001288738191609297,6.4492623540715295,289,261,-1.4563632082883775,-22.521875489234436,1.6046223033647704,0.8913559735389451,4.882725620746251,34912.75784916972,0.000779186995108792,6.595887722970969,289,261,-9.633418397553706,-25.940544356635673,1.6614866764818366,0.8964073136911628,5.271897362262094,84953.72226329858,0.0003698798213605562,6.909207913148592,289,261,-12.901635889243481,-31.26683955078679,1.508037784316133,0.903173903556839,5.0603638240519535,53374.34022001517,0.0005536836051995308,6.881835546154963,289,261,-44.00014931986075,-26.71665825702152,1.8189367415819193,0.8889055648330811,5.341324445830266,269792.7517824657,0.00012028853276465922,6.590824444097853,289,261
AHUDLM6F46QJM4BSG55J2CKT65FQ,9.420307460206981,-16.00060887944971,7.3566963606445475,0.863053452103916,7.8306464751575575,22995.914064105385,0.0032534372003345945,11.89255739574404,464,460,4.389400497229913,-20.01776897095012,9.766208476557631,0.8325661212098209,8.165229582635046,47428.628792222946,0.0017046723147800084,11.695268896359751,464,460,-2.6243950042514785,-23.50289500324845,8.057003878407226,0.8599775211055992,8.485334856661888,101734.44509460907,0.0008400235784004881,12.126452928983149,464,460,-4.369671921192508,-29.380454746551386,10.767849756846399,0.8224868175194354,8.442796719452202,68457.08864274806,0.0012642306455862317,12.44765303659955,464,460,-33.487193639796345,-23.965780732348726,10.022409635207637,0.8239812307765921,8.526700057018552,273130.6569440562,0.00031524489888742804,12.002104618610373,464,460
AHUOOO3WCQNZA4MQPWHAOEUEQ4YQ,7.960412711762181,-18.51224142250258,5.156110190344321,0.6962112547269936,5.176299481569812,14848.702415309606,0.002127846002576355,6.063565920303944,352,355,3.2770872615898266,-23.774305424524215,4.874432225035147,0.7488232546487534,5.5274943926178075,32203.208088339477,0.0011151926940458831,6.117192275294538,352,355,-4.836879859257991,-26.784394200884556,5.08679844222331,0.7481747533441946,5.958764270850958,72365.99566756126,0.0005604242103236462,6.634181286454791,352,355,-6.110501119520761,-34.13324536112508,5.128558111557791,0.740261458201577,5.697910455894263,44216.819982645764,0.000853906971619126,6.478337024817691,352,355,-37.21139451012268,-29.847544757453278,6.137504319119854,0.6850148110829632,5.863452919448114,257303.44955465992,0.00015403386852454217,6.274914114622975,352,355
AHUSKFUP5FOS2PY32N2OT624O6NA,8.830233951650982,-21.96186997679758,5.2179936189383485,0.7607860964772892,5.46663350880285,15158.94795771426,0.0023233716431316537,6.8090812719009906,126,148,4.019449937225126,-27.547705558194963,5.1261061686815905,0.7504494821176234,5.655736201902565,34440.689021731276,0.0010569768055236478,6.3958882288901675,126,148,-2.6971951789890793,-35.136042872472466,6.599419543224307,0.7181413177358335,6.129301156043979,97445.98732446678,0.0004350561944597329,7.546126920452135,126,148,-4.6692050953205095,-41.888565706311375,5.226639279551155,0.7816597234116262,6.064500475942914,68542.33887087657,0.0006110262038546045,7.179382592034681,126,148,-35.21379294757814,-35.79315241858605,6.877758056580483,0.7304754582958255,6.357840598327547,278687.6109265597,0.00016534244203756613,7.235352046793136,126,148
AHUX7IEXVU62RIOMQQ773RNTZ7EQ,9.022080001631739,-24.58612930453618,9.37940210623387,0.4185576262828222,4.583222705512313,17948.792002831167,0.0016345983091447449,5.348546157305563,119,111,6.608783346417053,-37.78086009443344,13.145065223686936,0.22339566981958092,4.781890808355351,43992.266500285616,0.0006979790683407278,5.364882906397229,119,111,-2.162404905571735,-38.66048795353976,11.576807850611607,0.3380222022633681,5.161623712690065,73368.38757088347,0.00046189139519137087,5.894348726192152,119,111,-1.1103623389560648,-53.36150508309534,13.476300186482058,0.32463244291310855,5.176108751504479,72043.59409720599,0.0004962443701399477,5.715683676642066,119,111,-35.18664519505064,-42.36226287969667,12.887598251428757,0.2626069213543447,5.206556519768706,283591.0482007644,0.00012066219632389288,5.640338446062834,119,111
AHV67OZ7EO5D6QX53S4BEXRQ6FHA,8.02446720717507,-16.30416997845881,2.9513886365293818,0.893568692848746,5.827422571907796,17456.629327645147,0.002423452100528888,6.8319436031888685,322,309,2.6732085110207144,-20.760917092132658,4.220600875522881,0.8473365780152394,5.877729111197842,32218.146295045204,0.0013437630070007602,6.440873214068836,322,309,-4.825575145123437,-24.21218759085482,4.825201755179054,0.83746560025007,6.455341143039567,76213.66867454418,0.0006616742855778823,7.151513813013615,322,309,-6.665952257172266,-29.898767557336427,3.7066014837276318,0.871988483487725,6.215503164810021,44976.42497771322,0.001049700932341236,7.010425653877537,322,309,-36.74447258936439,-26.033665090187057,5.273004869896492,0.8217431965583581,6.433638380391683,258168.30973179862,0.00019544577399879085,6.870114488576158,322,309
AHV6ORJZ5R7D5AE4ACP6JWJJGKYA,9.679363672803373,-17.038372149126825,7.690501508248777,0.7159508051534944,6.305167271370188,18888.76128895078,0.0024978842936626837,7.42298538183701,123,123,5.14459817673412,-23.743554524661953,9.929763770998987,0.6552838592368879,6.460888087012618,47314.46701659361,0.0010516409151613273,7.082103063535034,123,123,-2.1355816471465254,-25.720127837455426,11.044159548708638,0.6547187156154057,7.23220626090129,95143.6027879139,0.0006414862637772692,8.202251682460908,123,123,-2.444682437355832,-36.424492601733895,8.97084237133691,0.7142164792308808,6.983814769198275,72447.24319176908,0.0007895361993735506,7.7324663541733365,123,123,-33.30999999748956,-27.227838446589182,9.730536642341713,0.6982523498219257,7.328769605367337,280835.0510179963,0.00022249116104128353,7.7061280905821645,123,123
AHV6QCNBJNSGLATP56JAWJ3C4G2A,7.263996681445458,-20.40924937098913,4.810003509967964,0.7088504573583051,4.9383339709342025,26618.56309870474,0.001092696175061588,6.342962485292826,123,123,1.4960337083906219,-25.098336142090083,3.0257216360643304,0.8252966423812503,5.171212828669267,34993.66593127414,0.0008972613821158616,6.265800811267046,123,123,-6.079407562005351,-29.34521934723168,4.606729232085004,0.7760344292268052,5.756882554265811,100612.72874489884,0.00038585195504592813,6.845335549267248,123,123,-7.471479386942676,-39.272762805529624,5.0598162060825835,0.739634387411001,5.422157073569347,55227.074457838775,0.0006308886039725259,6.579967898070475,123,123,-40.235538891905854,-30.186387956192682,4.275725793591852,0.7882843343135201,5.587760018487815,272573.5568828907,0.00013755898431989258,6.393394993763371,123,123
AHV7LKZELPOHGBWXQ6GLKLYHHPDA,4.732461269567261,-18.65146424139319,3.054802914734772,0.6971034082106178,4.028199957693851,14609.379501694175,0.0013586894596652457,6.4872295474697355,78,92,0.5264661829243784,-30.44450154199246,3.4809619845160436,0.6895567469027128,4.2859544207704445,41399.98060403834,0.0005227022048297398,6.763334070418699,78,92,-6.7964346764074435,-34.889685685122224,4.483045955324849,0.7314933555823104,5.0702074911532975,82943.17599934062,0.00037313512880216714,7.418429588329027,78,92,-7.5437185407546385,-45.701101898609615,4.552855146110754,0.6607071781475014,4.591050511097489,81204.67179032539,0.00031852565696835835,6.953505467152969,78,92,-41.95270799553423,-34.35916970369756,4.889556884229132,0.6747551657908336,4.952360868652191,283145.73313636443,0.00010310437038248095,6.806636718094165,78,92
AHVEKNHP5YYEYVLWQSPBDLE2GUYQ,6.711247445485718,-18.551627502600738,2.976314354344229,0.8118975376165919,4.948197573282796,17097.97270505362,0.0016396120086693007,6.545647403779298,443,495,0.7664888402083824,-23.556715711478606,2.418387033647815,0.8495878311309076,5.113317609077316,34726.273670500545,0.0008517152986620472,6.599639167974179,443,495,-7.194996061963043,-26.64118047956128,2.645996503467071,0.8571244478090524,5.605072380471726,71465.19210646086,0.0004957036832598667,6.980582677705802,443,495,-9.899263602014694,-33.03250776634403,2.2476455488831153,0.8783054044487024,5.469914176626884,50018.90364714793,0.0006748853047953429,6.882218080393376,443,495,-40.676904305198505,-27.99203788510458,2.4520837480857174,0.8678649836985995,5.629022360972368,259311.93923607667,0.00013765529237229565,6.628182300355039,443,495
AHVK6E5LV26567B2Z6JNDM336G2A,6.054078025279108,-17.439278119750178,3.5206065980130177,0.7132733495882856,4.403249670632911,12100.789716373014,0.0019944058575927298,5.558248382178346,164,169,0.21129769697272793,-21.366097216473893,4.339913099818898,0.6651247722577611,4.557686625841988,24089.525572407303,0.0010665108831249693,5.619370582204563,164,169,-7.200808767804425,-27.957532545609762,4.403455183669346,0.7061083480755747,5.061262731798942,67709.8018460978,0.0004530909434718034,6.085327565934173,164,169,-9.93914971596925,-33.09762738655771,3.7717362747909666,0.7371261238998986,4.873371694048859,38767.11439419863,0.0007547654770646973,5.900671669202987,164,169,-41.177106496345985,-28.382982495502716,4.1508293513198975,0.7273806219449057,5.151929628407657,261761.43691565562,0.00012221233870318013,5.774876950174906,164,169
AHW4RM32F7UDMQ5ETAMLLHIPSZHQ,8.188011233717683,-21.95899383362679,5.926771863461984,0.5345002528778983,4.553731065866854,16086.562852203593,0.0015287785035885688,6.522043108791406,180,168,2.5454816752292153,-26.476736651745266,6.845002024596161,0.5095601615456098,4.802264871731961,28621.077171866633,0.0009515787128674643,6.854924971427958,180,168,-3.897590224380834,-33.87895416019715,8.604683256923517,0.5217509306655456,5.492336713936236,87181.13135962095,0.0004029487945721691,7.476805023761746,180,168,-4.426647122326311,-46.52401109454587,7.953072037386018,0.48407335735727897,5.065747172028791,61898.43107751815,0.0004913023033641794,7.180081119414413,180,168,-36.64294721946728,-37.86971436196231,7.687513899684627,0.5428853944729397,5.369873150046049,277239.08991011826,0.00012342845342791137,6.971262873894468,180,168
AHWFAMRETIELDXF3D26JA4SRA3FA,8.683674548759747,-17.455188066799522,3.4415006594337534,0.9148014873474625,7.109730752778833,22873.346965914032,0.002600317221601747,8.398473580742222,202,219,3.7998568471293837,-21.246581631907745,2.7124173046150735,0.9281885016720622,7.147383115881725,45166.60376344556,0.0013167717115642951,7.857192097861908,202,219,-3.0920249522405996,-26.658521153224434,4.319571922902811,0.8971072534994039,7.730031424108319,93726.64415986088,0.000727848674140459,8.956800802993884,202,219,-4.458076798685052,-32.902677476343236,6.576355510090567,0.851305664280418,7.660670014021675,63078.572089674024,0.0010923689297696714,8.790081823952939,202,219,-34.21924988668489,-26.893263521302632,4.24063647824529,0.8984778614612048,7.724029136215326,278000.7826978826,0.00024648276080703094,8.7259263872157,202,219
AHWJGIMDAMS4WBLZAGOYMXYDSDLA,8.867426430411708,-17.5339687479198,4.538492646622615,0.8451471317921732,6.269838232526986,19442.525472297995,0.002390519059468459,8.157227305970643,310,266,3.481805549910649,-20.833305168066264,4.146897818746591,0.8484721713461308,6.157005745202921,32630.636270161074,0.0013943162178036463,7.5701923636152335,310,266,-3.601626013730726,-25.712949110224773,4.610492917818154,0.8525034809978618,6.8456166480220935,76012.26341914826,0.0007216224491931962,8.448951174259356,310,266,-6.051423123817033,-30.879318425424735,4.8295786374782015,0.8488529104411078,6.72728304151549,59280.3216754727,0.000900774052226031,8.355973924131565,310,266,-35.807442988411836,-26.41836600918066,5.141522635059021,0.8350843111204659,6.86141141404626,265146.8670661268,0.00020722318995368609,8.152325645515955,310,266
AHWT25SVYZLTMOVG6O2EG7QZHL2Q,9.60295738410159,-25.54872149261008,6.034864405959618,0.46700059442572184,4.326699472783973,14151.196486640481,0.0015547637167994794,6.228858529645655,103,122,3.544121920059884,-28.331355846272036,4.714274202529387,0.6293822695601163,4.745336253469153,30624.765386569226,0.0008479429433774536,6.314729377072777,103,122,-2.1051260622508305,-38.26991269812215,7.519353049283316,0.48494527440416635,5.146137550850058,80541.19309333293,0.0003769575037288803,6.777531192961406,103,122,-2.48713064663776,-50.06969013985731,5.901308166555484,0.5526730892108314,4.858269734612926,46501.92125071383,0.00057898331871206,6.63562571367942,103,122,-35.04077966672887,-42.74726822549981,6.109978718426179,0.549012809689592,5.104963388880879,270401.06574846525,0.00010821319427716678,6.604967268667712,103,122
AHX2B4DEER2QR3IU3CCNB3CWC6TA,5.791337868741122,-18.410292736063365,3.929186173773093,0.6393186799053217,4.356260921600012,14683.35738657247,0.0015102176325171295,6.264904306849306,220,218,-0.453252612904199,-22.840781146081053,3.4027855320391636,0.7145554906430999,4.607746781266212,28881.502766801328,0.0008405651720725326,6.510978094419775,220,218,-8.526040240870275,-26.256471715452882,4.0197959125673774,0.7280536056939002,5.1492614058660715,66752.92562948861,0.00044952382002612444,6.945019044223524,220,218,-10.786287976907232,-32.99565931594587,3.6634253956856146,0.7218511637993056,4.877331627567078,44458.74458177048,0.0006145493158779948,6.827847589795068,220,218,-42.16652690015871,-28.01864279427892,4.163017183440358,0.6977927020386209,5.157537197004083,256611.4042663981,0.00011674849878644787,6.539303490034832,220,218
AHX2FASTVBGC5KSGAH7YCAIIVYJA,5.567613867507829,-14.826924199408912,6.891685640479059,0.6123489704461084,5.200843487929383,20523.388655749684,0.0015580108963877746,6.64633053660442,119,102,0.39658215601806707,-21.97156790446191,5.231844956497334,0.6997332002294863,5.288487448707783,45065.4698320446,0.0007257748799943929,6.591012278001205,119,102,-7.227196919596278,-25.19365967346486,6.379608504084909,0.679919995825639,5.9084285096188935,93759.19831460509,0.00042458511302472446,7.170888073433572,119,102,-9.110585859155579,-35.027878905078936,6.221295103461189,0.6808094623131276,5.629181314928296,70097.79050985424,0.0005316085228481198,6.983210004226649,119,102,-39.9949519350582,-27.591440533437805,6.583546915408489,0.6677728562179978,5.8582063464575045,289989.15974388877,0.00013712628983426474,6.677617315152615,119,102
AHX7REGI74RJYU6QNM6CHKH2L3SQ,6.166016564540827,-17.167614964692664,4.967379028717232,0.6455222531482119,4.754785092411803,17421.818911801267,0.0015438338276332533,5.848431031226322,123,124,1.1227200767126366,-25.085171633504302,3.7988351257877264,0.733268867476758,4.905434481117647,31565.53950537353,0.0008943279479957365,6.218892550565224,123,124,-7.492931435793819,-25.69268601721099,5.764537187920887,0.6918774624168644,5.764849311073364,81525.31148973524,0.0004674116443215576,7.333658666386022,123,124,-8.151132613346633,-36.92392672041739,5.170506476619346,0.6642975188377569,5.209337890180703,57278.54406133562,0.0005465418076542555,6.638939027187047,123,124,-39.85480575959501,-29.342618540226347,6.258595877527062,0.6364341997796127,5.558064155885243,253671.29828906857,0.000141156622244017,6.602424581393147,123,124
AHXBO4WJP7MRUNRXFGDL3KWYWPXQ,7.481055429194622,-20.433461996464484,6.753106847909896,0.5950011064560914,5.022296254822476,23285.759405217414,0.0012812063552199513,6.38646846327194,111,121,2.2349927050842164,-27.06647913441337,6.20684587209749,0.6227165625388772,5.086566479791259,42725.490727806326,0.0007161254157128023,6.253293795982436,111,121,-5.644059864144019,-30.878071077729214,7.730534236990455,0.5944791212508415,5.660649336068657,90954.8847324993,0.00040724040256584276,6.778328880484165,111,121,-6.586094910105824,-40.316937683539344,7.66641737913639,0.5956406626049064,5.587982798032538,68078.01691169705,0.0005315821686275368,6.814478154651896,111,121,-37.81066717362896,-35.69949302570297,7.528247114036602,0.5790102739998764,5.555911753567384,278365.11173967505,0.0001270467437089774,6.368016886801883,111,121
AHXCOH4ABGDUF6PLAWTVRWDNTIVA,7.43984383305833,-16.33462766041342,4.437756060739362,0.8038307166524241,5.529574722714367,15048.842043854263,0.0025195498045503155,6.560271509265864,259,233,2.112264003158632,-20.758821975188674,6.7358807376177,0.7291511665466746,5.895113192072338,33774.53657886393,0.0012700639004582482,6.740501652283737,259,233,-5.338851845944139,-24.220661729786883,8.31465862247223,0.7029842667815446,6.522496987609075,82198.92718359687,0.0006134432926056617,7.583421712257445,259,233,-7.192164876358464,-30.55983650353495,6.7129123129292125,0.7455493562612052,6.237611180771312,46970.31013659033,0.0009909838879318502,7.084723786733939,259,233,-37.30064277847891,-25.66329153000433,7.760024138726098,0.7259290234841002,6.561075581060618,256958.36278464054,0.00019980866043376794,7.108375277504125,259,233
AHXY7OKWZZA2AMR6HYTRAN2ZIL7Q,8.495195902950794,-16.372878009055622,9.283089773930183,0.739444002246118,6.5680772625306325,21063.563168090353,0.002567899209241993,7.6699006272315,252,217,3.403480040318263,-19.912239344766995,11.40457554523484,0.6884483750343386,6.7769906614586155,42980.90740618718,0.00133456311021854,7.440154575022573,252,217,-4.175972893678973,-22.980010923228388,11.822267141533384,0.6810887826955303,7.181917911011452,82246.45376856741,0.0007603470120533884,7.943775270710614,252,217,-6.697583173435795,-27.518028087379577,12.160294018910411,0.6913168607071821,7.148540765220294,55937.108196402354,0.0011326888997786001,7.941632125692794,252,217,-35.65894189944508,-24.480775598544728,10.18897440353039,0.7261255247171892,7.181426034673351,273347.4787469681,0.00023134497924914935,7.646021887487653,252,217
AHY2TURQPNIDXZGH2CMQLZ343YMQ,5.308941967449616,-15.993595462471767,3.4091075505571515,0.7261498637359451,4.432851342352554,21233.294473046037,0.0011644058280391566,6.944002089570337,159,147,-0.41873997691607096,-21.98004641909984,3.5095373807292636,0.7356741399421434,4.685537965294539,35999.00209136897,0.0007436256570268596,7.216866590340666,159,147,-9.880383754791428,-23.565131368838394,3.423263959265659,0.7554267666186818,5.098608261573943,77425.48240246745,0.0003940321983667016,7.363862574380845,159,147,-11.835338623124418,-31.61038497101462,3.474443222041931,0.7482689666002578,4.845561951358899,54539.91602307514,0.0005225384006285215,7.415219026439039,159,147,-43.33945137093582,-24.60633134000914,4.198531976813224,0.7094295984707937,5.166212535287431,270263.67128598137,0.00011692243470118765,7.18071936286267,159,147
AHZ4HTX77PTDYAZIYLJLERY2RXAA,6.587513979363711,-17.89962033944175,2.7919533745852942,0.8091676331471179,4.769201837051586,12962.454109925317,0.002085951329689242,5.980085950222584,158,145,1.7205859153228882,-23.573824353924365,3.067640464086093,0.8066847992215584,4.99267049651419,28339.42918105626,0.0010493967940066497,6.082878891301999,158,145,-6.253421183422964,-26.477478674292904,5.205252281627796,0.7198688443885087,5.5909531024867,76153.38491455039,0.00047821168811768835,6.976107939827988,158,145,-7.9202610982992905,-34.415482216217335,3.867702130562364,0.7710345528966188,5.277556473217136,40513.8094727482,0.000799761789894489,6.440341374497899,158,145,-38.113744392223,-33.1299303859827,4.964696224659089,0.7031523375790056,5.412402141397606,254914.59913820119,0.00013204870805255973,6.426836453316703,158,145
AHZGQXTGR3WB6CQR3PP2TB2YPTUA,8.191945129547326,-16.261601537565355,1.3854161322169967,0.9200284471706413,5.292826915939456,12642.731036789442,0.002633792091265099,7.3606450231477965,2019,2072,2.698929236022399,-19.580592424391853,1.6910930126039652,0.9119323160996917,5.567781837163725,25458.381449874527,0.001442548965858982,7.448346429685633,2019,2072,-4.5174307924656665,-23.59469788918113,2.376660942946676,0.8957302720147196,6.259559068241961,65727.7255522825,0.0006885620014563873,8.301605525289073,2019,2072,-6.610359616131213,-27.88466149016962,2.1486182057456076,0.8971920659058968,5.912182880159309,35083.86179566467,0.0011699636954330388,7.792140905187583,2019,2072,-36.74446539887724,-25.600171678555817,2.1225940991478462,0.9023902112324326,6.182295941605494,244461.35573188894,0.0001812345630673871,7.681323947471897,2019,2072
AHZGQXTGR3WB6CQR3PP2TB2YPTUA_1,8.65736194199351,-17.02119633296493,3.1920138266731124,0.8222641056196784,5.340876299674054,12252.611434010278,0.0027754294173217386,7.343907348087783,833,844,3.2003517431432664,-20.482978537550725,3.012939709354847,0.8451501926720925,5.592560119211001,25891.08751414798,0.001425261091588477,7.410892672095065,833,844,-3.90109772014291,-24.886578504567936,3.8707949723081083,0.8327271261055729,6.2926685664695565,67784.57782863425,0.0006757029356574117,8.237903311814424,833,844,-6.173522533545475,-28.497717709776644,3.900741981463813,0.8198704370220923,5.945449234182456,35706.9837504123,0.0011713929351990686,7.776737022931863,833,844,-36.05256991487949,-27.115377281547527,3.561303331447235,0.8379512094846473,6.18710104474293,244607.2073814223,0.0001824929726462892,7.616622439142933,833,844
AHZGQXTGR3WB6CQR3PP2TB2YPTUA_2,7.91963222093465,-16.12427075510572,1.4147551871978905,0.9152662392073168,5.239108046837794,13055.510320945468,0.002488652469200744,7.381226279468276,1227,1271,2.3635570883167007,-19.38670033504959,2.1831855263672995,0.8837902378681928,5.526124842302321,25668.36190076037,0.001410815780169201,7.4831066179721715,1227,1271,-4.913937523252974,-23.254115142748073,2.3397820093358725,0.8954465025731845,6.210425435368784,65680.56442254598,0.0006769216780669919,8.341719967910175,1227,1271,-6.863663849492778,-28.250520661779884,2.4053138107669487,0.8807169349916922,5.865511587060235,35639.18749304224,0.0011261367708150598,7.804197082350267,1227,1271,-37.27194307651773,-25.086056687541742,2.1421856267256962,0.9000695294509359,6.155859962635065,246483.2679895493,0.00017736263140674815,7.734945504246586,1227,1271
AHZGUAU2CB7EFW4YU6H3JHGV4IIQ,8.609814850813112,-15.670449519943315,6.358419435761977,0.8203228613837368,6.524016714866414,20497.349595109637,0.002653827811753168,7.0493411589437205,239,258,4.0156863870267765,-20.45309160034413,3.2556234723802118,0.905023547330109,6.658328886019181,39633.19822160697,0.0014091355991027717,6.894147019016049,239,258,-3.3233112616521088,-24.187879322721294,5.437268449623999,0.8513691209087257,7.168664248725317,93437.01427186074,0.0006793853837711375,7.445165327097737,239,258,-4.596094608131243,-31.379042339387645,5.526382616005152,0.8603993782917851,7.021417495133113,59442.63337489483,0.0010698891945405656,7.323488100071534,239,258,-34.50969029654461,-25.823846624153894,5.444168324533058,0.8413924638420186,7.026421163027925,264745.1378851451,0.0002301760541716367,7.1594850115662485,239,258
AHZQJGJ6VCSHEZ2WA3YKZVGR5IDQ,8.59358171959445,-19.255416249560056,3.383488810114929,0.8664917811173356,5.853088283876893,16268.646309707758,0.002492824143251974,6.326337986137887,158,155,4.006642679681507,-25.226017583320118,4.058337326981873,0.8475141517643667,6.11518912167193,41812.45644500044,0.0010481594842487603,6.206145800763669,158,155,-3.9111836708683003,-27.041005376374,5.8861722045608476,0.8048569986305205,6.732183151920444,91565.8886011428,0.0005759970646940437,6.841293318879606,158,155,-5.83730256692976,-34.36604561458757,4.271021353879033,0.856122091249601,6.485723499726136,65288.83431053953,0.0007648930454450923,6.649091774844127,158,155,-35.37626520643165,-30.14693336262746,5.784417967847324,0.7974509737541993,6.589286341353862,265949.9896045806,0.00019259246765185079,6.526109516643141,158,155
AHZRUCQACCVHJ5W7VTYWOTZICVAA,6.7763499703764,-17.296037977408176,2.4817217073481985,0.7741336380508983,4.434339121097291,11473.742280737377,0.001981500893446737,6.475924670780449,269,284,1.0661783962293436,-22.600750931115698,2.5320475922792545,0.8093975505095705,4.785791505788801,24839.35304978591,0.001060259958869386,6.598041600289569,269,284,-6.76797190031819,-25.772378384156983,3.181252585672142,0.8147490287454016,5.462544332202777,66123.44188793706,0.0005158459814315937,7.293125581190202,269,284,-8.773283278593098,-32.45142278238177,2.494792354000666,0.8261608356433144,5.048424302703995,40511.04231739726,0.0007174322846417639,6.952528497321178,269,284,-39.41591454455392,-29.62094836428436,3.1967836738821402,0.7959636601106371,5.308774740773199,246101.80573262146,0.00013037127160476364,6.7596955508058985,269,284
AHZTEZKKMQTPNZW3AYURV4YDN42Q,8.139219854635874,-16.210590444227524,5.124575144900769,0.8360558460052772,6.431389938717995,18393.841497317233,0.002679616609873669,7.0791080413867205,351,341,3.026626209822938,-20.580395202906008,6.249721790837268,0.7992362925397231,6.5474364998657295,39784.246819005195,0.001292948740256065,6.73654897360536,351,341,-4.594349120510402,-24.260973860908443,5.363198828337333,0.838331074539634,6.978562799996159,91503.68151767289,0.000620907406771095,7.409897836443538,351,341,-6.809488065104624,-28.94593270004231,5.996275720176161,0.8293658201469878,6.99153108973111,55604.16588317028,0.0010429792566190208,7.42266294782352,351,341,-36.49978760994727,-24.128856935199998,6.36087063317275,0.8211115881805171,7.10843589731838,272631.2960904585,0.00022067821607441262,7.263766042294135,351,341
AHZUGNMXZS6QEGBMVOIX6HDAPGHA,7.609610999836441,-17.02870980085646,4.843618646185041,0.8462052067038124,6.422665673123942,18756.085851334366,0.0025912178261948437,7.935550885468785,186,181,2.2302284183834518,-21.87969860924044,4.47784943129546,0.8475004567659568,6.326324440603835,42889.29431795729,0.0011141100268739488,7.3028111779300335,186,181,-5.149309627886161,-25.855271040285636,4.643195244898359,0.8569107410546732,6.829672794558747,85896.53139237176,0.0006315837966502731,8.291907728053788,186,181,-7.278467359647036,-32.55274853993241,7.048702088644364,0.7730340809521248,6.620336065124516,67627.2153876313,0.000756846345240799,7.953525383890177,186,181,-36.62491819338645,-27.863162972430125,6.064858594679916,0.8094380404226227,6.791870264535636,270860.7896183491,0.00019933959242516856,7.944515829707049,186,181
