uid,V_u_A,n_A,n_B,chi_hat_B,chi_ub_B,C_B_LB
AHV6H47Q27APRA4MHJXBNUXX6UEA,20,44,71,0.13038229376257546,0.42294399780630565,0.5635983795530349
AHCKJN7BM7AH67UDRPN3CVNHHRTA,23,58,51,0.1380392156862745,0.4842028922067315,0.6097335482929176
AHUBGR64B3GHNP33IYL4RW6YNIGQ,23,60,55,0.13198653198653199,0.4650826850244594,0.5927528573416417
AEIJL24A6RZD6PE4LFOYLHMB5BOA,27,59,47,0.07678075855689177,0.4376813394444211,0.5340466336049297
AGAG2PQ2KCR5GMH3CMIBKCBOZQSQ,19,63,74,0.14216956682710108,0.42671435613641323,0.6710018905837396
AG2YYEC55OFZYRI6WAZ4A3267W2Q,14,53,58,0.12764670296430733,0.44905160784469667,0.534939799972405
AHUX7IEXVU62RIOMQQ773RNTZ7EQ,35,121,109,0.13387699626231736,0.3694115448625878,0.8287030655796698
AFL5V4KMZMLILUIYATP7RHN2BTUA,20,53,60,0.08870056497175141,0.40470332200371106,0.5848581866522475
AFCHDDQ4PQGOSYA66FSK4KUAOUDA,25,121,108,0.1292834890965732,0.3648180376968436,0.6689526305057687
AEPSNPZWAOSASXZW6F6GJZD4RZ6Q,26,59,51,0.14431372549019608,0.49047740201065315,0.6097335482929176
AEBRHRPGW3XTHRIST5JBCSBRV2YQ,22,59,56,0.14415584415584415,0.47124977308332205,0.5398826411842328
AEGZSPOEFGEEXIKTIPZ62HCJJILA,19,55,54,0.1453529000698812,0.4784490531078086,0.5655798297438002
AFLQ6X2P5FJIO6BG25LEO5BY6NUQ,20,56,56,0.12987012987012986,0.45696405879760776,0.5790110416470615
AF6QHJSY6N5MMHTC5L26QOTX6K3Q,54,375,324,0.15972938883155602,0.29571532386937915,0.910913563832642
AE65YJ4S74KNCPHITVS2RGW6HZMA,16,48,58,0.12462189957652753,0.44602680445691684,0.5916522758635323
AE5ENPQDNKIJMBAKVDSJOTU573YA,23,124,155,0.15877670716380393,0.3560217677920986,0.7332745124006698
AE5QZEEWDFEG5S46RP5DHOGQFFPQ,26,71,68,0.13432835820895522,0.43116126196389265,0.662303804618508
AFDRY7B5ON4J7XFAJOTBQNWCAPPQ,18,75,77,0.151742993848257,0.4325188115932476,0.7800762083553834
AGUJGT64W3FGFMJTIJBYJFPLUDAA,20,103,106,0.1852650494159928,0.4230112385430005,0.7177925093447484
AGAMBW4YURLNKK5KW5EDKDC2ZMOA,25,59,52,0.13650075414781296,0.4759421659698958,0.5512847671309347
AGHCMB24BP3XPSVIJJ24BNYUF3KQ,22,85,99,0.1908884766027623,0.4381482455459459,0.7113692173816772
AGT2KDRLM26MXIDQTURAONUUC3YQ,17,44,56,0.09610389610389611,0.42319782503137404,0.5990868734757044
AEOOVIA4OZ4YXXMOX52QKRFPI44A,34,104,103,0.1102227298686465,0.3525857808914017,0.6875481944825776
AFWAQN3ITXKIYH3ZEARLO7PJLINQ,24,94,74,0.10699740836727138,0.39154219767658355,0.6551919915722424
AFUU7IDCZCKYQN4XFG2NUS2SB4MQ,26,110,128,0.19438976377952755,0.4107420616048132,0.753836517611057
AHQLV6Q4IX2WPEFGJW3HFIYXCYIQ,33,151,153,0.22291021671826625,0.42144870143894725,0.816125009160727
AGKBFSXT5MSPV2DLOXJ52CES22EA,38,346,310,0.1396179141872847,0.2786405921598763,0.8241717019056796
AET3XU3MM3F7EIVNMOR3L3WGA2LQ,24,87,67,0.14880144730890998,0.450098254237348,0.7119581267464503
AG4DR3M7IIZN3Y3YCCSSW3BJZL7Q,21,57,52,0.12217194570135746,0.46161335752344035,0.5725168389739189
AHGIDR4IJFS23Q4GTZ33FI5LYDSQ_1,104,1959,1969,0.1130392011131894,0.16821567587764782,0.9066688897475788
AEX2FAB4OAZBA2MWYMQPDZBYWD3Q,40,216,197,0.1410442349528644,0.3158832942872084,0.8239575489721223
AESVYYXWEFTU2N53XMDLBA45DDYA,29,131,118,0.13428943937418514,0.3596227997107676,0.8075342274001257
AFAQXBR4VC67CCGJBTSIXE2TASMQ,23,62,48,0.1702127659574468,0.5235145888578525,0.5422702516062894
AHK2L4IXTHN63SWGMDGQERGEUP2A,17,51,51,0.13019607843137254,0.4763597549518296,0.5018827343627887
AGWGWBQWVHYNPPXU2MGPT55CCUDQ,25,86,87,0.13071371291098638,0.39466104176322603,0.6487170645418534
AHL5NDZ4IEYIQJVI2PZ66LORSVHQ,29,107,138,0.13551253570295144,0.34387858322905884,0.7794036599171795
AF42QWADO6J4PFNPBK3OX26TMW5A,20,56,66,0.11561771561771562,0.41691452254615363,0.47198295207606744
AEX7WYICU67C57WTXC4HTJEKRYEA,22,59,45,0.1595959595959596,0.5286076786482259,0.54077704353994
AEKD5GQ2WB55LKLFB7ECXBCXE5LQ,19,56,63,0.1817716333845366,0.49263579174531413,0.638521373596947
AEGUMA7C7RCKZZMFDM7SGENNPHEQ,24,83,83,0.15985894798707023,0.43016736594402183,0.7948752630685193
AG7ZCPDIT7UCFJYYA23SOBDVJQUA,33,86,110,0.1170975813177648,0.35048108441762715,0.8180263266185924
AEOGGJJ6BOOK4G6I4XVUWGRIFHLQ,20,57,78,0.14185814185814186,0.41901089403615277,0.686288655265838
AEIIRIHLIYKQGI7ZOCIJTRDF5NPQ,59,1032,1030,0.15785709568154585,0.23412606624611176,0.8982758577137793
AEUJ3FOUSGG2XIDTPMGI2SHTYYEQ,23,59,54,0.17540181691125087,0.5084979699491783,0.6072556800279818
AGAL7TBNIA5LBEDTLYXPUVI73EGA,19,49,54,0.08106219426974144,0.4141583473076688,0.5253792589868966
AGVAFSJVSPGXMBKR4N6PEOAXNGFA,21,59,73,0.15753424657534246,0.4460039770090567,0.6669469725343722
AF6XC4E3EQUHTIFENI7UCZZP2W3A,19,56,54,0.08944793850454227,0.42254409154246964,0.5453077325986742
AEFVTTFB7NFHCAZVLUULL3YC7WMA,36,144,123,0.1482073837131814,0.36981596915207937,0.7348386390076722
AERDCAMJOVIBWC7P3ZRCGDXSHBXQ,34,158,166,0.15129609346476816,0.3412780924076607,0.807408842889888
AFGWCEWI3OHN7FY2LMERQCWMGEDA,18,45,65,0.14423076923076922,0.4501991230658713,0.5125947916301135
AEENPBAQW2HUWECL2FQNMHE4V7LQ,25,86,77,0.12679425837320574,0.40757007611819634,0.5937000973645677
AFUW2GXCX7JQHWKDVTGDPJMHH3MA,18,57,59,0.12857977790765635,0.44998468278804565,0.5057611592104926
AH3QVJC4HE27T5C4YYQKCHTK2QJQ,26,62,40,0.14615384615384616,0.5331766021743412,0.666590331375415
AHKMC6HKGYSGHJDP5GW6RWQSTRGQ,48,405,388,0.16721276539066038,0.29147828327814723,0.86465149011826
AFUMSQC45PQBCIMVH52XX4YMAO7A,9,47,57,0.19548872180451127,0.5225826507319892,0.6885100653153211
AHUCKCTVD7WAARGGJSAVNYJ7XNQA,44,295,255,0.14874170140497145,0.3023269972468922,0.8529957045516713
AHKJSKH6YVZBHB4RWPMNZ35XTSWA,24,74,47,0.13691026827012026,0.4978108491576496,0.5573789001307583
AH5QXFJMHWDY4JTLDXHX7D7CP4UQ,22,76,87,0.1045175086875167,0.36846483753975634,0.5974126680135976
AFYGP4P2LGVKLJSWQBS2UQUNMRTQ,24,129,124,0.12509834775767112,0.34491250216242564,0.8484263195235853
AFX5IGBDCJTOVQYLRYGN5CIRNXQQ,24,65,65,0.2,0.5059683538351021,0.6305683180015698
AHUPEIJQN2Q4QVUFILFTMR7EMJ7Q,22,65,41,0.1402439024390244,0.5272666584595194,0.613334395926481
AGSL6AZFE33KNFOXBRS46SYVPOKQ,21,58,46,0.19903381642512077,0.5599343973126502,0.6499958464343762
AGG6GW3UXEHSKNM42L5S53HKF4VA,19,51,50,0.14857142857142858,0.4947351050918856,0.5360430080307526
AHK246ZALZYM5VHTAYNN3NZNDPIA,18,58,50,0.10122448979591837,0.4473881663163754,0.412814626846398
AGI7VGGY6KHYC3RL2LFTHFYHLSGQ,23,66,87,0.14862336273723603,0.4125706915894757,0.5724531435244369
AFHRBFA4AXNH4BI2WYWQNSSUXLNQ,23,59,57,0.19736842105263158,0.5244623499801095,0.6459764496621503
AGZYQI6JEAM6SRESPT47MFZTH5YQ,13,48,59,0.21098772647574518,0.5323926313561345,0.6979817325134463
AHBWIJ4QQRF42MJW4FKDCG7TOTJQ,22,56,50,0.061224489795918366,0.4073881663163754,0.5801946695959669
AELDZFZBYIQM2S7GTSUJYQFB4LRA,23,66,52,0.21644042232277527,0.5558818341448581,0.6858421750778491
AE4DGEQFZNLTIUBHZLR4UGIBPCKQ,21,69,56,0.14415584415584415,0.47124977308332205,0.5207874240069754
AFCZZIKMW5WVWXQVPWCQFLXF2YJA,22,51,58,0.14216575922565033,0.46357066410603964,0.6721062867460526
AG4F2ZYQNVQG7M6GYNFPTV72IR6Q,26,75,82,0.10569105691056911,0.3759994748675207,0.6158304855979284
AEE3T6A7BRUSROQJ3OXHFXVJINSQ,22,57,53,0.15021770682148042,0.48965911864356326,0.6911218122404608
AFJQ7PUOS5R665KP35G6XAQJ7OOA,18,91,99,0.1370851370851371,0.3843449060283207,0.6994629030844454
AHLERJU22LDSKSBOBPFQSQDZ6UVQ,21,50,51,0.14431372549019608,0.49047740201065315,0.6326842387742619
AFULMP5FW2Q3ONUCFOKVURLJNWSA,19,73,76,0.2150877192982456,0.4958635370432362,0.7266912370439268
AHUWQT5AKAF6WGOBNGDXSH5QLBXQ,26,100,92,0.16196846631629241,0.41716371439602856,0.7990941652759639
AG3AOFIHO3UGRYIVDWWB4VQQXZRQ,29,88,82,0.1583860283047275,0.4286944462616791,0.7149453447474956
AFJWF2QUDYVVTT5Q6UTEBR5SNENQ,36,147,121,0.18154269972451792,0.4049903920954615,0.7504442259298365
AGNWFBNXATPJXGLZ24PZ42I47Q6A,35,139,149,0.1436604389624524,0.34486398903436444,0.7624352524539011
AHID5S4JG4RV2QIELUKZX4VYTJ3Q,23,81,89,0.1404494382022472,0.4013801270814098,0.7355922142325941
AFPM4D74WWLFUJC7UGYUBK5FY4KQ,34,143,135,0.10934217799889441,0.3207952980830945,0.7135238850919079
AEF2IJS3DKNREFZSMNYOEP2IHQCQ,20,59,58,0.147005444646098,0.4684103495264873,0.5724451086946694
AGPWOAP6AQMZBGXGAMONUTG6MUPQ,19,51,57,0.15162907268170425,0.47872300160918213,0.5279666876087183
AFAULPBMUOOX3XXRPXYWEN5MFTLA,23,66,59,0.13793103448275862,0.4593359393631479,0.813128071136272
AF5QVEMAHL2ZN7BTEQ2QXX6HJSMA,67,416,423,0.13002364066193853,0.24917809205585725,0.850538899101281
AHIROBPKOELF4WANNKCEDAKVRW2Q,30,94,117,0.09917477158856469,0.3264423593361052,0.732309956592881
AGV7MJIYWVS7UVMOHQW5FYIEQC3A,35,160,160,0.12586477987421385,0.31937615788446133,0.8159738133036913
AE2A3YEXH2AZOBNQ5EV2OYZXTEXA,18,61,48,0.18882978723404256,0.5421316101344482,0.6889832581262322
AEX7XGYOI6YZR2LS63EGJPXVXODA,27,65,63,0.1817716333845366,0.49263579174531413,0.7781137699062645
AF6AT6CU75HFF3TWERXKIRKE4VNA,15,50,61,0.19726775956284154,0.5132705165948012,0.7068991177410002
AHKXLKWJKWHMQMPU6IOKT7V7X4XQ,34,102,75,0.12864864864864864,0.4131934379579608,0.6286905822814648
AG6WVGUFXMF4LIAR7IDGHQV2DI5Q,17,49,66,0.16083916083916083,0.46213596776759885,0.551181474480534
AGOCGNCMX5ERMMXJUYIWEVHJLA5Q,21,84,80,0.1860759493670886,0.4597423646226873,0.6495605062054225
AGQ3W32M4PSLHXUBYGJUKRLME5SA,18,61,60,0.18587570621468927,0.5018784632466489,0.6419685209161736
AH4YB5ZEFH665NEW5CYWR3IRP5GQ,21,62,59,0.14260666277030976,0.46401156765069906,0.5600866405542735
AGXFF2FNG5W6EJP6H55EDLIC26BA,19,66,74,0.1480932987782303,0.43263808808754245,0.6396027652906691
AGYNSON76GT77CALAB2ZU5ZUVUSQ,33,81,91,0.10695970695970695,0.36497487764003694,0.7142344366444231
AHNUSETJLQ6B2XVIZ6K46HQ7LKDQ,25,59,44,0.15961945031712474,0.528631169369391,0.5570410947782973
AH2OU52CNFVSHVSDFK6TJLWCMDFQ,28,64,59,0.13676212741087085,0.45816703229126016,0.5976975571345595
AHOB6DWWDUHGACMKP2SXX5GHTXDA,37,121,121,0.15826446280991735,0.381712155180861,0.692355093646648
AHZQJGJ6VCSHEZ2WA3YKZVGR5IDQ,44,163,150,0.134496644295302,0.3343543361180584,0.7403941460207673
AFXXNBWCNHQALN6XKWC7Z2JMIKLA,20,60,44,0.12050739957716702,0.4895191186294333,0.48364709218848323
AGSIU3JOYC6CJLFFB7APDN3UGSHQ,44,291,317,0.1643972367527852,0.30209375393923554,0.8390434597777295
AE46WE4VZX7X436KTCVZCWXQ3VGQ,17,59,55,0.13602693602693602,0.46912308906486344,0.49434426168028306
AF7KGSYOWNJXJ43I5M6XQERPV3XQ,24,95,86,0.12065663474692202,0.38460396359916166,0.631893327701744
AENO3TJLMOSK43CIXEGYJWRYAMGA,21,70,67,0.1483491632745364,0.4496459702029744,0.5732415229318435
AFV7LKHKY7TF3GKWLEBIWI47JSDA,50,240,303,0.10145782790199549,0.24230983030106595,0.8202530292154302
AHNI5KVLUYWSR74DWFGJIO2DUFGQ,17,55,47,0.16651248843663274,0.5274130693241621,0.5812352083539684
AG43PBRTELK3SL3WWPB6CEKFXVPA,30,119,114,0.14516379444185684,0.374416289637828,0.7789832482794063
AHK6NZZMLGYC7CJCD377RS5ZO7RA,21,81,80,0.1110759493670886,0.3847423646226873,0.5134158711019878
AHXL5367RETZF2BEVUQMHY7E2LPQ,21,58,69,0.2237851662404092,0.5206180699953467,0.6839845127547902
AE2GO5B2SWCBHIYMOE45YWL7RQHA,42,272,282,0.16001615305015018,0.3057773556427261,0.8579382328935201
AHULII452V6BL77K7R2CDQL6W57A,17,64,58,0.21173623714458562,0.533141142024975,0.5916522758635323
AH5ONINJRNZ674DXUMV4RMYIFYVQ,35,261,255,0.14763007565230818,0.30121537149422895,0.8675712427660619
AGRY3KTGY5Z55MACWOOAEW3QG2TA,22,57,48,0.07535460992907801,0.4286564328294837,0.6374441886844464
AH35V4IYG4OQVPZ3KO2Z6AN2ET4Q,29,126,109,0.15868161739721373,0.3942161659974842,0.7249850801878084
AH4IFNFCPIZXBOGTSA4ZHDMXFJMA,19,53,49,0.1488095238095238,0.5021113467099295,0.5728493353252115
AFXDUGHE725YBOVT6PQPGH4DJDBQ,19,47,55,0.12121212121212122,0.4543082742500486,0.47557989721527144
AFI4OQK2W6FV2UUKOD2NTTBPJP4Q,20,68,56,0.13246753246753246,0.45956146139501036,0.6617228619761635
AEEYSOGH32OADSTY64CSSLENPFLQ,19,46,55,0.08080808080808081,0.4139042338460082,0.5327403589678239
AGAVFN7CIWVLIDLJSMFNLJWNEDUQ,25,58,84,0.1927710843373494,0.4598421589488517,0.5976385369641463
AHKGGFWXAEA2DA7RDLFUFLJDZCQQ,34,131,130,0.14358974358974358,0.3582713422979411,0.7950224589823416
AH2DN3Q2OKAW7JAFRIYPHOUOM2ZQ,46,235,231,0.11609260304912479,0.2774922494458602,0.8225806806866174
AGN2JLIYFC6OP4HCXZGYIACLV4JA,20,62,60,0.16892655367231638,0.48492931070427603,0.5664414062354267
AH5KRM72WDRDNOETMZYTOWQGKWLA,22,75,75,0.12756756756756757,0.41211235687687975,0.6439071524268346
AEYVBSVXB2M76M3HEX4PNF7GWK2A,17,53,62,0.12585933368588048,0.436723492046658,0.6522318894499091
AE3KSRSPVCHRSTTRLBNCPOY4TE4Q,23,71,66,0.08578088578088579,0.3870776927093238,0.5349679685672952
AFA5ZLUMSIGKIIL6LM3RAQIDXCNQ,17,56,49,0.21343537414965985,0.5667371970500655,0.5728493353252115
AGOWD5ONECVVZCFHBZI3VV36WH2Q,21,55,69,0.13768115942028986,0.4345140631752273,0.5841054594245085
AFTEW2R2HDET5LSDLLGDTYCIZXUQ,31,106,101,0.12871287128712872,0.37348755435521036,0.7404340388332888
AFWVQJYN5QXGDXIGEQDKTJIAOFQQ,19,66,78,0.12321012321012322,0.4003628753881341,0.6414970103873484
AEDNUOKH43TOXPIT4LLZLNFH6DRQ,26,54,56,0.16428571428571428,0.49137964321319216,0.6835501727779255
AFNY6ZUUEAODUAPRL47MDRCWIECA,21,51,53,0.08780841799709724,0.42724982981918014,0.6008167150976835
AHQTBZRRGQHFON63FSB2VSOIXDBQ,39,236,225,0.10948412698412699,0.27303109144786597,0.8287496389266659
AGIITTS3YV4B3OCJENLDRWU4GXFQ,19,65,62,0.17662612374405076,0.48749028210482825,0.6333627148832818
AHMD6IY6GZXL2HAI6AD7KQCPKJCQ,21,47,54,0.143256464011181,0.47635261704910836,0.5655798297438002
AHGKNCWJ5LPSAJKK6ZBZF3W3AQ6Q,23,89,81,0.17685185185185184,0.4505182671074506,0.69686039334628
AGSLLUZOGIEXU3PRJIZDI2IURLJQ,20,69,72,0.1134585289514867,0.40192825938520094,0.6792108280015874
AEJAZAHPHKSLBHZNUHZTSQIVHMYA,32,158,156,0.21679073614557484,0.412767326635161,0.8523994455763303
AGDUOQYQSAWFBXRWZ4Z4BV4CGRUQ,32,122,136,0.13333333333333333,0.3432258924577434,0.7586193029521253
AH6LMTIYS5FSMP5YFOO4DGNBVCLQ,23,53,56,0.19220779220779222,0.5193017211352702,0.7290335529714835
AEJMIOC3WTHKR7JV3WFSUU6HJFNA,22,56,53,0.24455732946298983,0.5839987412850727,0.6008167150976835
AH3LF4DX4URFGTAFHSJ3HGZTDM2Q,17,43,58,0.1367211131276467,0.458126018008036,0.6111913791378998
AHFVHAHPJP5BUZNM77UCYE7BXBXA,25,87,75,0.1736936936936937,0.45823848300300585,0.6908299635564327
AHYUFOFTGNEV4TGMQLASS6EA7QAQ,23,88,88,0.1345350052246604,0.395465694103823,0.6918368298646901
AGEWYW4PFDQNZ3NWQCZECWJKET5Q,20,64,41,0.12682926829268293,0.5138520243131779,0.6429363817162481
AEKMBFRGDNYNNMFMULOZYBNUZ2WA,21,78,80,0.08860759493670886,0.36227401019230754,0.4623231061733239
AFYZ6NBWOTIKWS3FYDLAG5CW7HSA,27,74,69,0.1278772378516624,0.4247101416065998,0.6164435079155017
AEJGUA3ZHEWFRRXF5RTYIFYG7COA,20,83,87,0.1507618283881315,0.41470915724037116,0.7300028291457613
AHGKWZSYITWDZWG2XG6OYGGD423Q,28,136,135,0.16716417910447762,0.3786172991886777,0.7220849529853761
AENOZSUXFOYQPREH4REHHU7JED2A,19,52,63,0.18330773169482847,0.494171890055606,0.638521373596947
AF52KDA2CDYLCVFEQGA3XGBA4BAQ,23,71,59,0.1694915254237288,0.4908964303041181,0.6169779710481944
AGYM4CBFO2EOLYB6DIKWZTY37BEA,24,97,93,0.09934548854604956,0.3545407366257857,0.5971425069821705
AGUNBFGHBEUYYDPNPD437363BHWQ,31,152,172,0.17435060519515844,0.36098955130265276,0.8138117251762786
AHKO56KDFQSMLU3ZSCOZ4SWB6A4Q,25,63,76,0.19894736842105262,0.47972318616604326,0.7104664215246896
AGPLJFWPVOR27HO3RLMML2ZWEJ5A,20,46,57,0.2211779448621554,0.5482718737896333,0.6885100653153211
AEWRGEQPEOZTEW36VJLDOK6B4KVA,18,54,46,0.10628019323671498,0.4671807741242443,0.5734627407468422
AETFLSAWXIVQSX4A7T52JGEH5Q2Q,23,60,44,0.17124735729386892,0.5402590763461352,0.6933185435601343
AH2DPDI4VZWHDBU2NKJUEC276CCA,18,53,56,0.137012987012987,0.46410691594046494,0.5398826411842328
AHGTORR5THDBGVKMHWZQF2WUWBUA,19,49,52,0.13122171945701358,0.4706631312790964,0.47001439576473186
AGVH2YJ3C4MC5RJ5SK26PNEQ4XSQ,19,43,64,0.09176587301587301,0.3977342268509751,0.3667561416428226
AFJZOARCCNHDUXHCMBAHLUMBSX7A,18,48,62,0.1797990481226864,0.49066320648346395,0.6148219086622118
AFXJTDF5NUVLHKVJU7BMR2ZDVKBA,37,136,153,0.1128310973512212,0.3113695820719022,0.7224859845727325
AGMYNBZZ5SD2SPX4KEJSQE6YPIQA,23,52,61,0.12896174863387977,0.4449645056658394,0.5547042225472776
AHGDK2EN4U6IYBGJ2QFFJMXAQMFQ,19,57,43,0.1937984496124031,0.5714939854455465,0.6012551298368389
AE7YOX4URGCXIEEBZY6RA6IAF5MA,22,76,84,0.17355134825014343,0.44062242286164577,0.6785094620922513
AFAJBILA4IKTWI22BUPLOQY2H6EQ,33,72,92,0.1309125656951744,0.38610781377491055,0.5814415684845888
AHGHHV4OE2IHKOASESVYGYYBGKJA,21,77,76,0.18912280701754386,0.46989862476253447,0.6481111424713923
AEJ4BITCXXWZ6QUS6ORMHAKUS3XQ,22,58,55,0.24511784511784512,0.5782139981557726,0.7488383118450554
AGFNAS3OW4WGQFA6SC6CF2LPQ2NQ,21,56,66,0.1445221445221445,0.44581895145058253,0.6355387470095439
AGVSGK7E4WMRETX4KHF7RKGECDFQ,17,51,69,0.13768115942028986,0.4345140631752273,0.5841054594245085
AGSU4BF54NFDUP5SOHAAVNKQI67Q,42,182,207,0.16973875521786033,0.34028135797416026,0.8203327644352096
AFTJ7XQN2EIELHARUBBL6Y7L65DA,37,204,200,0.14809045226130654,0.32117229052153506,0.808292021256993
AEUEV2RK2DDJASJJ3HRCQMZVC5CA,16,60,54,0.10761705101327743,0.44071320405120484,0.586219469150203
AESYGQVMCPGJ65L3HVVPXJ4ZSLQQ,21,80,71,0.16780684104627766,0.4603685450900078,0.5789279150766437
AGVKHVURH5XGP6335AZCMGNTAAMQ,20,82,81,0.1367283950617284,0.4103948103173271,0.6253973064581162
AHCNUR6GBCWEDOXLS33U5TD7O4MQ,19,64,66,0.12494172494172494,0.426238531870163,0.47198295207606744
AFEAQ2NZOIFAIBEP3UIWFD5BF6YA,25,126,151,0.13660044150110376,0.3364581333238602,0.6522753513145387
AHM6CJDGT743FIJBQKAHW6KZVS3A,25,55,58,0.11796733212341198,0.4393722370038013,0.6310897729801068
AGETNBPPPE7JZYU5ZY5353UQDSJQ,19,54,69,0.13213981244671782,0.4289727162016552,0.6496882251686545
AF4JOAZRTKNCU6J2LPPYZ56KEXKA,30,114,136,0.14183006535947712,0.3517226244838872,0.6737363440267932
AGEESDAHFO2TR6IM66O5NG33UDNQ,15,50,51,0.15450980392156863,0.5006734804420256,0.6326842387742619
AERPQTYQJN42DMIPT36TPBU2HBCA,26,101,99,0.12966398680684396,0.37692375575002757,0.7730862492812693
AHY2NSYOB26HPV3YODAA2SQE7W6A,25,56,56,0.11688311688311688,0.4439770458105948,0.6404041038680541
AF7P3N4WIHMAVATNPD5MCDI5Y2KQ,58,323,345,0.12746882372767104,0.2594424881537909,0.8312915812756643
AEIFL3J3AO7DLHEUWOXRLYHM7FSA,17,50,54,0.1816911250873515,0.5147872781252789,0.6072556800279818
AHZ4TADPCXAAIKTFERGG5YB4BNQQ,31,135,160,0.12240566037735849,0.315917038387606,0.763034714929988
AG6GKCLBWFLRRC467G5VV56G7LRQ,20,65,52,0.11840120663650075,0.45784261845858365,0.6162724526839611
AE2S73K5525UUILYHPLCCWL3BZ4A,22,62,56,0.15064935064935064,0.47774327957682855,0.6835501727779255
AE42SH6RMDLHFMXLKVI4JKAMC6TQ,24,53,49,0.08503401360544217,0.43833583650584784,0.4849303024107301
AFREJADSLSLEMNNNUOEU33ID2XTQ,24,78,54,0.06918238993710692,0.4022785429750343,0.5453077325986742
AEAJULF3WV5PN2GEMOXE4442ER7Q,12,67,65,0.18221153846153845,0.4881798922966405,0.5287968276081308
AGAV7IY4HWGYRUIAGUZRXYUJ22DA,24,86,72,0.16118935837245696,0.44965908880617117,0.6627919399912201
AGPV5HNR6FT7NS2WMURJXRN2PFTQ,32,122,130,0.12152653548002386,0.3362081341882214,0.7950224589823416
AF7YPDDSITOLXXOX6JM7HYLUXK4Q,23,67,71,0.13158953722334005,0.4241512412670702,0.5186210527214432
AELBJRKQJDDKWRYPXNIZLPOQTE7Q,19,57,75,0.14162162162162162,0.42616641093093377,0.6439071524268346
AEY22LM45AHO3BB43OEE4IR2M6DQ,33,159,139,0.12355333124804505,0.33191937877415245,0.7549313460257517
AFTSNLQBX4R6BYTB337XHJIYS4SQ,28,126,104,0.14376400298730396,0.3837853271022343,0.6903067844257832
AHMTAZY6RIFGR3YXDZGTLCHHO6PQ,27,86,87,0.1090617481956696,0.37300907704790925,0.6228196271294778
AF2B2EWI4N5H3KRSBJFWCZI4CWLQ,20,53,51,0.11450980392156863,0.46067348044202566,0.5226479034046672
AEBFU6CCF4JOJKGQSSZWLZWMFEEQ,27,76,106,0.15309973045822103,0.39084591958522874,0.7066846220094388
AGKXEQ55UWTAAB43PDI2YKIXVRHA,25,79,66,0.10303030303030303,0.40432710995874105,0.6893748094698315
AEY2733HC2H6I25WYSD5Z4H2NQAA,22,61,58,0.10707803992740472,0.42848294480779403,0.6721062867460526
AHVYEGMH66T7GGYPUNFLF5YKWP4Q,13,55,51,0.25019607843137254,0.5963597549518296,0.6097335482929176
AHCZ6MJHUWGYWZ3SXMD3QBBOFAPA,30,169,172,0.13382292941656468,0.320461875524059,0.8209938426994646
AHKZOKNJHOKX6JOO3YBCV5WLUIEA,30,75,66,0.14638694638694638,0.4476837533153844,0.6531718816506668
AFNEXUTLDRCCFVDWA6SYF4HCYD5A,18,71,67,0.12890094979647218,0.43019775672491023,0.7500464373354052
AGZC734FUDTRUS54AWY5NO7XHCIQ,40,191,219,0.16790247580746512,0.33368480998750794,0.835357114235074
AGSFT5XKVSEWQ45E54ANFELLSLFQ,21,48,76,0.12526315789473685,0.40603897563972746,0.6330585508154369
AGDB54YNPIHHKZ2X2WKFZSK3ZB7Q,17,53,52,0.23529411764705882,0.5747355294691416,0.6620434254942276
AGMCZMRV6MJ5SCCUIEILXUKJ66WA,54,411,347,0.1358464793190185,0.2674381641757505,0.8389628038804344
AEQQFXTK3EE4OM2ZVE6MVDR4RZFQ,17,50,53,0.08925979680696662,0.4287012086290495,0.5177895842421592
AEMWMJSVSVJLDVC3566QJKS7FX3A,26,81,79,0.13924050632911392,0.41639325850712483,0.736209248840952
AERW7RVIVBVMHDXIXRAADQPB37MQ,31,126,114,0.15649743828598045,0.38574993348195163,0.7467192290856264
AG3QUFIVOQ2WTVK3GPE34FDES57A,29,85,87,0.10344827586206896,0.3673956047143086,0.7160155345991994
AH4D6CKIJ5KFQRJN2L7CI624WPVA,23,68,74,0.08663457978526472,0.3711793690945769,0.579176830051247
AEIMWJTY7PHIXTP5I7U72C6P6P4Q,18,59,60,0.22372881355932203,0.5397315705912816,0.6225974574464043
AG2Q2QBN42KMKP5OY3GPU6MLPANQ,20,61,39,0.16464237516869096,0.561719344610053,0.5380104144773306
AH5N4M4TLLC3JZ3LNHYSIH4LXN2Q,21,69,51,0.16862745098039217,0.5147911275008492,0.5437877861860005
AGN5R4K2X2CIV3WBSWHNDRUWTWQA,21,69,53,0.13497822931785197,0.47441964113993484,0.6448702362084395
AH2SLATPAAEXB3ZHYVCNYFUTTKWA,24,90,79,0.15611814345991562,0.43327089563792653,0.6601541857263991
AFV4TYPSM3XZC27VSC2NUVOVJ2JA,38,166,158,0.12448601144884303,0.31921829354546116,0.8059223695883899
AEORT2SOUGKL76PYWWGS4SUL3OSA_2,23,64,88,0.11938349007314525,0.38031417895230785,0.6140312867743754
AFCO2ELGXSFDAUXFUT432DBP2V4Q,14,50,54,0.16142557651991615,0.49452172955784357,0.6962285829063553
AGFLDIUYV2PKF5Q7IEMULR52GW2Q,18,73,73,0.2176560121765601,0.5061257426102743,0.7164657374470177
AGQBIQ7SOPHZ5FBBO7YYU6QDC76Q,24,83,77,0.09876965140123035,0.37954546914622095,0.698123287135647
AHRK5KLCWK442GNDV6M6BFD6EOMA,34,146,135,0.17844112769485904,0.3898942477790591,0.8305674197858872
AFF5UFFS2BI64ZOE7DNVJAUS5BZA,16,60,51,0.11607843137254902,0.46224210789300607,0.6097335482929176
AFR6N2JHAAWJLI5EJFQDENFMVVAQ,40,183,173,0.13335125688936686,0.3199902029968612,0.8007192817582036
AH7EYATKZABJLZPV74F2UTJVZZKQ,28,169,183,0.15246502131748033,0.3339040878776335,0.8177834312402144
AHGQDSOBAIVAAKJFIVEGS344MSXA,66,624,561,0.13959129106187929,0.243027473484286,0.8802939160485956
AG5NBJFEFL5UEL6NKYN7LABOLQAQ,23,85,91,0.12234432234432234,0.38035949302465233,0.7011345292472968
AGIFKVNKJL2V6SJ5PMU7H32M6IHA,17,56,46,0.09951690821256039,0.4604174891000897,0.5734627407468422
AE3KIOP3QQIL7POLQ35MHUTOSG6Q,21,75,80,0.11613924050632911,0.3898056557619278,0.5528935203868643
AGSRRIGMCYDZJFPDZVTGTEAG5U2A,20,82,82,0.13008130081300814,0.40038971876995977,0.6023072611595632
AEDADYSG6CKTSCV7XB2WIRE64ROA,23,56,50,0.14530612244897959,0.49146979896943666,0.4935431994228549
AFFKZZOUORW65WVQM46HW5MJDK5Q,30,65,61,0.12076502732240438,0.43676778435436403,0.6471738729373551
AHKJXKGW6B75J5WGY7H2IC2GTQWA,17,64,58,0.10465819721718088,0.4260631020975702,0.5724451086946694
AHECWYK63MH2VFO4EAJATI37O2XQ,21,59,57,0.13847117794486216,0.4655651068723401,0.625402410586479
AEOR7D5V3JGWQKFFSVO4DI44VK3A,19,49,57,0.13784461152882205,0.46493854045629995,0.4377123874417537
AHW3IQYI32ISDARYDGK4KBOCBP5A,26,90,62,0.10206240084611316,0.4129265592068907,0.49251826355669426
AETAXONPW5QZSZF725MMFCYQU52Q,19,63,64,0.1691468253968254,0.4751151792319275,0.6435387481207164
AGZ77AU67Q5B24EQDU2ZPPGRICMA,15,44,56,0.09480519480519481,0.4218991237326727,0.5207874240069754
AFCVDGS5MKTBWYIAXTFX2QVL7VAA,17,64,51,0.13176470588235295,0.47792838240281,0.6326842387742619
AHWLCORU3EXTEQERFU5MOBF63CTA,11,49,53,0.15820029027576196,0.49764170209784486,0.5794774148253274
AH5XIQCA7XZR7DJAGGQHPBY4XWLA,17,69,83,0.16955627387599176,0.43986469183294336,0.6199744231267463
AGZHX5BG7HYRWGDBB47EXZHCYRLA,13,43,57,0.2236842105263158,0.5507781394537937,0.5659621115479826
AF2K4N7F25NYQOH7RP7RE5A7HKXA,29,181,199,0.1415156591035988,0.3154694516897072,0.777602116720646
AGPFWZWSC74IUCHSR5SLS67RPFQA,19,60,83,0.1448721716132824,0.41518058957023396,0.6471768009759744
AGQFUBXP54N5SB54U5LRPL62B2NQ,37,215,237,0.1572981477508403,0.3166328948723896,0.863137192950816
AGJSTGFAERXHGQEKIBNK5DAA5A7A,24,83,90,0.13982521847690388,0.39784038915723385,0.6466817937132106
AFWD22B7BMLKF2UX6B6MSJDVC4UQ,19,79,75,0.15423423423423424,0.43877902354354636,0.5410125327015978
AGM2IQT4E4RJBGCM5LJRAGVM6MBQ,23,102,78,0.13486513486513488,0.4120178870431458,0.686288655265838
AHHPTRLRAJ6EHWOAT2PLWIH3XEFQ,25,103,99,0.16408987837559266,0.41134964731877627,0.6876785308261484
AEB45G7B26CZ6NV5SNZKP5MZBWIQ,36,132,125,0.15483870967741936,0.3746528640821739,0.7387961426345284
AF7II5FZDNPVKYJWCSQGISXL5RTQ,22,70,60,0.17175141242937852,0.48775416946133815,0.5664414062354267
AF5SUBEJYEBPZTN7TLWYBZPFCTIA,17,52,50,0.12571428571428572,0.47187796223474276,0.47285202539791066
AEC7QNP6ZG7H265GOPXAP6HCYR6A,24,72,72,0.10954616588419405,0.39801589631790824,0.6792108280015874
AHPG65LKS3QKRWDUWAKZNLEK5RZQ,37,207,218,0.15182006510802012,0.317602399288063,0.8574007514795315
AEFMCW35J7YWMM7HNMTAYXRHQNUQ,19,50,52,0.12745098039215685,0.4668923922142397,0.6162724526839611
AFIIHGFEQSEL7QUGWG3BR5FWY5OQ,22,68,80,0.12753164556962027,0.40119806082521897,0.7084448997869988
AG4LQ3ZXJ7GLXKRNXAMOYWVEH5ZA,25,67,50,0.14775510204081632,0.49391877856127336,0.6029720201760312
AF2LFSDT2SHRD2WEEC3O2ZWIWYEQ,31,102,101,0.13702970297029704,0.3818043860383787,0.8159345163578908
AE5UVV7CEOPTGOGVKMICTYGYINCA,40,134,100,0.14404040404040405,0.38881508710848567,0.6789720295035759
AHSXYDM2OLH2JJHSW7XKDLLQARUQ,55,367,370,0.15176151761517614,0.2790138159229716,0.8744156241829479
AEXUP4IYSE5EP3EGRMG33WXOLBIA,26,84,110,0.1347789824854045,0.3681624855852669,0.6744739003828287
AFKIBYJU6XX6PZ6XKV7QZIQRH3YQ,15,47,70,0.1681159420289855,0.46067764607271566,0.6052177904958553
AGMLI65AOM3CROTNHP7VVDIAP5IQ,17,46,54,0.0992313067784766,0.43232745981640397,0.586219469150203
AF7VAPLIIZQXD2OIMD547AEVDADQ,20,68,70,0.12629399585921325,0.4188556999029434,0.6052177904958553
AGTEJVERQWRSFLUOXMZTJLYBOYIQ,33,116,104,0.14283047050037342,0.3828517946153037,0.6145678798453384
AE4D7ZEYV4QNO3O44AHU7NAJCYLA,31,110,110,0.11075896580483736,0.34414246890469974,0.7273022868915646
AHHXS2WOM4LZ5TYTWGBU4BAWTRSA,36,132,139,0.14127828172244813,0.3496443292485555,0.7295576771734824
AGQE2TFMRL2MM6S3JAMA4GXWYQLA,19,51,64,0.14434523809523808,0.45031359193034015,0.572891826349456
AHRNMCEMAIL7GCJZV7KUAO4FJPTQ,27,78,80,0.15316455696202533,0.426830972217624,0.6786030050712855
AHIHFEX4NVBQE2EUGCR2RVX5GAKA,24,70,61,0.17103825136612022,0.48704100839807984,0.6471738729373551
AG5SYIVIPKZ4AL56H2G4M7CENJKA,14,48,53,0.13933236574746008,0.478773777569543,0.45912178599097075
AFLSHORZNVM6GIFFISRTSRNYTOMA,33,203,210,0.17530189109136476,0.34421246967558805,0.8227928310471033
AGJE532DIAJ6GFNAYUKVWWIDVT4Q,20,55,49,0.1913265306122449,0.5446283535126506,0.6196461314494355
AGRCOIA4R2HQHWCX5ACH442GLJBA,32,120,124,0.12732756359821662,0.34714171800297117,0.7273256165983868
AFKHQIBAHOJP6Q56M4DKLDJ6UTEA,21,61,46,0.17294685990338166,0.5338474407909111,0.5982899322797393
AF3RX6UDRL5FLROADTKALI23FFBA,22,66,49,0.13860544217687074,0.49190726507727645,0.6439191243642686
AFEZSUED252I46XWARER7JQGQHDQ,25,57,76,0.12456140350877193,0.40533722125376254,0.5323543776283761
AFKANVTXCHK6FJTG43HHHHHI2SZA,23,64,49,0.09608843537414966,0.44939025827455537,0.46395328290927035
AGG5SZ7EMJI66IQ6E3Z3YJKQD56A,33,126,116,0.10929535232383808,0.33656294007137866,0.7718475304615539
AFMIIYKWWCQGBNEDPNYX5OCYE3KQ,17,55,50,0.07918367346938776,0.4253473499898448,0.47285202539791066
AHR7ASHYYAUCK2DZH7H5IEYEDO6Q,21,70,85,0.11680672268907563,0.3838777973005779,0.6018639266141476
AHWT25SVYZLTMOVG6O2EG7QZHL2Q,33,118,107,0.11373655439957679,0.3514827435265845,0.64509311640245
AHN4ZDNBHA7AAMJEFPF3P42L2NTA,20,91,95,0.11466965285554312,0.36713546151822507,0.5152126069222103
AFKLEJK2Y4TKTISZMHKTHX3KCEYQ,27,110,121,0.16143250688705235,0.384880199257996,0.7604252209921085
AFL7536QHBZGJ4UI2UDMYQ4VBFSQ,22,65,59,0.12507305669199298,0.4464779615723823,0.6366094162355412
AEYVH423M6U6BG3UB4YORR6HOKHQ,26,112,131,0.1100411039342337,0.3247227026424312,0.687985350550198
AEHR5NMNP5YWBOAEZVPJSA7BMBQQ,37,155,148,0.11628975914690201,0.317493309218814,0.7449921980095341
AFBICRUSD4PB7Q7X4WMX7SHEZZKA,19,80,84,0.1703958691910499,0.43746694380255224,0.6646570157485501
AFREQVSUT5EV2MKBLWJLEPHYW5HQ,21,61,69,0.15387894288150042,0.4507118466364378,0.5682427607374647
AHFYDVMWJ6LVAVVVVTQI2IBFRTRQ,23,67,71,0.13360160965794768,0.4261633137016778,0.7446459809897166
AFCDUQVB7LESEXGR3YKKUJKIYVRA,20,68,71,0.11468812877263582,0.40724983281636595,0.5635983795530349
AHFMHVMMF2XKBK5PPNS24SVXP3UQ,22,94,100,0.13131313131313133,0.37608781438121297,0.7140280679814809
AFKWZQUQ3KC7TX3XMRNVRA6XOH6A,27,73,76,0.09614035087719298,0.3769161686221836,0.588969722966577
AGYIQYQKJSRVSDJUPW6Z5KNI3GRQ,22,100,99,0.1414141414141414,0.388673910357325,0.7113692173816772
AHV6QCNBJNSGLATP56JAWJ3C4G2A,34,131,115,0.17009916094584288,0.39935165614181406,0.7807854991731117
AGY6KHWNEK2ZU5SFN6JJYFAXTWZA,18,46,55,0.15488215488215487,0.48797830792008223,0.6346560706163359
AHX44ATPRIYVHL6TGP3RZN6XIK3Q,20,50,50,0.1346938775510204,0.48085755407147746,0.7000563338694104
AE62HSB3XTOFDCM4GRIFDT2VIBOQ,30,126,129,0.12124515503875968,0.33759745286404536,0.7371902172163849
AEQ2P7WFOZXT2WM3WSFJPDWLXQAQ,41,165,180,0.12861576660459342,0.3110600434416592,0.781442896873204
AF6NN2CFGWRW7LXNM2SDWLA5TUDQ,21,53,57,0.11904761904761904,0.446141547975097,0.625402410586479
AGVBR47VU2BE4EVWFAXOO26SOWSA,29,98,109,0.14763846415222562,0.38317301275249604,0.6510366839539146
AE6PSXRFBXPR4AHQKR2TQC56EKKQ,54,508,550,0.15148865706242756,0.2558609326140926,0.8972398004670753
AHHQSSCEFBDD5V2IMTVEPR34BVMQ,37,205,199,0.1533424699253845,0.3272962625114929,0.7834941886874462
AEHTE2TSRQVOUF5DERVN3V5W7EMA,44,196,203,0.10876457103838463,0.28098743705722223,0.8169446417701778
AGIUGX2NKR2P7AQMYF4VH7HUF2TA,22,56,66,0.2261072261072261,0.5274040330356642,0.6531718816506668
AGALPVA3UXLYMVRKZU4EHJ6HY3EQ,23,56,53,0.12481857764876633,0.46425998947084923,0.6008167150976835
AHQWAFE4RL5ROZPG2HOKERRXGJVQ,23,50,63,0.12083973374295955,0.43170389210373705,0.549757538438769
AFE54MELB5IGFUYBSOBGJOSOMEPA,49,426,420,0.20787589498806683,0.3273137105191143,0.8890235462567773
AETSH5HM7Q3ZXCTFHYOTCYVDTCAA,15,53,55,0.11313131313131314,0.4462274661692405,0.5927528573416417
AGXKDBRZJ26PMB5CNUNHSDTCY7NQ,22,57,62,0.17715494447382338,0.4880191028346009,0.7111647895128779
AETTD4RUL7QCIOVIRKNYKIVGKMIA,36,142,146,0.12290977798771847,0.3254867470756412,0.7742067577700872
AG6DXLQH6VDH6X4RNFXQOHYBTR2Q,14,51,51,0.19686274509803922,0.5430264216184962,0.7580309645236699
AG2VTFCAKUE6KZH72G523COQVUOA,24,92,94,0.1269732326698696,0.3794390413325515,0.6973030333248196
AFN7HNPPSFSTLXI3SWA6FNWKV6SA,32,116,119,0.09970089730807577,0.3250342576446582,0.7364981050599494
AFUQBLHWSNJSWDEXPNYV36DODBXQ,38,184,163,0.19230477921684466,0.3846179328393208,0.7599259408195905
AFCD4C4IPRARNMTGEHHWOWIE5KBQ,25,72,63,0.13876088069636458,0.44962503905714213,0.6202155502317279
AGJDDGXMJFWUVAPWYWT6452FFQSA,35,124,112,0.2138030888030888,0.44509342403265906,0.7533134020498848
AHVTXRO3DZXPVSPFP2PCEAQ7GNBQ,22,59,69,0.13000852514919012,0.4268414289041276,0.6666937095644937
AHFXWTBGOB75F6DFG7VUQZYQWMRQ,14,51,57,0.13095238095238096,0.45804630987985884,0.509400057139026
AHOFNQHMKWRZQRBRYSCN2NFWGEZA,27,86,73,0.14573820395738205,0.4342079343910963,0.6831788176812944
AEL44WHEDEFNR3LR65SSDZWB4G3Q,38,146,143,0.16497586920122131,0.37038622021493567,0.7697452833661085
AH4IDFVWP6NCHZFCONC4EKN63YUQ,14,47,60,0.11977401129943503,0.43577676833139467,0.6225974574464043
AHKOEEKH4SLCLEMAR5YCS4FKMS6A,26,155,139,0.1163590866437285,0.3247251341698359,0.7549313460257517
AF3AVKFPHVWDV4BGILIVZW542GFQ,24,104,99,0.1776953205524634,0.424955089495647,0.7234060615874552
AGUR5Z5USANA2XCROX4ZCIDN3CYQ,14,51,49,0.1488095238095238,0.5021113467099295,0.44333669648137236
AFFDJZ6EHOAFLE7WS4GZMLMIWMRA,28,123,120,0.10322128851540616,0.32666898088634977,0.6431454430168884
AE756PEH3Q7CWIDVLOGLUM6KIEPA,21,57,61,0.153551912568306,0.4695546696002656,0.6280568323013574
AH4LWUDVLJBW6O7EAZB3UF6VZWOA,29,118,114,0.15991305697873,0.38916555217470117,0.695057968086622
AESCSIUHKLOQ3PVIGHOIHF2F5A3A,26,79,65,0.20528846153846153,0.5112568153735636,0.6850802222918855
AE4DQHMACKSMM65GRIU77B25OC4Q,28,88,102,0.11124053581828772,0.3536035868410429,0.6402258050050504
AEC2DODDROD5WJYCPVYLTZSQY5HA,24,55,50,0.16326530612244897,0.509428982642906,0.5801946695959669
AGGJ35ARTZU3L4H6RASY3M7CTE6A,31,102,97,0.13552405498281786,0.38534616976126335,0.6349344172643914
AHL7DPZZJTW4Z4VZ6TKCRSXWZXJQ,19,79,61,0.12185792349726776,0.4378606805292274,0.6280568323013574
AGN4Y6S2XZVAT55EWY7XNHJYOGOQ,29,93,108,0.0960539979231568,0.3315885465234273,0.6689526305057687
AEM67ZLSNV2TH3O4MC7VM7GCXQBA,18,112,128,0.1344734251968504,0.3508257230221361,0.7823149814632533
AEONSYQSC53SBO5NSXJ6GRSWY36A,26,63,68,0.17822651448639157,0.475059418241329,0.7729816628927655
AFSUI7EPMF6XFG2T4LYXZD2XS75A,25,65,54,0.19916142557651992,0.5322575786144473,0.6962285829063553
AHAUPRV26D4WPQN2JIJUWUZQM7WA,52,207,180,0.12569832402234637,0.30814260085941214,0.8425549858372079
AEBJEFYQMDZGCOGQMVO5OUL7C6TQ,31,128,127,0.1687289088863892,0.38679152817137447,0.7710492903648365
AH5IN5WFTJNFLLSMR642MIW4AVBQ,23,63,47,0.22849213691026826,0.5893927177977976,0.7395360432850288
AFZRI5VBKTGRUYSTV4ZRXWGDXRUA,20,69,49,0.10799319727891156,0.46129502017931723,0.6688749068675024
AEZRVV766TTJ3WBMBEZL3QLMTFXQ,19,64,84,0.13281698221457258,0.39988805682607487,0.5337280156178097
AEZ46PGKETRG4PUCA4QKXUHS5C3Q,22,56,51,0.1011764705882353,0.44734014710869235,0.6097335482929176
AFULQXMWPKHB4TXP4AV5Z5TNMSBA,26,69,74,0.17289892632358386,0.457443715632896,0.6242188231643175
AE7WDJBLIDV4PZNMNQ6E2ASAVUHQ,44,247,221,0.17856849033319622,0.3435955479921805,0.8312651949894496
AHPDTZPJURZALWCECXNGOSQYBZXQ,39,119,119,0.1820253525138869,0.4073587128504694,0.8090606416379986
AHXI6LRWN3FI2RWEFXHXSENYC66A,20,49,55,0.15151515151515152,0.4846113045530789,0.5524023011875804
AFMY5CEPFKJXLHTMOJSYC4XABXOQ,36,214,239,0.13357476881966177,0.2922386298156932,0.8182776933188864
AE7QX327FYG2YS4OL27GBQABRRDQ,44,215,189,0.15462118653608015,0.33314147185920795,0.8298441949183384
AFGRAUIXGHWO224SV5YN3TNEUMJA,23,74,90,0.15905118601747814,0.4170663566978081,0.659332243606686
AGCOHP26FKOWWUEPWYPWBI6SVTMQ,22,82,61,0.20710382513661202,0.5231065821685716,0.6471738729373551
AHX2FASTVBGC5KSGAH7YCAIIVYJA,33,112,109,0.1292898402990146,0.36482438889928503,0.8044327395081471
AG2KE7ABGFVP4P5X4ONOVUGNLUGQ,26,88,76,0.16456140350877194,0.4453372212537625,0.7104664215246896
AGI3DNMK5LFRQAF3CS7U2WKVPSCA,30,102,96,0.10328947368421053,0.35311158846265606,0.7664920016313873
AEKNMPUXBMNMHDYWMLKOUTEY3LYA,24,77,72,0.19405320813771518,0.48252293857142936,0.6306783147838518
AERWHKQXGI2WUUV5SSKYIAQQFJGA,16,44,61,0.17650273224043717,0.4925054892723968,0.5547042225472776
AHPJNCCV5PGRYLDQYKBUZI55WN2Q,31,109,103,0.15400723396154578,0.396370284984301,0.6875481944825776
AFQQRHNOS2AJSMORGOJQTDOWF6EA,42,223,237,0.15458056211113494,0.31391530923268424,0.8218394116416804
AG5VMU4VFC4EAT5K4RTG2OPCL4QA,16,86,89,0.173391215526047,0.43432190440520957,0.593208028445146
AFV5AGGMXOTTWHRUPDL7L5XQYZWQ,16,66,60,0.09548022598870057,0.4114829830206602,0.5127882993657413
AE6UKJJQFMXZ3Q7VWMKXEPMI2IJQ,24,59,52,0.16440422322775264,0.5038456350498355,0.47001439576473186
AFZJSGJLARXCYVO2NTD6IE63E2HQ,17,71,53,0.18287373004354138,0.5223151418656242,0.7152743215893405
AFQRJNI4BPKEGI5M64VF4JYGVU4A,21,51,63,0.12903225806451613,0.43989641642529365,0.5327515027614806
AFL6PHUW2ZGMWBAPEE3CZSHWOGZA,26,83,72,0.15101721439749607,0.4394869448312103,0.784638338508818
AEQW2UTAF5VA3M24DLBFQG4P5RTQ,21,75,71,0.1271629778672032,0.4197246819109334,0.6260505788324213
AF7WHR2URJM4CF6HABSVIQHNY2NQ,21,62,41,0.12073170731707317,0.5077544633375681,0.5569576743876022
AHITMY4R3DYM6QWFUYVVCBGYW52Q,25,51,49,0.09268707482993198,0.4459888977303377,0.5280384693894444
AH6RO2MUQJBOTBQMME4AIDNUJYFQ,24,62,80,0.12215189873417721,0.3958183139897759,0.6639893214615762
AGZUJTI7A3JFKB4FP5JOH6NVAJIQ_1,64,249,225,0.047063492063492064,0.210610456527231,0.7407311276333441
AEHXKS3UWSNEK2WDJQQH54O7ZAZQ,24,61,63,0.1264720942140297,0.43733625257480724,0.6022057325793105
AHUBQHB557N4AGFHFPKDJHOXJJGA,20,55,45,0.14444444444444443,0.5134561634967107,0.6165499807446518
AHQBFPKS3BGMSWWY4EH5SZHMLDTQ,26,62,56,0.12012987012987013,0.44722379905734805,0.7059560493937462
AFEOXDAUY53OED4TMQHXMMEPLALA,21,57,45,0.1292929292929293,0.49830464834519556,0.6165499807446518
AGWJPQ545STVURY4F7G5CCPBIQ7A,24,56,64,0.23214285714285715,0.5381112109779592,0.7599978233585409
AGW7WEU5IG5DRNRQ7SBRRG4FYEZA,60,432,384,0.1382452132288947,0.2631562706181174,0.882034817549527
AFYFUNS3ECU4J3ZRA5TP3XSMIUTA,22,54,51,0.18196078431372548,0.5281244608341825,0.7580309645236699
AH43LPVGKQAI5YH5FR43MYIGZC5A,28,121,139,0.17568553852570118,0.38405158605180856,0.7986045481609376
AG5VNBFYVTWZQL6URTMWJSJIS7PQ,29,59,75,0.150990990990991,0.43553578030030315,0.59881228183275
AEOYWMLWQX43VA3EE4SZAZK4AOMA,24,82,107,0.1250220419679069,0.36276823109491463,0.64509311640245
AEYZ5S3OU4YJPU222CDOR42FQFIA,27,50,59,0.14319111630625364,0.46459602118664295,0.7415325774647089
AHOHLNMGSXJLXSG7BSIJDLQLMQAQ,20,55,47,0.12395929694727105,0.4848598778348004,0.4240885440096072
AFYSEQVHWTVMWWCX7CT7PA7VNU6A,21,60,62,0.1417239555790587,0.4525881139398362,0.5434868919282625
AEQLRFSCJIRIKSYQ2KQJCIBP4RHQ,30,180,184,0.14112615823235922,0.3215764486761239,0.7667640515922247
AH6CBXJMJL4UPDBPZRYOK2A4J4QQ,22,50,63,0.12083973374295955,0.43170389210373705,0.4039342411786189
AGRFO6O6XIYLHVIFNUTT7VGQONHQ,28,72,56,0.2051948051948052,0.5322887341222831,0.5790110416470615
AG6M2OKNHLTZENAACVZFQL36XT2A,37,180,212,0.14039166592148797,0.30850360845445457,0.8017553824844069
AG5I45ZGHHCYIAWWCVEIR6BYI3RA,17,48,52,0.09276018099547512,0.432201592817558,0.47001439576473186
AFYEXZTYGZ4TX6H5RTMOCSZXBSLQ,23,48,53,0.10304789550072568,0.44248930732280856,0.47837049614293403
AEQUPJFSMPHWXHKTTNNXY3NNKTHQ,24,69,91,0.09987789987789988,0.35789307055822983,0.6627309194923103
AEJYFOK4LHIS2ROVL57UXDVAHBOA,23,54,46,0.05990338164251208,0.42080396253004143,0.7344651687672954
AFKEUURWVXYJOYGZOUKJQ4VOVZCQ,23,85,104,0.13386855862584018,0.3738898827407705,0.6682326041280466
AFMNODMYRR7Y2SZHUFX7MUNLDUGQ,19,45,56,0.10519480519480519,0.4322887341222831,0.5019821565665499
AEMYUGKFRP2UUSRF467XWHUSJQKA,18,88,80,0.17721518987341772,0.4508816051290164,0.7237104218669741
AG6US2ADNB67R7NZLRNGKK7IVR3A,10,61,51,0.11058823529411765,0.4567519118145747,0.7311206626902857
AGLMHJEWZBMXWLRX25ETEEYVKINA,27,116,118,0.12110676517456179,0.3464401255111442,0.7754728024658917
AEGE6O6QPB26V7GVK2FKFGHIXWWQ,22,53,68,0.1391571553994732,0.43599005915441064,0.6114553373113667
AHIAQ67BVQTUF6HVWOF35GUQW3XQ,24,50,50,0.12489795918367347,0.4710616357041305,0.6501699326619461
AFCQODXRVHWIJD5CWNND7J4GQ2MA,24,100,117,0.14161508989095195,0.3688826776384925,0.7424955468893026
AH33DSGP6JD2BY4GKQOMITFCNFKA,29,142,156,0.15425971877584782,0.35023630926543403,0.7957020949469061
AHSASLZZLTR7E23XSOA4HW5QX7EA,28,134,106,0.16495956873315365,0.4027057578601614,0.6739655178966688
AEKY432H6WTR5PJFVOQELAA6TQ4A,32,106,104,0.10828976848394324,0.34831109259887355,0.635792554059053
AH7HCMRSHZCML7WGBJP3YPNTPLSA,22,62,68,0.1575943810359965,0.4544272847909339,0.6976249058686885
AGAHQWPVZBU5NFC5VGS5GQQLDPMQ,25,52,52,0.17345399698340874,0.5128954088054916,0.48982446022941317
AG46DXNFU65ZZXWRTQ3R5N7Y2IMQ,22,57,84,0.09323006310958118,0.3603011377210835,0.7506877358112892
AHHGMQ5GFTU62AI3MWQFEKWHNKDA,26,75,51,0.1631372549019608,0.5093009314224178,0.6326842387742619
AER5LFOUF23FX3CTQAIGCVSXYU2Q,23,61,62,0.1940772078265468,0.5049413661873243,0.5609326986953191
AHQEQ4C7GOFXLV7TCPD7ZEB4NQJA,21,57,54,0.1278825995807128,0.4609787526186402,0.5655798297438002
AF4H52NRG5JIOPRLIYOED4JZEQMA,20,61,72,0.12167449139280125,0.41014422182651544,0.5244159815511553
AF6QAHEJL6WEQHIO2PWQNPNPJIRQ,18,64,54,0.08106219426974144,0.4141583473076688,0.5655798297438002
AHZRUCQACCVHJ5W7VTYWOTZICVAA,43,296,257,0.14907587548638132,0.30206005240393236,0.8398884935919013
AHCHV7T4WWVWJNFINVG57LX5J4GA,22,58,66,0.07645687645687646,0.37775368338531445,0.47198295207606744
AHUYAITDXGCQ5RLRZGP5C5PLRB7Q,30,143,163,0.14345224570173445,0.33576539932421057,0.804039791564719
AEDCAW62Y73SDQEVISDWSVSVNUVA,17,64,47,0.0851063829787234,0.44600696386625277,0.4668324878573718
AGFUQU7XRXGWMT3GNAISYFQV3SUA,28,120,141,0.1879432624113475,0.39481562725616093,0.70050425683294
AEW7VB43WF43JBV6TA6RIKOYLWRA,21,46,59,0.20514319111630624,0.5265480959966955,0.5600866405542735
AGDGMB7AQBS75JIOCIDD4C54NVCA,16,59,49,0.11479591836734694,0.4680977412677526,0.4849303024107301
AGISOCHR4AI2PHPRL3J3E42JEVLA,18,53,55,0.08013468013468013,0.4132308331726075,0.47557989721527144
AHJGZUKX76JHUDT6MKANUXRC5R7A,37,311,329,0.22447920527837498,0.3596334142568508,0.844731179723525
AEGKJTQWHGBIOTO34OB3GKIGCN7A,31,152,152,0.1852561868246776,0.3837946715453586,0.7668560628063199
AFGCRBV3FJWSRSSWQE32UF6H4F3Q,23,82,88,0.14237199582027169,0.4033026846994343,0.6785181975541839
AGD63JV4YYGI34EXAFJHEHKTQYQA,21,60,58,0.13793103448275862,0.4593359393631479,0.5724451086946694
AFMKYJEEGTOYLGNBX6B7FZIKC3RA,24,67,81,0.12777777777777777,0.4014441930333765,0.6677397318085667
AEIEKUH6Z6OH2GVPS35MCF6C2YNQ,39,233,207,0.1804324375029314,0.3509750402592313,0.8685570210551662
AFG5DA7NUVP7FVG6MJWNXLGGO2LA,16,57,71,0.1323943661971831,0.42495607024091325,0.548442250582536
AEFDIVNWWBP2IEEPXCTIRWCIPWSA,22,57,56,0.10649350649350649,0.4335874354209844,0.5207874240069754
AGVJST7CASCOH7EWNENJM6VR77LA,27,115,98,0.10877340626972438,0.356033175212908,0.5933713025495697
AGKQOGMY7SVDTMMSC7T7MM2KFB4A,23,61,57,0.14786967418546365,0.47496360311294156,0.5659621115479826
AGSVNZDZNPCMXG5DEFXMZNRH2LCQ,49,461,506,0.1533596837944664,0.2621753031967613,0.90511987076693
AEBDUTDUTBCJ5DRNRYF5OE5MTPPA,25,99,117,0.12275272620100207,0.3500203139485426,0.7527797999590878
AFTQN4MTJHHVFM4FEXY5KT76OY4A,33,137,143,0.13030631340490495,0.3357166644186193,0.7123915346251652
AF2KDD3AVW54DIIRKQ5VA3APSPVQ,17,51,54,0.09503843466107617,0.4281345876990036,0.586219469150203
AG7NHAT2HSVNIBI6LH5QM6YFK4JQ,71,705,678,0.12403759427981334,0.21804274498213572,0.8598839599151632
AEAF6UYWPYXXF2MOOTGNJT4OZV6A,17,45,57,0.10463659147869674,0.43173052040617466,0.625402410586479
AF6VJYLVYJCQIXUEIBSVKZGRUGVA,15,76,54,0.2082459818308875,0.5413421348688149,0.6506689257222734
AHSL6SPJ3F6JQU4TG2UFMHVVQCKA,27,76,85,0.08347338935574229,0.3505444639672446,0.5762085039955629
AG4D7B2B6JZP6LIZXRPCYFWODKKQ,21,63,58,0.21113127646702964,0.532536181347419,0.6111913791378998
AF6XCN7EPYNIO24FJRNV3KOFI3QA,27,91,79,0.11814345991561181,0.3952962120936227,0.6028466538504952
AGAVE3RJU2Q3N3WVKPORQ2PYU26A,38,185,207,0.13878335912949674,0.30932596188579664,0.8029232263685407
AHDJUFVTKDJUUBAIFGT4WVU2YGOA,26,84,80,0.14462025316455696,0.41828666842015566,0.7550556149621408
AFIQRDAYJLNVCGJWSOHI2QKPOQ3Q,18,61,77,0.14012303485987695,0.4208988526048676,0.637326240623199
AFS2FQVHIMUXIABBO5BMHZCDWW6Q,24,55,52,0.15309200603318251,0.4925334178552654,0.48982446022941317
AEKNUVZ54GHK35OSOD3TI75BQDGQ,23,54,54,0.12508735150244585,0.45818350454037327,0.46747271949142677
AEBVIJZLUXIBEZ25ZQLG4SPFVMVQ,21,77,76,0.18982456140350878,0.4706003791484994,0.6481111424713923
AFUPZ42DV2WKMF3SC2EKD2ZLD65A,15,72,70,0.15527950310559005,0.4478412071493202,0.5428293509855804
AHR5HMD2RY6FF323ZN4RXNLU4UAQ,19,61,79,0.12658227848101267,0.40373503065902355,0.6028466538504952
AHR6M4DYJMUKR6T4VB6MFN67MEOA,24,46,61,0.18743169398907103,0.5034344510210307,0.6092753847257502
AHOOD7DBLBIUO6DB7DZMCWYBZS3Q,46,312,290,0.1424889631308913,0.28622560625377214,0.8124929625583662
AFNIEDCE6BLCHCFULJTN66EWSLMA,20,55,76,0.09192982456140351,0.37270564230639414,0.5745979378064601
AELETLCYBQBTWSUKGSWG23QI7IJQ,24,77,97,0.13981958762886598,0.3896417024073115,0.7818484924101667
AF63GHTZBFUQTJPVNLMYMBCRQRJA,18,53,70,0.13747412008281573,0.4300358241265459,0.5736509573345241
AFZUC23U6UM5PQGWTWF3DEYO2YYA,34,94,86,0.21231190150478796,0.4762592303570276,0.7860508529958232
AFRYDQVWTDEA7724F2O454CVQS6Q,18,63,62,0.11686938127974617,0.4277335396405237,0.7111647895128779
AHSCNOTMQI2WQ4YUTXSOBJ3OFG7Q,40,184,164,0.15689061798593446,0.34802753333510245,0.7830128173653732
AGBWD5VMK2NVIAIXF7OINPOSC46A,40,425,424,0.16100182880592354,0.2798749233694274,0.8399617988757603
AFFYOGW567R22D6QXHYYJT2NVV2Q,22,51,54,0.19007686932215234,0.5231730223600797,0.6072556800279818
AGXXNB2FXMNKOLZYPDC2NS3K7G5A,25,88,101,0.18198019801980198,0.4267548810878836,0.6592487204781994
AHLUM3IZPNZPLJEKYACUGH66YQLQ,26,94,78,0.14618714618714618,0.42333989836515706,0.7492796568721534
AFRVEZ6EJNYZOHC7WT5T4OJP5XCA,23,62,59,0.12682641729982466,0.448231322180214,0.6366094162355412
AES3YWD3ONJOUDRWFIV2ZO44QDAQ,49,387,374,0.1476107869421227,0.27418076237906,0.8789605538180346
AEKN6CHGDPL4TCGLZUM4V5U46QBQ,21,63,63,0.08294930875576037,0.39381346711653786,0.6202155502317279
AHH3ASURHRSUP4F6CXG6KWFMAT2A,19,92,108,0.22308757355486328,0.45862212215513376,0.7008740651317562
AHMM4IE5PPFSNOXOOPDBW37GB36A,26,81,78,0.13653013653013654,0.4136828887081474,0.686288655265838
AG5WQAU45AHMYG3IVZXID43THTAQ,22,64,66,0.19067599067599067,0.4919727976044287,0.6531718816506668
AFBOXU6QKQGVJP6M4THIHE66BMCA,18,69,74,0.15327656423546834,0.43782135354478047,0.6870507261964652
AE4YO2ZT4TMRFFA54ZZUQGK27YZA,22,70,80,0.15,0.42366641525559867,0.6639893214615762
AFTDBAD66GZC62GV6EIHBF3K5HAA,17,58,61,0.1469945355191257,0.46299729255108535,0.6092753847257502
AGTPYYIF2KZYACAGPMFRIBTACMSQ,15,57,43,0.12513842746400886,0.5028339632971522,0.5229205191797013
AE23ZBUF2YVBQPH2NN6F5XSA3QYQ,62,604,583,0.13304804512740712,0.2345104156097533,0.8947996860183847
AHFGE4VXBOCPGICMJ2XZACGEJOAA,18,55,50,0.17551020408163265,0.5216738806020897,0.5360430080307526
AFKZESU3PTCQ2UVDBDSFVFTXBFNQ_2,43,342,362,0.09505517209715186,0.22370588929767857,0.8454371818233215
AHA67Q47N35BIULG2YNU7ZA3YEWQ,34,170,142,0.17660573369293778,0.38201608470665216,0.7939098197296279
AHDPI35VZ3SH2VZVGOYJS52LPVAQ,22,71,62,0.12903225806451613,0.43989641642529365,0.671460922933026
AEXQED3KRQKIMV6WOUKR3HJ5HKDQ,25,121,119,0.1575274177467597,0.3828607780833422,0.6875845557070162
AGPTDCDZJKJL2TCSX2FYL5MW33GA,19,61,48,0.15336879432624115,0.5066706172266469,0.5652484470288064
AGLOXQBIOUHGR3OQ3WSGE4NP2T2A,17,72,83,0.1063767264178666,0.3766851443748182,0.5933239636349488
AHSP5IKX6USXFMSHWDQMXSKAEJ3Q,23,64,56,0.16363636363636364,0.49073029256384154,0.619539725880391
AEX6GC25ANZIT36EQGUAJOGXCPLQ,46,208,201,0.13049751243781094,0.30357935069803943,0.8458086219866399
AGADEX5O4F3Q4BLG3VYHHKRARSDQ,23,57,46,0.10241545893719807,0.4633160398247274,0.43545181794224547
AEOUAVGSFJS53WXZT7ESMQT3VMSA,21,61,51,0.08235294117647059,0.4285166176969276,0.5437877861860005
AFRGJMSUHGKN6E36WF7NUXIQVXVQ,33,138,155,0.19539170506912443,0.39263676569741907,0.7788361094053667
AFUXD5ALWDRCHSXS4DGLVZAKS3IA,26,83,70,0.14409937888198757,0.4366610829257177,0.6880577657141058
AES77I2GEGGTHPYTW2YXN6T5VGXA,22,86,93,0.14446002805049088,0.399655276130227,0.6327575378013273
AELK42U6YCYLVSH6GQ2XODTAOSVQ,20,60,58,0.17906836055656383,0.5004732654369531,0.6513809084171851
AE2XQEA63DL66X2UUTRRF6LDEJRQ,27,83,92,0.10367892976588629,0.3588741778456224,0.5932243601969931
AG5AS6HFWYJ6SLDZEWGQE4NXF6AQ,23,68,68,0.08911325724319578,0.3859461609981332,0.4407244001888321
AHS4PZFYYBOPFTPEMD2NEQZ4LMIA,28,114,90,0.1400749063670412,0.3980900770473712,0.659332243606686
AHK22RUTPDKFZIFHCLL3NL765XCA,28,122,118,0.16123424598000868,0.38656760631659115,0.6851438012664333
AEA6O7PSMHO4VOKWAZOYOKKULRDA,20,56,55,0.13333333333333333,0.4664294863712607,0.5524023011875804
AFAGV3OYQR5AND4HEV3KPFX47NZA,29,103,91,0.08547008547008547,0.3434852561504155,0.7826182016466118
AEBA3PHX2IZXTOVI6XDGA3Y5UR7Q,18,51,56,0.19350649350649352,0.5206004224339714,0.619539725880391
AEXHGP5FTG3WZPUIVPEFZREQWFEA,18,64,66,0.15804195804195803,0.45933876497039605,0.6893748094698315
AGRC3JDXRCSSQ6TOMEB66Y5ORIYA,19,60,51,0.1192156862745098,0.46537936279496683,0.4814717134782744
AEIIRIHLIYKQGI7ZOCIJTRDF5NPQ_2_2_2_1,39,328,295,0.17380375879165225,0.316559252950764,0.8516651460835212
AHUQHUKMW2VDHUHTAWQVVYYNER4Q,19,47,57,0.15726817042606517,0.4843620993535431,0.5854261082978505
AHCUI3MCE2AGX2HLG2YSWG3Z3OFA,24,63,49,0.10714285714285714,0.46044468004326283,0.5062850347520251
AGHETJ7PN7P2EEPPQZHFVHGV7TAA,34,162,169,0.12785291631445478,0.3167006842310265,0.774980932422412
AF2AHWFRYLISW4WNTUF6OSP3BBEQ,29,99,83,0.16103438142815163,0.4313427993851032,0.6891656999595097
AETQ662T5IP4NC524RTVV6ZWNOBQ,26,78,54,0.13067784765897975,0.4637740006969071,0.6072556800279818
AHDNBD6BXVJE7DUHN3HPT432WRDQ,36,127,134,0.1403882841431938,0.35184140422739385,0.8293658928765751
AGWUPUBODLPBDOKF7WR3NZLSQIXQ,26,115,93,0.15381019167835436,0.4090054397580905,0.64483514824908
AEXO6YBJHQZFPLVRQJI6VX7IJDNA,30,159,168,0.19881665240946678,0.38766442032603843,0.8393564600088979
AGSQN7QVGI3VRJO4LX6F5E63QJIA,17,51,56,0.10194805194805195,0.42904198087552986,0.619539725880391
AHX7REGI74RJYU6QNM6CHKH2L3SQ,33,129,118,0.11053165290453426,0.3358650132411167,0.7244026601808415
AF5TD2FIKGIYPODNQVRGRDQANF7Q,39,169,219,0.12358091407984584,0.2893632482598887,0.7916413101030059
AEHMQSTB6ESWFAT4AHROTV6M7VWA,20,58,64,0.08878968253968254,0.3947580363747846,0.6806664055141363
AGG4ORO3HU7EEFTG7JYP7IXZ7HNA,27,72,81,0.15185185185185185,0.42551826710745055,0.6393485662565761
AESXPFPYKPBWD4SLCAZRXX22GEZA,18,55,48,0.2322695035460993,0.585571326446505,0.6127797426714258
AHP3RMY24RUHJWKGGHY4XRXEA7TQ,23,68,53,0.125544267053701,0.4649856788757839,0.6225993137562401
AF5LSOLMFO3RQAH2LWPPWPYMNNWQ,29,116,129,0.1426841085271318,0.35903640635241746,0.7463686566892391
AGE2W3LSEPUMPDXXMMXOEDZ46GWQ,20,56,56,0.13506493506493505,0.46215886399241296,0.5592840534978557
AGMRNSQL6FRY5GP77GUBUIR2HVTA,18,56,49,0.22023809523809523,0.5735399181385009,0.6439191243642686
AHNQEGOLNDNC5IOKANIAOC7LW2GA,27,65,69,0.10144927536231885,0.3982821791172563,0.6496882251686545
AEM7ZR6X2YIN5CBPYQXQIEPTNYJA,27,64,49,0.10204081632653061,0.4553426392269363,0.5728493353252115
AEIYLNXFUY2EADFY736TIRBD4HGQ,23,61,65,0.1293269230769231,0.4352952769120252,0.6850802222918855
AEHV5QSASACDSTO62UXNRM3CIOIQ,19,63,45,0.07272727272727272,0.441738991779539,0.5654032452884457
AGMIT66KFFRGJFOVS3DKXIJ7VYGQ,29,112,106,0.13189577717879605,0.36964196630580376,0.78711883046281
AEOED2TZEJUJI7XNJWMP4S5I5TSQ,28,99,79,0.18760142810775723,0.4647541802857681,0.6601541857263991
AE3JHU5FFAHLLPFIDRTNY2ZTWNWQ,20,50,58,0.1572897761645493,0.4786946810449386,0.4807129862383597
AF54J6UBFYLCY5DW2KYQXLNMZPGQ,26,57,67,0.1388511985526911,0.4401480054811291,0.6232321927832387
AF5DN3WHPZKNRL5IEYBDTMNCVGDA,20,51,51,0.11372549019607843,0.45988916671653546,0.587296753724472
AGSNKFQ67XEX7JR3KMPUONRPNGYQ,42,185,156,0.11538461538461539,0.3113612058742016,0.727488884672485
AFUA5LQPDJOM6TDWTOLF6N74GUKQ,24,71,69,0.0959079283887468,0.3927408321436842,0.6496882251686545
AE3GOLU5565IGELCLCMXSDAJBHYA,17,51,55,0.1717171717171717,0.5048133247550991,0.7740858925478549
AHU5CEFMHIARA3FUDNNHQJTVKEDA,32,105,93,0.10261804581580178,0.35781329389553795,0.719886432360665
AE4IUAHJ4UGJM2AAHDDJYWQUPUWQ,22,63,48,0.14361702127659576,0.49691884417700144,0.5422702516062894
AG65BD5EVGIFAAFJEDYG5VMAO6FQ,34,109,99,0.17109874252731397,0.4183585114704976,0.7234060615874552
AGSM75HHGVYI263VKMFQMK6GJQ7A,39,270,261,0.13147656940760388,0.2832793836501395,0.8148512546145186
AEID2J5IAK3LDPXXEDHH4T3JV3VQ,32,97,93,0.1774193548387097,0.43261460291844583,0.719886432360665
AEJULOIIS2FOHJKRJK5JLXZDWFOA,23,75,58,0.1603145795523291,0.4817194844327184,0.6111913791378998
AEL77HR7DJEAEUFEHUHXS4ITQ3CA,19,51,61,0.11639344262295082,0.43239619965491044,0.5726190191204755
AHFEJ43QFE5M7F6HIK2FEXHTAIUQ,27,64,75,0.18126126126126127,0.46580605057057345,0.59881228183275
AGSGUQ5INR6QIZN5KFOFXHV3CFZA,17,53,56,0.1525974025974026,0.4796913315248805,0.5790110416470615
AHGGEBG6ULZ4CC4XTUVH7JCO2ZRQ,24,85,84,0.17412507171543315,0.4411961463269355,0.692535266943185
AF6VN3TUVQLOPONM5GPIG26BMHIQ,27,114,128,0.2157972440944882,0.43214954191977384,0.7727293741362439
AFSBZBYPM2DLIXKYS3WEQ6L3ZZGA,24,141,152,0.15650052283025445,0.3550390075509354,0.7132546365583605
AGD3WE6VAWDOBMVDUHA7WCTF4SQQ,24,91,82,0.16049382716049382,0.4308022451174454,0.7149453447474956
AGVXEMIIQ2S4N7TFU62FQASJJ6ZA,35,156,166,0.13179992698064988,0.3217819259235425,0.807408842889888
AEI77FRGYVNL3P7GNBBK76XHCU5A,30,131,128,0.11774114173228346,0.33409343955756915,0.6812275230258198
AGSTQ3JDGW2TZB5XKBF7PD2DJOKQ,24,111,121,0.12837465564738293,0.35182234801832657,0.7405578730655411
AFUL667IIU5H4NIVQXA55KA43DNQ,31,124,104,0.1816654219566841,0.4216867460716144,0.747386892385817
AG7ZV6UHNP2KF3CKTJ73KKZ2O3QQ,10,63,50,0.14204081632653062,0.48820449284698764,0.782455785388728
AHKYX34JVRX4ZPC6FKCYHDPQTW3Q,24,79,69,0.11295822676896845,0.40979113052390587,0.6496882251686545
AGKLWN6DDVBZBLGPZQMUJ4JPQZGQ,15,67,85,0.19299719887955183,0.46006827349105417,0.6682320895024849
AFAK7NZ77T2ZVYBFTUDUE6SA3O2A,25,56,54,0.08106219426974144,0.4141583473076688,0.6731462743700818
AG6WNZI5AD2JASG4KJ6XKCEB5YBA,23,82,86,0.14227086183310533,0.406218190685345,0.671732466705975
AGM6JHRSPOTBHVITWSUDXMUNEXWQ,23,50,53,0.11248185776487664,0.4519232695869595,0.6225993137562401
AFNIU5RTX74ILRYURZG7UGLYL2XA,24,69,76,0.14456140350877192,0.4253372212537625,0.5462961778644388
AGGYJDBFHKHKTL7YZ5QA4RYUZDTQ,22,54,51,0.1349019607843137,0.48106563730477075,0.6097335482929176
AEWFDRE37ICDKBMVGFPIC3VHE2CA,22,60,57,0.19047619047619047,0.5175701194036684,0.5659621115479826
AGEECCQF4MDXAP7RJDDPHK4U54FQ,42,206,192,0.12909031413612565,0.3057412255863285,0.7339505989445487
AGZS7H74UPZU746GOWUAJW6JLLTQ,21,76,94,0.16220544497826583,0.41467125364094776,0.6848540716250875
AFXQNAXCDTJ2SQDCNSM5ZGBKQJ7A,19,58,70,0.14865424430641822,0.4412159483501484,0.6709721213417411
AGKYAPJAIV6AKVK7MUVYNQB2RRNA,62,516,523,0.1514472209401991,0.2585821892336622,0.9151696181339649
AGX5BXNPC6S4RNAKL2MXQXWDKE2Q,24,62,58,0.12643678160919541,0.4478416864895847,0.6310897729801068
AEQ6P4YGW6NO3JICID7U73FG6HLQ,23,88,75,0.10810810810810811,0.39265289741742027,0.6136626560100116
AHZGQXTGR3WB6CQR3PP2TB2YPTUA_2,102,1242,1256,0.15079935036922373,0.21986652289674108,0.9245580735195511
AGNKIQAYLV52WEMBY3EPNECGQH6Q,21,57,56,0.15454545454545454,0.48163938347293245,0.619539725880391
AFL2ZDLKD6WRY5AG35RAWWKQTJFA,15,46,62,0.14754098360655737,0.4584051419673349,0.5786265732411264
AEDIMIXF5LZTNHLKWWJ3SDD3KVKA,27,130,138,0.1315984343594626,0.33996448188557,0.7706171657370843
AG3HIKXAMFBUKALTID3BGXXOS5NA,23,81,90,0.12659176029962546,0.38460693097995546,0.5731651791240617
AFSKPY37N3C43SOI5IEXEK5JSIYA,29,144,176,0.13883116883116883,0.32333702835730194,0.8108750225334246
AHNDQTIDT42KUEXE7PRP45ODX5IQ,21,64,76,0.15789473684210525,0.43867055458709586,0.6945197824656266
AEDB6ZCMWZFJNB4GJ32XNQSJLGEQ,27,67,65,0.16153846153846155,0.46750681537356364,0.4965838511973528
AFKX24ALWAPX366KX6DWTOBWLQAA,21,63,62,0.2004230565838181,0.5112872149445956,0.5609326986953191
AHU42PTRX7VJN2AFMA7HJZJINSQA,27,107,106,0.15381850853548967,0.39156469766249735,0.7634281522936759
AHUDLM6F46QJM4BSG55J2CKT65FQ,48,476,448,0.14663231064237775,0.26227747825716285,0.879698604734137
AH52JG5PBRVOSTGXB3ZR3JA4XEBA,16,60,58,0.14458560193587416,0.4659905068162635,0.6310897729801068
AGUIVHRS32TAIJJUNNJSZU2R3E6A,18,55,45,0.1595959595959596,0.5286076786482259,0.49315701273310825
AHPAXGZTH4KAGQHOWQ4SGU4BN23Q,43,223,227,0.15083232622509843,0.31365402341468995,0.8143137264870296
AHX6ND5IXNLLPE46BFRTFIWJWMGA,20,53,52,0.2096530920060332,0.5490945038281161,0.7103746943921843
AEQSZVLAFNQJY63SLGBVYWQM4IBA,24,65,51,0.12784313725490196,0.474006813775359,0.6097335482929176
AHMSVEFJC7AY76OCKWNTAIDUIM2Q,23,53,47,0.11840888066604996,0.47930946155357934,0.48880258191664555
AFVOZ4UNUZKEQ7GTQ3IHQY7PZ5FA_2,28,96,86,0.1575923392612859,0.42153966811352556,0.671732466705975
AECCAESAR6LXPJ2VJEPN64WPMNAQ,31,101,86,0.08454172366621067,0.3484890525184503,0.5556101513581007
AHGUFVDYHZT4GZVUGN3FSM4KS37A,25,84,56,0.11948051948051948,0.44657444840799737,0.7059560493937462
AF4DA6OA3GBNJPXYR66R5K77HI5A,16,55,55,0.17306397306397306,0.5061601261019004,0.47557989721527144
AFRPPMWZW3VMGQDIZMPHBQNTMULA,22,58,52,0.14856711915535445,0.48800853097743735,0.5512847671309347
AG2XUDCCLTNCSR4AEIZ4UHZRFOSQ,27,139,164,0.12240011970671855,0.31353703505588654,0.7613078147422009
AGQ3BYKSR2EWRBITM4CERV2MVJZQ,29,115,124,0.13939155520587465,0.3592057096106292,0.6808563924526507
AGVRVBSW33TUHVPWX63GSGYVZQ6Q,19,64,57,0.22055137844611528,0.5476453073735932,0.6669945733865204
AHEE76NDKZZRDPTCUKAVHI4OF6ZA,22,65,63,0.0855094726062468,0.3963736309670243,0.5159640709057707
AFWTHSFNTWL7APIKKGQZV2B745HA,27,82,90,0.14132334581772785,0.39933851649805785,0.6850314545027312
AEFUNDFXSJLROLIBSFW74D5527NQ,31,88,109,0.19707781175671085,0.4326123603569813,0.7581862393082528
AER5HOHRL6LSC45EWGEBOUWZGOLA,31,158,168,0.14535215283718278,0.3341999207537545,0.7737131905018008
AHG5YPN72JJQXCG7463HZYBFRZZQ,22,59,59,0.1309175920514319,0.45232249693182125,0.5787412193093191
AFU7OPCX5SYLPSLCFPGBVX7ZDS4Q,28,63,57,0.11090225563909774,0.43799618456657563,0.5279666876087183
AHDMZQISGLPO7NOH2JQP7SKPLBOA,22,59,60,0.103954802259887,0.41995755929184664,0.49539209759325087
AEB2IM7SDC6STXDK4X5WO5U4GN4Q,30,101,104,0.10474234503360717,0.3447636691485375,0.7241939158986619
AEW353QPPVIJ25MBCZTQCQ5PS7AA,20,89,81,0.26944444444444443,0.5431108597000431,0.6822020612220092
AELZDJ42ZTKWK3733KORAERLI2CQ,39,138,139,0.14878531957043062,0.357151367096538,0.7635160633312882
AFG4FX7JY6KEFFNXB2YGSIZ7HWHQ,20,66,65,0.14038461538461539,0.44635296921971745,0.648420469976933
AE5IMGWRBJA7JQFBQTBK25HDYGVA,39,229,196,0.15149136577708006,0.32633042511142407,0.8045574489835475
AEBFA4NDV7BFY73OSUHAZQRTLHYA,24,66,46,0.057971014492753624,0.41887159538028296,0.5023354776519451
AG4Z3BVEK6BL4CL266OLIT7YJFBA,26,63,39,0.17813765182186234,0.5752146212632243,0.5667804634445841
AF4MF2TEL724JVL42HY3LH2EZEOA,33,172,159,0.19457049597961945,0.3893027780762376,0.889354307480023
AG2TPA2OTHKAJ2EDMS4MSWVEYEVA,27,68,56,0.09805194805194806,0.42514587697942596,0.6617228619761635
AGF6TCJ5DIUYHXKWWLFKAY2HUIXQ,41,355,385,0.14949945887445887,0.2744105162636816,0.8918571656869116
AHLZVZPQ5TWJ6KXNLADJBDZAT7EA,79,1078,1119,0.12912596059924447,0.20233177815297568,0.9133886286828949
AFIDM7WD3YFJG5SKPRVCRV67V7EQ,21,50,83,0.20834557743167792,0.4786539953886295,0.778875432073065
AE64UFB76MUZT2F2V7TCAWRO6PEA,16,48,53,0.11973875181422351,0.45918016363630637,0.4401639576749542
AHUL5FEPPRSUNPUTXCLK45RMC62Q,21,65,66,0.12261072261072262,0.42390752953916067,0.6181835372734725
AF5EMKPOFEX5D46HRWSMFMT3CIWA,23,78,62,0.2157588577472237,0.5266230161080012,0.7976067791825407
AFKBVRDWS2ZPNM6EAEA2GRYRXFPA,39,230,238,0.1272559656774102,0.2859198266734416,0.8075867524453892
AHRACJKKRNEOQ2RXRL3LJUIJEHEQ,22,89,89,0.11159346271705822,0.3725241515962208,0.6430959020725315
AG7J2BQ42YTOXPDVY4T4JZWUDCRA,33,131,139,0.15014075695964968,0.35850680448575706,0.7464124240489096
AHAZPUWMQKVPWMNASKRRHX72I7SA,24,73,75,0.1783783783783784,0.46292316768769054,0.6286905822814648
AH7DWQWLE3J47LT53FQ76ILLLCTQ,20,66,59,0.12799532437171246,0.44940022925210177,0.5787412193093191
AGYDO6ECOZYYNUZNBEC7B4KIIUVQ,19,52,57,0.15538847117794485,0.48248240010542276,0.6052302873869578
AH2ZYDCH2AFZTWQTDL67LN6Y5W6A,22,60,50,0.21387755102040817,0.5600412275408653,0.6501699326619461
AGQNTP3WGCU4SXKGLQQU5S2LIJLA,31,156,156,0.21224152191894127,0.40821811240852746,0.7879090264648184
AGNXIANQRNMDLDHCR7BKD3B7LFSQ,18,52,53,0.21843251088534107,0.557873922707424,0.6448702362084395
AGZ2367HI7GZ5GRNZJFGG3VMPZLA,53,488,519,0.16628354200608536,0.2738313633449011,0.8912271416316805
AHPKWXPGOUOKHA4FRTPB7ICIMBAA,25,80,79,0.15060045439792275,0.42775320657593363,0.6169301902918163
AFJWRG6WWXKBY6FK36QZ6KTC4LFA,17,55,46,0.2144927536231884,0.5753933345107177,0.5492267292244446
AG4L2W6D57TWHR2OAS66DQLBR3MA,23,69,54,0.08525506638714186,0.41835121942506925,0.5057745431923907
AFWA4VQRZMFNYQDZZ44DIPKT7CHA,27,62,64,0.09722222222222222,0.4031905760573243,0.4738805598800518
AFSLMINZMMAJU7VPGFV5WTH2RZ3A,20,57,59,0.12741087083576855,0.4488157757161578,0.5976975571345595
AHWNFWQGIAREGP4GVHWXYBKWKSZQ,27,83,77,0.10457963089542037,0.385355448640411,0.6826004625304902
AF4I2VKLJG2HLYYJEVJP3KULCHEA,20,51,53,0.10740203193033382,0.4468434437524167,0.5379907055121395
AHMGXQ4SWFPAMMIL7HMV2B5JXRRA,14,57,78,0.14219114219114218,0.4193438943691531,0.5983245948043638
AGZ3HGFWWX3757NYOQL22RFG7J7Q,25,67,44,0.14482029598308668,0.5138320150353529,0.6642208855988465
AFGCUCPIKWCO4AAILF3H26QFAFUQ,23,65,69,0.16453537936913895,0.4613682831240764,0.7015891310648786
AETXTXQ43FDWUAGFI6LGCHIQPULA,13,107,103,0.20121835141823718,0.4435814024409924,0.7813223585307423
AFLLWVXPGCSBHCVVTEU4Y3B2GYQQ,29,165,139,0.13971431550411845,0.3480803630302258,0.7046889778261411
AHTIHA4JQEANT2PJ2L764YT5JBEQ,20,69,52,0.1085972850678733,0.4480386968899562,0.5725168389739189
AFYEU723DTGCA5ACI3HVQBWU5MDQ,17,49,68,0.16417910447761194,0.4610120082325494,0.6281509439985903
AHXBO4WJP7MRUNRXFGDL3KWYWPXQ,34,133,99,0.13193156050298907,0.3791913294461727,0.7234060615874552
AGEQJLCP2QYVN3FPPZXSSWDX2BPQ,20,47,53,0.17198838896952104,0.5114298007916039,0.5794774148253274
AFYJU4H5WNECL4AEREHBUGH5J26Q,24,73,79,0.10613437195715676,0.38328712413516763,0.5479259347518847
AFTMOD264DYR7HPFW6QPW6RFAL6Q,26,65,62,0.1253305129561079,0.4361946713168854,0.5609326986953191
AFRXIXRPZPJ2POZGDZGXH2HYMNMA,18,53,57,0.10964912280701754,0.43674305173449546,0.4730607857386236
AHCZED5BFUGQGCREBBYP4DSEMQJA,32,92,101,0.14138613861386137,0.386160821681943,0.6818821537411324
AEC6IZVI2NGFBCIYVD4X5MDGB6DQ_2,31,102,84,0.14802065404475043,0.41509172865625277,0.6646570157485501
AEIIRIHLIYKQGI7ZOCIJTRDF5NPQ_1,38,183,185,0.14153936545240894,0.3219896558961736,0.819665708595091
AEQCZRWLHYXFS4QI6UEORJYM4BKQ,25,87,69,0.10059676044330776,0.3974296641982452,0.6666937095644937
AFFOH5RTT3P6QL2UIS4KHVPO3GWQ,20,66,54,0.11949685534591195,0.4525930083838393,0.5253792589868966
AECO2ZWV634CZOOCC7MQ23TC3GMQ,47,514,503,0.14299858221190784,0.2522468697996433,0.8902071802243953
AFH5HNVJKP7F6YKKZBP4ZRM7NTVQ,19,54,52,0.14027149321266968,0.47971290503475256,0.5725168389739189
AFIYJLRZHK7C4B5QSZAGSGZVVAJA,17,39,67,0.15829941203075532,0.45959621895919334,0.6755136027138984
AFLTPVLTS2QLWE35SQ2DOYUOLIRA,28,127,115,0.1870327993897788,0.41628529458575,0.7699908111700997
AEUHNC6V2H4RJ37GGR742EUZZUOA,18,52,51,0.09803921568627451,0.44420289220673154,0.5653272850383958
AHC5NT5TXPAUQHCHIVFZ4P3QWEYQ,30,74,68,0.10842844600526778,0.4052613497602052,0.662303804618508
AE2GZYIHR7J5P2RXNBGICKOVK6LA,15,54,49,0.0935374149659864,0.44683923786639207,0.44333669648137236
AFWZFWJVNKWBDPG2IO3WNXEQZVJQ,29,93,97,0.12736254295532645,0.37718465773377197,0.6817911198663763
AFXHLUY7QOZ325FN3H442SVNDMDA,26,106,99,0.19707276850133992,0.4443325374445235,0.7355833995284471
AHCY2AUSPYYA4C4H5ODIGIVQW4JA,18,59,43,0.14839424141749724,0.5260897772506405,0.5229205191797013
AGWYBTJM4LHS74LEIA27N2BYQ5YA,22,77,92,0.1533683707596751,0.4085636188394113,0.6912881595994984
AEK34YY7BEVRVHDLGZSTIHMHM72A,23,80,105,0.12307692307692308,0.3630982471918534,0.6603137917910977
AHAVVDFUPNWTGLACNX7FXDKNSAKQ,24,65,65,0.09278846153846154,0.3987568153735636,0.48075717537229073
AHFF34MUXMT65INX2CMPMHY3I7TA,14,49,54,0.2138364779874214,0.5469326310253488,0.6506689257222734
AGBF546BGRZAFFEIPWP3FIPE3F3A,23,53,55,0.17104377104377105,0.5041399240816984,0.6346560706163359
AFU67UH3Y737FHNGIEGFH5HBUWPQ,24,78,77,0.1302118933697881,0.4109877111147787,0.7299388345538895
AHMUT4NECOL57PONZ5IDTHOM5H2Q,20,49,67,0.23563998190863863,0.5369367888370766,0.8577470605967116
AFLYZHMSKHIH5M3WYCVGHI7TZUOA,22,68,76,0.17543859649122806,0.45621441423621867,0.6633617341517104
AGMBZZMJLRWPAXDBY2BONNXESVPA,24,75,71,0.14849094567404428,0.44105264971777447,0.5944395209651212
AEHVQEYFL5WYB5PC6CUCUJPZEJJQ,17,51,55,0.10841750841750841,0.4415136614554358,0.49434426168028306
AEDVEEUD4NZX7NYETDDN5N3HBJEA,80,738,748,0.1216452261810164,0.2111437141070895,0.8757848113139378
AHSEZYIM44F25UGBC6XPSGAUUBBQ,29,79,86,0.08727770177838577,0.35122503063062543,0.7271191347207885
AESCUI6VXJSHLUIO44Y5ERAHZE4A,30,142,164,0.14304952865479575,0.33418644400396375,0.7757307636095068
AFRIIXZFN6G47XNWDRESN4RT3UGA,19,61,62,0.1930195663670016,0.5038837247277791,0.671460922933026
AFQW3CD5IJTQWEWFXXRWLQNNGKNA,19,70,57,0.15538847117794485,0.48248240010542276,0.5279666876087183
AG2ALPFAOZDJ55V4WDSRTQR4GLWQ,24,83,92,0.11227902532250358,0.3674742734022397,0.6536439383809598
AEBD4EQFW4THUDUVAETCYTEDJU6Q,39,250,217,0.13044034818228367,0.29698842470124737,0.845250349616849
AH67QNDYAF5I7XGT55OSFK4ZWZDA,23,57,69,0.10059676044330776,0.3974296641982452,0.5841054594245085
AHQ4VAOPWBYUD3FUNK53CM6N77BA,24,107,112,0.10923423423423423,0.3405245694638045,0.7425118667547587
AEHM3SNZYPQT72AV2L3KF2SQ6E2A,77,624,594,0.16850914995940292,0.2689414189355489,0.8731275476695033
AG2KYQ7Q2HUUJJDQ5QNJ5VDDNYHQ,15,50,58,0.16333938294010888,0.48474428782049817,0.6310897729801068
AG3IOEGF2MNX7OC7JSUPYV2Z3ITQ,39,144,154,0.12333418215771157,0.3205792427860062,0.7620022566912918
AEW6MP4UK3A3VZEC2BDQN3DFEKRA,22,84,58,0.15789473684210525,0.47929964172249456,0.715084742455897
AHLAFGAYRM6P5V2ZPCAQHUHJF6ZQ,30,96,87,0.12162523389468057,0.3855725627469202,0.7442033681505633
AHFUOAHL6VL57NG6C5OMSBVVH5RA,20,51,59,0.11279953243717125,0.43420443731756053,0.5787412193093191
AFVMDYUBLUG5UUET4DW44SA4OM3A,16,58,54,0.13626834381551362,0.469364496853441,0.8260399213362408
AFNI2C3GRBCPIQOT3H66FUQYRPJQ,33,92,89,0.08529111338100102,0.34622180226016364,0.593208028445146
AFKYO43G5H3CT7ZVLIBWQW5DUDNA,21,50,59,0.17533606078316774,0.4967409656635571,0.7194414023008631
AFGILDAOESUJX3BCUY533G2ZZ5FA,20,55,71,0.1517102615694165,0.44427196561314664,0.6751431804133872
AENEBO2ESDZSB3GSHROPTRBAN2VA,33,154,144,0.14588189588189587,0.3498607984386306,0.6827665655899493
AHD5FXGYTDXMFJKTMQ4BINV5SG5A,20,55,53,0.19230769230769232,0.5317491041297752,0.6676864852114199
AEL6K4LBMCUFFYE27NG3DWZMV2ZQ,30,98,100,0.15373737373737373,0.3985120568054554,0.7022248183962722
AGR7754BCGDRLYBG47FPUV5LF7ZQ,34,138,153,0.09296525627794977,0.29150374099863074,0.7528322052749497
AHIYDVWOJNUPCTAMT4RB43P473JA,20,53,54,0.12299091544374563,0.456087068481673,0.5253792589868966
AEGHFEHDKRBBJKOC4VDKBBSGVHDA,16,48,55,0.11313131313131314,0.4462274661692405,0.5524023011875804
AELADMN45VGEJ7XYNZFIHRVMEJ4Q,40,125,105,0.11355311355311355,0.35357443766804386,0.7153111854403504
AHE2JHVJEQAFTJVE5RWEYBYJQUBQ,20,58,49,0.11649659863945579,0.46979842153986145,0.38352024265810175
AGM26HADKCZCTJ6Q64PRL2TQRTUQ,28,102,120,0.16904761904761906,0.39249531141856264,0.6995487133971237
AEXHQUNUGGXB4VZG3HB6GFU2FCDA,20,50,50,0.10693877551020409,0.45310245203066113,0.5145999324265984
AF7AZHZYMJA3HX76DCBRWLYSV64A,27,65,58,0.14761040532365396,0.4690153102040433,0.5724451086946694
AG4LYEIO3K6VCMTRFVYTTQI2TGWA,29,102,89,0.16292134831460675,0.42385203719376935,0.7083513179584109
AGODPCBFEQIVP5IXCBODQQHHDTUQ,20,81,74,0.14661236579044798,0.43115715509976016,0.6710018905837396
AEUOFJ7IEGXHNGNVGLC4BQQ7XOIA,35,112,111,0.13972153972153972,0.3731050428214021,0.7189117554346378
AF4LDZM3ZB3BISP6ZDDXMVEZDL4A,25,55,50,0.08816326530612245,0.4343269418265795,0.6262770761129544
AGPGHXWBOK3TRJU7WACF5AAYBBVQ,22,71,66,0.18974358974358974,0.49104039667202776,0.7270624891750462
AEESMMTHKZCT2BBJNQ552MGSQ7ZA,30,109,126,0.1726984126984127,0.39076103198339796,0.7597184782112866
AF5OFZXBBKPHYIPULJVLJI5UITFA,27,108,97,0.1879295532646048,0.4377516680430503,0.8227294529675553
AEP5ABC7N2Q334JAL2OVM3KGKQTQ,26,95,86,0.11080711354309165,0.3747544423953313,0.5310390345847196
AFEXBW33YYARGAMJZ6C4NFS7GNMA,28,110,134,0.10616092469980923,0.31761404478400934,0.6692386530445631
AENT7I5WTKU4GVGUL5A3XHHQ2UXA,21,82,74,0.25360977415771935,0.5381545634670315,0.7033604169309741
AGZRUASM5MP7E6RPWO7BBLI35YNQ,30,138,109,0.18093781855249746,0.4164723671527679,0.7469975040772547
AGKEOE2JIWVWT6UZEVBCKLACJSYA,16,51,55,0.13602693602693602,0.46912308906486344,0.5524023011875804
AEC26YK5DEVHDZ6CSRFPRNWERT3Q,32,113,117,0.14161508989095195,0.3688826776384925,0.7843035407344873
AGYVMHHIDAGERGBVGPGA66DTQVAQ,33,184,194,0.1499919876074996,0.3257299683392999,0.7365415507194487
AGOMZXBPLC3ZTMGI34RLOE7BAFFA,23,53,49,0.17517006802721088,0.5284718909276166,0.6688749068675024
AHIPIFF4MMM27YSKYX6TIGJ4DNOQ,17,54,63,0.13261648745519714,0.4434806458159747,0.49938590859456305
AFKTNFUPXUYFIE7LVD6JENIGNDUA,19,64,63,0.2160778289810548,0.5269419873418323,0.6761283879605628
AENQKTHHXVJF6M44GGC7Y3II3M5Q,27,133,162,0.12951460777547735,0.3218277613979535,0.681082175508018
AHTZM4LF7ZWBNUQNX57VJCI3UIQA,17,53,55,0.1494949494949495,0.48259110253287685,0.5723986032921584
AE3335XF4PMHSXKTW5B7N7EALG3Q,23,93,77,0.12098427887901572,0.40176009662400636,0.637326240623199
AFWXUORRY42X76ZC4KAEA35KDHEQ,18,63,58,0.11131276467029642,0.43271766955068575,0.5535472478688948
AHDY5AR2HZ2ERNZYAHL4XNP6F4JQ,33,125,124,0.09480723839496459,0.3146213927997191,0.7658572260244086
AHDX3TS4AXTZOTBRVGLUPOVXCBRA,18,52,54,0.13906359189378056,0.472159744931708,0.5057745431923907
AHRTKAPVYC27OK67KFWWFG2ORDHQ,31,121,124,0.16522423288749016,0.3850383872922447,0.7464193623027866
AGUCGPUTHNJCTRYNXDH6XUUTQ2BA,28,107,144,0.15627428127428128,0.360253183831016,0.7880879944929435
AHH46XXEXUYABWIUPQ4EYXII4CVQ,19,53,49,0.1326530612244898,0.4859548841248955,0.5502161511004982
AGZZB4TFHPUUSVW7DDAJWD5DJQCQ,14,51,59,0.18176504967855056,0.5031699545589399,0.5976975571345595
AHXEK642UJNWCB3LIGZZAKTONXQQ,20,67,63,0.15002560163850487,0.4608897599992824,0.6022057325793105
AG756GNHN6RVTR5NPNPOI7MQEQHA,20,51,61,0.09726775956284153,0.4132705165948012,0.5024349044309543
AHKKN6QCUWESPVFACIN3LHDWGBYA,30,92,84,0.12019506597819851,0.3872661405897008,0.692535266943185
AFB37VFU7TKHOTAJJBBEM3PAQPGA,26,122,116,0.15352323838080958,0.38079082612835013,0.7099138136430175
AE5NL2CCHI2JLN2OHFGQW7OAN5AQ,29,123,116,0.2095952023988006,0.43686279014634116,0.8878585282254474
AF2QRRCJVO23WI7ZJF2XIQZKIRTA,19,56,55,0.1164983164983165,0.4495944695362439,0.4570884670481389
AGSL2AUNWK5OOXGO57MLCI2Y4MYA,29,130,117,0.17020335985853227,0.3974709476060728,0.7122101747978118
AHDMZFFHHHXJBFMS66QIGO2ZJPDQ,22,60,65,0.1985576923076923,0.5045260461427944,0.6129998695218872
AFVRIBVLKBXRJIQ7RM23F7ECXHQA,21,68,61,0.17486338797814208,0.49086614501010173,0.7068991177410002
AG3PL3ZKFEYAFARQCM53WAMZWKEQ,28,76,52,0.10180995475113122,0.44125136657321407,0.6162724526839611
AHZGQXTGR3WB6CQR3PP2TB2YPTUA_1,82,836,841,0.1394768133174792,0.22393210260959082,0.8974612498977712
AGMDZD5WP2A4R7K3QWIFZQJ6HASA,26,79,62,0.14701216287678476,0.4578763212375623,0.6333627148832818
AFEYHZ6ZZCDYHVCZKIEDM2HZTVSA,16,51,52,0.17873303167420815,0.518174443496291,0.638878544449677
AHQ2FUKL3LK7EPRG2PBVOTZYYPMQ,28,88,85,0.11120448179271708,0.3782755564042194,0.6819472694878118
AHLQFNTIWIP7FPGINQZHVF42VN2Q,19,62,66,0.151981351981352,0.45327815890979,0.5675983150357731
AEY4MJXI33M7Z5PXZG7QI76OJFCA,20,55,56,0.1409090909090909,0.4680030198365688,0.4651889217380264
AF23OKJG2XO5CML2E4WV5YTOVGHA,30,119,129,0.1569767441860465,0.3733290420113322,0.7556237945668519
AFYBVGFQ6ZCI54XQFD3O2YJM5W6Q,24,86,97,0.2036082474226804,0.4534303622011259,0.7181531995775353
AGVMS7YZXEBNNMWCQLDYDTFFYU6Q,31,62,58,0.13430127041742287,0.4557061752978122,0.5916522758635323
AHRQERYU7ZERE3SJCC5A3X5FQDVQ,38,181,196,0.14500261643118786,0.3198416757655319,0.8356720782392464
AFC3YIB2WZBWSVJ6I6QCIKE7DESA,18,51,53,0.1683599419448476,0.5078013537669305,0.6008167150976835
AHAOL5P27IYGX3W5WM37ROVIJJLA,33,88,85,0.09803921568627451,0.3651102902977768,0.7386633182980844
AG4GZ4MJEIPVMN4LDCQ447EGXNBQ,51,280,252,0.12227281350787327,0.27646637032758675,0.8368269327996514
AETUSD4234J7JEUFY4YSBTHIYEAQ,27,77,93,0.14516129032258066,0.4003565384023168,0.6327575378013273
AFIWKQFKBOJS4NMLFADPOSOINXDA,21,73,74,0.1388374676045909,0.4233822569139031,0.579176830051247
AFTG67UZREF6CWJB5JPVUKFFBD7A,26,81,75,0.1344144144144144,0.4189592037237265,0.7069561573892815
AH4NV5I7WLS5GYM5NTQVV6KHSVNQ,19,50,55,0.13804713804713806,0.4711432910850655,0.5524023011875804
AFQFH6LI23W6465OC2D6OEAZMSSQ,15,61,71,0.14929577464788732,0.4418574786916175,0.6260505788324213
AHVMR24ZUNPBWQQDPHLIDKK7JEFQ,24,90,79,0.16390782213567023,0.4410605743136811,0.7205135344323988
AFNQKIF2ZSCH77LETKAKK2UWY5GA,20,78,71,0.13440643863179075,0.4269681426755209,0.6260505788324213
AEJW6KVUNWGMCTIFTSO4BECQI4VQ,20,62,57,0.09210526315789473,0.41919919208537265,0.420390090506445
AFGKTVFPZXYS23VORHBJSTSTFAOQ,19,58,50,0.13795918367346938,0.4841228601939264,0.6501699326619461
AGUTZC4GHLTGYHA3KBEDRF6MHB6A,52,410,469,0.13410055947369381,0.24724769674772146,0.9029828525411567
AHE23HN6PWWLKQ7NDYTGYXULFTPA,22,57,43,0.09080841638981174,0.4685039522229551,0.5483595726896153
AG4TAKCH2CQC2IXXFZDWCWVU763Q,18,53,51,0.12784313725490196,0.474006813775359,0.4814717134782744
AG7IWUJNHZMME2XF34LOOM5GUIJQ,20,55,54,0.09783368273934312,0.4309298357772705,0.4302993305416926
AHCBHETWEWAL5ZJTZHD4GA36CU3A,35,207,222,0.1963230198524316,0.3606050305566683,0.8103078299361599
AH3WF3ZOF2IK4PKXM4SZALUML3ZQ,24,86,95,0.11399776035834266,0.3664635690210246,0.570580273830554
AG4RGSE4RABZVOY2VKPPY4IEIEIQ,19,75,64,0.15376984126984128,0.45973819510494335,0.699786170999884
AETMMFA57D47GC2J3TFXHF7ZEEHQ,26,94,102,0.06969520481459911,0.3120582558373543,0.6512166994707954
AH7H7RBGD3CXY6TG2Y74FS5L5KTA,21,74,71,0.10221327967806841,0.3947749837217986,0.4894148802032418
AEK6D2FUG7LLC6OLJZDW4QGNKKHQ,32,123,127,0.15623047119110112,0.3742930904760864,0.7904602670997398
AEFXBYTFC7GO3QU3KRELTF7BPJ2Q,24,70,55,0.1286195286195286,0.461715681657456,0.6134936628587425
AEI67WXFHB427HCYK5AMUELKVQKQ,24,98,92,0.12087912087912088,0.37607436895885704,0.6413440249006085
AH3KSDVIGFMOTWIYHMGW2TQAOTRQ,32,105,105,0.113003663003663,0.3530249871185933,0.6820234390122062
AG2RJO522NKWDGHD4TJN2QE75IWA,20,56,51,0.16,0.506163676520457,0.6326842387742619
AG4LXHSI4ORJEEBXGXTSQJRMFGLQ,14,53,57,0.15977443609022557,0.4868683650177035,0.6052302873869578
AG3UP7TMMLHF24OD3JKE4UMYLG7Q,16,52,75,0.11459459459459459,0.39913938390390674,0.5841298828145445
AF5VJEN5GA3ZLW3R547M2DZLGRFA,17,52,54,0.1488469601677149,0.4819431132056423,0.5253792589868966
AEM3CBNWLJNQVH4K7TYJKX5J7V5Q,25,70,75,0.19135135135135134,0.4758961406606635,0.6749602244497424
AFSVUC3CTCPDM4Z426H4QXIBBDIQ,20,44,56,0.10974025974025974,0.43683418866773766,0.5398826411842328
AF4P6A3SEKS2HCISWAKFZVIFM7NQ,28,93,111,0.1199017199017199,0.35328522300158227,0.7189117554346378
AFMOYMIUNUZZKVZXHRPX5B5XUH3Q,50,221,256,0.11884191176470588,0.2718260886822569,0.8487691808398957
AGJGNBN5KDI3JXHPRN4TXCIZPZYQ,29,70,71,0.09577464788732394,0.3883363519310541,0.5944395209651212
AE2SNL25YBYOP6LTXBYYJKYCOZVQ,21,56,58,0.13732607380520268,0.458730978685592,0.6310897729801068
AHB5KUPK5G3TCAYG5FVU6FZTZNXA,28,85,85,0.15126050420168066,0.41833157881318295,0.7099032491461267
AGZS56ZTPGFUCMXBRIJ3OAGH3KZQ,20,80,51,0.13333333333333333,0.4794970098537904,0.6097335482929176
AFREEUPTDM4GQPYLVA2EU546ZNNQ,18,48,69,0.09633418584825235,0.3931670896031898,0.4916195148149936
AHTLWVDXSMG5YMVMEIWWOU6XBZMA,24,85,103,0.11612411955073292,0.3584871705734881,0.6763709510121245
AGLQET6T4ZX4C4UXTNEMYHIWLFHA,46,195,188,0.12424621686198657,0.30276650218511436,0.7966352577863958
AHSUULGJ3AVT2QRZSYMXPS74X5TQ,19,61,52,0.2081447963800905,0.5475862082021734,0.5941671468161882
AF7LCMKDXRTT5HLQRLC4Z7C2C2DQ,20,67,87,0.17321571772253408,0.43716304657477373,0.7022227350510082
AFLXZMMB7MNWXUVL6GD3C3EOGPVA,23,54,55,0.22154882154882155,0.554644974586749,0.6346560706163359
AHY5FPL6HYSJSWRQ4555NGCOHSYA,20,64,68,0.10974539069359086,0.4065782944485283,0.6281509439985903
AE66JYJL4LIJZ73LXTOCMCNY7RUA,13,41,59,0.16773816481589712,0.4891430696962864,0.5787412193093191
AFUHUI2URN4L3V3SJSUCBC4PMUTA,53,327,361,0.1417205293936596,0.2707281147338246,0.8193059188718106
AHILECHCGMOAULUWIOLFPV2XTAKA,22,85,66,0.2097902097902098,0.5110870167186479,0.7874133536495276
AG5O64JBMX5QU6JZJMV6A7JVA4FQ,23,92,101,0.14178217821782177,0.3865568612859034,0.693353716247685
AGJY27POQVYKPEBOBRR5FKI3NS5A,33,145,157,0.11718112036583374,0.31315771085541994,0.7364650936704309
AEES3UCRZO7MPY3G3HO5Q5ALSQXQ,17,52,62,0.09624537281861449,0.407109531179392,0.5434868919282625
AG4CEAFRHGDNLJ6FREM7SVHAEOWQ,43,223,239,0.17664639077388278,0.33531025176991425,0.8486430437546302
AFGEZCMC7GWCIWG7KW22B3MLXXDA,29,91,77,0.1254272043745728,0.4062030221195634,0.6080773166970438
AGFIRKQTHCHHQAUS5MANZ7YYIL5A,22,52,61,0.1377049180327869,0.4537076750647465,0.6471738729373551
AE3VF6Z5FMD3ULQKEN2ZI3HAEKFA,22,64,64,0.15128968253968253,0.45725803637478457,0.6435387481207164
AFDCBHG3LHGMXH5JJB66U6RAOWGQ,28,54,59,0.1081239041496201,0.4295288090300094,0.656624835397579
AH2HGXKZLDJ2DKPMA2THUBS3AF2A,20,53,68,0.08911325724319578,0.3859461609981332,0.6450938538299912
AGWBBHNEZXSET4S7T4Q7WC2AFY5Q,26,85,61,0.12185792349726776,0.4378606805292274,0.6666584693070692
AEPL634LBBKZD4WC2WJEXH4DOWLA,15,48,53,0.13497822931785197,0.47441964113993484,0.6225993137562401
AHRSEQIU4DBPAPKJDIYAWCYBYPSQ,18,60,67,0.14473089099954772,0.44602769792798574,0.5251435782400506
AEA6QOWQBEDUOOAFVVJ7VWXATEEA,19,54,62,0.11475409836065574,0.4256182567214333,0.5786265732411264
AGKMIMO2DGDJ6ATVBDVPZIKLAWPQ,32,134,164,0.1406553942840042,0.3317923096331722,0.691510009345141
AHMVGWFDCQMISB55JP6V7HBSPXPA,18,64,63,0.09779825908858167,0.40866241744935916,0.5159640709057707
AHT3P2X53ERZIBQSEDMVIFGDWVKA,26,86,81,0.14290123456790124,0.4165676498234999,0.7117314972605906
AE5DKX6S7IETZBJZB6XSNNSSWKLA,21,63,76,0.13578947368421052,0.4165652914292011,0.7432263119949354
AGIFZG4G73RCZZEZGXE72QIKUG3Q,30,119,114,0.11349169383636082,0.342744189032332,0.5974095463300015
AFL5UCX37X6ZDHP2Y54ZXTK4TJRQ,22,91,78,0.1625041625041625,0.4396569146821734,0.733110637248447
AHUMYCBWTDRYTUVNJ3HFT3TQPV4Q,27,94,114,0.15152926564198105,0.38078176083795223,0.8011771995460792
AEZGGDKCIVNXHMK7P2MPDSBOEPXA,37,162,170,0.17326836059867734,0.3610019726681072,0.8487115045190664
AEFRTLVCVRALKXBED77KHPIXEPWQ,28,124,126,0.10819047619047618,0.32625309547546144,0.7407311415838296
AF7DLIT6G4ZXHUYRJ6PMU54YOZIQ,25,85,91,0.18656898656898657,0.44458415724931655,0.6627309194923103
AH6MNHAF6CNYVR24VC2W63NQ73LQ,21,61,41,0.14268292682926828,0.5297056828497633,0.35808791952038577
AFCZXK4TAXLJ2IOARDVBTRPTGVEA,24,56,47,0.04995374653098982,0.4108543274185192,0.4240885440096072
AEBUSUYITDLQOHRYTAWUQPQQP6FA,21,70,68,0.13169446883230904,0.4285273725872465,0.6976249058686885
AFRIHIMQXJL2HQHYVFBD3CEUL4LA,22,62,52,0.12368024132730016,0.46312165314938303,0.6858421750778491
AEQB5R3OMKU6PARIWL7QTGAO56EQ,22,63,60,0.20112994350282487,0.5171327005347846,0.7025066573655866
AF3VSWDL4IXSKFT7GK6MHLHJ3YCA,19,63,59,0.13909994155464642,0.46050484643503575,0.5236111054929752
AGCSVME72JRLXHMJSDW32VS4GUPQ,26,86,71,0.06881287726358148,0.36137458130731165,0.6101432035462102
AF76KDPEJFWGPMDFYXH6QPWZXAMA,15,72,78,0.12920412920412921,0.4063568813821401,0.7826886587297252
AGNG4NHSBORIRTXIYJTSXQ4WE75A,19,67,82,0.12556458897922312,0.3958730069361747,0.5756549993137534
AFVRLJBDC44SIHVQUUFTON77M3EA,18,52,57,0.2487468671679198,0.5758407960953977,0.6669945733865204
AEFLXPJNI6KE4H7FSER3QVORYN3Q,21,63,55,0.08350168350168351,0.4165978365396109,0.6134936628587425
AGXEDCLA5ZKRRY7ZR4KYMI6PR7UQ,25,55,58,0.10526315789473684,0.42666806277512614,0.4985350670901845
AGUIFPJG6OOTD73G6OGOZZJKVUJA,18,51,58,0.19661222020568664,0.5180171250860759,0.5724451086946694
AHBGMVTXWTS4YMVMWUUF77UAH24A,15,60,47,0.1332099907493062,0.4941105716368356,0.48880258191664555
AEWH45WQQ2EQKJVI4CXJYZ6EO54Q,33,108,80,0.1268987341772152,0.4005651494328139,0.7237104218669741
AGEIYPBPLIGXZSL4XER545GA3BPA,22,78,71,0.1283702213279678,0.420931925371698,0.5635983795530349
AHJQ6C5MUA2YVQBPMHKLKNU5FH5Q,22,58,68,0.17603160667251974,0.47286451042745714,0.7534115098741596
AGLNOSRFRMEFOJA5DIGMB2PTCOUQ,22,76,85,0.20756302521008405,0.47463409982158633,0.6819472694878118
AGIS3QL3LUEQWKF3YKHLLWDD5BJA,32,128,136,0.17875816993464053,0.3886507290590506,0.8035773053181123
AH7E66O45SE5D4T5WCFQVFTLRGQQ,40,233,220,0.1447903694479037,0.309817427106888,0.8702087544612682
AH5NINNNCAEUVBGJKDHAZURTTBQA,19,51,51,0.11529411764705882,0.46145779416751587,0.5018827343627887
AGK5M7PJONKQKSVKWV2FQCFCOOKA,18,96,97,0.14175257731958762,0.39157469209803314,0.6234708420099436
AGDU4N5YF4PWUEJSUPMJUGYYJLSQ,33,130,143,0.14340588988476313,0.3488162408984775,0.7285072734125306
AG2UR6JQMEBF72N3HZFO7TT5QU3A,28,90,81,0.16450617283950617,0.43817258809510484,0.7738194874304011
AHN7ZNTYXMAVJEVKSXMDL7Z5XMSQ,30,90,74,0.13180303591262496,0.41634782522193714,0.6396027652906691
AGHTBCYBCNVYNX77FWJNDWGKNPQA,20,48,55,0.1468013468013468,0.4798974998392742,0.5723986032921584
AGUKR7YSLH7M3MNLWSCBRHKITO2Q,26,115,115,0.15408085430968727,0.38333334950565845,0.6775891308451671
AFBC7S4I7ODTCLTS4337MA3WIGLQ,21,51,49,0.10374149659863946,0.45704331949904514,0.5728493353252115
AH5EINB35PM6FR4BXP2PIIEYSQIA,20,53,53,0.07111756168359942,0.41055897350568227,0.5177895842421592
AEJKZRNBES64Q4UGI2WK6DEPL6OA,25,133,136,0.12200435729847495,0.331896916422885,0.7239913738036503
AHDEQBPVWOX6GCIHAA5O55N2QJMQ,33,202,164,0.18913661529253328,0.3802735306417013,0.8051757970861826
AHEKQAHVNYETC2ZEUGADNIQ5Q2FQ,37,134,108,0.14849428868120457,0.384028837281475,0.7790845732965539
AF4DYER3RDNQZKAOZABAI6FX6XQA,16,58,60,0.12033898305084746,0.4363417400828071,0.5483007821278327
AE7QGCNFEZNNTW2AS7G73PQNROQQ,24,89,95,0.14893617021276595,0.4014019788754479,0.570580273830554
AH4CNF7LKO5RQ6NTJPKW3RQ3MZRQ,26,90,64,0.1701388888888889,0.47610724272399096,0.699786170999884
AFJRFVE66PTXX7CQNGTJORDUDF4A,23,47,61,0.07978142076502732,0.39578417779698694,0.5726190191204755
AG3ISIU76VZMJ6YYN5W5NE7H5HGA,18,51,58,0.205686630369026,0.5270915352494153,0.6513809084171851
AGKFAOJX4FPADTOHRIJOBP3JNL3Q,25,101,102,0.1254125412541254,0.3677755922768806,0.7669735531902124
AGTRCMCTIQUK6YEIYP4QH237PF5Q,28,91,72,0.1596244131455399,0.44809414357925414,0.6792108280015874
AFCAUNXEXP5SF62HUV5QMK5C52EA,18,60,73,0.08751902587519025,0.3759887563089045,0.37918268820502143
AFB3KH4ZJDZRVGGOBRGYN5AKV4QQ,24,57,45,0.09090909090909091,0.4599208099613572,0.49315701273310825
AHX76HXXATA543E7AI2D74VRWB7A,22,49,54,0.10761705101327743,0.44071320405120484,0.6506689257222734
AEUJ4VPOPXO6FRNSQSMH23N6Y6GA,30,104,89,0.1723697650663943,0.4333004539455569,0.7083513179584109
AE5R3WBD7BSSWJ4F3PE5ICQHUCDQ,19,61,45,0.14242424242424243,0.5114359614765087,0.5906389314088996
AHYBVRYZF2OCONYWPPHVFP3LOCNA,26,96,113,0.1306890012642225,0.36197933649379277,0.7553495225522502
AGZYMSCZZ5SPWHX5AVWTP64TY7AA,41,198,182,0.10193673729585331,0.28337580385600647,0.7968360708008302
AGCMMNN6UP6PEIA2CUIEWOPS2YNA,24,68,77,0.18591934381408065,0.46669516155907126,0.667304617154822
AHC2NI7LIVUJYCFAIXBPANTPTPQQ,17,72,65,0.14471153846153847,0.4506798922966405,0.6305683180015698
AHVSRNKOWB3QKDODMMYIBX4MGZXA,28,118,99,0.16037930323644609,0.4076390721796297,0.7990742505831361
AGLJNYIBT53AKXTT73UKKGEKGBGA,25,89,86,0.08919288645690834,0.35314021530914796,0.7129917012823959
AGBULUCAF23WPOCKVOFW7TMRG5SQ,20,68,83,0.10843373493975904,0.37874215289671065,0.6891656999595097
AHUCMSY4AYIOE6HKJH5XXJHTUPVA,16,43,57,0.10776942355889724,0.43486335248637514,0.4032944233312324
AG2ENDOXZQPWVD6GBNEMEF6JTPPA,24,72,64,0.26091269841269843,0.5668810522478005,0.5901581119804671
AFEIPKBIOZMB3IVXRDPT6QOGHASA,18,59,69,0.149616368286445,0.4464492720413824,0.6164435079155017
AH4WCDJFTCUPPOWQLRZNNTKQBXQQ,27,84,74,0.13809700111069975,0.42264179042001193,0.7368752522878421
AFBGMFIHIE67WDM5T2PISCETNZBA,23,105,105,0.19798534798534798,0.4380066721002783,0.7852209982270133
AFN7FWLATHQSECJ5A3RVB7O36UHQ,23,64,56,0.18246753246753247,0.5095614613950104,0.6835501727779255
AEU5M6JCO5KF336DF6TDB5FVY3TQ,31,109,111,0.20196560196560195,0.4353491050654643,0.7403556011039398
AG3AVVQWEAP4AXNUT3EZ6QK4FOBA,34,121,133,0.13226247436773753,0.34531148969669,0.6838219357991082
AF4GIVSP5XNFHPDX2IOFMUQ3EAIQ,29,87,99,0.08348794063079777,0.33074770957398136,0.630354463119176
AHFJDIN4IJQSW5KVUA3I2XKUYP6A,51,368,360,0.14952027236149798,0.278527857701663,0.8845355107528045
AE7L6TFFDGW4ABGV4TQ4ZBOABXTQ,25,76,56,0.13636363636363635,0.46345756529111426,0.5990868734757044
AHP7BUI4D45CYAPTKRACMKC2XXSA,22,73,75,0.12756756756756757,0.41211235687687975,0.6749602244497424
AHZ6BIV3PNMZA33V3QM2AX75PCYQ,29,72,55,0.1468013468013468,0.4798974998392742,0.6134936628587425
AEFDGIRF3LYGCBIDRYDTH432OCSA,14,60,61,0.14590163934426228,0.46190439637622194,0.5370436266583215
AFGM6B54XANJUD63MYIAYPXTR23A,15,55,63,0.13927291346646187,0.4501370718272394,0.657148642807575
AFIHEN3RXXPCERCJVKVQR2OTYB4A,19,65,56,0.1383116883116883,0.4654056172391662,0.5790110416470615
AF3XL6NAZUIRBPWC32GOBE6WCQ4Q,18,53,68,0.1887620719929763,0.4855949757479137,0.5949904391667284
AEJY24XTMIMXD5G7KDKFUTUJSGYQ,18,55,49,0.10119047619047619,0.45449229909088185,0.5280384693894444
AF4DEGIQ6C7TB4CHIWRXZACZOH5Q,47,266,258,0.1354930172231774,0.28788307858790063,0.8451817058390024
AGZZXSMMS4WRHHJRBUJZI4FZDHKQ,63,1057,1039,0.13626745740772678,0.2122419520828774,0.9134267984925636
AGG2BATBE7D535HKUBX32J3GQT2A,26,109,90,0.14556803995006243,0.4035832106303924,0.7803704489029908
AHS7HSTNO5ORIHDOY222WWITN6AA,19,62,55,0.10303030303030303,0.4361264560682304,0.5524023011875804
AHUXZHGF64SVOMETLDTARSRD37WQ,20,49,51,0.12470588235294118,0.4708695588733982,0.4814717134782744
AHZUGNMXZS6QEGBMVOIX6HDAPGHA,34,181,186,0.12478930543446673,0.30426681094546804,0.8009990760762585
AF3YEJ63COKWZNJHQ2JQP5B6AQ3A,54,455,480,0.12149443284620738,0.2332182790316792,0.86543274824426
AG6R6E7V6BAR3QP5LEY7RNMGDLOQ,18,56,58,0.12280701754385964,0.44421192242424895,0.5535472478688948
AGZIBDQ3D7BRKY7DVKB76XTWV52A,41,189,179,0.1633921285543908,0.34685851017783675,0.8276862231868589
AFCB2RZXCJKPRGE44SMQQUEGXHNQ,22,54,63,0.11879160266257041,0.4296557610233479,0.6954990312423112
AGJVKDYEXLVUSML3TOBXGQOOOL3A,24,89,87,0.2058273188986902,0.4697746477509298,0.7586399170992263
AFWNPBOKTPX5C4TKH7S35X27ICSQ,14,53,54,0.15234102026554858,0.48543717330347597,0.586219469150203
AGTDSYZFQTJXWDV2UIK642M2WSGQ,18,56,76,0.17789473684210527,0.4586705545870959,0.560375520892265
AHOHXQZCEU3KDM3TPKZRNCJ3ITVA_1,36,120,97,0.13724226804123713,0.38706438281968264,0.6581522023099097
AHAS2LMQPE7IIOHNA4T7VMF7X7PQ,21,63,94,0.15099519560741248,0.4034610042700944,0.6009870154784669
AEUTQXGWATQAYOKDGV4QUHODIJWQ,26,87,78,0.11355311355311355,0.3907058657311244,0.7492796568721534
AHEQLVKBTZMVBMFTEKGE4OT2AVMA,30,98,76,0.12350877192982457,0.4042845896748152,0.7432263119949354
AGULCZYDH3AYLJNW4UYR4SW4EHQQ,20,56,63,0.130568356374808,0.44143251473558553,0.5669930617557406
AEBXQ4RSEVDK3FFEU4TKV3Q4HFBA,26,96,116,0.12458770614692653,0.35185529389446707,0.6899934700213175
AEKY7KSHVOAC23ECEPRCZNZM2ZSA,23,73,64,0.20734126984126985,0.5133096236763719,0.5901581119804671
AHNX272ZGYILPMX4YYPWIWJSOATQ,26,50,54,0.14046121593291405,0.47355736897084144,0.6506689257222734
AGT2J5VMSZM5773CHEA75GYTC27A,19,99,109,0.1218144750254842,0.35734902362575466,0.682205777876741
AE4I4MNFZ43RH4CS7YWJIXCBNDGQ,22,75,53,0.17634252539912917,0.5157839372212121,0.6225993137562401
AFYGKU4M4BODTPVSRIQ2UYZYEVDQ,33,151,153,0.12297901616787066,0.3215175008885517,0.807977674639904
AGITFK7R4LKOXVZZGEVWU56Q27JQ,15,51,59,0.1864406779661017,0.507845582846491,0.5976975571345595
AH6OYHXQ36UUE5V47JCRS4QMF4YQ,31,80,56,0.16493506493506493,0.49202899386254284,0.6617228619761635
AH34IE3XCS3PQZNVMAVRSHO2HYCA,14,53,50,0.13959183673469389,0.48575551325515093,0.43250065645487984
AGADKXWLAJJ4FGWIDIWAPJL5A6HA,37,170,145,0.16197318007662836,0.3659520826333631,0.7481322719831847
AGQT4X6P3ABL3TXRTZ2HYBN6O3BA,25,63,69,0.1526001705029838,0.44943307425792123,0.5682427607374647
AHCMDOQM5XKXD3ZUPCQR7WTPELWQ,21,106,96,0.17850877192982456,0.4283308867082701,0.6431555331990615
AEOOVQ5EI5SGDG33AOQJA2YYSEDQ,27,119,99,0.15914244485673057,0.40640221379991415,0.6760086407594452
AEA2HDZHGSH7YNGJRXBU7V3PYNOA,22,59,42,0.11962833914053426,0.49732387497367764,0.6212582990571935
AE25OEQL7PJ54QK4BI34RVGGGTZA,12,61,44,0.21035940803382663,0.5793711270860928,0.6361849825333243
AGIATWSO4UFBJ6NLPLWCKOFZQLNA,20,63,59,0.1694915254237288,0.4908964303041181,0.656624835397579
AFEJNRZKWZHMHVAWX3QYVAYQHF2A,18,68,73,0.10426179604261795,0.39273152647633214,0.5891062946257366
AE62PKTOZMZ6V7PSWCG64TXN3HLQ,18,55,47,0.09435707678075855,0.4552576576682879,0.44526694813941603
AGUM6ILPUWROHTXCZT3IKC6Y3ZBA,25,119,122,0.16325701124508873,0.38486559668398673,0.8029903378474407
AF5FVSH64VFIXMJXQUVRYMZSFHAQ,15,53,48,0.11702127659574468,0.47032309949615037,0.4547627314118065
AGGGCNJX7HDMCBRV426AISCYBVXQ,19,58,57,0.2731829573934837,0.6002768863209615,0.6885100653153211
AHTUN5BJJ5WONFRZ5UPNNZSHFPXQ,29,105,81,0.1787037037037037,0.4523701189593024,0.7421967355190613
AGDLOI6SRE5LOL4JECVULVETC7AQ,32,103,89,0.16241062308478038,0.423341311963943,0.655865097208962
AGOJHYXWDQSLYLRW7ZBV2RGMQ7FA,25,79,71,0.19275653923541247,0.48531824327914264,0.726740952876795
AF4PPTRCKDJDOQSJW42JPRBVXZVA,36,178,170,0.18614688478941874,0.3738804968588486,0.8263087063539367
AH3DXJGJAMTYSNLOUNSCV7Q6TTZQ,24,76,77,0.14149008885850992,0.4222659066035005,0.7299388345538895
AHRMBLWDL7YBLD2ESB4G7DHCYDVA,18,50,60,0.12598870056497175,0.44199145759693137,0.6035695340495391
AGYGR6FRSQWRJGITKQU6K5BWV2QA,20,54,53,0.15239477503628446,0.49183618685836733,0.5379907055121395
AEEYABBPOWJ62NLOMVCVJFLHMU5Q,24,88,87,0.0999732691793638,0.3639205980316035,0.7022227350510082
AEODZ5C7IADRBNGHW2UJ2GFX2YLA,16,63,69,0.23529411764705882,0.5321270214019962,0.6839845127547902
AE5JVVRPCSSPCMAMVAUCAOY6X5GA,26,70,74,0.16105146242132543,0.44559625173063755,0.5940163069121471
AEICZD35OTDYVWA2KPYWN4PDZ2SA,85,982,971,0.13139180566320194,0.2099842198921727,0.9133809024695807
AF42C7Q3JVLKUYBZI5GOCV5MALTA,18,75,67,0.14066033469018543,0.44195714161862343,0.7119581267464503
AGF5AY36NH3OVZDDZ7IUBWFWJ34A,23,68,76,0.09964912280701754,0.38042494055200815,0.6481111424713923
AG6UA75PNCAYQ63NX7IBSZRSWIRQ,19,52,59,0.09000584453535944,0.41141074941574873,0.41998244836594
AHNKDBHACVEEW7UKCHNBYDJ6RLBA,22,89,102,0.1729761211415259,0.4153391721642811,0.7192023898265574
AHBZK7HDHJL4257LJI5UDHQIS4JA,21,66,61,0.13989071038251366,0.4558934674144733,0.5370436266583215
AHPZG7IM7JBVYKKN6IH32JZR7A6A,16,51,57,0.15225563909774437,0.4793495680252223,0.5279666876087183
AGUWB3V7ZYWO5A2KGSBIFP46C5GA,17,44,69,0.19352088661551578,0.49035379037045324,0.6164435079155017
AGOGOL42K2ZH35WKFK55FCRVNRIA,45,415,427,0.1724115182900683,0.2910052397421718,0.8546291634633106
AGPUNPZAPRZDR5JRZM65MSSBV77A,27,68,81,0.16728395061728396,0.44095036587288267,0.6677397318085667
AFPF2CONJ33FNFKOEQ2TUNWQJTFQ,41,221,244,0.1628550226000135,0.3195559561330167,0.8121280809403645
AG6Q352FLUBRJFHXPWTSR6X7NU4Q,21,58,53,0.14658925979680695,0.4860306716188898,0.5177895842421592
AENAIARCWP2IDWDPTAXFFX663F6A,16,52,54,0.22501747030048916,0.5581136233384165,0.5253792589868966
AHT6AM6BNIZUHFJB5V2M6XM72G7Q,22,66,54,0.1146051712089448,0.4477013242468722,0.586219469150203
AE4MBJ7U7NIHOXS4LKA55OKCHASQ,28,93,84,0.15375788869764773,0.42082896330915004,0.7358028544996036
AHV6ORJZ5R7D5AE4ACP6JWJJGKYA,36,124,122,0.12830239804904484,0.3499109834879428,0.7425414342600676
AFHILCC5WFKLYGRZHHUQCLQTKNHQ,40,265,243,0.10903649287487671,0.2663836185659936,0.8664055963851113
AEHW3XPN4OAJTCRSJFMQM3GB2MSA,20,71,74,0.09922251018141429,0.3837672994907264,0.5499792265050043
AGH6XOPLYMOYQG3SUZB72TDMRGZQ,24,75,77,0.08680792891319207,0.36758374665818266,0.637326240623199
AF3KNCUWGV462QPTKEOS22ZXRBLA,22,54,51,0.11764705882352941,0.4638107353439864,0.4814717134782744
AG6ABWJ3MV5L42D4Y7SZZQJPGWPQ,19,55,48,0.15336879432624115,0.5066706172266469,0.47603123801194575
AH2MHUG2OX25OE2YQ56VPX3Y75QA,30,101,96,0.13903508771929823,0.38885720249774375,0.7797296407134251
AGTAEHQD23OXPBIQ6XULCRAM63QQ,25,109,101,0.13346534653465347,0.3782400296027351,0.7049367905739587
AGEK6YV2JNA3W7VGTJ63QRZ4SPIA,28,102,91,0.10818070818070818,0.36619587886103816,0.6377844005840172
AFAI3A7XWPRB2BRZWPRJJO5FP45Q,25,76,89,0.13278855975485188,0.3937192486340145,0.60551287478446
AHG5OUYNZPXAKJULNIA667MM5SJA,37,141,122,0.10513480558189947,0.32674339102079747,0.7231704588289593
AECVZVINWATH26RZLF6GHX5RLD2A,26,77,71,0.1501006036217304,0.44266230766546055,0.5944395209651212
AHKULNJ7UQDGZ6Q2GLJHZTEEDW4Q,35,154,169,0.12404902789518174,0.31289679581175345,0.7472430930617813
AE74R4MXEU5OZLFWTEMEOKFLHBHA,21,64,59,0.16715371127995324,0.4885586161603426,0.656624835397579
AEX32AJWO2E7MT72BBNSUKH6PYYA,42,145,113,0.15281289506953225,0.3841032302991025,0.7028009943924672
AFHFMYCNLONPVUHT3JZFYLIEGX6Q,26,99,80,0.09145569620253165,0.36512211145813034,0.7084448997869988
AEK6S3VTX6ILWLZYNGHE2KH3AQUA,27,79,64,0.11904761904761904,0.4250159728827211,0.7193369127092686
AGS3Y3DFMQG2CJ7H573D2IBO6YVA,26,75,71,0.16217303822937626,0.4547347422731064,0.6101432035462102
AHWS6KEYMVXJ2QBO7XVMWYTEO2GA,21,72,83,0.1466353217749045,0.41694373973185606,0.7180888112314521
AGV4A5OW3D3DLCXUA732NUNSJDYQ,18,54,58,0.13430127041742287,0.4557061752978122,0.534939799972405
AH2EBJFQ2TGA23CPYUEFFK4YTANQ,30,134,127,0.15998000249968755,0.37804262178467285,0.7426378206811888
AGTUIPPU5SQY6DTRYVR64YTJXG2A,29,79,72,0.14475743348982786,0.4332271639235421,0.695899838313818
AHX27EH23JDXSDH723OOHC2YDF3A,19,54,51,0.2196078431372549,0.565771519657712,0.7053050017368608
AF757ZS6HFSVQZIIC76AVBND4LOQ,16,58,46,0.11400966183574879,0.47491024272327814,0.6237729616754668
AHEIY6MQYIUEKH3FLQQVRDJ2LUGQ,23,56,72,0.16823161189358374,0.456701342327298,0.6627919399912201
AEZ4UQPUCMYPEXDR3BCTZ22Z2M7Q,22,56,55,0.1420875420875421,0.4751836951254695,0.5723986032921584
AECSGWJW72T7RFUOONY27ZIESABQ,21,48,59,0.14085330216247807,0.46225820704286735,0.6770650802036574
AEGWUKP4FG5GISCFLDOSG5W2KMWA,27,143,129,0.16727228682170542,0.3836245846469911,0.7190461222954831
AE4YLXZ3JT2F75TQTRY6BL6UD6UA,27,79,74,0.1662347278785635,0.4507795171878757,0.6870507261964652
AGOVEEK7OQXMIF4I4UOXGD732XWA,20,49,51,0.14666666666666667,0.4928303431871237,0.7053050017368608
AFTKKVIGT534WZS2NTESMPVXC5AQ,23,66,48,0.12145390070921985,0.47475572360962554,0.5197614809072733
AH2C2OAE2Q2GOAMSCXS3QV6S52MQ,32,109,111,0.1285831285831286,0.3619666316829909,0.6567863749057792
AEVNT7PL2427YXOIWWPUDB53VYUQ,22,54,55,0.23973063973063974,0.5728267927685671,0.7011707459207333
AHYCX7ABSJ7I6FQ24IAUWOGHIJVA,21,62,58,0.1542649727767695,0.47566987765715885,0.5166068802770301
AEOMTF2KGPGBSLSLN4YCFUVTAQ6A,21,54,50,0.07918367346938776,0.4253473499898448,0.412814626846398
AE4CGVZRXIAQDALP6UN3FMJF6NSA,23,67,62,0.11369645690111052,0.42456061526188804,0.5609326986953191
AF5WMXTKZMTL3EVJMZM63ILA6H7Q,20,69,72,0.1298904538341158,0.41836018426783,0.5689152588432781
AF4CNAUOROUP6WQEHMP7DWVB3KFQ,17,60,59,0.1484511981297487,0.469856103010138,0.5236111054929752
AGNVPG5LUE53WJT6YZYDOAVGNITQ,26,66,76,0.2217543859649123,0.5025302037099029,0.7601120350769943
AHNRKRI4TADX6D5B32WFKOWYSWZQ,34,79,91,0.10085470085470086,0.3588698715350308,0.6254865417258679
AGLSDR7Y4E3V4XVRFSFQPOUW5IXA,20,46,56,0.1279220779220779,0.4550160068495558,0.41189511932047684
AHKSD37M6YINFJE4K4K4QAAWWCRA,22,50,56,0.10649350649350649,0.4335874354209844,0.6404041038680541
AFLJQ7ONRNGXUCA67XWGIN4OLJAQ,33,106,116,0.18170914542728636,0.4089767331748269,0.7825586986411955
AH7OXGKTTNO2MZQZU3FYKVJBRD6Q,16,55,52,0.18250377073906485,0.5219451825611477,0.5941671468161882
AEOPWB7TDB36DERA2HILFN3CV7RA,13,50,54,0.1187980433263452,0.4518941963642726,0.4302993305416926
AERIK7GJLZAGV7WSQ27O6LPAEVHQ,28,99,100,0.15313131313131312,0.39790599619939476,0.7626372857400586
AGR4OEGODMLQE34H55CCYHCOS77A,14,39,63,0.10445468509984639,0.4153188434606239,0.6202155502317279
AFSUY5CW67K7ZLKUOEWM7QFRKJ2A,16,73,61,0.24863387978142076,0.5646366368133804,0.7068991177410002
AGZMKHWSCB3UXDGFUPFRZSL4EAWQ,22,114,122,0.17111502506435441,0.39272361050325244,0.8029903378474407
AF6NUKNPSTZPENLOA3BIU3HBUDIQ,23,144,138,0.16481540251771926,0.37318145004382663,0.7972248145071077
AGKR5EPZEW4FQQAQBUXQBXMAFLCQ,27,73,87,0.1037155840684309,0.36766291292067055,0.5118057955469126
AEUMFFNJZVNADPWYCH7Z36YXNHAA,25,70,96,0.09714912280701754,0.34697123758546305,0.6199332388163268
AHDYWEPU7QZTV4THNKEIDLINVXFA,58,549,567,0.17563769389446657,0.278524167292664,0.8981614514822521
AGVZL5MSRHWZ74DPTM6PFQYFVTAQ,67,507,544,0.12426876828079297,0.229215047842998,0.878779233334573
AFJOLC4LQCWSFSV76IYDJMHB7I2Q,25,62,58,0.12099213551119177,0.44239704039158106,0.5916522758635323
AH7RZZ47LJVL4ASHAYKVR5DZCTGQ,27,108,107,0.1579968259566214,0.3957430150836291,0.7313589624907313
AH2JKHXWYTOQT3N2FH5QPJWKSRTQ,41,231,244,0.12423261148215611,0.2809335450151593,0.8121280809403645
AHBQYAFF3P7663IHYQ7KCE75NQBA,33,148,178,0.16460356757443026,0.34806994919787615,0.739847668499054
AGPZ7KMTXF7ZZSQTQ5346PUGGAFQ,23,56,63,0.1679467485919099,0.4788109069526874,0.5669930617557406
AEUNI3OFLTJG7LZNVHXLKXSOLO7A,17,46,66,0.14965034965034965,0.4509471565787877,0.5675983150357731
AH76HZ6TQ3JIMFX3SIWCFBPX2JZA,24,81,69,0.1104006820119352,0.40723358576687263,0.6001684123332265
AE6FG3OZWHGNTIACGI2DEQTDYB3A,22,54,46,0.19710144927536233,0.5580020301628916,0.5492267292244446
AFKZESU3PTCQ2UVDBDSFVFTXBFNQ_1,50,605,572,0.10411742373213477,0.20646286021598537,0.8825490012834817
AFMIL52ZUYM4HYTD22N4TUTTXTKQ,23,59,55,0.17575757575757575,0.5088537287955032,0.6346560706163359
AGU35OCWVSLJ4FQ5DSUYXP3FTUFA,24,94,80,0.1591772151898734,0.43284363044547214,0.7550556149621408
AFP33S7JOLTWY4WO3HHRVGPYBSLQ,18,51,58,0.1191772534785239,0.44058215835891323,0.6513809084171851
AHP53RQRBGPN4HDCVNYBSEOHRCZQ,29,95,73,0.1232876712328767,0.4117574016665909,0.6996760711234844
AEV7JM37E42KJBVSKJZASPXE3YOA,21,55,57,0.15538847117794485,0.48248240010542276,0.5854261082978505
AFUEDRMVN3NGRUCH6QBYJ5ERROSQ,25,69,72,0.14710485133020346,0.43557458176391767,0.5539220438063099
AF4OT4JFCWDCQYYUSABLCT6E7MCQ,26,79,85,0.17170868347338936,0.43877975808489167,0.6148702773059633
AGU7TAN3F323XBPIBTEW3TDAF32A,20,62,58,0.1736237144585602,0.4950286193389495,0.737495493287368
AGJNUMD3ZCOGO6FFB6NAVV3CYP5A,29,105,85,0.1296918767507003,0.39676295136220263,0.7386633182980844
AEH5Y525F3CTRR4KHLJLQTCFUSDA,39,309,298,0.1475606173592751,0.28935478412416804,0.8653366242073695
AGSTDL3I5TMKBYCEXDKCEC43ETCQ,23,59,45,0.09191919191919191,0.46093091097145816,0.5654032452884457
AHIQKES2DS4GEDPKHAZMGCS2HHMQ,16,57,51,0.1623529411764706,0.5085166176969276,0.4814717134782744
AETKRATU4ECDMBCIQVTPGFWAI7WA,32,121,108,0.09501557632398754,0.330550124924258,0.6901442257268278
AHGIDR4IJFS23Q4GTZ33FI5LYDSQ_2,25,85,80,0.1439873417721519,0.4176537570277506,0.6495605062054225
AECKGMR6XCQLS2CKXDI6KH46UWTQ,35,162,151,0.11620309050772627,0.3160607823304827,0.6964652913547091
AGSLJQOUHG4HEY3F6PC2TMUXDETQ,27,116,101,0.17188118811881187,0.4166558711868935,0.7404340388332888
AHJZICZVRJWDIAJ7F4KECEIFOH3A,40,258,291,0.1753051309396848,0.3190417740625657,0.8455627243458042
AHQN4PR4VZLKHV6Q4JL3B3QLKJOA,27,115,107,0.12925409980603067,0.3670002889330384,0.709213850756488
AHMAGO6RME5BNQIVWP56IIWELOJA,24,76,72,0.10015649452269171,0.3886262249564059,0.5840782301604049
AHEYRB3QDEKKFTZ3B7FU3UAEJASA,17,60,59,0.10461718293395675,0.42602208781434603,0.5600866405542735
AEJQMJCRCYXTXQ2BCF3XP2KJZMRA,23,64,91,0.12014652014652015,0.37816169082685014,0.5892304856251341
AHGNBIL7SLPTHLJWQRA6XJDDRKZA,23,69,75,0.0990990990990991,0.38364388840841124,0.6593252994867622
AHWQ7NF7NNOI53VYRHMNOLHHT4YA,25,81,68,0.15539947322212466,0.4522323769770621,0.6976249058686885
AGA6ELHQQPZEVEG26LAAV6SFWDEA,19,71,83,0.12195121951219512,0.3922596374691467,0.6749972298376123
AFFCTK6Y27DONGPEBDIGH6YXH2TQ,54,474,469,0.12234614473420444,0.23549328200823205,0.8798932283572563
AGGHIRS7NROMQU4N6PDJCNH26ZEQ,21,73,79,0.12171372930866602,0.3988664814866769,0.5889110224370903
AE7JOVNS4C7U322U2UIIZLDBKBOA,30,143,136,0.12352941176470589,0.33342197088911596,0.7586193029521253
AFTRZYHACSFQKBN65BYGGZ3II2MA,18,55,48,0.16134751773049646,0.5146493406309022,0.5197614809072733
AFW7E3SFBPFDQ6HDNEINTNMOBG5Q,24,59,76,0.14877192982456142,0.42954774756955205,0.6481111424713923
AFDNV3WLJUPSGQ75XDJL5MPTQBGQ,27,84,76,0.13052631578947368,0.4113021335344643,0.7104664215246896
AHL3R5T5CBXKOFV74ODDPJLNQYIA,22,69,76,0.11368421052631579,0.3944600282713064,0.5048645028181512
AHR7J6ECPZ3Z6S5BOBLPIBN42UMQ,22,84,67,0.1216644052464948,0.4229612121749328,0.5409835329301962
AG3CK7F7NP5GM6BN6OHZJRWWF7QA,53,347,315,0.13333333333333333,0.271467678388368,0.8723980507823762
AERGQ6U7YCR6JZ54FFKYPUM7PFDQ,23,69,77,0.1442241968557758,0.4250000146007664,0.667304617154822
AEUUFC2JXLKMGJJTTOGUQUL5SKPQ,45,250,248,0.19005485176962256,0.3454869309500113,0.853947514297289
AGECNBG33ROS6O4KC6IL2HK2XNBA,36,97,84,0.12650602409638553,0.3935770987078878,0.7358028544996036
AEOQK5R2VIF372OSXLIWC6GQMVVA,24,66,70,0.13209109730848861,0.4246528013522188,0.6376179397962275
AFTHDT2O7A2HWCMCK6AC2R5YE37Q,27,79,63,0.15412186379928317,0.4649860221600607,0.7153090326778615
AF2IWZ2WIXEMCM3ZHI3FV4XZMQ6A,24,70,84,0.1491681009753299,0.4162391755868322,0.765847891340993
AFAYWPUUPPOPNSJRJE55GJCVMEHQ,19,56,56,0.12467532467532468,0.45176925360280257,0.4651889217380264
AHS5FPE6RHE4ITJ4SAVI67YVRNOQ,24,128,115,0.13043478260869565,0.3596872778046668,0.7279872812634955
AFZ65RCGGPLY6YKWUEZD2CCDNKGQ,12,48,52,0.2081447963800905,0.5475862082021734,0.5099610345478525
AELRGAHYW4A2D3SBGP3FAWJENQJA,21,59,64,0.08134920634920635,0.3873175601843084,0.4898836508523842
AEWBDV24CDYDHTTTR7TIPKX5HUAQ,20,70,67,0.21754862053369517,0.5188454274621332,0.6403789360053062
AE6PDNPNIWCIEH24Z65XBYYTDTTA,19,48,62,0.12215758857747223,0.43302174693824974,0.5786265732411264
AGI4ZZIMFVNCXGV2BVIU6JZ4TPIQ,18,57,54,0.24248777078965758,0.5755839238275849,0.6072556800279818
AHVQH6Z66TVI4B7R4NJ6XO6BAISQ,32,167,173,0.12421024331227315,0.31084918941976747,0.7868029479064834
AFM3KHXL5LZH6SKJSF2BMJYF3SQQ,17,61,65,0.13990384615384616,0.4458721999889482,0.5125947916301135
AF3VJWZYBINWBUJTSNDGIO6OY5SQ,30,100,86,0.11983584131326949,0.3837831701655091,0.645031804958644
AEHLBSKJ7D3UGXNJS5JSFURYVFCA,15,50,53,0.10449927431059507,0.44394068613267795,0.7402792910486923
AF53ZKFWQ3BC2EXJ6FP5WIIN2MCA,27,62,54,0.14605171208944795,0.47914786512737534,0.6731462743700818
AFIKPLSJCM3IYFC3AAYOU4BK2DCQ,20,49,53,0.12989840348330914,0.46933981530539204,0.5177895842421592
AHYFS6FJHSRC2H26UROJC6RK2BMQ,23,59,72,0.14162754303599373,0.43009727346970794,0.6792108280015874
AHKOJ6OCVU2W67ZL74KK43PLGI5A,20,47,70,0.2070393374741201,0.49960104151785023,0.6213070806839643
AG4RMIJI4W6ITLNIDISUKCO5VPNQ,22,74,70,0.1730848861283644,0.46564659017209453,0.6709721213417411
AHFEKMQNEZ6JCHJITYOZAYAYSPKQ,21,65,50,0.15346938775510205,0.4996330642755591,0.782455785388728
AGYHZ6BEEFCJJMD5CNSRKEMJEMCA,28,96,101,0.1318811881188119,0.37665587118689353,0.7525486856839054
AFNRTOQBZEL3MZE5FUDIGEGV7H2Q,41,248,258,0.15594365517449402,0.30833371653921726,0.8988964129661722
AHBK4QU2FQD5MPSCIITINHM2TAPA,23,72,82,0.17253839205058719,0.4428468100075388,0.7605727174465663
AGZALMFGWGTHSFB4LFXNW2AECUEA,42,163,156,0.11695616211745244,0.3129327526070386,0.7957020949469061
AHAZFJIG2P27OH4KLTR2SMWMKW6Q,24,97,89,0.12895812053115424,0.38988880941031684,0.7083513179584109
AGVM37ENJ7TA4BJ4LRWQKQPMH64Q,21,52,57,0.14411027568922305,0.471204204616701,0.6052302873869578
AETTCQ34XRYAYKLWZZJZVRQM5MSQ,20,56,63,0.09523809523809523,0.40610225359887275,0.49938590859456305
AHPQFIVYXQZH6JMFAXRDI3FUFEZQ,37,178,182,0.14194645133871653,0.32338551789886966,0.8034542358709555
AHBDTLNWRFQMXPI3OUKYMYBYLOJQ,24,88,89,0.15474974463738508,0.4156804335165477,0.7495146161138255
AFBFWGX7SDRJT5DDHEERCGZT4AEA,23,58,45,0.1191919191919192,0.48820363824418544,0.49315701273310825
AF3KNIB6JUAQDSP7HZEVB44DHMKQ,24,77,63,0.12903225806451613,0.43989641642529365,0.657148642807575
AF3OZUPLSOGYWBRID7H2XCCD3UAQ,30,106,106,0.1435759209344115,0.3813221100614192,0.7177925093447484
AHBSAEV65SZJFHDTPWDS47KKC2YA,27,134,112,0.1817889317889318,0.41307926701850206,0.7533134020498848
AFM2HPJTYPIGGIZHPALJJCL42YMQ,30,84,99,0.13296227581941866,0.38022204476260224,0.6529869927497846
AFLH6RLYSGM6RZTB7D2QPKRFJMJQ,23,61,66,0.13613053613053613,0.4374273430589741,0.7465887961078681
AE2QK2SWUQAGG54GHQDJUREN3DRA,30,109,98,0.125394487691984,0.3726542566351676,0.6156679316882535
AHY33GMV66E2L2OGPPLIZ3IDCUYA,28,95,84,0.14687320711417096,0.41394428172567327,0.5846295715213241
AFRMOOG7VG4WSGTOQCQMGLIGC5LA_1,25,94,102,0.1471558920597942,0.3895189430825494,0.7192023898265574
AEUFFWKPFIARZOLN34A72F3X4VEA,19,51,50,0.13224489795918368,0.4784085744796407,0.5145999324265984
AFZDZGZNCOO4L3E2TKHL4JP4YS3Q,19,66,61,0.13060109289617486,0.4466038499281345,0.5370436266583215
AF5XHCHKI3CCKABRWCN3J2NGGFUA,25,99,92,0.15910176779741997,0.4142970158771561,0.6413440249006085
AHI7A36FSQATGRO2CDS6VNSVC4DA,22,66,62,0.13907985193019567,0.4499440102909732,0.6148219086622118
AGIMYCA3OW5YGXP4MMNUGWOWLWXQ,24,108,99,0.13378684807256236,0.38104661701574594,0.7113692173816772
AFYLM4TY5MMUCWSLDKUIB5PIF3JA,16,50,53,0.14296081277213352,0.4824022245942164,0.5794774148253274
AEJBSDLYHVSXPWUIDE5AA64APFZA,19,67,63,0.16231438812083973,0.4731785464816173,0.5844708045978679
AE7GA3U6Y32ZKNKWN3B32YIN7P7A,23,100,100,0.1505050505050505,0.3952797335731322,0.5790701454313567
AH254KLJJLFZUUSWU6STN7PMKS7A,25,81,78,0.10789210789210789,0.3850448600701188,0.7016434415248278
AELGXRSBMW6YZBEFZQVUF3QYQVHQ,12,58,66,0.1337995337995338,0.4350963407279718,0.8821552566643205
AGCA64OUVM2TJGNN3IUXMEU7KF6Q,32,176,204,0.13909011880614314,0.3104666756933946,0.8118868498144874
AGHZW4TANYLJ3MYNWOB4JEW66SOQ,25,59,48,0.08333333333333333,0.436635156233739,0.5197614809072733
AHDEEVJGEQVXRHOX3HFG5Q3F4ZRA,33,178,221,0.14167009461127109,0.3066971522702554,0.8041126241965609
AFERLCOSLAZPD4FOKHKCBC5PM5UA,17,82,83,0.20129297678518954,0.47160139474214113,0.7479198991031014
AFVAUF5XDUB2H6MA2ND3VFEO5E2Q,20,76,86,0.10560875512995896,0.36955608398219864,0.6188858328636561
AFDQNDRLLF47MO5CYI7PMLYSC2QA,19,57,55,0.1259259259259259,0.4590220789638533,0.5723986032921584
AFQXJUFP4PGITLRRO6WEU3OSFWBQ,24,57,60,0.1367231638418079,0.4527259208737675,0.6035695340495391
AELN4RMGNHECSTVJXJ6ZMN74AAIA,14,42,61,0.16939890710382513,0.4854016641357848,0.6280568323013574
AE6WU4SFOAVPE7A33RAHPQGCKR4A,35,109,104,0.12322628827483197,0.3632476123897623,0.6903067844257832
AE5FJLSPXITRDBGBSCKGWOZ3ZCOQ,22,63,56,0.15974025974025974,0.48683418866773764,0.5790110416470615
AHZSHLSRALGTOXKEAVIKIHA37JGA,22,87,71,0.09416498993963783,0.386726693983368,0.6101432035462102
AGWFMLZCUT6NEPAJOIZKZN2ZOE2A,15,63,55,0.2222222222222222,0.5553183752601496,0.7011707459207333
AGJRMIF3LHVDBHMCEYRL7GWCVMRA,26,108,122,0.15241837149437745,0.3740269569332755,0.8134983558449589
AEXDR7GGRBNNHQKSTHBAHBVACTSA,19,69,79,0.12755598831548198,0.40470874049349287,0.7205135344323988
AFAWMUZHDWA2BUULOOOVMF3RR6QQ,34,132,135,0.1722498618021006,0.3837029818863007,0.7481289618161264
AFWVN52MRBWOTIK7UGXBWGOY4HBA,18,57,48,0.17464539007092197,0.5279472129713276,0.6628094464652029
AFYTYOPH5UG42COFMW2HW3ZFJTYQ,23,62,57,0.17982456140350878,0.5069184903309867,0.6669945733865204
AFK4DMI6LZY7CSH5Q24UVGTRHFTQ,23,74,61,0.12622950819672132,0.442232265228681,0.6865502254993905
AFCP2TNAYCO364NXL2CLWQGFXHWA,28,68,66,0.11188811188811189,0.4131849188165499,0.6355387470095439
AEFNW54XK3ARD4OBRWBS5TXURUQA,23,60,56,0.10974025974025974,0.43683418866773766,0.5398826411842328
AFZU3UIV7FQFQL7H7TC4J6JVOYIQ,18,46,62,0.0967741935483871,0.40763835190916464,0.5092898729037553
AFVIKCEGFX2QTEQGLLM7KAGE5WRA,18,45,66,0.11002331002331002,0.411320116951748,0.5349679685672952
AH3JYMVUYJD36GPVGEILOX3Y2ESA,25,73,89,0.19969356486210418,0.4606242537412668,0.6818078606074973
AGQVYRFKX6G5VO65RHQ7UZKGSTKQ,16,49,57,0.19047619047619047,0.5175701194036684,0.6052302873869578
AF6PYKOUHORFC3TLKFYFD33N4BFA,43,201,161,0.16133540372670807,0.35484678173695555,0.7941566102180357
AEFB7GQJUQWWIOK35NOMAC47PI6Q,30,116,102,0.22752863521646283,0.46989168623921806,0.8586230683661963
AECSBI2WN54PZ6JTA3MLM6WUN47Q,21,64,57,0.11904761904761904,0.446141547975097,0.6459764496621503
AEIFOXPMNJWZXDDGPO6DBZPSQ5WA,38,163,194,0.11751509000587576,0.2932530707376761,0.7601813007395235
AFTP4CS3L7FXZ45SXX553REC3MFA,23,56,53,0.09288824383164006,0.43232965565372294,0.45912178599097075
AFJTTFFMPZ4BUCY6UE4WHHR24CEA,21,67,80,0.11803797468354431,0.391704389939143,0.5264595848813503
AGABRCVDMJACNEUZQF3K5N6ASOTA,33,123,105,0.10073260073260074,0.3407539248475311,0.7153111854403504
AF5GRAZOLOUIUPODTWQVJDYF4AZA,18,48,65,0.15,0.45596835383510204,0.5956945765250103
AE7GUGPHKJLCXM4O43UVKFZ6UPBA,24,66,67,0.1931252826775215,0.4944220896059595,0.6403789360053062
AFO6QRJE7PPMBY2P66V2FPKJUIEA,40,201,218,0.15245423413520484,0.3182365683152477,0.8632039452302782
AEI4GU653P6LRUUM7MLI3BHS6HGA,19,52,65,0.1971153846153846,0.5030837384504867,0.6665810570773888
AH25DEW5JUBLDW65WMCTQ3VICZ4Q,23,86,70,0.18178053830227744,0.47434224234600764,0.6376179397962275
AGNF2DGDI5VR32QJTJPKHE7LS26A,34,89,78,0.07459207459207459,0.35174482677008545,0.6269412864201608
AGKD4Q3J7FLX6XOCS4UDJXKM75QA,18,50,51,0.12470588235294118,0.4708695588733982,0.5018827343627887
AEHH3ZK5OPHYILGVM6NIOAQG7MEQ,18,54,56,0.16493506493506493,0.49202899386254284,0.5790110416470615
AHCX7GPLZ4J3M6B7CB3LWF2HXEPQ,20,51,57,0.17794486215538846,0.5050387910828664,0.6459764496621503
AGTR5JNUBYVJ4S66SCDZKAAKUCUQ,26,59,46,0.08309178743961353,0.4439923683271429,0.4139858325056571
AHJ2S343LIEFFF6PEJOHLWMZ4CQA,19,51,61,0.13169398907103824,0.44769674610299787,0.6280568323013574
AE5OBWH42SMIJMW33W4UIHOVYUAQ,31,134,116,0.21874062968515742,0.446008217432698,0.8269339190892158
AHR375Y4F3W6I7Z5YBS6PVJR37PA,36,93,106,0.17448337825696317,0.4122295673839709,0.78711883046281
AENPFFAIQ75VTJYM6BCEKB5WWWJQ,33,223,177,0.15382639958911146,0.33833225911524456,0.7779296500019451
AFB4U64YA2ML3OF4UUMFUE52B6GQ,26,95,89,0.208120531154239,0.4690512200334016,0.6949991746693935
AH467Z3742JS32I7V6C2OECMHXQA,23,61,65,0.1576923076923077,0.46366066152740976,0.6665810570773888
AGTQHZCHCPOBUSBJFZSEPCWQ44ZQ,16,59,58,0.14458560193587416,0.4659905068162635,0.5724451086946694
AEUHDKB4POKYWKAVGAUKCN4JSHSQ,20,76,54,0.17330538085255065,0.506401533890478,0.7446300394624509
AEFQZUFCOB6RLGQQERSPS4P5GDSQ,23,69,61,0.17814207650273223,0.49414483353469185,0.6666584693070692
AHEYBY33U7TAJA3KWZGD7DXEZRGQ,19,66,51,0.1623529411764706,0.5085166176969276,0.587296753724472
AEOSCZNS3P5OOCDISARS5TVRFVYA,22,58,43,0.23809523809523808,0.6157907739283814,0.628869227523756
AGMZV54XEXNBFMAGB3OERT4UPB2A,35,110,90,0.1285892634207241,0.38660443410105405,0.724718831033547
AEB2KGGJANOW27FHME4SJ3IIFGIA,35,131,135,0.08568269762299613,0.2971358177071962,0.7838354825915239
AGJEXT3S4UW4P76ZQ6KSZM6AO5QA,25,56,67,0.11759384893713253,0.41889065586557056,0.5251435782400506
AGH5UEOJXJR5CMN33VMPDCEFBQAQ,26,80,73,0.10159817351598173,0.3900679039496959,0.6669469725343722
AHKF4WFT35DXX3TL7JT776DJNUJA,20,67,70,0.1681159420289855,0.46067764607271566,0.6213070806839643
AH75O6O35WZKXRMLGIQQFFDA5KCA,21,96,89,0.14530132788559755,0.4062320167647602,0.655865097208962
AFH6GLY2ND6DKFGNZD5NF2DUWP2A,37,137,154,0.18979713097360157,0.38704219160189623,0.7697133077380016
AGP2E6KQNCXVYNQM5E4WMWUTBU4Q,24,52,72,0.10211267605633803,0.39058240649005227,0.6149490682652078
AFIHPFIZXC72VUCPMVGRLMMJTPMA,28,83,99,0.1282209853638425,0.3754807543070261,0.5970621250370783
AHE2UO7FEFP5S5LCL7XWBC3GQRRA,20,80,58,0.1500302480338778,0.4714351529142671,0.6933183282405708
AFO7DHIAAH6SJFY27S7ANI2NIZ6Q,28,92,89,0.11874361593462716,0.3796743048137898,0.6430959020725315
AEYDWBTKRXYIOW2ATGJ7YV4FXGWQ,22,58,71,0.11830985915492957,0.41087156319865975,0.6260505788324213
AGMXF4VIQB3J35DN2ZPELWZE2JTQ,17,57,56,0.08376623376623377,0.4108601626937117,0.5398826411842328
AGPZKGHFWRKC2JEEYPISHATYF52A,29,97,99,0.10472067614924757,0.3519804450924312,0.5752667401934822
AEWGIJRJ6FJANQOIJPTMSNJ6EIAA,23,82,71,0.14164989939637826,0.43421160344010845,0.6260505788324213
AEZFU44YV2CAGFRDA5MTGEP7LWGQ,22,63,55,0.16498316498316498,0.4980793180210924,0.6134936628587425
AEIJRGC7EM6SJ5YWBEUFD4KZRB5A,19,53,60,0.17740112994350282,0.49340388697546245,0.7025066573655866
AGCVRCNB4FGVZI5N2Z7CLE5PUGNA,20,55,64,0.1130952380952381,0.41906359193034015,0.7393802118376063
AETWQ4GYGV4QRMTMWGBIDVASBKHA,20,82,68,0.10403863037752414,0.40087153413246157,0.6281509439985903
AHKJQPQ2NLTXMC4BL7KN5LSO5HZA,29,95,120,0.13221288515406163,0.35566057752500524,0.6899880399949905
AEUPRQE7ZDALCKE7VE5NNYXFRZFA,29,111,122,0.13846362281533667,0.3600722082542347,0.7523556550677573
AHR43AXAYPDVPUQIPVQBYYBBPYFA,24,68,60,0.12655367231638417,0.4425564293483438,0.5483007821278327
AHAEKZNVFT4GOFJOORYICTHXILVQ,23,56,66,0.0993006993006993,0.4005975062291373,0.551181474480534
AFSPTSJ4WN3TXSMC52FRT3SD7WXQ,58,600,687,0.13705594527268175,0.23051135353767543,0.8916804292367294
AFKTUAYG42OOXMH7MXVVHOJ4TR6Q,23,64,52,0.15309200603318251,0.4925334178552654,0.5304410240670542
AHCALY2KFPY6J65IJAZJQHIDAEGA,22,113,141,0.1855116514690983,0.3923840163139117,0.7581971482600058
AFXF3EGQTQDXMRLDWFU7UBFQZB7Q,92,1467,1460,0.16248885049808934,0.22654931287922517,0.9310681194101222
AGLLNWYALFTZL7GMPQ3SG5GDMU2A,18,54,66,0.13146853146853146,0.4327653383969695,0.6010859800713153
AFDZHTMGWZDKNTVB6AHPKGKJUGKA,23,101,88,0.1619644723092999,0.4228951611884625,0.601503305221915
AFJ6J5LH2ZHMUBNKZ2ZBCHMIBE5Q,42,191,164,0.16841238964536884,0.35954930499453686,0.8278933949798502
AH2FH5HWGIPPLROS6BUREDV4QRSA,19,68,59,0.14143775569842199,0.4628426605788113,0.5787412193093191
AFHQMR4GISCIDXRDC4CQZ3J3DWQQ,16,51,53,0.16981132075471697,0.5092527325767998,0.5585452334194874
AHG75CJHF5GCJ77QK2EMXAUHJB2Q,23,83,85,0.10784313725490197,0.3749142118664043,0.5889783758146044
AEHXG2A4RYSV2XJUYWRJFI2NKJXQ,19,48,52,0.2066365007541478,0.5460779125762307,0.5304410240670542
AH6OKKDZTOZOHR2LVILJ74CHT2VQ,20,67,72,0.1298904538341158,0.41836018426783,0.5390911225287522
AGQUADTG3F6ETSH4VLA4CR4OLHAA,29,117,109,0.11399932042133877,0.3495338690216092,0.6927604520363864
AF6C2GUI6UUB3VMX4U2XYAXSS3NQ,25,63,63,0.15360983102918588,0.4644739893899634,0.6761283879605628
AFTAXGFUHVRCHPOVABUAO25E7XUA,54,322,337,0.1503108661862371,0.28384640349198825,0.8624694948186286
AFNGDYKFPMNYHOLW3NA5MZVNH2YQ,23,52,48,0.11790780141843972,0.4712096243188454,0.5652484470288064
AE6JXZ2HEEC3RLKQ23MI2JSCXSNA,47,252,245,0.14489795918367346,0.3015988927166766,0.8128642505708711
AGRS44BO4A3J7FGU4F2ZILIAKFVQ,22,58,69,0.19820971867007672,0.4950426224250142,0.6666937095644937
AFK5U2KC2ZRRBIUBHW4E3YO3F33Q,14,43,59,0.09117475160724722,0.4125796564876365,0.4707801665741233
AGRC7GGSEM62JUMADAPRDMWK63TA,18,48,75,0.10594594594594595,0.3904907352552581,0.4584646089583955
AFCQYGNWZ7SBWXEMYGHHVHAIQTQQ,16,57,54,0.1488469601677149,0.4819431132056423,0.6072556800279818
AEYE3J4SHQ3YLV3RMGOD5A5P3W4A,19,66,55,0.2175084175084175,0.5506045705463449,0.6134936628587425
AESP437VVPHFP6RBUAMJGBJ5HWBQ,20,60,60,0.1576271186440678,0.47362987567602743,0.6035695340495391
AEAMLJMAC4LQULYBJ2DTPX5OEXVA,18,55,56,0.17142857142857143,0.49852250035604934,0.619539725880391
AEM7GPBL4Y7H3ZCNPJUB2OW3ATNQ,26,59,69,0.10144927536231885,0.3982821791172563,0.5525700901942117
AHTTGH3KRG7ZUA25GZBRP6BMZDSA,23,61,41,0.08902439024390243,0.47604714626439737,0.6736947217233775
AGEBQTRBQCPGBAQOL6XWSFEFVRUQ,21,64,51,0.1207843137254902,0.46694799024594724,0.5653272850383958
AFSCJNRG4BAGAB37REW4XCDPE6XA,23,64,50,0.15755102040816327,0.5037146969286204,0.6029720201760312
AHT33VAQR6UV3UUOGCPC3ET673YA,23,88,93,0.15194015895278168,0.4071354070325178,0.6817616693871433
AGCR22L7Z6D3FQ53TDA72URDVEBQ,21,63,48,0.19060283687943264,0.5439046597798383,0.6889832581262322
AH5DFCQHCPC3QBPK3KR6CNP4YLOA,29,73,81,0.11635802469135803,0.39002443994695674,0.6253973064581162
AF2PWYOOYK3LMRLIOCBJ6LE3DX6Q,16,54,62,0.12004230565838181,0.43090646401915933,0.47595338804431264
AFFJ7H4P277YRPWTBAC4JBFER74A,28,127,134,0.15441589047244977,0.3658690105566499,0.65265222904352
AGXRJZF4ZQCEBYQ5XBXDIHEYK2VQ,22,68,51,0.13019607843137254,0.4763597549518296,0.5226479034046672
AFF5UAKSAMEZ3S7LK4FFPORA7FHA,19,58,55,0.1622895622895623,0.49538571532748965,0.6562836396144929
AHE2LA5UK43UFWG4KBTEWRJOW2WQ,18,53,66,0.16363636363636364,0.46493317056480166,0.5675983150357731
AH4LDUPSQSGBBAV62MV7JZDD3C3Q,32,177,180,0.11191806331471137,0.29436234015177715,0.781442896873204
AERT3FM7G3AUFDK6E3JX376SL3NA,19,47,54,0.16352201257861634,0.4966181656165437,0.5453077325986742
AHFT6NAJRZVRAUKTORFBSQNEVZ7A,27,59,50,0.14122448979591837,0.4873881663163754,0.5360430080307526
AEGTLPNBZUJEA6BR4A3LXE52X5BQ,18,49,51,0.16627450980392156,0.5124381863243785,0.5437877861860005
AHZ2C3PFO4Q77WAMLOEAHEW5P5GA,18,60,52,0.167420814479638,0.5068622263017208,0.5304410240670542
AFTKF2JPNFB2ZAWJETXBJ6W4VR7Q,19,78,88,0.1345350052246604,0.395465694103823,0.6653515952637559
AHOBH5YUOKWV6LVGXXGFQAMMXPZA,18,54,63,0.1746031746031746,0.4854673329639521,0.6761283879605628
AHFC4BD2K2H3IE3ACGN55PEWZ6ZA,29,120,105,0.13003663003663005,0.3700579541515604,0.7731899781836304
AGYHLJASD24NIACHNWFJ2HB3S4NA,26,58,63,0.1336405529953917,0.4445047113561692,0.5159640709057707
AGJCZ3TS5CHMAP4DVRV2752DQ3NA,57,495,439,0.14378881018504072,0.2607466778195714,0.8585004805715833
AELULHKCHXEN3KZFXTJ6DXT2B23A,20,50,63,0.10087045570916539,0.41173461406994294,0.4668264493140682
AHVRRL55VO5RWGTQCYTFWPABYK3Q,24,48,69,0.15728900255754474,0.45412190631248217,0.7378898962260654
AEO3V6QEVI6RWUKVT2JDK43FEIVQ,39,206,193,0.14718264248704663,0.32383355393724944,0.7650065410943813
AFVAHM7UHYS562TQASNXXH6OJNTQ,20,57,64,0.18353174603174602,0.48950009986684806,0.5901581119804671
AFSTOVVHI7L7M33YMB7M5O32HVOQ,20,67,63,0.17613927291346645,0.48700343127424395,0.5844708045978679
AGV5XLEMIEYQBKNM33RTOUZMJEHQ,34,147,179,0.14230117381206453,0.32576755543551045,0.7869207092763133
AHRQMBNY7MR2QI6KP5AZC4JFT6UA,18,40,64,0.1056547619047619,0.411623115739864,0.442419163145863
AHZJLFGVOQUG2HNSYI6YCCLPULSQ,21,70,83,0.15456949750220395,0.42487791545915554,0.6335029150662566
AGIPMVG2HKWT5CASTZYS4TAB22BQ,26,98,90,0.1146067415730337,0.37262191225336366,0.5731651791240617
AE4MO7FRNNELRSJORASJOQZAPPYQ,19,71,73,0.1328006088280061,0.4212703392617203,0.5157012233614588
AE4ATYLRRBTI6V3TLHSUHN333JQQ,27,56,63,0.05734767025089606,0.36821182861167356,0.4830089972909327
AH6AELLIKYB4TELTHF6E6EEATWUA,16,55,49,0.15901360544217688,0.5123154283425826,0.6439191243642686
AHOPCYGHHBN3KNMW3NQD5UHUT6WA,22,65,51,0.16156862745098038,0.5077323039714374,0.6326842387742619
AHCJBVEXBM7TIHUERG7CKWYCL65Q,34,101,101,0.16910891089108912,0.41388359395917074,0.7049367905739587
AFLNBA4LFMALO4O7TDCC3DGTJGMQ,23,65,64,0.08382936507936507,0.38979771891446713,0.5558621774938162
AG35UADO45DOVFVQMOZH6RXPZLMA,35,376,404,0.17550303417438518,0.29728299061168745,0.8757865990963024
AG5O64U2B5UFOKJRGLE4PUQPGRPA,26,108,97,0.18943298969072164,0.43925510446916716,0.7305490922287021
AEIIRIHLIYKQGI7ZOCIJTRDF5NPQ_2_2_2_2,23,75,80,0.19651898734177214,0.47018540259737085,0.7084448997869988
AHL5W2EJFB3L67256O3TWWTPYIQQ,26,145,119,0.12747471870103974,0.35280807903762224,0.6685260623179667
AHVLJYVLQA2VXUH4OZQGICPAXJQQ,21,54,47,0.09528214616096208,0.45618272704849144,0.48880258191664555
AHOZBW6EPOKE5CZRYSKI5TS2CTHA,29,74,79,0.14865303472898408,0.425805786906995,0.7050830770468886
AHOEMNCGNZJMIS5RHBTTKMDDQU3A,27,101,87,0.2103715584068431,0.4743188872590828,0.7586399170992263
AGGR3VHAMSJ4OSO3D6ZPVQI4GPSA,17,46,54,0.13696715583508037,0.47006330887300773,0.6072556800279818
AGF36XKODXVUO37SKAH2L7ZBCKDA,20,61,62,0.12215758857747223,0.43302174693824974,0.5434868919282625
AELUTBS3LRR5WHUB7JJ4UXR3QHPA,55,388,414,0.11384824133534524,0.2341484349645217,0.8672028437409759
AGRXUQPMAAWZGTKUX7I6Z5SRPNRA,19,55,49,0.1522108843537415,0.5055127072541472,0.5959765977260192
AEEAZKLT6GBSGS25II5F4J4DMRQA,32,175,168,0.12047333903621328,0.309321106952785,0.7458253486670536
AEATS3SIIP2OTQBJ4LHYHQOG3I4Q,26,68,77,0.13533834586466165,0.41611416360965225,0.6226162413894247
AHSILE3TNQYFAN3IO2E56JHAHPLQ,20,69,76,0.12105263157894737,0.40182844932393796,0.6633617341517104
AG4Z6BH4X6MJ6COGZACYHWG64BQQ,26,82,71,0.13360160965794768,0.4261633137016778,0.6585330916353251
AEMBIV4YIGEVCUIBVOB32YW7EP6A,29,80,88,0.17763845350052246,0.43856914237968503,0.6653515952637559
AFSJQ4ZG3CCS4QUEKLK45U674W3Q,23,67,72,0.09115805946791862,0.3796277899016328,0.5994195341355926
AGDFISPKRXDRTJKVD7IC3YHV4DDQ,17,102,107,0.29624404866866516,0.5339902377956729,0.7539787017798729
AFAGLQ3MJPGL5736PU4ECCH6JIDA,63,553,554,0.1396191433663444,0.24361394109713747,0.8894028006138524
AEKTZHUNZXYWCDD36JALVK2TD4EQ,31,115,116,0.160119940029985,0.38738752777752555,0.7199959640928326
AENEVJH3U3MYSPDNE6VBEQCW2V4Q,46,260,247,0.1556564958362134,0.3117191337078813,0.8191175245492435
AFEUEN7AOX77PZORRXFJQWMJI6XQ,20,45,56,0.14805194805194805,0.47514587697942595,0.5592840534978557
AHKACFCW4KYP6BJ62Q6HMKFDYHBQ,19,65,37,0.22072072072072071,0.6286785258341901,0.48846718202500655
AFXRCCU4R5UMKN2P45WIQSHM3QFA,20,60,86,0.11299589603283174,0.37694322488507137,0.6060028131004482
AF4U2EVGU45J5Z5EM2WHDZGYYWQA,19,50,51,0.1403921568627451,0.48655583338320213,0.5653272850383958
AE4TJ3IWED27NYKWYQH5RTLNIX4A,23,74,69,0.13853367433930094,0.4353665780942384,0.6164435079155017
AFURFNCCY2Y6D3ZRTC4VBPTIHC6A,23,63,57,0.16353383458646617,0.4906277635139441,0.625402410586479
AFH6N5LK3FTDXNGDCZTIFLRWRNSA,43,246,266,0.13721095190807206,0.2872919394070775,0.8137791039709851
AFE4S4MR4EUYAWDYTZKZUXZLIOJA,26,80,61,0.17704918032786884,0.49305193735982844,0.7277696544347552
AFBO6XWKZVDRE7B3ETC3AOHH5ZUQ,25,93,113,0.1638748419721871,0.39516517720175737,0.8225915986306984
AF4UQSKR4A5TNIVQOPNWVG537VYA,32,170,154,0.1526186232068585,0.34986368383515315,0.7620022566912918
AHJHUJ3TOHAZIBPBC5R3AMAKVOZA,14,58,45,0.11616161616161616,0.4851733352138824,0.4474780862634731
AHEFZAD4EXD53A5JDV3M522PVBNA,16,49,73,0.1541095890410959,0.4425793194748101,0.5300766070532195
AECD3MOEUCDRONERMGCM2ZVD6F4Q,24,93,120,0.15812324929971988,0.3815709416706635,0.7585583497932364
AG272WR6P7SPB7U4RJZN2KT7NJNA,25,73,61,0.12459016393442623,0.44059292096638586,0.5908033490176484
AFBCQAK7NZ6DED27O6OEIE7WDLXQ,24,70,65,0.19807692307692307,0.5040452769120252,0.6305683180015698
AELHJGJ7U27236OSGNIRZI7ZJDCQ,34,146,166,0.13106973347937204,0.3210517324222646,0.756957093451461
AHCRGCRHE5P67RFURJVV6QDQDGOA,19,58,75,0.12612612612612611,0.41067091543543827,0.5696071434149309
AGMD2HXCJJ4AGXVO5KGN7WQOQV6A,20,64,60,0.09265536723163842,0.40865812426359804,0.5127882993657413
AEYCKQHBXZOM7Q2RNZNGRFEGUYVA,18,47,61,0.14863387978142076,0.4646366368133804,0.7492475064670857
AG5XOIPAFARFQZWOMMNCV5YJR2HA,39,181,190,0.12798663324979115,0.3055648524438896,0.798675262261275
AFFEEXTDI7JMBJOWTDR2FO4NAR4Q,22,71,55,0.1898989898989899,0.5229951429369173,0.6784314580533164
AHFCHDSPGTU44DGNSEG35DZI5OPA,24,57,45,0.1111111111111111,0.48012283016337737,0.4474780862634731
AFJ6BZFH6T6LBXYN5NKMBPTHRGDA,37,185,156,0.15301902398676592,0.3489956144763521,0.7879090264648184
AHV4U76XGHXA4RBBXSPEENTVH2YQ,21,56,51,0.11686274509803922,0.4630264216184963,0.5018827343627887
AGAFAPQHCHOS6ZLKAVAPECFA255Q,19,54,53,0.14296081277213352,0.4824022245942164,0.6448702362084395
AGI2G6MQK6Q7FLG2ADTUAOZAVRIA,23,58,45,0.1292929292929293,0.49830464834519556,0.5906389314088996
AERYYQ2LT6B427JFUK626KQY3ESA,19,54,65,0.2110576923076923,0.5170260461427943,0.5956945765250103
AGTO42RTO6VEMPRGFQVJR2C5FO2A,21,65,66,0.1613053613053613,0.4626021682337993,0.6893748094698315
AHQAG7ATRW7YK5TUB2ZVQWWOXAMA,38,184,167,0.15215352427674772,0.3421355232196403,0.758330944536083
AECVQTO3MO3E7PVSCJRZRK32KSVQ,18,65,57,0.17355889724310777,0.5006528261705857,0.625402410586479
AG2CAO33QCYTZDINR5MZZGTU2KMQ,22,60,58,0.16696914700544466,0.48837405188583394,0.6933183282405708
AHJXWTHKMS2QKSB5B62MQLX6E6BA,25,57,60,0.15310734463276837,0.469110101664728,0.6225974574464043
AFAPFV4YW5JPXMWF3GHU7GHVAPSQ,20,71,68,0.17383669885864794,0.47066960261358537,0.6281509439985903
AGFVNGZJ4XEFX2ULJNDCWJYRHQVA,29,113,99,0.14471243042671614,0.39197219936989974,0.7479128949266918
AGCV6N4LVTEQVYSE3LXR3J2QB3EA,23,102,107,0.10086404514195027,0.338610234268958,0.6767589456235015
AGNFZANPQ3AFG5GSJXVDDD3Y327A,21,59,72,0.12832550860719874,0.416795239040913,0.6149490682652078
AFXHGUZKJZEZZZEH5YAITJK3PHLA,22,44,65,0.0889423076923077,0.3949106615274098,0.5786351893924526
AGWIS5A24VOTIOS7K7TYJCV6JG6A,21,77,77,0.1609706083390294,0.44174642608402004,0.7462888837313826
AEP2BCSP2ZGM43QEZ6ROUD4LU6SA,19,51,57,0.11904761904761904,0.446141547975097,0.4377123874417537
AHBZZ6IQBKL7ELZQARE6JJEQ3KFA,23,51,50,0.11020408163265306,0.4563677581531101,0.5145999324265984
AH5OZYVAPLO374DQNA67WQM3YXYQ,32,127,128,0.1389025590551181,0.3552548568804038,0.6989972871389671
AF336LFHKFAT2ARXGUP2B25IUDEQ,18,48,53,0.14150943396226415,0.480950845784347,0.45912178599097075
AFBGNN7LG7RWXPFFJT4FQ7ER2RVQ,17,53,57,0.16102756892230577,0.48812149784978365,0.5854261082978505
AH2SBB2BLWBT2UGU26STUBIODORA,40,220,205,0.17867049258727882,0.35004704947453025,0.8487023216316172
AEC6HDXIX3DNXWUVERZB4DGKFN2Q,16,50,66,0.16736596736596737,0.4686627742944054,0.7465887961078681
AECPXFEX6RCWCRBOIJKTR5LFXW6Q,31,72,60,0.1288135593220339,0.44481631635399355,0.5304207972758685
AF4NJ5SIZE5N2HHRXFQ44SUMUR2A,18,52,71,0.15774647887323945,0.4503081829169696,0.6751431804133872
AHBIUEEPAZGLW5RYBIN6VWBKGCTQ,17,54,61,0.11639344262295082,0.43239619965491044,0.5547042225472776
AGIDY4VPPLTRNUTZVACY73TPSRRA,25,72,93,0.0986442262739598,0.35383947435369595,0.6327575378013273
AGDOLKQB35QQ45G23MU43JANJXYA,16,63,61,0.15245901639344261,0.46846177342540224,0.5024349044309543
AEJFH5EM7LQZT6FU6WVH5WAA75TA,25,64,49,0.14540816326530612,0.4987099861657118,0.6196461314494355
AE6R56K6EDZDRW4EKFIQDJD63D5A,23,65,48,0.14893617021276595,0.5022379931131716,0.6374441886844464
AHQ5BCBPDVPYKSYZKDGQILZGV7BA,19,58,54,0.11390635918937805,0.44700251222730547,0.5253792589868966
AGYVOMCCUTU6NZIB64KPBDIUJ7CQ,26,68,63,0.13312852022529442,0.44399267858607194,0.6761283879605628
AGFFCGQTNV2DUYSKVMV3QMI7MJXQ,92,1222,1142,0.13801762364718323,0.21045011862330448,0.9181222766166562
AHV65Z27776ECWFAT6I7YHKHOXRQ,22,100,123,0.18592562974810076,0.4075342151869987,0.7840528755031764
AFGADOWDD6MKTJPVLK5J7A6EDGTA,23,75,73,0.14079147640791476,0.42926120684162894,0.7689696001988237
AHW3QE64EJPTPOOONT2DRK2IZB3Q,19,62,83,0.16808698207464,0.4383954000315916,0.6610048602223586
AE6KH7MCDOWZY7BEPTRSGJYRHLPA,13,52,50,0.17224489795918368,0.5184085744796407,0.557897652516621
AHMMKUC45DQRZYD2GB6WPK55TTAA,17,56,55,0.19057239057239056,0.5236685436103179,0.5723986032921584
AGLWDF5SJNRNIW2HHSD6ZPADUHQQ,36,253,241,0.1547372060857538,0.31273858460173365,0.8498548031342166
AEGABBE6I2JG6OBOSWBDN2UEZ6QA,18,52,50,0.16489795918367348,0.5110616357041305,0.6747284568901861
AHGRYJ7HP64RBYCPJZYPA5GF2ANQ,19,75,82,0.17404396266184885,0.44435238061880045,0.7002289818288004
AEWC4UI7SLIRXMSCFG2OLYL5MZDQ,22,55,46,0.11207729468599034,0.47297787557351967,0.705152354332854
AEA6LITXZF4QDOYNA7TUICM2JDNQ,17,61,60,0.15480225988700566,0.47080501691896526,0.5304207972758685
AGUKKXCIG4H6Z545KTQD4RZ7KLKQ,22,74,62,0.165520888418826,0.4763850467796035,0.7748312802341097
AE54F2G7I53WS3XNUHIQDZZKGAMA,21,53,64,0.20734126984126985,0.5133096236763719,0.625462420574552
AHPRTK5ES5L3TUUAGGW7AQBGRKYA,22,67,75,0.17117117117117117,0.45571596048048335,0.757169751772129
AHRFH6XYBMFHP3W3BFXG5MI43WYQ,17,45,55,0.16498316498316498,0.4980793180210924,0.5927528573416417
AGKYFKZ54CFEXGQTDIDWBHSDLITQ,19,63,65,0.1451923076923077,0.45116066152740975,0.648420469976933
AHBXTSYI3ZKDKTL7IRBFGNSNR5YQ,38,237,236,0.1567255679769203,0.3160603150984696,0.8312986864119599
AEXLG6VRCCCJSLIXO4UNWAZRMDRQ,20,55,54,0.1642208245981831,0.4973169776361105,0.6506689257222734
AEO6S5KUCKRTHOYDS75RKO56ZDFQ,23,80,74,0.18030359126249537,0.46484838057180755,0.6396027652906691
AGLTAZDPS4TNATVZ4CP5VWORPOJQ,18,52,63,0.08397337429595494,0.3948375326567325,0.5159640709057707
AG466BQZPTBIC3LJDRP2TUPUT5PA,22,81,92,0.14237935977066413,0.3975746078504003,0.5697501430784786
AHN2KLI3UWLU73E74DDQ3DWIV76Q,18,63,66,0.11235431235431236,0.4136511192827504,0.487462530370567
AFNE6MBW25IUAQ2QHVJD2HKCAU5A,17,76,70,0.16728778467908903,0.45984948872281917,0.6709721213417411
AE2FWGSXDSXHVR2CBU2NZN4QVK6A,25,83,93,0.10331930808789154,0.3585145561676277,0.620785983054642
AF4D4XTHGULOTY56CV3C2T5WPSEA,34,172,181,0.1885205647636587,0.3709648416007245,0.8720368838658644
AFYMXJ7EMNIQ6WGSNFTVHOZKWQDQ,19,58,69,0.15132139812446718,0.44815430187940464,0.5525700901942117
AEOAK4Q3UKTDY5H2WPVJBXGSZ4DA,23,81,90,0.18377028714107366,0.44178545782140366,0.6721127445106276
AEP3IOWKDRLXJ66COSHMNNKUDU6Q,25,54,48,0.08599290780141844,0.4392947307018241,0.497690428036036
AHEDV6GYYDSJAT5GYDMXV2N77SZA,41,307,306,0.1573341905068038,0.29726256325641054,0.910074643403087
AGE75E7SSHUQMNWXOCMOELFIFO3Q,15,45,56,0.11428571428571428,0.4413796432131922,0.5990868734757044
AGGCPQDKGFJKSLR7CZ6RTFK2KWPQ,15,46,55,0.19528619528619529,0.5283823483241227,0.5927528573416417
AFLDVQ2MD27WFGPH5HJ66GI7PO2Q,42,226,227,0.11406962691513002,0.27689132410472156,0.8518218864467241
AEYHM4G2YAHQL7B4PGF2FMET2V3A,30,105,101,0.12752475247524753,0.37229943554332917,0.6480762272300996
AF3G5F3GQU366HIBEV5MUQSJ6NLQ,24,60,55,0.13198653198653199,0.4650826850244594,0.5927528573416417
AFHL6PSAYCUPYVEUFD5MZT2IZ3WQ,24,63,67,0.15287200361827227,0.4541688105467103,0.557013177764826
AGFUGF7QX5W4NIJ5NJISSMNZIILA,32,177,178,0.14536913603758014,0.32883551766102603,0.8129016156566536
AFQ3NFIIGSWMRKJNKGBKZOFT3HOQ,34,97,102,0.1092991652106387,0.3516622162333939,0.673469339340006
AFSHXT5PTGDSFW2725SDXIE6ZVEA,34,167,198,0.1070604522381172,0.2810142448242256,0.713075236366206
AFKJIGE3HZAFTL4FSPSSCIRIXUWQ,20,54,74,0.12106627175120326,0.4056110610605154,0.6090270770550047
AFMIXKJH3NIEPKC427AQJQ2OYRIQ,24,70,51,0.09254901960784313,0.43871269612830016,0.5018827343627887
AHJSQA5D46FZG52CO4WPJTGRMIBQ,27,56,75,0.17765765765765765,0.46220244696696977,0.5696071434149309
AGLRNNNTTQ5OXYGDZPORZS7H7IEA,18,58,62,0.16975145425700688,0.4806156126177844,0.5786265732411264
AEDTAKNYLGQ5IDBKDNMAJZUJQMCA,20,60,44,0.11627906976744186,0.4852907888197081,0.6361849825333243
AFG3Q6HMKVB4NKWFCX6ZJ7F4Q43Q,21,54,53,0.13062409288824384,0.4700655047103267,0.7152743215893405
AGUKAMZZ3F5B77IFMMPEX2ZVJXVA,32,74,80,0.12784810126582277,0.40151451652142145,0.6495605062054225
AGMUZHMOOWUY5UEIOBDMCOFVEVWA,17,58,68,0.1286215978928885,0.42545450164782594,0.5949904391667284
AHPHBCCRZXGV5LTLHLUKWEBSMMNQ,20,56,52,0.18778280542986425,0.5272242172519471,0.638878544449677
AEVKA3YV63VVVWAEGQZOMUGMLM6Q,22,54,59,0.12507305669199298,0.4464779615723823,0.6366094162355412
AG73BVBKUOH22USSFJA5ZWL7AKXA,70,675,700,0.14591865930921724,0.23843479340104534,0.896981541805495
AH73XF37K7J2NQJZCZQHBH4KHPVQ,34,110,105,0.09688644688644689,0.3369077710013772,0.5766271990597821
AG2M4OCGUVLPSEJ577XQS6XTIENA,21,52,58,0.11433756805807622,0.4357424729384655,0.5724451086946694
AFKJM6BMDOHCOTAR7MV3BJIEGHUQ,23,52,48,0.14627659574468085,0.49957841864508656,0.5652484470288064
AGNLPA354S3FXAGZ3FQP37X2MLZA,28,89,77,0.09979494190020506,0.38057075964519566,0.637326240623199
AFBUKVT3KQFLL4X536HS4KKBBJ7Q,18,50,52,0.16063348416289594,0.5000748959849788,0.5725168389739189
AF5HPPMUDYGZSNCQR2QZAU3G47KA,26,93,107,0.13401516487391996,0.3717613540009277,0.7202312187695682
AGHWTXXBNKD7LD5VJ5TNEM7VKMGA,24,95,86,0.14719562243502052,0.4111429512872602,0.7708966281376728
AGO2N635I4RNMKT5SM7XONDVKVDA,17,50,53,0.15021770682148042,0.48965911864356326,0.4030838318200438
AF32ZDFW7OEPS5CRF23FLNYR4NNA,28,97,91,0.1741147741147741,0.4321299447951041,0.6501971279187203
AHV3RB5O4GME6B7NTVO4YBPSNZ3Q,30,103,89,0.19535240040858018,0.45628308928774275,0.7083513179584109
AFO33UNM62QYS3SHDST3HB2SXSXQ,40,150,146,0.12224846480869155,0.3248254338966142,0.7659945348747665
AERBXNFQCS5OD6LJOIXMRDPTOVHQ,39,184,180,0.1468653010552452,0.32930957789231097,0.7618583978399046
AHP2CN6EJU5VZTG5ECREA4N4374Q,17,56,71,0.08490945674044266,0.3774711607841728,0.5039436840923988
AEQOF6IINLJ7YDIGCTZUORSL3G3Q,33,92,80,0.17436708860759495,0.4480335038631936,0.7550556149621408
AE3NUDU6BJXXX2VRLUSITEP7XLLA,19,43,58,0.19903206291591047,0.5204369677962998,0.5724451086946694
AGBOPM4PLYNYRDHQSSYC4VZ5OSQA,23,57,61,0.14207650273224043,0.45807925976420005,0.6092753847257502
AEPYWDCGHXUF43RCWSTXOFUWO5DA,17,59,49,0.11054421768707483,0.4638460405874805,0.6439191243642686
AEV7Q27IHW3CU2NGA5NMHVHTLIAQ,25,117,106,0.18706199460916442,0.42480818373617213,0.7177925093447484
AG3RPMHL2RU5CPZSOAJ5CFNKXUDA,26,61,44,0.1649048625792812,0.5339165816315474,0.609049339247224
AEYSO6GNRBHDXBDQ643LNCN5W7VA,32,128,123,0.14607490337198453,0.36768348881088253,0.7840528755031764
AH57P62SKJK2C5GQTELAAMKHXNDA,21,66,63,0.1889400921658986,0.4998042505266761,0.638521373596947
AFUQQLRXSVSFDBXUQZ4URHKQKRGA,25,88,80,0.14746835443037976,0.42113476968597846,0.7392371561498151
AFHIQ5JHFHHIGV35KUMBBGG3DR6A,36,126,140,0.10298047276464542,0.3098528376094588,0.6985152347879928
AF5IPFMQAGD2KQGFA2A5C2ZTL4EA,23,62,71,0.10221327967806841,0.3947749837217986,0.6101432035462102
AGLLMUJKBGNOTCXFUGIWZIJ36DQQ,25,77,82,0.14001806684733514,0.41032648480428674,0.6857221109934732
AGIUTASQIZG4S2PUDUGAG7HQG3BQ,32,149,144,0.11655011655011654,0.3205290191068513,0.6905752387414615
AFXP3NUDK7W54E34YKGYXRUTQAMA,26,73,92,0.14166268514094602,0.3968579332206822,0.7435577547988994
AGFIWQCX7U3W3KI5I35ZLWM3U5UA,21,58,57,0.10401002506265664,0.43110395399013457,0.4377123874417537
AFOWQBW75UWW2GHYN5QTFXB26VCQ,26,71,77,0.17840054682159945,0.45917636456659006,0.698123287135647
AGLTT73PZMVDSUJFFTYEF5HVSJJQ,30,118,119,0.11778948867682666,0.3431228490134091,0.6685260623179667
AFCAOJBDIAIIQUFMWEPZ4NCEL2PQ,57,377,405,0.13910279916880577,0.2608827556061081,0.8355174988895705
AGPABQQDRRRPUBGVBYLYI3SWQG6A,16,60,57,0.12092731829573934,0.44802124722321723,0.420390090506445
AF2JKSIENLMZEGLO64PRL4FDTJ6A,32,96,70,0.12173913043478261,0.4143008344785128,0.7231883343377516
AGDCRCVUB6LYO6CXHSVPT5XZMCJA,27,81,76,0.09017543859649123,0.37095125634148185,0.6181911784743626
AFKDXWXTNQYE2C4VR3P26KAJD2WA,15,56,50,0.12979591836734694,0.475959594887804,0.6747284568901861
AFVDR7FS4UTDJWM5V47NDLAVYU2A,24,155,152,0.136981526664343,0.33552001138502396,0.7747145552175628
AFJOMEO76DJK7F6SGPDHLT3SUIQQ,22,63,51,0.12313725490196079,0.4693009314224178,0.6562078591396046
AHEHLZUNXPCYESYZNAAJXKOIU6GQ,53,295,323,0.1291656250600927,0.2655732229239717,0.8237896151531103
AEYFFQGA7LUFW7NGTRUVNERLH54A,17,54,48,0.12145390070921985,0.47475572360962554,0.6628094464652029
AHSJV4Z2EO6XENPW32PHQA7PB4RQ,20,49,59,0.10403272939801286,0.4254376342784022,0.4707801665741233
AESDV676IPKF5Z2C2JJHNZDXZ4NA,19,58,69,0.1773231031543052,0.47415600690924264,0.7015891310648786
AET3HBH7XFS3TB22INRW6VAXR5CQ,17,50,54,0.14046121593291405,0.47355736897084144,0.586219469150203
AGX4ZW5XDWPHZL56BSRPPAI2UM6Q,19,51,54,0.15373864430468204,0.4868347973426094,0.6072556800279818
AHT5AURVAX2HRDSOVA2BESFCYZVA,26,58,54,0.11949685534591195,0.4525930083838393,0.6287240713776503
AFRUBJ22O26J35OD5MJLBC6RUJKQ,29,129,128,0.1764271653543307,0.3927794631796164,0.7823149814632533
AEJUY5D3YNQ3FAOIZP3FBOJMPCCQ,26,97,89,0.14453524004085802,0.40546592892002065,0.7218772270943623
AF6BBUEAIGJA5DFFU6SJ7NMENM4Q,16,50,64,0.10714285714285714,0.4131112109779592,0.42695149048541875
AHQRX6QQ63E5PMU3ZHS7DFO2D3ZA,23,165,193,0.18113126079447323,0.35778217224467607,0.7770977440539186
AHESN2ZE5PUWBGGLEHFSHSSS3WHA,21,75,89,0.1404494382022472,0.4013801270814098,0.7927768342813006
AFXKCGO537IZNJ7PULRMGKGU67RQ,23,113,129,0.16690891472868216,0.38326121255396783,0.7190461222954831
AGYIKU5EKQ3CNUOGBYBAJXALPVZQ,27,129,101,0.1198019801980198,0.36457666326610144,0.6259974394773338
AHSNEADAVKGQVSQB32NT34W7YQAQ,28,98,91,0.1623931623931624,0.42040833307349235,0.6753928282133614
AEWN5YYVYRNN7FMMK5OS6G7FC3UQ,32,102,100,0.12101010101010101,0.36578478407818266,0.7259601888760665
AGRX7ZI7LBRKIZEEVAJFE56T2UMA,26,100,99,0.20243248814677386,0.44969225708995747,0.6760086407594452
AFZT6FKO5X5D7XSJ64D64KTFSHBQ,17,45,64,0.21081349206349206,0.5167818458985941,0.6806664055141363
AEGJYULS445BFXWDYZURS3DII7KQ,21,84,100,0.15636363636363637,0.401138319431718,0.7380310478425417
AGKWOIPX6ZNZULSMNYW6DTWFSG7Q,26,60,40,0.13205128205128205,0.519074038071777,0.5759335026561618
AHP5AG3KQWUBZ6QRXGWPC2OK2PQA,50,415,378,0.12513157340743547,0.2510300853518166,0.873815037787215
AGNO3G5WCNMOBUUXEFO3ADGZYWEA,22,75,86,0.2021887824897401,0.46613611134197974,0.6990615888415257
AF2ADBMCXOYFWR4FENJGSO5NBRBQ,26,85,99,0.12471655328798185,0.37197632223116545,0.6760086407594452
AGZIGB7TEEPFDNGA6XYQTW54KQEA,23,54,47,0.05550416281221091,0.4164047436997403,0.2858072271846188
AH5VDE2Z5X2ZBRZ3IYMSCVW7ZWFQ,37,236,249,0.1989247311827957,0.35435681036318445,0.854514066234505
AEOE6I2CAJM23OYGDE7V3ZZAVAIA,26,76,87,0.10478481689387864,0.3687321457461183,0.7022227350510082
AGBNDXZPUN3OWN66TYCOMCBBDU5A,21,105,132,0.14723571593800602,0.3602847312669585,0.6730870382148465
AHB5LGBRDTBCHXEGHFYGEUTKVYEQ,20,68,43,0.17718715393134,0.5548826897644834,0.628869227523756
AGL64MFO5J2XXBOOPM7VP23GT4XA,25,137,125,0.13961290322580644,0.359427057630561,0.6923138418151673
AFH7RVQUMZVDTAOF7P62ZUL5BAVQ,21,51,54,0.09783368273934312,0.4309298357772705,0.586219469150203
AGK6P7T6FVUJW7W7Q5UJKJWF3NGA,34,143,164,0.1334729911716295,0.32460990652079746,0.8126808189906225
AGH2BA6TQ43WVJL2HXW53TOBIWPA,34,225,209,0.1522359219727641,0.3219566278838055,0.8047258253343629
AFC3BVYSBC5O4TXETFMZDJS5HYIQ,25,63,54,0.17330538085255065,0.506401533890478,0.7200122183829609
AGB3YZIRHOSAZGQF3NRHKQJWWQTA,24,87,78,0.1525141525141525,0.4296669046921634,0.6562314609744706
AGYHL3IB24KMNYTUPVV4HYGB2GGA,24,63,52,0.0746606334841629,0.4141020453062458,0.48982446022941317
AHC5EUL7VWF7722WN7C3PFQSU3LA,26,68,74,0.13550536838208072,0.42005015769139287,0.5645002443920593
AGDGBICJ5Y4GAZHCEQMQA34JBJBQ,41,205,188,0.1726021162817158,0.3511224016048436,0.8224174661316509
AHPGHDFIU3BUB3RQBP56RQQA7W4Q,20,75,97,0.18406357388316152,0.43388568866160704,0.7305490922287021
AFYVHFLDEQ2DJ37EMQ6E72CC42EA,18,41,59,0.14611338398597312,0.46751828886636243,0.6169779710481944
AFB5L26ZMR3M5IXB3TR7NBTIFEYA,24,149,125,0.25664516129032255,0.4764593156950771,0.7774063797517997
AGF6DMCC5PQTQ7FREAKLYL6T63UQ,30,99,87,0.06415396952686447,0.3281012983791041,0.5601302757224704
AE6VILPJGYTNMUZJCTFQPDPOPIGQ,22,89,77,0.21052631578947367,0.4913021335344643,0.6080773166970438
AF2QJWR4NVQROI37WX2TQXT4QRXQ,21,72,71,0.14849094567404428,0.44105264971777447,0.5944395209651212
AEXMI4V5PBFOHJKW7HNXHVKRBRSQ,22,53,53,0.18359941944847605,0.5230408312705589,0.6225993137562401
AEJE3IIDZTTU3P36LWRHKGROEVIA,20,54,51,0.18274509803921568,0.5289087745596728,0.5653272850383958
AF7R6MOJWDZUIYFX2K3IZ25RFT4A,14,50,63,0.11469534050179211,0.4255594988625696,0.41939017694143327
AHNPLHSXTMSDKELBA22KMPNC3OGA,17,109,108,0.1585323641398408,0.39406691274011124,0.7336657506767612
AGOS3WGMVUTD6PZN6IKWBYIZEKFA,15,53,52,0.193815987933635,0.5332573997557178,0.6620434254942276
AGGX26SORBXKQVLFRKND7XCIVTGA,23,111,131,0.13693482090428655,0.351616419612484,0.7230420473544277
AFCI3PAVNMM3Q5CD3YYY5XZUYOIA,32,120,126,0.14234920634920634,0.3604118256341916,0.632458949931956
AFOOMWRAM34H5KWBM4YINK3A5NMA,30,87,90,0.15205992509363295,0.41007509577396295,0.6217434190972437
AF2AG6BMIQ4SQRQNP7KF3V4KT3DQ,23,48,65,0.08221153846153846,0.3881798922966405,0.5287968276081308
AGATU6QOCPNIZ3BFMXICJCKNGN2A,21,57,43,0.10963455149501661,0.48733008732815997,0.4267434296178688
AEJ4MQMARLF3CETRXSPSFLBPJPJQ,42,210,159,0.11639200700581163,0.31112428910242973,0.807082359401644
AFAFPVBZWY74XHOKAX7AYGC77YUQ,18,50,58,0.14458560193587416,0.4659905068162635,0.6111913791378998
AEDWDMTPRADRBCWYXX5LO4TO55BA,31,114,120,0.15532212885154062,0.37876982122248426,0.7585583497932364
AH53UV57HKNKIX5SQH4KW3DB5TFQ,42,103,120,0.12983193277310925,0.35327962514405287,0.7188874658421891
AGDSEYGSA5K664EUHWKV3ARDXO2Q,23,65,49,0.16751700680272108,0.5208188297031268,0.6688749068675024
AGNAAF2KPX6YQ5SWLP7O2OZH4W5A,27,92,104,0.15048543689320387,0.3905067610081342,0.6792218834007748
AGGPU5K56BKAGOFDVYZ7MZT5CCLQ,29,107,70,0.14285714285714285,0.435418846900873,0.6213070806839643
AF27LI5BIVYEJETYOVRIMV6XPHOQ,20,45,56,0.13636363636363635,0.46345756529111426,0.5398826411842328
AFYTU4ZZEHT5QTOIQJW2RYEWPWBQ,21,56,59,0.12390414962010521,0.4453090545004945,0.48815404555803327
AFYD3MPCZTULGZL2JJFW324JB5BQ,39,200,209,0.159550975340449,0.3292716812514904,0.7877469842705767
AECKJ7U2IZYLGOYRGP62GJECL4GQ,22,64,76,0.08526315789473685,0.3660389756397274,0.5745979378064601
AHUMWKJDDUOXMXSBLG3DPQQVJGSA,26,125,117,0.16033009136457413,0.3875976791121147,0.7950684329524129
AGI6OVW7OTSY3CX2JSPK2KL2PECQ,20,56,44,0.15856236786469344,0.5275740869169597,0.4602321783114942
AFCFTNVNJDT7S4K7OM2ZGRHSVDWA,24,49,53,0.14078374455732948,0.4802251563794123,0.5177895842421592
AGYWYDIAJ5Q2I76YTIGUYYKYEL3Q,32,219,193,0.14739853195164077,0.3240494434018436,0.7893115019033144
AGFMH5U2CPPWYH77IDDBB527AWYQ,16,48,52,0.1794871794871795,0.5189285913092624,0.47001439576473186
AHLQMVNQZZI5XL45I27JQFK3VC2A,19,66,60,0.1655367231638418,0.4815394801958014,0.5664414062354267
AFLWUZCVK4MXLWIB6H2PWSQKHJTA,31,93,73,0.1662861491628615,0.4547558795965757,0.7510644189437846
AEMEEXPPQX5BBLYJRZWJFULUDHCQ,19,46,65,0.19903846153846153,0.5050068153735636,0.6850802222918855
AFOWI4CZ6HGLKAU5OAJFN24AVF5Q,30,73,56,0.1012987012987013,0.42839263022617924,0.6617228619761635
AFNWEYQ6IYHI6PXIDURCBE62P2BA,40,204,218,0.14239208557054073,0.3081744197505836,0.7484016614813187
AEYZ4OQR4ZXFL4EMBZDIZ4EX7FFA,19,56,74,0.09366901147723065,0.3782138007865428,0.41223871583807686
AFYAQ5GI65F2GJEXKBTBV4JB7CEA,18,53,72,0.1697965571205008,0.458266287554215,0.5390911225287522
AH665SQ6SQF6DXAGYIQFCX76LALA,62,539,515,0.11075516603075063,0.21872065038336272,0.8812077446603163
AHASHJDTECMQU5NRAR7EFO2AESGA,34,104,126,0.10285714285714286,0.32091976214212814,0.7036716022429907
AH5QL2G7455PYHYK266Q27LGMTHQ,22,60,65,0.16923076923076924,0.4751991230658713,0.5956945765250103
AGP532D36STZSQSQL6H4JERCVGHQ,23,59,58,0.16636418632788869,0.487769091208278,0.5724451086946694
AEX7JBOSL6HLYWFY33P5XD3ZPOYA,17,52,49,0.16666666666666666,0.5199684895670723,0.5062850347520251
AHUYFR4DWH6WKMYTB5H7IYGH7F2A,31,145,157,0.1464151559692961,0.34239174645888226,0.7587667930898514
AFYZLLWDEK24LDVS6KZ5LDUZYVTA,25,106,111,0.1348075348075348,0.36819103790739716,0.6978635154357347
AHXZMLMYFGJSSWQU3TWWU5MBYMCA,29,132,133,0.09797220323536113,0.3110212185643136,0.6502490888169021
AHTHCWRQ5ORZ5XVPRHSDCXVRPN2Q,22,67,77,0.09569377990430622,0.3764695976492968,0.5937000973645677
AFNCHMAKUAJOGVCKOA4XGLINHPDQ,18,98,98,0.17083946980854198,0.4180992387517256,0.6497699437917177
AHZ4HTX77PTDYAZIYLJLERY2RXAA,36,144,159,0.14728126741501474,0.3420135495116329,0.7765601334153727
AGRFT73XPVIDYQ7WVYQ2AMINBHUQ,30,77,83,0.1272406699970614,0.397549087954013,0.7479198991031014
AFMKNVUMCUO2DVEEMX4VOW3NQHGA,19,46,56,0.2305194805194805,0.5576134094469585,0.5990868734757044
AGLQQCIS5V6EGUCS5SSNHWZHQM6Q,26,66,71,0.09979879275653923,0.3923604968002694,0.5944395209651212
AGJEUSPFRORQIAF4UIT7R4GHVDLQ,22,74,48,0.16046099290780141,0.513762815808207,0.47603123801194575
AFVBUYR2KLGZ4SFVK6XGBKVZ5CTA,24,66,78,0.11055611055611056,0.3877088627341214,0.7172423250926427
AG4CDJOL3CVXO7G6X267Q6H5LVRQ,26,65,65,0.09903846153846153,0.4050068153735636,0.5786351893924526
AE7KDATXSB63T7FO6XLHKVSQS5HQ,21,87,72,0.1697965571205008,0.458266287554215,0.5840782301604049
AHKVDRZRDAZVNGYJ4R7H63IGTKQQ,27,62,48,0.12943262411347517,0.48273444701388085,0.5197614809072733
AFRYWYTJH6VJEUFEOF4WU3ZWTF6Q,20,46,66,0.12680652680652682,0.42810333373496484,0.487462530370567
AHQYNYYZWPQ6F42O5XVCA54P7ACA,20,69,64,0.1527777777777778,0.45874613161287986,0.572891826349456
AE56JGTBHHTTS4UX4GU6ONQJ7NNA,18,70,70,0.1772256728778468,0.46978737692157696,0.5736509573345241
AGZO3KJS5VFJZYJDAGCTY6SD32PA,17,55,65,0.1423076923076923,0.44827604614279437,0.7232532202331322
AETK6AZH4AJT3UCNWYLAROX767XQ,25,59,78,0.1824841824841825,0.45963693466219335,0.733110637248447
AGLRFKBE7HRBV7PMSCO7LCN4R4BQ,19,78,70,0.13457556935817805,0.4271372734019082,0.6880577657141058
AGPGFWUIGJUZTOWTD35ZDAZLF3ZQ,19,58,61,0.07923497267759563,0.3952377297095553,0.5370436266583215
AEFGWO2JWH3WI6IS6CNY3ZMWVA3Q,22,79,66,0.22797202797202798,0.529268834900466,0.6181835372734725
AFUKCEULW4KYMWRQCVGI6K3WTVUA,71,692,757,0.1252542408420876,0.21427793237925505,0.8772345824446139
AH4FRDTACKPAOGZSRJWE5O7BSA3Q,26,70,77,0.13773069036226931,0.4185065081072599,0.6522181555002455
AHHHUUZFNOKWOYZBCTWI6BVD4VFQ,23,59,60,0.11751412429378531,0.43351688132574495,0.6419685209161736
AEPPMFJUVGGQXIB64J6C5DNF7CJA,20,67,47,0.11933395004625347,0.4802345309337828,0.5573789001307583
AGBZ6QJSCFFBQ3AFKOPK4OUP57OQ,13,46,69,0.16879795396419436,0.4656308577191318,0.4767854835005707
AFSGNK5YT6ST4FWMWYDT2OIURHVQ,23,66,69,0.16027280477408354,0.457105708529021,0.5841054594245085
AHH6AER673CJ3MCKK7RSIB6RX3YA,18,48,60,0.07853107344632769,0.39453383047828733,0.5127882993657413
AEUZDXOGNYGM7FLLBEFXJB5TPG5Q,21,80,85,0.16134453781512606,0.4284156124266284,0.6018639266141476
AECLZPHQ72FZTCG2MWNAZIJXCRZQ,30,81,82,0.06413730803974707,0.33444572599669864,0.5237829654400814
AER25UISEZP2EFBRSKVVI7SCVY3A,21,49,52,0.04751131221719457,0.38695272403927744,0.41241408601399693
AGJK5FXDLTSWLFE6BG4BU5QKONMQ,26,88,83,0.12577137819570966,0.39607979615266126,0.7035240998830378
AHFJQPRACCQYRSQSUIOIQPWDYPXA,31,76,99,0.14347557204700062,0.39073534099018425,0.6994629030844454
AFNHUUTEO4KB56CNCMM7JGURRGYA,18,55,56,0.08571428571428572,0.41280821464176365,0.5398826411842328
AFLKX7ZNVK2DN6LG3EAP6ZNYUFHA,32,114,124,0.15420928402832415,0.3740234384330787,0.7757207944144167
AHJNTPTXK4IF4IPSOROYUNCEBVTA,27,83,81,0.1638888888888889,0.4375553041444876,0.7117314972605906
AHBILGMJZOBQNFI6A3HKHL5AIWFA,16,48,57,0.11152882205513784,0.4386227509826157,0.5468153502685318
AHJUDSYOGLWJG3GFHDC4UUVL47QA,13,49,59,0.19871420222092342,0.5201191071013127,0.48815404555803327
AGFSGNZ5OXN5SAOTL73LFINSBIAA,26,86,65,0.17115384615384616,0.4771221999889482,0.7232532202331322
AGQMLAXEELMJLEKLQBHV2UBVR2FA,18,83,58,0.15547489413188142,0.47687979901227073,0.4985350670901845
AFVEDH6Q5TC7HN2NVMMZPJH2HPDA,24,70,90,0.08938826466916354,0.34740343534949353,0.6341542710154072
AENYCH5TD6KR77VTYQ5F7KHWWVMA,21,61,69,0.09249786871270248,0.3893307724676399,0.3908500263777248
AGBHFHIPZEFAMWYB754QZ6OQLJUQ,19,58,61,0.16994535519125684,0.48594811222321643,0.6666584693070692
AHRL4LYXD7XNEBSXATXTYL3VQO3Q,42,199,193,0.14367443868739205,0.3203253501375949,0.8016598520821341
AH6EWS5QFQXFL4GQD46VO22VRCLQ,21,59,62,0.12109994711792703,0.43196410547870456,0.5965836642302969
AHXLT4YARSNUWKQTJSB2PMFGGCNQ,21,66,51,0.15450980392156863,0.5006734804420256,0.5226479034046672
AEUWZ643QYY43HRK5MXAZ74DSCMA,24,85,77,0.15960355434039644,0.440379372085387,0.6226162413894247
AFZUMKCTS2HWDZ2P4HK4PS47MA5A,25,80,56,0.15324675324675324,0.48034068217423115,0.5790110416470615
AHDCIBI6MNNC2NPX7YA5LKQ65ZIA,13,63,66,0.3006993006993007,0.6019961076277387,0.7080110824260649
AGZGO6YVZFF6X2FSR32KREOKDWSQ,21,55,54,0.11180992313067785,0.4449060761686052,0.586219469150203
AGYRQBBCTRZP22B2FN4S6YUQ7WBA,26,71,48,0.14893617021276595,0.5022379931131716,0.5652484470288064
AGGA73VALFKPEIR7UR7X436FENYQ,17,78,57,0.16604010025062657,0.49313402917810445,0.5659621115479826
AEEY7IUIKBW7IUCBCAOVPOZOWALQ,12,57,57,0.18358395989974938,0.5106778888272273,0.6459764496621503
AHFDOCBR277ZUFHL2JXNNGXYALUA,18,53,59,0.16773816481589712,0.4891430696962864,0.6770650802036574
AGFKTUCTFTGMXB7XVHYABSMUAW6A,30,125,140,0.14789311408016445,0.35476547892497784,0.8270671693389651
AFERBXYD7CR2BWLDOA6YGRM4QRXQ,20,65,52,0.24811463046757165,0.5875560422896545,0.6858421750778491
AGVJUUCFMBP6SABPIAXREELESFIA,26,78,65,0.14326923076923076,0.44923758460433283,0.703955267686424
AG2BRLCY7NVOZ33KD33PGIIJF4LA,22,63,58,0.13914095583787053,0.46054586071825987,0.6933183282405708
AGH3Q273ZTB2JATUUUKFVRMKACZQ,27,89,81,0.08518518518518518,0.3588516004407839,0.5844159971623268
AHVYINDZEXRCDK2FOE54TL7MI4FQ,27,88,81,0.18024691358024691,0.4539133288358456,0.7268354721618501
AGCSHGACB3ZKGQTROVNVEUPIDPFA,22,69,97,0.13853092783505155,0.38835304261349707,0.7059014479902656
AECSVEHBBVKZLBL45UNICW46HFLA,40,200,210,0.1649122807017544,0.33382285928597766,0.852170413218788
AE35OPCE4E5LOQAODQT5QTD5SFIQ,48,395,355,0.1310734463276836,0.26116972257541243,0.8591260551871265
AHBPSOB5C4LMAVHKXXYZHKWQHHKQ,24,61,58,0.14640048396854205,0.46780538884893136,0.737495493287368
AE6F3WJIUZRLTBQIA2M4X3LERYJA,21,75,71,0.13279678068410464,0.4253584847278348,0.6920282749619573
AEPYN4SBWIWISOOYDOPQ7HNS6JIQ,23,91,67,0.11578471279963817,0.41708151972807617,0.7119581267464503
AGHE5YHUV2MJNLS7JH7VO3G6MFPA,29,119,139,0.1876759461995621,0.3960419937256695,0.789709210199336
AFERCDY2EFJKT7QUQ75GISNHTFOQ,27,101,103,0.19246145059965733,0.43482450162241254,0.7813223585307423
AHSYWCHPMJDHYJDHKZDZYUDYMGXQ,21,55,54,0.16212438853948288,0.49522054157741024,0.5655798297438002
AFW2XSJVKJ2VVRQVD3IR2ZKCK2XQ,22,74,61,0.12622950819672132,0.442232265228681,0.6471738729373551
AE6MG5ZVO4BVU5UKIUVTXRAUTJLA,14,54,68,0.2440737489025461,0.5409066526574835,0.7343768627471647
AEQGR4YJJFSHOPKIHH4MM3WFKLJQ,25,72,68,0.1514486391571554,0.4482815429120928,0.6114553373113667
AFSVP3JNP7UFF3XNNIQSAG6ZRKOQ,19,70,75,0.12396396396396396,0.4085087532732761,0.6136626560100116
AF4YK6ETKIRQ36LYVR4YY3ZS4ANQ,31,185,181,0.13959484346224676,0.3220391202993126,0.7566772204295138
AF7CLYC43B3X2W6JN7OFE6AD4AIQ,21,53,51,0.1003921568627451,0.44655583338320215,0.40306917634949413
AGHZXVOSR6BUBEGP6K3BDYLSOJ3Q,21,77,60,0.09096045197740113,0.4069632090093608,0.6419685209161736
AFXLN2LOIXG7GYLMXNGYOZOGG7YA,21,54,52,0.09803921568627451,0.43748062750835737,0.5304410240670542
AGEBWT6LTQS44RBUSRT5YWGNABGQ,23,54,46,0.14879227053140096,0.5096928514189303,0.6237729616754668
AHDDEU5EAPT6BU7KUGVBEYRF6JOA,20,50,53,0.13425253991291727,0.4736939517350002,0.5794774148253274
AHHBH4VPAVBILY6UAS4LQVX2ZTKA,21,58,61,0.1830601092896175,0.49906286632157715,0.6280568323013574
AE4M32TKLQAR6IQ75FGY4MD5NVEA,19,58,58,0.11857229280096794,0.43997719768135723,0.737495493287368
AGGB33CRW5QSNM542FDVHPQ363YQ,32,115,145,0.13630268199233717,0.34028158454907187,0.7240297046072028
AGXNNDGBBN7K2RJQQW7UBR347SZA,19,62,56,0.1616883116883117,0.48878224061578956,0.7059560493937462
AHHISNJH3ZT4KLFHVFD4SNIQRXZA,25,57,63,0.11571940604198669,0.42658356440276424,0.6954990312423112
AEWUWP5UWPZOU4HXYJBYMTIDN2XA,12,52,56,0.1448051948051948,0.47189912373267273,0.4651889217380264
AGDBPYOOBEMKUQXFFB6H4E657YAA,27,136,128,0.14985236220472442,0.36620466003001007,0.6724254939009103
AEOYQBJW46VUK3HGQCHDI55WWN6A,18,57,45,0.15353535353535352,0.5225470725876198,0.5167086665954705
AGGNRJ4XCEU5NKTGXONSYA5V64QQ,22,49,67,0.08638625056535504,0.38768305749379306,0.5896790156553184
AEEMHCO2KYLSSU547E7HNK4PMAMA,38,197,198,0.1368507409116546,0.310804533497763,0.8435647623900324
AG57XB5NOQK2IQ4V7MX5T4FHH6YQ,29,131,136,0.1425925925925926,0.3524851517170027,0.7239913738036503
AEIGRLFPH5Z3EQ73Z23CJ3WX6R6A,54,374,372,0.13017708605048836,0.2570868472677634,0.8494720798050142
AFMIVOY444C3VLI6CK5U2OXJRTGQ,25,101,103,0.14943841614315628,0.39180146716591147,0.7451108204623325
AEY6Z7A3GCSZ3N6OHCGGMYYJBWWQ,25,64,81,0.14166666666666666,0.41533308192226537,0.5844159971623268
AHMHS45MRB6MBCZJ7AWU2QSHHENQ,42,170,170,0.11555864949530108,0.30329226156473094,0.8189853861930532
AGGFFBBB5KFSFSSHHV7I54WUZ3NQ,20,47,65,0.15625,0.46221835383510207,0.6850802222918855
AELWIBSJORE5MM722A4OQC53XIWA,24,69,79,0.19863680623174293,0.4757895584097538,0.6601541857263991
AH53UQYKESG5SJQD63N4KYJXUEHA,28,64,50,0.05714285714285714,0.4033065336633142,0.5360430080307526
AHRXKSDZJOYVZC4CXU75S5TKFOWQ,25,60,63,0.17613927291346645,0.48700343127424395,0.4350216923441138
AFUZC6TF57EVSGN26BUBWJ4HM72A,24,61,55,0.15622895622895622,0.4893251092668836,0.5723986032921584
AHFEKQZP2NQ4P2XUT6HEBM62RS5A,30,117,117,0.13144709696433834,0.3587146847118789,0.7424955468893026
AGLGVDWNM5KVHS3PBM5HX464YVGA,40,307,307,0.1817717314939005,0.3217001042435072,0.8731706624796427
AFPYDQFZTX45YHI4JTPG37ITKHDA,20,67,45,0.1111111111111111,0.48012283016337737,0.5906389314088996
AEHWKRPNWNMOAJSMO2F6O7RFRTNA,33,170,147,0.10688659025253937,0.30946355934046205,0.7513518279026131
AFQ644U5B6FTZZEOEDUUCC24BGXQ,16,56,51,0.19686274509803922,0.5430264216184962,0.6097335482929176
AFFTWOUQ6ME5QP2NFPUE6ETZFSEA,21,69,72,0.08059467918622848,0.3690644096199427,0.5539220438063099
AGDQCJWEQ5D4LRTWNYR4BUG54N7Q,23,57,51,0.07607843137254902,0.4222421078930061,0.5653272850383958
AHOCOXJ7KQ7QW6J6SZITGMFK5IHA,41,177,161,0.15077639751552796,0.34428777552577544,0.8170621982877724
AGOEJF6OZTPVVWPJDQFFISLNMI5A,16,52,59,0.24371712448860317,0.5651220293689925,0.656624835397579
AGU4TSYCYNQTJLVZPG5ASQYGZWVA,25,75,66,0.12354312354312354,0.42483993047156154,0.5031158218052955
AE6Z6YWXXT2RBZNC2E2OT66IOWUA,20,73,71,0.2442655935613682,0.5368272976050984,0.642175216805644
AHAL3GJ5CESLYFHGFIS7X7L2OU6A,21,67,59,0.09877264757451783,0.4201775524549071,0.5417151697218255
AHW24URC4RFVEOKHFZXMVLNECLYQ,22,57,59,0.11163062536528345,0.43303553024567276,0.5787412193093191
AHCFYNLZXWHXARK6SJSQBIY3U5RA,15,46,54,0.17120894479385046,0.5043050978317778,0.5057745431923907
AGBL5QAIOWK6ENWLSOW2HWUQAZ3Q,21,60,54,0.16701607267645002,0.5001122257143774,0.6072556800279818
AGNXAQLRAWNX6EXBB2D4LITT2WZQ,22,114,125,0.1815483870967742,0.4013625415015287,0.7483150488090808
AHQFFVHDUPLKSLRFOCLRMHBSBDOQ,21,60,50,0.15428571428571428,0.5004493908061713,0.5801946695959669
AEIVZRSUIO26HLONNJVEEYPRYCNA,23,79,100,0.15131313131313132,0.396087814381213,0.7502521941205487
AEAXAJACFMXIAAH4WOHRMXPSZWFA,28,133,136,0.17287581699346405,0.3827683761178741,0.7853343637669732
AEMP3A7IKW37CMWFXNKXWW6HGJHA_1,24,81,65,0.11201923076923077,0.41798758460433283,0.5956945765250103
AGJITMTUCLDSYTUOSC2Z7OGJWXVA,24,72,84,0.11617900172117039,0.3832500763326727,0.6374271947940885
AFUFF6CVQ4VVTRGIROH44A7ESUDQ,27,74,66,0.14965034965034965,0.4509471565787877,0.7465887961078681
AESPFWNUHN4G246P5CIB4BE5F7RQ,25,65,74,0.1828952239911144,0.46744001330042656,0.7541547829797608
AGUQ2BPQ2A4H2QKDVJWK6X6MVBLA,21,78,74,0.20140688633839318,0.48595167564770536,0.7368752522878421
AGM5JAMRPDLOXPSUPSBH3CN6WCMA,29,85,117,0.18538166814028884,0.4126492558878294,0.7424955468893026
AH7ETWOPU2HH47YLRGRQFIL4NJVA,16,49,61,0.13879781420765028,0.45480057123960993,0.4854662092214667
AGU7C7CZA56W7C3PML6C6TD2SRFA,27,70,75,0.11315315315315315,0.3976979424624653,0.6439071524268346
AEKZNV5KOIJKBCW3H2RSQVO63DSQ,22,68,75,0.14846846846846848,0.43301325777778066,0.6749602244497424
AEW2XCQQH7QTXUXEIEAD4XQINHJQ,19,55,48,0.17819148936170212,0.5314933122621078,0.6628094464652029
AGJYGNSFUQILJ2WA7XDTP5YN2ZTQ,27,74,65,0.09038461538461538,0.39635296921971747,0.7232532202331322
AEAZROFBPDU26QZJ5ICYR7AOMW5Q,20,62,69,0.09931798806479114,0.39615089181972857,0.5682427607374647
AGG6BKDYWE6N6DPLJJB2WGTUV5UQ,44,177,159,0.12172597723111217,0.3164582593277303,0.7765601334153727
AEBVRDYVYXRN76VYT5NAJVIJTL7A,21,68,52,0.16591251885369532,0.5053539306757782,0.7357787663032535
AGMD6LVSGUU4JPEAZ4TK3UBL2MBQ,23,84,72,0.09937402190923318,0.3878437523429474,0.6792108280015874
AGSCLYM6ICDUYZPNL2EVMDECTYVA,27,68,54,0.09154437456324249,0.4246405276011699,0.6072556800279818
AH5W6LHK6CY3XNMTSIMU6PKFUBIA,18,47,56,0.10064935064935066,0.42774327957682856,0.5207874240069754
AGCXLRMTTQO4VGIB3RWMXECECWTQ,44,185,183,0.13751276046358013,0.31895182702373326,0.7913501780836335
AG47NFTVEHSXFGQG7QKQHMQ42WJQ,22,63,73,0.12557077625570776,0.41404050668942194,0.5014676223447526
AHV67OZ7EO5D6QX53S4BEXRQ6FHA,46,300,331,0.18269706124691018,0.31744108958603356,0.8456403287115436
AEFI22B7AS3VNNKN4DC5HADG77QQ,26,141,149,0.14656267005260293,0.34776622012451497,0.7544904510678802
AGRQGAGROERFY6CCW4BODCENODQA,13,56,67,0.13025780189959293,0.431554608828031,0.6063378223854093
AHCLCY7ATRXRQFKXEFUD7WTINBTQ,13,55,63,0.16077828981054787,0.4716424481713254,0.549757538438769
AHMVNNNXFUDT7MLQ4F7HNC66LTDQ,24,64,57,0.17669172932330826,0.5037856582507861,0.6052302873869578
AHSMSNNZ3CE5QC57OPYLD6QRQERQ,17,51,56,0.16558441558441558,0.4926783445118935,0.5019821565665499
AGAQBOI26SMK7M5KPF4PFK2S4OKQ,41,207,187,0.12103961819331838,0.3005171237043197,0.8831667032010738
AG4Q6YXM5RL7XTQGDEETLNSXBBIA,25,87,100,0.12262626262626262,0.3674009456943443,0.6226157331010471
AG4GNHABQ7DVDHNH52V7BIN3V5WQ,21,51,68,0.1584723441615452,0.45530524791648264,0.5949904391667284
AE4YA7ZSIYTFM2JSMNXZMBJ4A2VA,32,92,95,0.09227323628219485,0.3447390449448768,0.6516195434557626
AGCJO6Z4BYMH27EYRFR4ZQXGAZ3A,23,82,87,0.22641005078855922,0.49035737964079884,0.7022227350510082
AE2B5CUQIA5ULZCR34UOPOXROEPA,53,688,712,0.17999257257541998,0.27172576338714294,0.8970519317592397
AF5F3I4YZ3UBPDG3BMFSHFNOYPCQ,18,56,58,0.18148820326678766,0.502893108147177,0.6513809084171851
AFP4XV2TPIF2DYR7MDS3ABENVU4A,20,56,50,0.1363265306122449,0.48249020713270196,0.5360430080307526
AHOHXQZCEU3KDM3TPKZRNCJ3ITVA_2_1,57,474,550,0.1682728928630568,0.27264516841472186,0.8611169540264615
AEKQ4KA5L7LSVKG2DEEOECYIRJQQ,29,110,127,0.15773028371453568,0.37579290299952095,0.7614915625219048
AGRPLHGW2CR6WWOHT5TOWXDGIZEQ,19,60,47,0.21646623496762257,0.5773668158551519,0.7107362717291932
AEQJCTT433QTR6GK6IPGNOJ3FX5Q,20,69,64,0.2058531746031746,0.5118215284382767,0.6619298827695084
AGLFSVQY3A3EQH34RY46DDTRFAAQ,28,115,142,0.1345519928079113,0.33996234382162566,0.7514407580206399
AGYWMGGQ32YMT5CZIFHLE7VLUT3A,31,109,98,0.12076583210603829,0.3680256010492219,0.6156679316882535
AF54KH75LOEZFH7NRJUU6MBVX5RQ,29,130,120,0.1696078431372549,0.3930555355081985,0.6995487133971237
AEPUWWUCNPENE4E556S6ITXLLXYA,18,55,49,0.17772108843537415,0.5310229113357798,0.6946191568705997
AFY4AE3MMYP5H6LPT664G44RPASA,20,72,86,0.10971272229822161,0.37366005115046125,0.8015546052620508
AG7JO573OOVRRL3RS5JEDJ5KUFBA,18,76,81,0.17901234567901234,0.452678760934611,0.6677397318085667
AFA23EPWPNP4NKTIAWMWHBDPTGFA,30,72,88,0.1839080459770115,0.4448387348561741,0.73282657662423
AGFN3T4UR57DF757BHYMF54PHT5A,23,77,76,0.1368421052631579,0.4176179230081485,0.6788253429866662
AEGBNQNP2YDBMHPTLBOYOOXXL3FQ,18,52,51,0.2172549019607843,0.5634185784812413,0.5653272850383958
AESINLMUAVR374XLJLRRFWWUEFWA,25,56,51,0.10823529411764705,0.4543989706381041,0.8498945308967584
AFPM67PYOOTTHZCVAYMIB3HUQT6Q,24,99,90,0.15380774032459427,0.41182291100492424,0.6980977777834407
AH3HJDJIIIWFU3GOLTDG5ZV2V5LQ,22,58,63,0.1402969790066564,0.4511611373674339,0.549757538438769
AF2IEFCJNLT3777QQ6UVOLS5SSVA,20,57,53,0.137155297532656,0.47659670935473886,0.6676864852114199
AGE3PTUYLXXSTCZXHJY6S76NQQEQ,23,66,69,0.16965046888320545,0.4664833726381429,0.7378898962260654
AELO64EBNJW5S5KM443G2CMIUTHQ,26,65,48,0.16489361702127658,0.5181954399216823,0.6374441886844464
AGAJHXN5EQE4AAKAJQBTWVFBHUZA,29,139,144,0.13005050505050506,0.33402940760723976,0.7546841020546372
AHQ45D2CUWAGTV6DWHF6NFNHQZVA,25,60,51,0.12,0.46616367652045704,0.6562078591396046
AFXLQ7ARUN4XYZJTA3ACK2O3JQGQ,18,66,67,0.18588873812754408,0.4871855450559821,0.6755136027138984
AE7ZWVM3BUBG5OFF37ALYQHHVHVQ,26,108,89,0.22395301327885597,0.48488370215801857,0.7083513179584109
AEPZDFSFXPXSXHZA4IXIXULF4Z2A,22,94,70,0.13871635610766045,0.4312780601513906,0.6541665449249776
AHH34KMAZWX4Z6F6A2K5RSPGNIXA,18,54,63,0.1336405529953917,0.4445047113561692,0.638521373596947
AEGKIWEMRGD2CHDPEK76OY5P5TIQ,20,61,56,0.1461038961038961,0.473197825031374,0.6617228619761635
AGSRO7NXV6VMSP7OXAONAB7F57QQ,40,182,184,0.13940365882632455,0.31985394927008926,0.6926094968850953
AG7JCEMC64AM7JPATDVGP6YZOTXA,34,138,132,0.1688642146657414,0.38191322999469385,0.6901751896582015
AGQFCDF5RI4T2SSMDP6VIKZZ3WRA,17,60,50,0.10857142857142857,0.45473510509188564,0.4525092378595224
AFQX5RZCEG3AJ34QRKGSXYXLJENA,28,75,59,0.13383985973115137,0.4552447646115407,0.6979817325134463
AGLW4V36VALHKI723PRQCKH2S7TA,21,51,50,0.1036734693877551,0.4498371459082121,0.47285202539791066
AEGW32IMIBSQUFG36RADHHKLKS4Q,30,94,61,0.10163934426229508,0.4176421012942547,0.5547042225472776
AHYOSWORVZFXM5QMRIAW3JTTFFIQ,19,48,65,0.1466346153846154,0.45260296921971743,0.6305683180015698
AEPUMWKGBOVGCCEZFLLWZHXWYXUA,26,116,142,0.1596244131455399,0.3650347641592543,0.7682188321230751
AELBPKLT4D4UEWZC4G6ZRKHRAXKA,27,94,103,0.13744526936988388,0.3798083203926391,0.6988278436882649
AF3HOFY5T4LHGCCWXV5TUVVIVKHQ,26,81,88,0.15151515151515152,0.4124458403943141,0.7468867028963979
AE3NBHX3ODICQE5ITCUEA7LGWYTQ,23,61,55,0.08417508417508418,0.41727123721301157,0.43886024198904433
AHEJIQT7RQLPD6YSWNECMR2ONLAQ,31,111,116,0.1151424287856072,0.34241001653314773,0.750791943092503
AFNQHTOCHFLU75HS34DIMKZB4EXA,51,241,210,0.13378901799954432,0.30269959658376755,0.852170413218788
AG5UFUTELKFDXDVYOB6PZTL7VXXQ,29,81,63,0.1827956989247312,0.4936598572855087,0.6954990312423112
AE5IOP6QCVK6HFXARBV7LRNR7ELA,16,55,48,0.1374113475177305,0.49071317041813617,0.5197614809072733
AGSEHOCLLZ54KVP5F7OTRMX65FMQ,24,68,74,0.15734912995186967,0.4418939192611818,0.7368752522878421
AHZTEZKKMQTPNZW3AYURV4YDN42Q,58,355,337,0.1376466016673732,0.2711821389731244,0.8483050720288462
AGHBGROMHVS5PWXSAU4UXTEYR6GA,31,101,92,0.13807931199235546,0.3932745600720916,0.6291572317884959
AGE6JTC6BUGXNMZONP632XOJH2NA,18,60,49,0.2151360544217687,0.5684378773221743,0.4849303024107301
AEFZSGWL3X6Z2VS65UON57NIJPMA,20,63,49,0.19472789115646258,0.5480297140568683,0.6439191243642686
AEHCPFOSFRCQDQJUNBXOLPM2YU6Q,50,260,248,0.1494057724957555,0.3048378516761443,0.7590859409277881
AHX2VMU5UQYI7NLQGGLUBO4NLOZQ,20,69,57,0.2149122807017544,0.5420062096292323,0.6669945733865204
AGIKKF3C6ZIR7OPIRG54DDZV4ZOA,19,76,68,0.1273046532045654,0.42413755695950284,0.7534115098741596
AE3L62CWQPQTOUP75PH4X4HMY4CA,23,59,46,0.13429951690821257,0.4952000977957419,0.5982899322797393
AED4A5D3XDKTGB566GFP7YQLSHBQ,34,240,252,0.11550622905204579,0.2696997858717593,0.8085029505972935
AHSLEMZLSENEF25Q44NSLG4O47VA,26,64,69,0.1526001705029838,0.44943307425792123,0.6496882251686545
AG7PZ2PX5RJBIQYTFNIRY5QOWSOA,26,132,116,0.1565217391304348,0.38378932687797535,0.7612619356281639
AFNLQIHXE4EPQVKXFNLHR5K6H7SA,18,45,60,0.1440677966101695,0.4600705536421291,0.5483007821278327
AEOK7C5TRDZG6XYAOH5LOR3V5ICA,18,57,59,0.1396843950905903,0.4610892999709796,0.5976975571345595
AFZUG6V6C5UTP3V3TZJJSJGJTCJA,29,103,107,0.1220243343325692,0.35977052345957694,0.7771539178680753
AHSVSD5BR67JQAYQKHTKVINJBQMQ,23,71,68,0.11589113257243196,0.41272403632736937,0.5787421735989275
AFEFFFWPK6A4NTSVTBW7Q7KSOFQA,43,223,188,0.12805779952212992,0.3065780848452577,0.7590869539256746
AFJU3FGQUWXM6XKMDC2FKSYYEZUQ,32,138,113,0.10745891276864729,0.33874924799821754,0.7446327904642989
AG6WKA67A7SMVKMN7YMI6LTC62PA,21,46,54,0.17120894479385046,0.5043050978317778,0.5253792589868966
AGEOZXPAYILCESAOSE2D3MWKWYLA,38,147,156,0.12646815550041357,0.3224447459899997,0.7497878352024123
AGDQKZQCELHEX6KUAHQOMVOQFTLQ,29,92,80,0.2449367088607595,0.5186031241163582,0.7237104218669741
AEFYY4OQWFEI5GGGONXYESM5S5BQ,31,211,219,0.1914456872355578,0.3572280214156006,0.7916413101030059
AHO3ZTW4HFSGBV7UNIZN7PW74CSQ,20,107,111,0.20982800982800984,0.4432115129278722,0.7622528937575245
AFXQNE3PUIC6FOZ7WFZZ757LE74Q,30,93,82,0.08009635651912074,0.3504047744760723,0.6857221109934732
AETHKES5SOD7LCBRQTFKZJTSOYFA,31,75,63,0.14234511008704556,0.45320926844782305,0.6761283879605628
AFNHSZFT2L4XI2SBCC4RKRNY3HRQ,23,79,66,0.15897435897435896,0.460271165902797,0.6010859800713153
AFAOLRTHKC36JVPANVADVOWZDW2Q,22,53,68,0.1562774363476734,0.45311034010261086,0.662303804618508
AF7UUOEIY6ZART4P6WQGG7XU2SSQ,27,80,79,0.11879259980525804,0.3959453519832689,0.6028466538504952
AHIS5MNAQJU5EVZAMG4FG7DEFJVQ,23,68,55,0.09427609427609428,0.4273722473140217,0.5927528573416417
AG7CY7WL33GTS4OKJJ66WL5VM3LA,21,54,61,0.15628415300546447,0.47228691003742407,0.5726190191204755
AFRPPMLQA6US5AGWTNF6IFGMBHJA,18,87,82,0.17404396266184885,0.44435238061880045,0.7605727174465663
AFWGSI3AV3UORK7AHCCYA763KEYA,24,59,53,0.09288824383164006,0.43232965565372294,0.6911218122404608
AH5DZ3X7JLNNTZU6QNP72JXJ5NQQ,30,141,151,0.10022075055187638,0.30007844237463277,0.7973958071341308
AHV4TIFEIBV4GIILG6BATSJQZDUQ,16,59,59,0.27001753360607833,0.5914224384864677,0.6979817325134463
AESC5REXK7R6DR5ODABVECWGNJCA,21,66,68,0.13125548726953468,0.4280883910244721,0.6281509439985903
AFCWPO23NJUDE2XHXFB6MFNJOB6A,24,67,69,0.18073316283034954,0.477566066585287,0.7015891310648786
AEW5HVT4YG5IO4C5U3H6VC64WWWA,21,47,63,0.13671274961597543,0.447576907976753,0.7356209207643751
AEQ5HOT4X5OKYDVOVDEIEZZTQIMA,23,66,76,0.17228070175438598,0.4530565194993766,0.6788253429866662
AG23JMWXXL26P4BXUKDALHP5MKWA,23,64,57,0.13095238095238096,0.45804630987985884,0.6885100653153211
AHNNWOH7UJJZ2MRAVJYI7QEKFWKA,20,60,51,0.12392156862745098,0.470085245147908,0.5226479034046672
AETNNBJAVBJBCISV56OOOWLPJMIA,35,138,119,0.19826235578977353,0.423595716126356,0.831069192953278
AGC2S4H5UCCL24WP7V3YJVMQN6XA,17,54,58,0.11131276467029642,0.43271766955068575,0.6310897729801068
AEVYDTEJFNREETYZ6Z426MY4YINQ,21,56,55,0.1494949494949495,0.48259110253287685,0.7011707459207333
AHNI46X4ZHR5O4XL2JWBDFJNVHMQ,26,72,84,0.17555938037865748,0.4426304549901598,0.692535266943185
AG2L2V7VZCTSJXDAMHS2IQKGK4XQ,53,244,271,0.1037857045237119,0.2527508327710076,0.8214296480406206
AE5WIXDVVE4ELVZ3GTARNEEVOBKA,37,263,271,0.18898455651223178,0.3379496847595275,0.7871052250633813
AHC4UURWTZDM66EK3QASG2PNSFPQ,32,119,109,0.14458036017669046,0.3801149087769609,0.7469975040772547
AGPMIOI4VJG34LTTSDK7SR4PHQLA,27,54,50,0.12408163265306123,0.47024530917351826,0.7262966320693653
AHSZXCJL6TJGVOVCZ4SFUYWDMMZQ,35,135,120,0.15364145658263306,0.3770891489535767,0.7789850791407881
AGJHBER7DOTPFKZBFMEC6GQ4H3EQ,22,88,101,0.1401980198019802,0.38497270287006186,0.7284678543675001
AHSTHVDE6D2AV6M5NYKF2V2ZZUDA,31,78,77,0.06903622693096377,0.3498120446759544,0.523987551324552
AGRBCVBFSGXC3IOJMZLUSLD75AQQ,19,51,50,0.19020408163265307,0.5363677581531101,0.6747284568901861
AGBMTWVIUOIHVH55POZS4KZ2HLPQ,22,51,56,0.08116883116883117,0.4082627600963091,0.5207874240069754
AFXBZTQQFKBDOGT2NSQVEE5VHKCQ,16,48,60,0.10734463276836158,0.4233473898003212,0.6225974574464043
AEEVEI7O66NCAIZN4VGVZHYLJPOQ,21,55,46,0.16618357487922705,0.5270841557667564,0.5734627407468422
AHMU7BKERSEPLJEPFYFDWQ4IR22A,19,51,53,0.13062409288824384,0.4700655047103267,0.5794774148253274
AFTS2ADH7XVJ5VNQCXLYVNMTJNGQ,34,184,165,0.12076866223207687,0.3119055775812449,0.7988964609247167
AG4D44BNNLUEZNG7COK2CNRYUHYQ,31,111,115,0.13577421815408086,0.36502671335005205,0.7699908111700997
AGQEOPDLRRHUGN4UAU3TZFQQ6KUQ,23,63,55,0.16430976430976432,0.4974059173476917,0.6134936628587425
AELXQXLPI44TDSYJTF7SVIJ4YHIQ,24,68,83,0.15633264766382604,0.42664106562077764,0.6749972298376123
AH3NR6XSWEZ6KZEWH52WYA5CBZMQ,27,115,122,0.11881858826717247,0.34042717370607045,0.7425414342600676
AEMXI5DX7EYO7YHIWRHZQHLRPJGA,26,71,53,0.18432510885341075,0.5237665206754936,0.6448702362084395
AFDNVPMB44ZS5O2CSJTL47BI2QTQ,38,289,295,0.13640032284100082,0.27915581700011255,0.8354629781897978
AHWARWFS7J5QIBMJJRHE2XHFNGHQ,21,84,65,0.1346153846153846,0.4405837384504867,0.7232532202331322
AFCXZMRKPFASNFASWKYGQA3KOFSA,17,63,61,0.22349726775956283,0.5395000247915225,0.6666584693070692
AEXEA5OJQ2MKMKW4R2CTOAG6VHSQ,18,57,57,0.17919799498746866,0.5062919239149466,0.6459764496621503
AG2OYMADQUADYDHDVGEQCQQIQU2A,21,53,48,0.09308510638297872,0.4463869292833844,0.5652484470288064
AGBCW524EY75I4GQ3NX2SJA5TOQA,20,71,69,0.15302642796248933,0.44985933171742676,0.632944650892292
AHXVRHUOXQOI2QAMSOZQYEMB6PPQ,25,106,100,0.11333333333333333,0.358108016401415,0.6789720295035759
AGWPLX6PRQI76ME7NEH5CGCOW4FA,22,88,75,0.10918918918918918,0.39373397849850134,0.7069561573892815
AHQRUMMBNH5Z4EVFKPHDC4GJG3UQ,24,66,56,0.11168831168831168,0.4387822406157896,0.619539725880391
AE4PDGC7A45A4KDP6EMY47BGECNA,25,69,78,0.20346320346320346,0.48061595564121434,0.7826886587297252
AGRTXUUEFPETZQT2722PETQGPAKQ,23,96,110,0.16530442035029191,0.39868792345015425,0.7828475906259916
AGXW4GMCZS36YKWXW6UNNQVIVPDQ,29,140,139,0.1189656970076113,0.32733174453371866,0.6883573454156451
AGU2OU5SZRWSPMRR3WXEBTA74VCQ,23,62,64,0.16964285714285715,0.4756112109779592,0.6619298827695084
AEBWQ2GVFZS7DBIN4Y7TR5IYJ25Q,21,52,56,0.16233766233766234,0.48943159126514024,0.6617228619761635
AE5E7LP2G67TUD3AOUNWDLTCAGIA,22,71,53,0.09288824383164006,0.43232965565372294,0.5177895842421592
AEQKWYUMGE4XQ2LIM43ACOBFGRKA,21,73,64,0.1284722222222222,0.4344405760573243,0.6435387481207164
AHWBB45Y4C7RMXLHNXOOG7YPSCIQ,26,72,69,0.13213981244671782,0.4289727162016552,0.7015891310648786
AEYVCA7335K6ZSPAFZ2DEQGVPU3Q,22,68,63,0.15207373271889402,0.46293789107967154,0.5844708045978679
AF3GEGWGFHF5BHOAKC3BMXO6TVKA,18,52,61,0.06939890710382514,0.38540166413578475,0.5024349044309543
AHOEMVRSDDBHFUNOSI7RWHACVQHQ,20,66,62,0.11369645690111052,0.42456061526188804,0.4274350212996005
AHARNUEGZ7Z2HOOX36AUNGBYUDWQ,16,53,49,0.2423469387755102,0.5956487616759158,0.6688749068675024
AHZOLZNKJ2RYBU6HONMMBO3K2DEA,19,58,66,0.17715617715617715,0.4784529840846152,0.5675983150357731
AEJP557V5GGMT74RJBHACELPQGUA,23,82,63,0.18433179723502305,0.49519595559580054,0.638521373596947
AGFXY5HVXFJFJ2SJDGZL5YLGR6RA,15,80,89,0.15500510725229827,0.41593579613146087,0.6818078606074973
AHSJS6DJLJXZS4IS72QU3PPJDDGA,19,62,39,0.19838056680161945,0.5954575362429815,0.7279887455954582
AGNBQTR2GWKJT5ZW6W4AUOP6P7SA,27,118,114,0.16627852817885422,0.3955310233748254,0.7789832482794063
AH3EIX5R7MWRNMAOUAC3M2BIM7NQ,26,99,91,0.16312576312576313,0.4211409338060931,0.7275033133367814
AFXSVEP3YV4X5H2YRFZJGLAFFZWQ,49,217,248,0.12550607287449392,0.2809381520548827,0.8246201146173684
AGMRMTUJSE5BHHM3NIVFC4LDTLIQ,17,54,58,0.19419237749546278,0.5155972823758521,0.5724451086946694
AEBECS4OEJWMFQPDJGEC52HMUMQA,23,58,66,0.11748251748251748,0.4187793244109555,0.487462530370567
AF3IMSGEUBADYHCWVA2GMLOLGLRQ,26,91,94,0.17638984214138642,0.42885565080406834,0.7355306336048172
AGZXNJ2PV5A4ESO3LJBL7Z6UQXAA,22,58,51,0.09333333333333334,0.43949700985379037,0.5437877861860005
AGFTTJHW3JROK22D5O7AJIWHUGUA,46,287,274,0.15742894575011362,0.3053027396794337,0.8450783212897903
AHEPSUTVYH4JWCYPJNRQYNWPCDDQ,25,73,73,0.11986301369863013,0.4083327441323443,0.6996760711234844
AFK6BWT7CLDV7GB6BNWKJ4M525YQ,31,93,106,0.13513027852650494,0.3728764676535127,0.7290120974943959
AGXW65JPLFRFATNRHS7W7IQJXHUQ,24,65,63,0.14183307731694828,0.4526972356777258,0.6022057325793105
AE3665VDHEZ2735T5HT7QFJI5SMA,16,69,68,0.1935908691834943,0.49042377293843176,0.5626985137648218
AGFRYMX6TRFD2SEB3OTD53KBO2QA,19,58,56,0.15454545454545454,0.48163938347293245,0.6404041038680541
AGLMC44V6XOE47WXTAWKUZVCO4BA,21,45,55,0.0962962962962963,0.4293924493342237,0.4208870972333462
AFGTWWOJY6YDBQTS3MLKBDIU4PRA,24,83,72,0.1572769953051643,0.4457467257388785,0.7302041320673944
AHICGNERKGDX6HTSQXCO6CZV2TDA,15,57,59,0.21332554061952075,0.53473044549991,0.7194414023008631
AHA3DNMQOCMQGOK6RYLBYFTW7OWA,20,47,56,0.1305194805194805,0.4576134094469584,0.41189511932047684
AHQOIFJGCVRXQSUD3LDINCGNX7IQ,16,51,53,0.1937590711175617,0.5332004829396446,0.5794774148253274
AGDTZA7K2JTIM3RXVJSKEWD3FXNA,17,47,67,0.1252826775214835,0.42657948444992155,0.5409835329301962
AH4WPD5UUVJGONWDBWJKFXVTOXGA,24,67,69,0.1875532821824382,0.4843861859373756,0.7195427964977879
AEZUL3R34WWAORYARPTJG2X6KC5Q_1,45,298,307,0.11762576909156713,0.25755414184117387,0.857285629937
AETGCWXC47MSMK6B2TLZ44KCFJZQ,24,59,63,0.18074756784434204,0.49161172620511956,0.6761283879605628
AETLOI346AO5NNO4K4BLOUGSHFQA,20,63,49,0.070578231292517,0.4238800541929227,0.5280384693894444
AHSOZEZXI6YMY3LM3UAOKVNVDKPA,27,67,65,0.13509615384615384,0.44106450768125594,0.648420469976933
AEFABG7LRFZVH33RQKZ7YNXECC6A,23,60,51,0.20313725490196077,0.5493009314224178,0.587296753724472
AHGGZHNL3AGAKYIBU6CBUQORYUSQ,21,53,54,0.07197763801537387,0.40507379105330127,0.4121124168138345
AHPOBCUP2UBXTXYUQWCPH2U4VGEQ,28,72,85,0.15602240896358543,0.42309348357508775,0.753395759774479
AHPAZHQXXDK2T4ITHUTDY3PKZS5A,29,78,75,0.10306306306306307,0.3876078523723752,0.5696071434149309
AFQF4MA6OXHSWGMXSIBLC3E52AYA,20,48,57,0.11904761904761904,0.446141547975097,0.4377123874417537
AFXKFLPPZZYYA3UFWVV3PRV4NVRQ,13,50,59,0.14143775569842199,0.4628426605788113,0.4034716729967054
AGIBOWXXHX5LFZICWOIGRCRWPTDQ,27,71,71,0.14044265593561367,0.43300435997934383,0.6101432035462102
AFSBABG7RACUQLOTENHB6GOAJYVA,16,67,65,0.19375,0.4997183538351021,0.703955267686424
AF2T2NURQISR3BHXLKR647ILUOFQ,38,149,138,0.12842483867555274,0.3367908862016601,0.7882708138723558
AFFETTREBYRVZ25DYQKUHBF2X2LA,23,71,79,0.10321324245374879,0.3803659946317597,0.6311696079429963
AEAV6DQ5GDYWY72VTH2TRC2QA6QQ,20,55,46,0.08985507246376812,0.45075565335129747,0.5982899322797393
AEFQEZEU4ARVWWNLFQAYV26LBUQA,18,45,58,0.1367211131276467,0.458126018008036,0.5535472478688948
AEIADAB2WYAUS2QNAIW65MGIDTNA,21,53,56,0.08896103896103896,0.41605496788851687,0.5398826411842328
AFC5MFTGAM4N2SK3QGBSMPC6ICQA,24,97,78,0.08158508158508158,0.3587378337630925,0.6414970103873484
AEDCAPZDU5DXR433NEDAE7DZHY4Q,19,52,51,0.10352941176470588,0.4496930882851629,0.5653272850383958
AF7AJKISXNRQBAZKQPSXNAZ22QEA,26,88,112,0.11052123552123552,0.34181157075080576,0.6595914209893472
AF6VWYHPUYOKOKNW5ET3RUJ2PMVA,26,73,70,0.1072463768115942,0.3998080808553244,0.6541665449249776
AGMXZ76NFVTSMHB36ENLFVWU3HKA,20,45,57,0.13471177944862156,0.46180570837609947,0.4730607857386236
AHI6LJKGAE5OOUFN2ZITFVROGLJA,20,53,61,0.1366120218579235,0.4526147788898831,0.5370436266583215
AGLGCQJ6R7DK2HOZRYGHMQ7D6BTA,32,125,120,0.1450980392156863,0.3685457315866299,0.7687162286118867
AF3ERH3TU72TZ3MY334WSSPPPZEQ,27,133,139,0.1876759461995621,0.3960419937256695,0.8166832074627989
AFHZYGTGYN4MY4HW2P3K5U7FMVUA,27,85,63,0.13108038914490527,0.4419445475056828,0.638521373596947
AH3SKZJFV5YLTSKRJLMWP5BVEKNA,28,130,116,0.11544227886056972,0.34270986660811026,0.7404290277657448
AFZJKSYKMWCFNXIVQQ33VAJIL7UA,25,73,69,0.14876385336743392,0.44559675712237135,0.6496882251686545
AHXUNS4RYQXI2O4FLAKVE7FA5TBQ,19,56,68,0.1154521510096576,0.41228505476459504,0.6976249058686885
AEM3DX4EPJH4P6HSKK7FV6FTA4XA,25,60,56,0.11753246753246753,0.44462639645994545,0.5592840534978557
AFTPC7XK7ZWHRGU622TBRJVDQ5MQ,30,117,111,0.14987714987714987,0.38326065297701223,0.7189117554346378
AHTPMTGKDKEHK2LICVISESYKFCSA,52,201,193,0.12780656303972365,0.3044574744899265,0.7770977440539186
AHFXTIAWOGPOJFLIXLHBTSKEM4SQ,19,60,46,0.13526570048309178,0.49616628137062113,0.5023354776519451
AEDBLGC272WA4ZTVJFCW6XAZ37LQ,27,58,74,0.11625323954091077,0.4007980288502229,0.6090270770550047
AFWX42STP4GA3B3ORU66C65YZJ7A,17,67,68,0.14223002633889376,0.4390629300938312,0.6281509439985903
AEIY34D6GHL47CSXOINXLX437PTA,23,77,90,0.11285892634207241,0.37087409702240237,0.659332243606686
AE342HUMEILY6AYRPTDSYOCVVATA,24,69,55,0.09831649831649832,0.4314126513544257,0.5524023011875804
AGUPNA6RKHWNICAGB7YNK4LCSOZA,18,52,48,0.12588652482269502,0.4791883477231007,0.5652484470288064
AGK3KPVKOY7WCWL42YFVX4JFTKVQ,22,59,65,0.18173076923076922,0.48769912306587127,0.6850802222918855
AEE33OSHYGNPVW65BJVDZQ5QWWUA,52,493,516,0.16616241439000526,0.2739184601664352,0.8975561731226608
AGM2QNWSUKRBQTUCHVPRWCIYSZ3Q,20,44,63,0.16231438812083973,0.4731785464816173,0.549757538438769
AEIZ3OK5TPZ7MTYXHKCHMG5MQWJQ,18,42,59,0.05961426066627703,0.3810191655466663,0.41998244836594
AEOEUEZINH6432YDLXJENERMAR3A,32,131,156,0.14913151364764268,0.34510810413722887,0.720138512118432
AGECFB3AOIPXBVOGL5W2J5NR2NTA,24,62,82,0.12857573020174645,0.39888414815869805,0.6023072611595632
AGKG4QSOD5HI433GAXYTG4O67XAA,30,94,111,0.11531531531531532,0.3486988184151777,0.7083412133015755
AF7G7ICZETLURH773PBFYFN37JBQ,32,72,71,0.12756539235412476,0.42012709639785495,0.7818373743212264
AFA367Z5MOI5XVW7IAQJS7OGXKMA,24,105,117,0.10241674034777483,0.3296843280953154,0.8170650358587507
AEVMRLM3SY7CPJJXU3CBA3LU3AZQ,22,54,71,0.10100603621730382,0.39356774026103397,0.6585330916353251
AERZDTK72SST4ZOP5DP6D25SOYXA,23,61,69,0.12617220801364024,0.4230051117685777,0.7195427964977879
AFPPNF3RSFMMNC5UAM6V4B475MBQ,79,1039,996,0.13953502452019131,0.21709485080753466,0.8914481906835631
AHTEFBKI5JV3MIF27A6JBWFYLUIA,20,79,69,0.17860187553282184,0.47543477928775923,0.7015891310648786
AECJHMLCMX2LYNTA53VGJOCRN4IA,21,70,75,0.14126126126126126,0.4258060505705734,0.6908299635564327
AEXP4AULLRFINXRFJ3FXQDFYYOWA,21,51,56,0.14545454545454545,0.47254847438202335,0.6404041038680541
AH4YBVO724V3BJUUFP4DBFQGNEHQ,34,181,177,0.15498202362609143,0.33948788315222456,0.7981717346402394
AHQRO6CGJW7NXE5PLDR3H6A7J6GQ,14,51,61,0.146448087431694,0.4624508444636536,0.5547042225472776
AE2G43TSRIY2IGH3G7QCXLISYTWA,21,48,60,0.13220338983050847,0.44820614686246807,0.5664414062354267
AFXWRYKUE5QNX4J2WGCX4TNRUKHQ,22,60,50,0.21142857142857144,0.5575922479490285,0.6262770761129544
AEVHSN37PYEPB3FVHZPD3KB4FIGA,18,60,57,0.19987468671679198,0.5269686156442699,0.509400057139026
AGGVWJCNYRITT2IQMXPQBRXA2IPA,31,140,147,0.11751001770571243,0.3200869867936351,0.6584858829996632
AHBWAVRW22FT4GAN2VTWYNAEQFHQ,33,281,277,0.1312457489666719,0.2785827941414209,0.8124382541984916
AHXC6RWIQNNNVBU7LDEMFHY32QPA,21,45,55,0.1717171717171717,0.5048133247550991,0.6346560706163359
AHTFCHR7EEPL74GXYDKXEPITDMUA,25,83,83,0.10725830149867764,0.37756671945562925,0.6199744231267463
AGYIYHWC5EJWEENTNN2IMPFEWKSQ,35,119,118,0.10806895552658265,0.3334023158631651,0.6659457795745076
AHBZUJHBQTT2XLRRAJMAIQ6SDWYQ,16,76,90,0.20499375780274656,0.4630089284830765,0.8098138359894667
AGMZZSWOJMQ5T2RJD7ALKPU5Q7RQ,16,58,42,0.10801393728222997,0.4857094731153733,0.3926903301854635
AFBE65EUNTT4L5B2OFQTKZMMNTCQ,22,52,56,0.16623376623376623,0.49332769516124414,0.5990868734757044
AGG247BNLSVS5QC2V6WRHKRRA3HA,27,63,42,0.11149825783972125,0.48919379367286464,0.5658747534349673
AHYBD5HSNVWNAUIMWXPEAELXPE6Q,20,46,57,0.09523809523809523,0.42233202416557314,0.509400057139026
AFJ4YAHXPKZQSEJTCCJ5Z4KPYZKA,19,52,58,0.14458560193587416,0.4659905068162635,0.5724451086946694
AHOEORVDRRM4NKIKRFYBA6WA3HFA,53,198,201,0.1562189054726368,0.32930074373286533,0.8152023054997897
AE5HNX5HIVHJH734GBQBRKUMGYTQ,37,119,119,0.12889901723401226,0.3542323775705947,0.6685260623179667
AHPJJGKSFFTOQBOIMVPHKXLU4LDA,18,58,68,0.16022827041264268,0.4570611741675801,0.7729816628927655
AG7E7S3UCX7TSIX5T2XBQIJSGUBA,21,58,47,0.16096207215541167,0.521862653042941,0.48880258191664555
AF2G6T5LU5O65TBXEX5KJAWUNNQA,21,75,58,0.14761040532365396,0.4690153102040433,0.737495493287368
AELM4ZCJJNCHH5KIJAFUBUETRIZA,19,50,68,0.16242317822651448,0.4592560819814519,0.6281509439985903
AHASI5YMJXXINTYKBGRHH6TYJF3Q,30,109,119,0.1677823671841618,0.3931157275207443,0.8199727843596261
AGIGZYOXSFZD5ARXBWU2HYCEMV3A,17,51,49,0.13180272108843538,0.48510454398884106,0.5959765977260192
AH4UJ5TB2Z26ZYO2NIBATDXD33CQ,22,65,65,0.15865384615384615,0.4646221999889482,0.7232532202331322
AFV2ZL27BT6G3RTJTQ5DMYO242TQ,22,66,72,0.11541471048513302,0.40388444091884723,0.5840782301604049
AF6RAMF3HODLXIH22AWPXFB5SLTQ,23,56,58,0.09316394434361766,0.41456884922400694,0.5166068802770301
AELWTO2FDWKKXJRJTUVK67V4PCBA,18,54,53,0.17053701015965167,0.5099784219817345,0.6448702362084395
AGH56H33R4BLJ45B26ST6ELWJJPQ,22,61,68,0.11940298507462686,0.4162358888295643,0.6976249058686885
AF7JHO3LOD3C24EXXXVTSVFZCTZA,39,153,150,0.11543624161073826,0.31529393343349466,0.8126314953838233
AFBWBIAQAHVF5O6BY5J7AVLBPXTQ,20,53,57,0.10839598997493734,0.43548991890241523,0.5854261082978505
AHWILCXLWSKQULRFGV47UMTSOYXQ,27,134,133,0.1797676008202324,0.39281661614918484,0.7716058237088272
AHBFC5KHUWMYAUZZOWESXOC5YGHA,20,56,52,0.24132730015082957,0.5807687119729125,0.7103746943921843
AFF3DRE7KFNNEPNE3TQZ7WYGZLEA,35,158,131,0.1263652378156195,0.341046836523817,0.7683307104330224
AE56O6VUY4WKRV6L6YWKZFS3H3NA,22,50,51,0.16627450980392156,0.5124381863243785,0.6326842387742619
AFQXUO3G3P563OKXL5C27GBJT4AQ,29,91,117,0.13351016799292661,0.36077775574046717,0.7424955468893026
AEKZDFPVCEDQWPDXT7PQGNQ5XZQA,22,52,50,0.19020408163265307,0.5363677581531101,0.7000563338694104
AHWYUSDSB2P3NV5H4FPRF6E45WQQ,21,67,69,0.18030690537084398,0.4771398091257814,0.6496882251686545
AHVB7RJNAZ35HUAHNSYLMZDBRZBA,20,67,53,0.12119013062409288,0.46063154244617577,0.5794774148253274
AHWFAMRETIELDXF3D26JA4SRA3FA,44,203,218,0.1554559675305458,0.32123830171058865,0.7588619033524839
AESKKGQWJQBWLIA7JDLXARU3Q52Q,20,64,55,0.17643097643097644,0.5095271294689039,0.6346560706163359
AHLW5VGKONX6PWSM3OSXDJ2DM5XA,23,54,49,0.08758503401360544,0.44088685691401114,0.5959765977260192
AGLDJAFXAECQPHKDFOYDLI42RKDA,19,59,55,0.15555555555555556,0.48865170859348295,0.7245961900554733
AETGGEJL7732J4VMO6KOTNIO5I3Q,35,153,138,0.12884798476674073,0.3372140322928481,0.7361794184861581
AE6MKX6TWGESBF2HBPH6F7YQPFWQ,22,55,53,0.07111756168359942,0.41055897350568227,0.47837049614293403
AHZYIJLRFRVKRPCB2TCDAYOUMZUQ,18,54,57,0.10776942355889724,0.43486335248637514,0.4377123874417537
AGALVS634GMESOLR3NZPTBMQA2MQ,19,54,50,0.19918367346938776,0.5453473499898448,0.557897652516621
AGBJJYJ3CKEKID5PLR2QGGUZFCVA,20,49,56,0.1435064935064935,0.4706004224339714,0.5790110416470615
AEH5AV4XJB5LHNTTISX22GUTPWWQ,18,52,53,0.1444121915820029,0.4838536034040858,0.42148730555992403
AH4TRCQOWVEJNGWTTO55UINTHZIQ,27,126,109,0.19894665307509343,0.43448120167536386,0.7034049458182643
AFGK5TZEPMOTH2NGW6WMAOX7Q4EA,43,267,265,0.12329902801600914,0.27394743148022815,0.7738677161889245
AETPZ42ZJOE4UCJETADBRCLJ4ATQ,19,63,71,0.13158953722334005,0.4241512412670702,0.6751431804133872
AG4IP5IZSXVECLEUJBWCPBUKBWSA,24,55,70,0.16563146997929606,0.45819317402302623,0.6541665449249776
AEEI3VXIPT4LELQZ5JRMUJGAUJSQ,23,59,48,0.12588652482269502,0.4791883477231007,0.5652484470288064
AE6U2ZCGCBRDU3TT3PVH44ITRLOA,26,78,69,0.10017050298380221,0.39700340673873963,0.7015891310648786
AFR7G3N4UVC76GTHQP63TKQLX4TQ,24,61,53,0.10957910014513789,0.44902051196722076,0.5379907055121395
AEBEMOA4RWLGGTJNMNXBX5DT4CPQ,33,121,102,0.0972626674432149,0.3396257184659701,0.597077705364357
AGAZUDCJ2HPHTM36WELPABLEBJRA,25,74,65,0.12980769230769232,0.4357760461427944,0.6305683180015698
AHU3PHXO5ROPM42MGBGX2WN6IX6Q,47,355,325,0.14626780626780628,0.2822537413056294,0.8800055897335703
AGGIJ3RF6WBWMAHM7OAMRALDPPCQ,23,58,52,0.14856711915535445,0.48800853097743735,0.7622537323727512
AFCBVSLZEW3N4WTHKN7YCQA7DHSA,22,70,75,0.09945945945945946,0.3840042487687716,0.5129805204928457
AE45JD5QTQ5VRXCJ6M4CM5TIPOPQ,15,63,48,0.24645390070921985,0.5997557236096256,0.5197614809072733
AFJQ4OBA4ZV7PHBJQNERUVN7UZOA,33,110,125,0.13638709677419356,0.3562012511789481,0.6562572089748722
AGXHFUENM3G65MN4BGET2DNU4IAQ,31,191,179,0.18743330613269726,0.3708996877561432,0.8632924534638877
AH6GQKHNAQM6FTXP3PKFRSQUB6NA,18,69,72,0.14006259780907668,0.42853232824279086,0.6627919399912201
AH4WRAMEFPMM2PVRI4QQRCUHOK5Q,16,44,60,0.21694915254237288,0.5329519095743325,0.6035695340495391
AHQNBM3JFLY6FB3CB6VMF4IP2GZA,17,54,62,0.18773135906927552,0.49859551743005304,0.6333627148832818
AHTCNFRA5SB5IVFQ2SICSGEBUILA,34,188,188,0.13141426783479349,0.3099345531579213,0.7468178578291776
AF6T2IQSJIH6OUAJW2MH6Y6L7HAA,28,100,96,0.18706140350877193,0.43688351828721744,0.7154517315913258
AET4MQOLSTJDNAS27VF6JATZECGA,24,104,83,0.20423156038789303,0.4745399783448446,0.7035240998830378
AG5NIJSCYDY7JUOSKEFSKCK7JDFQ,24,88,80,0.11265822784810127,0.38632464310369996,0.63530436057277
AGENXWWALUHJKAUVANBE4SANON4Q,33,127,143,0.15926327193932827,0.3646736229530426,0.7530730345644279
AHXPKRXEH44KPUX3ZJHDEOCXWOUQ,27,92,84,0.12822719449225473,0.39529826910375704,0.5976385369641463
AEOK4TQIKGO23SJKZ6PW4FETNNDA_2,36,120,102,0.13434284604931082,0.37670589707206603,0.7076001507025265
AFIBNLML7BE3GZIGU7SSIAGEECLA,26,76,60,0.09096045197740113,0.4069632090093608,0.4782226511229273
AEVIVDBW7OKSXHS2P7KPTBSPPU7Q,34,213,175,0.14732348111658455,0.33288668946814337,0.8168564661233269
AFUUJZ32PGZB4TDB6D7LLE5KHSDA,30,82,90,0.13583021223470662,0.39384538291503657,0.6466817937132106
AGLS5B4FURLQYA2KPZ5GBEESTIVQ,20,51,54,0.20614954577218728,0.5392456988101146,0.6287240713776503
AE7VDEI2MEZDY7YGDKQSSZ4CU4LA,15,64,50,0.10938775510204081,0.45555143162249784,0.557897652516621
AFW6DCF2GM6LCHEC6EGXKLBSBDTQ,21,54,78,0.20512820512820512,0.482280957306216,0.7492796568721534
AF4FBX7TMLQVLJB45TOQ2EJTXVYA,19,74,65,0.2110576923076923,0.5170260461427943,0.703955267686424
AEUEB5QRUCYGSAWGOIZFC7G2RN5Q,19,95,103,0.19798210546354464,0.44034515648629985,0.7217203960943839
AE2662WNZYL2ZMFHDKGGCCHMGMGQ,24,63,51,0.15450980392156863,0.5006734804420256,0.6326842387742619
AG375WAXLZ7PIOQKIQ6KQB4J3JVQ,110,1440,1443,0.1574582157106429,0.22191726068704976,0.9255171396331623
AEFE5XFAOEWPEBXAR3UF5TLBCB2A,22,79,67,0.14744459520578923,0.44874140213422725,0.6755136027138984
AF7X7NCBSFLSVVLZZELHBCBSYPUQ,19,51,56,0.09675324675324676,0.42384717568072466,0.48345316558545687
AEXB6YHCSWJQC6XGL5FXCLPWBRJA,20,66,66,0.11655011655011654,0.41784692347855457,0.5349679685672952
AETOEA7VUU2QV3ZNCRQHK33DDXZQ,22,58,55,0.08417508417508418,0.41727123721301157,0.5723986032921584
AEO2VNOT5LNZJ5ROFECRFQWPD6JA,21,78,83,0.1519247722597708,0.4222331902167224,0.6749972298376123
AEBUDJVUNDEIPQDCVSN76SAKUL2A,24,63,60,0.1384180790960452,0.4544208361280048,0.5848581866522475
AHJXTD6N2Z2QFBWRXPXSTESDU7AQ,22,81,79,0.21518987341772153,0.4923426255957324,0.5889110224370903
AFSV7WVU7TBFUFBQ2I4XAJHJK5DQ,16,66,72,0.23630672926447574,0.52477645969819,0.695899838313818
AFGXHIFJHYONISJ4EZAV5G2QIZKQ,22,75,74,0.18030359126249537,0.46484838057180755,0.6870507261964652
AHEK757U7544PNGSDFCIKFN7NZDQ,42,233,202,0.16196246490320673,0.33418533092204433,0.8342242037485039
AFRZWY5NEGURSNCWQIR3CGO7XTDA,25,67,53,0.09071117561683599,0.4301525874389189,0.5794774148253274
AFF3P6FC7Q7F4TKGBC6MVTEYBAHA,18,60,84,0.1566265060240964,0.4236975806355987,0.6509662688633147
AGGNEZJKG35QXGBIZADSSC2QNPGA,24,73,94,0.142301532830016,0.39476734149269793,0.6603397461463139
AFZZTCIDEOXXQLDMOCBPTLGTGLUA,22,57,64,0.06498015873015874,0.3709485125652608,0.572891826349456
AFE233WGE7SQATPKYXBSYCV4WGEQ,25,116,109,0.19367991845056065,0.4292144670508311,0.8044327395081471
AE2SW5HC66P6DJEXCZJN7IID6ZIA,35,135,127,0.10811148606424197,0.32617410534922725,0.6789099003279051
AFYOKJCKOTSAX37BQCPTCCULEEGQ,20,65,64,0.13541666666666666,0.44138502050176875,0.572891826349456
AFVIIK54G27OXK67I6Y3DVESCMSA,17,69,78,0.16483516483516483,0.44198791701317575,0.686288655265838
AFRRE6V4BFGXPS2RFRZNAMSUH2QQ,19,58,54,0.23270440251572327,0.5658005555536507,0.6287240713776503
AGUOEDUXBQSS2IZBV7JKYBIOK5RQ,27,98,96,0.13508771929824562,0.3849098340766911,0.7279597953479342
AE2YCIHHZH57ABZB7EWDTCF3WPKA,34,279,314,0.1878268655501516,0.32596121060518624,0.887799825551314
AG52X72BAAVOKEU3MWXPG5CQJOAA,25,87,105,0.1173992673992674,0.3574205915141977,0.7496228731568493
AEMWSCOSTFGK27K2CRBK6II5OTUA,26,75,79,0.1515741642323921,0.42872691641040295,0.6749222844276285
AFB3CZEZQWZ33YHIGZPKBXXBZQJQ,22,49,51,0.10745098039215686,0.45361465691261393,0.5226479034046672
AEZUL3R34WWAORYARPTJG2X6KC5Q_2,27,76,71,0.16177062374245474,0.45433232778618493,0.6260505788324213
AEFKRMWLOVJNJGUR6ISNBRULP4JA,23,87,86,0.1381668946648427,0.40211422351708237,0.6990615888415257
AFZXY3NAIABVWUCUSCVX63D3BJLA,25,69,65,0.14086538461538461,0.4468337384504867,0.4965838511973528
AGIA3ZNA7OJDRHNPWVATX5FDCEHQ,34,145,156,0.12655086848635236,0.32252745897593854,0.7573099179254964
AE6MKXHT2YWXPMZU2CJDON7RKJKA,28,94,68,0.11501316944688324,0.41184607320182065,0.6798045243782154
AEQAAPLNWBNDE6VA65AXBDMFSYDQ,27,118,116,0.13478260869565217,0.3620501964431927,0.8155757408686543
AEHLNP5276SPWHNAJU2DP4X55HSA,19,45,57,0.10338345864661654,0.43047738757409443,0.5659621115479826
AFZTFBCA2JGXFPHJYUOU33TJKP5Q,27,104,104,0.10847647498132935,0.34849779909625966,0.6792218834007748
AEKXTCRO7YBU4MT6WTY4BKAAH5JQ,36,128,152,0.13811432554897177,0.33665281026965277,0.7513028440522239
AHZOZPN2EH354LPYYEVTKBQ6DOZQ,17,55,49,0.1989795918367347,0.5522814147371404,0.5502161511004982
AEYUU6URP6TMM4B4MY2Q4DSPSRZA,19,52,52,0.18778280542986425,0.5272242172519471,0.638878544449677
AEULD6UDDD7XSH2HXR2L6TNRHSNQ,52,885,911,0.17999541621934598,0.26113743353986824,0.8914198831500341
AHBOMGFP5PDU3LEUVNEYYC6JWFMQ,41,162,139,0.15160045876342404,0.3599665062895314,0.7986045481609376
AHEEQXQJCEQMHTWAZ2YMDE4Q5LIQ,26,72,72,0.1564945226917058,0.44496425312542,0.6149490682652078
AH6DBXMDH5UDRAIGDG25KSJ7JMNQ,20,50,61,0.09016393442622951,0.4061666914581891,0.5908033490176484
AFZTOZOOXODGGU6335BPSF6KABKA,24,99,73,0.09703196347031963,0.3855016939040338,0.574106651483917
AGAFBYWPUTNDVOTUOETV53ZG5Y5A,19,59,77,0.1254272043745728,0.4062030221195634,0.5104407727939252
AHUSKFUP5FOS2PY32N2OT624O6NA,33,149,125,0.14180645161290323,0.3616206060176578,0.8074569443668167
AGOM7QIEFGNDQDZMPLWD4434XIQA,20,55,55,0.1919191919191919,0.5250153449571193,0.6134936628587425
AEZ67KYWZUMJKIBB2R4VYQP2DATA,17,49,72,0.08020344287949922,0.3686731733132134,0.43936270420941353
AEIOYAYGE2AU7LWLFRYRX4XPOWIQ,32,109,100,0.11474747474747475,0.3595221578155564,0.7259601888760665
AGRAAXPNN63JLC3WPK44ORM3QRJQ,19,51,53,0.14223512336719885,0.4816765351892817,0.5177895842421592
AEUOUIVZW7KTECWYBW5HPD6PE6YA,18,148,167,0.21852680181805065,0.4085088007609432,0.8461087348084326
AH3GEAL2D3RSOPPT4PUQ3MZ3R7EQ,21,89,104,0.1426437640029873,0.38266508811791766,0.6573340919723454
AG2LCQRMFSI3UCJWGNYSMVO5IEQQ,23,63,38,0.14793741109530584,0.5450143805366678,0.5874848600533148
AFYBA6767QO3ATXOR26WHUPMORGQ,18,108,96,0.17894736842105263,0.42876948319949815,0.820992538774231
AEULI4P6SFINICJFXKCJVXWHC3NA,17,57,53,0.14150943396226415,0.480950845784347,0.5379907055121395
AFGY3YK4RQZUMMS4FF6WMVPHQQOA,21,51,63,0.11674347158218126,0.42760762994295876,0.5844708045978679
AG2Z52KWWDZM2TO3FNGVUSRXKAWA,20,62,46,0.17198067632850242,0.5328812572160317,0.6237729616754668
AHTFA4ASPZK2TI5UGDB4FQTRHCKA,54,459,462,0.18866383074626025,0.3025433195963302,0.8578031816070132
AEMH7TBMERUXIBCKJJHAIDY5EDJQ,24,68,60,0.10056497175141244,0.41656772878337206,0.7236678042569957
AF6BAP7PONMFFA5LTZZY7SN6ANDA,66,445,458,0.11692928057485213,0.23130497869817057,0.8490114850946844
AFIRPBGBYGKJJYHHK7ZEDBXP6FGQ,23,88,83,0.13017925359976493,0.4004876715567165,0.6891656999595097
AERDUT2WHMABWRNMPOCVXM7V5OVA,22,60,63,0.17972350230414746,0.490587660664925,0.549757538438769
AGWHH6O3SXS3YP745RRQEY6KVDVQ,23,54,50,0.10040816326530612,0.44657183978576315,0.5145999324265984
AHR6ZSCEZPV5IIYAPOECIMWJMZEA,23,70,95,0.1265397536394177,0.3790055623020996,0.6163294236705369
AFJ76HHRRYYJG5EHTQOAZTGCQOAQ,24,82,102,0.15453310036886042,0.3968961513916156,0.6961152447541363
AHPVH5MVTFKNQ4CYTSO36ONH4HEQ,27,112,127,0.1367329083864517,0.35479552767143696,0.7333308299749215
AFCUSTNVVB4VD3APWGRY2SDFDOAA,30,151,144,0.2134809634809635,0.4174598660376982,0.8591301394104929
AGM5FCX4USCM5NZBL7AZECFP4TRA,25,90,82,0.15356820234869015,0.42387662030564177,0.7925481267183786
AFN55664RRIV27YPQLPUG3YRWY4A,18,58,58,0.12643678160919541,0.4478416864895847,0.6111913791378998
AG3BQZPT2PGT2CV2T74JPBFZQB4A,19,63,55,0.1111111111111111,0.4442072641490385,0.5327403589678239
AF3CZAGAWB5FMPRDYJIB2LAQER7Q,14,54,63,0.14541730670762928,0.45628146506840683,0.5159640709057707
AF4SJRM4VGZYSTY54Q4K2AEABLGA,28,82,72,0.10837245696400626,0.3968421873977205,0.6306783147838518
AHXOZZ24EUCFZQ4UJMJAM3P2YMUQ,32,216,231,0.14989648033126293,0.31129612672799833,0.8435941782866928
AF7SHUWZHWXOG6ROPPRCJG7JASYA,20,66,66,0.08624708624708624,0.3875438931755243,0.551181474480534
AEBZGHDUM42UUFQGH2ZEI5QUDJ6A,20,50,55,0.15218855218855218,0.4852847052264796,0.5927528573416417
AFFXXPJD6GY5N32VH3WRLLETXHKQ,18,58,77,0.08133971291866028,0.3621155306636509,0.4837094284158741
AH6W6KTFHPB36D7UR34G6BEUV6CQ,26,80,89,0.09397344228804903,0.35490413116721164,0.60551287478446
AFHTB66WP5SJY33HN6OE54C6RDXQ,32,112,96,0.10328947368421053,0.35311158846265606,0.6908634469923933
AGTRTIJIHBZVKSNXJS5M3BNYECVQ,20,78,99,0.08060193774479489,0.3278617066879785,0.630354463119176
AH736FR3FOS2Y64G5QQQ6JPPKAUA,25,99,78,0.17415917415917415,0.45131192633718503,0.7172423250926427
AHDLM7R2LUNV4NASNZDDK3WZ4FEQ,24,59,74,0.1554979637171418,0.44004275302645396,0.6396027652906691
AE4EVAQ7UC7KKJGWHLBHN4ZAXY2Q,12,57,74,0.2332469455757127,0.5177917348850248,0.6870507261964652
AFCMHYJTBQ6PGQWDCDWX2KP4GJ5Q,38,135,125,0.14541935483870969,0.3652335092434642,0.7873046571069591
AHFBYEZMBRSYTTHLR4IVF4OVME4A,21,65,74,0.10070344316919659,0.38524823247850876,0.5072893646987398
AGWX6SQBZEL3KTMSX4KFXFN6MQ4Q,21,63,39,0.06072874493927125,0.4578057143806333,0.4052391900304499
AFTUMJDQW4LZKXAPCB64N7R66REQ,22,99,102,0.10968743933216851,0.35205049035492375,0.7427935760421942
AG6PKNNRVSDAUZ3RCXHP7MHREZFQ,23,51,72,0.10172143974960876,0.39019117018332294,0.6627919399912201
AHBFB55VJ2743CUAPFVX4LHWYZFQ,20,63,67,0.1546811397557666,0.45597794668420466,0.4940026004689494
AFBKBWXSHQMW65V4VQMTLARY5G5A,22,56,61,0.18633879781420765,0.5023415548461673,0.6865502254993905
AEITW3SRFREQ2TVLTA7ESOBIENDA,17,49,54,0.13836477987421383,0.4714609329121412,0.6506689257222734
AEXE6DSTVGL4MNBOFEPICPJLNPKA,31,131,155,0.15559279430247172,0.35283785493076636,0.7711159201583577
AFMDKDPTKFZNV63MUQS6N6RTXG3Q,11,54,47,0.16003700277520813,0.5209375836627375,0.4240885440096072
AFG2PVZLQQCMIGV5C6FCNNRNYWNA,21,77,66,0.10815850815850817,0.4094553150869462,0.5349679685672952
AHCBGJEJ64FBE7XMJHXND6LAMPIA,22,55,50,0.2057142857142857,0.5518779622347427,0.6747284568901861
AGL3NO3YEF4FJKFVUSOYESOZYTQA,19,62,66,0.15944055944055943,0.4607373663689974,0.7270624891750462
AHGDVTFSAAIENYAIAZWJG427I3EA,49,441,397,0.10663308144416457,0.22963698779491998,0.9044304499770275
AH5IGKVPREWG5F3QK4AGFO4ZHTMA,25,74,89,0.16394279877425944,0.42487348765342203,0.6179257370546327
AGTWNYPUQHU7KPQHJQ74FJJWQA6A,20,72,96,0.17719298245614035,0.42701509723458586,0.6908634469923933
AEKOTHIOGYJJXLJY7XBZBEAWW5IQ,27,112,91,0.19194139194139195,0.4499565626217219,0.7275033133367814
AFU5DVHILPAGOOMK7QCVQJI7ELZQ,17,58,48,0.10815602836879433,0.4614578512692,0.5422702516062894
AFS4R5CFAR5YLMH7GSJHMIBE6BMQ,19,51,50,0.276734693877551,0.622898370398008,0.6501699326619461
AEKAJQP5IWLMHGWCYH5XDRX4QOZA,25,72,100,0.1701010101010101,0.4148756931690918,0.7752026674883858
AET7LRH6MCYVFN4IELYHTGCRPE6Q,25,94,88,0.0851619644723093,0.3460926533514719,0.6266740890824605
AFE4VGX7IE642QV66ISXHCLEJ72Q,30,79,75,0.1362162162162162,0.42076100552552836,0.757169751772129
AH46BCKSKE4RXYEI5Y6XQUCBCKHQ,16,93,94,0.1832532601235415,0.43571906878622346,0.6725355873923138
AGSZEKYLVNYPRYCYRZRKHXL2PSHQ,14,54,66,0.20046620046620048,0.5017630073946385,0.6181835372734725
AETU6ITSYPQHDV2VJCBWRLKFGYYQ,62,555,575,0.14640811998182093,0.24857509872487807,0.8892643195444984
AFBQL5VDQMWEILHC7JTV2G3T3QCQ,31,112,96,0.10460526315789474,0.35442737793634027,0.678764114753373
AHIBPWWDWSLYAJHNE4DCSRZAO34Q,24,73,55,0.15488215488215487,0.48797830792008223,0.6134936628587425
AEH7RAIDBU7QALXTMWAA73PTL4JA,97,1615,1693,0.1396335069029895,0.19914026867736545,0.9384454528013212
AHPVD7QJKTTNAYZ4PFGYTOOKFUZA,25,104,130,0.14370900417412044,0.35839060288231794,0.6945019534577624
AGJTKP2RZ6PKYQYHQD5RWTFCAN6A,23,76,76,0.16456140350877194,0.4453372212537625,0.7104664215246896
AEDGZN5OQEJNL26DU6HSVJP3XPGA,18,49,52,0.10708898944193061,0.4465304012640135,0.43131988570722596
AHMJQ6J5KZBSVRI4PGHCWXIYBSVQ,28,99,94,0.17982155113246398,0.4322873597951459,0.6973030333248196
AGNY74UEPE5T4CYNABHAAL62NGJA,33,149,163,0.16178141331515564,0.35409456693763175,0.7384922798382512
AFOKYQI6WRSAK3JX3FZIMUORMTGQ,24,71,68,0.10974539069359086,0.4065782944485283,0.6281509439985903
AGFJTDS3WBYUDS6YYUGUSTPS5CHA,19,54,59,0.21274108708357686,0.5341459919639662,0.5236111054929752
AGUYOGXDDUBFRS6KQ7VIVA43VVNQ,23,89,78,0.1481851481851482,0.4253379003631591,0.7172423250926427
AGLDFK6L3PSYP4RAS5XTJPWVS7FQ,18,58,48,0.14627659574468085,0.49957841864508656,0.5422702516062894
AEJAYH2QKEUOQTIHTLO7CS3N4KAQ,19,70,53,0.11683599419448476,0.45627740601656763,0.4401639576749542
AF54E46D5UB7ATY4RUYY7DZIE7QQ,26,68,68,0.18481123792800702,0.48164414168294445,0.6281509439985903
AHIVOEPP5OY7GCRETCWT5EQF7GRQ,21,52,62,0.1110523532522475,0.421916511613025,0.6522318894499091
AEQHIVYS4WSENWROXLUYDDV52QQQ,15,62,78,0.11521811521811522,0.3923708673961261,0.5428492468412693
AFZGTA2DJG652ZHZNYSNRPAJG2GQ,15,46,55,0.14074074074074075,0.4738368937786681,0.5327403589678239
AFEFHGLDYMHLUOZMAKMO63OQ4O4A,21,55,49,0.13180272108843538,0.48510454398884106,0.5728493353252115
AHGAZLFSLXF427HSFBTRKF6J5UOQ,21,98,93,0.13721365123889667,0.3924088993186328,0.5971425069821705
AH2M2JDJDLEELUZZK26TQWCRXDUQ,21,76,88,0.1400208986415883,0.4009515875207509,0.7611796292251589
AFXG46EOLSQWTNDZVGACNKPY6FBQ,27,156,190,0.17254246727930939,0.3501206864734078,0.7433034240884692
AFVIFBQRIO5EV3XIYYHVIBCKSQOA,21,70,66,0.1972027972027972,0.49849960413123523,0.5675983150357731
AE23NZUELB4BYWLHKWJXAS73PTSQ,41,254,250,0.17805622489959838,0.3328653273077964,0.8164603834077501
AEXCRWZRJLGRZPCVD3YGA5QMMVKQ,23,78,78,0.15950715950715952,0.4366599116851704,0.7172423250926427
AGT6E6L72BKLEEJGX4MPM2BW5IDA,37,155,153,0.1389748882008944,0.3375133729215754,0.7761053123862497
AEHZBUFEOW4TY3K4IYFFR5ZU5B3Q,60,481,496,0.12327305311176279,0.23318013031414006,0.8862911023862898
AF23G463PQARWNZSXZQZFCNRFNNQ,21,62,84,0.1689615605278256,0.4360326351393279,0.7211641649727112
AEMHQN774P5NDQE4HTZQGNH33DUA,22,68,89,0.13534218590398367,0.39627287478314627,0.6818078606074973
AHKPULDR6GRWXHPI7NFSGOJSORCA,16,51,56,0.2551948051948052,0.5822887341222831,0.7290335529714835
AGHH6TIHULUOEPCFC2UXZCWKZT4Q,22,87,89,0.14402451481103168,0.4049552036901943,0.6179257370546327
AFYXFMSPOQPZCETOYAM3Z4RXDI7Q,28,55,62,0.1253305129561079,0.4361946713168854,0.5965836642302969
AFGSQ5BSAABOI3U6EISFYY36GDPQ,23,59,59,0.14436002337814144,0.4657649282585308,0.656624835397579
AG3Z6KI55YOIHANOCATVJMQB6AIA,36,109,118,0.16094451687672026,0.38627787721330276,0.7244026601808415
AFSOTCSSXV222SS4GJEDMDXVBVZA,28,72,57,0.09085213032581453,0.4179460592532924,0.4377123874417537
AHNDRGDP4AR4B7GKGU3SEJP2YCUA,28,114,143,0.15414163301487246,0.3595519840285868,0.7530730345644279
AFP43DMRT5KF2VSPUYQ7VDP5FQVQ,31,118,130,0.18461538461538463,0.3992969833235821,0.721058313229372
AF43BDFHZRMABFFB57FXB5RVIXAA,28,91,90,0.1662921348314607,0.42430730551179063,0.6980977777834407
AHMG3ALUBE3FEBHODTBHP5J24YDA,18,67,57,0.13972431077694236,0.46681823970442027,0.5659621115479826
AHVEKNHP5YYEYVLWQSPBDLE2GUYQ,61,467,471,0.14328951529114153,0.25619565732398397,0.9059881263594833
AGUREQYPLUPVADJ46BNP2KHJT4CA,42,233,214,0.1421613794919047,0.30948590812916743,0.7869972874514054
AFUWDOFADAGPN2ZIZKIS453IVBIQ,23,66,61,0.0825136612021858,0.3985164182341454,0.5908033490176484
AFBNJCYVOQ6EX2FXLP37A2K4WJ2A,30,181,182,0.14704632384190394,0.32848539040205704,0.7264183982955024
AGX7PWZWK7GLPJPHIKNI4AQSSW3Q,22,77,91,0.1203907203907204,0.3784058910710504,0.7142344366444231
AHNMPBI327EOW3J2G7EY2PHVPZLA,20,53,55,0.16430976430976432,0.4974059173476917,0.5927528573416417
AHTJ5KL3HAI5QMHSVCIAZUVK47IQ,27,81,60,0.07401129943502825,0.3900140564669879,0.6225974574464043
AHZAEFKBL4KUA5QSEAJRANLBKJJA,26,62,51,0.11372549019607843,0.45988916671653546,0.5437877861860005
AFX75C3ZAE2NW474FKDCYCHNM3LQ,37,150,141,0.12907801418439716,0.33595037902921054,0.7249095076059067
AGNVJOLG6BEJWVHA7DZ2W6KVD3IA,22,65,55,0.07878787878787878,0.4118840318258062,0.49434426168028306
AEMMJOZ6MN462IVHK6GDTN2OWT6Q,32,96,89,0.1478549540347293,0.4087856429138919,0.6949991746693935
AGOTQJS3QBTH2PNPRLVQSQ4ZVPSA,36,136,161,0.10698757763975156,0.30049895564999907,0.7717808540937756
AH645HV55R4NRLSSGUMWHGIZQ7MQ,19,58,68,0.22344161545215102,0.5202745192070884,0.7343768627471647
AFEFYWKLBMMNZLML4322HXASDY5Q,35,169,138,0.1366761874537184,0.3450422349798258,0.744691004476597
AE5MYIUHLA3BAMM2MFJXJQN6UPRQ,57,535,519,0.16708698789623644,0.2746348092350522,0.88437565837036
AE2HPHSU7NQORN4TZFCDCSLZV7CQ,19,50,60,0.11412429378531073,0.4301270508172704,0.5127882993657413
AGUZIRNJXRWDW42Y6CFVVYV3XLDA,24,77,77,0.17053998632946002,0.4513158040744506,0.6826004625304902
AF77WIID7TAGOWST2NGGZQIRMEOA,29,181,161,0.18027950310559007,0.3737908811158376,0.7866441003314236
AEUPGVS25SRCGTJDEU7ZZR4PLQTA,24,77,81,0.1515432098765432,0.4252096251321419,0.5186537702550129
AH4L6APZD375POUGVMK4UYDK5OJQ,21,53,48,0.10904255319148937,0.46234437609189505,0.5652484470288064
AF43ICLBXTCEJQ5VYEXTTRE4PPHA,25,78,68,0.1514486391571554,0.4482815429120928,0.6114553373113667
AE7ZKGE2DPSHLHF32BT7ME7R563A,18,55,56,0.11168831168831168,0.4387822406157896,0.48345316558545687
AEADNHGME5X3LCENGISLQP7IYPLA,22,82,63,0.1674347158218126,0.4782988741825901,0.657148642807575
AGRCXV4NM763VGZGD6BQ2VGNCJNA,49,260,295,0.13845266920327454,0.2812081633623863,0.8598740376090848
AHGPVOMFLP3B2J4PEVQZYN53U7WQ,25,79,80,0.1670886075949367,0.4407550228505354,0.7084448997869988
AFINFIT7EFE5RFVRUECSDDEWU6IA,23,85,74,0.11810440577563865,0.4026491950849508,0.5940163069121471
AGJKZ4ODPJ42XOXCBRBY6JLYILLA,22,55,68,0.07023705004389816,0.36706995379883556,0.47024220269329975
AEURYORXQ4THF56CV3JBGWTCIPGQ,24,68,52,0.09577677224736049,0.43521818406944335,0.48982446022941317
AHFGCYK6JXYXSTJFMC2FF7R3IXFQ,29,119,111,0.08206388206388206,0.31544738516374443,0.6168701328628753
AEWJY37OGM234E5CVFSXPM2MJYPQ,19,54,58,0.08166969147005444,0.40307459635044374,0.4286558576411016
AGD4PHFQFZ3D7CQ5PWIDCVX74ZYQ,36,151,162,0.12008281573498965,0.3123959693574658,0.6948630649363334
AE3CPW5S56VZJEQR6IFNX7WNQ2OQ,22,71,69,0.12276214833759591,0.41959505209253334,0.5841054594245085
AGWK5TRRULB7JGEHV6EM7D7JAU4Q,26,137,134,0.13511390416339356,0.34656702424759367,0.6860074249900027
AEH2Q24C74EEOEZZPSLVLR5ZRUOQ,17,65,64,0.1185515873015873,0.42451994113668934,0.4898836508523842
AE2NVW4KBIH3KX2BNLI73EIXWLLQ,23,74,79,0.09380071405387862,0.3709534662318895,0.6455740736221915
AH2IVA4E3XWUVEN2VFNZ3PNHB6FA,23,68,51,0.11294117647058824,0.4591048529910453,0.5437877861860005
AE3R6BFCJCJR2UEVQOWJIH2RGZUA,21,78,65,0.10384615384615385,0.40981450768125594,0.6129998695218872
AHQFIH3CQJ5XL6LNUGMKZKEXK47Q,21,54,71,0.15090543259557343,0.4434671366393036,0.5789279150766437
AESH4UBOA6VWZ36CIYMP4JVYPOLA,24,77,62,0.15547329455314648,0.46633745291392403,0.7111647895128779
AGI23OO7W75HK7RBFDU7XCVMBHRA,28,79,98,0.1407532084998948,0.3880129774430784,0.6044781178027375
AH4QDXAQ7DM5K24NANQ3KW2YZCZA,19,69,53,0.14005805515239478,0.47949946697447765,0.6448702362084395
AFW36RMWRTV7OWBDGSOSZSUIGELA,20,53,60,0.1248587570621469,0.4408615140941065,0.6225974574464043
AGSYWLPDRPAHVHKQ7W722ZFI5BTQ,23,71,53,0.16545718432510886,0.5048985961471917,0.6225993137562401
AGISDCISVLO3JAB6KU6SEM444QBQ,28,63,73,0.0958904109589041,0.3843601413926183,0.5592732624122976
AEFLJ44YE4GTJNXRJNWEVB4BPBGA,40,238,251,0.1569402390438247,0.3117493414520227,0.8507337708492528
AGVU67A5T33P37BNRW2Y4UPOWYVQ,27,80,109,0.18263676520557254,0.418171313805843,0.7034049458182643
AGAYVC3Q7SCOHDCBLYQPUK3VGQYA,20,99,104,0.11053024645257654,0.35055157056750685,0.572978349975571
AHVXGKLXRHIGF526AXHULCZS4FYQ,25,79,90,0.14781523096129837,0.4058304016416283,0.6094437159273175
AFT7XZWH2HIIFWF7SPYTL3PSLJAA,23,57,66,0.18787878787878787,0.4891755948072259,0.7080110824260649
AHJDCIN74QUWW2WWLEKU6HXTRZIA,25,60,45,0.14747474747474748,0.5164864665270137,0.6993507203715155
AEXGISIVX7WBUNI7UHHERVB3DF7Q,27,188,173,0.14739884393063585,0.33403779003813017,0.726170958352561
AGI6YCJPJXN632RE2AIFQ7SA55UA,24,54,55,0.10505050505050505,0.43814665808843245,0.5927528573416417
AFWBM3XXYYDKONNZWYBFEZGN4PUA,21,62,57,0.13533834586466165,0.46243227479213955,0.6885100653153211
AFKSID3IJE4NMLXBF4UZBD2XS75A,30,70,59,0.15780245470485096,0.4792073595852403,0.656624835397579
AFSYMONH73DKQ7MKQPZVDAIRNSHQ,20,63,73,0.1552511415525114,0.4437208719862256,0.6042806809134385
AFB463FV6UCRDUS2BV43ID776UCQ,20,55,66,0.08624708624708624,0.3875438931755243,0.6531718816506668
AFTZWAK3ZHAPCNSOT5GCKQDECBTQ,40,171,163,0.11050518821479967,0.3028183418372758,0.7671547805528
AESEHBT3JQXLRKIR53OCZH3P7WAQ,29,103,121,0.15702479338842976,0.38047248575937337,0.692355093646648
AGDGF3JQEBAIWJTYZ4JJXECGIS4Q,30,111,91,0.1199023199023199,0.3779174905826499,0.6627309194923103
AENGGJFDKQ2NVKLH5AASUYFZMXXQ,34,96,98,0.12286976646328635,0.37012953540647,0.7581373361558954
AGRVLJUZPVWLC3AIHHTL4TLDL7IA,20,56,77,0.16028708133971292,0.44106289908470353,0.667304617154822
AGBXCFLD75PW2V5JISYE3NKE7TKA,18,51,54,0.17120894479385046,0.5043050978317778,0.5655798297438002
AG5ME42II6XQNYRFBTGSPRH6OSBA,19,58,75,0.12396396396396396,0.4085087532732761,0.5841298828145445
AENRY5O66WAAZIZDQQINVD3PLFZA,33,105,95,0.13863381858902576,0.39109962725170766,0.7381029165234052
AGOVWHWEHB2MT55YUMFKBU2MCSSQ,34,183,157,0.1314715008982525,0.3274480913878387,0.729116872606627
AGILWMVFZCVGKZQWAUEN6XYRFPJQ,23,58,68,0.1093064091308165,0.40613931288575394,0.5626985137648218
AHJNW3RHHFQUH6I7FECKWHRC44HQ,53,403,413,0.11603469757164014,0.23662652846182342,0.8960487304970759
AEUKAPRTGFNNOHLUKOQXBYOPOIXQ,24,58,62,0.15124272871496564,0.46210688707574316,0.5786265732411264
AED3HJLTUSJQBBK6H6726ARBBH6Q,35,229,207,0.15421415505839314,0.32475675781469304,0.8203327644352096
AE6G64ZJUAFLSNHPZSGGEEKYTFGQ,25,68,51,0.12627450980392158,0.4724381863243786,0.6326842387742619
AEZP4MEPLS6JWVV24LLVBVZXMSNA,36,169,155,0.16623376623376623,0.3634788268620609,0.8103321534235489
AFNNDWDCDX6GZG7NMFSAHO526WNQ,19,68,72,0.12167449139280125,0.41014422182651544,0.695899838313818
AEQCRXKRQ2CQ56HCJUQHHQD5RPSA,22,80,62,0.14806980433633,0.4589339626971075,0.6148219086622118
AEFX6HLMILKKZQ6UOAGIINMLKXGA,23,64,65,0.1110576923076923,0.41702604614279437,0.6305683180015698
AG7A3O55CZYL7FOM7QCRVXVP3IDA,29,69,60,0.12542372881355932,0.4414264858455189,0.6419685209161736
AFPIOO2UG44UOTC46QKKSHX4SGWQ,27,62,62,0.11898466419883659,0.4298488225596141,0.6910888205045103
AF7R4OC3YUOI77VS55Y3B3XSN2OQ,27,144,130,0.08240906380441264,0.2970906625126101,0.6259897726048453
AG3XXUIZ3QUAZJWYZZGCELHTAFXQ,23,62,66,0.1641025641025641,0.46539937103100215,0.551181474480534
AGBGZZ2UQZVNJE5J2FQD27BN5TRQ,15,49,51,0.1380392156862745,0.4842028922067315,0.5226479034046672
AF4OKXGGDYYQFGZDWKQBU6RXEWAA,30,77,76,0.15017543859649124,0.43095125634148185,0.7104664215246896
AGMYHXQI54TNRM34W7SIRAZ2LPNA,21,56,64,0.09474206349206349,0.40071041732716556,0.4116540967514082
AFUAKR7T37ENPSFCNQFHAAWRCVLQ,56,465,456,0.14559475612107192,0.26022100371905754,0.845839713354266
AFO6T767OXV24YU65XUACO4O6DJQ,25,105,114,0.15246079801273094,0.3817132932087021,0.6749903722529358
AFATNFWGYVVMEZWGDNLDUXRBRFLQ,22,65,73,0.1952054794520548,0.483675209885769,0.6669469725343722
AECG2F34PVCOVKTTSHEAZLI7SHTQ,22,84,65,0.13846153846153847,0.44442989229664054,0.4651088720166861
AGE3JQYTMBQARXIVWFQG62YSHOSQ,15,51,54,0.1146051712089448,0.4477013242468722,0.5057745431923907
AFQVCWWD7BEUS6YTHTDLCTLWFIBA,41,168,153,0.14637082903336773,0.34490931375404876,0.8670814605413173
AEJOYSPMLMXZBI7F4XP2LF2TK3CQ,22,52,53,0.17126269956458637,0.5107041113866693,0.6008167150976835
AG4NCQHIFFYHXXDZEYE4PEFVA5DQ,35,126,97,0.13810137457044674,0.38792348934889226,0.7059014479902656
AF7BG2NE2SR2QAXCRW7TKYFW5I6A,26,81,73,0.1449771689497717,0.4334468993834859,0.7164657374470177
AG2LPAOPEDJQZBIZX65L7QVSAHDA,27,55,45,0.10303030303030303,0.4720420220825693,0.5167086665954705
AE7ONXWBLUX652N6OQUSJSL653GQ,17,79,101,0.14613861386138613,0.39091329692946775,0.6592487204781994
AFCMONQZTRUTDG6AETEXBRVA47IQ,42,215,188,0.15155307771077484,0.33007336303390267,0.876633538389793
AFRWPHO6IL5LW4RGGHBM23HHDMFA,22,87,70,0.1784679089026915,0.47102961294642165,0.7054515876121217
AEYEUF2RKNRZHFQONGVF7SHZKWJA,19,55,64,0.1259920634920635,0.43196041732716556,0.5060759246234976
AER6II7VS3FHCWLZZTNXHXBZCMEA,17,73,72,0.11032863849765258,0.3987983689313668,0.49551096325019983
AE6H2P47PDD47Q4KJAPDHKTVTAWQ,16,70,59,0.13793103448275862,0.4593359393631479,0.656624835397579
AHJZPHBEQY7LOHJN56LUBYXGOWSQ,28,104,105,0.12490842490842491,0.36492974902335523,0.6389458379699053
AGI7Q34LZXOCFJ5HKAPWQOJTRQSQ,23,56,51,0.0784313725490196,0.42459504906947665,0.5653272850383958
AHSGFDWZPO4EBZXPA4ONTLKFWETA,24,82,79,0.13339824732229796,0.4105509995003088,0.6311696079429963
AFQQQ5LGNSQUEBGDCYBAZZE5T3DA,15,51,55,0.1595959595959596,0.492692112633887,0.5723986032921584
AGCTA5FTMXTM42RIG3JUZCYJ3XSQ,8,50,55,0.232996632996633,0.5660927860345604,0.7488383118450554
AF2VHDDPCPACXHHN7B6TTAFSPYOQ,20,52,50,0.18285714285714286,0.5290208193775999,0.6501699326619461
AEMRDONNNZBO5PQ2HEFXCB6HREDQ,20,49,60,0.17175141242937852,0.48775416946133815,0.5848581866522475
AGGLWPPVEYPUYVDVXWNRACAQIPAA,20,55,51,0.10980392156862745,0.4559675980890845,0.587296753724472
AEMGLNAYIQXYCL5QC222GDNFOQMA,23,69,69,0.11636828644501279,0.4132011901999502,0.6666937095644937
AEWYJHC343CEBQA4D2NYEXWEMMBA,28,106,120,0.1280112044817927,0.35145889685273635,0.6995487133971237
AFLBMDZDIPCHMWWA7CXQXITPBJKA,24,100,109,0.1474685694869181,0.38300311808718857,0.7359334733300193
AGBW6HQDAQNXGB6XOXYEC6KMWSZQ,22,53,65,0.11826923076923077,0.4242375846043328,0.5786351893924526
AGQDXR3ZO6DYGPTJ22BGNKM6CZCQ,18,50,55,0.12255892255892256,0.4556550755968499,0.6784314580533164
AEBPXYZA7YGK5FLY5IC5XQ2RV34Q,19,52,71,0.12354124748490945,0.41610295152863963,0.5789279150766437
AHIWNCZZSLPVVHPPLCTJPLWTG7KQ,16,45,59,0.20280537697253068,0.52421028185292,0.5976975571345595
AFNY23C57HU5NMYS5T37EX2RNI3A,23,63,61,0.13333333333333333,0.449336090365293,0.6471738729373551
AEQHM6Y3TY5VYFG6SHGGXUA4XWCA,24,49,55,0.10774410774410774,0.44084026078203514,0.47557989721527144
AGCPEDYIF2QXKNLBIOOEKEHJ5V2A,29,101,102,0.11628809939817511,0.3586511504209303,0.6961152447541363
AFQJOI3SFAS5PBT2QVK5NYBW26TA,27,77,88,0.11363636363636363,0.37456705251552624,0.6266740890824605
AHOTRV7O3LMRFLM3D3AFTMUZQZUA,33,124,115,0.1635392829900839,0.3927917781860551,0.802805389867773
AFKOZVHBJBVDHY7BNYKA25EIUCUA,16,58,61,0.09453551912568306,0.4105382761576427,0.45215944826441873
AGEJ7CYCLW75IWZY3M74MRFW3CYQ,18,70,75,0.10774774774774774,0.3922925370570599,0.5841298828145445
AFU3OZVM7DT5BYNOSENWS5AF7D3Q,30,160,148,0.13017098731384447,0.3313745373857565,0.729266804036111
AFRHXT7JQYG6KQYNQ52DAVG2J4CQ,23,59,52,0.24283559577677225,0.5822770075988551,0.5512847671309347
AEKES7KPH7KJ4KKJKT7A7A4V5ZVA,24,60,55,0.1468013468013468,0.4798974998392742,0.6784314580533164
AFXFMZLAUHOG5OZQ47Q3X4OY55SQ,24,73,67,0.12935323383084577,0.4306500407592838,0.6232321927832387
AEBXCJZAQ577RFWTGV3LOU5I55NQ,27,53,61,0.15136612021857923,0.4673688772505389,0.5370436266583215
AH7D6JEGJBPOOYTEI6P2CLXMKNCQ,23,93,78,0.1655011655011655,0.4426539176791764,0.6562314609744706
AGW5RTGKZVYINWJK7KO7JCL45QBA,24,83,64,0.12351190476190477,0.42948025859700684,0.6619298827695084
AEOTWG667CGEIHYH33COIX53Y25Q,26,103,128,0.14419291338582677,0.36054521121111244,0.6812275230258198
AGZANVLLZFFMIRWCE4VTLEFK2ICA,26,81,83,0.12694681163679106,0.39725522959374265,0.6199744231267463
AFV22WB4XLGDNPIAQXH5LNSO4K4Q,23,62,62,0.13960867265996826,0.45047283102074576,0.5092898729037553
AHZT5X5DWMOS44PEHTQ555CMBFKA,23,60,64,0.15922619047619047,0.46519454431129253,0.6619298827695084
AFIIJTKBYPZW47HFORMJHZYVQIDA,18,78,54,0.103424178895877,0.4365203319338044,0.5253792589868966
AE2ISZUYUETFXQQU3GLBP46OEPTA,26,118,124,0.15997901914503015,0.3797931735497847,0.8059906884218813
AF3ZPSVGI7TKJLMLH5C7PR36TE4Q,22,69,73,0.11187214611872145,0.4003418765524357,0.6996760711234844
AECTQQX663PTF5UQ2RA5TUL3BXVQ,31,118,127,0.13035870516185477,0.34842132444684004,0.8003304128773447
AHBLQCK2VAXLH7YTETLY3R5NMFZQ,17,48,57,0.19736842105263158,0.5244623499801095,0.625402410586479
AEQQOEWHVJBBERGEYUTCTLY57ZMA,22,63,73,0.12404870624048706,0.4125184366742013,0.6042806809134385
AGVPTOCMRGSG6VLDI63SYQRPHXDA,17,52,67,0.20398009950248755,0.5052769064309256,0.557013177764826
AF6SH3CW7RGUQCQF3P3EHSTIBQKQ,37,180,186,0.16745132229003196,0.3469288278010333,0.7258641711781515
AELWQN5ALO4SNKDDGYXQOO5OAESQ,31,99,83,0.0934469585659712,0.3637553765229228,0.7328794636001876
AEDJRZNH4XDXHVSXYQOBNR4X2PAA,21,60,59,0.1636469900642899,0.4850518949446792,0.5057611592104926
AFWKPVOLEYTBZNW6FRJ4C4VJ76DA,25,64,68,0.16198419666374012,0.4588171004186775,0.7534115098741596
AH6XPUYACXKVDBFK4IV324V6UDZA,28,72,62,0.1253305129561079,0.4361946713168854,0.5609326986953191
AFIV4IDDEDQJGWIH4QOPVXBM4RUA,18,58,55,0.21616161616161617,0.5492577691995435,0.6134936628587425
AFJGIE7UPS7Z37UWF4OIBCHXEQLQ,20,88,99,0.13543599257884972,0.38269576152203333,0.7604083420072584
AHPJXSLDL4ZFGJEGEURFUAMZYVGA,26,70,48,0.12234042553191489,0.47564224843232056,0.433867544535409
AEKS4KRTVTUVDTWF5AE5JDKARA3Q,27,66,74,0.06293965198074787,0.34748444129006,0.5645002443920593
AFQ6DFTKAWHJTOBWJSBOCNLZH6QQ,19,108,107,0.16928231352495152,0.4070285026519592,0.6661218045924018
AFLOM6HXIM7CJECSEUDVO4I3JXBA,38,240,237,0.15264964599871272,0.31198439312026205,0.8018431575875591
AET3GRVVMHEXRXTSBFFWSY3HQEMQ,19,65,47,0.14246068455134134,0.5033612654388707,0.7395360432850288
AET6PG7VY34KJDBH2U2C2FHJL4TQ,27,77,98,0.1373869135282979,0.3846466824714815,0.6044781178027375
AHWLAJMDMMY3U64I5ISWYBVE3S7Q,26,109,108,0.12997577016268605,0.3655103187629565,0.7336657506767612
AHSJLMX6XBUJSJ4HKZQ7TXSMAA5Q,17,60,57,0.10839598997493734,0.43548991890241523,0.4730607857386236
AFX4KLMEDBLOCTDCNSG6HL73R6ZQ,22,78,85,0.1781512605042017,0.44522233511570397,0.6819472694878118
AHKTG5BKQKQSQZQZ63KNM7L53EYA,28,80,69,0.09121909633418585,0.3880520000891233,0.5682427607374647
AERDQD3WFTSIGCSDF6GGFCF5PPVA,37,202,199,0.1599411197401147,0.3338949123262231,0.7834941886874462
AF4G7X5CE2VHHBTTPM3Y22QUCZ2Q,27,89,80,0.1310126582278481,0.4046790734834468,0.7237104218669741
AGK7DEPABLFQZEYK6ZY4MD7EW53Q,47,188,190,0.1115566694514063,0.28913488864550474,0.830701885322535
AGOVLTNJALUJABLGZQTK6HUCKIKA,23,55,55,0.14545454545454545,0.47855069849247284,0.7011707459207333
AGWDLG2MSBLD5247MVETEVYXK6WA,25,62,41,0.15,0.537022756020495,0.6736947217233775
AHKSGEBEMDMPRIRPKPMILMO3DDSQ,21,58,50,0.13142857142857142,0.47759224794902844,0.5801946695959669
AHNKWCHSFDBX35B3EY6HNRBM5KNA,34,177,206,0.1265451101112953,0.2970877128675952,0.7962443909114486
AE5VT32F7URDDGWM4KOVJ4LLBASQ,49,362,380,0.13116233856408832,0.25672910154726647,0.8402416712861741
AEEHTDVCZHZ5G5YD37LJK3JPTOGA,37,143,119,0.08773678963110668,0.3130701499676891,0.8090606416379986
AECL7JJZHWTNAN2RWAMJEVUQSVLQ,16,52,67,0.15965626413387607,0.4609530710623141,0.5251435782400506
AGIDJMSMKVJIHG23IYLC7OX5NG4A,38,235,262,0.11114035857389372,0.262362662796205,0.8290927399953112
AEMDRXCB2CEAHDULSQBPKETWRCIA,20,53,48,0.14627659574468085,0.49957841864508656,0.5887352662263132
AGDHEVKQUYELZMDFFGG5UZF66JFA,23,85,108,0.1256490134994808,0.3611835620997512,0.6480897344623286
AHDXQCPXT6VYDEEZORX32ZIS5ZHQ,32,124,129,0.20142926356589147,0.41778156139117717,0.7743850698971615
AFFISBC4NXQ7B3S6ZYXBEMUVEMTQ,19,74,65,0.14807692307692308,0.4540452769120251,0.648420469976933
AHNS4IA3FTAYFENRMTJJ2XAKO7JQ,41,242,224,0.16523862908392056,0.3287855935476595,0.8388922395656515
AGZ2SJY5T7K22CPGLYIFZBBRTBXA,25,78,88,0.10945663531870428,0.3703873241978669,0.6523274187283872
AHRFTKKYKME7JFAYLW6GEGOAGKEQ,22,86,78,0.11821511821511821,0.3953678703931291,0.686288655265838
AEFELZWGKCM4FWBKEETRCVWKUYGA,25,92,78,0.12953712953712954,0.4066898817151404,0.733110637248447
AHLJJBY3MKF2NDJ56A2CDW2V52PQ,22,58,54,0.13626834381551362,0.469364496853441,0.6731462743700818
AEGXVCKJYG6A7ZIDP4MNR45XSKVQ,27,183,148,0.1350432064717779,0.33624675654368996,0.7609243021616744
AEAUDYX2GGJJYZ5GLKTG3UESI7WQ,18,59,50,0.14612244897959184,0.4922861255000489,0.47285202539791066
AERILPVOZA5OUHF3XWFWFB7EV6KQ,20,53,62,0.20200951877313592,0.5128736771339134,0.5786265732411264
AEA7GX2M4IUP4OTI7VFQ5QW35MGA,22,95,76,0.12385964912280702,0.4046354668677976,0.588969722966577
AHT5JNOJYQIE43OCNK2FY3I2P3GQ,24,64,76,0.17157894736842105,0.45235476511341166,0.7432263119949354
AEZ46SSKY4A7ESP3QNEZQRLA2Y5Q,20,70,51,0.07529411764705882,0.42145779416751583,0.5018827343627887
AHL47FCIM5NLRK4WSKMZL324GQLA,30,108,119,0.15838199686654322,0.38371535720312566,0.7364981050599494
AGMNCSMEST5JWV7BQF3GN56FRORA,20,66,54,0.16491963661774983,0.4980157896556772,0.5453077325986742
AE6ZY3SJW5ATJ6TR3R6HZQKB3FWA,16,50,52,0.1048265460030166,0.4442679578250995,0.47001439576473186
AF4QNP7565O67RE7CFPRZBS5D6LA,50,352,359,0.16495230388571605,0.2943197437194255,0.8639788646135371
AFDDELZUNQV2UKYDUHJ27QW3IBLA,36,140,163,0.12095735817617208,0.31327051179864823,0.752740576238649
AF6AHZOP3ARBRLR7M7BAFEYHMHDA,18,58,66,0.10675990675990676,0.4080567136883448,0.5675983150357731
AE2CSDOAQ3A3NNNHJPOYKXLUAOVQ,30,94,95,0.09182530795072788,0.34429111661340983,0.7002240822126381
AEPI4GPTILJZJGJHEPW57KTA53TA,21,54,52,0.053544494720965306,0.39298590654304816,0.43131988570722596
AHL4DUQINPGMLDA37BT7ATAETDEA,38,220,233,0.1834763948497854,0.34417884728998005,0.8086985176300615
AHPNEEABM5OSDMOU67FIV5767RUQ,35,161,173,0.14013980373706142,0.32677874984455574,0.7937373629356654
AHDBQ7V6POIUED7PH5WZNISK4M7Q,26,99,89,0.127170582226762,0.38810127110592463,0.655865097208962
AFAZOFYCJDB4GHEW7TXEEYSP3TXA,29,90,85,0.12324929971988796,0.3903203743313903,0.7099032491461267
AEBIJ7QM7KYDN6KY4ESFLIPGCJBQ,23,57,47,0.1036077705827937,0.46450835147032304,0.4668324878573718
AG2XHVLDSJXRCWTFNXKHL7B5KS3A,30,102,121,0.10110192837465565,0.32454962074559923,0.692355093646648
AEZUHJ6LZS4UZMCMZXUIQW4FFUZQ,24,82,94,0.1169068862960421,0.36937269495872405,0.6009870154784669
AFLNZ43COHJWS2PKMQHVOIM6FYEQ,29,107,114,0.1655022512032293,0.3947547463992005,0.7900029511915055
AGWKXOM5YQMBGMUEXDQSWFMWHEQA,22,67,60,0.10112994350282486,0.41713270053478446,0.6225974574464043
AELU7VBQWQH7VMYK6Q3CIU5C43RQ,39,216,203,0.1728039799053797,0.3450268459242173,0.7992165576558279
AEMPTSYMS4DJSHZ6NQVAHOXJLJCQ,26,79,78,0.09057609057609058,0.36772884275410145,0.5983245948043638
AEONEZTJSCG744Y6IYFJPBAYRPUA,21,72,69,0.17817561807331628,0.4750085218282537,0.7378898962260654
AEWSNEDPCKO4I5RHNORKUKTDOQ7Q,13,52,50,0.12244897959183673,0.46861265611229375,0.6747284568901861
AFZUAHAJNO4UMQWHTXHGAXCG52BQ,25,78,100,0.1507070707070707,0.3954817537751524,0.6905419351297505
AFNNVYHVCZRZZWLJ334YZWRGJVYA,17,62,55,0.13400673400673402,0.4671028870446614,0.6346560706163359
AFP2WXHZKBB7XPY4N3AJUTNU5VMA,17,50,51,0.22823529411764706,0.5743989706381041,0.6562078591396046
AFQQLOHJDAZ6FLE55O3J4NFZSE4Q,27,76,80,0.12215189873417721,0.3958183139897759,0.7237104218669741
AHD74CISOKM7L6YTYKY4GN2CAIWA,20,47,56,0.1357142857142857,0.4628082146417636,0.5592840534978557
AGE4RTB36XFI6KKPR3G5AZMDDI3A,18,69,72,0.12089201877934272,0.4093617492130569,0.5689152588432781
AH7YO7YEDTMDVR7QRKGJPUSX3TPQ,23,65,63,0.13159242191500256,0.44245658027578005,0.6761283879605628
AE3VE2MPKBXR3OM3CJXE7FQZ5CAA,27,148,156,0.15144747725392887,0.3474240677435151,0.705551740262359
AGZK7EECJXRY6YUVGTBM2SRBZFSA,30,141,135,0.14516307352128247,0.3566161936054826,0.7747899567920192
AFYVMSSEWRVG6CEOM4PF7J6SSDUA,26,78,64,0.12251984126984126,0.42848819510494335,0.5901581119804671
AHZJXRSEQSJ5TKYWWINKEORIBYSA,18,44,56,0.16103896103896104,0.48813288996643894,0.5019821565665499
AE7PBNQ2S6SDNLDN5UDR7DD3Q34Q,19,49,63,0.13159242191500256,0.44245658027578005,0.5669930617557406
AH2TH7FBK2XSDKS7LCJJTLX3OBJQ,25,123,106,0.12740341419586704,0.3651496033228747,0.7403514234690748
AFB5EMZ7KD3GDB2FX4JDT3KRS5GQ,33,94,71,0.1090543259557344,0.40161602999946455,0.6260505788324213
AGYJAAK7DLCRMZJYZ7EUGPNTEDWQ,27,69,87,0.13552526062550121,0.3994725894777409,0.6357039096407543
AGSFFWGHDHFIIM5J6OQNRGX7L4EQ,31,166,153,0.1934124527003784,0.3919509374210594,0.799907266397754
AEODJ4NGAI3BVHZK43GVLOLQZ22Q,22,53,64,0.07589285714285714,0.3818612109779592,0.607675818275921
AFAQQZSNUGEJP2RYTXHYJKFVG32A,23,44,69,0.08397271952259165,0.3808056232775291,0.43317846924719594
AGP3SV3HRCELN34OMNVEBEV75HGA,31,97,92,0.14930721452460582,0.404502462604342,0.6660631081842201
AH7IMQ5YIPV6NG6C5D4QOT5L4UUA,27,70,85,0.19243697478991598,0.4595080494014183,0.6958331494604688
AHM57VOLLXXAKPBFJV3KGMYRLBZQ,23,68,62,0.15230037017451084,0.46316452853528833,0.5786265732411264
AHNQ42N546NAAKT43DUOXVS6U6NQ,28,60,45,0.08181818181818182,0.45082990087044805,0.4474780862634731
AGPW5J7HI4NGTJUANOCMKDXAIDZQ,23,61,51,0.19686274509803922,0.5430264216184962,0.6326842387742619
AE2HIN4P37JPH3GCTZNNNWCK62DA,21,53,48,0.17375886524822695,0.5270606881486326,0.6628094464652029
AEGCGUV3UYD44P4JPEJ2RAKX7A4Q,16,51,50,0.0946938775510204,0.4408575540714774,0.4525092378595224
AELBVEAU2AZHSNEXVKM7C2WNQHRQ,32,113,122,0.14618615363771847,0.3677947390766165,0.6760350913790645
AFAUF3KITTRYFEHRBT7TECXPB4PQ,22,78,76,0.14666666666666667,0.4274424844116573,0.6633617341517104
AHGTTJLK53MVVEOESYW7QJFVHYRQ,23,63,63,0.16999487967229904,0.48085903803307656,0.638521373596947
AGCZHQWQNF6QRKDO7T5NQWR7GQAQ,21,87,78,0.16283716283716285,0.4399899150151737,0.7016434415248278
AFOVU64LBEIX5AQOCTZSAUC2IA5Q,29,116,111,0.13988533988533988,0.37326884298520224,0.7846815998901143
AFDM5JSC54MIFFQ36LONQJMWI3XQ,25,61,52,0.1478129713423831,0.487254383164466,0.5725168389739189
AFHBDFGDRJW3S3M5Q75Q6KV2URLA,20,73,73,0.23097412480974125,0.5194438552434555,0.6351944018676907
AEZEZ2H4UC56XJNN7A3ORZREEDNA,27,151,165,0.1295639320029564,0.3207008473521244,0.7988964609247167
AEOK4TQIKGO23SJKZ6PW4FETNNDA_1,42,263,284,0.14816105111232766,0.2934081032400341,0.8418843634631784
AFXS2DNVD3WRLMLSJLP2UXL2OQ6A,33,87,85,0.12016806722689076,0.3872391418383931,0.7099032491461267
AFEOGCJOFIPCVENKECNXZ4NQHKEQ,22,91,72,0.16314553990610328,0.4516152703398175,0.695899838313818
AEV53RCOPMQNNAYIDOT6K26HPCGQ,31,105,91,0.23931623931623933,0.49733140999656933,0.8117726369021045
AE2K7G2RD7RULVI7EICLIIF3VZHA,15,43,68,0.10842844600526778,0.4052613497602052,0.38345337256021844
AHW4XT6VZ5BJUSH7LMYWFWBLZ73Q,21,66,67,0.09769335142469471,0.39899015835313273,0.5896790156553184
AGDWW6FZQJQVOH4J3TEIA3SIL45Q,23,104,118,0.13906996957844414,0.3644033299150266,0.6948453349540339
AFSQAZ4GRUOGBTBB4IUKKLR4UA5Q,23,79,60,0.15310734463276837,0.469110101664728,0.6617151711034095
AGX23Z72LWKSGCDMKI4NR6OVR2WA,18,52,54,0.24039133473095736,0.5734874877688847,0.48647699523517873
AFJYUDW2LLMAVP2L5F7FQPYGWP6Q,42,265,300,0.1386845039018952,0.2800052330620575,0.814640439275259
AED3R7P5VL5PEBNPLOMFMC6OLNUA,21,75,58,0.18269812462189958,0.5041030295022889,0.5535472478688948
AEAKWLN7QQ675DPGNXDKUD5EQE4Q,23,61,54,0.13417190775681342,0.4672680607947408,0.6506689257222734
AGOVZTWAXGQ4KG3F2LFWT6DS6TKQ,16,38,67,0.13387607417458164,0.43517288110301966,0.6232321927832387
AFO56ALOAN5ZYK7XVV2XWOSEE6DA,21,75,74,0.25360977415771935,0.5381545634670315,0.6396027652906691
AFRPIQB4EY3I33OXHAWYPDLRKHQQ,22,78,78,0.11122211122211122,0.3883748634001221,0.5983245948043638
AFOTTSAZYNXVVEZ5IV24QOP5QOWQ,30,80,85,0.16302521008403362,0.43009628469553596,0.7683996480589794
AH3D2AFXD6K2LDRCCTC6GCIXTSAQ,42,348,306,0.1662273652630451,0.30615573801265183,0.8768035721074141
AFHPTQMY64EIQHJ62AEQSGCEBVGQ,43,329,372,0.12972784975219545,0.25663761096947046,0.8494720798050142
AG6KQ64NNSYP4RHXA6RVER43RGJQ,27,81,90,0.1867665418227216,0.44478171250305154,0.766102723327388
AGXO3CPYK7TUTKH4BTVJD2DX43HQ,32,119,99,0.16615130900845188,0.41341107795163545,0.6876785308261484
AERZA2PMTCZCBSZAR6GATANJB3QA,14,50,50,0.2057142857142857,0.5518779622347427,0.5801946695959669
AEBYGDBFCD3QEOFKNHCXHUFKREGA,30,102,83,0.0952101087275933,0.3655185266845449,0.6891656999595097
AFJBKPK5W56XWSNPQU2WW66ISWYQ,40,179,189,0.11443206124057188,0.2929523465636997,0.8233161874890134
AGBMWG5RST3LJWQ2YSOEISPVKSBQ,32,101,91,0.06153846153846154,0.3195536322187915,0.7409561433252364
AHYSAAK3U3UXMVID65JHTIJMFCJQ,23,62,51,0.0996078431372549,0.44577151965771195,0.4613977943174854
AGPJIILGSLMZLC53Q52HRBMINIJQ,16,60,60,0.1847457627118644,0.5007485197438241,0.5664414062354267
AGVIH2XXBIIZDXDEQJCUCY42JOOA,23,102,114,0.14656109299798167,0.37581358819395283,0.6749903722529358
AGZ7PBBXZAOSSRC4RHDY37JQG4XQ,20,86,92,0.16770186335403728,0.4228971114337734,0.7041112459614334
AE3A6XP5TAMJ3GBGD52QK5APNR2Q,21,64,65,0.15096153846153845,0.4569298922966405,0.5287968276081308
AFTLLGHUC56MJK4QPDC44CADACHQ,26,126,126,0.18780952380952382,0.4058721430945091,0.7036716022429907
AF7KAM4NO674XYRXUWEYWKAUKTGQ,30,95,94,0.11759322809425761,0.3700590367569395,0.7355306336048172
AEF4A5PLYVU67SYR67JR3227YS4A,33,171,179,0.16100684200615153,0.3444732236295974,0.8138987477412274
AEEX3WVJK5TGMRJ43V7IOI63JOFA,27,72,62,0.10153358011634056,0.4123977384771181,0.7976067791825407
AFJPOTNIECXIDZ35M6PDCFEVQQEA,31,166,168,0.15355004277159967,0.3423978106881713,0.8318085017132737
AHKMCJ5V6ZXMMU7XSNAL5ST74WYQ,19,48,60,0.12033898305084746,0.4363417400828071,0.5127882993657413
AE2ED6WSUDMW3NGBDG4NWQCYNOMQ,21,61,46,0.14009661835748793,0.5009971992450173,0.6237729616754668
AGRR2SWMCD33X27M7Q6NV2VEKGZA,24,57,55,0.1367003367003367,0.4697964897382641,0.6784314580533164
AEIPJBAN7A55Q5DFFPZSR2UV3OKA,96,762,756,0.1333543571954168,0.22237804873258424,0.8906913368868496
AFBXMLDI73OK56CZEJGVLCLNHRJA,19,56,58,0.13127646702964307,0.4526813719100324,0.5724451086946694
AEARZR2FUPD7O6LU3TTTRD4NCU3Q,20,79,69,0.16922421142369992,0.46605711517863735,0.6496882251686545
AFEAJYA7HTYXIWK4Z3NPMMAIXHWQ,21,49,69,0.13682864450127877,0.43366154825621617,0.7015891310648786
AHTOI4KAG6UGFCU763DHZ7JR54CQ,32,147,161,0.12748447204968943,0.3209958500599369,0.7282943792649184
AHPBTFJXUI6X4ESAHBRBQBKOQP7Q,20,50,68,0.1264266900790167,0.4232595938339541,0.5311850768340144
AEVDXSTWTWY24KPOCJIDVHJNQV3Q,19,74,69,0.1547314578005115,0.45156436155544893,0.5525700901942117
AFB3LK6JUTBNOFKZN27PCGOUULFA,29,137,131,0.12295948326482678,0.3376410819730243,0.8158103412997525
AFKHG4JI2HAW6CNNXPM7CPDUQOEA,35,127,99,0.12368583797155226,0.3709456069147359,0.7355833995284471
AHQQJATBFWW5TORPLQ4LQOGXKIWQ,27,130,126,0.17612698412698413,0.3941896034119694,0.7597184782112866
AEEBX6K7I53KOU5BKJTT43FZULAQ,19,59,61,0.10765027322404372,0.4236530302560033,0.5908033490176484
AGUEIZI5BONVZSNA3FBBR6DBX4JA,38,163,123,0.11995201919232307,0.34156060463122107,0.7348386390076722
AFFA2YLWVHPOFFX325YI7MITMACQ,10,51,53,0.19811320754716982,0.5375546193692526,0.7937362721428635
AE4RGAHEK5Y6XTJKQBUVDR6K32ZQ,22,67,67,0.2161917684305744,0.5174885753590124,0.7903430559247188
AFK3P4OWJK6XFYNFYTSVBZ46RCDQ,18,81,87,0.1226944667201283,0.38664179557236794,0.523747580219545
AHG4LOFDG63TZLAJ7HCGHELCMSLA,25,62,70,0.09026915113871635,0.38283085518244653,0.4978548356298061
AHG5KKQMMZJA46LDH73IZ4QUHYXA,19,65,49,0.11649659863945579,0.46979842153986145,0.6196461314494355
AG73WJW3CJUPPVWTGBJ6QBHUJ5XA,36,181,200,0.19100502512562814,0.36408686338585666,0.7904190729252892
AHAVFW4GL3ZT2A6PDDDJSJJ5GY5A,24,61,68,0.0996488147497805,0.3964817185047179,0.6450938538299912
AHQR5RU4UKE2S65XWC5WMU2JZS7A,44,155,163,0.13868060289328182,0.33099375651575796,0.8346487172806634
AFKOXRKM5XY3N3FR54SGGLOJJFVA,27,76,69,0.14876385336743392,0.44559675712237135,0.6496882251686545
AFGJYXOLE2THZ4IF3UVLSRTECMIQ,25,84,97,0.12886597938144329,0.3786880941598888,0.6937836741177128
AFRFJGGP6CP5ALZLV6SA5WQ74U6A,32,139,121,0.1650137741046832,0.38846146647562685,0.7504442259298365
AEJI7AVCH24E5LOCL7OPS5LDY5GA,22,66,55,0.10168350168350168,0.4347796547214291,0.5133931526016258
AEKVYKMVVSJSJNVPRHQIN5UX6UVA,30,101,75,0.20324324324324325,0.48778803255255543,0.6908299635564327
AFC3Z3QQ3D36SYHAL3MKGJMP4ZBQ,21,79,63,0.2048131080389145,0.515677266399692,0.6202155502317279
AFEUSBBGM3XTTIYAYK2GNGDGB5NQ,18,54,68,0.12115891132572432,0.41799181508066174,0.7158006784817273
AHAYJYTWBY6A6HTPQ4KHWKD6X7RQ,54,347,329,0.13249684928460226,0.26765105826307806,0.8739548592515327
AEIIRIHLIYKQGI7ZOCIJTRDF5NPQ_2_1,31,195,204,0.1601468173476287,0.3315233742348801,0.8060049952037037
AELBDV3WKDSQE4X5KJ4K2NR7AS3A,17,63,52,0.12141779788838612,0.460859209710469,0.638878544449677
AE3LJU64A7LIZRAIDLWLY7WIXKPQ,20,69,65,0.3072115384615385,0.6131798922966405,0.7232532202331322
AE3RVPQUALI4HMJUOSE6YE4VVMUA,34,133,177,0.14047252182845404,0.3249783813545872,0.8328797883218002
AE2ZVBITK4WG7SXTTLG2YFLRTUSQ,32,90,74,0.14846353202517587,0.433008321334488,0.7368752522878421
AGDOGDBA3K4KIWTOCBCWKC5C6NEQ,33,135,130,0.13905784138342278,0.3537394400916203,0.8046854333580118
AFMOM4ZVIZ6EXLU7AKHHL7OVWSQQ,37,178,169,0.1177796562411947,0.3066274241577664,0.7610327440029468
AHIPYT7Q7IDYXLLNNHYX5GGWMEVA,18,72,79,0.1970139565076274,0.47416670868563826,0.6898928570624696
AFFRCOTU354SFF2TWTMJSVJ3T5HA,25,87,96,0.16666666666666666,0.41648878144511214,0.7279597953479342
AEB5WZLYV6NTC6TQPWVOCRS4JYBA,21,63,76,0.13649122807017544,0.41726704581516605,0.6633617341517104
AFAWXPWTSIPWCOQPMGFYIG4I2QYQ,20,44,63,0.13210445468509985,0.44296861304587737,0.6202155502317279
AE25GU3LWQGZJN4NNT5GWAGBN2KA,19,58,69,0.15643648763853368,0.4532693913934711,0.7760120307868967
AF6OKIE3IGAMM2RJLNGUTUB7XGKA,17,56,63,0.15565796210957503,0.4665221204703526,0.5669930617557406
AF6HB66K65MYYKBU7CWZ5OBSEAUA,29,114,148,0.11169332597904026,0.3128968760509523,0.6756096199654065
AFYZRRCI3T6HD4Q42AQBYW75N7SA,31,106,97,0.09085051546391752,0.34067263024236305,0.6120985151045433
AGCQMKREJ7MZWNOKELGVDQ4F6HLA,23,59,62,0.13749338974087785,0.4483575481016554,0.6522318894499091
AHPOHKN4PU4W3V5PGFL7AGTAD2AA,39,185,195,0.16394395982024848,0.3396819405520488,0.7792713530267128
AH5PTXCOZ6L7I5PPNE3VRD7YSNOQ,19,64,59,0.09701928696668614,0.41842419184707547,0.5236111054929752
AFYUZU3JAPLETO7EEBA6BOU2RJSQ,29,93,77,0.18386876281613124,0.46464458056112184,0.6080773166970438
AH6MLMA37WGURO3Z33AE7WRAI4CA,24,86,69,0.18329070758738278,0.4801236113423202,0.6666937095644937
AEJSXAQNOBEI3CK3ZZMT5AAOCHBA,19,77,66,0.16503496503496504,0.46633177196340303,0.551181474480534
AGF4BUNATUPXTAIBIMBR7DBCSA5Q,46,392,414,0.1405177153150624,0.26081790894423884,0.8473795618760811
AF5JGDC5GYAXYUAXT4TMKIA73LYA,30,104,92,0.11395126612517917,0.3691465142049153,0.7435577547988994
AG73LHFDVR6BQRW2J4TNCZPZ7ZGA,19,65,69,0.1517476555839727,0.44858055933891017,0.6839845127547902
AFHAEXH6TEITVFXH7E4RWOV6HT3Q,20,49,64,0.1195436507936508,0.4255120046287529,0.5558621774938162
AGGMJWZGH5H45UG3JGME24PISUZA,24,77,72,0.10758998435054773,0.39605971478426194,0.5689152588432781
AE3PLZHW6NXWBMZ76TDVFQG2MJFA,29,166,146,0.12990080302314597,0.33247777211106866,0.790833248079686
AEZAZKOMXKGYKLF4N4KATERBLMAA,27,82,88,0.12251828631138977,0.3834489751905524,0.6918368298646901
AFOCBFH7KGNBKSQGCSCMN6JDZ5QQ,25,83,76,0.09719298245614034,0.37796880020113094,0.6945197824656266
AFMRNKCMPCQ5LK26BNF6TCIOUJOQ,27,142,143,0.1200630355559933,0.32547338656970765,0.761377396347358
AE364T67IGWVWILEHKOWYBCB2IDA,20,48,54,0.1607267645003494,0.4938229175382768,0.586219469150203
AEO3BSI7NEEABNNTAITKL7I4IH7Q,24,62,49,0.11734693877551021,0.4706487616759159,0.5502161511004982
AHS76Z2GPIHBUHEAIIRXUEPHYMUQ,23,64,77,0.14080656185919344,0.42158237960418404,0.6226162413894247
AHEPLA43HWNAN5VRVBK457ILTEVQ,21,57,50,0.1836734693877551,0.5298371459082122,0.6501699326619461
AEKSI575UP7LPD4NUWJFI53IFV3Q,32,113,107,0.1810968083230471,0.4188429974500548,0.765490735101212
AGRY5TWPJIIYA77EQRWDAR4KEOIA,30,118,109,0.10159700985389059,0.33713155845416104,0.7141445041351653
AHHBTX27ESJYBLDTOWDXT6ROLLIQ,20,43,65,0.1658653846153846,0.4718337384504867,0.5956945765250103
AHCZW7RP5IJYIBL3GTD7QE6TW6CQ,20,59,69,0.1534526854219949,0.4502855891769323,0.6164435079155017
AEPHGBC4AGMSWWJ2TG2FOBVRJOJQ,14,51,53,0.16110304789550073,0.5005444597175837,0.6448702362084395
AFKXEFXBBZXYWYNL7772ZQN5LSHQ,28,133,102,0.1487089885459134,0.39107203956866865,0.7548035274806104
AGTXKBHHGPNQTA7DOWDBCV4W4KXA,15,54,53,0.15602322206095792,0.4954646338830408,0.47837049614293403
AGYVC7KVHP2AWM7BDCEYNHFA6F3Q,16,52,49,0.1360544217687075,0.4893562446691132,0.6196461314494355
AFYSHCJX77N6OZHBKFSTSYZGNJWQ,21,49,54,0.14605171208944795,0.47914786512737534,0.5655798297438002
AGKWJQMCUR4G6H3CUJAAS3JQFPOQ,23,61,59,0.12098188194038574,0.44238678682077504,0.5236111054929752
AH6KFWUFNLCMPBOCEHR7XQ6GDRTA,29,98,111,0.17018837018837019,0.4035718732882325,0.8077511464122461
AFMUA7K3BRXWB4XO6QARYIEBI42Q,39,251,270,0.14536692826655653,0.2943320565138523,0.8339765127769387
AHGO2TTEJQYOBIW6HXBZF7PMZOGA,26,102,83,0.16015280634734058,0.4304612243042922,0.6471768009759744
AHQINHUXG7RTVNS4B5UZV5JXGGZA,28,101,94,0.15534202699611074,0.40780783565879264,0.7753665197717576
AFJMZJ7LBFLG25RUFZ6VXZB2J2AQ,17,70,65,0.18846153846153846,0.4944298922966405,0.6129998695218872
AFXYY6I45UYTMLLLUFJZX6YFWAFQ,20,51,49,0.195578231292517,0.5488800541929226,0.6196461314494355
AFPI67RTLSRL42VFGZTOMETXABSA,21,71,82,0.09545317675398976,0.3657615947109414,0.5889174178164558
AFWTSDRXGJQT2C4VF7PJPDHDSZKA,21,83,81,0.20555555555555555,0.47922197081115425,0.7738194874304011
AHED6ETFQH7SFT7MO23RR6TCU4HQ,25,82,69,0.17050298380221654,0.46733588755715394,0.6839845127547902
AGIRT2W576QSBRPEDGFNUAWVS7DA,22,70,70,0.1515527950310559,0.44411449907478606,0.55815154698731
AGI7Q67LEC564DC6HJQ3FAVIYCVQ,25,74,95,0.15946248600223964,0.41192829466492153,0.6756794847177626
AHAPQT2ARS3JS6RZKGJT6JH4ZJAA,41,182,182,0.15068908991560925,0.3321281564757624,0.8372775308115443
AHCHHNVEFWLHKTCCPALFK4JE32AA,27,70,67,0.16870194482134782,0.46999875174978584,0.7119581267464503
AHCIJZ45JJ56KJQ7TJXXN3YH3M5A,23,56,56,0.1266233766233766,0.45371730555085454,0.6404041038680541
AH3CTKRANSNNRHTW7MSGCZG4LFXA,26,111,125,0.11948387096774193,0.3392980253724965,0.7676137810447223
AGARAGBTDWJVZAZH2DJZDDS4CQQQ,19,60,66,0.206993006993007,0.508289813921445,0.6531718816506668
AHYTEV7JD4ZPZ6C7YQYI4CM4EMHA,21,48,53,0.1937590711175617,0.5332004829396446,0.6676864852114199
AERVE4SIHRBO3DSYVVOQKQRX67CA,21,48,64,0.15079365079365079,0.4567620046287528,0.625462420574552
AFWBP55YO33V7AG7BI37EGHVV7SA,22,105,108,0.1824160609207338,0.41795060952100427,0.7226283941922855
AFSBW7GPPNRSTTEWVKJZKP526T4A,28,65,74,0.16734542761940022,0.45189021692871234,0.7368752522878421
AFYB7O3AY4KNFJ466V2KSOQB2ODQ,41,524,581,0.22479078877084693,0.32642794382802676,0.888363263010244
AEJUJLXYEFXUHS4YQTETBDYWZUXA,26,62,91,0.0989010989010989,0.35691626958142886,0.7275033133367814
AHPYMAQYN5EIXUMUTE5BLQAV5N7A,19,52,64,0.13690476190476192,0.442873115739864,0.572891826349456
AFKOASIJHRHMFC3ZM6FHBU2OIYPQ,25,79,63,0.18125960061443933,0.4921237589752169,0.6202155502317279
AEXAZTZ2QMNUW4YQMHXWRZGJLE5A,31,71,78,0.14652014652014653,0.4236728986981574,0.67115712247822
AEC4WROC543KSOU7GOBC2DDXND7Q,17,68,55,0.11380471380471381,0.4469008668426412,0.47557989721527144
AHBEI6Q4F4WHRIFK5CWQMRVPOQMA,34,131,160,0.1554245283018868,0.3489359063121343,0.7853811623454862
AFAOHY7AXIO57KZQD2WMWPAVEHCA,16,62,46,0.09371980676328502,0.45462038765081436,0.5023354776519451
AEKV4Q3JUQTQA2UR7PH7QLUHUTTQ,30,166,168,0.14998574280011406,0.33883351071668577,0.7950860542563871
AE5GEGOV3K3LNIG45Z7SFL6XHJ2Q,26,100,96,0.13596491228070176,0.38578702705914725,0.7030897041040081
AGWSEISP3NKF47Q2CG45DBOYURYA,42,212,238,0.11778888770698152,0.27645274870301295,0.7589775878968416
AEZA72MOZXB4K4VQUOROOHAVECOQ,32,152,195,0.11853026698387523,0.29426824771567556,0.8036010139380304
AGJOIAF7JKTG64GKFWQRBD7YTYNQ,24,57,64,0.15178571428571427,0.4577540681208163,0.607675818275921
AH7CUVVTYJSU4ELS3RX6FYSS2OAA,28,65,78,0.11788211788211789,0.3950348700601288,0.6562314609744706
AH65J4QJTJGMTAIOUDUUQHCCHZCQ,26,69,73,0.0821917808219178,0.370661511255632,0.7164657374470177
AEOROIOBPBERU4MECH4D67LANECQ,21,58,47,0.16188714153561518,0.5227877224231445,0.6565205468159441
AH6URM6URQ2EKVJMCPE3XZXRCIUQ,20,58,74,0.10810810810810811,0.39265289741742027,0.579176830051247
AHV7LKZELPOHGBWXQ6GLKLYHHPDA,35,87,83,0.10960916838084044,0.37991758633779205,0.6610048602223586
AGT6SMFGOSFI3BRCY6DTOO4RCACQ,17,47,54,0.16002795248078266,0.49312410551871005,0.5453077325986742
AFND6MK3CIEWNMQ4F2YISGPWTX6Q,20,62,68,0.13476733977172958,0.43160024352666704,0.662303804618508
AEMOSR6PPH6SLWWH3FTRNSCEFJSA,19,57,58,0.18269812462189958,0.5041030295022889,0.715084742455897
AGBIKKQCO7YF46LVG5FMLLUAYGOA,42,214,224,0.16019378603459322,0.3237407504983322,0.7960876344753343
AEBKVV4GWV4345OOUE6FSNSJDUMA,70,627,620,0.14715201417478763,0.24545589250792083,0.8746206587670571
AEOXOWXY6MIDO5SAXL3GPXFOWLLQ,28,72,59,0.11689070718877849,0.4382956120691678,0.5787412193093191
AHC6X7NTYM3C36TZF7C3K3Q7HDEA,46,339,343,0.1310930387192471,0.26345202853303445,0.8508794751887494
AEJ4OE2ULQVAN3AIGYVV2WLZPXWQ,21,78,85,0.10756302521008404,0.37463409982158635,0.6018639266141476
AF426CEAYWNEUOCWGK7ZAAD7GYZA,23,56,44,0.12156448202959831,0.49057620108186456,0.5570410947782973
AFOHELIML66A52IGVQREQVZ453BA,18,58,58,0.1119177253478524,0.4333226302282417,0.5916522758635323
AETCSIAIBEV7UTIQRBGI4FLLHYEA,23,72,69,0.1815856777493606,0.47841858150429806,0.5841054594245085
AHT7LA5WBAB4ROGSGGDPSOYFORHQ,20,90,83,0.197472818101675,0.4677812360586266,0.8113023171766427
AHFARMUVPKFUECSFCFMWDKRHYYKA,21,62,43,0.18161683277962348,0.5593123686127668,0.5744483048448026
AG64X4UTSQEXRNHWGWME6HL6HYXA,22,74,81,0.1095679012345679,0.3832343164901666,0.6115965039130546
AGTGHYRTZXKX4AIL42A3FKWR7SOQ,31,181,177,0.14798407806882383,0.33248993759495693,0.8258256267842524
AFYCLJKUNJR5P62O2IF5ULMAWPQQ,18,58,63,0.07782898105478751,0.38869313941556505,0.4668264493140682
AHC7TXAWP6DKHKM75VOZCHZBSKZA,19,59,55,0.1723905723905724,0.5054867254284998,0.7011707459207333
AFY7R6NIDZW2RYSE36LMS4OVETZA,20,90,83,0.14957390537760798,0.41988232333455955,0.6471768009759744
AGZHZS4YKICTOZ3XYAYLWKA2OCDA,19,61,59,0.22910578609000584,0.5505106909703952,0.48815404555803327
AGHOTW5ZUB27GJG5FYONY4UA4W7A,26,110,95,0.14020156774916012,0.392667376411842,0.6279930068166077
AFLTMIAEVQND46Q243LNEFKJ57CA,22,49,71,0.07364185110663984,0.36620355515037,0.5186210527214432
AFNKQZEEGYXHXOSHESNOE3ELUACA,23,80,99,0.1908884766027623,0.4381482455459459,0.7479128949266918
AHYDC3YH4YUXVQHQXKJRPJJUMDHA,17,91,67,0.21076436001809137,0.5120611669465294,0.6577980543656652
AHESUURQOOLW6WCO5JVH34XXQ4VQ,24,79,62,0.1501850872554204,0.4610492456161979,0.5609326986953191
AFVQ6XMBHSGTRAUUEYSUJ5K7WT7Q,41,176,173,0.11036429627638124,0.29700324238387554,0.7527599809620509
AFZIIL5E6KJ73THDLDYHPGRHREEA,26,80,96,0.1642543859649123,0.4140765007433578,0.6908634469923933
AGDJL2BHGWTC3WWWE7UKNMLF6AZQ,24,74,66,0.17156177156177158,0.4728585784902096,0.7874133536495276
AGEXJG5LADC64QIVX3RMUA4GEVWA,18,49,52,0.14027149321266968,0.47971290503475256,0.5512847671309347
AGWITEYQTALYN73Y2AP27U5J46HQ,24,74,72,0.12050078247261346,0.4089705129063277,0.7302041320673944
AGQANC4MDXQAMK5QBH42MAM3KKXQ,17,53,48,0.16046099290780141,0.513762815808207,0.497690428036036
AGZZURKYSVGYT53XSNBL7GVIL4GA,21,69,68,0.21334503950834066,0.510177943263278,0.662303804618508
AHBORN7QVR52CPM5PSTBHFLVCJUA,26,97,87,0.14808874632451216,0.4120360751767518,0.7300028291457613
AEQUPI4IDAOEZ7ZMTTMOGSDKBH5A,17,60,59,0.09877264757451783,0.4201775524549071,0.4707801665741233
AEIDUSX3CGQI3URKTYY7U2JRMPZQ,54,200,154,0.14633732280791104,0.3435823834362057,0.7697133077380016
AGEMMF33OU43HMF3U5ZSEQZUOQ2A,27,61,41,0.10609756097560975,0.4931203169961047,0.4780124919711856
AEYQ5YP2XQD6ABDBCVPECI6LFO2Q,22,88,79,0.14962674456345343,0.4267794967414643,0.6749222844276285
AGQPPOLMA6U2DAA5I5SP3M4QJSFA,40,152,125,0.10206451612903227,0.3218786705337868,0.8074569443668167
AFH3T3A3DVGLLVJPET6OAEHNWPQA,27,69,57,0.10025062656641603,0.42734455549389394,0.5468153502685318
AEZY3WQ5CO4DOXRNJOWWXJYKCAXQ,25,103,120,0.14285714285714285,0.36630483522808643,0.6899880399949905
AGG57MAZR474OPZD356G7BL2EXRQ,14,45,59,0.09994155464640561,0.42134645952679495,0.41998244836594
AHH53Q3XLBEEPK36DLJ5UDEVZM5Q,30,119,125,0.1583225806451613,0.37813673504991585,0.7483150488090808
AEVHHDEEO6UERLRZC3E2IYDZOEHA,25,128,120,0.16806722689075632,0.3915149192616999,0.6995487133971237
AGM7QZOUXUAKEPGNXQNR6UVFVHPA,25,131,118,0.11473272490221642,0.3400660852387989,0.7344204536217402
AF6EOOWDGXOGQSENWNYO4AQ77CUQ,39,214,232,0.1473727422003284,0.308075194640523,0.8233151476009781
AGTMMNTVLEDXN3TWKWUOI5L5Q2TA,24,76,58,0.16091954022988506,0.4823244451102744,0.5724451086946694
AF4JG6AGQZ26FUBADCRC6CZ4Z26A,33,92,85,0.17507002801120447,0.4421411026227068,0.7683996480589794
AE4XAONOTHWDUYQGLCZSHVJ4TP3A,38,199,231,0.15343497082627516,0.31483461722301054,0.776784589965779
AHVMJWRWKAWN3HWY5EP2ZIVWW62Q,20,55,54,0.14605171208944795,0.47914786512737534,0.5655798297438002
AHSGXUUQSRZPYZN2AKZ2BTAMS4AQ,24,58,58,0.1088929219600726,0.4302978268404619,0.5166068802770301
AHKIOQRM2H4FEMS5PI7J5RMPJKQA,25,117,100,0.18545454545454546,0.4302292285226271,0.7380310478425417
AFAFYXZDO7IQMWKTKLIE6VDCPPMA,24,92,95,0.167973124300112,0.4204389329627939,0.6516195434557626
AEYLTTG6BD636LJSNQICVOWDJLDA,39,268,242,0.14231336373924078,0.2996604894303576,0.8106382634413956
AHADLK72WU2URWGZLNJCYYV7F2JQ,23,51,54,0.11809923130677848,0.45119538434470585,0.5655798297438002
AF2ACCKOTUKHIGCZHGHSZXMJDTKQ,37,154,134,0.14757041858377287,0.359023538667973,0.7201521632065537
AGXKSKQILCBPSNPGMZ6K3AXTHBSA,26,132,134,0.1305128492873976,0.3419659693715977,0.7823155932280934
AEUXRQJTAD7YFA5OZG6LFOMVX6SQ,19,75,81,0.11203703703703703,0.38570345229263575,0.6393485662565761
AHJZK7DAWKCCNUCXXQXPS4URHJXA,19,60,52,0.17043740573152338,0.5098788175536062,0.638878544449677
AG2YZT7UL3WX3GXGTLDVHHTQNSWQ,24,88,103,0.11764705882352941,0.3600101098462846,0.7217203960943839
AFBR5VDMITJI24U5KZRYEPET3TJQ,38,209,221,0.11402714932126697,0.2790542069802513,0.7671685761255788
AE7PTCW7PBAYTJAO4F5QMUZ2GODA,30,101,96,0.2625,0.5123221147784456,0.7534643113989653
AEVZZ2TAOV3HJQD2FJ6NPFFLIQQQ,23,61,55,0.18585858585858586,0.5189547388965132,0.6562836396144929
AG5ALUCP2JUPUPJZQEGVYBWBSVZA,21,59,61,0.15628415300546447,0.47228691003742407,0.6280568323013574
AG7TKTNIUPIPKJC4R6RVJZ5OECEQ,25,66,69,0.10230179028132992,0.39913469403626733,0.6164435079155017
AEZ75ZGNAG3HTCX7UJJ5NZYKD5HA,30,154,162,0.1326585384556399,0.32497169207811605,0.7953623391749634
AEVVEYZF4MQDPC2BY2HBBNGZRYHA,27,187,195,0.18710018503832937,0.36283816577012973,0.7974679193224983
AE4XVWBZQQW6XC7TWY7TLC6QPHKA,30,120,150,0.18460850111856822,0.38446619294132467,0.702113299397984
AE5HOA4YXILTVNUKYPDZOADT6MPQ,30,66,60,0.11129943502824859,0.4273021920602082,0.6035695340495391
AGNE2VHYOU4D22WTQMGNQMHPZHUA,15,54,49,0.13350340136054423,0.4868052242609499,0.5728493353252115
AFR3I45A3TZAQV2AIZOAZBKPUOUQ,25,71,68,0.07199297629499561,0.36882588004993305,0.6450938538299912
AEIE2UJDKWR3NG3CE34PT7R3QSVQ,45,300,273,0.14035229476405947,0.2887687466415282,0.8270208260109261
AEROQUUIQIBMTURT6F67MG273XFA,19,55,50,0.1730612244897959,0.519224901010253,0.5145999324265984
AH7BKWN5OQPMQXJ4ID2CDIUSZ5CA,17,52,57,0.18984962406015038,0.5169435529876283,0.6669945733865204
AERA2QF2GEAJIAHJVKPK5DQHB7AA,16,61,43,0.20376522702104097,0.5814607628541844,0.6012551298368389
AEK3Q3YE25YBBW4NBUGXY3LP3JEA,20,57,58,0.1869328493647913,0.5083377542451806,0.5916522758635323
AHVBNM37DPQ3X527HJUDBMKJCEEA,24,81,76,0.16701754385964912,0.44779336160463973,0.7601120350769943
AEBNZGOWU7JLSAMWJFWOYNKN4QHA,24,70,67,0.15377657168701944,0.4550733786154575,0.6403789360053062
AGZRMANKR7DOKXA7CSLFIIZXBPGQ,20,53,54,0.18658280922431866,0.5196789622622461,0.5453077325986742
AFSN2VRJ3SF7TUDX3BJNQZXGRPWQ,20,63,48,0.17375886524822695,0.5270606881486326,0.5652484470288064
AEOUNGYXHQECUPRUCSZUSVXUGP2Q,18,72,56,0.12012987012987013,0.44722379905734805,0.619539725880391
AE2B73KPXHFCO2FD4L5CR7BVFISA,21,59,58,0.07683000604960677,0.3982349109299961,0.6111913791378998
AHH667MCWRTSMWKYOVEN4PMWLDHQ,21,53,48,0.10726950354609929,0.460571326446505,0.433867544535409
AGNFGBZW7HNYC5LDKBV34LQZ2YBA,19,57,61,0.1273224043715847,0.44332516140354433,0.5547042225472776
AFP2CXPW657I6PLKLC7XRPJWUFJQ,40,265,304,0.18668577384054194,0.3270736827130373,0.8017833202370552
AFZUK3MTBIBEDQOPAK3OATUOUKLA,29,120,135,0.15809839690436706,0.36955151698856714,0.7658272511767198
AGOL4YVNGWMNV5WJWSA4IRBTSZ4A,34,109,111,0.19066339066339066,0.424046893763253,0.6567863749057792
AH7VYZN3WN5YY6N3CFLIY7426GYQ,25,69,78,0.12321012321012322,0.4003628753881341,0.612553570326716
AFURBA64TYZCPYT5BXLKHOIDWO4A,16,47,63,0.1336405529953917,0.4445047113561692,0.6022057325793105
AEQWHFILX4XRKJX5WYHP7KDYLVJA,24,99,120,0.17128851540616247,0.39473620777710605,0.6995487133971237
AGDVIDD523KC4LS2WMDIXUPRGABA,20,91,93,0.12529219261337074,0.3804874406931069,0.7329076187213419
AHWJGIMDAMS4WBLZAGOYMXYDSDLA,45,306,270,0.17169213823488916,0.3206572664821849,0.8120910026294259
AG7Y5UMCEMWJOXKMOJKW3WNNHG6Q,34,148,136,0.14281045751633986,0.35270301664074993,0.7763490774750708
AGY5AUOWAZ52AMPFYIILS3M53RZA,17,54,61,0.12622950819672132,0.442232265228681,0.5726190191204755
AEHCGXYNYNEZT6YVDLAVWPZ7R4ZQ,15,57,57,0.23684210526315788,0.5639360341906358,0.6459764496621503
AFW5SIGDUGYOBFH7NFQANKDR3TPA,21,46,61,0.12295081967213115,0.43895357670409074,0.5024349044309543
AE3RLEXEQRD2K7SCXE7HBCOMRDTA,17,47,57,0.09085213032581453,0.4179460592532924,0.5279666876087183
AGZ7N4QS64RBGDJ5HW2Z4BOX2WPQ,19,52,53,0.12772133526850507,0.4671627470905879,0.5794774148253274
AFTCOHCMM4Q633XYBEWYEWS7H46Q,21,64,61,0.1540983606557377,0.47010111768769736,0.6092753847257502
AEZUYDP2QQDANWCMHUYJDONZYV2A,17,56,64,0.09027777777777778,0.39624613161287986,0.5390565752926517
AHDHCALBCB7CJPXRW7KYVDF2KKQQ,39,155,158,0.1581875352737241,0.35291981737034217,0.767689822185636
AE5ZXSOGDJVHJQZZIPWCGIOAWTUQ,15,54,73,0.18188736681887366,0.4703570972525879,0.619639599920148
AHQMCHVUHJFWMNDCPM5VNJRY7LDA,26,75,92,0.1278069756330626,0.38300222371279874,0.5238410675171583
AHRC5Q3ZFV5WWITJOSVDWF57LMGA,21,59,55,0.1292929292929293,0.4623890823308567,0.7245961900554733
AF5RRRO3XOBWXMELE6NO4SJNOSAA,17,47,65,0.07211538461538461,0.3780837384504867,0.5125947916301135
AGU7PO73VGUO6TWDTPEEAP7JGC5Q,33,113,109,0.11348963642541625,0.3490241850256867,0.7469975040772547
AG4QQGPDZIE3Y3HF3QYWOBWBH2QA,20,60,89,0.1501532175689479,0.4110839064481105,0.6304515546580167
AHKL2IAC36ECZBY6GALHYGJKSJCA,24,75,78,0.09324009324009325,0.37039284541810413,0.5983245948043638
AHIF5F7OVMGSN3RFGZT5YGL3AM3Q,26,81,70,0.12380952380952381,0.416371227853254,0.6709721213417411
AGGSZYRA42CYQHGYK2WLFZW4PNVA,21,89,80,0.12373417721518987,0.39740059247078857,0.5662916493170496
AHGFE65TS742WVLX5LVITKOZM2CA,31,133,122,0.1091992954884162,0.33080788092731417,0.6946865314339195
AE27M52WTNJGLONE7KTAEOHZRJIA,18,54,46,0.1391304347826087,0.5000310156701381,0.4796071750005359
AG773IIH5JWYUNOQQVNEXQGDRN4Q,46,417,376,0.14299290780141843,0.2692258121327594,0.8293533095462116
AHQ63Y3CMMAXTCZPQH72VMXWBPDQ,19,63,57,0.15726817042606517,0.4843620993535431,0.6885100653153211
AFFNS3Q4QAGF76NDEIMZ2MTFSB7A,28,98,107,0.09222359372244754,0.3299697828494552,0.6141131389295196
AEIOOSP7SVTJCXS53SSMVOMO3WKQ,25,71,96,0.1074561403508772,0.3572782551293227,0.7154517315913258
AF42I4ERCBTGOVGQZS2HVNAUV6EA,14,54,60,0.2135593220338983,0.529562079065858,0.6419685209161736
AG5LRZ72HYVRRP43W2JMFC4SYP4A,23,85,63,0.1443932411674347,0.4552573995282122,0.6761283879605628
AFNUHCITVPCKVVAAYVQH4JNECFWA,21,62,79,0.14995131450827653,0.4271040666862874,0.6898928570624696
AHCUWSZJ7OE2SWMIM6EID2NM7XCA,19,54,52,0.13951734539969834,0.4789587572217812,0.638878544449677
AF2KWXX365N4EN25OGZ2J3AJ46UQ,19,51,59,0.12682641729982466,0.448231322180214,0.5236111054929752
AE47KV6GYAL37KXMPJNXFLVIHJPA,16,53,69,0.1287297527706735,0.4255626565256109,0.5682427607374647
AHSSDNEMHCJBRRMCLPGASYU2JQLQ,21,62,68,0.11501316944688324,0.41184607320182065,0.5156986437921111
AHSYQZJEGKCFTMBUTH6K47V5OU6A,30,109,129,0.22759205426356588,0.4439443520888515,0.7743850698971615
AHOBK4UZRRWCWEHSRSQOZXPHWS7A,25,54,50,0.13306122448979593,0.47922490101025295,0.5360430080307526
AFAQEPXRG5ZG3OJNGSBWWXBO4JLA,28,88,63,0.17562724014336917,0.4864913985041467,0.6761283879605628
AGHHCLYVRWDCHRLU5XLZYZICDNBQ,18,48,53,0.14513788098693758,0.48457929280902046,0.4979217652317703
AGS2KXBTAM44IW7T4FPSTTO3ZISQ,41,269,297,0.09473109473109473,0.2370034893857508,0.8607887490416571
AEBQCCHFNT4D4HKLOU64IBWYX4IQ,17,51,66,0.23403263403263402,0.535329440961072,0.6531718816506668
AEH2JMQUALDX63YY5EG6XQSX55DA,20,55,54,0.17260656883298392,0.5057027218709114,0.586219469150203
AEWHLGO6FWZ4ZO7N6TX7I2FYO6EA,22,83,71,0.2579476861167002,0.5505093901604303,0.7629868408252065
AEXP2IBYPZQKMOVKNYX53XVBX5BA,76,574,521,0.10838623948028939,0.21572703883438815,0.8601923396413298
AEW6DQRE6GSOIU5VAPACM56T7ADQ,33,106,84,0.12994836488812392,0.39701943949962626,0.7506877358112892
AFDFTOOEH2YAHC3FCJUXZ6Q3E2HQ,24,97,90,0.216729088639201,0.474744259319531,0.7520887970620709
AH34XZLFFNGG35PVAA5P35T6FMMQ,28,136,137,0.1860240446543581,0.39591660377876814,0.7258719581483177
AEERPQ3ERAHDP44DLQDHLZ3G53MQ,20,45,62,0.15388683236382866,0.4647509907246062,0.5965836642302969
AGHYDPVLKBYDXTPJQCLDQLESK7LQ,21,48,55,0.18585858585858586,0.5189547388965132,0.5524023011875804
AEXPJUSFZID56K6EIKI4OQ6E5W6A,19,61,56,0.1253246753246753,0.4524186042521532,0.5990868734757044
AHIP4YNGJHFG2XOFL3A4DUNNPEDQ,17,47,56,0.1305194805194805,0.4576134094469584,0.6617228619761635
AFKSO4QAZKP4GZMNTI2TSHFMPPXQ,27,61,62,0.074034902168165,0.3848990605289425,0.526276279720809
AHNIPRAKWLONQWATDOZ73ZM4PH7Q,25,74,63,0.08960573476702509,0.4004698931278026,0.5669930617557406
AGLBN3MINRB7262SANHMPBSRLVXA,29,133,150,0.08411633109619687,0.2839740229189533,0.5784783404772015
AHNNHOY7YG6U7QQYTUAJKPHF2NHA,18,60,47,0.15356151711378355,0.5144620980013129,0.5812352083539684
AHTPJH2GRKY3ATUF377HTJLNGI7A,20,51,61,0.1448087431693989,0.4608115002013585,0.6666584693070692
AFAVAUPHJ4CFL75JGCGY6H7XK6PQ,27,74,60,0.12146892655367232,0.43747168358563193,0.5483007821278327
AEHC3WKW7WCNNPC5S23T4COBVADA,19,68,46,0.2492753623188406,0.6101759432063699,0.5982899322797393
AEGJUYLQ33YRTQUTCMCJNFRQ7SMQ,61,381,329,0.11857810067462377,0.25373230965309956,0.8851908297947102
AEIGI2BSHJLGSDDP6V2JO7MTABUQ,36,80,100,0.09878787878787879,0.34356256185596046,0.7259601888760665
AHWAVTDTHEKLCOWMFZ2MCLGVYZUA,25,58,55,0.1771043771043771,0.5102005301423045,0.6134936628587425
AH4VRF3XSROKY4VFKDERPGK2MYUQ,25,127,147,0.15254869070916038,0.3551256597970831,0.7513518279026131
AEN6EKH7NJ2VGWM2WWVDXORGLNIA,24,92,71,0.1561368209255533,0.4486985249692835,0.6920282749619573
AEELNPQG53TVUO2VBGJNSPQAOZJQ,18,46,56,0.12727272727272726,0.45436665620020517,0.6617228619761635
AH3UA2OVRWGWLLE4OWHRZJ6S6N6Q,21,62,77,0.1599453178400547,0.44072113558504533,0.7138941943808383
AECF2YX7HBNFG7GE4SDPVTLHGI3A,14,45,60,0.18135593220338983,0.4973586892353494,0.6225974574464043
AGKMJKWW2AZPOJGCZGHMNYONC33Q,18,84,90,0.16729088639200998,0.4253060570723399,0.6721127445106276
AHW4RM32F7UDMQ5ETAMLLHIPSZHQ,33,176,172,0.16544267645858834,0.35208162256608266,0.8579501038113431
AGGPFZDUFMEICMMF73QJCIO7CGLQ,24,91,80,0.09841772151898734,0.37208413677458607,0.5662916493170496
AHR3ON2IRYSXJZZP5FVCLIESBSAQ,18,40,60,0.14858757062146893,0.46459032765342856,0.5848581866522475
AHLQ7RTLYEVSPPFCUB7K7CCYOV5Q,20,66,51,0.09411764705882353,0.44028132357928057,0.40306917634949413
AH5KZK4WNQG4E6GKEZORFDZSTN5A,22,53,52,0.16063348416289594,0.5000748959849788,0.47001439576473186
AFMOMWWWDGAQLHVFQBCQVJPG46CQ,20,59,67,0.06241519674355495,0.36371200367199297,0.47868896684420165
AEQQYNZCHBT3C5MEZBUCUHBQ24EA,31,75,90,0.16154806491885143,0.4195632355991814,0.7383015053590525
AGS3XA76BVPORI2WMOOFMGU4Z6RA,29,100,95,0.1818589025755879,0.4343247112382698,0.6279930068166077
AG3UVJTNY4IQQSZ2FOEV6X3YAUMQ,16,66,87,0.11574445335471799,0.37969178220695765,0.6357039096407543
AHLADUQIONX75OSWEO63UTN2HL6A,32,133,166,0.1275648046732384,0.31754680361613097,0.756957093451461
AH7HTVJUXS4MUP3NSI3XCGE37Q2A,24,64,71,0.17545271629778672,0.46801442034151686,0.5944395209651212
AHV4GVYJF4SYL26D434UWRGLR7KQ,24,98,109,0.23649337410805302,0.4720279227083235,0.8287030655796698
AGT5GPBG4R64OTKTLJOK6YAXEA3Q,30,127,105,0.0924908424908425,0.3325121666057728,0.7496228731568493
AGNAZ4WBV54GOM2ZDCN352DXVBAA,23,66,77,0.12508544087491455,0.4058612586199052,0.6522181555002455
AFPPPZX2PLMWY75AVRTJSMICZOEA,35,168,165,0.13259423503325943,0.3237311503824274,0.7842590244121195
AGEQRBANWEFCXNDWJI7QFFHPCSRQ,31,116,97,0.12650343642611683,0.37632555120456235,0.6817911198663763
AFPSXDH6U3B2ATWUBT47IKOHLLHQ,21,76,86,0.15786593707250343,0.4218132659247431,0.6188858328636561
AFETPCZPQZEICIHWZTCUJUVJPALA,20,74,60,0.1344632768361582,0.4504660338681178,0.5127882993657413
AE6IAH3TSJOSBDOJGBJHUR67WEEQ,21,64,61,0.1355191256830601,0.4515218827150197,0.6092753847257502
AEOFL6B6OAGTNKAO6R3HGN76ETWA,39,106,106,0.14375561545372867,0.38150180458073635,0.6956814494581165
AGKTK5ONWYWZ25UKBIWRGJTLLH2Q,16,60,77,0.18215994531784005,0.4629357630628307,0.667304617154822
AFOUQMBPVJ2MRVVJ3GU2PJBC6E4A,21,71,86,0.1521203830369357,0.41606771188917535,0.6583086831929117
AH5DFYUNDHZLWG7YL4M6LIXUUFMQ,42,212,222,0.1384370796135502,0.3027190903177869,0.8374965354195558
AFDZHJN4DODEXOLEINLGVZOWICGA,15,66,74,0.21695668271010737,0.5015014720194195,0.6710018905837396
AE33DCBS6ZICG66ETAHGQSZ5O7HQ,18,55,53,0.10304789550072568,0.44248930732280856,0.47837049614293403
AH3VK3QFSAVL6IEUH5JFUATC4Z5Q,23,58,68,0.17954345917471468,0.47637636292965213,0.6976249058686885
AEC5AGCCT35DGIGTZ4HRI4VXUCLA,44,217,236,0.1433104940497656,0.30264524117131486,0.8060238964945288
AH3RUNX6MACJRKEU5XAM4MEKQ4JA,29,84,51,0.14431372549019608,0.49047740201065315,0.7863499880054523
AFC7BRIIFXRLEECQLEDHJT2A55VA,24,71,66,0.11981351981351981,0.4211103267419578,0.7465887961078681
AGNVKXHFTQ5WSP7TRRLSTH5APJNA,28,94,94,0.10226492793411118,0.3547307365967931,0.6973030333248196
AELYFHJ4GGQO4WLCHWVK7VLBXV6Q,20,71,62,0.2168164992067689,0.5276806575675465,0.7317523338076473
AFLHPISWNLXE5TGFDGMJFMF2FO4Q,22,52,59,0.19286966686148452,0.5142745717418739,0.7415325774647089
AF6ZBUE3EUJZSDTG3QJSNMKG5PVA,17,56,52,0.1297134238310709,0.46915483565315375,0.43131988570722596
AEGJXCXNUKZK2OU2X6FUNLEE3HZQ,22,86,66,0.2895104895104895,0.5908072964389275,0.7666693344463933
AHKRRX7546VO5P75KP7R7WY63JFQ,19,53,63,0.1402969790066564,0.4511611373674339,0.5844708045978679
AHNEUZEX5AYASGVMAYOS6EUNQIQQ,21,51,49,0.15306122448979592,0.5063630473902017,0.5280384693894444
AGVEWYSBJBPUE6KH4ZC55JCNLQHA,15,61,49,0.12074829931972789,0.47405012222013354,0.42306634469984633
AEUO4WFK7DXIG3QL3N5REYFZ67DA,26,59,51,0.1796078431372549,0.525771519657712,0.6326842387742619
AF2DLDMAESDOKR7FGYZ4WYD6BLAQ,18,58,51,0.16156862745098038,0.5077323039714374,0.6097335482929176
AFFNF7ZL5LKLILX23E3OFK3VABKQ,19,65,65,0.22548076923076923,0.5314491230658713,0.7844009613318585
AETUVJTNVD2EBPXDH2ALUO6GVEEA,16,69,77,0.20574162679425836,0.48651744453924894,0.6826004625304902
AG2RSDSR2D3Y26RV2VO2Z76KH5ZA,24,74,72,0.1443661971830986,0.4328359276168128,0.6627919399912201
AFBLXQDW7LLQCIUBENSMOHIVCFGA,18,63,72,0.1412363067292645,0.4297060371629787,0.6149490682652078
AFOHEGEBCTPWINNSOPTRXCJHBCMQ,16,77,70,0.14120082815734988,0.4337625322010801,0.55815154698731
AG6CLWE35G65YRYXAUFEC7JN5YRQ,30,165,158,0.11989034910908651,0.3146226312057046,0.7752234232922748
AGMAERQDDST54IVN3LOHZW5SJQYA,24,67,75,0.08828828828828829,0.3728330775976004,0.5696071434149309
AF2TLLNCRHFF7QNWBFERALVO4B7Q,24,67,82,0.1379102679915688,0.4082186859485204,0.7149453447474956
AHJYOD56GVUHGUW6NV4US7JR6NDA,33,174,167,0.18288723757304667,0.3728692365159393,0.7795467025432239
AF326CNMGP26ZJX2GVSQMT34E7BQ,16,56,65,0.21346153846153845,0.5194298922966405,0.6305683180015698
AEPPRFHKQ7HC7I37WH2AL6P3RSCQ,23,65,56,0.17597402597402598,0.5030679549015039,0.5790110416470615
AHISU6WTZZJNNVYK5A5UITDIWCNQ,25,84,76,0.15719298245614036,0.43796880020113094,0.6633617341517104
AHSA2ZQUYBCXFXDXJXDJM6LRS2GQ,25,56,44,0.1511627906976744,0.5201745097499406,0.609049339247224
AEC4YXC4GCBMXC2KGNFZ4EYPRT5A,22,64,67,0.16824966078697423,0.46954646771541225,0.5409835329301962
AFOFZZYF454MYIWDTFMC2U53OR6Q,22,68,71,0.10945674044265594,0.40201844448638613,0.548442250582536
AEMACRCBRYMRQ7KETZSP6NPRL6JA,19,51,51,0.1396078431372549,0.4857715196577119,0.5653272850383958
AFLZUVWTQ54JZIKLCEW3YIMUGHHA,35,134,135,0.12548369264787176,0.3369368127320719,0.7569418613204858
AHBHMDGRX2RI75ZBA7OUZSS3X2RQ,23,63,68,0.13740122914837577,0.4342341329033132,0.6450938538299912
AEQN2HTTOK67RKE2HRPXQ3CK3E6Q,32,109,134,0.1584558410952755,0.3699089611794756,0.7029728603267711
AHXCOH4ABGDUF6PLAWTVRWDNTIVA,39,239,253,0.13539117886943974,0.2895847356891532,0.8138814714364504
AHQUHSDKN3Y3NZTRM72JRA4UVOGA,51,347,343,0.12742741206758393,0.25978640188137125,0.8508794751887494
AGMP22CF4X5SCBMB2MZSZFHJ3DNA,23,102,92,0.1813186813186813,0.4365139293984175,0.7570823850617521
AENEYRNRPZ3TULDMG67JW5V5KFPA,23,81,74,0.13032210292484264,0.4148668922341548,0.6551919915722424
AE2KBNJCWB2VD4YFHYXZKNQWKTHQ,17,44,68,0.1391571553994732,0.43599005915441064,0.5626985137648218
AHXDJAIRSIFMWO4RW3IFXFWAIPZQ,13,50,57,0.2149122807017544,0.5420062096292323,0.5468153502685318
AHOFWAKAEW6AMGVHS2AMVTHNUGGQ,20,59,54,0.20545073375262055,0.538546886790548,0.6962285829063553
AFR6IAONA6BU5P362GGVVKKTRS5A,19,54,67,0.11668928086838534,0.41798608779682334,0.5251435782400506
AH64ZXDWRRKT3RN6OI3Q4WNFBKWA,18,70,85,0.16442577030812325,0.4314968449196256,0.6412693199764209
AEY2DACINSKKJQ67OPBOLTCBXIOA,24,68,85,0.15014005602240896,0.41721113063391124,0.51395158921213
AHWISDI4G4W75Z7TT3X25MOARQUA,31,60,60,0.13163841807909604,0.44764117511105567,0.6225974574464043
AEMRAZPNN2NBBUDV4YGGYMGPFC6A,38,170,174,0.14763138661882932,0.33319459497038817,0.7474404328202328
AE2A32OT4VXAVNKG6XEKFKWAUWKA,30,134,171,0.1021671826625387,0.28990079473196856,0.7165236441553793
AH4THCHYAGNI4HQPYQV2AYGDJY6Q,32,87,75,0.13477477477477479,0.41931956408408694,0.7233651172434571
AFT5J6QOJXIGZWFLXKAW6DEDYKVA,36,198,177,0.1813687724704674,0.36587463199660053,0.8118937650259356
AETN34MM52LZXBRETNU6O6KVTKTQ,24,80,100,0.12404040404040403,0.36881508710848565,0.7502521941205487
AGXKNAHWKCWU74KP4BRCW2NSWW2Q,23,57,68,0.10886742756804214,0.40570033132297956,0.5003831125682943
AFPSDKWBOKQRKTD2GCKDOG5KMHJQ,25,96,87,0.0719059075113606,0.33585323636360026,0.5974126680135976
AGCJCB57J5PDFKTMK4V6ZYIMIZGA,30,78,86,0.14473324213406294,0.4086805709863026,0.7414628516159993
AFSHMZJ2563DIY7KUGGH4PB2RPWA,21,58,50,0.13877551020408163,0.4849391867245387,0.557897652516621
AGCVQM5SM6BVF25XIW74L7GGFLOQ,28,100,79,0.2103213242453749,0.4874740764233858,0.7050830770468886
AF2HV3JRC7AUG7NPYXUED4ZMZXMQ,20,83,92,0.1688963210702341,0.42409156914997026,0.7435577547988994
AHA2VLVJNU3BGAVHMXWKO7WKCGXA,26,77,103,0.1237388159147154,0.3661018669374706,0.6988278436882649
AGWGBSXM3MQKTMVXOMN35LKGXWJA,23,68,55,0.15084175084175083,0.4839379038796782,0.6134936628587425
AHSRLDTAB3KAYS75LMEI7W2IJASA,21,82,65,0.11442307692307692,0.420391430758179,0.6850802222918855
AFSE656FI32TV5FE62DMMKINP2EA,22,66,62,0.1570597567424643,0.4679239151032418,0.6522318894499091
AHJ4YK5CHZQ4QJZUNNKZVOMDKTVA,30,84,77,0.07689678742310321,0.35767260516809385,0.6826004625304902
AEF6XHHY4L4AP7SECFHSOBQMAMTQ,24,69,48,0.08421985815602837,0.4375216810564341,0.5652484470288064
AEDTSN4EJBDRNO3U75QDDYLJTJ4A,30,118,146,0.13783656117146906,0.34041353025939175,0.7100705615623648
AF3Q54U7ZTVZEF7QJ6QATK7QNDLA,17,50,82,0.14483589280337247,0.4151443107603241,0.5365826334634674
AGA6YFOUB2U6X6J5GVZ2DE3N4MUQ,22,60,57,0.12531328320802004,0.45240721213549795,0.6669945733865204
AFVK356Y7WNJIYQHCHPYYGNHYKXQ,23,57,55,0.10235690235690235,0.43545305539482976,0.5723986032921584
AHMEG75KA5DMD36ZW3P3PTPAH4WA,27,110,121,0.1962809917355372,0.4197286841064808,0.7604252209921085
AHSS6ATF4QH4GZBEQ54LTLJVJFLQ,19,64,59,0.1385154880187025,0.4599203928990918,0.7415325774647089
AETXGCF36FY7PP3RNVGTGZVWXO7Q,29,204,235,0.13278777959629023,0.29280199567291043,0.8102596845418062
AEF4QCBYMXQN3RDFNM4ZXM67UTJA,47,213,219,0.12793766494910142,0.29371999912914426,0.8132668039468284
AHN7QO7GCXIOGEEGYQ2UD7LVG7OQ,22,72,54,0.12299091544374563,0.456087068481673,0.6962285829063553
AGKYNKDZKGZJONU6HPIMXMUTCFSQ,16,56,65,0.21057692307692308,0.5165452769120251,0.648420469976933
AERFSIGUZKWIES3W3FRBVUNX4RUA,32,149,157,0.18054875061244488,0.37652534110203106,0.6787115261016979
AGBXYTIEHHTQW3KCY5UYSSGMIPHA,21,70,67,0.09633649932157395,0.397633306250012,0.6232321927832387
AEQGZGDBYSNVHUDER7LBYGXZK3MA,27,93,85,0.11008403361344538,0.3771551082249477,0.6546760790640314
AEGNI7IZS5Y7GWJVGIDJWROLZWBQ,23,57,56,0.21168831168831168,0.5387822406157896,0.7059560493937462
AGNSZL5KXPO5FABO6EJR3T2ELWSQ,24,86,81,0.13487654320987655,0.4085429584654753,0.6822020612220092
AFZ5I65JJHDHGEYLJTJK6AZNQ5BA,24,51,54,0.09783368273934312,0.4309298357772705,0.5253792589868966
AHVDFCOEVNZ4WGIXXFLA6RSETHRQ,30,108,96,0.1530701754385965,0.402892290217042,0.8069432467454339
AHM43UJO6V5U6IEDARDC7LS2ENOA,17,52,61,0.15792349726775956,0.4739262542997192,0.5370436266583215
AEIRN72SL3Y2Q5T3BFR7STZDZI5A,22,92,92,0.15121834687052077,0.4064135949502569,0.7041112459614334
AF7TP6AYY2MOQ5YZ7UZN2U53GY5Q,26,65,70,0.1341614906832298,0.42672319472695996,0.6213070806839643
AF4T5RPWJXJS6P72SODZ7LJEQUXA,16,51,53,0.15820029027576196,0.49764170209784486,0.5585452334194874
AGMLFR2IRQGPXU3W5F5W6FUQAETQ,32,91,73,0.20357686453576865,0.4920465949694829,0.6351944018676907
AEAV2UUSIOJUPEBLLZAEFDGLIAPQ,25,70,82,0.13008130081300814,0.40038971876995977,0.7763759132511967
AFSNEH45IGUF23MBKFH4TY4S6D6A,20,57,84,0.15978198508318991,0.4268530596946922,0.6374271947940885
AGS4LY74Z274M4KH5PXDUG22E4RQ,46,295,258,0.1296413597562815,0.28203142112100477,0.840487090675315
AHICGWRMC4GD7VHLFMKBVARJ6DZA,22,65,69,0.16965046888320545,0.4664833726381429,0.6001684123332265
AFSGANS6XCW3SS3KGMPH6SBFRQOA,18,54,61,0.09398907103825137,0.409991828070211,0.43580858216259594
AFSKRBKXKHREEG7DNKSLHUKREI4A,22,56,64,0.12797619047619047,0.43394454431129253,0.6435387481207164
AGVQDS3VL7L4TVNVITE7AJOANDTA,25,81,96,0.09736842105263158,0.34719053583107706,0.6549164678245464
AEYBI3JT2E6M5WVV457G27YXXQUQ,19,66,58,0.14337568058076225,0.46478058546115153,0.6111913791378998
AHAFS4E6NJTO64CTO5KBPTN7KF5A,41,217,244,0.13701679821898402,0.29371773175198723,0.8169813655730563
AHZIHNW6OOJ4YJJN4WVC46M36BIQ,20,89,70,0.10890269151138716,0.4014643955551173,0.8191444387884224
AEBKAHAB4JTXXVVDXGO3CJSLZDBQ,19,58,64,0.10714285714285714,0.4131112109779592,0.6435387481207164
AGP6TIDX4WVW25J4J3BVUFTW36LQ,19,45,57,0.15977443609022557,0.4868683650177035,0.6885100653153211
AHKLR5H3QROA4F7ZJVCOZYGSPZ7A,30,125,138,0.15719877287633555,0.3655648204024429,0.744691004476597
AF35KUQK45LLCSVCNP7SWL7THESA,16,60,49,0.17346938775510204,0.5267712106555077,0.4849303024107301
AE2RWATLMMUSX7TMKKCP2DYHDCWQ,57,236,215,0.11519234948924147,0.2825168781265042,0.7770951475200687
AHFPHVUL2MZM4YYUYE2ZQOTRVV5A,37,93,78,0.07092907092907093,0.3480818231070818,0.7172423250926427
AHCA3FF2KQI7SRT32XBZCNHFEHOQ,23,122,129,0.17781007751937986,0.3941623753446655,0.7190461222954831
AHVC65VOV46OLEZOAOBGM2L7M2HA,18,43,58,0.15184513006654568,0.47325003494693496,0.4631309906043
AFKMX6JZ655VPVYHBTATZQS4IBOQ,41,213,219,0.11030120229567257,0.27608353647571543,0.7809772642296837
AECJOZHQ7KWXIFZHPSOEQYHOK3IQ,24,113,99,0.17501546072974644,0.4222752296729301,0.7730862492812693
AG4VLC3WRWUPR4XKG4KPOXFA6LHQ,30,110,91,0.12234432234432234,0.38035949302465233,0.7142344366444231
AEHTOGJ2OJ5TIFG2EFMWXHXYASCA,20,64,65,0.14807692307692308,0.4540452769120251,0.5287968276081308
AHW755HALUYCUV4XZ6VN6JN6STRA,25,71,72,0.10289514866979656,0.39136487910351075,0.6306783147838518
AFEIXWQVYO322QGI3W2CAAJUQSXA,43,221,235,0.12624113475177304,0.28625535082839326,0.7902814263696776
AH6NR2Q7F323VVUTIBCZA27BPEGA,21,61,62,0.1427815970386039,0.45364575539938146,0.5434868919282625
AFPYTWJGLR6BXQUZEZUINKBWZ5JA,24,68,57,0.14661654135338345,0.47371047028086133,0.5854261082978505
AGIAZY3EALI325BAMVZC4CGI6EIA,17,46,81,0.12561728395061728,0.399283699206216,0.44332013597090464
AEGAARQ7APNX7X5D4XB3Z3SS6BYQ,25,61,48,0.07801418439716312,0.4313160072975688,0.497690428036036
AHX4ZX7A6B35GDVQWPUTLK5BYSTA,27,133,123,0.19099027055844328,0.41259885599734125,0.8472535838326344
AFZH725RZ23IXX5TA44V5NEM7HEQ,23,61,55,0.14814814814814814,0.48124430118607553,0.6134936628587425
AEYMLXBBZTZQDWFTUH3ON7PFHFSA,18,58,56,0.09675324675324676,0.42384717568072466,0.5398826411842328
AESMEFOVUX4NQIMYIO3HI37YBKHA,22,80,101,0.15287128712871287,0.3976459701967945,0.6480762272300996
AELR4ZISE4URDI56E3XVN7AP422A,24,57,52,0.15309200603318251,0.4925334178552654,0.6858421750778491
AETIEGYSFUDCNXOAGQBY56XHS4RQ,31,101,108,0.12841813776393216,0.36395268636420264,0.6795053098387291
AG2C6A2ERINH56325T6QCUWGYVJQ,13,49,61,0.10273224043715846,0.4187349974691181,0.4687100296669227
AEF5MB2QOBP6PBEIXIFDGRX6VJWQ,12,59,56,0.10779220779220779,0.4348861367196857,0.4651889217380264
AERLC2UDULN7N5FQATSWDM2U4JTA,14,50,54,0.17819706498951782,0.5112932180274452,0.46747271949142677
AG4SGGZO4SXO7HKIOSRWEMO76UQA,28,76,55,0.14074074074074075,0.4738368937786681,0.7245961900554733
AHFHKPVJJ6KZE2LDKHOX47ZPEPBA,28,81,60,0.14632768361581922,0.46233044064777884,0.7236678042569957
AGYAYA64QSPPDNZ43TOZSAR2IJ7Q,21,73,77,0.17156527682843473,0.4523410945734253,0.523987551324552
AGSPIUWZ6JJ6N2HKLHGV7VBSN6HA_1,28,164,185,0.1663337250293772,0.34678401547314186,0.8064933689388302
AHSPC5CJU3KSQTDFHAYJN5Z5X5CA,25,86,93,0.1241234221598878,0.37931867023962396,0.6943249492130066
AEW7T5OK55DUZ4EJKRRXZYNKRT4Q,33,114,100,0.1103030303030303,0.35507771337111194,0.667508638396652
AGWY342JFDA3VD4A5DN3RHKLIBGQ,29,142,150,0.10299776286353468,0.3028554546862911,0.8043345616813583
AEORT2SOUGKL76PYWWGS4SUL3OSA_1,43,294,307,0.10864150220348726,0.24856987495309396,0.841684852123654
AE4DMDCBOZ5DGWBQF3KCY5337JGQ,17,55,58,0.09134906231094979,0.4127539671913391,0.5535472478688948
AHDNIUCTSZAY4XEMCN3QKD6NHY4Q,25,120,94,0.15923129718599863,0.4116971058486806,0.7098914975729995
AFEP23NFXJI3T44Q4XC55NT6COAQ,48,403,362,0.1379991123490611,0.2666498295495878,0.8683882726739185
AG2EJPIALRKZQWAF3Q4ZNDYTQMWA,31,138,141,0.15126646403242147,0.35813882887723486,0.7581971482600058
AGQ2HP6PMIPJLLOX2I3VVYRK2HCA,36,96,100,0.0901010101010101,0.3348756931690917,0.7140280679814809
AEL6YYPDTZAOPQKOJSBXY537NH3Q,27,126,115,0.16979405034324943,0.3990465455392206,0.6875096609662736
AFZBRVQRMNE3RV6MZUYG4E5MZP2Q,39,207,223,0.12244980406415384,0.28673181476839055,0.8272747993841428
AH2IB5VEDFNG2HMMS3WYXO4JYZMQ,20,124,160,0.13954402515723272,0.33305540316748017,0.7483757970339959
AG4GOFNGMDU36UFD2CH5PGWIEW7A,25,83,84,0.11675272518646013,0.38382379979796244,0.6240311073455889
AFGBSQKH7ZHHGPLJNNOSXFJCR7XQ,22,59,57,0.17857142857142858,0.5056653574989065,0.6459764496621503
AHIRNZR35OCJEU4K2TYROGUQAKBA,26,111,105,0.09084249084249084,0.3308638149574212,0.5868429543360423
AEN5LX5777LX2H7KYOC3ZV7BHW7A,34,135,143,0.16005121638924455,0.3654615674029589,0.8215560227981791
AHDMAL5TGFYGKX66YVPSBYEVDXVQ,15,52,72,0.1474960876369327,0.43596581807064694,0.5539220438063099
AGI53IW32Q3RJYKUFQGA36JMCOKQ,23,63,53,0.14005805515239478,0.47949946697447765,0.5177895842421592
AE3TR2XUR4PAO3IQAZLPQ254OTXQ,18,44,57,0.08395989974937343,0.41105382867685136,0.4377123874417537
AF6UTAVRR3K743WXQGBER7HSAAPQ,32,128,100,0.16505050505050506,0.4098251881185867,0.7502521941205487
AGOHBDT4ITFA6OJ6FYEPZ7MV5YUA,19,64,57,0.14912280701754385,0.4762167359450218,0.6052302873869578
AHSQMVRKFLYTKXI5UHFXISLOE46Q,28,120,119,0.12334425295541945,0.3486776132920019,0.7166961867718039
AEVT7G4YZM2E5MI3SGA6J6EZZR4A,49,386,424,0.16037735849056603,0.27925045305406987,0.8454093158066277
AGQYTLVJV3COS6QCEYBO3G3ZENMA,21,75,66,0.09883449883449884,0.4001313057629369,0.6010859800713153
AHKMODQX6CK23H2UIZ43KP5QZR6A,19,62,74,0.10810810810810811,0.39265289741742027,0.45223763188272975
AE2APNKX4UAEBYWYZWY5ZADN32KQ,30,169,156,0.1325062034739454,0.3284827939635316,0.8783292647166987
AFIRDXKIWQG5TK6XGGUKG44Q3QNA,33,117,115,0.1484363081617086,0.3776888033576798,0.7487720121812793
AEYVPPWR4CIKWX4BGYKCBCDL2CZQ,40,313,313,0.15880232653395593,0.2973787026229614,0.8716059366427791
AHPA33UDNJSFMAC4434RUVHWNP6Q,29,102,123,0.10888977742236439,0.3304983628612624,0.7740095820134456
AEDVKDAZN7FTLWSG3VSXZNTW2IDQ,20,49,62,0.09836065573770492,0.40922481409848244,0.6333627148832818
AFHLKSW47AKUWYYBLAFNOF2GRAKA,19,60,61,0.13278688524590163,0.4487896422778612,0.6865502254993905
AGXBLKRDWSQC22LUPEBX5SIOQVWA,17,56,56,0.10454545454545454,0.43163938347293246,0.5592840534978557
AG255AWDO6UOCZ3NZA33DO6ERRYA,17,48,52,0.1455505279034691,0.484991939725552,0.5725168389739189
AF2KNUSGFTIR5ZXKSEEXHTXIPR7A,22,54,64,0.16170634920634921,0.4676747030414513,0.6619298827695084
AG7NM7QU4MXV6SMECCFOS63VGV4Q,21,69,83,0.14869233029679693,0.41900074825374856,0.6749972298376123
AH6Z2YQWTP6LAMLX7VN2IXJKNVAQ,17,43,59,0.17416715371127994,0.49557205859166925,0.6169779710481944
AHXUXID2G63V7G4W6A4WIN7CCRJQ,21,80,68,0.20061457418788411,0.4974474779428215,0.6798045243782154
AFAHPCAHU3XBWSPWWBNPZSRZJK5Q,23,68,64,0.08234126984126984,0.3883096236763719,0.5224642433405309
AGTHAKGKUYJALL7LV2B3EVSM2XYA,25,65,53,0.0899854862119013,0.42942689803398415,0.6008167150976835
AH3GCL77XMMH23DYJBWV3QBRNH6Q,31,130,116,0.08275862068965517,0.31002620843719575,0.6130535144517542
AH7LDXK3GT67FZKMRW7MP477DJVQ,15,56,71,0.11106639839034205,0.4036281024340722,0.5635983795530349
AGECX44JOL7NOUX2N3F5WXVXVBRA,30,65,66,0.14778554778554778,0.44908235471398583,0.6531718816506668
AGM4UVNEXQXLBLSH5AGUZGXAFIWA,15,57,76,0.1736842105263158,0.4544600282713064,0.560375520892265
AEPPREPGXD2Z3K45LGEW2ZSCJBIA,26,55,60,0.13389830508474576,0.4499010621167054,0.6617151711034095
AGOJFLBADU7CZEM5EIKOHQHT7LVA,25,106,95,0.16035834266517357,0.4128241513278555,0.6163294236705369
AEAUD2E4XHJI6XJDY4TNECNQ4EEA,24,86,87,0.1855118952151831,0.4494592240674228,0.6751604366870309
AEJJ4HTWBXN5WXB2X2NXUCIS2LFQ,23,84,88,0.15595611285266459,0.4168868017318272,0.7189767397108964
AEWUN4XMRUYX4XWVL5WRLMEMAFOA,26,72,86,0.1225718194254446,0.38651914827768424,0.5432754085468586
AESYTHEUCGQZR4QSELPK5RI6CSLA,23,63,64,0.1463293650793651,0.45229771891446713,0.625462420574552
AHODD3PARPO54FNRADPLKP4TZUGQ,45,191,201,0.18338308457711444,0.356464922837343,0.8843495508732018
AG24EM535WK2WEPXRFRBS7QRO46Q,22,57,54,0.16491963661774983,0.4980157896556772,0.5057745431923907
AHRBCL6MNOKHCF3ZMWV2PQRB4Q7A,25,75,54,0.15234102026554858,0.48543717330347597,0.6962285829063553
AHPG65LKS3QKRWDUWAKZNLEK5RZQ_1,39,218,175,0.13970443349753695,0.3252676418490958,0.8910912028099293
AE5PTCZIZG7X65BFIM6EYRABNXDA,24,80,84,0.1259323006310958,0.3930033752425981,0.6240311073455889
AFNYWDUPWKPQD4ZDLWBWZCJKLNDA,21,51,57,0.10526315789473684,0.43235708682221474,0.5279666876087183
AFIQLHOXJGGFHI3ZMEJROMHZMEZQ,19,75,58,0.17301875378100423,0.49442365866139354,0.6310897729801068
AFU3XTWCLLCF5Z4YWDJ7HHPAZWMA,23,57,44,0.15644820295983086,0.5254599220120971,0.6642208855988465
AHDNLOQPOEQ2L6YXCCCNUWKK7SJA,20,69,60,0.12655367231638417,0.4425564293483438,0.49539209759325087
AGKSBZKWZHGJKCNMBMM6AYTX3WHQ,30,66,51,0.0988235294117647,0.44498720593222174,0.587296753724472
AFTCL2WPSSUILPX4AGK2KFG2X7FQ,17,49,59,0.1011104617182934,0.4225153665986827,0.5600866405542735
AFFW7M4JEAYPLMOFNGXJZZQLUYEA,29,83,81,0.17746913580246915,0.45113555105806785,0.6253973064581162
AFLHUBPZV67L3BLVWGVDMKU5D7UA,32,108,104,0.10922330097087378,0.3492446250858041,0.747386892385817
AHN56ECOG54ZI4HWWGEMUQMZ6TUQ,15,60,66,0.15384615384615385,0.4551429607745919,0.6711073305357502
AEG7ZYNIXB5WKB7YXNU6BBNUAS4A,19,49,56,0.1577922077922078,0.4848861367196857,0.5990868734757044
AHPPU4M3N2FIOENT7SXDUJPDS6PQ,24,79,81,0.19166666666666668,0.4653330819222654,0.7578454297037532
AFKH5JGQRU3U7FWUGDPYDQFRHNJA,16,63,64,0.1324404761904762,0.4384088300255783,0.6619298827695084
AHEGS5VUBXZIZNQ3YLHKH6RCMJZQ,24,57,58,0.09134906231094979,0.4127539671913391,0.44578091047620066
AECNJEZHUGFLNU7Z6VNYLVUQQQDQ,24,69,82,0.08732309545317675,0.35763151341012833,0.6857221109934732
AEZG2W4TRMMNFFAWS2BPQE676K4Q,46,270,282,0.14416597259029304,0.28992717518286903,0.8579382328935201
AFABYMP565JRM7UTWNGXF6E6GL2A,34,86,71,0.07364185110663984,0.36620355515037,0.642175216805644
AFP5VNL55CIHTDHYPHBIPBYP4EHA,29,85,71,0.18993963782696177,0.48250134187069194,0.726740952876795
AEGNC24TVTS47JL4ME36RXAMQTVA,29,78,55,0.08888888888888889,0.4219850419268163,0.5524023011875804
AFWG3VCBDRXV4MMDNVOFWS7J4TDA,35,165,169,0.13729219498450268,0.3261399629010744,0.7891043293354876
AFHLPILVTINGBE6RHVWNPB35YE6Q,17,52,55,0.14343434343434344,0.47653049647227086,0.5524023011875804
AF4GPEBQRCGMFH6VAESYFQCFL5ZQ,28,92,105,0.1250915750915751,0.3651128992065054,0.7613291268560017
AGOA7BWDPVRUG5K4HHKQFHALDRHA,26,73,60,0.16045197740112993,0.47645473443308956,0.6818776274341687
AESVJJ7VSHXGXUARIQSRC5UM3XVA,22,61,77,0.13123718386876282,0.4120130016137534,0.5937000973645677
AEAYK5TRLFC5J5MMW2VZ5UOVYJUA,40,163,183,0.15006305170239598,0.3315021182625491,0.7848470342933652
AHT5WSGAZBECQVESCGDK6ORYKORA,22,65,58,0.1560798548094374,0.47748475968982673,0.5724451086946694
AGFNIYBZ7EMW3CTBLV2E75KRRI3Q,21,54,52,0.13197586726998492,0.47141727909206776,0.5941671468161882
AGFLWZC4BBYYE2ZY3NXNOSHSJJNA,16,50,57,0.10150375939849623,0.4285976883259741,0.4552670020733752
AFPWTVLO64OEI2HXO3IOS7AEKV3A,21,63,65,0.1658653846153846,0.4718337384504867,0.6129998695218872
AEFLSA4IAQRPF6G3BH23PYA2YYKQ,51,288,274,0.1461725622309564,0.2940463561602765,0.871914325569096
AEVA6FDG4VQRP2P7IE352ZSPSKAA,20,84,75,0.12468468468468469,0.40922947399399684,0.5841298828145445
AFN7XJ2HUAS7DU7XELUZKDIORBTA,19,57,51,0.0988235294117647,0.44498720593222174,0.5018827343627887
AELBFSL7STN2GUP3BAWKSOXJWYUQ,11,49,59,0.1624780829924021,0.4838829878727914,0.5057611592104926
AGH3O5QKKBVBNPHPAP6DQ63HBYKQ,18,55,67,0.2026232473993668,0.5039200543278048,0.5732415229318435
AGQNPHVDHICIZIBMSI3ECYO4RTDA,19,54,57,0.12155388471177944,0.4486478136392573,0.5659621115479826
AGEQPZPPIJOYSM3X77DQ3IQ5TD4A,20,48,57,0.13909774436090225,0.4661916732883802,0.5279666876087183
AFMUOWZ4DDFQQNW3TT4PW24PWDRQ,25,84,75,0.14126126126126126,0.4258060505705734,0.6136626560100116
AH4D76SJ2Y3VOVHEZKVVPWO3IKIQ,18,48,68,0.10535557506584724,0.4021884788207847,0.5003831125682943
AFD4FZHNXGOHCVTAPB7HOJSCP2EQ,27,75,84,0.1285140562248996,0.3955851308364019,0.5976385369641463
AGGQPSSYKEUIDKQK5CJSZHWVU7CQ,28,166,157,0.14151559692960966,0.33749218741919584,0.7969362524795375
AHMYTQHNWTWG3H2BDSA3GTVKPIHQ,21,57,50,0.0946938775510204,0.4408575540714774,0.7262966320693653
AFYF3RMBXF63VL5WHFNQCOFOWTHQ,42,252,251,0.1188207171314741,0.2736298195396721,0.8605652522333951
AGAC4A4L6I7B6AU2Y674LRSKYHLQ,24,88,83,0.16808698207464,0.4383954000315916,0.7180888112314521
AETJVSLQFY2F7D5AZ7H4ONORPQEQ_1,19,49,70,0.23064182194616978,0.5232035259898999,0.6376179397962275
AECUQNTYGADM6XKCDKWEJPDQGNVQ,26,85,94,0.10203614733470602,0.35450195599738793,0.5665128790962839
AHHPMD6V4I2Z4SM3MIEMROX44JUQ,28,126,123,0.11555377848860456,0.33716236392750254,0.72526365916484
AGYAFULM2L6YNLWUQWAM6SKXYGVA,27,154,167,0.1647788759829738,0.3547608749258664,0.8778117478422945
AFWZ7MZXTZ4GG6AP2LLNEOTBDA7Q,18,57,50,0.08408163265306122,0.4302453091735183,0.4525092378595224
AEOWGUSJMRLKRYP56M43YT5C2TSA,28,114,96,0.11074561403508772,0.3605677288135332,0.7406259156941228
AFGCJIO7DNVCCZPG4KVMKKXVPJLQ,27,102,124,0.13191712562286914,0.35173128002762366,0.7368321919895765
AH3OA7UZZDPP45TKL3XYPE6SALPA,29,102,117,0.14942528735632185,0.3766928751038624,0.7527797999590878
AG4I7OL7GICMY4PRESVKVW4HK6TQ,44,193,186,0.15419936065097356,0.3336768661619749,0.788147051154001
AFZ6AFS7QH2XQJ5YVAIAIIQOMJYQ,20,56,46,0.18454106280193236,0.5454416436894617,0.6770706840373422
AHM6PNKJS3K3GYC6MXUYVD62KUMQ,21,66,67,0.12980551786521935,0.4311023247936574,0.6403789360053062
AF7YD2GMNDP6KUR7MGO5QK6ISZNQ,18,63,76,0.14596491228070174,0.42674073002569235,0.5323543776283761
AHRKSR7YAA6TGQGDO6CA5GDTRXDA,23,61,51,0.07686274509803921,0.42302642161849624,0.5653272850383958
AEVLDOXJ3ZE2JLNGWBT2FOPRMB3A,23,96,89,0.12563840653728295,0.3865690954164456,0.7218772270943623
AEEX2WRVPIRNRDB44DF22VTO2DUA,17,88,86,0.16990424076607388,0.4338515696183135,0.671732466705975
AHYA2FWSOMURLKEWO6ETKYQTRSIQ,21,53,63,0.18074756784434204,0.49161172620511956,0.6761283879605628
AGPIQK2GLZQLAF3BOENG2KHDXFVA,22,96,88,0.16405433646812956,0.42498502534729216,0.7611796292251589
AEIM3OP6ADOPSM4W7OXP2CM6G65A,27,60,67,0.11714156490275893,0.4184383718311969,0.5732415229318435
AEBHOB3LZW4G2YKOR5DY4MQIVNFA,19,62,53,0.21190130624092887,0.5513427180630117,0.6008167150976835
AFBYL2QEG462L2MLUCBRDZS7VWTA,29,100,105,0.13754578754578756,0.3775671116607179,0.6820234390122062
AHBMKXIATNDG7I4FAAAQKWVLQMIQ,34,99,93,0.08064516129032258,0.3358404093700587,0.620785983054642
AH5DLRT53GUF654APBPQDBSTSD6Q,16,52,56,0.11103896103896103,0.43813288996643895,0.4471797102214793
AETG6PGRERJL3MQCD6DI3OQGFSXQ,28,78,72,0.20226917057902974,0.490738901012744,0.7302041320673944
AHJPNFZDSQAACCYT5XMAVO7WAFRQ,39,179,181,0.12320441988950276,0.3056486967265686,0.8364165644138634
AGA5ERKYNHM6AHCZ2UTS5XZLU5QA,16,52,54,0.08106219426974144,0.4141583473076688,0.4121124168138345
AE4ACJAS2JESKVSTFEGR77WFC2NQ,40,226,232,0.12124944021495745,0.2819518926551521,0.7777028096149298
AGMGJENGFBLDLGUGIJXQ7V4NPVMQ,47,332,359,0.17307542677518245,0.3024428666088919,0.8673184136319216
AHCRCBG3L7SZB5GU4VMFUFEJH5TQ,36,217,212,0.18684610569614593,0.3549580482291125,0.82439585619252
AEDJ3ICA5LN4Y5LZADKSRIS6IHCA,20,57,74,0.1525360977415772,0.4370808870508893,0.6090270770550047
AHQ7EPM5HNCDGNFWSFJU5JPIEDGA,18,58,63,0.2078853046594982,0.5187494630202757,0.6022057325793105
AEAQOM2CZ2I3USZR4CE6XHTZZHIA,24,68,76,0.09473684210526316,0.3755126598502538,0.6481111424713923
AFZIHXLLRIZYAZDRCGC3Z4DYUMQQ,20,48,60,0.15028248587570622,0.4662852429076658,0.5127882993657413
AEVOB3QCKW4D2YH3C5EFJXAIXHEA,16,55,52,0.07918552036199095,0.4186269321840738,0.5099610345478525
AHZGQXTGR3WB6CQR3PP2TB2YPTUA,115,2032,2059,0.1413113916905137,0.19526789680953419,0.918742813602742
AGQN2DS4NE27V7DWAQT3242BBYPA,20,65,72,0.11932707355242567,0.4077968039861399,0.6792108280015874
AG4PLMF3U4KFWVAOV4NDVOIJNPDQ,19,66,62,0.09095716552088842,0.4018213238816659,0.49251826355669426
AGY45ZXEHMDKRWNHJNWN46VOJ54A,24,72,71,0.18591549295774648,0.4784771970014766,0.5944395209651212
AHN22PZT5J4PWUTUG7K32KIROH6Q,27,89,80,0.16867088607594938,0.4423373013315481,0.6495605062054225
AFTRM6DYEBLY6WCVATTSENTHPZJQ,19,66,95,0.15968645016797312,0.41215225883065504,0.5818885033854788
AHMMBO7EE3UMGYHT5K5P54ND6DWA,26,140,148,0.2011399154256297,0.40234346549754174,0.7852629376909346
AFDES52WQO3FHH7LGY7EUH7BDCNA,29,81,47,0.18593894542090658,0.5468395263084359,0.7107362717291932
AGT3Z52Z65ZKWWMPHD2KZLT6VXLQ,53,464,425,0.1539289678135405,0.27280206237704435,0.8677701003799994
AGYOOOF3X6KSMLZIWBPMMQGAC5FQ,27,75,57,0.10401002506265664,0.43110395399013457,0.625402410586479
AGU7PXXOM24XC55U2CFUTD7X6FFA,48,207,201,0.1699004975124378,0.34298233577266635,0.8032402184579028
AF42AMQFGUQVL5HUY4OH3JTLAOCA,21,56,48,0.21010638297872342,0.5634082058791291,0.7161143770104894
AHHLGWPDHJGZGN5UM2UO76AJQJ4A,26,81,107,0.14142126609063657,0.3791674552176443,0.6767589456235015
AEBZJGN6VG5Z2E7AVXBGXHOU5KPA,25,71,77,0.11961722488038277,0.4003930426253734,0.5514622259346127
AGFOX4T5F4APNS74FHDC2FHKE5IA,20,58,53,0.14949201741654572,0.4889334292386286,0.5585452334194874
AGLIK7JF7BZWNBTMOGOR5VG7JMGA,20,54,66,0.11515151515151516,0.4164483220799532,0.5189487028967241
AE4BY225FXPK32UJ5I67YPNQLIPQ,38,223,200,0.13527638190954774,0.30835822016977626,0.7845248427071756
AGVVVALPBNHRSEC7AGSVYAD33YUQ,19,64,43,0.10077519379844961,0.478470729631593,0.45001960395699375
AHYDKUH62SQ4OWDEOYEEE5PL5AJQ,30,71,67,0.16644052464947987,0.46773733157791786,0.6403789360053062
AEZP6Z2C5AVQDZAJECQYZWQRNG3Q,22,125,153,0.19530443756449947,0.3938429222851805,0.7528322052749497
AFKDMH3LF6HWDMSG7JGPQA6M4SVA,23,65,72,0.12793427230046947,0.41640400273418365,0.7128863349028877
AGV5NQ4JDQD6NHXVF6AVZPVDX66Q,59,525,497,0.13251281884857533,0.2424198960509526,0.8699291626805676
AFFU7MCUYCZCDWNRLM2S46JEI2EA,26,83,96,0.12368421052631579,0.3735063253047613,0.678764114753373
AGBZTDO6WLH4VW2YCOC7CKGJQNJA,35,141,141,0.13110435663627154,0.33797672148108493,0.7666720839901976
AGWS5WAG4X34YIKBNI44UVEZJGQA,24,86,98,0.17799284662318535,0.42525261556636895,0.7455295872297099
AGP7S3IRJ5QNJL5TMST6OPENPQRQ,28,111,96,0.11535087719298245,0.36517299197142794,0.6199332388163268
AF6UXJKNCDIFZCL3JPDPIZ3Q5ZEQ,22,46,81,0.12314814814814815,0.3968145634037469,0.6677397318085667
AE5BCIMWYXN2F3HE5SIGCLTU277Q,20,66,52,0.20437405731523378,0.5438154691373167,0.6858421750778491
AENF3YG6JBULQGMMIJPFCOB3CHSA,23,71,37,0.12612612612612611,0.5340839312395955,0.5472697307808052
AHMD4J7GTK2NSI7CQVL764KXO2MA,24,59,59,0.17708942139099942,0.49849432627138873,0.5236111054929752
AF42FV7ZU224XIHCU47NMD6SK4AQ,12,59,48,0.24379432624113476,0.5970961491415404,0.6127797426714258
AGLL7CPD56HB3XKAZGNJ5IP27FNQ,53,307,346,0.16910446510848623,0.3006961499652182,0.8694338637379958
AHRGDPUQS3UBFH4H2OZD3NWA3RGA,22,75,80,0.11835443037974684,0.39202084563534556,0.5134158711019878
AEYL7IITMEHHN64SHXTR4H2R6EQQ,18,59,65,0.15096153846153845,0.4569298922966405,0.6850802222918855
AG7SVRGJ5BM4KRSN354GSHDUY35Q,34,111,78,0.15584415584415584,0.4329969080221667,0.6414970103873484
AFMTB6XAI3YBCJVTOGKOFJU3LUOQ,48,304,261,0.11361626878868258,0.2654190830312182,0.8103511342081802
AHF2Q6IQXQWNW2QUZ6CQTYQB6EQA,22,58,51,0.13725490196078433,0.48341857848124137,0.5653272850383958
AEAXTXXZ4NLDZW6B6FI4U2SOZOWA,20,48,54,0.1013277428371768,0.4344238958751042,0.5253792589868966
AFN7GACKXTF3AWN6DOGFNLEOQ2OA,58,320,301,0.17001107419712072,0.311331803357283,0.8465487162557164
AEPEDW5FBBJ2XYR2BIJAKUPHCMHA,21,48,61,0.1,0.41600275703195966,0.7068991177410002
AHR3H2GGG6JCM5CECI3QMWKSTE3Q,21,61,50,0.1910204081632653,0.5371840846837224,0.6747284568901861
AE4RIJOVOVA2YZLFX775C4UZQNAQ,22,73,63,0.16589861751152074,0.47676277587229826,0.7153090326778615
AHC5J6N2P7OVOYZZUFMNTOIWIJ4A,19,49,51,0.13098039215686275,0.4771440686773198,0.587296753724472
AFYAG7CSWHL2WLV52JBRW462JJFQ,25,71,55,0.14814814814814814,0.48124430118607553,0.6134936628587425
AE7EIS6XYV4XXJ66AZVESUQ2QF6A,18,60,50,0.22857142857142856,0.5747351050918856,0.6029720201760312
AGQSAGRYAUXXM5Z6PVFBYYFFU5QQ,19,77,53,0.1792452830188679,0.5186866948409508,0.6448702362084395
AH3BXW7KLIS2VAE56UXJS2NS7I5A,39,124,121,0.14917355371900826,0.37262124608995184,0.8227897536794705
AFKBUQBOWYAUFRGZAHKTTDF4LH3A,23,65,72,0.13536776212832552,0.42383749256203973,0.7302041320673944
AE2J5DDVCHVMRBD7BJ24ETJFQSOA,26,60,55,0.09427609427609428,0.4273722473140217,0.5133931526016258
AHSEGNS77TLPYIWMD7JKHV4VPTBA,42,228,237,0.14900236000858186,0.3083371071301312,0.8117956284854142
AE3H7UXU4IIC7QDBIVKZVKHXBCAA,24,94,85,0.1523809523809524,0.4194520269924547,0.799376857044433
AHSJMJWY5FSOQKO7FRKLE5KRD24A,29,128,119,0.17276741204956558,0.39810077238614805,0.6780225453426597
AEAZ4ALBHH42OZPTZP3JSVAQMNXA,16,52,59,0.08123904149620105,0.40264394637659034,0.656624835397579
AGJCYVCTN7GIENR7XGKY5LQSEXDQ,21,65,50,0.17877551020408164,0.5249391867245387,0.6501699326619461
AEOX46QIOAQYLU3KJ7TMIPVBMVIA,22,55,63,0.2073732718894009,0.5182374302501784,0.657148642807575
AHGPQ37FYIJYULFHMF6MS5KX6VJQ,35,131,119,0.10611024070645207,0.33144360104303455,0.7566622839042242
AGK7LQIMYOFD5UR6JTJYQNQHIP4Q,33,105,85,0.09607843137254903,0.3631495059840513,0.6682320895024849
AEALOAGLZ4HTFWFPB2X2NOH5OYNA,25,71,69,0.13597612958226768,0.4328090333372051,0.6839845127547902
AHB545NIBWW4DV23YOF6NKYQ6NBA,44,301,294,0.12453855262241416,0.2672940467815259,0.8308993604824584
AHARXOYR2HZCCPJ7IZSV4WTXQMXQ,19,48,60,0.15932203389830507,0.4753247909302647,0.6419685209161736
AGPGG7WGGS5HXQ6L6SMPXADKKOCA,22,81,93,0.18045815801776532,0.43565340609750147,0.7070296751397904
AF5T5YATPPSFCEM3UK5YTVOU4IZQ,29,107,80,0.12151898734177215,0.39518540259737084,0.6495605062054225
AE7ASEVRPJIQKV5PTPOX4AIDSYPQ,25,79,61,0.13497267759562842,0.45097543462758805,0.7277696544347552
AGX3AJ2D4XNUU6YESJ4G2HZK547A,18,51,51,0.1419607843137255,0.48812446083418254,0.5226479034046672
AHC6HHDXZRRMMNA4RTWJLDTVRANA,24,57,51,0.14666666666666667,0.4928303431871237,0.5226479034046672
AGGPYEPHVLFMAZK5MQMZQUX6FWGA,23,55,48,0.1347517730496454,0.48805359595005104,0.5652484470288064
AFWMAREYRP3DEKOE3DHJJQ6UNXYA,18,53,60,0.1598870056497175,0.47588976268167715,0.5304207972758685
AEICWNHLXQDGNO2XLQ7DKMJCSXZA,22,49,57,0.08834586466165413,0.415439793589132,0.6885100653153211
AESDODWKLW32QTRNWQYWHJSO7C7A,19,59,58,0.08650937689050212,0.4079142817708914,0.5916522758635323
AH4TDMQHUBY3D4BX2QO3SRHEIGQA,29,124,104,0.12005227781926811,0.36007360193419846,0.747386892385817
AFP6MGUZJXZS2CEMNEDE6OSI4ZFQ,19,67,71,0.16338028169014085,0.455941985733871,0.6751431804133872
AGDKEE5KR5ZW4PBRXPSLGSMK2MKA,21,55,45,0.15151515151515152,0.5205268705674178,0.42530251289777304
AG73KPN6A7OHE4TDURUPA23EKGPA,33,101,67,0.11352329262777024,0.41482009955620824,0.7307690135115728
AG3PBRFNWNXXDVXAT67MRO7J3KYA,26,104,104,0.1469380134428678,0.3869593375577981,0.6903067844257832
AEPBTWL72RD6XOTW3HFIACUBIPSQ,20,57,51,0.17019607843137255,0.5163597549518296,0.5437877861860005
AH3ODUOFNNVKUICPVY6X7UK5IWYQ,16,49,64,0.11755952380952381,0.42352787764462585,0.5901581119804671
AFZLBERQPA3V4XA4BCQ4Z4KYYLFQ,25,96,106,0.13692722371967656,0.37467341284668426,0.6847768766764285
AH76RNVXZKA5VFZFH76O6U6QEVGQ,20,72,82,0.11412225233363445,0.38443067029058603,0.5756549993137534
AGGYFVQ524L62PL5GEEHV3NGKT2Q,22,57,62,0.11263881544156532,0.4235029738023428,0.5786265732411264
AHNZQLIFT6OIXVVS6MS5SCMLWCBQ,19,57,47,0.17668825161887142,0.5375888325064008,0.5573789001307583
AH6KH3PEADMEAN2IR5QMAAA5YKTQ,30,114,96,0.12719298245614036,0.37701509723458587,0.7534643113989653
AFEAADP4WF3WCCCWDJBVZOSBXCVA,22,93,111,0.16068796068796068,0.39407146378782304,0.6978635154357347
AEKMZRFI24IXTBXMZOKENNL3VFBQ,17,59,55,0.16094276094276094,0.49403891398068833,0.6784314580533164
AHXY7OKWZZA2AMR6HYTRAN2ZIL7Q,41,225,244,0.11424812790933009,0.27094906144233327,0.7140913930043015
AFHRGIQHOS75DP7CP4ILF6RTMYIQ,17,51,57,0.14786967418546365,0.47496360311294156,0.5279666876087183
AEH6WQXNWZQA3ZL4T4LMXZ4OGW4A,24,56,84,0.16379804934021802,0.43086912395172033,0.6509662688633147
AEXBAGK42T4VUE6DK5APFV5ZJQKA,25,70,57,0.08959899749373433,0.41669292642121225,0.4552670020733752
AGZZU4U7G74SBKXOUAH57MWALSOQ,25,120,112,0.15025740025740025,0.3815477354869705,0.8210954451203758
AE5INRAIGFDNXPWT5LNVJEEAAHBQ,53,592,561,0.14816653934300994,0.25160272176541665,0.9034819103487847
AHS5OQLOPMP2YCRIWK3W6WDJ7BLQ,23,60,69,0.1794543904518329,0.4762872942067703,0.7015891310648786
AELCQ4XXBVXQGVV6ZKPSMATY5VFA,22,62,67,0.1650836725463591,0.4663804794747971,0.6755136027138984
AG7BPICCM3LVR4A52RQBYS5JLYPQ,25,50,52,0.15309200603318251,0.4925334178552654,0.6620434254942276
AH2D3DFBV7M72TOCB36TKOOPCY7Q,21,75,51,0.1976470588235294,0.5438107353439865,0.6326842387742619
AEAD7ZP6VV4IJL2Z2HVIRVEBHZJA,28,70,66,0.15384615384615385,0.4551429607745919,0.6010859800713153
AGSGIJR2WQ6XRRRYNMSVCJLOH3CQ,22,61,85,0.1341736694677871,0.40124474407928945,0.538549964977356
AGVTEUBWUZ6IKQF5XWBICOPTM2LQ,21,56,66,0.124009324009324,0.42530613093776204,0.6181835372734725
AEVNAOGKLGUNEKB6IGX3GZFFWBJQ,19,61,63,0.17562724014336917,0.4864913985041467,0.5669930617557406
AFD3QKEFR4QC5A77SE52O634AH6Q,33,104,97,0.15098797250859106,0.4008100872870366,0.6349344172643914
AFWICO7S6CSLJETX6O4DTDQIWUGQ,18,63,48,0.16578014184397163,0.5190819647443773,0.6127797426714258
AFQRNCF4VRLK654LPYWZYBZM3MVQ,24,83,82,0.1460403492923818,0.4163487672493334,0.7002289818288004
AEG6ASBOHNKM2H5ZOADIGDHRMUOQ,24,60,51,0.1419607843137255,0.48812446083418254,0.6326842387742619
AGSP5T6QDRZHHZZ4V5DFE62ZVXOQ,24,65,64,0.13938492063492064,0.4453532744700227,0.607675818275921
AG2TLPRRHQWYTBYVTE35TFE4WAOQ,30,72,71,0.14969818913480884,0.442259893178539,0.726740952876795
AH4IUUFWBACGOJCLV5HWBJBLHKQQ,20,63,50,0.1657142857142857,0.5118779622347427,0.6029720201760312
AFC5ELAF3WQ726FJEUQZSOWDKVZQ,25,86,77,0.1442241968557758,0.4250000146007664,0.667304617154822
AHNGXLYEOGW5COA66X5ZXJOOCQ3A,27,58,53,0.11175616835994194,0.4511975801820248,0.6225993137562401
AFV23FOLCTY6JC6Q7P3GSJ5AABJA,20,71,65,0.11634615384615385,0.4223145076812559,0.5618071043059913
AFJAB5S4BMMXACJU7CEK356C2AYQ,55,596,621,0.13855384135889046,0.23685771969202365,0.8766743144243737
AE4JPPM4YPZ4EONHBXME6VWPVS2Q,25,87,82,0.1120144534778681,0.3823228714348197,0.6294938618830628
AFFV2L7G7ZRITBQ7GVVKMO4J26XA,18,65,51,0.21568627450980393,0.561849951030261,0.6097335482929176
AG4WSKK6TG3LFCXZ5ZM4KEWLBNRQ,30,125,131,0.1634762184380505,0.37815781714624797,0.7776253825029102
AE75H4JVORAPLLQO3MAC3FRN4MAA,20,68,80,0.1639240506329114,0.43759046588851014,0.7237104218669741
AEXYYBY3TRVAAGBXZWZP3EYCHXAQ,29,97,97,0.11791237113402062,0.36773448591246616,0.7181531995775353
AHXFDISHJCHQZRESFA3SIAR6GVMA,23,56,51,0.1780392156862745,0.5242028922067316,0.5018827343627887
AGO22BUOE6AX3PRTYLVVQKPR4R7A,42,435,439,0.17234062470746092,0.28929849234199156,0.8585004805715833
AGB7ZKRLJLQ5KJYNFCNXXMN4G36Q,26,91,90,0.12409488139825219,0.3821100520785822,0.7520887970620709
AGPFJ4F4XFOHAKDDX3AITBNIOCMQ,59,750,805,0.1640616791817311,0.25038705396935573,0.8943778987665751
AF3QJNS6XCODZPL6SVDDITEDSIIQ,22,93,111,0.1379197379197379,0.37130324101960027,0.6978635154357347
AF4P3SU3FCXKY52PIF5MDE43N4IQ,16,51,65,0.15528846153846154,0.4612568153735636,0.5786351893924526
AHY5L4NFQJZOERBXDM7EHXZWQMBA,18,50,59,0.18936294564582115,0.5107678505262104,0.6366094162355412
AGOJALZXRUHUYIYJO43DNE46PZGA,30,91,78,0.20612720612720611,0.483279958305217,0.7016434415248278
AF4AYT2KDUA3BZUYDOV54XGILQ2A,20,60,40,0.13974358974358975,0.5267663457640848,0.5202134136360157
AFKZ5EC56OPE56AE57EWADWTQFXQ,19,52,60,0.15593220338983052,0.4719349604217902,0.49539209759325087
AFGM3WALHHNWCL3WI75IQQTENANA,50,241,251,0.1398565737051793,0.29466567611337724,0.821889493201402
AFVTHPT46GLPZLSL64FJFXT2535A,16,51,54,0.10761705101327743,0.44071320405120484,0.6962285829063553
AFRDP7XVDBRVHJV2BCP76MI355RA,23,117,114,0.15882626921285514,0.3880787644088263,0.6454271534209566
AG3IKRZQLJKKTTUCRSNS2GIXKOSA,31,122,118,0.11531218310879328,0.34064554344537573,0.6470020237778817
AEUPV47K3MID5ZL4QXGIED3GRZIA,22,59,67,0.25825418362731795,0.559550990555756,0.7307690135115728
AEOOFIVJLXKVNYX6NM5PGAEKONVQ,30,97,115,0.10129672006102212,0.3305492152569933,0.7487720121812793
AEYFIW5EZMPHAQ3GIKWEZCYEHP5Q,20,52,58,0.20024198427102238,0.5216468891514117,0.6933183282405708
AHDDDUNFUZVAR3R2PD4HABZCJMBA,25,51,67,0.15015829941203077,0.4514551063404688,0.557013177764826
AHNTAHDGESFMTOVBMCCCO3R5ZYUQ,19,66,75,0.14162162162162162,0.42616641093093377,0.6908299635564327
AG2SIW25DLCWFWTLS4CFAAREW5WQ,21,71,61,0.17103825136612022,0.48704100839807984,0.5547042225472776
AGEN4RIQ7PSB74XHK5AG7LJMNCSA,31,112,110,0.1591326105087573,0.39251611360861965,0.7273022868915646
AEUNG334KUZWXHHAIRMJXCBT5FYA,34,145,155,0.13514872224549643,0.33239378287379107,0.7866138617954007
AHZKXDFUNNEGHAIB7N7UJSWGFOLQ,18,43,65,0.14951923076923077,0.4554875846043328,0.5125947916301135
AHRMJPYIRMJZNMUCT2TEOTEYUICA,23,141,147,0.16587456900568445,0.36845153809360714,0.8090029974735322
AH4XFUJHJBD23NTO5F774MBO3O6Q,22,53,53,0.12119013062409288,0.46063154244617577,0.4979217652317703
AEOCAUXMWWWC2TDXR7OX2DGORO7A,24,65,51,0.08941176470588236,0.4355754412263394,0.5226479034046672
AHHJ4BPQ5TYIUPESYDW6HDSKNIAA,21,57,54,0.13417190775681342,0.4672680607947408,0.6962285829063553
AG7GB4YT6G3ZDXENSCTMLVRMIN2A,17,56,50,0.14612244897959184,0.4922861255000489,0.6262770761129544
AFPIVFTKD2B5U365NQ2PSOOZZBFA,22,93,103,0.11897963068722635,0.3613426817099816,0.6543021832527917
AE6ZACDI7GDCKS5MTEQZVYT4DORQ,29,115,85,0.18095238095238095,0.44802345556388323,0.7099032491461267
AF3QJUZMINQU5V6DCZIN4CPGLCOQ,11,45,56,0.16363636363636364,0.49073029256384154,0.5398826411842328
AECTZ66656CDAFHMJI3PIJVIN3UQ,18,57,55,0.22087542087542086,0.5539715739133483,0.6784314580533164
AHSRXEAKIZWDKIKTZF2HOG6NF2CQ,25,52,68,0.16637401229148377,0.46320691604642117,0.7729816628927655
AGZFC4267K7DXCAQPVQEXJHFUEWA,27,88,100,0.22767676767676767,0.4724514507448493,0.7380310478425417
AHSGGWMLBEVI573TDJAKIUGRFKFA,21,49,59,0.07364114552893045,0.3950460504093197,0.41998244836594
AGLRX3SNKMVXT7LB4CNMLQOZBD3A,19,69,69,0.13469735720375106,0.4315302609586885,0.6496882251686545
AHBWJLR2FWXYGPSSCWWU7DRXBSIA,22,91,90,0.11510611735330836,0.3731212880336383,0.6341542710154072
AEA4I6B4EUGTHM2PEZYDRNXONDIA,20,49,59,0.12857977790765635,0.44998468278804565,0.45363136514478763
AGYGB42MVBQ4X2XNEX45VHJD7GOA,22,81,78,0.11355311355311355,0.3907058657311244,0.5983245948043638
AGRH5XIRBBJTYZ75VD73TU7JG5LQ,20,71,65,0.14134615384615384,0.4473145076812559,0.5786351893924526
AEJUZT6ZKPG4ATV7G4D3LNC624XQ,18,50,56,0.16558441558441558,0.4926783445118935,0.5592840534978557
AFLI33M7ADMQ2B3DSIJLODWUHTAA,20,68,64,0.16964285714285715,0.4756112109779592,0.625462420574552
AERXVEPEZCQKJBVO6ALDYGWDSQYA,25,64,67,0.11714156490275893,0.4184383718311969,0.5094855190367608
AEMUDVQWVGL2U7M52PFGDRO3DQTQ,17,47,59,0.19988310929281122,0.5212880141732006,0.7194414023008631
AHJBJXPD5RRVYSGZ2KTEM6WLXGXQ,26,73,74,0.15734912995186967,0.4418939192611818,0.6710018905837396
AE5RI4JTP6U32UO6VJY3MS4OLORQ,21,62,49,0.20153061224489796,0.5548324351453037,0.5959765977260192
AE3QO7L7NG7AUKZEYEOLHM2Q7M3Q,27,92,85,0.11960784313725491,0.38667891774875723,0.6546760790640314
AEGSMK2RONJ4PU4US54TRRMINDIA,33,80,88,0.10893416927899686,0.36986485815815945,0.7468867028963979
AGDJ4U4GGIQ6AJLIBE6RSDPL2VYA,21,45,87,0.18230419673883988,0.4462515255910795,0.7586399170992263
AFQM4LM7JQGYBETRKRKNTUP5CVNA,34,175,187,0.1704329825771951,0.34991048808819647,0.7516887249854903
AGBE4G65WDC55OINI4OQKENARLJQ,28,65,66,0.09184149184149185,0.3931382987699299,0.6531718816506668
AEJYZEXHGRPOQ7JWTECOBUIRSEDA,40,280,251,0.17271713147410359,0.32752623388230157,0.8556341010954683
AERPMHQCRO2J4KJSGXXXOO7EOD3Q,28,70,53,0.14876632801161102,0.4882077398336939,0.5379907055121395
AFDFF7MGLO3PBKMESF6JCR4EW3FQ,21,57,50,0.13551020408163264,0.4816738806020897,0.5801946695959669
AEMT3I6AICC5YI7Z5G2V4LEGYKPA,32,201,177,0.14477401129943504,0.3292798708255682,0.7580420743857041
AHJYWQZ5PICKUZPXVE4HU7L5PE7A,46,340,320,0.1276449843260188,0.26447819195381816,0.8258328576490571
AHJ5GJR24U6AOMQL3ZKAFOXXS7MA,16,46,63,0.15053763440860216,0.46140179276937965,0.5159640709057707
AEYKTZXAWOPJG5MGGMKBLRJR6Q3A_1,14,52,49,0.17261904761904762,0.5259208705194534,0.42306634469984633
AENVDZJEJQBHTA5X3JB45EG6XXEA,28,96,100,0.12565656565656566,0.3704312487246473,0.7380310478425417
AHCY5HIXEHYPRIU7NPMXKPLPJR7A,18,67,42,0.09407665505226481,0.47177219088540817,0.5393407867784361
AFQGXKKBN5V3V5V7CY42FCQTAYHQ,31,125,111,0.15266175266175266,0.386045255761615,0.7733949000497149
AHYOB7J3MRXOLCQ67KGALUH7TY6Q,23,50,51,0.12,0.46616367652045704,0.44164684005217486
AEVZGLYUEQEYH3ACTQCPBU65KIKQ,26,148,140,0.13247687564234326,0.33934924048715664,0.7230748239980421
AH3T7SU7USHPJ26STB3EGNFTDPSA,63,553,566,0.14502642359048126,0.2479128969886787,0.9085728775274973
AFPAS6247PI447QH57WTGC7RUU3Q,18,53,47,0.21461609620721553,0.5755166770947449,0.6307330951907155
AHLZZ3NGM3Y4NBNDW26J4WAPV6WQ,21,77,79,0.17689061992859462,0.4540433721066055,0.6601541857263991
AEP5JNRRA4BXDGRZC5ZXWRKCZR2Q,22,81,90,0.10112359550561797,0.359138766185948,0.6217434190972437
AEN6VLVSAZEINQOVKNFAL6IG65OA,17,53,59,0.11922852133255406,0.4406334262129434,0.6366094162355412
AEPPEVO52IBP32OZJXPDIPPQ5TZA,10,43,61,0.1650273224043716,0.48103007943633125,0.5196242178758462
AGXJG6MR7XYFSA2J6RX753MSFVXQ,19,56,54,0.07966457023060797,0.41276072326853536,0.5655798297438002
AGDBVEKDSVUHJRPRIVHNADY3L6IQ,15,47,58,0.12764670296430733,0.44905160784469667,0.5916522758635323
AF6M3QM4HCJWGINCDUKAAH5IQ5XQ,15,44,60,0.10847457627118644,0.4244773333031461,0.6035695340495391
AFVFWYK7J23ISMRK3ZI5DCKFXBPA,45,166,137,0.10444396736796908,0.31433652649237914,0.7868126677492505
AEMG5P4JZXUEK35T56CZ3O4GOP5A,23,65,53,0.08635703918722787,0.42579845100931074,0.47837049614293403
AFVCWOFPUHU3ADTPTITP26RGLF5Q,19,74,78,0.11521811521811522,0.3923708673961261,0.5842463000319933
AFQ5IKV6BEJT7H6BIRHADAGRF27A,27,109,90,0.15580524344569288,0.4138204141260229,0.8250919032179487
AF57NVU57KDQAEHYO4DFKEI65IRQ,28,93,99,0.17336631622345908,0.4206260851666427,0.6994629030844454
AGGYJVZ522UT2OJM4FFKRRVTIX5Q,27,84,79,0.17429406037000975,0.45144681254802066,0.7522011113374503
AHCFLUHDCLAHZU6AHAJ4C7MPA4EA,19,66,50,0.16326530612244897,0.509428982642906,0.5145999324265984
AGYRMITUSD6IEQMJDPHYMA7CJI2Q,16,55,56,0.11168831168831168,0.4387822406157896,0.5592840534978557
AHVK6E5LV26567B2Z6JNDM336G2A,40,160,173,0.11621185643231617,0.3028508025398105,0.7327703447820072
AEHQSCXIJY2GACS7FBGDVSHOP5GA,31,126,105,0.17417582417582417,0.4141971482907545,0.6820234390122062
AH27HGQKIHLIJMZEZKPFNGOU35EQ,18,93,73,0.10007610350076103,0.3885458339344752,0.6996760711234844
AHKKFCPXS6OQMUSMNSNXXU2JKTHQ,24,96,116,0.20209895052473764,0.4293665382722782,0.8044072054992315
AEXYLV5YOYWSLGG47VVECVURA7XQ,19,60,51,0.10588235294117647,0.4520460294616335,0.5437877861860005
AE34VVFABKBA5ZFYOCL3BRUN7QVQ,33,78,51,0.156078431372549,0.502242107893006,0.6803808599623558
AH5NA6LIKHFQO3CDP6LULJT6VLYA,25,67,59,0.11689070718877849,0.4382956120691678,0.6169779710481944
AFYZMA72W5SMBGZVYUP4EX5O7RQQ,22,54,48,0.15070921985815602,0.5040110427585617,0.5652484470288064
AFWMG7UFWQJPALHSIATX2G6YNOXA,19,66,54,0.1278825995807128,0.4609787526186402,0.6506689257222734
AGPH4RMR4EOTWJJKC2T6CUBIHAJQ,25,67,70,0.15320910973084886,0.44577081377457906,0.589336333198911
AHLA24J43UD2AKTINUBUWKEDPQHQ,35,172,170,0.1508527671423599,0.3385863792117898,0.8117251552655512
AGI2PC6YMBH3TM6UEQRAOOFZ77IQ,22,53,57,0.15789473684210525,0.48498866576958316,0.6669945733865204
AE6GBO7A4LHI7GQULR64DPYFYJ4A,18,44,62,0.12691697514542571,0.43778113350620323,0.47595338804431264
AEOLORJKMS44IUJWCYBJGYDLCD4A,21,61,67,0.1994572591587517,0.5007540660871898,0.6063378223854093
AFWAC4NJFZ55V55ESCI65QLDZOSQ,21,74,67,0.2062415196743555,0.5075383266027935,0.6577980543656652
AF4E3NZ5US36XUBBPFET6A66OG3A,23,66,75,0.1236036036036036,0.40814839291291577,0.59881228183275
AHL3FVIBAL4FQFWRBAAJJLYPZ5DQ,15,66,58,0.15849969751966123,0.4799046024000505,0.6933183282405708
AGIYFVQRH6FEXW2M4OJMT3NEUTQA,13,66,62,0.1427815970386039,0.45364575539938146,0.6148219086622118
AHYCWHEN55G5GAMWHMI3UJHQ3T6A,29,83,87,0.1309810211173483,0.3949283499695879,0.7300028291457613
AGKMSOLXXD3VWLQXUFEF7RG2PYZQ,25,69,77,0.15892002734107996,0.43969584508607057,0.7299388345538895
AFVV7CLXY43P3Z3F7SROBZATZVSQ,21,83,73,0.13470319634703196,0.42317292678074614,0.6509583327592572
AHFWDMP5HXQ3A3NTN5T4S7B7BDZA,18,53,59,0.16130917592051433,0.4827140808009036,0.6366094162355412
AELDDMYRH6UVEDUIQGRSHZWQM2LA,21,54,63,0.15207373271889402,0.46293789107967154,0.5327515027614806
AEFUPXKTX6C4GW2B77FHBRTDCLUA,21,59,73,0.2100456621004566,0.4985153925341708,0.6509583327592572
AFC47ZK3Z2BFXSQPRI5DNSQCY2BQ,21,58,59,0.06487434248977206,0.3862792473701614,0.5057611592104926
AFO4JFVHP2IUNIAM3R2HWEHDEUJA,43,184,177,0.13828967642526965,0.32279553595140276,0.8258256267842524
AEAY2WGERHFFEDTKJDKID4D3RW3Q,23,104,108,0.1536863966770509,0.3892209452773213,0.6480897344623286
AFBJTBLXC6U3IMQB4RIPPSBCORLQ,19,65,64,0.10069444444444445,0.40666279827954654,0.5558621774938162
AFRANYYHRL3ZMJ4F5GAGDECQ5GNQ,23,86,78,0.17282717282717283,0.4499799250051837,0.733110637248447
AHCMBEGSVFSUHRNRYBQ7L5URHCYA,30,93,82,0.1111111111111111,0.3814195290680627,0.6158304855979284
AEMB7SD3UGIGU5NDJYV2OAIABJIA,22,92,101,0.1495049504950495,0.3942796335631311,0.6705157003273077
AFOTHO5QENS65RZSHAUT6TP7CIMQ,24,62,68,0.11018437225636524,0.40701727601130266,0.5311850768340144
AEMN5QZGZ2LV4QGL7SURX33C2NHA,16,73,84,0.16379804934021802,0.43086912395172033,0.6509662688633147
AGX3ICN3W5V2XY47PLFK5NOTH5DA,25,98,97,0.16666666666666666,0.41648878144511214,0.8227294529675553
AEB2MNEEUALSUMA7CAEQJSFGTJDA,15,53,62,0.17715494447382338,0.4880191028346009,0.49251826355669426
AG5HSUEH4BYPTBNEMPSDL4L3DRNQ,26,65,61,0.17759562841530055,0.4935983854472602,0.5908033490176484
AHTV22XCEITN6NDZ6XFFB3P4SW2A,20,53,56,0.17207792207792208,0.49917185100539996,0.5207874240069754
AGBIP7TJWZYYCSCBNLFJMOPGOUGA,32,118,93,0.12505843852267415,0.3802536866024103,0.719886432360665
AHIG7XX4LPDHSXX7MCQYVSJWX4EQ,19,51,59,0.1852717708942139,0.5066766757746032,0.5600866405542735
AHNZSE3QYPIWIB537LY2Y74GBTCQ,19,58,74,0.10995927434283599,0.39450406365214813,0.579176830051247
AFVP6OSQJHBZCGMJFIRKZANPJ6EQ,24,72,64,0.16220238095238096,0.46817073478748306,0.6806664055141363
AG4XQOAMUDUVDASKTPIIDLDX3BSA,23,60,52,0.10708898944193061,0.4465304012640135,0.5512847671309347
AHORWDUASCJWOSOEZPQHAF7I6OFQ,23,61,46,0.16231884057971013,0.5232194214672394,0.5982899322797393
AFRY3KL45NKPPE4WDGWARUKBI54Q,29,78,66,0.11328671328671329,0.4145835202151513,0.6010859800713153
AF7ONCCYEZYUVOL3GHBGUNXRISOA,31,123,129,0.15261627906976744,0.36896857689505314,0.7190461222954831
AHC4NS2FA5Q6SDVKCXSPEIPRB4GQ,25,79,87,0.1520983694199412,0.41604569827218085,0.7300028291457613
AFJCRMSGWYMAVOASYUUBR63OTLQQ,20,55,47,0.12858464384828863,0.489485224735818,0.5812352083539684
AGQLKAQYWNXSQC6BXMKLU7HA5EGQ,22,55,62,0.060285563194077206,0.3711497215548547,0.3653215372038053
AH36N5HJJQCBDAURJUTFAIB4GRFA,30,145,164,0.1548705671105791,0.3460074824597471,0.797732025444404
AH5YBY5VBPNDMBGHVQYEMMQNPDEQ,23,100,93,0.20476858345021037,0.4599638315299465,0.7070296751397904
AEFO4YEMPTW2MIA2FZ3TSMYOUHNQ,17,51,56,0.16558441558441558,0.4926783445118935,0.619539725880391
AG5D7S6MKAW6SARHXXJSXSX4ML6Q,28,67,72,0.1388888888888889,0.4273586193226031,0.7128863349028877
AGXZMIBFXPDAOZQXMMBUAPSK2TLQ,15,40,60,0.08813559322033898,0.4041383502522986,0.49539209759325087
AEUITNFQ5YAJ5BGEKIEQK4REHFDQ,24,66,66,0.11468531468531469,0.4159821216137527,0.6531718816506668
AE6MQHV66OK34BGN2TADAYGZJDVQ,24,66,73,0.15449010654490106,0.4429598369786153,0.6509583327592572
AHF7W2GQAELHFR4T4J24EYR4I4ZA,34,99,93,0.09654043945769052,0.3517356875374267,0.7070296751397904
AHQWSREBML5RH7GZCFX6L57DDMHQ,19,62,47,0.09435707678075855,0.4552576576682879,0.4668324878573718
AHNGXSJ44HVTEJAF4G6XHN4MJA7Q,35,219,232,0.162897447380206,0.32359989982040066,0.8130190234614342
AEK6SR63YICRLQH7KO6MHRF73RMQ,18,63,65,0.15673076923076923,0.4626991230658713,0.6129998695218872
AEMDWYLUJDA7LTRQSX6BOJDVTF7A,19,53,62,0.15282919090428346,0.463693349265061,0.526276279720809
AF7K2QWRCP3F5JP2VHS2RBUIUUCQ,24,49,51,0.09411764705882353,0.44028132357928057,0.587296753724472
AHJ5UYB6WIQRWXQJ2B5MUV564TAA,20,74,64,0.17311507936507936,0.47908343320018143,0.7193369127092686
AFM5EFJ3XC66O732Q2CPS2TKMG4A,23,60,70,0.1267080745341615,0.41926977857789166,0.55815154698731
AFY5ZS4KYYBPX5IAUVPK5JG6AOCA,11,44,61,0.12021857923497267,0.43622133626693227,0.7492475064670857
AGVNQCF2GD4RYDYJQWD3CFBT3RRA,42,267,246,0.1601128256180521,0.3161754634897199,0.8379052766324561
AGFGISQL32VM4G2ZDX2JUXXYTJXA,26,109,80,0.18544303797468353,0.45910945323028224,0.7084448997869988
AGPBLK2TIZU42KPLDX2ALX6CPFOQ,38,207,172,0.16952264381884946,0.3561615899263438,0.8655988758820832
AG644AQBRT56BVFDCJMISCNTSRMA,47,344,341,0.12283939968949456,0.2555871098404331,0.8570078885403958
AFIL2IVD4EMGED6B55QB73O5N7FA,35,140,128,0.10691437007874016,0.3232666679040258,0.6989972871389671
AF6SM2ESLD534XWS7P6PFSL257CA,40,315,305,0.15780845556514236,0.29819636443763764,0.8445811880913147
AECCWTWRVTRL36SUIZOJ5OYQDYGQ,43,99,79,0.14053878610840637,0.41769153828641725,0.6749222844276285
AF3OWPUMBCPUFZE3ICY25MOCL2BA,44,338,363,0.15382859230172138,0.2824793095022481,0.8523364487265186
AF2S7MHKYEU5DFVE7DSDOXF67ETQ,21,55,64,0.13640873015873015,0.44237708399383224,0.699786170999884
AGDMXN47VMOK7TB4EGSCLWJ43QRA,18,84,88,0.15856844305120169,0.41949913193036426,0.73282657662423
AHPYUJKVXMGAHDVKLVYCQ7IKAGTQ,28,59,72,0.17410015649452268,0.46256988692823686,0.6306783147838518
AEQY37KSVMAVV6AUETJFVEXSYPQA,19,56,50,0.11755102040816326,0.46371469692862033,0.5145999324265984
AFVS7ICCOISHBTZBGXJBWKYRBEDQ,31,121,110,0.11109257714762302,0.3444760802474854,0.7058936495321909
AEQCVAHIOLXISDG5N77DBCMIX46Q,20,60,64,0.1314484126984127,0.4374167665335148,0.5390565752926517
AEDF6LSTO7L4BWZPQXJSZ3FPMX5A,34,115,120,0.14397759103641455,0.36742528340735814,0.7091805958068094
AHSYS7DOWAOLGVZ7ENICI4ZNK36Q,29,123,127,0.11273590801149856,0.33079852729648385,0.7149339029219064
AH2XZBSDLT2QDYEFM5MQQPWDQDAA,37,106,88,0.12173458725182863,0.3826652761309912,0.7053186512271972
AELUXKVLA6MVN4POAMLJIP3CL3ZQ,12,50,60,0.08644067796610169,0.40244343499806134,0.49539209759325087
AGH5MIN6VJSDWJF5XACS6K4ZX6QQ,17,51,58,0.14882032667876588,0.4702252315591552,0.6111913791378998
AE75RQ5THMDYEJUAYOJZHODWFMMQ,25,109,111,0.1760851760851761,0.4094686791850385,0.8316237188700913
AGWNDI4F6STGUPVPJMHGTCLEHHJQ,22,57,53,0.1204644412191582,0.4599058530412411,0.5794774148253274
AHNSZCP3JIOZZVYXFJRGQEKRSTFA,37,150,156,0.09768403639371381,0.29366062688329997,0.7879090264648184
AHUKSS2YODCRG5GLY5APDL62IC7Q,18,64,79,0.11619604024667315,0.393348792424684,0.5751163208612222
AEUX5GR2YXV6MFH6SIDE3DMLPZGQ,31,87,83,0.1057890096973259,0.3760974276542775,0.6471768009759744
AE3QC4R3QMSHINRTN3L7YFNSC3XA,31,87,86,0.13214774281805747,0.3960950716702971,0.7129917012823959
AEJBJGF6POXHQ77KUHQNO7Z5WEBA,13,48,80,0.11075949367088607,0.38442590892648476,0.4876584219331724
AHBV4TCOJOKIL4BC7GHVCIAG7ZEA,21,65,64,0.1865079365079365,0.4924762903430386,0.625462420574552
AFYDI5PL5YM5JKTHFCREJ7KVWVLA,21,43,74,0.1051462421325435,0.3896910314418557,0.5356073709413122
AFHVL3J6IJCOWM5SQRSXLTUPW3MA,20,45,55,0.10437710437710437,0.43747325741503174,0.43886024198904433
AFQPRBK7XJNB4IT6Z6KZYWEZUF3Q,19,58,59,0.146697837521917,0.4681027424023063,0.5600866405542735
AECMBFXDJHHNGEBXIOVY5M3V2PKA,36,147,138,0.14016714270601927,0.34853319023212664,0.8435980977692383
AEHPITA5Q7OHED7NAZLRHUTOXDQA,25,85,89,0.09831460674157304,0.35924529562073565,0.593208028445146
AHQUWJNO5Q6WUGHOV266SGGIDTIQ,30,138,123,0.14674130347860856,0.36834988891750653,0.6692952212625143
AEAEB25YC6CS7TKQ7EK5GKHJOBAA,21,80,73,0.12366818873668188,0.4121379191703961,0.6669469725343722
AETN2CVMM7M6VM2TZPWV7ASPULRA,19,57,64,0.10416666666666667,0.41013502050176875,0.625462420574552
AGUSJIO3JXYYZMXZ7D6IC7OQCP5Q,22,70,73,0.13774733637747336,0.42621706681118754,0.6669469725343722
AGVEMZDSO4JB4BLEQGXF276DYASA,24,67,74,0.1036653091447612,0.38821009845407334,0.6396027652906691
AEJAUXEATYKRII4CIPIRJ7BQTBSA,18,45,62,0.14859862506610258,0.4594627834268801,0.5434868919282625
AHF575RNOU3ATD7PN73Y6ML7QD4Q,18,90,74,0.2028878193261755,0.48743260863548765,0.7199576165666968
AE77RHC2LWRCCGDDENZO3HG6LH5Q,28,80,90,0.14107365792759052,0.3990888286079205,0.7520887970620709
AH5ESWZG6Q5ZEBQTOVP3NMJ5XYWA,31,133,142,0.11996803516132254,0.3253783861750369,0.7597977560615075
AGXME2AH33KRTXNBZYFTN53CTZIA,20,62,72,0.1122848200312989,0.4007545504650131,0.5840782301604049
AGPY6LHJBO532DRNAIMK2LGZM7SA,25,86,77,0.12235133287764867,0.40312715062263926,0.637326240623199
AEKR5LXGQQGEXVFZYE6B3FVEIJJA,22,53,56,0.0987012987012987,0.42579522762877664,0.619539725880391
AFEJ2BL4NFODGY5LNUZO7J65NNMA,19,82,72,0.1013302034428795,0.38979993387659373,0.6306783147838518
AF4II6OQKIGB4UOP5PTISI32N5XA,19,57,71,0.11307847082494969,0.40564017486867987,0.5334519968698559
AGL72EW24IMRO4K5EJ6S3QGG365Q,18,49,53,0.15529753265602322,0.49473894447810607,0.5794774148253274
AHRQVI734AF32IXI37RUF7P56KMQ,27,119,120,0.13109243697478992,0.35454012934573353,0.7091805958068094
AHGLOADA5HFF7PC5TMVKWHSXTAAA,28,81,72,0.1298904538341158,0.41836018426783,0.695899838313818
AGF3WT5EJRTCRVYOYADQDZ6DNKMA,21,53,47,0.17946345975948197,0.5403640406470114,0.6307330951907155
AHYH7TLFGKACRF6RHZO4QBIICATQ,18,60,59,0.11221507890122735,0.43361998378161665,0.48815404555803327
AFGI5DGPZLP4CPYUGFNARKBQ2UTA,16,54,56,0.08961038961038961,0.4167043185378675,0.5592840534978557
AHMEWSYXEUHS2P3EEHMYAXRGZXXQ,10,56,68,0.1839332748024583,0.48076617855739573,0.6976249058686885
AH7L74WHVFDSZLRLK3R7IX4U6IPQ,22,57,53,0.07982583454281568,0.41926724636489854,0.5379907055121395
AH767XBPUFJVSH3CXBUGWG7RWLKQ,30,81,125,0.11083870967741935,0.33065286408217387,0.6651880096488236
AGHL4KJXMKZQKJUU5YIBPEM33YUQ,67,415,507,0.13396636808008044,0.24278198748237537,0.8609765360786134
AFP2H5S2KB4WGAOIEEDTQBUMG5ZQ,19,58,60,0.10056497175141244,0.41656772878337206,0.5664414062354267
AFYHJ4RVLCJG7YH65BQX6JZXGQRA,27,86,79,0.11262577085361895,0.38977852303162985,0.6311696079429963
AHNTFF22LTGAUNSLSBEKMULD3UGQ,20,94,80,0.12151898734177215,0.39518540259737084,0.6212104045062646
AEGFD2YDVUT5DPJLMPJIA5IA7NWA,31,152,139,0.13012198936502972,0.3384880368911371,0.8075931077677444
AG2APLJTY4VQ2QPC4XSEZLXCXZKA,26,56,50,0.21714285714285714,0.5633065336633142,0.6747284568901861
AFEC6YQLSK7BNTVCOWWE255V4Q7A,23,85,90,0.1585518102372035,0.41656698091753347,0.6850314545027312
AFJ6SABJN4EEXL6FRBTZOKPHEUVA,33,190,180,0.12321539416511483,0.3056596710021806,0.7489717915552194
AFVRRXH7SFVMLOH3E72LOV7MVOEA,27,73,64,0.10615079365079365,0.41211914748589573,0.8034565738067048
AERPJIRYSKZ6OJ4IEFQGXXQL2UZA,23,64,60,0.16327683615819208,0.4792795931901517,0.6617151711034095
AFZIFPT5R7CPKTJ7WYZYW2N672PA,23,57,59,0.13208649912331968,0.453491404003709,0.5236111054929752
AGEG5UCY42IYI2H4J5X5XNDZPENA,20,63,52,0.21040723981900453,0.5498486516410874,0.5941671468161882
AGYITYRAKLJ2Y6B36QH5XC3MH7EQ,23,64,56,0.18701298701298702,0.514106915940465,0.5398826411842328
AHYAYKJBZNE53SC6362TOSCTH35A,24,59,49,0.10629251700680271,0.4595943399072084,0.6196461314494355
AGURLNZQXE2V5LK2UUQ4DVPUUE6Q,19,69,71,0.186317907444668,0.4788796114883982,0.7092161074933425
AHZGUAU2CB7EFW4YU6H3JHGV4IIQ,45,253,244,0.1700060716454159,0.3267070051784191,0.8618001966672284
AHARWQINLE3C6ZTBQ5YVJO3OHSIA,19,60,52,0.18778280542986425,0.5272242172519471,0.5512847671309347
AGNJKAAP3I5HJLLJVIPCAAHIINMQ,17,61,78,0.10356310356310357,0.38071585574111444,0.47635359320717696
AHIKLYXTQALJIG5VF4M52VBALJQQ,39,233,228,0.12632351804621686,0.28842951200322453,0.7995106703337769
AGTHCG4NELYQSLQC7AUYHHTNLL7Q,24,105,111,0.10974610974610975,0.3431296128459721,0.646706108653258
AH4FH5YNNEBXKGQAXBWD5GZS6SDA,37,131,148,0.17089538518109948,0.3720989352530115,0.7371049399783598
AEILG76DNJ24BKXXDGEOZYMTM6FQ,22,53,57,0.18671679197994986,0.5138107209074277,0.509400057139026
AHHTQUZDCFOPDNKV3T7MW5P22RCQ,23,59,52,0.1847662141779789,0.5242076260000618,0.7103746943921843
AHL64ZUDNJXWVP3ZAI24IY6LV26A,26,68,43,0.14950166112956811,0.5271971969627115,0.628869227523756
AGIACQKEOAZQJAG5NTO54MSCQE2Q,13,46,60,0.10451977401129943,0.42052253104325904,0.4782226511229273
AFF4JUFLAGINJQPJ3VT374YA3NRQ,28,89,65,0.14375,0.44971835383510206,0.6850802222918855
AGKCPEL4BVM2GGWLPE6I7NQRGCVQ,19,66,51,0.12156862745098039,0.46773230397143745,0.5653272850383958
AF5RQRYTKQECVSWP76KTOB4B2EVQ,22,91,105,0.14322344322344321,0.38324476733837354,0.5971239900437026
AEUUKCBNLSPNQ2ZY6H7XHVATUDCQ,20,43,57,0.07393483709273183,0.40102876602020976,0.4032944233312324
AEDT5EC7SLKP3WBVF6YQQWFM4OPQ,21,61,65,0.1,0.4059683538351021,0.4965838511973528
AET77DOZUE7O4A2BW5TN3VQRENGA,20,54,46,0.1246376811594203,0.48553826204694966,0.5982899322797393
AEIFF4UKBMMHMIA3F5OUJLVN22OA,26,55,53,0.10087082728592163,0.4403122391080045,0.6225993137562401
AE5NAUQACM24472YWOZQ5B2FOZ2Q,22,78,85,0.17170868347338936,0.43877975808489167,0.7241735787393302
AHK7S4HWRWXSEHYJB534QN6XQ7QQ,38,158,143,0.1314882300797794,0.33689858109349374,0.7530730345644279
AFZNDWQKFM23I4GJ4QYLE6WXIMQA,20,60,68,0.1562774363476734,0.45311034010261086,0.6114553373113667
AHH5FOFTTVL6KPZAWAG626EVAWLQ,24,58,66,0.07832167832167833,0.3796184852501163,0.5675983150357731
AGILOAAIB2PZQIR6P7LL3OEUNZ6A,21,61,56,0.09480519480519481,0.4218991237326727,0.5398826411842328
AHRVF5XWCSVGJ2EVNYGSGKATVULA,27,105,93,0.1327723235156615,0.38796757159539763,0.6693307183458336
AFPFWRMIROG7L7JVP62R34326YOA,22,55,47,0.09898242368177614,0.4598830045693055,0.4240885440096072
AE3MEONE3CIG3KAFE4NLA2VKDC2Q,22,67,66,0.20046620046620048,0.5017630073946385,0.6531718816506668
AHPGKGJFZMAVMDP7FWXXCWRXYD7Q,20,61,73,0.1354642313546423,0.4239339617883565,0.6351944018676907
AGBWV3ZQCJ5OT6OXJCN7WO777UOQ,61,652,731,0.17356970185334408,0.26416487656463783,0.8996833270681931
AFCLMP3NJA4M2KK7VX4QOA5Q3RDA,38,158,172,0.11498708010335917,0.3016260262108535,0.7446716795075483
AFFQUYFZ7LGZ22ADJP2Y5WR7UURA,34,164,161,0.1607919254658385,0.35430330347608596,0.7866441003314236
AFDOIYOQ5JU6UHGI6FFDK64SB7DA,20,56,55,0.10841750841750841,0.4415136614554358,0.6134936628587425
AEIRJMAT6FJDDDMQMGIC72LYXNRQ,25,66,62,0.08408249603384453,0.39494665439462207,0.6333627148832818
AFG7GFUNXVOCSGKUG6EOJYYDS56A,16,43,66,0.21212121212121213,0.5134180190496501,0.6711073305357502
AEUAL3EJKUSTNB4YY6STLYGTJALA,29,163,168,0.13366124893071002,0.3225090168472817,0.7807900781403381
AHLHFTYY2I2LMRIFZMTTCRRDFSEA,28,70,86,0.1704514363885089,0.43439876524074855,0.568046461362837
AGO5A6WJ4WFVLUXDPRR267J26VTA,24,65,57,0.13533834586466165,0.46243227479213955,0.5659621115479826
AF7RCFT4WYCIWAMBXPWZFINYTFBQ,22,39,70,0.05507246376811594,0.3476341678118461,0.5126871880117252
AGGBDIRIMCGGYSPNMA5RIGICN6RQ,24,87,75,0.1700900900900901,0.4546348793994023,0.6908299635564327
AGXMWJK3YL4SV5FJ27JEJZPZHRBA,17,60,54,0.39832285115303984,0.7314190041909672,0.6072556800279818
AEHOR7WHZBXNWZUN4LP3DFEN5FSQ,24,85,110,0.15879899916597165,0.392182502265834,0.7381631082468452
AG7X54DILTLV7MYBLOVZCC33GU2A,20,56,59,0.13793103448275862,0.4593359393631479,0.6979817325134463
AF2MDP33GBSNYE7QUSYXFWQR3B6Q,21,54,49,0.09438775510204081,0.44768957800244646,0.4031306386352715
AEEYDDE6RPPR5KIY2U2ZJBC5NS4A,21,115,115,0.16216628527841342,0.3914187804743846,0.6194740388307416
AGJW5INVGJR3DNGPF3U3JA2AVP4A,13,51,68,0.14135206321334504,0.43818496696828246,0.6114553373113667
AHG2QI6BFFMYOGYUSVB6L3MRVBPQ,19,54,53,0.12336719883889695,0.46280861066097984,0.5794774148253274
AGI3SL4FH4BXVEF6RABGSHGJ3QHQ,22,76,75,0.11423423423423423,0.3987790235435464,0.5841298828145445
AECOPBDL3PHOESNB2RXKPZSXGBOA,53,520,530,0.15073652673253202,0.25705985478843413,0.8625114385123316
AHT3FWUNV6WCU3WKDWAMAVDEV6ZA,17,60,65,0.13798076923076924,0.4439491230658713,0.545197872883461
AGRISXOWIRNNRSJZTUH6C3E3QGSQ,43,171,159,0.20237242257782023,0.39710470467443837,0.8387099288568695
AHVTV6I7RHR7XDLTTTKO5BJFEFMA,23,76,89,0.10010214504596528,0.36103283392512786,0.6687663358975445
AHL67BK7CEZ3CEYSKYC5ZMPRZ4SA,21,57,66,0.12214452214452215,0.42344132907296017,0.6531718816506668
AGZNQYNYTWLN3EOYZWCG6ZP35I6Q,29,81,95,0.18230683090705488,0.4347726395697368,0.6516195434557626
AEF4ERFVACUREO7O325GCGDHS3AA,23,67,67,0.08955223880597014,0.39084904573440815,0.6063378223854093
AG4XQCP2HKDBLNIMZBA3CE6LIQPA,22,75,61,0.13497267759562842,0.45097543462758805,0.7068991177410002
AGS4U4TYF24NZPSIH2HMTKJF7ZHA,16,44,58,0.18874773139745918,0.5101526362778485,0.5916522758635323
AHVBTWB5RQY6XBD4GK6L7N5NFKUA,25,97,84,0.168100975329891,0.4351720499413933,0.692535266943185
AFP4QYATVNXK6THSST5R3Z2CEPEQ,19,68,56,0.1564935064935065,0.48358743542098437,0.619539725880391
AEZIHPOKDE77G27VSJL3WA4EYPKQ,19,80,62,0.21946060285563193,0.5303247612164095,0.5965836642302969
AFFFO22H5N22MUDHQ5KN3K5EUZAA,17,58,60,0.23333333333333334,0.549336090365293,0.6818776274341687
AHCWSSZCQBMGVHJZN4J3K2NBCBBQ,35,127,133,0.11665527455001139,0.32970428987896383,0.790033427047304
AGJRXFVZAQM4Z5DYKNOKK5WF6F7Q,40,289,277,0.1401140584942186,0.2874511036689676,0.8687694047925234
AFTOUY6XYFZNTJGA73BV37T4NMRA,27,76,63,0.09421402969790067,0.4050781880586782,0.6022057325793105
AH5HSMUMRJRDWBPFDQ6G3EAAOSFQ,19,77,70,0.1494824016563147,0.4420441057000449,0.589336333198911
AGW7SXB5FPGXDQKSUWGAGBTIUCKQ,29,91,92,0.09221213569039656,0.3474073837701327,0.6413440249006085
AH4OMBYMTGMZIWISGMIFF7B4BXYA,21,66,58,0.11312764670296431,0.43453255158335363,0.6310897729801068
AFXHHAY4XDFKDA4W6DFIRX3V35WQ,20,72,77,0.2781954887218045,0.5589713064667952,0.7462888837313826
AF3PW2SV2WOIN7LLCUD5QOPHME4A,16,56,54,0.13976240391334732,0.4728585569512747,0.5057745431923907
AEL4PBKFH7QOW74BY4ZYRZKKRAJA,44,264,268,0.14310470121303595,0.2926246363276272,0.823912733821893
AGVYGK2OBBRQKKBBSU3ST4X235BQ,17,54,65,0.1548076923076923,0.4607760461427944,0.4965838511973528
AHMFFGPZCVEFM4KLP6VQHMMCQE5Q,26,84,64,0.15426587301587302,0.4602342268509751,0.6619298827695084
AHM7F4GRRASR5R4HCACGTBSWQWMA,37,204,186,0.1026445800639349,0.28212208557493623,0.7945535977934086
AGB4ADBYUVM7I3J2OQK4Z6NXR6FQ,15,52,63,0.08141321044546851,0.39227736880624603,0.49938590859456305
AF7V5BRBYBFIXFMZQOKSXR54MJDQ,23,68,87,0.16626570435712376,0.43021303320936344,0.6487170645418534
AEI6B2JWUTT6THQ5DZLER7AL37RQ,26,82,65,0.15721153846153846,0.4631798922966405,0.4965838511973528
AFI4CT4JFHOK3NBZOGCHC3CP7J7Q,20,55,63,0.11418330773169483,0.42504746609247235,0.5327515027614806
AHJ2EQIOGKETX22VMNQA5OFEXGFQ,20,56,60,0.14463276836158193,0.4606355253935416,0.5848581866522475
AGFCGZLKAE6D7XDIRA57POPSG4BA,24,63,57,0.10964912280701754,0.43674305173449546,0.5279666876087183
AEYW6QANLCJWTS4I4OQGA6WUWC7Q,21,57,58,0.102843315184513,0.4242482200649023,0.715084742455897
AFWAIE5XLG5HPKZFCCHPSZNVFSGQ,26,79,97,0.12070446735395189,0.3705265821323974,0.6937836741177128
AEK5RL4BLD5V4UMVB5C5EZWFWXIA,21,62,47,0.12025901942645699,0.48115960031398636,0.5812352083539684
AHTRYL3DQY5AJG2EO2Y6EPQMNQ7A,19,61,46,0.10821256038647344,0.4691131412740028,0.705152354332854
AGQOWYU223QXK2YEHGRQ73OHNETQ,17,41,62,0.15230037017451084,0.46316452853528833,0.5609326986953191
AGIGXAVHVBQFXBXMOBNJ6HFY36MA,58,578,616,0.10127758420441348,0.1999001145185608,0.9158727112029184
AHV6V753M3GUN346PBRISQW3MMDA,27,89,89,0.127170582226762,0.38810127110592463,0.6687663358975445
AHGCYIJQ6PPNWPUDGTFCTNOVRB3Q,25,119,153,0.13579291365669074,0.33433139837737175,0.7605367518262545
AEZVSVUS64KDDACIP3FNFBBE22AQ,22,56,55,0.052525252525252523,0.3856214055631799,0.368437041371229
AGJ55KRH6CMRAY6CKMUZPV5RF4GA,10,46,54,0.37596086652690425,0.7090570195648316,0.7702742240666548
AGOIB5PDEMTQG4DL45T53A62R6FA,34,119,110,0.1042535446205171,0.33763704772037945,0.6848614792762173
AFF62QYMZF44W6JUGSSSAFG2EJQQ,26,72,81,0.11574074074074074,0.38940715599633946,0.6677397318085667
AEXWRXHUHQ3SC2PLX2TETAGTVG3A,37,123,109,0.12708120965001699,0.36261575825028747,0.7249850801878084
AF4WQGVF7WVIVMLLTIX4A6EMMBRQ,35,120,133,0.15926179084073822,0.3723108061696907,0.7269265105809322
AHCR53CDYDQAS6C5TZXQWB4PWTCQ,93,1320,1302,0.15393452513781788,0.22177064592529416,0.9263131614984064
AHG3EKUDYEFZHWGKOO5KDZKNKGUQ,20,58,51,0.16,0.506163676520457,0.587296753724472
AG5C7Q2ZIBXFX7I2DCT5YEWCDJCQ,26,51,53,0.1444121915820029,0.4838536034040858,0.5379907055121395
AEFYJKT2PY4EDAXNW3EYO2PEJZ7Q,20,64,60,0.10508474576271186,0.4210875027946715,0.5483007821278327
AFK4TBPNSHT4GD6JTTKWZVQGY6GQ,18,55,51,0.12313725490196079,0.4693009314224178,0.6097335482929176
AECTRGMRKOGAYIV3YXX73CQEQCSQ,33,144,142,0.1952851862950754,0.40069553730878976,0.8026336461385167
AEW3GXS55W7AHA6G6KV3RTIFV5GA,30,208,197,0.15249145343416554,0.32733051276850955,0.7873800426357399
AEZFFXESKDJ7V2HSHIUWIJICOUEA,19,54,61,0.10655737704918032,0.42256013408113996,0.5370436266583215
AGV4DZSNB45EYJUBILFMDI7O6DZA,22,63,85,0.10280112044817927,0.3698721950596816,0.7241735787393302
AGRCPWKLYGJTMJSPEI7YA4FEVEEA,24,73,64,0.13839285714285715,0.4443612109779592,0.6435387481207164
AH226IDGXDCUTFVYPYVDC3ZQRBAA,32,105,97,0.12714776632302405,0.37696988110146956,0.7059014479902656
AGC2RO2UFFY4Y6E477P34M3ILAOQ,25,58,66,0.11515151515151516,0.4164483220799532,0.5675983150357731
AFBOBB3SZOCXMTKKE23BWHDCJCGQ,23,69,42,0.13356562137049943,0.5112611572036427,0.5393407867784361
AGBYWW4V2ZDUCJGRQNQWLSCPPOVQ,50,187,175,0.19599343185550083,0.3815566402070597,0.8382484481610077
AF6R73E4HU27CLJXSTF6BBCEENRA,16,52,50,0.12653061224489795,0.472694288765355,0.557897652516621
AGLULUPQPXUOGFGKTELWMIQK7JYA,22,65,52,0.15007541478129713,0.48951682660338003,0.5099610345478525
AGE3URJ2ZFIGHT3FPTKYWVPSE4ZQ,26,73,68,0.16022827041264268,0.4570611741675801,0.6450938538299912
AF6VZKYEJNO5IW6KCGKGZBMDKORA,39,228,225,0.23107142857142857,0.39461839303516755,0.8673156399768327
AE3LFNXIKCQ2EU7IKXHEEZB4VHYQ,46,290,279,0.14267295840746758,0.28947905754845266,0.8477623785011403
AFPFSWOQKMB23WJPUFIMHEH46BCA,25,69,73,0.1811263318112633,0.4695960622449775,0.7510644189437846
AFJWJOZBX465TCG3ZWJRPR6QWBPA,27,59,66,0.10582750582750583,0.40712431275594385,0.5189487028967241
AHEOTIG232B7ZIEZXKPDWZYMUAKA,25,61,61,0.14153005464480875,0.4575328116767684,0.5547042225472776
AHOXXKOAGK2TNWKIIN5PTVHYI7JQ,27,74,68,0.15100965759438104,0.44784256134931844,0.7343768627471647
AH2YFS7V23YAFP7L2JSBZRLIVUAA,20,61,65,0.1548076923076923,0.4607760461427944,0.5956945765250103
AFG7DY6UWCTJR7B3UATMI2DTUEVA,18,74,84,0.16322432587492827,0.43029540048643056,0.6785094620922513
AHAR2ITQ3O2FJJDLIORAQ226KZHQ,23,77,74,0.17586079229914847,0.4604055816084606,0.7718496402463147
AG5XM7RKRNHXZU7NZAVS72AWEKQA,25,82,107,0.11920296244048668,0.3569491515674944,0.6874834133321486
AHPWDADCHSGEY2FHGGRJX3CQIM4Q,29,92,84,0.178714859437751,0.4457859340492533,0.6785094620922513
AFUQ6SZA7L7A5VBZHUMRYR7CZVJA,22,70,76,0.13789473684210526,0.4186705545870959,0.5462961778644388
AH5O2IEF6BRK5ZYKXPLZBZ2RD62Q,25,67,86,0.1570451436388509,0.4209924724910905,0.6188858328636561
AGVDYHJ3Y6WRQZHIOUAZLPVU4GFQ,22,55,65,0.17259615384615384,0.4785645076812559,0.6850802222918855
AEJ4NPKOL2ATUHAR5YR6E64JN5GQ,25,64,58,0.12764670296430733,0.44905160784469667,0.6310897729801068
AHOHXQZCEU3KDM3TPKZRNCJ3ITVA_2_2,52,391,399,0.13630810695079407,0.2590025690217628,0.8863643330830534
AGRLVQDTJKVF4WP3BUF7VPGKK7QQ,32,161,149,0.15835298385633956,0.3595565339282516,0.7465995635479701
AGYIFIF36UAWEBK4TO7X4MGJNAPA,22,76,70,0.14451345755693581,0.43707516160066595,0.6052177904958553
AHO7CJSLW22GMWPFB35V3L4OFUYQ,21,87,88,0.25235109717868337,0.513281786057846,0.7053186512271972
AFBDU55MQTAQLS4EL3O34AIJC65Q,18,50,60,0.188135593220339,0.5041383502522986,0.5664414062354267
AF5A5PMCP3EPIOVGZSAJWNICC6UQ,31,95,85,0.16862745098039217,0.4356985255918945,0.7683996480589794
AGK3JFLW2HEGNIVEJAYK3NOKLMPA,25,65,62,0.14648334214701217,0.4573475005077897,0.6910888205045103
AG4BOVVYVCOM6NORNOYUNJGNESGQ,26,79,78,0.15051615051615053,0.4276689026941614,0.686288655265838
AEVXQOJ4SDXQ4EFRY5GCSXXFIWXA,34,102,90,0.1772784019975031,0.4352935726778331,0.7803704489029908
AETXNLY53XQIV7O5BADK6TKM3BRQ,25,72,74,0.16475379489078118,0.44929858420009333,0.6870507261964652
AFGI4A27USRD2DNCLS4VIJP7GHXQ,18,56,50,0.12571428571428572,0.47187796223474276,0.557897652516621
AEBP2Q4O2JGI5KXYM25VW4I6MUCA,29,75,69,0.06351236146632566,0.3603452652212631,0.6164435079155017
AEC6IZVI2NGFBCIYVD4X5MDGB6DQ_1,23,91,76,0.14947368421052631,0.4302495019555169,0.7266912370439268
AGQ3ORY46EQE7VBJEDD3SKUL536Q,26,62,48,0.23404255319148937,0.587344376091895,0.6628094464652029
AH2IJABKXWIZIO2FYJXNFEXNRR6A,29,138,117,0.12245800176834659,0.34972558951588717,0.7222166850797229
AFEAZ3JN6U6RGEXBS5RLG3GQKPOQ,32,168,149,0.13885361871939053,0.34005716879130254,0.7784991971322808
AHOGSYNNITBCMLPBNOTWYUBDJGPQ,11,61,48,0.4228723404255319,0.7761741633259376,0.744418147133566
AFTX63FUTUVRYZE3HYJFEELNMFSA,29,75,60,0.15141242937853108,0.46741518641049074,0.7679675565322271
AGH7TSBL5MHSFRRFXBEIQI6POBZQ,24,76,63,0.1382488479262673,0.4491130062870448,0.5669930617557406
AFYYHK3HLOWUENSICGSRAAEW7P4A,24,65,51,0.20470588235294118,0.5508695588733983,0.7053050017368608
AEDPBWYXW4NPHUASAVGCKNHRUJOQ,25,87,81,0.09938271604938272,0.3730491313049814,0.6822020612220092
AF547SASL33DEMYH3JXTB4VJ5EDQ,31,144,139,0.1470128245229903,0.3553788720490977,0.7464124240489096
AHMOYBDULQMZKOUODA3BNH7DWKDQ,42,136,141,0.12188449848024316,0.32875686332505655,0.8101805387952925
AH3KXYPNP5BP2AFQZXLETNUMFJ7Q,26,82,115,0.12128146453089245,0.35053395972686363,0.6482462632950812
AE4OOUOFUEJB2QEIMULD6BLVBNQQ,13,45,61,0.15846994535519127,0.4744727023871509,0.4854662092214667
AEQ3ACV6ULD4IUUBEBYAQHMGYBNA,17,47,53,0.17271407837445574,0.5121554901965386,0.5177895842421592
AG456PPH6KGFGQZYGO2ZDWYGKGAA,18,56,68,0.12774363476733977,0.42457653852227717,0.5468491230649866
AHKLYD5GR4BP4K65HR6EGXRNP47A,23,58,66,0.1902097902097902,0.4915065971382282,0.6711073305357502
AHMCRLIDH3MX77AHVUEZQOKZ55CQ,14,52,63,0.13671274961597543,0.447576907976753,0.5327515027614806
AGYP5AA7QDNPIPTIVZ3246V2KALA,18,56,52,0.1048265460030166,0.4442679578250995,0.47001439576473186
AFAWOUAVEQOGIRBDOP5EPV7WAKFA,26,88,119,0.1741917105825381,0.3995250709191206,0.7772427338550552
AG63W2BMC4HRP76AMS36AYY64AHA,44,330,307,0.1817717314939005,0.3217001042435072,0.8612280366890004
AGTM6TECFNENFVXRGNVCFUYVL22A,27,59,48,0.11081560283687943,0.4641174257372851,0.4547627314118065
AGFHRN7K2FW2A4M67ZBV5VCTBL6A,24,67,69,0.12404092071611253,0.42087382447104993,0.6164435079155017
AHHJ5NOCY5EROHZASRCKXZBGLUKQ,18,63,68,0.21202809482001755,0.508860998574955,0.6281509439985903
AEKJQLMPWARYDWN4BQXBCPML2VWQ,28,108,93,0.15240766713417483,0.407602915213911,0.7329076187213419
AH73UQ5CDREGOYN6FTMXVGJUW5KA,18,50,63,0.1971326164874552,0.5079967748482327,0.7565177168188488
AHUOOO3WCQNZA4MQPWHAOEUEQ4YQ,50,335,372,0.18149146451033243,0.3084012257276074,0.8948095010617731
AGSPAJOHXDUYYHNJMRB2CTU7LBAQ,31,160,172,0.16829865361077112,0.35493759971826544,0.7114962827954865
AFVVHXC46GES3HXVII6FWLQ6X7TA,50,268,252,0.15673812685764876,0.31093168367736224,0.8225692845997136
AHLASMY7HPI5ACTI3XRP2DDHUOTA,32,110,105,0.10531135531135531,0.34533267942628565,0.6711238199635137
AH6EUO4QSQBUFNDUGEQEOYO3DBEA,18,49,53,0.05297532656023222,0.3924167383823151,0.38494704313362427
AH5BEMAKZE5RJ3JSHUYOJ7S2WKBA,20,48,73,0.1525875190258752,0.4410572494595894,0.5891062946257366
AGTG65FJY3OIZZZ5PU5F37M7I2PA,15,65,76,0.1336842105263158,0.4144600282713064,0.6481111424713923
AGWBUG2EAT2MCTDE7UPQAT6RRNMA,21,50,64,0.1388888888888889,0.44485724272399096,0.6435387481207164
AFSVLFSMZWWJ6VDDMHKNS4IDWJHA,30,80,66,0.12540792540792542,0.4267047323363634,0.5675983150357731
AHKB2DDGDMX3ISA753Q2BBM574KQ,34,100,86,0.11874145006839945,0.3826887789206391,0.6853129671666796
AFPRW7AHA7P7METQRELKLUIL3O6A,22,70,100,0.11595959595959596,0.36073427902767763,0.6448793038918054
AEOBEJMII4N2INI7GGALQWH5FTDA,21,59,58,0.16394434361766486,0.48534924849805416,0.6513809084171851
AEVEXKKEIOEM5OH3XGSVMUR3VGBQ,29,125,151,0.1427814569536424,0.3426391487763988,0.68901415230223
AGNGAILNEEBETPBT3Z4RSSJML7VQ,27,54,47,0.10453283996299723,0.4654334208505266,0.48880258191664555
AHTZ3PYRZPGOTXL7T6I4ZUYY7APA,21,58,67,0.1614654002713704,0.46276220719980843,0.6577980543656652
AFO2SXNWPO3ZX5SFC226HLM65YRQ,21,64,75,0.09585585585585586,0.380400645165168,0.59881228183275
AEUYAGVPGKPKZU5SG3A66V5VLMRQ,25,85,87,0.1665330125634857,0.43048034141572533,0.6618664350350063
AG2TTN372SIFA43IEXZRPCN7B5HQ,22,60,62,0.1708090957165521,0.48167325407732964,0.6522318894499091
AHNHPHEADEG6JOWSHQIC7P6QGYQQ,14,53,62,0.08249603384452671,0.3933601922053042,0.4595883398405021
AHJATMQAWS7LNWFU7UPKS3DRSX4Q,25,64,66,0.1282051282051282,0.4295019351335662,0.6355387470095439
AEXABEL7SJQJOJLVQN6TTURYUYVQ,29,75,66,0.13006993006993006,0.4313667369983681,0.551181474480534
AFGHGOPDUDFGC2Y6VQ7IFPONKYYQ,28,81,85,0.14453781512605043,0.4116088897375527,0.753395759774479
AGHUPJ6MXDNOQUXKVRGDA3LFQM7A,55,486,450,0.16993813412521652,0.2853260262987022,0.8828724602733172
AHQBZUEAUUPWR3ULUNAMLB2JDKRA,23,100,95,0.2127659574468085,0.46523176610949046,0.7510597634351106
AG3HTYXKJA3O5SEBHW4BZZ2NQDNQ,21,122,111,0.19066339066339066,0.424046893763253,0.7295809913925673
AGVQEU3XINYKGW2P3KVB5D6SZJWQ,20,66,84,0.16781411359724613,0.43488518820874844,0.5976385369641463
AFXRJRPJH2ASWIVLPOTZS3CCX6DQ,21,61,49,0.1522108843537415,0.5055127072541472,0.6196461314494355
AGFPFCL7E6DQS2BSLZK7Z6KP3LGA,22,48,55,0.16632996632996633,0.4994261193678937,0.6346560706163359
AF2B32XMOHK76UH3LEXDY7TH66IQ,23,96,98,0.1371765200925731,0.3844362890357567,0.6613284133470924
AEHGPXYD47LUNHVXIN3QKXAIRVMQ,14,76,70,0.18219461697722567,0.47475632102095583,0.6213070806839643
AGH4GUP66FUWHCHHVG4QP3RW3B5Q,21,67,66,0.06806526806526807,0.3693620749937061,0.5842290478820427
AGQWB5SVFC2T66LVVZW3LKCHGO2A,31,89,89,0.15730337078651685,0.41823405966567945,0.7083513179584109
AEW5WKS7J5FAU5HYG6N7VXLTGWXQ,12,45,60,0.22259887005649717,0.5386016270884568,0.8422628438621782
AHMMSGQM5DXTYMKO22PU3ZMUPE7A,22,62,47,0.0971322849213691,0.45803286580889846,0.4240885440096072
AEHS46H4OJSGKSTCUR574WZST3WA,18,58,55,0.08552188552188553,0.41861803855981294,0.47557989721527144
AGBCUH6OF5SMVV6ED5G66Q4QWI4Q,16,52,59,0.1396843950905903,0.4610892999709796,0.6979817325134463
AG3KFKJCPSYRVYN5PN5NEQJS4V3A,31,84,79,0.19084712755598832,0.4679998797339992,0.7205135344323988
AE6SPZALZWZRHJVUFJD2YZWQ6LXA,27,110,106,0.10835579514824797,0.3461019842752557,0.7290120974943959
AHATA6X6MYTC3VNBFJ3WIYVK257A,43,204,213,0.10594383913544159,0.27405578166840816,0.7481360208958954
AHY63DRHTWWJHOFMQKG2PEUYZ2LQ,19,47,54,0.13836477987421383,0.4714609329121412,0.5453077325986742
AHHMAAVNPDO67K5ASIXFCKLKUQSQ,23,53,54,0.15653389238294899,0.4896300454208764,0.6506689257222734
AFF6DS6NOWRIF2AROFASUVVOPYLA,30,195,201,0.1644776119402985,0.337559450200527,0.8032402184579028
AGCW2JGKPSQNHBVZ4EOLOKHUOV3A,22,59,48,0.1320921985815603,0.485394021481966,0.4133314918834095
AEIID43Y5VNCZCTG5VPY64SUTMUA,20,57,62,0.16922263352723427,0.4800867918880118,0.6910888205045103
AFW6IVJM7XDAUKLUAPUATO5REKPA,31,79,89,0.09014300306435138,0.351073691943514,0.60551287478446
AHF2R43HMV6S2J42LN6NLQTRBLJA,38,184,172,0.13076295389636883,0.31740190000386315,0.8355497573214845
AGUZXENJYN23GI4PEDZDI3QZEMSA,21,55,52,0.09577677224736049,0.43521818406944335,0.47001439576473186
AH4EDJHZW7YAGYZDZFZ5REDHE3XA,46,235,263,0.14170028734798132,0.29292259157029266,0.8388273039980652
AHQ6BQIVU3QKS364JCPPPYSNU22A,21,55,51,0.23372549019607844,0.5798891667165355,0.7580309645236699
AF2BLE54TEMGZ546U763ZHZRXC4A,47,247,300,0.12746934225195095,0.2687900714121132,0.834166941390992
AE2D3KGDRDJH7G4HXN3GTND5IPLQ,30,113,138,0.1826933248704115,0.3910593723965189,0.7619059465103141
AG2YJWMXWKLFZGVDPSXO4LHCA3PA,46,284,294,0.140396090176685,0.28315158433579674,0.8552847054227248
AH2OZFAVVLVSJS5CU7K7CURJSYOA,15,51,54,0.10202655485674354,0.43512270789467095,0.44875007365757064
AFBLQXZ33YGRLYPOHARWDQAWSTSA,27,66,57,0.15413533834586465,0.4812292672733426,0.5659621115479826
AH5BPN6MZXBEZCOH2UGKU2ZNDLDA,17,61,49,0.1564625850340136,0.5097644079344192,0.5502161511004982
AE4TTQEAURIY2SPMNXY5DQV4GLBQ,20,46,54,0.1111111111111111,0.4442072641490385,0.6287240713776503
AH6TANNCBRUNECUZORQGW2GZLQ4Q,36,172,157,0.13228809407153355,0.32826468456111974,0.7512880291250519
AGN5KJZU3FYSKVWXWM66LXYWL5CQ,53,554,607,0.13460670614013626,0.23403962419672097,0.8719913140340498
AGSGNSTI2FQVP2FA472PPANKG4DQ,20,53,48,0.13829787234042554,0.49159969524083125,0.47603123801194575
AFC4QRDNQDNCTDE7DA53APS6IUAA,26,64,62,0.1718667371760973,0.4827308955368748,0.6910888205045103
AFIOSFDSBQUVK4OMOFVNFVKMOC7A,24,58,50,0.1036734693877551,0.4498371459082121,0.5360430080307526
AF7KGUAKKGFQFTGJUCYUC5IKM3XA,15,66,56,0.10909090909090909,0.436184838018387,0.48345316558545687
AFCFX34G3LQLDXEEBCPWSX5RRYYA,16,53,58,0.16817906836055657,0.4895839732409459,0.5916522758635323
AGSRIOVFCVZYN6LG2C7I374OWKEQ,28,101,120,0.1427170868347339,0.36616477920567747,0.7286735627904584
AHEMJ62SUJPUYNWGROPI6MUAYQ5A,28,102,97,0.10309278350515463,0.3529148982836001,0.6581522023099097
AFFHIWPXXKSMZKQYTTMPTHMJ6DUA,19,57,63,0.22529441884280593,0.5361585772035835,0.5844708045978679
AGPGXSO3TUT5DZEMWXKMOJRGT3UQ,33,133,147,0.12077159630975678,0.3233485653976795,0.7433644038316822
AFFAHDCNLJ7E3HVOXDMB4HUMM7HA,36,166,166,0.1439941584519898,0.3339761573948824,0.7854910416367467
AF5G4UJW7YODZLKQ3UBOCGXEEDJA,26,94,85,0.18403361344537816,0.4511046880568805,0.7683996480589794
AGM4CTJZTX4ODUQDZKC5NP6D7U3A,34,135,140,0.11603288797533402,0.3229052528201474,0.6904239534014096
AGK5FELCLLLNYLINWVAPXS4P2MHQ,14,51,51,0.09098039215686274,0.4371440686773198,0.44164684005217486
AF46LCXEZRBDTD6CBAZNXSYV7JKA,20,80,70,0.115527950310559,0.4080896543542892,0.5736509573345241
AHMSYVI5H2GXDIKMFYR4Q2KRZUDQ,43,225,225,0.11384920634920635,0.2773961708129453,0.8287496389266659
AHRKLNYIXJER22NUIN2R37FP2Z7Q,29,80,75,0.20432432432432432,0.4888691136336365,0.7400893430127005
AFOQ7PCDGLQB45W67ZVPGBUBD7ZA,18,46,58,0.249848759830611,0.5712536647110003,0.737495493287368
AHI6NGJKRK3ZZPQ6IIDLMT2MFT5A,24,107,90,0.13283395755305868,0.3908491282333887,0.7520887970620709
AHNN7FW7ZAZASAEMMS6RJ4NAGVFA,20,58,44,0.1553911205073996,0.5244028395596658,0.609049339247224
AEWA73ZOFSME3SMC6WKEDTKMDGHQ,24,61,55,0.2,0.5330961530379275,0.6784314580533164
AETKA752YU5A2RYBJ4GIAKSCGOZQ,24,51,65,0.1596153846153846,0.4655837384504867,0.7232532202331322
AG7I652IF32AVKKXGITD3RCCT4FA,21,48,60,0.09435028248587571,0.4103530395178353,0.5127882993657413
AGOA64RRMXMGKXQHXBPDPA44K6PQ,20,76,74,0.11810440577563865,0.4026491950849508,0.7718496402463147
AHMTSDM7S76CXUULLBES6YYVYTDQ,35,170,167,0.13541591515763654,0.3253979141005291,0.8158869386592368
AFQDKSGTHRRSVFHQXGLW54EECG3Q,17,70,59,0.11221507890122735,0.43361998378161665,0.5976975571345595
AFL7UIJ6DCL3LV2K6H2FTBVGDLDQ,27,112,138,0.1293769173807257,0.3377429649068331,0.7109894762787755
AG5LC5HSFYGJSK3AQGHEFHKX6ZWQ,85,1343,1396,0.15891692598412258,0.2244293679174807,0.9012691588164709
AHHHJ7RIH3UDF4S3N4XUGV65ANSA,18,70,83,0.13194240376138702,0.4022508217183386,0.5671747456246787
AGKSE7R54LFVQ4E3VXSTOX2H7B2A,46,277,252,0.16192373363688103,0.31611729045659454,0.8710259046399276
AHFKVOFR4GL5OD5WQOWZ7WKZLJ5Q,17,48,65,0.14326923076923076,0.44923758460433283,0.4965838511973528
AF3PEYDVYBSOSCDYP6LIPFZLLX2Q,29,68,65,0.14375,0.44971835383510206,0.6305683180015698
AH4WEBZJR7MVVWIQFUYNPKKGRCWA,26,94,105,0.12912087912087913,0.3691422032358095,0.6283806544417775
AG5FGCIM6PBJX3JNDRKQMITZTIMA,38,170,157,0.15915400947248082,0.355130599962067,0.7969362524795375
AE75XLGPCAOWCQB4QUAFJW3KZC7A,24,69,61,0.15300546448087432,0.46900822151283394,0.6471738729373551
AGOUDHOTOEHTBZKBSZJOBRSFBD3A,19,77,76,0.1831578947368421,0.4639337124818327,0.7601120350769943
AFDR6DYNOICACU76IFDVH5KPNJQA,41,161,162,0.19055287171229202,0.38286602533476816,0.8028904945503721
AGIEN4NCW26MHD2EP3FPCESQPR5A,25,72,83,0.1389950044078754,0.409303422364827,0.6891656999595097
AFSF7Z5BISXKOBEXL56VUKOIFOIA,23,99,99,0.18841475984333128,0.4356745287865149,0.6994629030844454
AHJCSM7OYYT5AC3YPOKL3VNKNMNA,20,69,72,0.10328638497652583,0.39175611541024,0.5390911225287522
AGSW2VSRS3CCXUDHTZRK4OKV4LCQ,20,62,55,0.17037037037037037,0.5034665234082978,0.5723986032921584
AF4XJ2HKW3BUYIALQQL57SEVM2UQ,23,58,53,0.16400580551523947,0.5034472173373223,0.7402792910486923
AGYNBKMGX6FOEQ7BVPCGZTEGAOFA,24,102,130,0.11293977340488968,0.3276213721130872,0.5764158644963217
AGTI6WMI5QBD7246VKXGNA2B7WBA,23,61,60,0.12994350282485875,0.44594625985681835,0.49539209759325087
AFBLBHZPHEI3LN5WKJGOUACDPJXQ,21,58,70,0.09813664596273292,0.3906983500064631,0.6709721213417411
AEY5BQPRKCUUNW4KWKSNAWVOAIIQ,26,61,72,0.12832550860719874,0.416795239040913,0.5994195341355926
AGIDY3FWTUROJLSBWP45RKRQGQDA,16,57,61,0.09289617486338798,0.4088989318953476,0.4687100296669227
AGMNDXKFAM4SI46VYU6WDS2EUD5Q,19,50,65,0.125,0.43096835383510207,0.5956945765250103
AEJ7QQUJCU72CVRVJOF3H4TWDKCQ,25,55,48,0.21365248226950354,0.5669543051699092,0.5887352662263132
AHN53SUJ33S2PFQA2NFOAB2J46OA,21,73,69,0.15643648763853368,0.4532693913934711,0.6666937095644937
AE4CRFV46QHI3DKTUAILVQTPLEIQ,18,57,45,0.22525252525252526,0.5942642443047915,0.49315701273310825
AFRHCRFFRBM3RVBVDMFDB7SVPTHQ,76,763,761,0.14789058717753648,0.2366796967745857,0.9005155536629103
AFP4VV7FHGMDUUZRR6UXBRKLQQRA,21,51,71,0.22736418511066397,0.5199258891543941,0.726740952876795
AGNN4VNS5K4D4YL5UD4X3POSDMOA,23,54,51,0.2196078431372549,0.565771519657712,0.6097335482929176
AHOVOKCNGKMCAEBVWTWOGCPY2XLQ,21,85,113,0.19121365360303413,0.42250398883260437,0.6425629693763915
AFOUH4HQ3WKELXFSOZL2X7VIKZEA,46,286,262,0.14304934046971426,0.2942716446920256,0.8382339600118149
AFRDKTRM3R5K6PM7HXYADVJSU6SQ,26,72,79,0.12755598831548198,0.40470874049349287,0.7050830770468886
AHWONVIIJ6KH2AO2G4RCTXKP3TFQ,28,121,122,0.18696653569976968,0.4085751211386677,0.7622635633764707
AGPG7HGPSPPUFHBJ5FY4BTX3NGAA,19,55,45,0.13535353535353536,0.5043652544058016,0.6432220771710375
AHX2B4DEER2QR3IU3CCNB3CWC6TA,37,195,243,0.14920246233377546,0.3065495880248923,0.8260694638921058
AHRQMW37TRCLFNW5QLQ4FZHPBZJQ,41,264,225,0.15908730158730158,0.3226342660510405,0.8560965528560616
AHDJTOPSX7M6KTZ2HQNCDDVAD43A,23,74,61,0.15628415300546447,0.47228691003742407,0.5908033490176484
AF4MOVQNF3RJNHPA5KU3OWOOZIFA,22,65,69,0.14364876385336744,0.44048166760830487,0.6666937095644937
AHIQC6XUZUUFYILUUUWSG6WYVYGA,28,66,55,0.11986531986531987,0.4529614729032473,0.6134936628587425
AGUSITPDSZNUNRZWBJZNIX3CK77Q,25,70,53,0.1690856313497823,0.5085270431718651,0.6448702362084395
AFNS5D7Q66EQPPLNEZHXBOUREOTQ,26,68,51,0.10745098039215686,0.45361465691261393,0.5653272850383958
AEKNPKUKD3NK3ANSAE2HPT2LIW3Q,19,55,53,0.18577648766328012,0.525217899485363,0.6448702362084395
AEF3D6PGXOSS2P6KUDKVWHVUDSAA,18,53,54,0.2431865828092243,0.5762827358471517,0.6962285829063553
AE4SBEJSCJAWM7CRKJDBQF3O7RGA,40,230,219,0.1140295756357086,0.27981190981575144,0.7494923499236659
AEX6F3NHCLMPXTPAS2CVOUQMOEUA,34,152,168,0.18812375249500998,0.37697152041158166,0.7458253486670536
AHTUMCM7WLMQFR4ZZQY6V3DOYTGQ,18,68,78,0.1282051282051282,0.4053578803831391,0.7172423250926427
AF4IFF3OA55YOWXILYETWH57F7UQ,42,259,272,0.14532233557629695,0.2937387874537657,0.8134201549786246
AFIMONJ5LR4L5EUEJQVO4ISN43SA,23,60,70,0.09109730848861283,0.383659012532343,0.5126871880117252
AEW6LYMS7YOBKV3SAOVF7RZZMBOA,27,99,110,0.13444537114261884,0.36782887424248123,0.7058936495321909
AH43LZPH7256CHBSEDLZL4D3XWSA,20,66,51,0.0996078431372549,0.44577151965771195,0.6803808599623558
AFKFAIJ6F253YS4ZYM5EEA6FG66Q,18,70,73,0.15943683409436835,0.44790656452808253,0.619639599920148
AHSMLO2XZ7UYPFGD5PLPRZVKSUIA,19,60,55,0.1494949494949495,0.48259110253287685,0.5524023011875804
AEMF7JLOJ45VE3WDYLRTZO6ZPDUQ,29,99,75,0.1318918918918919,0.41643668120120403,0.7069561573892815
AGCTK2Z2ND3YCNM4ZCOI6CSEYSIQ,26,114,83,0.10431971789597413,0.37462813585292576,0.6610048602223586
AHSFFVE5G65JPMAA3PYUO2RWUA6Q,19,47,66,0.14498834498834498,0.446285151916783,0.7465887961078681
AEGCZJGVCDX7GD3ZDWYV7UOGJHZQ,39,234,230,0.1380292386557813,0.2994288850525167,0.88696286982587
AGYO7XP7YGN5MVWQT2B254GWJD2Q,16,52,59,0.15780245470485096,0.4792073595852403,0.6169779710481944
AEIMKGOOPJCFS55HP4VNWY4N3SVQ,23,87,92,0.1378404204491161,0.39303566852885224,0.6786085174157142
AEOVVAOWROFTZAWM7DP4J3ORLSQA,17,45,55,0.2101010101010101,0.5431971631389375,0.5927528573416417
AHNDLHG5E446HK5F4VRF6R44XYSA,28,97,105,0.12142857142857143,0.36144989554350176,0.693017460728353
AFJUNF4A25PMTEFDQIHCEN2ADIXA,18,52,51,0.1207843137254902,0.46694799024594724,0.40306917634949413
AEP4QCX5BLOJBRHIMJCQTVIBJ4RQ,29,129,132,0.1568355308813324,0.3698845462102849,0.6901751896582015
AG3JQ6U7SJNCLQ2ID3BXHDJS24YQ,19,68,64,0.1130952380952381,0.41906359193034015,0.5224642433405309
AGPM5O2RFTK3SWT5WTNXPVF62WJQ,24,66,63,0.11674347158218126,0.42760762994295876,0.6761283879605628
AGR23GQ772XEO5XCZ3UDPGUIVYOA,19,66,76,0.1649122807017544,0.445688098446745,0.5323543776283761
AE4E2RFS6VC4SQX6J55BNT7NM45A,32,103,114,0.11551001397298556,0.34476250916895673,0.7257734680111962
AHY2QS4G77WG5LI3VZ5QX4D3XMLQ,19,52,52,0.13122171945701358,0.4706631312790964,0.5941671468161882
AEVJRHZZOSWCWC4IVTH2QPPG775A,20,83,91,0.1264957264957265,0.38451089717605647,0.60121416824004
AEIIRIHLIYKQGI7ZOCIJTRDF5NPQ_2_2_1,34,273,261,0.17609784851164162,0.32790066275417723,0.7792984599982365
AFJUT5BEWATK37VVRUDVOQOWLKPQ,20,51,65,0.11538461538461539,0.42135296921971743,0.5287968276081308
AGLX23K3YYZ4NMO3V4CRUO7DSTQQ,38,181,173,0.16016937760451674,0.3468083237120111,0.8077516539282225
AH7SYWBR37OYUGQZXCIBUEHGISSA,21,53,60,0.17344632768361581,0.48944908471557547,0.7913995178762839
AEIXEEET2JH7UHPPX4WEFRYYX7IA,36,210,191,0.14973821989528796,0.3273164390893864,0.8186702509231029
AHGVHBZZ3SJIXLAZYKE3BUXRBW6Q,42,209,192,0.10629363001745201,0.28294454146765485,0.8454143847083833
AFRPWBSVEF2BQMQTKA33SMTXJI6Q,20,66,74,0.11551277304701962,0.4000575623563318,0.5213790611241463
AHQXAWB3MSHU3AWTNMTW3IJRUJCA,36,122,109,0.14271151885830785,0.3782460674585783,0.682205777876741
AFPT7MUXVAM4NE4IKGKSXS6G3AOQ,22,61,47,0.12950971322849214,0.4904102941160215,0.4668324878573718
AHOG65RHFEAC7IIYORF4NVA2ELRQ,20,59,52,0.10407239819004525,0.44351381001212814,0.5941671468161882
AES7PNXX6XJGBHPCE36TL35PGQ2Q,24,45,58,0.11857229280096794,0.43997719768135723,0.5916522758635323
AGFEBWDIGOPA2I5RFLYVRSTBXG7Q,30,120,115,0.147673531655225,0.3769260268511962,0.7917189523012268
AFAKTJSLYPNT723YXA7UODJDEMFQ,26,53,50,0.15755102040816327,0.5037146969286204,0.6029720201760312
AHARWDOEUNRTMI542YMXT7AVCEHA,20,57,60,0.12824858757062146,0.4442513446025811,0.5848581866522475
AFKKNZ23TDLTOKKSP43L6UPZIEDQ,23,96,64,0.12996031746031747,0.43592867129541957,0.7193369127092686
AHZRHNKVY4DBGRSOIBHU2ZMTIFYQ,24,63,56,0.13376623376623376,0.46086016269371166,0.5207874240069754
AELHYMCYVS6T35HA3UH5UGFWTK6Q,46,286,307,0.1340188627025186,0.2739472354521253,0.8339758276920433
AH2SMIKK7I7T5U4AVBUQBIWP5V3Q,39,292,279,0.1596916015574637,0.3064977006984488,0.826365629368784
AFKCZLML2XDKU534TBIHQXDAJWZQ,18,76,65,0.15048076923076922,0.45644912306587127,0.6129998695218872
AE5CXHJTPWY4NF2IIH2N5HQBYBJA,25,75,56,0.09675324675324676,0.42384717568072466,0.5592840534978557
AGKPBR7KJ5LDE42K7QB3UX3SIGFQ,21,75,61,0.11967213114754098,0.4356748881795006,0.6865502254993905
AFIWIDNKGCGYVNUZFYYRIPFIWA2Q,21,71,64,0.1185515873015873,0.42451994113668934,0.7193369127092686
AHM4OPQPH2VEAULTUPXDDXCTULIA,23,101,115,0.1315026697177727,0.3607551649137439,0.7699908111700997
AHUQ3WRTMZBW6VD6URAQHTQQZIHA,21,48,53,0.1625544267053701,0.501995838527453,0.5379907055121395
AF3GBDAA4XLVPJYDWRQ5BIG7JSTA,21,64,46,0.11690821256038647,0.4778087934479158,0.5982899322797393
AHU6H4OZYENZIG7OGXLW6LPFPIVQ,28,62,78,0.1774891774891775,0.4546419296671884,0.733110637248447
AGCYN5IKEDNDPRNNLVXPOZPLWN3A,24,87,75,0.12072072072072072,0.40526551003003286,0.6439071524268346
AEFKVSX3H7JBJ3AMZXSSRTL5ZKUA,35,150,159,0.14131040522251412,0.3360426873191322,0.7690696419507174
AF2LHYGBVJDHWNWA2HTDOOISZEYQ,22,60,59,0.20397428404441847,0.5253791889248078,0.656624835397579
AHM3J77TM53S5IMGFXFHC53BJ7QQ,21,66,78,0.1405261405261405,0.41767889270415137,0.5703116416701419
AHSQ5K552SD4NH32WTSPO4O4PPUA,40,308,299,0.17932257412852687,0.3211167408934198,0.8535871363796499
AELCHJO64W7III5PDR7RURIJV5CA,43,185,205,0.13089430894308943,0.30227086583034085,0.801087117343727
AGI2TAFRZNJHLDIPMIHA5DUYJFPQ,22,80,93,0.15404394576905095,0.4092391938487871,0.6693307183458336
AHIHAORYK52MNKEKMVQ7HI4AVONQ,25,98,101,0.1598019801980198,0.4045766632661014,0.7284678543675001
AESO27BUQYLOIWXWMISPD6XY2A4A,47,189,178,0.13197486193106076,0.31544124355450665,0.8198034328301359
AFNUK4ZREIOXG2KKXC7QXB66YQUA,23,55,49,0.2100340136054422,0.5633358365058478,0.5728493353252115
AE26QWXI2OZ4KCJPKNB6YZTNBR5Q,32,129,134,0.11154752553024352,0.32300064561444364,0.6362361172733904
AFS3ZTSIAQMOGYXILHK6MSBA2NEQ,21,60,67,0.12347354138398914,0.42477034831242716,0.5732415229318435
AHTKS67ZUSMEDXXG2G2EVA3EHOWQ,23,68,60,0.14745762711864407,0.4634603841506037,0.7025066573655866
AEIO7IC2JCLNTMWTN7NWQC2WSLVQ,26,79,62,0.1940772078265468,0.5049413661873243,0.6910888205045103
AFIAYD5EZYUL7P5HK4HIPGN43CTQ,20,49,57,0.16416040100250626,0.4912543299299842,0.5468153502685318
AEX4IPQYEQ4WPVENZW4GMACJIZGA,31,128,148,0.12070233498804928,0.3219058850599613,0.7852629376909346
AFKD6IIRG7SJSY2PLY4G6L7US4MA,29,99,67,0.12663952962460426,0.4279363365530423,0.6403789360053062
AFIGVDHYZFZAYERO26QVDKU4TAWA,31,143,122,0.15810865736350088,0.3797172428023989,0.8029903378474407
AFJKKKULVD462O6AJXMVUIRMZQKQ,17,57,48,0.15602836879432624,0.5093301916947319,0.47603123801194575
AFOOC4TGAAKXXWTRPPKD526LA7RA,22,68,57,0.19548872180451127,0.5225826507319892,0.7105917689139605
AFGMVOVC3JVTQIKZCWMU7GLGODOQ,22,52,48,0.15425531914893617,0.5075571420493419,0.6374441886844464
AHS4NPCYFLOXMQQWY5DL7H5AKLOA,25,62,78,0.11721611721611722,0.3943688693941281,0.6269412864201608
AHA5MSNKUQADZA6E7UAMRHJ3LOSQ,25,94,105,0.10695970695970695,0.3469810310746373,0.7153111854403504
AHJDX3QF4FK5G6VTSNE2SBINPO6A,20,52,56,0.11038961038961038,0.4374835393170883,0.5207874240069754
AFC2ORBDTHTTGKUIJ5GBTDI6ULQQ,33,91,93,0.07269752220663861,0.32789277028637476,0.620785983054642
AEWI5XIZD3CS2CT3ERJCKC3NC2DQ,25,78,69,0.16325660699062233,0.46008951074555976,0.6496882251686545
AHJVUQE36DK4XLBZPID5LBPC6BHA,41,214,231,0.1445887445887446,0.30598839098548003,0.796918283430777
AEDXXN3WREPYHF7VOGSKGJZFA7IA,21,61,60,0.14576271186440679,0.4617654688963664,0.5304207972758685
AFSBX5OVGYFLTYAEINDN3NGWNZ7Q,24,67,69,0.13768115942028986,0.4345140631752273,0.7195427964977879
AFVUNKZU6OKGHABGBKQRF3KS7WTQ,26,79,92,0.17176301958910656,0.4269582676688427,0.7570823850617521
AFYJ3754GI5AK5REM7E7IMYLG2OA,17,52,52,0.1282051282051282,0.46764654002721107,0.45051676871488366
AGAU5BH2622ISFNPF6E3FZGZ2G4Q,16,48,58,0.1996370235934664,0.5210419284738557,0.6933183282405708
AE3TKU2QYWGQA3RSTHN7CKZMHE4Q,22,73,73,0.11225266362252663,0.4007223940562408,0.619639599920148
AFOTJXRQDUCKYFT2PPHRCVFKDN7A,22,65,54,0.15024458420684836,0.4833407372447758,0.7446300394624509
AES2TITGKXHZZPQ6NQQXHK5RQP3Q,21,63,62,0.08196721311475409,0.3928313714755316,0.4595883398405021
AFSB4OKA7PVZYWLCYU4464RHAUWA,18,75,59,0.11455289304500292,0.43595779792539224,0.5787412193093191
AFE3KSBVH635IKGQVCPZIMGL6ROA,27,75,85,0.1599439775910364,0.4270150522025387,0.7099032491461267
AF3ZQA2HLR53CZ3LCLMZUTN64BMQ,18,46,62,0.09360126916975145,0.40446542753052894,0.49251826355669426
AG74K4LM3CPISJHR2JAFIV7BWQKA,32,72,56,0.17467532467532468,0.5017692536028026,0.5398826411842328
AGYGWOTELHRTF6OJXYJLPIPVPQCA,23,80,86,0.11354309165526676,0.3774904205075064,0.6060028131004482
AHJC32PF2J3DSTP76N5YT5RF3T6Q,32,106,107,0.10121671662846059,0.3389629057554683,0.709213850756488
AFNMR225HEQXEVOYEYDQZXMDFUQA,23,67,66,0.12167832167832168,0.4229751286067597,0.6531718816506668
AFNVHFWZWJWPVYNZ7MRSSP2Y6RXA,26,99,109,0.19011213047910297,0.4256466790793734,0.8164520395744566
AGMEEC2LLXHBMVAEVVKVQ4JPGZ2A,16,51,58,0.18148820326678766,0.502893108147177,0.5724451086946694
AED44JCNUQP4Q25OI2UTBCLYVVCA,20,53,62,0.1285034373347435,0.43936759569552103,0.5609326986953191
AED3PQGKE2MP7OA6YA7ITROMHQEQ,43,320,294,0.16277773908198093,0.30553323324109266,0.8109972219944515
AHBQCIOT4JDHIT5CMKFXMLKBQ2EA,24,67,66,0.08811188811188811,0.38940869504032616,0.47198295207606744
AEFTTOKTYVK4P65S7TFLFZDMURJQ,23,115,104,0.17251680358476476,0.4125381276996951,0.8209391890513952
AGA4ZROJLSQMSIRXATGSO7LJPIKQ,36,207,195,0.1423209093312186,0.3180588900630189,0.8285234574783885
AHY5EQP2NXLDUS65OPMXMM3TMQNA,18,53,52,0.16063348416289594,0.5000748959849788,0.45051676871488366
AFCGZ22Q6PGK4CYOXTXDWUB4HTGA,16,67,77,0.19514695830485304,0.4759227760498437,0.637326240623199
AE3TWUAOUGACXZQFGGAMV5ZGDQOQ,24,63,46,0.12367149758454106,0.4845720784720704,0.5023354776519451
AE3KLVXGZPANXE5XLXYKHTVAZ3FQ,27,112,108,0.11941848390446522,0.35495303250473564,0.7448200801088707
AHHLTGESVKQVOHKAURKEZBRHMF6A,24,77,83,0.13164854540111667,0.4019569633580683,0.7632395454317435
AEHY474ZXCBIST6LCUFKNRSXON2Q,22,70,72,0.06338028169014084,0.351850012123855,0.5994195341355926
AEQXZCNKESE5KNCYCQZROO7GZRKQ,39,184,209,0.13387927861612073,0.3035999845271622,0.7710077136082839
AFTFDX6Q66PKOISC36VFGNRLSYUA,34,166,151,0.1297130242825607,0.32957071610531713,0.7973958071341308
AGHIAL5ERJJS5DLXOGU4PO4YPKDA,24,93,71,0.1271629778672032,0.4197246819109334,0.6585330916353251
AELJQ3VP26KANKYL3PDK5BYQLAXQ,16,53,52,0.09351432880844646,0.43295574063052933,0.5099610345478525
AGFN3252BBTYUJUUDQMAGYZNUT5A_1,34,240,191,0.13965279691375035,0.31723101610784876,0.8446374460845263
AGNYFMS6OLLMFUWWSSR5AHC5WBUQ,22,50,62,0.195134849286092,0.5059990076468696,0.7111647895128779
AHFHWIE5I6WPLXLYUQCXAFOVRV5A,23,94,92,0.15384615384615385,0.40904140192589,0.5697501430784786
AGXAVDHJOM2CZKJYOTOOP32KVUOQ,27,95,101,0.18514851485148515,0.4299231979195668,0.7049367905739587
AH5RSXUJXN5QO34BV3OF3CMG655A,23,60,73,0.15030441400304415,0.43877414443675833,0.5891062946257366
AEQFY32CE5CX4736RGL5MSMLV5UQ,25,86,95,0.19955207166853303,0.4520178803312149,0.7253205608973698
AGDQR7EYHX5Z7Q6OCXXTGHQZV7EA,27,78,68,0.1356453028972783,0.4324782066522157,0.662303804618508
AESS74O6T2TUXQ3QFIPNL5KBBZKA,17,51,49,0.08758503401360544,0.44088685691401114,0.5062850347520251
AHCLVNN7XIIJQ6AMCQJ2VWXBDPGQ,33,136,126,0.19225396825396826,0.4103165875389535,0.7790669070972254
AFOI5JOKDCYBNP6G3PIGN3FPIO2A,16,67,70,0.20248447204968945,0.4950461760934196,0.6213070806839643
AHFCWSKACRWBMRUSHWOM7NEZLSBA,18,58,52,0.13650075414781296,0.4759421659698958,0.6162724526839611
AE37EGKBIZNM76LDJ2N6BGHTRZNA,26,52,57,0.10964912280701754,0.43674305173449546,0.5279666876087183
AFTCZPOQMEHTBI6EASOCKG5LWCKQ,23,86,72,0.11737089201877934,0.4058406224524935,0.6149490682652078
AE7JBM6K7UPOFSXSCXY2VAWFWD4A,23,56,64,0.10912698412698413,0.4150953379620862,0.442419163145863
AH5IZV3CROHO2XHVBMBBS2MSMOWQ,16,44,56,0.17337662337662338,0.5004705523041013,0.5592840534978557
AHI67RO3D527NGHY3BUSNSU3MMVQ,27,101,92,0.22097467749641664,0.4761699255761528,0.7848205835541717
AGM2A2VZQTAS3OVZNQZ4OYO3BWHA,37,143,169,0.12404902789518174,0.31289679581175345,0.7679860571621373
AGLOSDW6BQHIKTVEKCI23IAZCY7A,42,187,204,0.11600502269873467,0.2873815795859861,0.7600199345734064
AFOMW4XMP7LLRB2UZIQGTH3HHCWQ,24,56,51,0.17411764705882352,0.5202813235792806,0.6097335482929176
AEKBPFBX43IZ5DPNC5JU7NSRZ7FA,31,103,99,0.1453308596165739,0.3925906285597575,0.7113692173816772
AGUCUEA7OM5LD66E3TZQAH475MMQ,37,144,186,0.0954373728567277,0.27491487836772904,0.788147051154001
AEP4KJDGBH6XPJKFEHPYSAPUNDBQ,35,129,128,0.12573818897637795,0.34209048680166365,0.7170048621685091
AEDIN436FJT2VQGGITVASPGVSDUQ,41,176,234,0.14001687392245332,0.3000310899990736,0.8044355004368808
AGWXZA5KLFY7A3BM55VDVKNSBBHQ,26,83,90,0.18476903870162298,0.44278420938195295,0.724718831033547
AHPDWNIO6GPOATZP63X3FUAQPPQA,39,153,146,0.12848370335380255,0.3310606724417252,0.7659945348747665
AG6XXBNJSWEZT4BFI3ZZNA52ACKA,21,59,73,0.10273972602739725,0.3912094564611115,0.6351944018676907
AH4OIKU2GPQPLNH7F36HQCDKR3IA,22,50,53,0.1262699564586357,0.4657113682807186,0.6448702362084395
AHBIJ2LIUGHYB52V33SJ5B3X7PKQ,22,87,79,0.17721518987341772,0.4543679420514286,0.7205135344323988
AGIIKUUJY44Y5QBXG5SFVD5IY4JA,26,126,131,0.19624192601291837,0.4109235247211159,0.7499933541650592
AHDKNBCGKFE7YQJCLD5CSAVGDKTA,28,115,106,0.21545372866127582,0.4531999177882835,0.7751893519069235
AEM6W3ILBY2U4WLIT5AOKS53I53A,27,102,82,0.10237880156579343,0.37268721952274503,0.5494920024557067
AF5HBFQDGPBBPLTYS4UIFO6EGHEQ,22,69,52,0.10935143288084465,0.4487928447029275,0.6858421750778491
AGYU37WHMPZ46LARWU6EVYEVA24A,27,143,149,0.18846363141665154,0.3896671814885636,0.803089357290577
AGM4DDDEGGEVOSXIEZDCZ4I4WVMA,19,64,53,0.19521044992743106,0.534651861749514,0.6448702362084395
AF6J5S76N3E52XNARY66M2ITNNZA,16,68,71,0.14406438631790744,0.4366260903616376,0.6101432035462102
AFYOUD6JHLIXCTM2NYWNARHGVFMQ,19,73,71,0.13319919517102616,0.42576089921475635,0.6101432035462102
AELJS2BCGY3MO6DUM7UABUMIR2FQ,18,75,61,0.10382513661202186,0.4198278936439815,0.5726190191204755
AG5M3UXGXFXQMEUI3HQFQU4GF5QA,18,52,58,0.10344827586206896,0.42485318074245826,0.5916522758635323
AFFSSZFCSN4TEOSSF23HO7ZOYD6Q,29,124,90,0.13583021223470662,0.39384538291503657,0.6980977777834407
AF4UB2PGVLHK45WF7I6OED36OQDA,36,241,257,0.1463399805447471,0.2993241574622981,0.7760135020749865
AGQDS36T44DAQCNPZ2JZFGS2BOFA,30,92,80,0.15727848101265823,0.43094489626825694,0.7084448997869988
AFONENWGNXXIUGGYZKWZ3GPZI36Q,49,300,227,0.1776538926357647,0.3404755898253562,0.8248756206582852
AEVTMBEF3SO72ZFYYULPKGOO6S4A,20,53,52,0.19607843137254902,0.5355198431946319,0.6620434254942276
AGX2Z5MHU534F6QN446JLSQKZ4VQ,41,265,237,0.14828720589286992,0.3076219530144192,0.7676294858645201
AFAZ7BYC4253DDBXQSHTLJ34PBDA,22,79,61,0.146448087431694,0.4624508444636536,0.5196242178758462
AFVOZ4UNUZKEQ7GTQ3IHQY7PZ5FA_1,47,376,383,0.16313753366232417,0.28837515646475576,0.8849108558010593
AGLI2MZXMBJZN2LUL3A23ATGMRPA,34,184,200,0.16628140703517588,0.3393632452954044,0.7845248427071756
AGQYXWUJLYNMIMVTCD5MBB5E6TKA,25,67,55,0.15555555555555556,0.48865170859348295,0.47557989721527144
AF4DRNWYQUORJOPAVYG7FNYK236A,26,61,63,0.11162314388120839,0.42248730224198594,0.6022057325793105
AELDRQNEHJKEJ3QZM6SVNWUF2UTQ,32,129,124,0.12614739050616314,0.3459615449109177,0.6808563924526507
AGLRCLAE5XJSLRKSM47RCFY5O2JA,29,88,71,0.14527162977867203,0.4378333338224022,0.7818373743212264
AETFWHTO6X2T3ADRTRUXJJDEXWBQ,19,71,50,0.13306122448979593,0.47922490101025295,0.6747284568901861
AGX35ESQFFIHQKVWS2TWSF6BZYTQ,19,54,66,0.12214452214452215,0.42344132907296017,0.7080110824260649
AF3YCUIIEWLKFZUPK75OBCSMB3QQ,22,92,94,0.21070693205216198,0.46317274071484393,0.7226299411397532
AFCQFWUU42HNXPDDY72QCVHDPBHA,24,57,47,0.25716928769657726,0.6180698685841066,0.8023384942360235
AGCVOYO6WC6M4KYGVG4NC5VNNZPQ,19,72,61,0.10983606557377049,0.42583882260573014,0.6092753847257502
AEDDFVC2YXEZOQDIVJL5N2CQB4DA,22,78,76,0.1368421052631579,0.4176179230081485,0.7432263119949354
AEESOLSSR4LALOZ372WQ2PZBLLSA,41,226,223,0.1545267240334505,0.3188087347376872,0.8057943993841202
AG76OCDIX3F6A2HVEF6RKQKMMYUA,20,59,44,0.11627906976744186,0.4852907888197081,0.5826971781169554
AHY2TURQPNIDXZGH2CMQLZ343YMQ,33,154,152,0.1906587661205995,0.38919725084128054,0.7986593467788173
AEFDMVDBTPVJ54OUWN5S5UAEQL2Q,26,72,65,0.1778846153846154,0.48385296921971743,0.6305683180015698
AEA3ZE7FWZ4HS7Y7XTMWH5VY2L3Q,21,59,80,0.12974683544303797,0.40341325069863665,0.4623231061733239
AGDFPMZUWIYJBX3DTVC2ZPJPALGA,26,124,113,0.16150442477876106,0.3927947600083313,0.7340266448088203
AHX25MN3P7B6FZCQIZDBLBNIGKZQ,24,97,103,0.1262135922330097,0.3685766432557649,0.665290579971535
AGF5RVFM6B7LTHYFA2BZBRWO33OA,30,89,88,0.18051201671891326,0.44144270559807586,0.6140312867743754
AEQW3WUE2MBP5LKAK4KNN7ER2VIA,20,52,63,0.11469534050179211,0.4255594988625696,0.5844708045978679
AE374LLQ4N5HUWHFHZCUVTA6K37Q,21,83,76,0.13263157894736843,0.41340739669235904,0.6034980599950437
AHY6GBYQX3XLNDQN6X2FOV3UGKVA,22,56,53,0.17053701015965167,0.5099784219817345,0.6676864852114199
AHROI4P63GJBWUL457XH2BOLUT4Q,23,64,65,0.13365384615384615,0.43962219998894825,0.6129998695218872
AHXHAZ4EW6MVBQFMWLQ3OOVRSCIA,29,78,69,0.10699062233589088,0.4038235260908283,0.5841054594245085
AED23W2XZJFEV4S4RBIYPAYTMZDA,18,53,48,0.10106382978723404,0.45436565268763973,0.5652484470288064
AEQKDH33QLWB7DAQYYFQQ3WJLFWQ,17,46,70,0.15486542443064183,0.447427128474372,0.5428293509855804
AG247MO6LCT6AVOQPX5N4TXUVP4Q,20,76,72,0.12910798122065728,0.4175777116543715,0.5994195341355926
AHPPNXBRVHYJ4U5ULMVS62PKMWWA,19,43,63,0.11674347158218126,0.42760762994295876,0.4668264493140682
AFACZSTCNX6VMUJQGUK3YVE6CK5Q,34,178,178,0.14555957595378657,0.3290259575772325,0.799250771687762
AETBVLWLQTJUDMRM2MROJ3JFBTPQ,27,94,86,0.09521203830369357,0.3591593671559332,0.6060028131004482
AEYRVFKM3PK3OWJQEK3U6RMFZ5ZQ,28,185,192,0.12647251308900523,0.30312342453920804,0.7638459299898989
AEIK5CF6YXQFSLAAHDXNGHNVKPRQ,18,65,66,0.22517482517482518,0.5264716321032632,0.6531718816506668
AEKC7ZX3MTZLRSZMDQG7MGDAZTNQ,18,60,46,0.17777777777777778,0.5386783586653071,0.5255311297144025
AFPDURRPOTJU7UIJXEEQ66K3CWSQ,23,46,56,0.12987012987012986,0.45696405879760776,0.5990868734757044
AGGF56HQRPIWUGGVP4M3FY3EXYOQ,24,61,64,0.08482142857142858,0.3907897824065306,0.6435387481207164
AERPI4FAV5T5IFS2QYG3B5Y6IPAA,33,125,113,0.13953855878634638,0.3708288940159166,0.6723497406592099
AFQ6DHE7IBI76LX6VHJQHQTGNCLQ,22,126,118,0.19324931189337968,0.41858267222996215,0.7967032201910438
AFSH2ADUKP7QBX2P6BCWUKZYE5NQ,17,51,59,0.11279953243717125,0.43420443731756053,0.5057611592104926
AHDDU73MUBMMU54XRAZN2YX3KGAA,28,107,91,0.126007326007326,0.384022496687656,0.7826182016466118
AFTPYOWXMACLVYLUMVFHD4TYLIFQ,27,93,87,0.13793103448275862,0.40187836333499827,0.7160155345991994
