uid,uid_idx,B_A,B_B,p_min_B_hat,p_min_B_lb,sigma_min_B_hat,sigma_min_B_lb,eps_ub_B,M_u_cert,B_required,fail_reason,eligible
AHV6H47Q27APRA4MHJXBNUXX6UEA,0,1796,3346,0.008979,0.000000,0.980081,0.957087,0.051315,-0.051315,inf,p_lb=0,False
AHCKJN7BM7AH67UDRPN3CVNHHRTA,1,2435,2257,0.007168,0.000000,0.980115,0.956066,0.062547,-0.062547,inf,p_lb=0,False
AHUBGR64B3GHNP33IYL4RW6YNIGQ,2,2923,2654,0.008091,0.000000,0.980059,0.955044,0.057741,-0.057741,inf,p_lb=0,False
AEIJL24A6RZD6PE4LFOYLHMB5BOA,3,2151,1944,0.009091,0.000000,0.980005,0.958056,0.067255,-0.067255,inf,p_lb=0,False
AGAG2PQ2KCR5GMH3CMIBKCBOZQSQ,4,3782,4309,0.012672,0.000000,0.982225,0.956066,0.045267,-0.045267,inf,p_lb=0,False
AG2YYEC55OFZYRI6WAZ4A3267W2Q,5,2997,3198,0.011321,0.000000,0.981524,0.957036,0.052492,-0.052492,inf,p_lb=0,False
AHUX7IEXVU62RIOMQQ773RNTZ7EQ,6,5341,5073,0.015221,0.000000,0.981708,0.957087,0.041675,-0.041675,inf,p_lb=0,False
AFL5V4KMZMLILUIYATP7RHN2BTUA,7,2527,2534,0.010234,0.000000,0.980677,0.957087,0.058967,-0.058967,inf,p_lb=0,False
AFCHDDQ4PQGOSYA66FSK4KUAOUDA,8,4428,4649,0.010797,0.000000,0.981363,0.957036,0.043536,-0.043536,inf,p_lb=0,False
AEPSNPZWAOSASXZW6F6GJZD4RZ6Q,9,3271,2688,0.014472,0.000000,0.981381,0.957036,0.057256,-0.057256,inf,p_lb=0,False
AEBRHRPGW3XTHRIST5JBCSBRV2YQ,10,1767,1824,0.010619,0.000000,0.979604,0.954021,0.069725,-0.069725,inf,p_lb=0,False
AEGZSPOEFGEEXIKTIPZ62HCJJILA,11,2751,3001,0.009563,0.000000,0.981709,0.957087,0.054185,-0.054185,inf,p_lb=0,False
AFLQ6X2P5FJIO6BG25LEO5BY6NUQ,12,2457,2373,0.009631,0.000000,0.979028,0.952946,0.061199,-0.061199,inf,p_lb=0,False
AF6QHJSY6N5MMHTC5L26QOTX6K3Q,13,21913,18739,0.017038,0.001746,0.982061,0.959075,0.021639,-0.020033,3129107.411157,eps_dominant,False
AE65YJ4S74KNCPHITVS2RGW6HZMA,14,2212,2875,0.013636,0.000000,0.980941,0.957087,0.055359,-0.055359,inf,p_lb=0,False
AE5ENPQDNKIJMBAKVDSJOTU573YA,15,8951,10846,0.009505,0.000000,0.982363,0.958107,0.028472,-0.028472,inf,p_lb=0,False
AE5QZEEWDFEG5S46RP5DHOGQFFPQ,16,3149,3096,0.010989,0.000000,0.980649,0.958107,0.053290,-0.053290,inf,p_lb=0,False
AFDRY7B5ON4J7XFAJOTBQNWCAPPQ,17,3597,3211,0.014477,0.000000,0.981448,0.957036,0.052386,-0.052386,inf,p_lb=0,False
AGUJGT64W3FGFMJTIJBYJFPLUDAA,18,5456,6001,0.014388,0.000000,0.982283,0.959126,0.038236,-0.038236,inf,p_lb=0,False
AGAMBW4YURLNKK5KW5EDKDC2ZMOA,19,2958,2562,0.012251,0.000000,0.981658,0.956015,0.058709,-0.058709,inf,p_lb=0,False
AGHCMB24BP3XPSVIJJ24BNYUF3KQ,20,4303,5746,0.016039,0.000000,0.981647,0.958107,0.039117,-0.039117,inf,p_lb=0,False
AGT2KDRLM26MXIDQTURAONUUC3YQ,21,2480,2952,0.008322,0.000000,0.981086,0.956985,0.054638,-0.054638,inf,p_lb=0,False
AEOOVIA4OZ4YXXMOX52QKRFPI44A,22,5615,5279,0.013889,0.000000,0.981299,0.957087,0.040854,-0.040854,inf,p_lb=0,False
AFWAQN3ITXKIYH3ZEARLO7PJLINQ,23,6737,4660,0.011639,0.000000,0.981896,0.958107,0.043436,-0.043436,inf,p_lb=0,False
AFUU7IDCZCKYQN4XFG2NUS2SB4MQ,24,5592,6380,0.014898,0.000000,0.981642,0.957087,0.037162,-0.037162,inf,p_lb=0,False
AHQLV6Q4IX2WPEFGJW3HFIYXCYIQ,25,8382,8190,0.016162,0.000000,0.982467,0.960143,0.032695,-0.032695,inf,p_lb=0,False
AGKBFSXT5MSPV2DLOXJ52CES22EA,26,11016,9792,0.015563,0.000000,0.980365,0.956066,0.030029,-0.030029,inf,p_lb=0,False
AET3XU3MM3F7EIVNMOR3L3WGA2LQ,27,4037,3104,0.009126,0.000000,0.981499,0.958056,0.053224,-0.053224,inf,p_lb=0,False
AG4DR3M7IIZN3Y3YCCSSW3BJZL7Q,28,2035,2042,0.012567,0.000000,0.981815,0.957087,0.065687,-0.065687,inf,p_lb=0,False
AHGIDR4IJFS23Q4GTZ33FI5LYDSQ_1,29,72214,72461,0.017946,0.010170,0.980587,0.956015,0.011039,-0.001744,93417.554525,eps_dominant,False
AEX2FAB4OAZBA2MWYMQPDZBYWD3Q,30,10918,9848,0.014943,0.000000,0.981178,0.955044,0.029975,-0.029975,inf,p_lb=0,False
AESVYYXWEFTU2N53XMDLBA45DDYA,31,5071,4925,0.012057,0.000000,0.981570,0.958107,0.042252,-0.042252,inf,p_lb=0,False
AFAQXBR4VC67CCGJBTSIXE2TASMQ,32,2788,1900,0.007299,0.000000,0.980737,0.957036,0.068101,-0.068101,inf,p_lb=0,False
AHK2L4IXTHN63SWGMDGQERGEUP2A,33,2271,2275,0.004862,0.000000,0.981436,0.958107,0.062167,-0.062167,inf,p_lb=0,False
AGWGWBQWVHYNPPXU2MGPT55CCUDQ,34,4071,4085,0.007477,0.000000,0.979753,0.954993,0.046544,-0.046544,inf,p_lb=0,False
AHL5NDZ4IEYIQJVI2PZ66LORSVHQ,35,4306,5642,0.011010,0.000000,0.981529,0.958056,0.039478,-0.039478,inf,p_lb=0,False
AF42QWADO6J4PFNPBK3OX26TMW5A,36,3365,4276,0.009317,0.000000,0.982069,0.958107,0.045345,-0.045345,inf,p_lb=0,False
AEX7WYICU67C57WTXC4HTJEKRYEA,37,2857,2425,0.013913,0.000000,0.981138,0.958056,0.060216,-0.060216,inf,p_lb=0,False
AEKD5GQ2WB55LKLFB7ECXBCXE5LQ,38,1834,2115,0.009887,0.000000,0.980191,0.955044,0.064682,-0.064682,inf,p_lb=0,False
AEGUMA7C7RCKZZMFDM7SGENNPHEQ,39,3646,3677,0.008448,0.000000,0.981597,0.957087,0.048951,-0.048951,inf,p_lb=0,False
AG7ZCPDIT7UCFJYYA23SOBDVJQUA,40,2843,3695,0.011927,0.000000,0.979703,0.955044,0.048936,-0.048936,inf,p_lb=0,False
AEOGGJJ6BOOK4G6I4XVUWGRIFHLQ,41,2525,3648,0.011790,0.000000,0.980428,0.954993,0.049253,-0.049253,inf,p_lb=0,False
AEIIRIHLIYKQGI7ZOCIJTRDF5NPQ,42,43157,43925,0.018892,0.008904,0.982331,0.959075,0.014134,-0.005944,120328.746466,eps_dominant,False
AEUJ3FOUSGG2XIDTPMGI2SHTYYEQ,43,2923,2417,0.014881,0.000000,0.981317,0.958107,0.060313,-0.060313,inf,p_lb=0,False
AGAL7TBNIA5LBEDTLYXPUVI73EGA,44,1892,2465,0.011494,0.000000,0.981185,0.957087,0.059786,-0.059786,inf,p_lb=0,False
AGVAFSJVSPGXMBKR4N6PEOAXNGFA,45,2750,3193,0.010000,0.000000,0.980354,0.956015,0.052589,-0.052589,inf,p_lb=0,False
AF6XC4E3EQUHTIFENI7UCZZP2W3A,46,2840,2724,0.009119,0.000000,0.980063,0.952946,0.057120,-0.057120,inf,p_lb=0,False
AEFVTTFB7NFHCAZVLUULL3YC7WMA,47,5733,5432,0.016679,0.000000,0.981685,0.958107,0.040232,-0.040232,inf,p_lb=0,False
AERDCAMJOVIBWC7P3ZRCGDXSHBXQ,48,6949,7280,0.010484,0.000000,0.981017,0.957087,0.034789,-0.034789,inf,p_lb=0,False
AFGWCEWI3OHN7FY2LMERQCWMGEDA,49,2296,3300,0.013398,0.000000,0.981287,0.956066,0.051727,-0.051727,inf,p_lb=0,False
AEENPBAQW2HUWECL2FQNMHE4V7LQ,50,3387,3247,0.011555,0.000000,0.981269,0.957036,0.052094,-0.052094,inf,p_lb=0,False
AFUW2GXCX7JQHWKDVTGDPJMHH3MA,51,2401,2600,0.013393,0.000000,0.980597,0.957036,0.058217,-0.058217,inf,p_lb=0,False
AH3QVJC4HE27T5C4YYQKCHTK2QJQ,52,2407,1666,0.006329,0.000000,0.979807,0.956015,0.072805,-0.072805,inf,p_lb=0,False
AHKMC6HKGYSGHJDP5GW6RWQSTRGQ,53,23323,22003,0.019436,0.005323,0.982234,0.958107,0.019990,-0.015103,337982.988695,eps_dominant,False
AFUMSQC45PQBCIMVH52XX4YMAO7A,54,2075,2031,0.010703,0.000000,0.981623,0.957036,0.065869,-0.065869,inf,p_lb=0,False
AHUCKCTVD7WAARGGJSAVNYJ7XNQA,55,8983,8101,0.013787,0.000000,0.981086,0.956066,0.033014,-0.033014,inf,p_lb=0,False
AHKJSKH6YVZBHB4RWPMNZ35XTSWA,56,4094,3296,0.012802,0.000000,0.981939,0.957087,0.051703,-0.051703,inf,p_lb=0,False
AH5QXFJMHWDY4JTLDXHX7D7CP4UQ,57,3468,3607,0.015119,0.000000,0.981177,0.956066,0.049477,-0.049477,inf,p_lb=0,False
AFYGP4P2LGVKLJSWQBS2UQUNMRTQ,58,6635,6562,0.017431,0.000000,0.981984,0.958107,0.036604,-0.036604,inf,p_lb=0,False
AFX5IGBDCJTOVQYLRYGN5CIRNXQQ,59,3121,2984,0.008537,0.000000,0.980532,0.958056,0.054284,-0.054284,inf,p_lb=0,False
AHUPEIJQN2Q4QVUFILFTMR7EMJ7Q,60,3356,2166,0.012024,0.000000,0.981264,0.958107,0.063712,-0.063712,inf,p_lb=0,False
AGSL6AZFE33KNFOXBRS46SYVPOKQ,61,3007,2177,0.010929,0.000000,0.980813,0.955044,0.063754,-0.063754,inf,p_lb=0,False
AGG6GW3UXEHSKNM42L5S53HKF4VA,62,2472,2300,0.009662,0.000000,0.981021,0.955044,0.062026,-0.062026,inf,p_lb=0,False
AHK246ZALZYM5VHTAYNN3NZNDPIA,63,3589,2791,0.013093,0.000000,0.981446,0.958056,0.056129,-0.056129,inf,p_lb=0,False
AGI7VGGY6KHYC3RL2LFTHFYHLSGQ,64,3309,4734,0.012346,0.000000,0.981671,0.956066,0.043188,-0.043188,inf,p_lb=0,False
AFHRBFA4AXNH4BI2WYWQNSSUXLNQ,65,2612,2775,0.007102,0.000000,0.981027,0.957036,0.056351,-0.056351,inf,p_lb=0,False
AGZYQI6JEAM6SRESPT47MFZTH5YQ,66,1838,2462,0.010738,0.000000,0.980309,0.956066,0.059887,-0.059887,inf,p_lb=0,False
AHBWIJ4QQRF42MJW4FKDCG7TOTJQ,67,2087,1941,0.013233,0.000000,0.980366,0.955044,0.067519,-0.067519,inf,p_lb=0,False
AELDZFZBYIQM2S7GTSUJYQFB4LRA,68,3232,2504,0.012739,0.000000,0.980509,0.956066,0.059382,-0.059382,inf,p_lb=0,False
AE4DGEQFZNLTIUBHZLR4UGIBPCKQ,69,2811,2399,0.012085,0.000000,0.979900,0.957087,0.060603,-0.060603,inf,p_lb=0,False
AFCZZIKMW5WVWXQVPWCQFLXF2YJA,70,3029,3251,0.014121,0.000000,0.981316,0.957036,0.052062,-0.052062,inf,p_lb=0,False
AG4F2ZYQNVQG7M6GYNFPTV72IR6Q,71,2695,2934,0.008872,0.000000,0.981128,0.957087,0.054800,-0.054800,inf,p_lb=0,False
AEE3T6A7BRUSROQJ3OXHFXVJINSQ,72,2907,2669,0.012766,0.000000,0.981325,0.958107,0.057395,-0.057395,inf,p_lb=0,False
AFJQ7PUOS5R665KP35G6XAQJ7OOA,73,5423,5838,0.017118,0.000000,0.982392,0.959075,0.038768,-0.038768,inf,p_lb=0,False
AHLERJU22LDSKSBOBPFQSQDZ6UVQ,74,2891,3165,0.009115,0.000000,0.981564,0.957036,0.052765,-0.052765,inf,p_lb=0,False
AFULMP5FW2Q3ONUCFOKVURLJNWSA,75,3727,3992,0.012922,0.000000,0.980973,0.956066,0.047030,-0.047030,inf,p_lb=0,False
AHUWQT5AKAF6WGOBNGDXSH5QLBXQ,76,4792,4257,0.016637,0.000000,0.981812,0.959075,0.045400,-0.045400,inf,p_lb=0,False
AG3AOFIHO3UGRYIVDWWB4VQQXZRQ,77,4570,4634,0.011971,0.000000,0.980765,0.957036,0.043607,-0.043607,inf,p_lb=0,False
AFJWF2QUDYVVTT5Q6UTEBR5SNENQ,78,7957,6952,0.010547,0.000000,0.981105,0.957087,0.035600,-0.035600,inf,p_lb=0,False
AGNWFBNXATPJXGLZ24PZ42I47Q6A,79,5611,6187,0.011276,0.000000,0.981216,0.956066,0.037777,-0.037777,inf,p_lb=0,False
AHID5S4JG4RV2QIELUKZX4VYTJ3Q,80,3961,4641,0.014683,0.000000,0.982292,0.959126,0.043479,-0.043479,inf,p_lb=0,False
AFPM4D74WWLFUJC7UGYUBK5FY4KQ,81,5830,5502,0.012346,0.000000,0.981316,0.956066,0.040060,-0.040060,inf,p_lb=0,False
AEF2IJS3DKNREFZSMNYOEP2IHQCQ,82,2745,2743,0.008942,0.000000,0.981092,0.955044,0.056797,-0.056797,inf,p_lb=0,False
AGPWOAP6AQMZBGXGAMONUTG6MUPQ,83,2589,3460,0.011976,0.000000,0.981745,0.958005,0.050414,-0.050414,inf,p_lb=0,False
AFAULPBMUOOX3XXRPXYWEN5MFTLA,84,3107,2466,0.016644,0.000000,0.980933,0.957036,0.059777,-0.059777,inf,p_lb=0,False
AF5QVEMAHL2ZN7BTEQ2QXX6HJSMA,85,26715,27230,0.017312,0.004627,0.982080,0.957036,0.017989,-0.013751,449448.373008,eps_dominant,False
AHIROBPKOELF4WANNKCEDAKVRW2Q,86,4171,4576,0.013889,0.000000,0.981007,0.957036,0.043882,-0.043882,inf,p_lb=0,False
AGV7MJIYWVS7UVMOHQW5FYIEQC3A,87,6798,6831,0.014543,0.000000,0.980985,0.956066,0.035953,-0.035953,inf,p_lb=0,False
AE2A3YEXH2AZOBNQ5EV2OYZXTEXA,88,2540,2227,0.008446,0.000000,0.980740,0.956015,0.062970,-0.062970,inf,p_lb=0,False
AEX7XGYOI6YZR2LS63EGJPXVXODA,89,3437,3202,0.009485,0.000000,0.981065,0.957087,0.052456,-0.052456,inf,p_lb=0,False
AF6AT6CU75HFF3TWERXKIRKE4VNA,90,2398,2789,0.010256,0.000000,0.981562,0.958107,0.056147,-0.056147,inf,p_lb=0,False
AHKXLKWJKWHMQMPU6IOKT7V7X4XQ,91,6166,4418,0.016083,0.000000,0.981933,0.956066,0.044705,-0.044705,inf,p_lb=0,False
AG6WVGUFXMF4LIAR7IDGHQV2DI5Q,92,2320,3301,0.013714,0.000000,0.981690,0.958107,0.051609,-0.051609,inf,p_lb=0,False
AGOCGNCMX5ERMMXJUYIWEVHJLA5Q,93,3635,3497,0.010924,0.000000,0.980823,0.957087,0.050195,-0.050195,inf,p_lb=0,False
AGQ3W32M4PSLHXUBYGJUKRLME5SA,94,3970,3453,0.011765,0.000000,0.981059,0.957087,0.050514,-0.050514,inf,p_lb=0,False
AH4YB5ZEFH665NEW5CYWR3IRP5GQ,95,3662,3788,0.014151,0.000000,0.981693,0.958107,0.048177,-0.048177,inf,p_lb=0,False
AGXFF2FNG5W6EJP6H55EDLIC26BA,96,3024,3268,0.012926,0.000000,0.981174,0.957087,0.051924,-0.051924,inf,p_lb=0,False
AGYNSON76GT77CALAB2ZU5ZUVUSQ,97,3271,3843,0.006036,0.000000,0.980641,0.957036,0.047885,-0.047885,inf,p_lb=0,False
AHNUSETJLQ6B2XVIZ6K46HQ7LKDQ,98,2180,1632,0.006397,0.000000,0.979725,0.955964,0.073563,-0.073563,inf,p_lb=0,False
AH2OU52CNFVSHVSDFK6TJLWCMDFQ,99,2741,2765,0.011236,0.000000,0.980723,0.958107,0.056390,-0.056390,inf,p_lb=0,False
AHOB6DWWDUHGACMKP2SXX5GHTXDA,100,5580,5353,0.014388,0.000000,0.981148,0.957036,0.040573,-0.040573,inf,p_lb=0,False
AHZQJGJ6VCSHEZ2WA3YKZVGR5IDQ,101,8337,7490,0.015193,0.000000,0.981331,0.955044,0.034371,-0.034371,inf,p_lb=0,False
AFXXNBWCNHQALN6XKWC7Z2JMIKLA,102,2587,2094,0.011450,0.000000,0.980875,0.956066,0.064936,-0.064936,inf,p_lb=0,False
AGSIU3JOYC6CJLFFB7APDN3UGSHQ,103,19241,20955,0.019324,0.004863,0.982462,0.958056,0.020485,-0.016021,405117.890240,eps_dominant,False
AE46WE4VZX7X436KTCVZCWXQ3VGQ,104,3241,3016,0.009371,0.000000,0.981579,0.957087,0.054050,-0.054050,inf,p_lb=0,False
AF7KGSYOWNJXJ43I5M6XQERPV3XQ,105,3591,3239,0.013225,0.000000,0.980858,0.956066,0.052212,-0.052212,inf,p_lb=0,False
AENO3TJLMOSK43CIXEGYJWRYAMGA,106,4183,4205,0.011803,0.000000,0.982146,0.958107,0.045726,-0.045726,inf,p_lb=0,False
AFV7LKHKY7TF3GKWLEBIWI47JSDA,107,11332,13539,0.015926,0.000000,0.981167,0.957087,0.025510,-0.025510,inf,p_lb=0,False
AHNI5KVLUYWSR74DWFGJIO2DUFGQ,108,2398,2036,0.005348,0.000000,0.980616,0.954993,0.065928,-0.065928,inf,p_lb=0,False
AG43PBRTELK3SL3WWPB6CEKFXVPA,109,6748,6174,0.013715,0.000000,0.982109,0.958107,0.037737,-0.037737,inf,p_lb=0,False
AHK6NZZMLGYC7CJCD377RS5ZO7RA,110,3139,2741,0.006010,0.000000,0.980961,0.956066,0.056757,-0.056757,inf,p_lb=0,False
AHXL5367RETZF2BEVUQMHY7E2LPQ,111,2945,3366,0.012644,0.000000,0.980493,0.954993,0.051275,-0.051275,inf,p_lb=0,False
AE2GO5B2SWCBHIYMOE45YWL7RQHA,112,17453,18253,0.014952,0.000000,0.982008,0.958056,0.021948,-0.021948,inf,p_lb=0,False
AHULII452V6BL77K7R2CDQL6W57A,113,3587,3527,0.011710,0.000000,0.981990,0.956066,0.050035,-0.050035,inf,p_lb=0,False
AH5ONINJRNZ674DXUMV4RMYIFYVQ,114,11122,10620,0.013652,0.000000,0.981114,0.956066,0.028834,-0.028834,inf,p_lb=0,False
AGRY3KTGY5Z55MACWOOAEW3QG2TA,115,2030,1514,0.006508,0.000000,0.979291,0.952997,0.076614,-0.076614,inf,p_lb=0,False
AH35V4IYG4OQVPZ3KO2Z6AN2ET4Q,116,5774,5382,0.013443,0.000000,0.981627,0.958107,0.040418,-0.040418,inf,p_lb=0,False
AH4IFNFCPIZXBOGTSA4ZHDMXFJMA,117,2692,2540,0.010345,0.000000,0.980557,0.956015,0.058963,-0.058963,inf,p_lb=0,False
AFXDUGHE725YBOVT6PQPGH4DJDBQ,118,1784,2236,0.006319,0.000000,0.980403,0.955044,0.062907,-0.062907,inf,p_lb=0,False
AFI4OQK2W6FV2UUKOD2NTTBPJP4Q,119,2856,2379,0.010370,0.000000,0.980508,0.954993,0.060991,-0.060991,inf,p_lb=0,False
AEEYSOGH32OADSTY64CSSLENPFLQ,120,1838,2165,0.012966,0.000000,0.980783,0.956015,0.063866,-0.063866,inf,p_lb=0,False
AGAVFN7CIWVLIDLJSMFNLJWNEDUQ,121,1857,2777,0.017710,0.000000,0.982235,0.959126,0.056208,-0.056208,inf,p_lb=0,False
AHKGGFWXAEA2DA7RDLFUFLJDZCQQ,122,7491,8386,0.016009,0.000000,0.982270,0.958107,0.032379,-0.032379,inf,p_lb=0,False
AH2DN3Q2OKAW7JAFRIYPHOUOM2ZQ,123,7799,7338,0.013712,0.000000,0.980841,0.956015,0.034690,-0.034690,inf,p_lb=0,False
AGN2JLIYFC6OP4HCXZGYIACLV4JA,124,3459,3071,0.013497,0.000000,0.981439,0.956066,0.053621,-0.053621,inf,p_lb=0,False
AH5KRM72WDRDNOETMZYTOWQGKWLA,125,3229,2986,0.009558,0.000000,0.980323,0.957036,0.054324,-0.054324,inf,p_lb=0,False
AEYVBSVXB2M76M3HEX4PNF7GWK2A,126,3112,3892,0.014957,0.000000,0.981815,0.958107,0.047529,-0.047529,inf,p_lb=0,False
AE3KSRSPVCHRSTTRLBNCPOY4TE4Q,127,3137,2949,0.014085,0.000000,0.981406,0.956066,0.054719,-0.054719,inf,p_lb=0,False
AFA5ZLUMSIGKIIL6LM3RAQIDXCNQ,128,2915,2730,0.012821,0.000000,0.982177,0.959126,0.056690,-0.056690,inf,p_lb=0,False
AGOWD5ONECVVZCFHBZI3VV36WH2Q,129,2099,2592,0.008721,0.000000,0.979895,0.956015,0.058369,-0.058369,inf,p_lb=0,False
AFTEW2R2HDET5LSDLLGDTYCIZXUQ,130,4679,4648,0.011647,0.000000,0.981699,0.959075,0.043449,-0.043449,inf,p_lb=0,False
AFWVQJYN5QXGDXIGEQDKTJIAOFQQ,131,2910,3809,0.010235,0.000000,0.981168,0.956066,0.048147,-0.048147,inf,p_lb=0,False
AEDNUOKH43TOXPIT4LLZLNFH6DRQ,132,3160,3211,0.011189,0.000000,0.981288,0.957087,0.052383,-0.052383,inf,p_lb=0,False
AFNY6ZUUEAODUAPRL47MDRCWIECA,133,1821,1660,0.008421,0.000000,0.978605,0.952997,0.073167,-0.073167,inf,p_lb=0,False
AHQTBZRRGQHFON63FSB2VSOIXDBQ,134,12235,11773,0.015098,0.000000,0.981840,0.958107,0.027328,-0.027328,inf,p_lb=0,False
AGIITTS3YV4B3OCJENLDRWU4GXFQ,135,3656,3030,0.007692,0.000000,0.980871,0.958056,0.053870,-0.053870,inf,p_lb=0,False
AHMD6IY6GZXL2HAI6AD7KQCPKJCQ,136,2106,2434,0.012232,0.000000,0.981363,0.957087,0.060166,-0.060166,inf,p_lb=0,False
AHGKNCWJ5LPSAJKK6ZBZF3W3AQ6Q,137,4728,4183,0.015121,0.000000,0.981634,0.956066,0.045944,-0.045944,inf,p_lb=0,False
AGSLLUZOGIEXU3PRJIZDI2IURLJQ,138,3243,3634,0.010870,0.000000,0.981120,0.957087,0.049240,-0.049240,inf,p_lb=0,False
AEJAZAHPHKSLBHZNUHZTSQIVHMYA,139,7481,6906,0.012135,0.000000,0.981580,0.957036,0.035721,-0.035721,inf,p_lb=0,False
AGDUOQYQSAWFBXRWZ4Z4BV4CGRUQ,140,5575,5773,0.011283,0.000000,0.981274,0.958107,0.039025,-0.039025,inf,p_lb=0,False
AH6LMTIYS5FSMP5YFOO4DGNBVCLQ,141,2467,2927,0.011524,0.000000,0.981295,0.954993,0.054986,-0.054986,inf,p_lb=0,False
AEJMIOC3WTHKR7JV3WFSUU6HJFNA,142,2133,2051,0.010017,0.000000,0.980426,0.955044,0.065683,-0.065683,inf,p_lb=0,False
AH3LF4DX4URFGTAFHSJ3HGZTDM2Q,143,2482,3572,0.007299,0.000000,0.980834,0.956015,0.049721,-0.049721,inf,p_lb=0,False
AHFVHAHPJP5BUZNM77UCYE7BXBXA,144,3655,3546,0.015974,0.000000,0.981577,0.956015,0.049903,-0.049903,inf,p_lb=0,False
AHYUFOFTGNEV4TGMQLASS6EA7QAQ,145,4565,4678,0.012739,0.000000,0.981284,0.957036,0.043401,-0.043401,inf,p_lb=0,False
AGEWYW4PFDQNZ3NWQCZECWJKET5Q,146,3724,2563,0.012174,0.000000,0.981329,0.956066,0.058695,-0.058695,inf,p_lb=0,False
AEKMBFRGDNYNNMFMULOZYBNUZ2WA,147,4066,4569,0.013587,0.000000,0.981965,0.959126,0.043820,-0.043820,inf,p_lb=0,False
AFYZ6NBWOTIKWS3FYDLAG5CW7HSA,148,3085,2886,0.006887,0.000000,0.979845,0.956066,0.055313,-0.055313,inf,p_lb=0,False
AEJGUA3ZHEWFRRXF5RTYIFYG7COA,149,3074,3386,0.010022,0.000000,0.981345,0.958056,0.050960,-0.050960,inf,p_lb=0,False
AHGKWZSYITWDZWG2XG6OYGGD423Q,150,6505,6666,0.017334,0.000000,0.982037,0.958056,0.036319,-0.036319,inf,p_lb=0,False
AENOZSUXFOYQPREH4REHHU7JED2A,151,1938,2383,0.012442,0.000000,0.981324,0.956015,0.060874,-0.060874,inf,p_lb=0,False
AF52KDA2CDYLCVFEQGA3XGBA4BAQ,152,4232,3424,0.009501,0.000000,0.982041,0.959126,0.050620,-0.050620,inf,p_lb=0,False
AGYM4CBFO2EOLYB6DIKWZTY37BEA,153,4460,4698,0.012291,0.000000,0.981447,0.956066,0.043353,-0.043353,inf,p_lb=0,False
AGUNBFGHBEUYYDPNPD437363BHWQ,154,8214,9191,0.017606,0.000000,0.982279,0.959075,0.030898,-0.030898,inf,p_lb=0,False
AHKO56KDFQSMLU3ZSCOZ4SWB6A4Q,155,3302,3705,0.009512,0.000000,0.980181,0.953970,0.048925,-0.048925,inf,p_lb=0,False
AGPLJFWPVOR27HO3RLMML2ZWEJ5A,156,1484,2159,0.005396,0.000000,0.978748,0.954942,0.064026,-0.064026,inf,p_lb=0,False
AEWRGEQPEOZTEW36VJLDOK6B4KVA,157,2624,2671,0.009302,0.000000,0.981191,0.955964,0.057502,-0.057502,inf,p_lb=0,False
AETFLSAWXIVQSX4A7T52JGEH5Q2Q,158,2852,2318,0.005386,0.000000,0.981211,0.958107,0.061587,-0.061587,inf,p_lb=0,False
AH2DPDI4VZWHDBU2NKJUEC276CCA,159,3450,3256,0.016149,0.000000,0.982090,0.958107,0.051964,-0.051964,inf,p_lb=0,False
AHGTORR5THDBGVKMHWZQF2WUWBUA,160,2572,2849,0.010448,0.000000,0.981990,0.959126,0.055493,-0.055493,inf,p_lb=0,False
AGVH2YJ3C4MC5RJ5SK26PNEQ4XSQ,161,2053,3501,0.015854,0.000000,0.981423,0.958056,0.050116,-0.050116,inf,p_lb=0,False
AFJZOARCCNHDUXHCMBAHLUMBSX7A,162,2546,3129,0.007702,0.000000,0.980724,0.956066,0.053122,-0.053122,inf,p_lb=0,False
AFXJTDF5NUVLHKVJU7BMR2ZDVKBA,163,5400,6512,0.011422,0.000000,0.981625,0.959075,0.036707,-0.036707,inf,p_lb=0,False
AGMYNBZZ5SD2SPX4KEJSQE6YPIQA,164,2650,3049,0.008683,0.000000,0.981033,0.956066,0.053814,-0.053814,inf,p_lb=0,False
AHGDK2EN4U6IYBGJ2QFFJMXAQMFQ,165,2456,1803,0.004237,0.000000,0.979432,0.954993,0.070059,-0.070059,inf,p_lb=0,False
AE7YOX4URGCXIEEBZY6RA6IAF5MA,166,4576,5357,0.014706,0.000000,0.982015,0.959126,0.040469,-0.040469,inf,p_lb=0,False
AFAJBILA4IKTWI22BUPLOQY2H6EQ,167,3682,4850,0.010860,0.000000,0.980828,0.956066,0.042668,-0.042668,inf,p_lb=0,False
AHGHHV4OE2IHKOASESVYGYYBGKJA,168,3494,3870,0.012371,0.000000,0.981208,0.956015,0.047768,-0.047768,inf,p_lb=0,False
AEJ4BITCXXWZ6QUS6ORMHAKUS3XQ,169,2762,3635,0.011779,0.000000,0.981777,0.959126,0.049128,-0.049128,inf,p_lb=0,False
AGFNAS3OW4WGQFA6SC6CF2LPQ2NQ,170,2555,3036,0.006711,0.000000,0.980537,0.956066,0.053929,-0.053929,inf,p_lb=0,False
AGVSGK7E4WMRETX4KHF7RKGECDFQ,171,2140,3184,0.008951,0.000000,0.980649,0.955044,0.052717,-0.052717,inf,p_lb=0,False
AGSU4BF54NFDUP5SOHAAVNKQI67Q,172,8281,9070,0.015353,0.000000,0.981339,0.959126,0.031102,-0.031102,inf,p_lb=0,False
AFTJ7XQN2EIELHARUBBL6Y7L65DA,173,9832,9788,0.018007,0.000000,0.982394,0.959075,0.029941,-0.029941,inf,p_lb=0,False
AEUEV2RK2DDJASJJ3HRCQMZVC5CA,174,3852,3285,0.013405,0.000000,0.981275,0.954021,0.051956,-0.051956,inf,p_lb=0,False
AESYGQVMCPGJ65L3HVVPXJ4ZSLQQ,175,3675,3187,0.010714,0.000000,0.980749,0.952997,0.052805,-0.052805,inf,p_lb=0,False
AGVKHVURH5XGP6335AZCMGNTAAMQ,176,4336,3884,0.010504,0.000000,0.981970,0.957036,0.047631,-0.047631,inf,p_lb=0,False
AHCNUR6GBCWEDOXLS33U5TD7O4MQ,177,2701,2915,0.012300,0.000000,0.981123,0.959126,0.054861,-0.054861,inf,p_lb=0,False
AFEAQ2NZOIFAIBEP3UIWFD5BF6YA,178,6601,7607,0.014486,0.000000,0.981801,0.959126,0.033961,-0.033961,inf,p_lb=0,False
AHM6CJDGT743FIJBQKAHW6KZVS3A,179,2254,2262,0.013491,0.000000,0.981566,0.958056,0.062348,-0.062348,inf,p_lb=0,False
AGETNBPPPE7JZYU5ZY5353UQDSJQ,180,2514,3133,0.009138,0.000000,0.980318,0.955044,0.053144,-0.053144,inf,p_lb=0,False
AF4JOAZRTKNCU6J2LPPYZ56KEXKA,181,5122,6125,0.015586,0.000000,0.981737,0.957087,0.037928,-0.037928,inf,p_lb=0,False
AGEESDAHFO2TR6IM66O5NG33UDNQ,182,1920,1742,0.007505,0.000000,0.979416,0.956066,0.071195,-0.071195,inf,p_lb=0,False
AERPQTYQJN42DMIPT36TPBU2HBCA,183,3122,2782,0.010267,0.000000,0.979176,0.955044,0.056397,-0.056397,inf,p_lb=0,False
AHY2NSYOB26HPV3YODAA2SQE7W6A,184,2847,2731,0.010511,0.000000,0.980213,0.956015,0.056864,-0.056864,inf,p_lb=0,False
AF7P3N4WIHMAVATNPD5MCDI5Y2KQ,185,15089,15775,0.015574,0.000000,0.981082,0.958056,0.023609,-0.023609,inf,p_lb=0,False
AEIFL3J3AO7DLHEUWOXRLYHM7FSA,186,2736,2776,0.011396,0.000000,0.981493,0.958107,0.056278,-0.056278,inf,p_lb=0,False
AHZ4TADPCXAAIKTFERGG5YB4BNQQ,187,4811,5411,0.014163,0.000000,0.981568,0.957087,0.040353,-0.040353,inf,p_lb=0,False
AG6GKCLBWFLRRC467G5VV56G7LRQ,188,3085,2738,0.014368,0.000000,0.982093,0.958107,0.056667,-0.056667,inf,p_lb=0,False
AE2S73K5525UUILYHPLCCWL3BZ4A,189,4088,3783,0.015458,0.000000,0.982029,0.957087,0.048260,-0.048260,inf,p_lb=0,False
AE42SH6RMDLHFMXLKVI4JKAMC6TQ,190,2845,2806,0.012329,0.000000,0.980900,0.956066,0.056096,-0.056096,inf,p_lb=0,False
AFREJADSLSLEMNNNUOEU33ID2XTQ,191,4600,3232,0.014825,0.000000,0.982042,0.959126,0.052101,-0.052101,inf,p_lb=0,False
AEAJULF3WV5PN2GEMOXE4442ER7Q,192,3928,3802,0.010204,0.000000,0.981899,0.959126,0.048037,-0.048037,inf,p_lb=0,False
AGAV7IY4HWGYRUIAGUZRXYUJ22DA,193,5229,4213,0.011213,0.000000,0.982127,0.958056,0.045685,-0.045685,inf,p_lb=0,False
AGPV5HNR6FT7NS2WMURJXRN2PFTQ,194,6289,6761,0.009828,0.000000,0.981595,0.957036,0.036102,-0.036102,inf,p_lb=0,False
AF7YPDDSITOLXXOX6JM7HYLUXK4Q,195,2538,2780,0.005298,0.000000,0.980335,0.954993,0.056421,-0.056421,inf,p_lb=0,False
AELBJRKQJDDKWRYPXNIZLPOQTE7Q,196,2993,4126,0.015080,0.000000,0.982101,0.959075,0.046115,-0.046115,inf,p_lb=0,False
AEY22LM45AHO3BB43OEE4IR2M6DQ,197,8696,7917,0.014714,0.000000,0.981781,0.958107,0.033325,-0.033325,inf,p_lb=0,False
AFTSNLQBX4R6BYTB337XHJIYS4SQ,198,5319,4690,0.009114,0.000000,0.981574,0.959126,0.043251,-0.043251,inf,p_lb=0,False
AHMTAZY6RIFGR3YXDZGTLCHHO6PQ,199,3023,3670,0.012500,0.000000,0.981509,0.957087,0.048998,-0.048998,inf,p_lb=0,False
AF2B2EWI4N5H3KRSBJFWCZI4CWLQ,200,2169,1845,0.008197,0.000000,0.979538,0.955044,0.069253,-0.069253,inf,p_lb=0,False
AEBFU6CCF4JOJKGQSSZWLZWMFEEQ,201,4205,5227,0.014815,0.000000,0.981157,0.958056,0.041015,-0.041015,inf,p_lb=0,False
AGKXEQ55UWTAAB43PDI2YKIXVRHA,202,3702,3151,0.015682,0.000000,0.982404,0.959126,0.052767,-0.052767,inf,p_lb=0,False
AEY2733HC2H6I25WYSD5Z4H2NQAA,203,2788,2448,0.009419,0.000000,0.981530,0.958056,0.059933,-0.059933,inf,p_lb=0,False
AHVYEGMH66T7GGYPUNFLF5YKWP4Q,204,3252,2903,0.012255,0.000000,0.982210,0.959126,0.054975,-0.054975,inf,p_lb=0,False
AHCZ6MJHUWGYWZ3SXMD3QBBOFAPA,205,7473,7537,0.014478,0.000000,0.981865,0.957036,0.034193,-0.034193,inf,p_lb=0,False
AHKZOKNJHOKX6JOO3YBCV5WLUIEA,206,3073,2735,0.014556,0.000000,0.981971,0.957087,0.056759,-0.056759,inf,p_lb=0,False
AFNEXUTLDRCCFVDWA6SYF4HCYD5A,207,3694,3832,0.009667,0.000000,0.981895,0.958107,0.047900,-0.047900,inf,p_lb=0,False
AGZC734FUDTRUS54AWY5NO7XHCIQ,208,9102,10970,0.017259,0.000000,0.981618,0.957087,0.028340,-0.028340,inf,p_lb=0,False
AGSFT5XKVSEWQ45E54ANFELLSLFQ,209,2197,3195,0.014286,0.000000,0.980496,0.954993,0.052629,-0.052629,inf,p_lb=0,False
AGDB54YNPIHHKZ2X2WKFZSK3ZB7Q,210,2898,2625,0.008333,0.000000,0.981144,0.957087,0.057936,-0.057936,inf,p_lb=0,False
AGMCZMRV6MJ5SCCUIEILXUKJ66WA,211,20842,18483,0.016842,0.001444,0.981495,0.954021,0.021904,-0.020589,4671878.608601,eps_dominant,False
AEQQFXTK3EE4OM2ZVE6MVDR4RZFQ,212,1664,1623,0.010438,0.000000,0.979366,0.953970,0.073921,-0.073921,inf,p_lb=0,False
AEMWMJSVSVJLDVC3566QJKS7FX3A,213,3152,3885,0.008032,0.000000,0.981056,0.954993,0.047727,-0.047727,inf,p_lb=0,False
AERW7RVIVBVMHDXIXRAADQPB37MQ,214,6461,5693,0.010631,0.000000,0.981026,0.956015,0.039385,-0.039385,inf,p_lb=0,False
AG3QUFIVOQ2WTVK3GPE34FDES57A,215,3603,3503,0.010163,0.000000,0.980938,0.956066,0.050206,-0.050206,inf,p_lb=0,False
AH4D6CKIJ5KFQRJN2L7CI624WPVA,216,3449,4083,0.012208,0.000000,0.981492,0.959126,0.046355,-0.046355,inf,p_lb=0,False
AEIMWJTY7PHIXTP5I7U72C6P6P4Q,217,1704,1844,0.007599,0.000000,0.981890,0.959126,0.068977,-0.068977,inf,p_lb=0,False
AG2Q2QBN42KMKP5OY3GPU6MLPANQ,218,3122,2137,0.009634,0.000000,0.981222,0.957087,0.064211,-0.064211,inf,p_lb=0,False
AH5N4M4TLLC3JZ3LNHYSIH4LXN2Q,219,3782,2334,0.015385,0.000000,0.982110,0.958107,0.061376,-0.061376,inf,p_lb=0,False
AGN5R4K2X2CIV3WBSWHNDRUWTWQA,220,3350,2249,0.011382,0.000000,0.981500,0.958107,0.062525,-0.062525,inf,p_lb=0,False
AH2SLATPAAEXB3ZHYVCNYFUTTKWA,221,4223,3519,0.009165,0.000000,0.980918,0.957036,0.050041,-0.050041,inf,p_lb=0,False
AFV4TYPSM3XZC27VSC2NUVOVJ2JA,222,7356,6244,0.014802,0.000000,0.981196,0.957087,0.037565,-0.037565,inf,p_lb=0,False
AEORT2SOUGKL76PYWWGS4SUL3OSA_2,223,2770,3636,0.009119,0.000000,0.980103,0.952997,0.049438,-0.049438,inf,p_lb=0,False
AFCO2ELGXSFDAUXFUT432DBP2V4Q,224,2061,2386,0.009375,0.000000,0.981591,0.958056,0.060706,-0.060706,inf,p_lb=0,False
AGFLDIUYV2PKF5Q7IEMULR52GW2Q,225,4185,4027,0.017512,0.000000,0.982724,0.960092,0.046629,-0.046629,inf,p_lb=0,False
AGQBIQ7SOPHZ5FBBO7YYU6QDC76Q,226,4408,4310,0.004269,0.000000,0.980883,0.956066,0.045262,-0.045262,inf,p_lb=0,False
AHRK5KLCWK442GNDV6M6BFD6EOMA,227,7618,7028,0.012375,0.000000,0.981818,0.958107,0.035370,-0.035370,inf,p_lb=0,False
AFF5UFFS2BI64ZOE7DNVJAUS5BZA,228,3136,2084,0.008830,0.000000,0.978998,0.956066,0.065092,-0.065092,inf,p_lb=0,False
AFR6N2JHAAWJLI5EJFQDENFMVVAQ,229,9515,9318,0.017008,0.000000,0.981779,0.958107,0.030717,-0.030717,inf,p_lb=0,False
AH7EYATKZABJLZPV74F2UTJVZZKQ,230,7189,8037,0.014350,0.000000,0.981917,0.957087,0.033110,-0.033110,inf,p_lb=0,False
AHGQDSOBAIVAAKJFIVEGS344MSXA,231,31933,28704,0.016264,0.003908,0.981917,0.958056,0.017502,-0.013915,627262.245490,eps_dominant,False
AG5NBJFEFL5UEL6NKYN7LABOLQAQ,232,3616,3590,0.012859,0.000000,0.981817,0.959075,0.049438,-0.049438,inf,p_lb=0,False
AGIFKVNKJL2V6SJ5PMU7H32M6IHA,233,2525,1800,0.008565,0.000000,0.980073,0.954021,0.070189,-0.070189,inf,p_lb=0,False
AE3KIOP3QQIL7POLQ35MHUTOSG6Q,234,4249,4327,0.011121,0.000000,0.981997,0.958056,0.045079,-0.045079,inf,p_lb=0,False
AGSRRIGMCYDZJFPDZVTGTEAG5U2A,235,4903,4805,0.012584,0.000000,0.981664,0.957087,0.042822,-0.042822,inf,p_lb=0,False
AEDADYSG6CKTSCV7XB2WIRE64ROA,236,2061,1964,0.009042,0.000000,0.979818,0.956066,0.067051,-0.067051,inf,p_lb=0,False
AFFKZZOUORW65WVQM46HW5MJDK5Q,237,3263,2888,0.012802,0.000000,0.980313,0.957087,0.055235,-0.055235,inf,p_lb=0,False
AHKJXKGW6B75J5WGY7H2IC2GTQWA,238,3606,3562,0.011325,0.000000,0.981838,0.958107,0.049682,-0.049682,inf,p_lb=0,False
AHECWYK63MH2VFO4EAJATI37O2XQ,239,3052,2932,0.008889,0.000000,0.980895,0.957036,0.054821,-0.054821,inf,p_lb=0,False
AEOR7D5V3JGWQKFFSVO4DI44VK3A,240,2880,3240,0.005291,0.000000,0.980483,0.957036,0.052151,-0.052151,inf,p_lb=0,False
AHW3IQYI32ISDARYDGK4KBOCBP5A,241,4427,2947,0.010417,0.000000,0.980814,0.956066,0.054737,-0.054737,inf,p_lb=0,False
AETAXONPW5QZSZF725MMFCYQU52Q,242,2969,3093,0.012304,0.000000,0.980801,0.955964,0.053435,-0.053435,inf,p_lb=0,False
AGZ77AU67Q5B24EQDU2ZPPGRICMA,243,2203,2855,0.011765,0.000000,0.981309,0.956066,0.055612,-0.055612,inf,p_lb=0,False
AFCVDGS5MKTBWYIAXTFX2QVL7VAA,244,3082,2153,0.006897,0.000000,0.981245,0.958005,0.063910,-0.063910,inf,p_lb=0,False
AHWLCORU3EXTEQERFU5MOBF63CTA,245,2601,2901,0.011236,0.000000,0.981658,0.959126,0.054994,-0.054994,inf,p_lb=0,False
AH5XIQCA7XZR7DJAGGQHPBY4XWLA,246,3632,4400,0.018851,0.000000,0.981775,0.959126,0.044654,-0.044654,inf,p_lb=0,False
AGZHX5BG7HYRWGDBB47EXZHCYRLA,247,2095,2723,0.012937,0.000000,0.981387,0.957036,0.056886,-0.056886,inf,p_lb=0,False
AF2K4N7F25NYQOH7RP7RE5A7HKXA,248,8970,9375,0.011723,0.000000,0.981613,0.958107,0.030624,-0.030624,inf,p_lb=0,False
AGPFWZWSC74IUCHSR5SLS67RPFQA,249,1797,2441,0.006702,0.000000,0.978429,0.949918,0.060533,-0.060533,inf,p_lb=0,False
AGQFUBXP54N5SB54U5LRPL62B2NQ,250,10395,12257,0.014276,0.000000,0.981952,0.958005,0.026786,-0.026786,inf,p_lb=0,False
AGJSTGFAERXHGQEKIBNK5DAA5A7A,251,3923,4243,0.015322,0.000000,0.981488,0.958056,0.045523,-0.045523,inf,p_lb=0,False
AFWD22B7BMLKF2UX6B6MSJDVC4UQ,252,4305,4012,0.009259,0.000000,0.980965,0.954021,0.047014,-0.047014,inf,p_lb=0,False
AGM2IQT4E4RJBGCM5LJRAGVM6MBQ,253,4823,3673,0.017598,0.000000,0.982459,0.960143,0.048822,-0.048822,inf,p_lb=0,False
AHHPTRLRAJ6EHWOAT2PLWIH3XEFQ,254,5928,6028,0.012766,0.000000,0.981796,0.957036,0.038234,-0.038234,inf,p_lb=0,False
AEB45G7B26CZ6NV5SNZKP5MZBWIQ,255,5005,4753,0.012614,0.000000,0.981309,0.956015,0.043103,-0.043103,inf,p_lb=0,False
AF7II5FZDNPVKYJWCSQGISXL5RTQ,256,3215,2398,0.005961,0.000000,0.977952,0.952997,0.060876,-0.060876,inf,p_lb=0,False
AF5SUBEJYEBPZTN7TLWYBZPFCTIA,257,3360,2838,0.009804,0.000000,0.981338,0.958056,0.055663,-0.055663,inf,p_lb=0,False
AEC7QNP6ZG7H265GOPXAP6HCYR6A,258,2592,2343,0.009119,0.000000,0.979907,0.954993,0.061457,-0.061457,inf,p_lb=0,False
AHPG65LKS3QKRWDUWAKZNLEK5RZQ,259,6227,6417,0.014023,0.000000,0.979650,0.955044,0.037134,-0.037134,inf,p_lb=0,False
AEFMCW35J7YWMM7HNMTAYXRHQNUQ,260,2315,2336,0.009693,0.000000,0.980751,0.956066,0.061480,-0.061480,inf,p_lb=0,False
AFIIHGFEQSEL7QUGWG3BR5FWY5OQ,261,3269,3966,0.004587,0.000000,0.980343,0.956066,0.047184,-0.047184,inf,p_lb=0,False
AG4LQ3ZXJ7GLXKRNXAMOYWVEH5ZA,262,2879,2491,0.011382,0.000000,0.980942,0.955044,0.059601,-0.059601,inf,p_lb=0,False
AF2LFSDT2SHRD2WEEC3O2ZWIWYEQ,263,5350,4733,0.015216,0.000000,0.981315,0.958107,0.043100,-0.043100,inf,p_lb=0,False
AE5UVV7CEOPTGOGVKMICTYGYINCA,264,8063,6340,0.014366,0.000000,0.981885,0.958107,0.037239,-0.037239,inf,p_lb=0,False
AHSXYDM2OLH2JJHSW7XKDLLQARUQ,265,21661,21084,0.014798,0.000382,0.982357,0.959126,0.020399,-0.020048,65439964.288559,eps_dominant,False
AEXUP4IYSE5EP3EGRMG33WXOLBIA,266,4412,5342,0.012422,0.000000,0.981288,0.959075,0.040528,-0.040528,inf,p_lb=0,False
AFKIBYJU6XX6PZ6XKV7QZIQRH3YQ,267,1904,2527,0.010086,0.000000,0.980930,0.957036,0.059051,-0.059051,inf,p_lb=0,False
AGMLI65AOM3CROTNHP7VVDIAP5IQ,268,1925,2467,0.009585,0.000000,0.981226,0.957036,0.059765,-0.059765,inf,p_lb=0,False
AF7VAPLIIZQXD2OIMD547AEVDADQ,269,3392,3428,0.015766,0.000000,0.980996,0.956066,0.050752,-0.050752,inf,p_lb=0,False
AGTEJVERQWRSFLUOXMZTJLYBOYIQ,270,5416,5064,0.014771,0.000000,0.981156,0.958107,0.041668,-0.041668,inf,p_lb=0,False
AE4D7ZEYV4QNO3O44AHU7NAJCYLA,271,4842,4881,0.013072,0.000000,0.981182,0.956066,0.042532,-0.042532,inf,p_lb=0,False
AHHXS2WOM4LZ5TYTWGBU4BAWTRSA,272,5761,6587,0.015634,0.000000,0.981154,0.956066,0.036612,-0.036612,inf,p_lb=0,False
AGQE2TFMRL2MM6S3JAMA4GXWYQLA,273,2291,3305,0.016883,0.000000,0.981751,0.956066,0.051688,-0.051688,inf,p_lb=0,False
AHRNMCEMAIL7GCJZV7KUAO4FJPTQ,274,3189,2713,0.008696,0.000000,0.979941,0.954021,0.057171,-0.057171,inf,p_lb=0,False
AHIHFEX4NVBQE2EUGCR2RVX5GAKA,275,3451,2985,0.012121,0.000000,0.981386,0.956066,0.054388,-0.054388,inf,p_lb=0,False
AG5SYIVIPKZ4AL56H2G4M7CENJKA,276,3198,3440,0.006868,0.000000,0.980956,0.959075,0.050504,-0.050504,inf,p_lb=0,False
AFLSHORZNVM6GIFFISRTSRNYTOMA,277,11985,11898,0.014742,0.000000,0.982304,0.958107,0.027184,-0.027184,inf,p_lb=0,False
AGJE532DIAJ6GFNAYUKVWWIDVT4Q,278,2939,2627,0.012618,0.000000,0.980583,0.958056,0.057855,-0.057855,inf,p_lb=0,False
AGRCOIA4R2HQHWCX5ACH442GLJBA,279,5122,5603,0.013926,0.000000,0.981355,0.956066,0.039697,-0.039697,inf,p_lb=0,False
AFKHQIBAHOJP6Q56M4DKLDJ6UTEA,280,2364,1672,0.006565,0.000000,0.977900,0.951972,0.072983,-0.072983,inf,p_lb=0,False
AF3RX6UDRL5FLROADTKALI23FFBA,281,2249,1862,0.008753,0.000000,0.979314,0.952997,0.069084,-0.069084,inf,p_lb=0,False
AFEZSUED252I46XWARER7JQGQHDQ,282,2336,2848,0.006053,0.000000,0.979382,0.952997,0.055860,-0.055860,inf,p_lb=0,False
AFKANVTXCHK6FJTG43HHHHHI2SZA,283,3120,2159,0.007055,0.000000,0.978806,0.953970,0.064091,-0.064091,inf,p_lb=0,False
AGG5SZ7EMJI66IQ6E3Z3YJKQD56A,284,3766,3588,0.010526,0.000000,0.980303,0.952997,0.049767,-0.049767,inf,p_lb=0,False
AFMIIYKWWCQGBNEDPNYX5OCYE3KQ,285,2760,2926,0.010955,0.000000,0.981454,0.958107,0.054816,-0.054816,inf,p_lb=0,False
AHR7ASHYYAUCK2DZH7H5IEYEDO6Q,286,3230,4295,0.009083,0.000000,0.980804,0.956066,0.045341,-0.045341,inf,p_lb=0,False
AHWT25SVYZLTMOVG6O2EG7QZHL2Q,287,5297,5081,0.013053,0.000000,0.981127,0.955044,0.041731,-0.041731,inf,p_lb=0,False
AHN4ZDNBHA7AAMJEFPF3P42L2NTA,288,4745,5355,0.010475,0.000000,0.981510,0.957087,0.040563,-0.040563,inf,p_lb=0,False
AFKLEJK2Y4TKTISZMHKTHX3KCEYQ,289,5056,5423,0.011236,0.000000,0.981541,0.957036,0.040310,-0.040310,inf,p_lb=0,False
AFL7536QHBZGJ4UI2UDMYQ4VBFSQ,290,2237,2202,0.009375,0.000000,0.981061,0.956066,0.063323,-0.063323,inf,p_lb=0,False
AEYVH423M6U6BG3UB4YORR6HOKHQ,291,5434,6224,0.013740,0.000000,0.981161,0.957087,0.037625,-0.037625,inf,p_lb=0,False
AEHR5NMNP5YWBOAEZVPJSA7BMBQQ,292,6819,6294,0.012465,0.000000,0.981221,0.958056,0.037377,-0.037377,inf,p_lb=0,False
AFBICRUSD4PB7Q7X4WMX7SHEZZKA,293,5004,5671,0.010788,0.000000,0.982043,0.959126,0.039333,-0.039333,inf,p_lb=0,False
AFREQVSUT5EV2MKBLWJLEPHYW5HQ,294,2913,2865,0.010929,0.000000,0.979620,0.952997,0.055694,-0.055694,inf,p_lb=0,False
AHFYDVMWJ6LVAVVVVTQI2IBFRTRQ,295,3025,3328,0.011614,0.000000,0.981284,0.958056,0.051402,-0.051402,inf,p_lb=0,False
AFCDUQVB7LESEXGR3YKKUJKIYVRA,296,2437,2450,0.011527,0.000000,0.981148,0.957087,0.059969,-0.059969,inf,p_lb=0,False
AHFMHVMMF2XKBK5PPNS24SVXP3UQ,297,3312,3340,0.012891,0.000000,0.981270,0.956066,0.051416,-0.051416,inf,p_lb=0,False
AFKWZQUQ3KC7TX3XMRNVRA6XOH6A,298,3244,3387,0.015201,0.000000,0.980595,0.955044,0.051113,-0.051113,inf,p_lb=0,False
AGYIQYQKJSRVSDJUPW6Z5KNI3GRQ,299,4960,4173,0.013674,0.000000,0.981655,0.959075,0.045855,-0.045855,inf,p_lb=0,False
AHV6QCNBJNSGLATP56JAWJ3C4G2A,300,4870,4600,0.008540,0.000000,0.981244,0.957036,0.043768,-0.043768,inf,p_lb=0,False
AGY6KHWNEK2ZU5SFN6JJYFAXTWZA,301,2093,2365,0.009174,0.000000,0.981130,0.956066,0.061102,-0.061102,inf,p_lb=0,False
AHX44ATPRIYVHL6TGP3RZN6XIK3Q,302,2862,2640,0.012403,0.000000,0.981774,0.957087,0.057771,-0.057771,inf,p_lb=0,False
AE62HSB3XTOFDCM4GRIFDT2VIBOQ,303,6124,6319,0.014159,0.000000,0.981353,0.958107,0.037301,-0.037301,inf,p_lb=0,False
AEQ2P7WFOZXT2WM3WSFJPDWLXQAQ,304,8304,9254,0.015618,0.000000,0.981725,0.959126,0.030791,-0.030791,inf,p_lb=0,False
AF6NN2CFGWRW7LXNM2SDWLA5TUDQ,305,2717,3028,0.015444,0.000000,0.981753,0.957036,0.053945,-0.053945,inf,p_lb=0,False
AGVBR47VU2BE4EVWFAXOO26SOWSA,306,4885,5314,0.014622,0.000000,0.982145,0.958056,0.040678,-0.040678,inf,p_lb=0,False
AE6PSXRFBXPR4AHQKR2TQC56EKKQ,307,20921,23137,0.017429,0.003667,0.981327,0.956066,0.019535,-0.016183,718325.028579,eps_dominant,False
AHHQSSCEFBDD5V2IMTVEPR34BVMQ,308,10946,11398,0.012996,0.000000,0.981638,0.959075,0.027746,-0.027746,inf,p_lb=0,False
AEHTE2TSRQVOUF5DERVN3V5W7EMA,309,10129,10185,0.015435,0.000000,0.982006,0.959075,0.029351,-0.029351,inf,p_lb=0,False
AGIUGX2NKR2P7AQMYF4VH7HUF2TA,310,2623,3221,0.009780,0.000000,0.981700,0.956066,0.052357,-0.052357,inf,p_lb=0,False
AGALPVA3UXLYMVRKZU4EHJ6HY3EQ,311,2401,2283,0.012500,0.000000,0.981088,0.956066,0.062190,-0.062190,inf,p_lb=0,False
AHQWAFE4RL5ROZPG2HOKERRXGJVQ,312,2886,3669,0.014797,0.000000,0.981754,0.955044,0.049109,-0.049109,inf,p_lb=0,False
AFE54MELB5IGFUYBSOBGJOSOMEPA,313,23168,23121,0.015555,0.001788,0.982398,0.957036,0.019522,-0.017884,3008282.147635,eps_dominant,False
AETSH5HM7Q3ZXCTFHYOTCYVDTCAA,314,2522,2300,0.008576,0.000000,0.979241,0.952946,0.062163,-0.062163,inf,p_lb=0,False
AGXKDBRZJ26PMB5CNUNHSDTCY7NQ,315,2808,3489,0.016588,0.000000,0.982234,0.957036,0.050255,-0.050255,inf,p_lb=0,False
AETTD4RUL7QCIOVIRKNYKIVGKMIA,316,8941,8932,0.013177,0.000000,0.981744,0.957036,0.031409,-0.031409,inf,p_lb=0,False
AG6DXLQH6VDH6X4RNFXQOHYBTR2Q,317,1901,1687,0.005747,0.000000,0.981157,0.958107,0.072192,-0.072192,inf,p_lb=0,False
AG2VTFCAKUE6KZH72G523COQVUOA,318,4809,4539,0.014740,0.000000,0.981663,0.960092,0.043921,-0.043921,inf,p_lb=0,False
AFN7HNPPSFSTLXI3SWA6FNWKV6SA,319,5335,5454,0.008850,0.000000,0.980538,0.956015,0.040238,-0.040238,inf,p_lb=0,False
AFUQBLHWSNJSWDEXPNYV36DODBXQ,320,9535,8852,0.015491,0.000000,0.981561,0.957087,0.031549,-0.031549,inf,p_lb=0,False
AFCD4C4IPRARNMTGEHHWOWIE5KBQ,321,3876,2822,0.011465,0.000000,0.981092,0.957087,0.055877,-0.055877,inf,p_lb=0,False
AGJDDGXMJFWUVAPWYWT6452FFQSA,322,5055,4551,0.014073,0.000000,0.981182,0.956066,0.044047,-0.044047,inf,p_lb=0,False
AHVTXRO3DZXPVSPFP2PCEAQ7GNBQ,323,2722,3067,0.011891,0.000000,0.981908,0.958107,0.053541,-0.053541,inf,p_lb=0,False
AHFXWTBGOB75F6DFG7VUQZYQWMRQ,324,2092,2321,0.009202,0.000000,0.979621,0.955044,0.061745,-0.061745,inf,p_lb=0,False
AHOFNQHMKWRZQRBRYSCN2NFWGEZA,325,3216,2787,0.007440,0.000000,0.980333,0.955044,0.056347,-0.056347,inf,p_lb=0,False
AEL44WHEDEFNR3LR65SSDZWB4G3Q,326,8145,8304,0.016087,0.000000,0.982212,0.959126,0.032504,-0.032504,inf,p_lb=0,False
AH4IDFVWP6NCHZFCONC4EKN63YUQ,327,2665,2866,0.012077,0.000000,0.981536,0.957087,0.055446,-0.055446,inf,p_lb=0,False
AHKOEEKH4SLCLEMAR5YCS4FKMS6A,328,6183,5480,0.014040,0.000000,0.981394,0.956015,0.040143,-0.040143,inf,p_lb=0,False
AF3AVKFPHVWDV4BGILIVZW542GFQ,329,4443,4253,0.010906,0.000000,0.981463,0.957087,0.045516,-0.045516,inf,p_lb=0,False
AGUR5Z5USANA2XCROX4ZCIDN3CYQ,330,2630,2620,0.010294,0.000000,0.981459,0.954942,0.058121,-0.058121,inf,p_lb=0,False
AFFDJZ6EHOAFLE7WS4GZMLMIWMRA,331,6679,6341,0.013636,0.000000,0.981447,0.957087,0.037276,-0.037276,inf,p_lb=0,False
AE756PEH3Q7CWIDVLOGLUM6KIEPA,332,2584,2633,0.013274,0.000000,0.980576,0.956066,0.057909,-0.057909,inf,p_lb=0,False
AH4LWUDVLJBW6O7EAZB3UF6VZWOA,333,6023,5990,0.014608,0.000000,0.981816,0.959075,0.038273,-0.038273,inf,p_lb=0,False
AESCSIUHKLOQ3PVIGHOIHF2F5A3A,334,4837,3978,0.009605,0.000000,0.981303,0.958056,0.047015,-0.047015,inf,p_lb=0,False
AE4DQHMACKSMM65GRIU77B25OC4Q,335,4436,5270,0.014274,0.000000,0.981168,0.956015,0.040935,-0.040935,inf,p_lb=0,False
AEC2DODDROD5WJYCPVYLTZSQY5HA,336,2699,2127,0.012346,0.000000,0.979987,0.952997,0.064638,-0.064638,inf,p_lb=0,False
AGGJ35ARTZU3L4H6RASY3M7CTE6A,337,4678,4601,0.013746,0.000000,0.981112,0.958107,0.043714,-0.043714,inf,p_lb=0,False
AHL7DPZZJTW4Z4VZ6TKCRSXWZXJQ,338,3282,2493,0.007396,0.000000,0.981216,0.954993,0.059580,-0.059580,inf,p_lb=0,False
AGN4Y6S2XZVAT55EWY7XNHJYOGOQ,339,3757,4598,0.013123,0.000000,0.981475,0.956066,0.043822,-0.043822,inf,p_lb=0,False
AEM67ZLSNV2TH3O4MC7VM7GCXQBA,340,5567,6218,0.013585,0.000000,0.981453,0.959075,0.037565,-0.037565,inf,p_lb=0,False
AEONSYQSC53SBO5NSXJ6GRSWY36A,341,2428,2748,0.013285,0.000000,0.981042,0.956985,0.056630,-0.056630,inf,p_lb=0,False
AFSUI7EPMF6XFG2T4LYXZD2XS75A,342,3464,2904,0.012380,0.000000,0.982245,0.959126,0.054965,-0.054965,inf,p_lb=0,False
AHAUPRV26D4WPQN2JIJUWUZQM7WA,343,7550,6397,0.013226,0.000000,0.980496,0.957036,0.037115,-0.037115,inf,p_lb=0,False
AEBJEFYQMDZGCOGQMVO5OUL7C6TQ,344,5258,5199,0.015092,0.000000,0.981211,0.955044,0.041255,-0.041255,inf,p_lb=0,False
AH5IN5WFTJNFLLSMR642MIW4AVBQ,345,2598,1877,0.011605,0.000000,0.979598,0.955044,0.068660,-0.068660,inf,p_lb=0,False
AFZRI5VBKTGRUYSTV4ZRXWGDXRUA,346,3690,2690,0.012085,0.000000,0.981813,0.958056,0.057173,-0.057173,inf,p_lb=0,False
AEZRVV766TTJ3WBMBEZL3QLMTFXQ,347,3178,3910,0.010870,0.000000,0.980765,0.956015,0.047523,-0.047523,inf,p_lb=0,False
AEZ46PGKETRG4PUCA4QKXUHS5C3Q,348,2150,1950,0.010381,0.000000,0.980851,0.955044,0.067363,-0.067363,inf,p_lb=0,False
AFULQXMWPKHB4TXP4AV5Z5TNMSBA,349,3506,4097,0.011696,0.000000,0.981595,0.955044,0.046473,-0.046473,inf,p_lb=0,False
AE7WDJBLIDV4PZNMNQ6E2ASAVUHQ,350,13980,11531,0.015692,0.000000,0.981636,0.956066,0.027672,-0.027672,inf,p_lb=0,False
AHPDTZPJURZALWCECXNGOSQYBZXQ,351,6120,5606,0.009655,0.000000,0.981538,0.957036,0.039647,-0.039647,inf,p_lb=0,False
AHXI6LRWN3FI2RWEFXHXSENYC66A,352,2888,3640,0.009674,0.000000,0.981783,0.959126,0.049095,-0.049095,inf,p_lb=0,False
AFMY5CEPFKJXLHTMOJSYC4XABXOQ,353,8638,10117,0.015014,0.000000,0.981525,0.958107,0.029480,-0.029480,inf,p_lb=0,False
AE7QX327FYG2YS4OL27GBQABRRDQ,354,11387,9916,0.015663,0.000000,0.981934,0.957087,0.029809,-0.029809,inf,p_lb=0,False
AFGRAUIXGHWO224SV5YN3TNEUMJA,355,2914,3287,0.008876,0.000000,0.980311,0.953970,0.051943,-0.051943,inf,p_lb=0,False
AGCOHP26FKOWWUEPWYPWBI6SVTMQ,356,4202,2911,0.012739,0.000000,0.981540,0.958056,0.054960,-0.054960,inf,p_lb=0,False
AHX2FASTVBGC5KSGAH7YCAIIVYJA,357,4553,3998,0.008496,0.000000,0.981198,0.956066,0.046995,-0.046995,inf,p_lb=0,False
AG2KE7ABGFVP4P5X4ONOVUGNLUGQ,358,3352,3016,0.014218,0.000000,0.981011,0.955044,0.054165,-0.054165,inf,p_lb=0,False
AGI3DNMK5LFRQAF3CS7U2WKVPSCA,359,4138,3924,0.011464,0.000000,0.980539,0.955044,0.047487,-0.047487,inf,p_lb=0,False
AEKNMPUXBMNMHDYWMLKOUTEY3LYA,360,4057,3811,0.011879,0.000000,0.981985,0.957087,0.048083,-0.048083,inf,p_lb=0,False
AERWHKQXGI2WUUV5SSKYIAQQFJGA,361,2528,3524,0.007673,0.000000,0.981018,0.957087,0.050003,-0.050003,inf,p_lb=0,False
AHPJNCCV5PGRYLDQYKBUZI55WN2Q,362,5467,5287,0.016243,0.000000,0.981832,0.957036,0.040825,-0.040825,inf,p_lb=0,False
AFQQRHNOS2AJSMORGOJQTDOWF6EA,363,13070,14551,0.017108,0.000000,0.982399,0.959075,0.024556,-0.024556,inf,p_lb=0,False
AG5VMU4VFC4EAT5K4RTG2OPCL4QA,364,3554,3966,0.009375,0.000000,0.981486,0.958107,0.047084,-0.047084,inf,p_lb=0,False
AFV5AGGMXOTTWHRUPDL7L5XQYZWQ,365,4361,3735,0.010601,0.000000,0.981165,0.958107,0.048518,-0.048518,inf,p_lb=0,False
AE6UKJJQFMXZ3Q7VWMKXEPMI2IJQ,366,2457,2137,0.010187,0.000000,0.981063,0.956066,0.064279,-0.064279,inf,p_lb=0,False
AFZJSGJLARXCYVO2NTD6IE63E2HQ,367,3379,2408,0.014085,0.000000,0.981821,0.959126,0.060361,-0.060361,inf,p_lb=0,False
AFQRJNI4BPKEGI5M64VF4JYGVU4A,368,2036,2248,0.005935,0.000000,0.978576,0.952946,0.062877,-0.062877,inf,p_lb=0,False
AFL6PHUW2ZGMWBAPEE3CZSHWOGZA,369,3498,3014,0.012746,0.000000,0.981528,0.958107,0.054010,-0.054010,inf,p_lb=0,False
AEQW2UTAF5VA3M24DLBFQG4P5RTQ,370,2739,2552,0.013193,0.000000,0.980508,0.958107,0.058696,-0.058696,inf,p_lb=0,False
AF7WHR2URJM4CF6HABSVIQHNY2NQ,371,2758,1783,0.012295,0.000000,0.981204,0.956066,0.070372,-0.070372,inf,p_lb=0,False
AHITMY4R3DYM6QWFUYVVCBGYW52Q,372,1704,1802,0.008130,0.000000,0.979274,0.953970,0.070153,-0.070153,inf,p_lb=0,False
AH6RO2MUQJBOTBQMME4AIDNUJYFQ,373,2712,3880,0.007882,0.000000,0.981289,0.957087,0.047653,-0.047653,inf,p_lb=0,False
AGZUJTI7A3JFKB4FP5JOH6NVAJIQ_1,374,7720,7238,0.012936,0.000000,0.980171,0.954993,0.034966,-0.034966,inf,p_lb=0,False
AEHXKS3UWSNEK2WDJQQH54O7ZAZQ,375,2603,2490,0.010671,0.000000,0.981177,0.955044,0.059613,-0.059613,inf,p_lb=0,False
AHUBQHB557N4AGFHFPKDJHOXJJGA,376,2654,2286,0.008375,0.000000,0.980362,0.957087,0.062083,-0.062083,inf,p_lb=0,False
AHQBFPKS3BGMSWWY4EH5SZHMLDTQ,377,3413,2968,0.012640,0.000000,0.981319,0.958056,0.054430,-0.054430,inf,p_lb=0,False
AFEOXDAUY53OED4TMQHXMMEPLALA,378,2493,2362,0.013283,0.000000,0.981294,0.957087,0.061076,-0.061076,inf,p_lb=0,False
AGWJPQ545STVURY4F7G5CCPBIQ7A,379,3087,3634,0.013172,0.000000,0.982283,0.959126,0.049135,-0.049135,inf,p_lb=0,False
AGW7WEU5IG5DRNRQ7SBRRG4FYEZA,380,21717,18007,0.015315,0.000000,0.981955,0.956066,0.022144,-0.022144,inf,p_lb=0,False
AFYFUNS3ECU4J3ZRA5TP3XSMIUTA,381,2436,2269,0.009302,0.000000,0.980684,0.957087,0.062315,-0.062315,inf,p_lb=0,False
AH43LPVGKQAI5YH5FR43MYIGZC5A,382,5047,5758,0.013564,0.000000,0.980961,0.955044,0.039201,-0.039201,inf,p_lb=0,False
AG5VNBFYVTWZQL6URTMWJSJIS7PQ,383,2371,3198,0.011628,0.000000,0.981044,0.957087,0.052489,-0.052489,inf,p_lb=0,False
AEOYWMLWQX43VA3EE4SZAZK4AOMA,384,2840,4053,0.011797,0.000000,0.981498,0.956066,0.046675,-0.046675,inf,p_lb=0,False
AEYZ5S3OU4YJPU222CDOR42FQFIA,385,2743,2956,0.010088,0.000000,0.981985,0.957087,0.054596,-0.054596,inf,p_lb=0,False
AHOHLNMGSXJLXSG7BSIJDLQLMQAQ,386,2566,2164,0.010811,0.000000,0.981196,0.957087,0.063809,-0.063809,inf,p_lb=0,False
AFYSEQVHWTVMWWCX7CT7PA7VNU6A,387,2866,2976,0.011480,0.000000,0.981502,0.958107,0.054354,-0.054354,inf,p_lb=0,False
AEQLRFSCJIRIKSYQ2KQJCIBP4RHQ,388,10661,10454,0.018911,0.000000,0.982451,0.957087,0.029031,-0.029031,inf,p_lb=0,False
AH6CBXJMJL4UPDBPZRYOK2A4J4QQ,389,2133,2602,0.011527,0.000000,0.979547,0.950894,0.058570,-0.058570,inf,p_lb=0,False
AGRFO6O6XIYLHVIFNUTT7VGQONHQ,390,3485,3082,0.010596,0.000000,0.980975,0.957087,0.053468,-0.053468,inf,p_lb=0,False
AG6M2OKNHLTZENAACVZFQL36XT2A,391,10408,12271,0.015109,0.000000,0.982009,0.959126,0.026739,-0.026739,inf,p_lb=0,False
AG5I45ZGHHCYIAWWCVEIR6BYI3RA,392,2096,2480,0.011419,0.000000,0.980708,0.957087,0.059605,-0.059605,inf,p_lb=0,False
AFYEXZTYGZ4TX6H5RTMOCSZXBSLQ,393,2811,3085,0.011111,0.000000,0.981474,0.956066,0.053499,-0.053499,inf,p_lb=0,False
AEQUPJFSMPHWXHKTTNNXY3NNKTHQ,394,3684,4551,0.011885,0.000000,0.981743,0.956066,0.044047,-0.044047,inf,p_lb=0,False
AEJYFOK4LHIS2ROVL57UXDVAHBOA,395,3008,3036,0.007310,0.000000,0.981207,0.956015,0.053932,-0.053932,inf,p_lb=0,False
AFKEUURWVXYJOYGZOUKJQ4VOVZCQ,396,3720,4959,0.010367,0.000000,0.981463,0.958056,0.042109,-0.042109,inf,p_lb=0,False
AFMNODMYRR7Y2SZHUFX7MUNLDUGQ,397,2200,2827,0.003053,0.000000,0.981246,0.958056,0.055771,-0.055771,inf,p_lb=0,False
AEMYUGKFRP2UUSRF467XWHUSJQKA,398,3889,3755,0.004780,0.000000,0.980913,0.956066,0.048492,-0.048492,inf,p_lb=0,False
AG6US2ADNB67R7NZLRNGKK7IVR3A,399,2519,2033,0.011532,0.000000,0.979958,0.954993,0.065977,-0.065977,inf,p_lb=0,False
AGLMHJEWZBMXWLRX25ETEEYVKINA,400,5194,5102,0.014831,0.000000,0.981202,0.957036,0.041559,-0.041559,inf,p_lb=0,False
AEGE6O6QPB26V7GVK2FKFGHIXWWQ,401,3105,4066,0.012658,0.000000,0.982020,0.959075,0.046454,-0.046454,inf,p_lb=0,False
AHIAQ67BVQTUF6HVWOF35GUQW3XQ,402,2903,3370,0.010610,0.000000,0.981909,0.957036,0.051135,-0.051135,inf,p_lb=0,False
AFCQODXRVHWIJD5CWNND7J4GQ2MA,403,4966,5723,0.018397,0.000000,0.982080,0.959126,0.039154,-0.039154,inf,p_lb=0,False
AH33DSGP6JD2BY4GKQOMITFCNFKA,404,8473,8861,0.014534,0.000000,0.982338,0.958107,0.031500,-0.031500,inf,p_lb=0,False
AHSASLZZLTR7E23XSOA4HW5QX7EA,405,7555,5833,0.010040,0.000000,0.981800,0.957087,0.038865,-0.038865,inf,p_lb=0,False
AEKY432H6WTR5PJFVOQELAA6TQ4A,406,4487,4159,0.011396,0.000000,0.980188,0.954993,0.046128,-0.046128,inf,p_lb=0,False
AH7HCMRSHZCML7WGBJP3YPNTPLSA,407,2271,2799,0.011534,0.000000,0.980944,0.956066,0.056166,-0.056166,inf,p_lb=0,False
AGAHQWPVZBU5NFC5VGS5GQQLDPMQ,408,2377,2167,0.008532,0.000000,0.980316,0.957087,0.063765,-0.063765,inf,p_lb=0,False
AG46DXNFU65ZZXWRTQ3R5N7Y2IMQ,409,2722,4272,0.012116,0.000000,0.981299,0.955044,0.045512,-0.045512,inf,p_lb=0,False
AHHGMQ5GFTU62AI3MWQFEKWHNKDA,410,3286,2478,0.008969,0.000000,0.981306,0.957087,0.059629,-0.059629,inf,p_lb=0,False
AER5LFOUF23FX3CTQAIGCVSXYU2Q,411,2545,2657,0.015471,0.000000,0.981262,0.957087,0.057586,-0.057586,inf,p_lb=0,False
AHQEQ4C7GOFXLV7TCPD7ZEB4NQJA,412,2938,2521,0.012559,0.000000,0.981336,0.956066,0.059182,-0.059182,inf,p_lb=0,False
AF4H52NRG5JIOPRLIYOED4JZEQMA,413,3049,4152,0.010526,0.000000,0.981088,0.955044,0.046165,-0.046165,inf,p_lb=0,False
AF6QAHEJL6WEQHIO2PWQNPNPJIRQ,414,2142,2130,0.010204,0.000000,0.981418,0.958107,0.064248,-0.064248,inf,p_lb=0,False
AHZRUCQACCVHJ5W7VTYWOTZICVAA,415,13469,11591,0.017736,0.000000,0.981748,0.958107,0.027541,-0.027541,inf,p_lb=0,False
AHCHV7T4WWVWJNFINVG57LX5J4GA,416,2267,3023,0.009079,0.000000,0.980282,0.955044,0.054103,-0.054103,inf,p_lb=0,False
AHUYAITDXGCQ5RLRZGP5C5PLRB7Q,417,6840,8232,0.011710,0.000000,0.981654,0.959126,0.032646,-0.032646,inf,p_lb=0,False
AEDCAW62Y73SDQEVISDWSVSVNUVA,418,3615,2943,0.011905,0.000000,0.982199,0.957087,0.054716,-0.054716,inf,p_lb=0,False
AGFUQU7XRXGWMT3GNAISYFQV3SUA,419,5758,6549,0.009545,0.000000,0.980945,0.958107,0.036640,-0.036640,inf,p_lb=0,False
AEW7VB43WF43JBV6TA6RIKOYLWRA,420,1634,2388,0.009724,0.000000,0.979526,0.954021,0.060938,-0.060938,inf,p_lb=0,False
AGDGMB7AQBS75JIOCIDD4C54NVCA,421,3706,3344,0.013550,0.000000,0.982165,0.959126,0.051222,-0.051222,inf,p_lb=0,False
AGISOCHR4AI2PHPRL3J3E42JEVLA,422,2162,2107,0.009709,0.000000,0.979061,0.952946,0.064947,-0.064947,inf,p_lb=0,False
AHJGZUKX76JHUDT6MKANUXRC5R7A,423,19937,20413,0.017954,0.003303,0.982856,0.959075,0.020733,-0.017695,874633.440780,eps_dominant,False
AEGKJTQWHGBIOTO34OB3GKIGCN7A,424,7297,7878,0.016176,0.000000,0.981734,0.957087,0.033443,-0.033443,inf,p_lb=0,False
AFGCRBV3FJWSRSSWQE32UF6H4F3Q,425,4178,4574,0.013652,0.000000,0.981695,0.957087,0.043890,-0.043890,inf,p_lb=0,False
AGD63JV4YYGI34EXAFJHEHKTQYQA,426,1867,1825,0.010101,0.000000,0.979364,0.952946,0.069785,-0.069785,inf,p_lb=0,False
AFMKYJEEGTOYLGNBX6B7FZIKC3RA,427,2869,3057,0.011194,0.000000,0.980800,0.954993,0.053804,-0.053804,inf,p_lb=0,False
AEIEKUH6Z6OH2GVPS35MCF6C2YNQ,428,13687,12564,0.016741,0.000000,0.982529,0.959126,0.026425,-0.026425,inf,p_lb=0,False
AFG5DA7NUVP7FVG6MJWNXLGGO2LA,429,3049,3617,0.010262,0.000000,0.981431,0.957087,0.049355,-0.049355,inf,p_lb=0,False
AEFDIVNWWBP2IEEPXCTIRWCIPWSA,430,2445,2731,0.014641,0.000000,0.980903,0.957087,0.056800,-0.056800,inf,p_lb=0,False
AGVJST7CASCOH7EWNENJM6VR77LA,431,6205,5504,0.014717,0.000000,0.981342,0.955044,0.040096,-0.040096,inf,p_lb=0,False
AGKQOGMY7SVDTMMSC7T7MM2KFB4A,432,3890,3533,0.010158,0.000000,0.981866,0.960143,0.049780,-0.049780,inf,p_lb=0,False
AGSVNZDZNPCMXG5DEFXMZNRH2LCQ,433,22041,25216,0.017317,0.004134,0.982310,0.959126,0.018653,-0.014850,558025.825259,eps_dominant,False
AEBDUTDUTBCJ5DRNRYF5OE5MTPPA,434,5294,6218,0.014085,0.000000,0.981717,0.958107,0.037603,-0.037603,inf,p_lb=0,False
AFTQN4MTJHHVFM4FEXY5KT76OY4A,435,6263,5915,0.010063,0.000000,0.981128,0.954021,0.038719,-0.038719,inf,p_lb=0,False
AF2KDD3AVW54DIIRKQ5VA3APSPVQ,436,2335,2154,0.007937,0.000000,0.980062,0.956066,0.064025,-0.064025,inf,p_lb=0,False
AG7NHAT2HSVNIBI6LH5QM6YFK4JQ,437,38209,34806,0.017115,0.005895,0.981630,0.956066,0.015927,-0.010539,277971.489203,eps_dominant,False
AEAF6UYWPYXXF2MOOTGNJT4OZV6A,438,2166,3090,0.009642,0.000000,0.980943,0.957036,0.053402,-0.053402,inf,p_lb=0,False
AF6VJYLVYJCQIXUEIBSVKZGRUGVA,439,4501,3367,0.013175,0.000000,0.981971,0.957087,0.051155,-0.051155,inf,p_lb=0,False
AHSL6SPJ3F6JQU4TG2UFMHVVQCKA,440,4259,4866,0.011915,0.000000,0.981413,0.958107,0.042507,-0.042507,inf,p_lb=0,False
AG4D7B2B6JZP6LIZXRPCYFWODKKQ,441,3299,3186,0.014474,0.000000,0.981976,0.958107,0.052532,-0.052532,inf,p_lb=0,False
AF6XCN7EPYNIO24FJRNV3KOFI3QA,442,3679,2852,0.013825,0.000000,0.981091,0.956066,0.055641,-0.055641,inf,p_lb=0,False
AGAVE3RJU2Q3N3WVKPORQ2PYU26A,443,10728,11815,0.017064,0.000000,0.982360,0.960143,0.027221,-0.027221,inf,p_lb=0,False
AHDJUFVTKDJUUBAIFGT4WVU2YGOA,444,3579,3463,0.011100,0.000000,0.981142,0.958056,0.050390,-0.050390,inf,p_lb=0,False
AFIQRDAYJLNVCGJWSOHI2QKPOQ3Q,445,2474,2820,0.010458,0.000000,0.980359,0.956015,0.055959,-0.055959,inf,p_lb=0,False
AFS2FQVHIMUXIABBO5BMHZCDWW6Q,446,1897,1695,0.006061,0.000000,0.978867,0.952997,0.072408,-0.072408,inf,p_lb=0,False
AEKNUVZ54GHK35OSOD3TI75BQDGQ,447,2594,2838,0.015449,0.000000,0.981887,0.957087,0.055719,-0.055719,inf,p_lb=0,False
AEBVIJZLUXIBEZ25ZQLG4SPFVMVQ,448,3480,3993,0.012783,0.000000,0.981600,0.957087,0.046974,-0.046974,inf,p_lb=0,False
AFUPZ42DV2WKMF3SC2EKD2ZLD65A,449,3842,3605,0.012865,0.000000,0.981191,0.956066,0.049490,-0.049490,inf,p_lb=0,False
AHR5HMD2RY6FF323ZN4RXNLU4UAQ,450,2757,4000,0.011202,0.000000,0.980527,0.954993,0.047036,-0.047036,inf,p_lb=0,False
AHR6M4DYJMUKR6T4VB6MFN67MEOA,451,1767,2101,0.011513,0.000000,0.980227,0.954021,0.064967,-0.064967,inf,p_lb=0,False
AHOOD7DBLBIUO6DB7DZMCWYBZS3Q,452,18212,16983,0.017664,0.001601,0.982074,0.957036,0.022779,-0.021312,3753492.280550,eps_dominant,False
AFNIEDCE6BLCHCFULJTN66EWSLMA,453,2509,3537,0.013845,0.000000,0.981435,0.956066,0.049964,-0.049964,inf,p_lb=0,False
AELETLCYBQBTWSUKGSWG23QI7IJQ,454,4615,6304,0.013307,0.000000,0.982392,0.958107,0.037346,-0.037346,inf,p_lb=0,False
AF63GHTZBFUQTJPVNLMYMBCRQRJA,455,2613,3184,0.010949,0.000000,0.981077,0.957087,0.052605,-0.052605,inf,p_lb=0,False
AFZUC23U6UM5PQGWTWF3DEYO2YYA,456,4893,4775,0.015584,0.000000,0.981606,0.956015,0.043004,-0.043004,inf,p_lb=0,False
AFRYDQVWTDEA7724F2O454CVQS6Q,457,2996,2914,0.005298,0.000000,0.980988,0.956066,0.055046,-0.055046,inf,p_lb=0,False
AHSCNOTMQI2WQ4YUTXSOBJ3OFG7Q,458,11300,10476,0.012863,0.000000,0.982327,0.959075,0.028941,-0.028941,inf,p_lb=0,False
AGBWD5VMK2NVIAIXF7OINPOSC46A,459,13116,12343,0.014077,0.000000,0.981505,0.957087,0.026718,-0.026718,inf,p_lb=0,False
AFFYOGW567R22D6QXHYYJT2NVV2Q,460,2341,2853,0.011905,0.000000,0.981665,0.956066,0.055632,-0.055632,inf,p_lb=0,False
AGXXNB2FXMNKOLZYPDC2NS3K7G5A,461,5314,5586,0.015884,0.000000,0.982224,0.957036,0.039718,-0.039718,inf,p_lb=0,False
AHLUM3IZPNZPLJEKYACUGH66YQLQ,462,3979,3588,0.014591,0.000000,0.980865,0.954993,0.049663,-0.049663,inf,p_lb=0,False
AFRVEZ6EJNYZOHC7WT5T4OJP5XCA,463,3417,2998,0.015458,0.000000,0.981844,0.959126,0.054097,-0.054097,inf,p_lb=0,False
AES3YWD3ONJOUDRWFIV2ZO44QDAQ,464,21944,20409,0.015161,0.000508,0.982261,0.958056,0.020757,-0.020291,37165856.147646,eps_dominant,False
AEKN6CHGDPL4TCGLZUM4V5U46QBQ,465,3252,3507,0.006274,0.000000,0.980038,0.953970,0.050287,-0.050287,inf,p_lb=0,False
AHH3ASURHRSUP4F6CXG6KWFMAT2A,466,3878,4346,0.013055,0.000000,0.981942,0.956066,0.045074,-0.045074,inf,p_lb=0,False
AHMM4IE5PPFSNOXOOPDBW37GB36A,467,4252,4119,0.013472,0.000000,0.981005,0.956015,0.046302,-0.046302,inf,p_lb=0,False
AG5WQAU45AHMYG3IVZXID43THTAQ,468,3441,3516,0.005862,0.000000,0.981190,0.957087,0.050059,-0.050059,inf,p_lb=0,False
AFBOXU6QKQGVJP6M4THIHE66BMCA,469,3266,3595,0.010834,0.000000,0.981608,0.956066,0.049559,-0.049559,inf,p_lb=0,False
AE4YO2ZT4TMRFFA54ZZUQGK27YZA,470,2756,3457,0.013948,0.000000,0.981697,0.957087,0.050485,-0.050485,inf,p_lb=0,False
AFTDBAD66GZC62GV6EIHBF3K5HAA,471,3611,3787,0.013269,0.000000,0.981612,0.957036,0.048238,-0.048238,inf,p_lb=0,False
AGTPYYIF2KZYACAGPMFRIBTACMSQ,472,3177,2227,0.007605,0.000000,0.982160,0.958107,0.062833,-0.062833,inf,p_lb=0,False
AE23ZBUF2YVBQPH2NN6F5XSA3QYQ,473,26912,26138,0.016398,0.003450,0.982021,0.958107,0.018340,-0.015173,804596.453557,eps_dominant,False
AHFGE4VXBOCPGICMJ2XZACGEJOAA,474,3166,3310,0.008759,0.000000,0.982259,0.959075,0.051487,-0.051487,inf,p_lb=0,False
AFKZESU3PTCQ2UVDBDSFVFTXBFNQ_2,475,13471,14030,0.013527,0.000000,0.981347,0.955044,0.025114,-0.025114,inf,p_lb=0,False
AHA67Q47N35BIULG2YNU7ZA3YEWQ,476,8040,6523,0.011066,0.000000,0.980809,0.954021,0.036871,-0.036871,inf,p_lb=0,False
AHDPI35VZ3SH2VZVGOYJS52LPVAQ,477,3072,2655,0.004043,0.000000,0.979331,0.954021,0.057792,-0.057792,inf,p_lb=0,False
AEXQED3KRQKIMV6WOUKR3HJ5HKDQ,478,7916,7928,0.016901,0.000000,0.982368,0.959126,0.033266,-0.033266,inf,p_lb=0,False
AGPTDCDZJKJL2TCSX2FYL5MW33GA,479,3503,2287,0.012966,0.000000,0.980989,0.957036,0.062073,-0.062073,inf,p_lb=0,False
AGLOXQBIOUHGR3OQ3WSGE4NP2T2A,480,3257,3771,0.007519,0.000000,0.981009,0.957036,0.048340,-0.048340,inf,p_lb=0,False
AHSP5IKX6USXFMSHWDQMXSKAEJ3Q,481,3403,2730,0.015106,0.000000,0.980655,0.957036,0.056814,-0.056814,inf,p_lb=0,False
AEX6GC25ANZIT36EQGUAJOGXCPLQ,482,10007,9688,0.014582,0.000000,0.981582,0.958107,0.030125,-0.030125,inf,p_lb=0,False
AGADEX5O4F3Q4BLG3VYHHKRARSDQ,483,3179,2352,0.011516,0.000000,0.980939,0.956066,0.061271,-0.061271,inf,p_lb=0,False
AEOUAVGSFJS53WXZT7ESMQT3VMSA,484,2712,2515,0.015432,0.000000,0.981559,0.956066,0.059252,-0.059252,inf,p_lb=0,False
AFRGJMSUHGKN6E36WF7NUXIQVXVQ,485,7461,9032,0.011423,0.000000,0.981653,0.957087,0.031233,-0.031233,inf,p_lb=0,False
AFUXD5ALWDRCHSXS4DGLVZAKS3IA,486,4274,3655,0.009793,0.000000,0.981354,0.958107,0.049046,-0.049046,inf,p_lb=0,False
AES77I2GEGGTHPYTW2YXN6T5VGXA,487,3482,3800,0.011461,0.000000,0.981451,0.958107,0.048101,-0.048101,inf,p_lb=0,False
AELK42U6YCYLVSH6GQ2XODTAOSVQ,488,3271,3359,0.012887,0.000000,0.982025,0.957036,0.051219,-0.051219,inf,p_lb=0,False
AE2XQEA63DL66X2UUTRRF6LDEJRQ,489,3981,4233,0.011225,0.000000,0.981161,0.958107,0.045575,-0.045575,inf,p_lb=0,False
AG5AS6HFWYJ6SLDZEWGQE4NXF6AQ,490,3180,3366,0.009423,0.000000,0.981841,0.957087,0.051163,-0.051163,inf,p_lb=0,False
AHS4PZFYYBOPFTPEMD2NEQZ4LMIA,491,5084,4207,0.009666,0.000000,0.980791,0.955044,0.045862,-0.045862,inf,p_lb=0,False
AHK22RUTPDKFZIFHCLL3NL765XCA,492,6141,5984,0.015707,0.000000,0.981294,0.958056,0.038333,-0.038333,inf,p_lb=0,False
AEA6O7PSMHO4VOKWAZOYOKKULRDA,493,2095,2328,0.009972,0.000000,0.980688,0.956066,0.061586,-0.061586,inf,p_lb=0,False
AFAGV3OYQR5AND4HEV3KPFX47NZA,494,5040,4729,0.013019,0.000000,0.981630,0.958056,0.043121,-0.043121,inf,p_lb=0,False
AEBA3PHX2IZXTOVI6XDGA3Y5UR7Q,495,2031,2216,0.006289,0.000000,0.980930,0.957087,0.063056,-0.063056,inf,p_lb=0,False
AEXHGP5FTG3WZPUIVPEFZREQWFEA,496,2891,2987,0.009112,0.000000,0.980989,0.955044,0.054428,-0.054428,inf,p_lb=0,False
AGRC3JDXRCSSQ6TOMEB66Y5ORIYA,497,3131,2609,0.010204,0.000000,0.981482,0.958107,0.058051,-0.058051,inf,p_lb=0,False
AEIIRIHLIYKQGI7ZOCIJTRDF5NPQ_2_2_2_1,498,14060,12501,0.010816,0.000000,0.982153,0.958107,0.026520,-0.026520,inf,p_lb=0,False
AHUQHUKMW2VDHUHTAWQVVYYNER4Q,499,2044,2336,0.002793,0.000000,0.978810,0.952946,0.061682,-0.061682,inf,p_lb=0,False
AHCUI3MCE2AGX2HLG2YSWG3Z3OFA,500,2403,2190,0.007477,0.000000,0.980152,0.957087,0.063429,-0.063429,inf,p_lb=0,False
AGHETJ7PN7P2EEPPQZHFVHGV7TAA,501,7575,8209,0.014620,0.000000,0.981798,0.958107,0.032727,-0.032727,inf,p_lb=0,False
AF2AHWFRYLISW4WNTUF6OSP3BBEQ,502,5265,4075,0.009524,0.000000,0.981247,0.956015,0.046551,-0.046551,inf,p_lb=0,False
AETQ662T5IP4NC524RTVV6ZWNOBQ,503,2740,1881,0.011494,0.000000,0.979903,0.954021,0.068661,-0.068661,inf,p_lb=0,False
AHDNBD6BXVJE7DUHN3HPT432WRDQ,504,4913,5250,0.014409,0.000000,0.981120,0.956015,0.041013,-0.041013,inf,p_lb=0,False
AGWUPUBODLPBDOKF7WR3NZLSQIXQ,505,5592,4356,0.014655,0.000000,0.981634,0.957087,0.044974,-0.044974,inf,p_lb=0,False
AEXO6YBJHQZFPLVRQJI6VX7IJDNA,506,6489,7161,0.012422,0.000000,0.981714,0.959126,0.035002,-0.035002,inf,p_lb=0,False
AGSQN7QVGI3VRJO4LX6F5E63QJIA,507,2884,3129,0.010542,0.000000,0.980795,0.958107,0.053008,-0.053008,inf,p_lb=0,False
AHX7REGI74RJYU6QNM6CHKH2L3SQ,508,6604,6149,0.015161,0.000000,0.981376,0.958056,0.037815,-0.037815,inf,p_lb=0,False
AF5TD2FIKGIYPODNQVRGRDQANF7Q,509,8851,11431,0.016293,0.000000,0.981811,0.958107,0.027734,-0.027734,inf,p_lb=0,False
AEHMQSTB6ESWFAT4AHROTV6M7VWA,510,1668,1953,0.007874,0.000000,0.980874,0.958107,0.067096,-0.067096,inf,p_lb=0,False
AGG4ORO3HU7EEFTG7JYP7IXZ7HNA,511,3673,4314,0.015414,0.000000,0.981668,0.957087,0.045193,-0.045193,inf,p_lb=0,False
AESXPFPYKPBWD4SLCAZRXX22GEZA,512,3221,2817,0.015267,0.000000,0.981977,0.960092,0.055751,-0.055751,inf,p_lb=0,False
AHP3RMY24RUHJWKGGHY4XRXEA7TQ,513,2912,2273,0.014315,0.000000,0.980465,0.954993,0.062397,-0.062397,inf,p_lb=0,False
AF5LSOLMFO3RQAH2LWPPWPYMNNWQ,514,5617,6559,0.013229,0.000000,0.981723,0.957087,0.036651,-0.036651,inf,p_lb=0,False
AGE2W3LSEPUMPDXXMMXOEDZ46GWQ,515,2557,2835,0.014628,0.000000,0.981324,0.958056,0.055692,-0.055692,inf,p_lb=0,False
AGMRNSQL6FRY5GP77GUBUIR2HVTA,516,2992,2915,0.011461,0.000000,0.981475,0.958056,0.054923,-0.054923,inf,p_lb=0,False
AHNQEGOLNDNC5IOKANIAOC7LW2GA,517,2774,3368,0.013544,0.000000,0.981059,0.956066,0.051202,-0.051202,inf,p_lb=0,False
AEM7ZR6X2YIN5CBPYQXQIEPTNYJA,518,2313,1665,0.008197,0.000000,0.981722,0.959126,0.072590,-0.072590,inf,p_lb=0,False
AEIYLNXFUY2EADFY736TIRBD4HGQ,519,2994,3252,0.014267,0.000000,0.981664,0.957087,0.052052,-0.052052,inf,p_lb=0,False
AEHV5QSASACDSTO62UXNRM3CIOIQ,520,3648,2646,0.009509,0.000000,0.982038,0.958056,0.057647,-0.057647,inf,p_lb=0,False
AGMIT66KFFRGJFOVS3DKXIJ7VYGQ,521,4318,4397,0.011217,0.000000,0.981229,0.958107,0.044717,-0.044717,inf,p_lb=0,False
AEOED2TZEJUJI7XNJWMP4S5I5TSQ,522,5118,4162,0.013553,0.000000,0.982324,0.958107,0.045962,-0.045962,inf,p_lb=0,False
AE3JHU5FFAHLLPFIDRTNY2ZTWNWQ,523,2492,2208,0.007987,0.000000,0.980477,0.955044,0.063305,-0.063305,inf,p_lb=0,False
AF54J6UBFYLCY5DW2KYQXLNMZPGQ,524,3053,3020,0.009889,0.000000,0.980251,0.955044,0.054130,-0.054130,inf,p_lb=0,False
AF5DN3WHPZKNRL5IEYBDTMNCVGDA,525,2217,2238,0.015228,0.000000,0.982035,0.959075,0.062615,-0.062615,inf,p_lb=0,False
AGSNKFQ67XEX7JR3KMPUONRPNGYQ,526,9524,7678,0.014851,0.000000,0.981765,0.959126,0.033803,-0.033803,inf,p_lb=0,False
AFUA5LQPDJOM6TDWTOLF6N74GUKQ,527,3810,3763,0.011125,0.000000,0.981241,0.956066,0.048440,-0.048440,inf,p_lb=0,False
AE3GOLU5565IGELCLCMXSDAJBHYA,528,2144,2892,0.010870,0.000000,0.982310,0.957036,0.055199,-0.055199,inf,p_lb=0,False
AHU5CEFMHIARA3FUDNNHQJTVKEDA,529,6500,5246,0.014643,0.000000,0.981788,0.957087,0.040982,-0.040982,inf,p_lb=0,False
AE4IUAHJ4UGJM2AAHDDJYWQUPUWQ,530,2604,1927,0.012216,0.000000,0.981188,0.957087,0.067619,-0.067619,inf,p_lb=0,False
AG65BD5EVGIFAAFJEDYG5VMAO6FQ,531,5755,5315,0.011990,0.000000,0.981333,0.957036,0.040718,-0.040718,inf,p_lb=0,False
AGSM75HHGVYI263VKMFQMK6GJQ7A,532,13175,13168,0.016726,0.000000,0.981639,0.959075,0.025814,-0.025814,inf,p_lb=0,False
AEID2J5IAK3LDPXXEDHH4T3JV3VQ,533,5122,4732,0.016156,0.000000,0.981645,0.958107,0.043105,-0.043105,inf,p_lb=0,False
AEJULOIIS2FOHJKRJK5JLXZDWFOA,534,3476,2312,0.011782,0.000000,0.980538,0.954993,0.061868,-0.061868,inf,p_lb=0,False
AEL77HR7DJEAEUFEHUHXS4ITQ3CA,535,2522,3409,0.015606,0.000000,0.982104,0.959075,0.050734,-0.050734,inf,p_lb=0,False
AHFEJ43QFE5M7F6HIK2FEXHTAIUQ,536,2520,2853,0.009103,0.000000,0.979378,0.954021,0.055751,-0.055751,inf,p_lb=0,False
AGSGUQ5INR6QIZN5KFOFXHV3CFZA,537,2506,2667,0.007657,0.000000,0.980943,0.956015,0.057542,-0.057542,inf,p_lb=0,False
AHGGEBG6ULZ4CC4XTUVH7JCO2ZRQ,538,4227,4136,0.010101,0.000000,0.980851,0.955044,0.046254,-0.046254,inf,p_lb=0,False
AF6VN3TUVQLOPONM5GPIG26BMHIQ,539,6529,6697,0.013561,0.000000,0.982260,0.960143,0.036156,-0.036156,inf,p_lb=0,False
AFSBZBYPM2DLIXKYS3WEQ6L3ZZGA,540,8073,8527,0.013445,0.000000,0.982345,0.958107,0.032111,-0.032111,inf,p_lb=0,False
AGD3WE6VAWDOBMVDUHA7WCTF4SQQ,541,3854,3424,0.013529,0.000000,0.980515,0.957087,0.050727,-0.050727,inf,p_lb=0,False
AGVXEMIIQ2S4N7TFU62FQASJJ6ZA,542,9048,10199,0.019925,0.000000,0.982499,0.959126,0.029330,-0.029330,inf,p_lb=0,False
AEI77FRGYVNL3P7GNBBK76XHCU5A,543,5107,5340,0.013818,0.000000,0.980950,0.956066,0.040663,-0.040663,inf,p_lb=0,False
AGSTQ3JDGW2TZB5XKBF7PD2DJOKQ,544,4614,4880,0.016284,0.000000,0.982151,0.959126,0.042401,-0.042401,inf,p_lb=0,False
AFUL667IIU5H4NIVQXA55KA43DNQ,545,6368,5131,0.016200,0.000000,0.981672,0.958056,0.041397,-0.041397,inf,p_lb=0,False
AG7ZV6UHNP2KF3CKTJ73KKZ2O3QQ,546,3959,2787,0.015601,0.000000,0.981868,0.956066,0.056287,-0.056287,inf,p_lb=0,False
AHKYX34JVRX4ZPC6FKCYHDPQTW3Q,547,4178,3725,0.011727,0.000000,0.981549,0.957087,0.048635,-0.048635,inf,p_lb=0,False
AGKLWN6DDVBZBLGPZQMUJ4JPQZGQ,548,2953,3938,0.009494,0.000000,0.980475,0.958107,0.047251,-0.047251,inf,p_lb=0,False
AFAK7NZ77T2ZVYBFTUDUE6SA3O2A,549,3015,2762,0.011730,0.000000,0.981279,0.956066,0.056541,-0.056541,inf,p_lb=0,False
AG6WNZI5AD2JASG4KJ6XKCEB5YBA,550,3307,3718,0.007797,0.000000,0.980167,0.952997,0.048889,-0.048889,inf,p_lb=0,False
AGM6JHRSPOTBHVITWSUDXMUNEXWQ,551,2261,2581,0.006547,0.000000,0.980992,0.956066,0.058490,-0.058490,inf,p_lb=0,False
AFNIU5RTX74ILRYURZG7UGLYL2XA,552,3740,4740,0.010176,0.000000,0.981588,0.959126,0.043023,-0.043023,inf,p_lb=0,False
AGGYJDBFHKHKTL7YZ5QA4RYUZDTQ,553,2921,2929,0.009873,0.000000,0.981452,0.958056,0.054791,-0.054791,inf,p_lb=0,False
AEWFDRE37ICDKBMVGFPIC3VHE2CA,554,3092,3097,0.011407,0.000000,0.981946,0.958107,0.053282,-0.053282,inf,p_lb=0,False
AGEECCQF4MDXAP7RJDDPHK4U54FQ,555,7656,7613,0.017154,0.000000,0.981403,0.958107,0.033984,-0.033984,inf,p_lb=0,False
AGZS7H74UPZU746GOWUAJW6JLLTQ,556,3419,4284,0.011576,0.000000,0.982230,0.955044,0.045448,-0.045448,inf,p_lb=0,False
AFXQNAXCDTJ2SQDCNSM5ZGBKQJ7A,557,3291,4155,0.013963,0.000000,0.981834,0.959126,0.045952,-0.045952,inf,p_lb=0,False
AGKYAPJAIV6AKVK7MUVYNQB2RRNA,558,26043,26101,0.016834,0.003876,0.982013,0.958107,0.018353,-0.014795,637390.234473,eps_dominant,False
AGX5BXNPC6S4RNAKL2MXQXWDKE2Q,559,2244,2287,0.009615,0.000000,0.980536,0.957036,0.062073,-0.062073,inf,p_lb=0,False
AEQ6P4YGW6NO3JICID7U73FG6HLQ,560,4969,4341,0.011696,0.000000,0.982247,0.960143,0.044909,-0.044909,inf,p_lb=0,False
AHZGQXTGR3WB6CQR3PP2TB2YPTUA_2,561,62551,64325,0.016842,0.008588,0.981694,0.956015,0.011717,-0.003867,130997.559797,eps_dominant,False
AGNKIQAYLV52WEMBY3EPNECGQH6Q,562,3437,3007,0.011034,0.000000,0.981238,0.958107,0.054073,-0.054073,inf,p_lb=0,False
AFL2ZDLKD6WRY5AG35RAWWKQTJFA,563,2947,4048,0.013559,0.000000,0.981950,0.958107,0.046604,-0.046604,inf,p_lb=0,False
AEDIMIXF5LZTNHLKWWJ3SDD3KVKA,564,6668,7477,0.014862,0.000000,0.981626,0.956066,0.034364,-0.034364,inf,p_lb=0,False
AG3HIKXAMFBUKALTID3BGXXOS5NA,565,4521,4845,0.013445,0.000000,0.981808,0.957036,0.042647,-0.042647,inf,p_lb=0,False
AFSKPY37N3C43SOI5IEXEK5JSIYA,566,6763,8898,0.013983,0.000000,0.981741,0.955044,0.031535,-0.031535,inf,p_lb=0,False
AHNDQTIDT42KUEXE7PRP45ODX5IQ,567,2975,3097,0.007194,0.000000,0.981566,0.958107,0.053282,-0.053282,inf,p_lb=0,False
AEDB6ZCMWZFJNB4GJ32XNQSJLGEQ,568,3350,3148,0.009828,0.000000,0.980630,0.958005,0.052854,-0.052854,inf,p_lb=0,False
AFKX24ALWAPX366KX6DWTOBWLQAA,569,3157,2890,0.011688,0.000000,0.980856,0.956066,0.055274,-0.055274,inf,p_lb=0,False
AHU42PTRX7VJN2AFMA7HJZJINSQA,570,5338,4915,0.015106,0.000000,0.981264,0.958056,0.042297,-0.042297,inf,p_lb=0,False
AHUDLM6F46QJM4BSG55J2CKT65FQ,571,33687,30726,0.017177,0.005234,0.982392,0.959075,0.016899,-0.012084,348150.645300,eps_dominant,False
AH52JG5PBRVOSTGXB3ZR3JA4XEBA,572,3202,2856,0.006579,0.000000,0.982355,0.960143,0.055366,-0.055366,inf,p_lb=0,False
AGUIVHRS32TAIJJUNNJSZU2R3E6A,573,3149,2718,0.012739,0.000000,0.981592,0.957087,0.056936,-0.056936,inf,p_lb=0,False
AHPAXGZTH4KAGQHOWQ4SGU4BN23Q,574,11554,12135,0.017480,0.000000,0.981765,0.957087,0.026946,-0.026946,inf,p_lb=0,False
AHX6ND5IXNLLPE46BFRTFIWJWMGA,575,3206,2783,0.010000,0.000000,0.981542,0.957087,0.056267,-0.056267,inf,p_lb=0,False
AEQSZVLAFNQJY63SLGBVYWQM4IBA,576,2548,2159,0.009225,0.000000,0.980658,0.956985,0.063890,-0.063890,inf,p_lb=0,False
AHMSVEFJC7AY76OCKWNTAIDUIM2Q,577,1999,1876,0.001938,0.000000,0.980287,0.958107,0.068459,-0.068459,inf,p_lb=0,False
AFVOZ4UNUZKEQ7GTQ3IHQY7PZ5FA_2,578,4027,3880,0.009756,0.000000,0.980370,0.957036,0.047656,-0.047656,inf,p_lb=0,False
AECCAESAR6LXPJ2VJEPN64WPMNAQ,579,4200,3551,0.012876,0.000000,0.980272,0.955044,0.049919,-0.049919,inf,p_lb=0,False
AHGUFVDYHZT4GZVUGN3FSM4KS37A,580,3964,2729,0.007452,0.000000,0.980649,0.956066,0.056882,-0.056882,inf,p_lb=0,False
AF4DA6OA3GBNJPXYR66R5K77HI5A,581,3014,2914,0.010324,0.000000,0.981000,0.958107,0.054929,-0.054929,inf,p_lb=0,False
AFRPPMWZW3VMGQDIZMPHBQNTMULA,582,3186,2729,0.012129,0.000000,0.981252,0.958056,0.056763,-0.056763,inf,p_lb=0,False
AG2XUDCCLTNCSR4AEIZ4UHZRFOSQ,583,6768,8251,0.014320,0.000000,0.982135,0.958056,0.032645,-0.032645,inf,p_lb=0,False
AGQ3BYKSR2EWRBITM4CERV2MVJZQ,584,5341,5924,0.013468,0.000000,0.981602,0.957087,0.038566,-0.038566,inf,p_lb=0,False
AGVRVBSW33TUHVPWX63GSGYVZQ6Q,585,3748,3143,0.011029,0.000000,0.982036,0.960143,0.052778,-0.052778,inf,p_lb=0,False
AHEE76NDKZZRDPTCUKAVHI4OF6ZA,586,2838,2555,0.012520,0.000000,0.980920,0.955044,0.058849,-0.058849,inf,p_lb=0,False
AFWTHSFNTWL7APIKKGQZV2B745HA,587,4519,4703,0.013605,0.000000,0.981262,0.957087,0.043283,-0.043283,inf,p_lb=0,False
AEFUNDFXSJLROLIBSFW74D5527NQ,588,3508,4584,0.008641,0.000000,0.979714,0.953970,0.043985,-0.043985,inf,p_lb=0,False
AER5HOHRL6LSC45EWGEBOUWZGOLA,589,6223,6476,0.013061,0.000000,0.980430,0.955044,0.036964,-0.036964,inf,p_lb=0,False
AHG5YPN72JJQXCG7463HZYBFRZZQ,590,3203,3127,0.012212,0.000000,0.980141,0.954021,0.053252,-0.053252,inf,p_lb=0,False
AFU7OPCX5SYLPSLCFPGBVX7ZDS4Q,591,2330,2238,0.008104,0.000000,0.979102,0.954993,0.062883,-0.062883,inf,p_lb=0,False
AHDMZQISGLPO7NOH2JQP7SKPLBOA,592,3108,2803,0.008108,0.000000,0.980264,0.956015,0.056129,-0.056129,inf,p_lb=0,False
AEB2IM7SDC6STXDK4X5WO5U4GN4Q,593,3793,3880,0.009166,0.000000,0.980971,0.957036,0.047656,-0.047656,inf,p_lb=0,False
AEW353QPPVIJ25MBCZTQCQ5PS7AA,594,4153,4081,0.015023,0.000000,0.981715,0.957036,0.046468,-0.046468,inf,p_lb=0,False
AELZDJ42ZTKWK3733KORAERLI2CQ,595,5972,6593,0.013041,0.000000,0.981081,0.956015,0.036598,-0.036598,inf,p_lb=0,False
AFG4FX7JY6KEFFNXB2YGSIZ7HWHQ,596,3470,3788,0.016548,0.000000,0.982074,0.959075,0.048129,-0.048129,inf,p_lb=0,False
AE5IMGWRBJA7JQFBQTBK25HDYGVA,597,12891,11019,0.013770,0.000000,0.982237,0.959126,0.028217,-0.028217,inf,p_lb=0,False
AEBFA4NDV7BFY73OSUHAZQRTLHYA,598,4268,2542,0.009569,0.000000,0.981503,0.956066,0.058937,-0.058937,inf,p_lb=0,False
AG4Z3BVEK6BL4CL266OLIT7YJFBA,599,2131,1135,0.003012,0.000000,0.979430,0.954021,0.088390,-0.088390,inf,p_lb=0,False
AF4MF2TEL724JVL42HY3LH2EZEOA,600,5835,5593,0.015375,0.000000,0.981928,0.956066,0.039733,-0.039733,inf,p_lb=0,False
AG2TPA2OTHKAJ2EDMS4MSWVEYEVA,601,2299,2097,0.012862,0.000000,0.980757,0.958056,0.064755,-0.064755,inf,p_lb=0,False
AGF6TCJ5DIUYHXKWWLFKAY2HUIXQ,602,15777,17833,0.016010,0.000334,0.981623,0.957087,0.022228,-0.021922,86114011.295172,eps_dominant,False
AHLZVZPQ5TWJ6KXNLADJBDZAT7EA,603,37561,39305,0.016686,0.006127,0.981246,0.956066,0.014988,-0.009388,257327.645089,eps_dominant,False
AFIDM7WD3YFJG5SKPRVCRV67V7EQ,604,2424,4631,0.014108,0.000000,0.981608,0.958107,0.043572,-0.043572,inf,p_lb=0,False
AE64UFB76MUZT2F2V7TCAWRO6PEA,605,2122,2079,0.015817,0.000000,0.981021,0.955044,0.065239,-0.065239,inf,p_lb=0,False
AHUL5FEPPRSUNPUTXCLK45RMC62Q,606,3216,3503,0.007186,0.000000,0.981270,0.958107,0.050099,-0.050099,inf,p_lb=0,False
AF5EMKPOFEX5D46HRWSMFMT3CIWA,607,3894,3320,0.012063,0.000000,0.981627,0.957087,0.051516,-0.051516,inf,p_lb=0,False
AFKBVRDWS2ZPNM6EAEA2GRYRXFPA,608,12499,12764,0.015194,0.000000,0.981978,0.959075,0.026219,-0.026219,inf,p_lb=0,False
AHRACJKKRNEOQ2RXRL3LJUIJEHEQ,609,4883,4345,0.013812,0.000000,0.981583,0.960092,0.044890,-0.044890,inf,p_lb=0,False
AG7J2BQ42YTOXPDVY4T4JZWUDCRA,610,6662,6912,0.014286,0.000000,0.981797,0.957087,0.035703,-0.035703,inf,p_lb=0,False
AHAZPUWMQKVPWMNASKRRHX72I7SA,611,4168,5160,0.017361,0.000000,0.982206,0.959126,0.041235,-0.041235,inf,p_lb=0,False
AH7DWQWLE3J47LT53FQ76ILLLCTQ,612,2547,2793,0.011436,0.000000,0.981403,0.956066,0.056226,-0.056226,inf,p_lb=0,False
AGYDO6ECOZYYNUZNBEC7B4KIIUVQ,613,2287,2733,0.010014,0.000000,0.980757,0.956066,0.056840,-0.056840,inf,p_lb=0,False
AH2ZYDCH2AFZTWQTDL67LN6Y5W6A,614,2254,2247,0.009901,0.000000,0.980526,0.954942,0.062760,-0.062760,inf,p_lb=0,False
AGQNTP3WGCU4SXKGLQQU5S2LIJLA,615,7749,7968,0.011414,0.000000,0.981242,0.958107,0.033218,-0.033218,inf,p_lb=0,False
AGNXIANQRNMDLDHCR7BKD3B7LFSQ,616,2688,2929,0.013177,0.000000,0.980621,0.957036,0.054850,-0.054850,inf,p_lb=0,False
AGZ2367HI7GZ5GRNZJFGG3VMPZLA,617,22123,22611,0.016216,0.002295,0.981418,0.956066,0.019761,-0.017663,1834047.170955,eps_dominant,False
AHPKWXPGOUOKHA4FRTPB7ICIMBAA,618,3691,3755,0.010482,0.000000,0.981279,0.957087,0.048440,-0.048440,inf,p_lb=0,False
AFJWRG6WWXKBY6FK36QZ6KTC4LFA,619,3245,2634,0.008224,0.000000,0.980451,0.956066,0.057898,-0.057898,inf,p_lb=0,False
AG4L2W6D57TWHR2OAS66DQLBR3MA,620,2497,2014,0.011986,0.000000,0.981220,0.957036,0.066146,-0.066146,inf,p_lb=0,False
AFWA4VQRZMFNYQDZZ44DIPKT7CHA,621,2424,2427,0.007184,0.000000,0.979365,0.951972,0.060576,-0.060576,inf,p_lb=0,False
AFSLMINZMMAJU7VPGFV5WTH2RZ3A,622,2778,2887,0.015235,0.000000,0.981630,0.957087,0.055244,-0.055244,inf,p_lb=0,False
AHWNFWQGIAREGP4GVHWXYBKWKSZQ,623,2928,2590,0.006640,0.000000,0.980574,0.955044,0.058450,-0.058450,inf,p_lb=0,False
AF4I2VKLJG2HLYYJEVJP3KULCHEA,624,2396,2727,0.009464,0.000000,0.980900,0.955044,0.056963,-0.056963,inf,p_lb=0,False
AHMGXQ4SWFPAMMIL7HMV2B5JXRRA,625,2626,3344,0.012222,0.000000,0.981516,0.958107,0.051276,-0.051276,inf,p_lb=0,False
AGZ3HGFWWX3757NYOQL22RFG7J7Q,626,3259,2148,0.014035,0.000000,0.981227,0.957087,0.064046,-0.064046,inf,p_lb=0,False
AFGCUCPIKWCO4AAILF3H26QFAFUQ,627,2775,3030,0.005277,0.000000,0.979030,0.955044,0.054040,-0.054040,inf,p_lb=0,False
AETXTXQ43FDWUAGFI6LGCHIQPULA,628,6268,6486,0.015356,0.000000,0.982168,0.960143,0.036740,-0.036740,inf,p_lb=0,False
AFLLWVXPGCSBHCVVTEU4Y3B2GYQQ,629,6882,5445,0.011533,0.000000,0.981611,0.957036,0.040229,-0.040229,inf,p_lb=0,False
AHTIHA4JQEANT2PJ2L764YT5JBEQ,630,3101,2570,0.009836,0.000000,0.981676,0.956066,0.058615,-0.058615,inf,p_lb=0,False
AFYEU723DTGCA5ACI3HVQBWU5MDQ,631,1828,2943,0.009975,0.000000,0.980998,0.956066,0.054774,-0.054774,inf,p_lb=0,False
AHXBO4WJP7MRUNRXFGDL3KWYWPXQ,632,5520,3917,0.011786,0.000000,0.980670,0.955044,0.047529,-0.047529,inf,p_lb=0,False
AGEQJLCP2QYVN3FPPZXSSWDX2BPQ,633,2885,3372,0.014267,0.000000,0.982117,0.958107,0.051063,-0.051063,inf,p_lb=0,False
AFYJU4H5WNECL4AEREHBUGH5J26Q,634,3257,3317,0.009217,0.000000,0.979740,0.954021,0.051705,-0.051705,inf,p_lb=0,False
AFTMOD264DYR7HPFW6QPW6RFAL6Q,635,3646,4040,0.010588,0.000000,0.981866,0.958107,0.046651,-0.046651,inf,p_lb=0,False
AFRXIXRPZPJ2POZGDZGXH2HYMNMA,636,3297,3615,0.016317,0.000000,0.982448,0.960143,0.049212,-0.049212,inf,p_lb=0,False
AHCZED5BFUGQGCREBBYP4DSEMQJA,637,3089,3460,0.004535,0.000000,0.979289,0.954993,0.050573,-0.050573,inf,p_lb=0,False
AEC6IZVI2NGFBCIYVD4X5MDGB6DQ_2,638,5528,4224,0.014124,0.000000,0.981240,0.956015,0.045723,-0.045723,inf,p_lb=0,False
AEIIRIHLIYKQGI7ZOCIJTRDF5NPQ_1,639,7774,7686,0.014279,0.000000,0.982207,0.957087,0.033858,-0.033858,inf,p_lb=0,False
AEQCZRWLHYXFS4QI6UEORJYM4BKQ,640,3292,2812,0.012547,0.000000,0.979943,0.956015,0.056039,-0.056039,inf,p_lb=0,False
AFFOH5RTT3P6QL2UIS4KHVPO3GWQ,641,3467,3236,0.011834,0.000000,0.981625,0.958056,0.052127,-0.052127,inf,p_lb=0,False
AECO2ZWV634CZOOCC7MQ23TC3GMQ,642,27441,26165,0.015807,0.002866,0.982203,0.957087,0.018351,-0.015725,1170954.249510,eps_dominant,False
AFH5HNVJKP7F6YKKZBP4ZRM7NTVQ,643,3119,3142,0.009722,0.000000,0.981894,0.959075,0.052845,-0.052845,inf,p_lb=0,False
AFIYJLRZHK7C4B5QSZAGSGZVVAJA,644,1635,3297,0.007702,0.000000,0.980506,0.954021,0.051861,-0.051861,inf,p_lb=0,False
AFLTPVLTS2QLWE35SQ2DOYUOLIRA,645,7282,6376,0.014687,0.000000,0.981679,0.958056,0.037136,-0.037136,inf,p_lb=0,False
AEUHNC6V2H4RJ37GGR742EUZZUOA,646,2978,2855,0.017045,0.000000,0.982632,0.960143,0.055376,-0.055376,inf,p_lb=0,False
AHC5NT5TXPAUQHCHIVFZ4P3QWEYQ,647,2781,2791,0.012821,0.000000,0.981406,0.958107,0.056126,-0.056126,inf,p_lb=0,False
AE2GZYIHR7J5P2RXNBGICKOVK6LA,648,2388,2146,0.009690,0.000000,0.980590,0.952997,0.064351,-0.064351,inf,p_lb=0,False
AFWZFWJVNKWBDPG2IO3WNXEQZVJQ,649,5166,5042,0.017446,0.000000,0.982288,0.959075,0.041716,-0.041716,inf,p_lb=0,False
AFXHLUY7QOZ325FN3H442SVNDMDA,650,5116,4944,0.010125,0.000000,0.981264,0.958107,0.042170,-0.042170,inf,p_lb=0,False
AHCY2AUSPYYA4C4H5ODIGIVQW4JA,651,3048,2299,0.010582,0.000000,0.981573,0.957087,0.061907,-0.061907,inf,p_lb=0,False
AGWYBTJM4LHS74LEIA27N2BYQ5YA,652,4042,4758,0.012584,0.000000,0.981711,0.957087,0.043033,-0.043033,inf,p_lb=0,False
AEK34YY7BEVRVHDLGZSTIHMHM72A,653,3087,4332,0.010490,0.000000,0.979888,0.954021,0.045244,-0.045244,inf,p_lb=0,False
AHAVVDFUPNWTGLACNX7FXDKNSAKQ,654,3847,3897,0.014365,0.000000,0.981798,0.957087,0.047549,-0.047549,inf,p_lb=0,False
AHFF34MUXMT65INX2CMPMHY3I7TA,655,2276,2512,0.004178,0.000000,0.980446,0.955044,0.059351,-0.059351,inf,p_lb=0,False
AGBF546BGRZAFFEIPWP3FIPE3F3A,656,2756,2325,0.011475,0.000000,0.981046,0.956066,0.061626,-0.061626,inf,p_lb=0,False
AFU67UH3Y737FHNGIEGFH5HBUWPQ,657,4308,4168,0.007431,0.000000,0.981459,0.959075,0.045882,-0.045882,inf,p_lb=0,False
AHMUT4NECOL57PONZ5IDTHOM5H2Q,658,2262,3130,0.010270,0.000000,0.981698,0.959075,0.052946,-0.052946,inf,p_lb=0,False
AFLYZHMSKHIH5M3WYCVGHI7TZUOA,659,3955,4160,0.015779,0.000000,0.981589,0.958107,0.045973,-0.045973,inf,p_lb=0,False
AGMBZZMJLRWPAXDBY2BONNXESVPA,660,4656,4262,0.016162,0.000000,0.981888,0.958107,0.045419,-0.045419,inf,p_lb=0,False
AEHVQEYFL5WYB5PC6CUCUJPZEJJQ,661,2137,2307,0.006154,0.000000,0.980136,0.952946,0.062068,-0.062068,inf,p_lb=0,False
AEDVEEUD4NZX7NYETDDN5N3HBJEA,662,39087,40354,0.017391,0.006971,0.981570,0.957087,0.014776,-0.008391,197955.533955,eps_dominant,False
AHSEZYIM44F25UGBC6XPSGAUUBBQ,663,3154,3586,0.009174,0.000000,0.980160,0.955044,0.049674,-0.049674,inf,p_lb=0,False
AESCUI6VXJSHLUIO44Y5ERAHZE4A,664,4965,6155,0.017094,0.000000,0.981517,0.959075,0.037757,-0.037757,inf,p_lb=0,False
AFRIIXZFN6G47XNWDRESN4RT3UGA,665,3108,3223,0.010067,0.000000,0.980952,0.956015,0.052344,-0.052344,inf,p_lb=0,False
AFQW3CD5IJTQWEWFXXRWLQNNGKNA,666,2992,2479,0.007987,0.000000,0.980326,0.957036,0.059620,-0.059620,inf,p_lb=0,False
AG2ALPFAOZDJ55V4WDSRTQR4GLWQ,667,2815,2956,0.011236,0.000000,0.979813,0.954993,0.054715,-0.054715,inf,p_lb=0,False
AEBD4EQFW4THUDUVAETCYTEDJU6Q,668,9880,8742,0.016066,0.000000,0.982333,0.959075,0.031681,-0.031681,inf,p_lb=0,False
AH67QNDYAF5I7XGT55OSFK4ZWZDA,669,2087,2545,0.007519,0.000000,0.980550,0.957087,0.058839,-0.058839,inf,p_lb=0,False
AHQ4VAOPWBYUD3FUNK53CM6N77BA,670,4718,5209,0.012831,0.000000,0.982507,0.958107,0.041084,-0.041084,inf,p_lb=0,False
AEHM3SNZYPQT72AV2L3KF2SQ6E2A,671,32696,29537,0.015545,0.003365,0.981570,0.957087,0.017271,-0.014189,849696.660721,eps_dominant,False
AG2KYQ7Q2HUUJJDQ5QNJ5VDDNYHQ,672,2641,2685,0.006993,0.000000,0.981236,0.957036,0.057288,-0.057288,inf,p_lb=0,False
AG3IOEGF2MNX7OC7JSUPYV2Z3ITQ,673,6035,6529,0.012005,0.000000,0.980677,0.956015,0.036777,-0.036777,inf,p_lb=0,False
AEW6MP4UK3A3VZEC2BDQN3DFEKRA,674,4204,3137,0.019531,0.000000,0.981947,0.959075,0.052887,-0.052887,inf,p_lb=0,False
AHLAFGAYRM6P5V2ZPCAQHUHJF6ZQ,675,3980,3689,0.013265,0.000000,0.981244,0.958107,0.048819,-0.048819,inf,p_lb=0,False
AHFUOAHL6VL57NG6C5OMSBVVH5RA,676,1708,2219,0.012590,0.000000,0.980762,0.959126,0.062879,-0.062879,inf,p_lb=0,False
AFVMDYUBLUG5UUET4DW44SA4OM3A,677,2427,2425,0.011024,0.000000,0.980507,0.953970,0.060474,-0.060474,inf,p_lb=0,False
AFNI2C3GRBCPIQOT3H66FUQYRPJQ,678,3233,3393,0.012973,0.000000,0.979689,0.954993,0.051070,-0.051070,inf,p_lb=0,False
AFKYO43G5H3CT7ZVLIBWQW5DUDNA,679,2169,2599,0.012694,0.000000,0.980580,0.954993,0.058352,-0.058352,inf,p_lb=0,False
AFGILDAOESUJX3BCUY533G2ZZ5FA,680,2828,3750,0.011542,0.000000,0.981905,0.959126,0.048369,-0.048369,inf,p_lb=0,False
AENEBO2ESDZSB3GSHROPTRBAN2VA,681,8963,7674,0.013326,0.000000,0.981922,0.957087,0.033884,-0.033884,inf,p_lb=0,False
AHD5FXGYTDXMFJKTMQ4BINV5SG5A,682,2879,2841,0.010782,0.000000,0.981587,0.959075,0.055574,-0.055574,inf,p_lb=0,False
AEL6K4LBMCUFFYE27NG3DWZMV2ZQ,683,5871,5677,0.010794,0.000000,0.981283,0.957087,0.039396,-0.039396,inf,p_lb=0,False
AGR7754BCGDRLYBG47FPUV5LF7ZQ,684,6361,7508,0.015773,0.000000,0.981690,0.958107,0.034220,-0.034220,inf,p_lb=0,False
AHIYDVWOJNUPCTAMT4RB43P473JA,685,2458,2444,0.013595,0.000000,0.980892,0.954021,0.060236,-0.060236,inf,p_lb=0,False
AEGHFEHDKRBBJKOC4VDKBBSGVHDA,686,2433,2712,0.010249,0.000000,0.981547,0.957087,0.056999,-0.056999,inf,p_lb=0,False
AELADMN45VGEJ7XYNZFIHRVMEJ4Q,687,5354,4942,0.012500,0.000000,0.981604,0.958107,0.042179,-0.042179,inf,p_lb=0,False
AHE2JHVJEQAFTJVE5RWEYBYJQUBQ,688,2931,2137,0.007449,0.000000,0.979856,0.954993,0.064352,-0.064352,inf,p_lb=0,False
AGM26HADKCZCTJ6Q64PRL2TQRTUQ,689,5645,6824,0.012167,0.000000,0.981919,0.958107,0.035894,-0.035894,inf,p_lb=0,False
AEXHQUNUGGXB4VZG3HB6GFU2FCDA,690,2685,2547,0.015385,0.000000,0.982274,0.959126,0.058691,-0.058691,inf,p_lb=0,False
AF7AZHZYMJA3HX76DCBRWLYSV64A,691,3214,2681,0.013736,0.000000,0.981381,0.957087,0.057327,-0.057327,inf,p_lb=0,False
AG4LYEIO3K6VCMTRFVYTTQI2TGWA,692,5260,4195,0.011905,0.000000,0.981185,0.955044,0.045927,-0.045927,inf,p_lb=0,False
AGODPCBFEQIVP5IXCBODQQHHDTUQ,693,4347,3714,0.010215,0.000000,0.981795,0.956066,0.048759,-0.048759,inf,p_lb=0,False
AEUOFJ7IEGXHNGNVGLC4BQQ7XOIA,694,4719,4914,0.015163,0.000000,0.981252,0.957036,0.042346,-0.042346,inf,p_lb=0,False
AF4LDZM3ZB3BISP6ZDDXMVEZDL4A,695,2064,1721,0.006110,0.000000,0.978292,0.951920,0.071940,-0.071940,inf,p_lb=0,False
AGPGHXWBOK3TRJU7WACF5AAYBBVQ,696,3051,3000,0.007958,0.000000,0.980495,0.957087,0.054194,-0.054194,inf,p_lb=0,False
AEESMMTHKZCT2BBJNQ552MGSQ7ZA,697,5465,6160,0.015056,0.000000,0.981629,0.957087,0.037820,-0.037820,inf,p_lb=0,False
AF5OFZXBBKPHYIPULJVLJI5UITFA,698,6378,4878,0.012442,0.000000,0.981485,0.958107,0.042455,-0.042455,inf,p_lb=0,False
AEP5ABC7N2Q334JAL2OVM3KGKQTQ,699,4407,3657,0.011022,0.000000,0.980824,0.956066,0.049137,-0.049137,inf,p_lb=0,False
AFEXBW33YYARGAMJZ6C4NFS7GNMA,700,5391,6443,0.013553,0.000000,0.981161,0.957087,0.036980,-0.036980,inf,p_lb=0,False
AENT7I5WTKU4GVGUL5A3XHHQ2UXA,701,3875,3211,0.012384,0.000000,0.980961,0.957036,0.052386,-0.052386,inf,p_lb=0,False
AGZRUASM5MP7E6RPWO7BBLI35YNQ,702,7290,6152,0.015252,0.000000,0.981894,0.957087,0.037844,-0.037844,inf,p_lb=0,False
AGKEOE2JIWVWT6UZEVBCKLACJSYA,703,2803,2695,0.008591,0.000000,0.980698,0.955044,0.057300,-0.057300,inf,p_lb=0,False
AEC26YK5DEVHDZ6CSRFPRNWERT3Q,704,6323,6705,0.019231,0.000000,0.982377,0.957087,0.036250,-0.036250,inf,p_lb=0,False
AGYVMHHIDAGERGBVGPGA66DTQVAQ,705,7017,7086,0.016043,0.000000,0.980842,0.956015,0.035302,-0.035302,inf,p_lb=0,False
AGOMZXBPLC3ZTMGI34RLOE7BAFFA,706,2385,2268,0.012422,0.000000,0.981175,0.956015,0.062399,-0.062399,inf,p_lb=0,False
AHIPIFF4MMM27YSKYX6TIGJ4DNOQ,707,2563,3052,0.010430,0.000000,0.981454,0.957087,0.053730,-0.053730,inf,p_lb=0,False
AFKTNFUPXUYFIE7LVD6JENIGNDUA,708,3531,3176,0.011070,0.000000,0.980691,0.954021,0.052840,-0.052840,inf,p_lb=0,False
AENQKTHHXVJF6M44GGC7Y3II3M5Q,709,6170,7982,0.014948,0.000000,0.981813,0.958107,0.033189,-0.033189,inf,p_lb=0,False
AHTZM4LF7ZWBNUQNX57VJCI3UIQA,710,2624,3094,0.015666,0.000000,0.982150,0.961109,0.053141,-0.053141,inf,p_lb=0,False
AE3335XF4PMHSXKTW5B7N7EALG3Q,711,3861,3557,0.010551,0.000000,0.981512,0.957087,0.049770,-0.049770,inf,p_lb=0,False
AFWXUORRY42X76ZC4KAEA35KDHEQ,712,2588,2471,0.011315,0.000000,0.981335,0.957036,0.059717,-0.059717,inf,p_lb=0,False
AHDY5AR2HZ2ERNZYAHL4XNP6F4JQ,713,5442,5479,0.014235,0.000000,0.981637,0.959126,0.040016,-0.040016,inf,p_lb=0,False
AHDX3TS4AXTZOTBRVGLUPOVXCBRA,714,3062,3185,0.009550,0.000000,0.981588,0.956066,0.052652,-0.052652,inf,p_lb=0,False
AHRTKAPVYC27OK67KFWWFG2ORDHQ,715,5430,5490,0.012483,0.000000,0.981378,0.958056,0.040021,-0.040021,inf,p_lb=0,False
AGUCGPUTHNJCTRYNXDH6XUUTQ2BA,716,5481,7232,0.015718,0.000000,0.981328,0.957087,0.034904,-0.034904,inf,p_lb=0,False
AHH46XXEXUYABWIUPQ4EYXII4CVQ,717,3192,2982,0.009709,0.000000,0.981327,0.958056,0.054302,-0.054302,inf,p_lb=0,False
AGZZB4TFHPUUSVW7DDAJWD5DJQCQ,718,2767,3236,0.012547,0.000000,0.980871,0.956066,0.052236,-0.052236,inf,p_lb=0,False
AHXEK642UJNWCB3LIGZZAKTONXQQ,719,3758,3552,0.014337,0.000000,0.981858,0.958107,0.049752,-0.049752,inf,p_lb=0,False
AG756GNHN6RVTR5NPNPOI7MQEQHA,720,2374,2376,0.012618,0.000000,0.979512,0.954021,0.061091,-0.061091,inf,p_lb=0,False
AHKKN6QCUWESPVFACIN3LHDWGBYA,721,4857,5314,0.017227,0.000000,0.982647,0.959126,0.040633,-0.040633,inf,p_lb=0,False
AFB37VFU7TKHOTAJJBBEM3PAQPGA,722,6717,6354,0.010892,0.000000,0.981901,0.958107,0.037198,-0.037198,inf,p_lb=0,False
AE5NL2CCHI2JLN2OHFGQW7OAN5AQ,723,6133,6272,0.009870,0.000000,0.981645,0.959075,0.037403,-0.037403,inf,p_lb=0,False
AF2QRRCJVO23WI7ZJF2XIQZKIRTA,724,2995,3119,0.010057,0.000000,0.981070,0.955044,0.053264,-0.053264,inf,p_lb=0,False
AGSL2AUNWK5OOXGO57MLCI2Y4MYA,725,5501,5156,0.015027,0.000000,0.981212,0.955044,0.041427,-0.041427,inf,p_lb=0,False
AHDMZFFHHHXJBFMS66QIGO2ZJPDQ,726,2649,2753,0.003676,0.000000,0.979226,0.952997,0.056815,-0.056815,inf,p_lb=0,False
AFVRIBVLKBXRJIQ7RM23F7ECXHQA,727,3378,3131,0.012821,0.000000,0.981475,0.958056,0.052994,-0.052994,inf,p_lb=0,False
AG3PL3ZKFEYAFARQCM53WAMZWKEQ,728,3415,2266,0.011925,0.000000,0.981497,0.956066,0.062423,-0.062423,inf,p_lb=0,False
AHZGQXTGR3WB6CQR3PP2TB2YPTUA_1,729,42354,43657,0.018746,0.008727,0.982101,0.958056,0.014192,-0.006181,125777.012007,eps_dominant,False
AGMDZD5WP2A4R7K3QWIFZQJ6HASA,730,3932,3099,0.010796,0.000000,0.981343,0.957036,0.053324,-0.053324,inf,p_lb=0,False
AFEYHZ6ZZCDYHVCZKIEDM2HZTVSA,731,2453,2748,0.011173,0.000000,0.981640,0.958107,0.056564,-0.056564,inf,p_lb=0,False
AHQ2FUKL3LK7EPRG2PBVOTZYYPMQ,732,3200,2855,0.004011,0.000000,0.980905,0.957036,0.055556,-0.055556,inf,p_lb=0,False
AHLQFNTIWIP7FPGINQZHVF42VN2Q,733,3193,3385,0.011377,0.000000,0.980651,0.956066,0.051073,-0.051073,inf,p_lb=0,False
AEY4MJXI33M7Z5PXZG7QI76OJFCA,734,2139,2195,0.010417,0.000000,0.981006,0.958107,0.063289,-0.063289,inf,p_lb=0,False
AF23OKJG2XO5CML2E4WV5YTOVGHA,735,6613,7187,0.017348,0.000000,0.982082,0.957036,0.035015,-0.035015,inf,p_lb=0,False
AFYBVGFQ6ZCI54XQFD3O2YJM5W6Q,736,4112,4683,0.014167,0.000000,0.981753,0.958107,0.043330,-0.043330,inf,p_lb=0,False
AGVMS7YZXEBNNMWCQLDYDTFFYU6Q,737,2697,2365,0.008310,0.000000,0.981816,0.960092,0.060846,-0.060846,inf,p_lb=0,False
AHRQERYU7ZERE3SJCC5A3X5FQDVQ,738,6512,7644,0.014786,0.000000,0.981613,0.958107,0.033915,-0.033915,inf,p_lb=0,False
AFC3YIB2WZBWSVJ6I6QCIKE7DESA,739,2047,2634,0.011254,0.000000,0.980642,0.956015,0.057901,-0.057901,inf,p_lb=0,False
AHAOL5P27IYGX3W5WM37ROVIJJLA,740,3629,3695,0.006944,0.000000,0.980435,0.956066,0.048884,-0.048884,inf,p_lb=0,False
AG4GZ4MJEIPVMN4LDCQ447EGXNBQ,741,10365,9461,0.016810,0.000000,0.981302,0.956066,0.030550,-0.030550,inf,p_lb=0,False
AETUSD4234J7JEUFY4YSBTHIYEAQ,742,2805,3545,0.009579,0.000000,0.980505,0.954021,0.050014,-0.050014,inf,p_lb=0,False
AFIWKQFKBOJS4NMLFADPOSOINXDA,743,3027,3353,0.012807,0.000000,0.981409,0.958107,0.051207,-0.051207,inf,p_lb=0,False
AFTG67UZREF6CWJB5JPVUKFFBD7A,744,3421,3414,0.011669,0.000000,0.980615,0.956066,0.050856,-0.050856,inf,p_lb=0,False
AH4NV5I7WLS5GYM5NTQVV6KHSVNQ,745,1886,2478,0.011527,0.000000,0.980477,0.955044,0.059757,-0.059757,inf,p_lb=0,False
AFQFH6LI23W6465OC2D6OEAZMSSQ,746,3335,3626,0.015168,0.000000,0.981741,0.957087,0.049294,-0.049294,inf,p_lb=0,False
AHVMR24ZUNPBWQQDPHLIDKK7JEFQ,747,4624,4024,0.011722,0.000000,0.981002,0.956066,0.046843,-0.046843,inf,p_lb=0,False
AFNQKIF2ZSCH77LETKAKK2UWY5GA,748,4483,3673,0.015301,0.000000,0.981444,0.958056,0.048928,-0.048928,inf,p_lb=0,False
AEJW6KVUNWGMCTIFTSO4BECQI4VQ,749,2679,2469,0.010886,0.000000,0.980202,0.954993,0.059869,-0.059869,inf,p_lb=0,False
AFGKTVFPZXYS23VORHBJSTSTFAOQ,750,3819,3189,0.009629,0.000000,0.981278,0.957087,0.052563,-0.052563,inf,p_lb=0,False
AGUTZC4GHLTGYHA3KBEDRF6MHB6A,751,17099,19295,0.017358,0.002288,0.982163,0.959075,0.021325,-0.019221,1822700.116568,eps_dominant,False
AHE23HN6PWWLKQ7NDYTGYXULFTPA,752,2497,1799,0.009960,0.000000,0.981006,0.957087,0.069983,-0.069983,inf,p_lb=0,False
AG4TAKCH2CQC2IXXFZDWCWVU763Q,753,2644,2622,0.014986,0.000000,0.981708,0.958107,0.057907,-0.057907,inf,p_lb=0,False
AG7IWUJNHZMME2XF34LOOM5GUIJQ,754,3015,3019,0.011127,0.000000,0.981642,0.957036,0.054026,-0.054026,inf,p_lb=0,False
AHCBHETWEWAL5ZJTZHD4GA36CU3A,755,10882,12123,0.014905,0.000000,0.981872,0.957036,0.026960,-0.026960,inf,p_lb=0,False
AH3WF3ZOF2IK4PKXM4SZALUML3ZQ,756,4129,4282,0.014134,0.000000,0.981335,0.956066,0.045410,-0.045410,inf,p_lb=0,False
AG4RGSE4RABZVOY2VKPPY4IEIEIQ,757,2882,2930,0.013682,0.000000,0.981891,0.959126,0.054721,-0.054721,inf,p_lb=0,False
AETMMFA57D47GC2J3TFXHF7ZEEHQ,758,2970,3184,0.009778,0.000000,0.979213,0.952946,0.052833,-0.052833,inf,p_lb=0,False
AH7H7RBGD3CXY6TG2Y74FS5L5KTA,759,3208,3013,0.013072,0.000000,0.980878,0.956066,0.054134,-0.054134,inf,p_lb=0,False
AEK6D2FUG7LLC6OLJZDW4QGNKKHQ,760,6814,6676,0.014110,0.000000,0.981508,0.959126,0.036252,-0.036252,inf,p_lb=0,False
AEFXBYTFC7GO3QU3KRELTF7BPJ2Q,761,3466,2804,0.003063,0.000000,0.981419,0.956066,0.056116,-0.056116,inf,p_lb=0,False
AEI67WXFHB427HCYK5AMUELKVQKQ,762,5131,4668,0.012281,0.000000,0.981017,0.956066,0.043492,-0.043492,inf,p_lb=0,False
AH3KSDVIGFMOTWIYHMGW2TQAOTRQ,763,4717,4844,0.014559,0.000000,0.982008,0.958107,0.042603,-0.042603,inf,p_lb=0,False
AG2RJO522NKWDGHD4TJN2QE75IWA,764,2586,2524,0.007541,0.000000,0.980557,0.958107,0.059020,-0.059020,inf,p_lb=0,False
AG4LXHSI4ORJEEBXGXTSQJRMFGLQ,765,2633,2429,0.012289,0.000000,0.981650,0.956015,0.060295,-0.060295,inf,p_lb=0,False
AG3UP7TMMLHF24OD3JKE4UMYLG7Q,766,3128,4305,0.015595,0.000000,0.982293,0.958107,0.045192,-0.045192,inf,p_lb=0,False
AF5VJEN5GA3ZLW3R547M2DZLGRFA,767,2438,2446,0.011577,0.000000,0.980924,0.957036,0.060021,-0.060021,inf,p_lb=0,False
AEM3CBNWLJNQVH4K7TYJKX5J7V5Q,768,2514,2711,0.010922,0.000000,0.980305,0.955044,0.057131,-0.057131,inf,p_lb=0,False
AFSVUC3CTCPDM4Z426H4QXIBBDIQ,769,2476,3475,0.010840,0.000000,0.981206,0.956015,0.050410,-0.050410,inf,p_lb=0,False
AF4P6A3SEKS2HCISWAKFZVIFM7NQ,770,4564,6173,0.011765,0.000000,0.981691,0.956066,0.037820,-0.037820,inf,p_lb=0,False
AFMOYMIUNUZZKVZXHRPX5B5XUH3Q,771,9016,10447,0.015895,0.000000,0.981174,0.956066,0.029072,-0.029072,inf,p_lb=0,False
AGJGNBN5KDI3JXHPRN4TXCIZPZYQ,772,3008,3142,0.012210,0.000000,0.981723,0.959075,0.052845,-0.052845,inf,p_lb=0,False
AE2SNL25YBYOP6LTXBYYJKYCOZVQ,773,2771,2584,0.014245,0.000000,0.981491,0.957087,0.058393,-0.058393,inf,p_lb=0,False
AHB5KUPK5G3TCAYG5FVU6FZTZNXA,774,3731,3324,0.010905,0.000000,0.980373,0.955044,0.051595,-0.051595,inf,p_lb=0,False
AGZS56ZTPGFUCMXBRIJ3OAGH3KZQ,775,4273,2468,0.009479,0.000000,0.981385,0.955044,0.059878,-0.059878,inf,p_lb=0,False
AFREEUPTDM4GQPYLVA2EU546ZNNQ,776,2064,3502,0.012806,0.000000,0.981570,0.957087,0.050159,-0.050159,inf,p_lb=0,False
AHTLWVDXSMG5YMVMEIWWOU6XBZMA,777,4256,4807,0.013677,0.000000,0.981200,0.958107,0.042767,-0.042767,inf,p_lb=0,False
AGLQET6T4ZX4C4UXTNEMYHIWLFHA,778,10619,10188,0.015772,0.000000,0.981768,0.958107,0.029377,-0.029377,inf,p_lb=0,False
AHSUULGJ3AVT2QRZSYMXPS74X5TQ,779,3439,2791,0.011315,0.000000,0.980885,0.957087,0.056186,-0.056186,inf,p_lb=0,False
AF7LCMKDXRTT5HLQRLC4Z7C2C2DQ,780,3284,4014,0.016077,0.000000,0.981665,0.957087,0.046851,-0.046851,inf,p_lb=0,False
AFLXZMMB7MNWXUVL6GD3C3EOGPVA,781,1744,1824,0.007590,0.000000,0.978918,0.953970,0.069729,-0.069729,inf,p_lb=0,False
AHY5FPL6HYSJSWRQ4555NGCOHSYA,782,3143,3322,0.009138,0.000000,0.979640,0.954942,0.051616,-0.051616,inf,p_lb=0,False
AE66JYJL4LIJZ73LXTOCMCNY7RUA,783,2120,2808,0.011852,0.000000,0.980132,0.955044,0.056136,-0.056136,inf,p_lb=0,False
AFUHUI2URN4L3V3SJSUCBC4PMUTA,784,19695,20336,0.012547,0.000000,0.981740,0.957087,0.020815,-0.020815,inf,p_lb=0,False
AHILECHCGMOAULUWIOLFPV2XTAKA,785,3753,3110,0.009858,0.000000,0.981588,0.957087,0.053227,-0.053227,inf,p_lb=0,False
AG5O64JBMX5QU6JZJMV6A7JVA4FQ,786,4924,5304,0.016084,0.000000,0.981952,0.958107,0.040714,-0.040714,inf,p_lb=0,False
AGJY27POQVYKPEBOBRR5FKI3NS5A,787,7037,8231,0.014478,0.000000,0.981977,0.959075,0.032650,-0.032650,inf,p_lb=0,False
AEES3UCRZO7MPY3G3HO5Q5ALSQXQ,788,1936,2308,0.009646,0.000000,0.980489,0.956066,0.061852,-0.061852,inf,p_lb=0,False
AG4CEAFRHGDNLJ6FREM7SVHAEOWQ,789,10868,12586,0.013024,0.000000,0.981548,0.957087,0.026459,-0.026459,inf,p_lb=0,False
AFGEZCMC7GWCIWG7KW22B3MLXXDA,790,5043,3854,0.016244,0.000000,0.981082,0.956066,0.047865,-0.047865,inf,p_lb=0,False
AGFIRKQTHCHHQAUS5MANZ7YYIL5A,791,2594,3088,0.012195,0.000000,0.981301,0.957036,0.053419,-0.053419,inf,p_lb=0,False
AE3VF6Z5FMD3ULQKEN2ZI3HAEKFA,792,3124,3484,0.014269,0.000000,0.981263,0.959126,0.050182,-0.050182,inf,p_lb=0,False
AFDCBHG3LHGMXH5JJB66U6RAOWGQ,793,2697,2505,0.011299,0.000000,0.981607,0.954993,0.059437,-0.059437,inf,p_lb=0,False
AH2HGXKZLDJ2DKPMA2THUBS3AF2A,794,2119,2836,0.012414,0.000000,0.980696,0.955044,0.055858,-0.055858,inf,p_lb=0,False
AGWBBHNEZXSET4S7T4Q7WC2AFY5Q,795,5009,3675,0.012304,0.000000,0.981826,0.956066,0.049017,-0.049017,inf,p_lb=0,False
AEPL634LBBKZD4WC2WJEXH4DOWLA,796,2451,2703,0.013235,0.000000,0.981888,0.959126,0.056972,-0.056972,inf,p_lb=0,False
AHRSEQIU4DBPAPKJDIYAWCYBYPSQ,797,3511,3572,0.010551,0.000000,0.980600,0.956015,0.049721,-0.049721,inf,p_lb=0,False
AEA6QOWQBEDUOOAFVVJ7VWXATEEA,798,2351,2521,0.007205,0.000000,0.980814,0.955044,0.059245,-0.059245,inf,p_lb=0,False
AGKMIMO2DGDJ6ATVBDVPZIKLAWPQ,799,5683,7233,0.017893,0.000000,0.981257,0.958107,0.034865,-0.034865,inf,p_lb=0,False
AHMVGWFDCQMISB55JP6V7HBSPXPA,800,3380,3198,0.015306,0.000000,0.981667,0.956066,0.052545,-0.052545,inf,p_lb=0,False
AHT3P2X53ERZIBQSEDMVIFGDWVKA,801,4377,4044,0.013158,0.000000,0.981004,0.958107,0.046627,-0.046627,inf,p_lb=0,False
AE5DKX6S7IETZBJZB6XSNNSSWKLA,802,2921,3695,0.004246,0.000000,0.981567,0.956985,0.048837,-0.048837,inf,p_lb=0,False
AGIFZG4G73RCZZEZGXE72QIKUG3Q,803,5703,5388,0.012472,0.000000,0.981225,0.956066,0.040482,-0.040482,inf,p_lb=0,False
AFL5UCX37X6ZDHP2Y54ZXTK4TJRQ,804,4259,4164,0.013861,0.000000,0.981659,0.958107,0.045951,-0.045951,inf,p_lb=0,False
AHUMYCBWTDRYTUVNJ3HFT3TQPV4Q,805,4089,4793,0.012039,0.000000,0.981066,0.956066,0.042921,-0.042921,inf,p_lb=0,False
AEZGGDKCIVNXHMK7P2MPDSBOEPXA,806,9408,9685,0.017171,0.000000,0.982163,0.958107,0.030130,-0.030130,inf,p_lb=0,False
AEFRTLVCVRALKXBED77KHPIXEPWQ,807,5224,6009,0.017352,0.000000,0.982051,0.959075,0.038213,-0.038213,inf,p_lb=0,False
AF7DLIT6G4ZXHUYRJ6PMU54YOZIQ,808,4243,4581,0.011494,0.000000,0.981411,0.955044,0.043950,-0.043950,inf,p_lb=0,False
AH6MNHAF6CNYVR24VC2W63NQ73LQ,809,2005,1195,0.002841,0.000000,0.979327,0.950945,0.086421,-0.086421,inf,p_lb=0,False
AFCZXK4TAXLJ2IOARDVBTRPTGVEA,810,3981,3727,0.007947,0.000000,0.982106,0.956066,0.048674,-0.048674,inf,p_lb=0,False
AEBUSUYITDLQOHRYTAWUQPQQP6FA,811,3632,3646,0.012658,0.000000,0.982150,0.958107,0.049106,-0.049106,inf,p_lb=0,False
AFRIHIMQXJL2HQHYVFBD3CEUL4LA,812,2742,1955,0.009381,0.000000,0.980020,0.956015,0.067208,-0.067208,inf,p_lb=0,False
AEQB5R3OMKU6PARIWL7QTGAO56EQ,813,2564,2497,0.011679,0.000000,0.980894,0.955044,0.059529,-0.059529,inf,p_lb=0,False
AF3VSWDL4IXSKFT7GK6MHLHJ3YCA,814,2579,2202,0.006431,0.000000,0.979584,0.954993,0.063395,-0.063395,inf,p_lb=0,False
AGCSVME72JRLXHMJSDW32VS4GUPQ,815,5007,3864,0.012472,0.000000,0.980749,0.956066,0.047803,-0.047803,inf,p_lb=0,False
AF76KDPEJFWGPMDFYXH6QPWZXAMA,816,2753,2977,0.008111,0.000000,0.978700,0.954021,0.054578,-0.054578,inf,p_lb=0,False
AGNG4NHSBORIRTXIYJTSXQ4WE75A,817,2395,2982,0.011436,0.000000,0.979929,0.956066,0.054415,-0.054415,inf,p_lb=0,False
AFVRLJBDC44SIHVQUUFTON77M3EA,818,2413,2802,0.008895,0.000000,0.981421,0.958056,0.056019,-0.056019,inf,p_lb=0,False
AEFLXPJNI6KE4H7FSER3QVORYN3Q,819,2356,2104,0.009141,0.000000,0.980726,0.957036,0.064716,-0.064716,inf,p_lb=0,False
AGXEDCLA5ZKRRY7ZR4KYMI6PR7UQ,820,2407,3206,0.011673,0.000000,0.980956,0.956066,0.052480,-0.052480,inf,p_lb=0,False
AGUIFPJG6OOTD73G6OGOZZJKVUJA,821,2557,2928,0.010230,0.000000,0.981741,0.955044,0.054973,-0.054973,inf,p_lb=0,False
AHBGMVTXWTS4YMVMWUUF77UAH24A,822,3832,2685,0.013400,0.000000,0.981557,0.958056,0.057227,-0.057227,inf,p_lb=0,False
AEWH45WQQ2EQKJVI4CXJYZ6EO54Q,823,5082,3986,0.012487,0.000000,0.981414,0.957036,0.047018,-0.047018,inf,p_lb=0,False
AGEIYPBPLIGXZSL4XER545GA3BPA,824,3588,3538,0.011062,0.000000,0.981210,0.957087,0.049903,-0.049903,inf,p_lb=0,False
AHJQ6C5MUA2YVQBPMHKLKNU5FH5Q,825,2949,3419,0.012835,0.000000,0.981471,0.957036,0.050767,-0.050767,inf,p_lb=0,False
AGLNOSRFRMEFOJA5DIGMB2PTCOUQ,826,2892,3225,0.008520,0.000000,0.980735,0.956066,0.052325,-0.052325,inf,p_lb=0,False
AGIS3QL3LUEQWKF3YKHLLWDD5BJA,827,6620,6824,0.015616,0.000000,0.981410,0.956066,0.035971,-0.035971,inf,p_lb=0,False
AH7E66O45SE5D4T5WCFQVFTLRGQQ,828,8627,7877,0.014090,0.000000,0.982072,0.956066,0.033481,-0.033481,inf,p_lb=0,False
AH5NINNNCAEUVBGJKDHAZURTTBQA,829,2920,3002,0.006720,0.000000,0.980789,0.956066,0.054234,-0.054234,inf,p_lb=0,False
AGK5M7PJONKQKSVKWV2FQCFCOOKA,830,6514,6871,0.012995,0.000000,0.982427,0.958107,0.035772,-0.035772,inf,p_lb=0,False
AGDU4N5YF4PWUEJSUPMJUGYYJLSQ,831,5092,5162,0.010965,0.000000,0.980109,0.953970,0.041449,-0.041449,inf,p_lb=0,False
AG2UR6JQMEBF72N3HZFO7TT5QU3A,832,5377,4876,0.014011,0.000000,0.981862,0.958107,0.042463,-0.042463,inf,p_lb=0,False
AHN7ZNTYXMAVJEVKSXMDL7Z5XMSQ,833,4726,3589,0.012263,0.000000,0.981546,0.958056,0.049498,-0.049498,inf,p_lb=0,False
AGHTBCYBCNVYNX77FWJNDWGKNPQA,834,1843,2024,0.008347,0.000000,0.980210,0.956015,0.066053,-0.066053,inf,p_lb=0,False
AGUKR7YSLH7M3MNLWSCBRHKITO2Q,835,6004,6230,0.013699,0.000000,0.982182,0.957087,0.037607,-0.037607,inf,p_lb=0,False
AFBC7S4I7ODTCLTS4337MA3WIGLQ,836,2250,2339,0.005435,0.000000,0.979247,0.956066,0.061441,-0.061441,inf,p_lb=0,False
AH5EINB35PM6FR4BXP2PIIEYSQIA,837,1614,1597,0.010638,0.000000,0.978585,0.952997,0.074596,-0.074596,inf,p_lb=0,False
AEJKZRNBES64Q4UGI2WK6DEPL6OA,838,6655,6845,0.010309,0.000000,0.981459,0.957036,0.035879,-0.035879,inf,p_lb=0,False
AHDEQBPVWOX6GCIHAA5O55N2QJMQ,839,10142,7672,0.016352,0.000000,0.981027,0.956066,0.033925,-0.033925,inf,p_lb=0,False
AHEKQAHVNYETC2ZEUGADNIQ5Q2FQ,840,6693,5966,0.015808,0.000000,0.981406,0.957087,0.038430,-0.038430,inf,p_lb=0,False
AF4DYER3RDNQZKAOZABAI6FX6XQA,841,2592,2575,0.012270,0.000000,0.980876,0.957087,0.058495,-0.058495,inf,p_lb=0,False
AE7QGCNFEZNNTW2AS7G73PQNROQQ,842,4936,5957,0.016788,0.000000,0.982056,0.957087,0.038459,-0.038459,inf,p_lb=0,False
AH4CNF7LKO5RQ6NTJPKW3RQ3MZRQ,843,3384,2676,0.010870,0.000000,0.981084,0.958107,0.057320,-0.057320,inf,p_lb=0,False
AFJRFVE66PTXX7CQNGTJORDUDF4A,844,1821,2769,0.008392,0.000000,0.980550,0.957087,0.056409,-0.056409,inf,p_lb=0,False
AG3ISIU76VZMJ6YYN5W5NE7H5HGA,845,2257,2564,0.010057,0.000000,0.980812,0.955044,0.058746,-0.058746,inf,p_lb=0,False
AGKFAOJX4FPADTOHRIJOBP3JNL3Q,846,4902,4782,0.013017,0.000000,0.981688,0.957036,0.042927,-0.042927,inf,p_lb=0,False
AGTRCMCTIQUK6YEIYP4QH237PF5Q,847,4521,3590,0.012061,0.000000,0.981249,0.958056,0.049491,-0.049491,inf,p_lb=0,False
AFCAUNXEXP5SF62HUV5QMK5C52EA,848,2645,3479,0.013363,0.000000,0.980445,0.951972,0.050595,-0.050595,inf,p_lb=0,False
AFB3KH4ZJDZRVGGOBRGYN5AKV4QQ,849,3063,2527,0.009124,0.000000,0.980435,0.958107,0.058985,-0.058985,inf,p_lb=0,False
AHX76HXXATA543E7AI2D74VRWB7A,850,2335,2694,0.009245,0.000000,0.980410,0.955044,0.057311,-0.057311,inf,p_lb=0,False
AEUJ4VPOPXO6FRNSQSMH23N6Y6GA,851,4427,3969,0.013295,0.000000,0.981459,0.958107,0.047066,-0.047066,inf,p_lb=0,False
AE5R3WBD7BSSWJ4F3PE5ICQHUCDQ,852,2288,1412,0.007109,0.000000,0.980419,0.956066,0.079078,-0.079078,inf,p_lb=0,False
AHYBVRYZF2OCONYWPPHVFP3LOCNA,853,5326,6657,0.016688,0.000000,0.982136,0.956066,0.036419,-0.036419,inf,p_lb=0,False
AGZYMSCZZ5SPWHX5AVWTP64TY7AA,854,11745,10618,0.014883,0.000000,0.982448,0.958107,0.028776,-0.028776,inf,p_lb=0,False
AGCMMNN6UP6PEIA2CUIEWOPS2YNA,855,3975,4582,0.012716,0.000000,0.981900,0.959075,0.043760,-0.043760,inf,p_lb=0,False
AHC2NI7LIVUJYCFAIXBPANTPTPQQ,856,3079,2645,0.012032,0.000000,0.981140,0.958107,0.057655,-0.057655,inf,p_lb=0,False
AHVSRNKOWB3QKDODMMYIBX4MGZXA,857,6524,4783,0.016694,0.000000,0.981936,0.957087,0.042920,-0.042920,inf,p_lb=0,False
AGLJNYIBT53AKXTT73UKKGEKGBGA,858,3167,3009,0.012731,0.000000,0.980401,0.956015,0.054173,-0.054173,inf,p_lb=0,False
AGBULUCAF23WPOCKVOFW7TMRG5SQ,859,2183,2805,0.009335,0.000000,0.981124,0.954021,0.056226,-0.056226,inf,p_lb=0,False
AHUCMSY4AYIOE6HKJH5XXJHTUPVA,860,1665,2128,0.008850,0.000000,0.980272,0.956066,0.064415,-0.064415,inf,p_lb=0,False
AG2ENDOXZQPWVD6GBNEMEF6JTPPA,861,2768,2626,0.003911,0.000000,0.980220,0.954021,0.058111,-0.058111,inf,p_lb=0,False
AFEIPKBIOZMB3IVXRDPT6QOGHASA,862,2836,3506,0.013363,0.000000,0.981091,0.957087,0.050131,-0.050131,inf,p_lb=0,False
AH4WCDJFTCUPPOWQLRZNNTKQBXQQ,863,5017,4578,0.014925,0.000000,0.982570,0.958107,0.043824,-0.043824,inf,p_lb=0,False
AFBGMFIHIE67WDM5T2PISCETNZBA,864,7044,6890,0.017208,0.000000,0.982538,0.961109,0.035611,-0.035611,inf,p_lb=0,False
AFN7FWLATHQSECJ5A3RVB7O36UHQ,865,2614,2580,0.011478,0.000000,0.981252,0.956066,0.058501,-0.058501,inf,p_lb=0,False
AEU5M6JCO5KF336DF6TDB5FVY3TQ,866,5165,4801,0.014405,0.000000,0.981767,0.957087,0.042839,-0.042839,inf,p_lb=0,False
AG3AVVQWEAP4AXNUT3EZ6QK4FOBA,867,6000,7357,0.013521,0.000000,0.981471,0.958107,0.034570,-0.034570,inf,p_lb=0,False
AF4GIVSP5XNFHPDX2IOFMUQ3EAIQ,868,2910,3347,0.009249,0.000000,0.980082,0.951920,0.051586,-0.051586,inf,p_lb=0,False
AHFJDIN4IJQSW5KVUA3I2XKUYP6A,869,17163,16799,0.012817,0.000000,0.981860,0.959126,0.022853,-0.022853,inf,p_lb=0,False
AE7L6TFFDGW4ABGV4TQ4ZBOABXTQ,870,2720,1725,0.010267,0.000000,0.980574,0.958056,0.071396,-0.071396,inf,p_lb=0,False
AHP7BUI4D45CYAPTKRACMKC2XXSA,871,4438,4540,0.011334,0.000000,0.981953,0.957087,0.044054,-0.044054,inf,p_lb=0,False
AHZ6BIV3PNMZA33V3QM2AX75PCYQ,872,3630,2774,0.012048,0.000000,0.981838,0.958107,0.056298,-0.056298,inf,p_lb=0,False
AEFDGIRF3LYGCBIDRYDTH432OCSA,873,2793,3048,0.007812,0.000000,0.981379,0.958056,0.053711,-0.053711,inf,p_lb=0,False
AFGM6B54XANJUD63MYIAYPXTR23A,874,2320,2673,0.012295,0.000000,0.981460,0.957087,0.057413,-0.057413,inf,p_lb=0,False
AFIHEN3RXXPCERCJVKVQR2OTYB4A,875,2983,2414,0.008683,0.000000,0.980559,0.958056,0.060353,-0.060353,inf,p_lb=0,False
AF3XL6NAZUIRBPWC32GOBE6WCQ4Q,876,2083,2681,0.008872,0.000000,0.979691,0.952946,0.057576,-0.057576,inf,p_lb=0,False
AEJY24XTMIMXD5G7KDKFUTUJSGYQ,877,2696,2135,0.009724,0.000000,0.980568,0.956015,0.064313,-0.064313,inf,p_lb=0,False
AF4DEGIQ6C7TB4CHIWRXZACZOH5Q,878,12937,12177,0.015654,0.000000,0.981547,0.957087,0.026899,-0.026899,inf,p_lb=0,False
AGZZXSMMS4WRHHJRBUJZI4FZDHKQ,879,39451,38843,0.014247,0.003626,0.981494,0.955044,0.015093,-0.011786,737821.492754,eps_dominant,False
AGG2BATBE7D535HKUBX32J3GQT2A,880,7380,6008,0.016308,0.000000,0.982373,0.958056,0.038257,-0.038257,inf,p_lb=0,False
AHS7HSTNO5ORIHDOY222WWITN6AA,881,2495,2363,0.013657,0.000000,0.980865,0.956066,0.061128,-0.061128,inf,p_lb=0,False
AHUXZHGF64SVOMETLDTARSRD37WQ,882,2946,2596,0.012882,0.000000,0.980027,0.956015,0.058324,-0.058324,inf,p_lb=0,False
AHZUGNMXZS6QEGBMVOIX6HDAPGHA,883,10378,10517,0.017200,0.000000,0.982033,0.958107,0.028914,-0.028914,inf,p_lb=0,False
AF3YEJ63COKWZNJHQ2JQP5B6AQ3A,884,26547,28923,0.017408,0.005099,0.981857,0.958107,0.017435,-0.012754,368378.312522,eps_dominant,False
AG6R6E7V6BAR3QP5LEY7RNMGDLOQ,885,2708,2669,0.014455,0.000000,0.981463,0.957087,0.057456,-0.057456,inf,p_lb=0,False
AGZIBDQ3D7BRKY7DVKB76XTWV52A,886,11278,10426,0.015713,0.000000,0.981660,0.958107,0.029039,-0.029039,inf,p_lb=0,False
AFCB2RZXCJKPRGE44SMQQUEGXHNQ,887,1693,2065,0.007728,0.000000,0.979368,0.952997,0.065601,-0.065601,inf,p_lb=0,False
AGJVKDYEXLVUSML3TOBXGQOOOL3A,888,3809,3897,0.009416,0.000000,0.981469,0.956066,0.047600,-0.047600,inf,p_lb=0,False
AFWNPBOKTPX5C4TKH7S35X27ICSQ,889,2642,2641,0.010264,0.000000,0.981682,0.958056,0.057701,-0.057701,inf,p_lb=0,False
AGTDSYZFQTJXWDV2UIK642M2WSGQ,890,2973,3958,0.010945,0.000000,0.981001,0.955044,0.047282,-0.047282,inf,p_lb=0,False
AHOHXQZCEU3KDM3TPKZRNCJ3ITVA_1,891,6490,4863,0.014096,0.000000,0.981332,0.956066,0.042611,-0.042611,inf,p_lb=0,False
AHAS2LMQPE7IIOHNA4T7VMF7X7PQ,892,2825,4363,0.012104,0.000000,0.980169,0.952946,0.045134,-0.045134,inf,p_lb=0,False
AEUTQXGWATQAYOKDGV4QUHODIJWQ,893,2767,2621,0.008685,0.000000,0.980257,0.957036,0.057983,-0.057983,inf,p_lb=0,False
AHEQLVKBTZMVBMFTEKGE4OT2AVMA,894,3547,3249,0.007964,0.000000,0.981313,0.957087,0.052076,-0.052076,inf,p_lb=0,False
AGULCZYDH3AYLJNW4UYR4SW4EHQQ,895,2533,2920,0.009235,0.000000,0.980620,0.957087,0.054931,-0.054931,inf,p_lb=0,False
AEBXQ4RSEVDK3FFEU4TKV3Q4HFBA,896,5725,6633,0.013872,0.000000,0.982000,0.957087,0.036446,-0.036446,inf,p_lb=0,False
AEKY7KSHVOAC23ECEPRCZNZM2ZSA,897,3981,3953,0.015021,0.000000,0.981487,0.957087,0.047211,-0.047211,inf,p_lb=0,False
AHNX272ZGYILPMX4YYPWIWJSOATQ,898,2311,2553,0.008463,0.000000,0.980314,0.955044,0.058872,-0.058872,inf,p_lb=0,False
AGT2J5VMSZM5773CHEA75GYTC27A,899,5517,5992,0.015478,0.000000,0.982083,0.960143,0.038224,-0.038224,inf,p_lb=0,False
AE4I4MNFZ43RH4CS7YWJIXCBNDGQ,900,4080,2920,0.015152,0.000000,0.982280,0.958107,0.054873,-0.054873,inf,p_lb=0,False
AFYGKU4M4BODTPVSRIQ2UYZYEVDQ,901,5414,5947,0.012216,0.000000,0.981744,0.958107,0.038450,-0.038450,inf,p_lb=0,False
AGITFK7R4LKOXVZZGEVWU56Q27JQ,902,2411,2521,0.011331,0.000000,0.981538,0.958056,0.059059,-0.059059,inf,p_lb=0,False
AH6OYHXQ36UUE5V47JCRS4QMF4YQ,903,3413,2605,0.012802,0.000000,0.981174,0.954993,0.058285,-0.058285,inf,p_lb=0,False
AH34IE3XCS3PQZNVMAVRSHO2HYCA,904,2835,2854,0.010294,0.000000,0.981379,0.956015,0.055625,-0.055625,inf,p_lb=0,False
AGADKXWLAJJ4FGWIDIWAPJL5A6HA,905,9491,7935,0.016146,0.000000,0.982000,0.956066,0.033358,-0.033358,inf,p_lb=0,False
AGQT4X6P3ABL3TXRTZ2HYBN6O3BA,906,2876,3100,0.005284,0.000000,0.980578,0.954021,0.053484,-0.053484,inf,p_lb=0,False
AHCMDOQM5XKXD3ZUPCQR7WTPELWQ,907,6576,5889,0.010402,0.000000,0.982046,0.957087,0.038680,-0.038680,inf,p_lb=0,False
AEOOVQ5EI5SGDG33AOQJA2YYSEDQ,908,5877,4687,0.008673,0.000000,0.980851,0.957087,0.043357,-0.043357,inf,p_lb=0,False
AEA2HDZHGSH7YNGJRXBU7V3PYNOA,909,3415,2498,0.009259,0.000000,0.980583,0.956066,0.059453,-0.059453,inf,p_lb=0,False
AE25OEQL7PJ54QK4BI34RVGGGTZA,910,3458,2110,0.013008,0.000000,0.982017,0.959075,0.064486,-0.064486,inf,p_lb=0,False
AGIATWSO4UFBJ6NLPLWCKOFZQLNA,911,3954,3794,0.013142,0.000000,0.982243,0.959126,0.048088,-0.048088,inf,p_lb=0,False
AFEJNRZKWZHMHVAWX3QYVAYQHF2A,912,2750,3222,0.011050,0.000000,0.981162,0.956066,0.052349,-0.052349,inf,p_lb=0,False
AE62PKTOZMZ6V7PSWCG64TXN3HLQ,913,2567,1935,0.011788,0.000000,0.980328,0.955044,0.067623,-0.067623,inf,p_lb=0,False
AGUM6ILPUWROHTXCZT3IKC6Y3ZBA,914,5469,5173,0.013433,0.000000,0.981571,0.958107,0.041226,-0.041226,inf,p_lb=0,False
AF5FVSH64VFIXMJXQUVRYMZSFHAQ,915,2210,2092,0.008913,0.000000,0.980694,0.957087,0.064898,-0.064898,inf,p_lb=0,False
AGGGCNJX7HDMCBRV426AISCYBVXQ,916,2262,2092,0.010972,0.000000,0.980595,0.956066,0.064967,-0.064967,inf,p_lb=0,False
AHTUN5BJJ5WONFRZ5UPNNZSHFPXQ,917,4680,4092,0.013825,0.000000,0.981250,0.958107,0.046353,-0.046353,inf,p_lb=0,False
AGDLOI6SRE5LOL4JECVULVETC7AQ,918,5274,4569,0.012739,0.000000,0.980924,0.957087,0.043914,-0.043914,inf,p_lb=0,False
AGOJHYXWDQSLYLRW7ZBV2RGMQ7FA,919,3764,3674,0.006390,0.000000,0.981377,0.957087,0.048971,-0.048971,inf,p_lb=0,False
AF4PPTRCKDJDOQSJW42JPRBVXZVA,920,8726,8253,0.014880,0.000000,0.981393,0.957087,0.032674,-0.032674,inf,p_lb=0,False
AH3DXJGJAMTYSNLOUNSCV7Q6TTZQ,921,4629,4074,0.010476,0.000000,0.981660,0.959075,0.046409,-0.046409,inf,p_lb=0,False
AHRMBLWDL7YBLD2ESB4G7DHCYDVA,922,2585,2957,0.013836,0.000000,0.981401,0.958056,0.054531,-0.054531,inf,p_lb=0,False
AGYGR6FRSQWRJGITKQU6K5BWV2QA,923,2954,2696,0.011142,0.000000,0.981757,0.955044,0.057290,-0.057290,inf,p_lb=0,False
AEEYABBPOWJ62NLOMVCVJFLHMU5Q,924,2900,2917,0.008663,0.000000,0.981886,0.959075,0.054845,-0.054845,inf,p_lb=0,False
AEODZ5C7IADRBNGHW2UJ2GFX2YLA,925,3258,3694,0.010891,0.000000,0.981505,0.958107,0.048786,-0.048786,inf,p_lb=0,False
AE5JVVRPCSSPCMAMVAUCAOY6X5GA,926,3485,3545,0.013143,0.000000,0.980865,0.957087,0.049854,-0.049854,inf,p_lb=0,False
AEICZD35OTDYVWA2KPYWN4PDZ2SA,927,38000,36245,0.016713,0.005717,0.981522,0.958056,0.015576,-0.010328,293067.175352,eps_dominant,False
AF42C7Q3JVLKUYBZI5GOCV5MALTA,928,4813,3807,0.013289,0.000000,0.981573,0.958056,0.048059,-0.048059,inf,p_lb=0,False
AGF5AY36NH3OVZDDZ7IUBWFWJ34A,929,3278,3618,0.009313,0.000000,0.981170,0.956066,0.049401,-0.049401,inf,p_lb=0,False
AG6UA75PNCAYQ63NX7IBSZRSWIRQ,930,2200,2612,0.007776,0.000000,0.980288,0.956066,0.058142,-0.058142,inf,p_lb=0,False
AHNKDBHACVEEW7UKCHNBYDJ6RLBA,931,3973,4880,0.009516,0.000000,0.981249,0.957087,0.042491,-0.042491,inf,p_lb=0,False
AHBZK7HDHJL4257LJI5UDHQIS4JA,932,2948,2486,0.006144,0.000000,0.979388,0.954021,0.059725,-0.059725,inf,p_lb=0,False
AHPZG7IM7JBVYKKN6IH32JZR7A6A,933,2750,3325,0.008108,0.000000,0.980550,0.956066,0.051532,-0.051532,inf,p_lb=0,False
AGUWB3V7ZYWO5A2KGSBIFP46C5GA,934,1891,2934,0.015564,0.000000,0.980927,0.956015,0.054861,-0.054861,inf,p_lb=0,False
AGOGOL42K2ZH35WKFK55FCRVNRIA,935,17769,18336,0.016000,0.000541,0.981289,0.958107,0.021898,-0.021401,32740830.378608,eps_dominant,False
AGPUNPZAPRZDR5JRZM65MSSBV77A,936,2766,3116,0.013994,0.000000,0.982064,0.959075,0.053065,-0.053065,inf,p_lb=0,False
AFPF2CONJ33FNFKOEQ2TUNWQJTFQ,937,14663,17238,0.017289,0.001345,0.982589,0.958107,0.022584,-0.021349,5294320.331170,eps_dominant,False
AG6Q352FLUBRJFHXPWTSR6X7NU4Q,938,2828,2434,0.012422,0.000000,0.981079,0.958056,0.060105,-0.060105,inf,p_lb=0,False
AENAIARCWP2IDWDPTAXFFX663F6A,939,1827,1922,0.011111,0.000000,0.980719,0.954993,0.067855,-0.067855,inf,p_lb=0,False
AHT6AM6BNIZUHFJB5V2M6XM72G7Q,940,2644,2170,0.003407,0.000000,0.980696,0.956066,0.063789,-0.063789,inf,p_lb=0,False
AE4MBJ7U7NIHOXS4LKA55OKCHASQ,941,3561,2980,0.008753,0.000000,0.980360,0.957087,0.054375,-0.054375,inf,p_lb=0,False
AHV6ORJZ5R7D5AE4ACP6JWJJGKYA,942,8141,7883,0.017534,0.000000,0.982260,0.958056,0.033398,-0.033398,inf,p_lb=0,False
AFHILCC5WFKLYGRZHHUQCLQTKNHQ,943,9482,8700,0.014859,0.000000,0.981752,0.957087,0.031824,-0.031824,inf,p_lb=0,False
AEHW3XPN4OAJTCRSJFMQM3GB2MSA,944,3669,3259,0.004440,0.000000,0.981442,0.959126,0.051885,-0.051885,inf,p_lb=0,False
AGH6XOPLYMOYQG3SUZB72TDMRGZQ,945,3384,3800,0.013289,0.000000,0.980966,0.958107,0.048101,-0.048101,inf,p_lb=0,False
AF3KNCUWGV462QPTKEOS22ZXRBLA,946,2179,1900,0.011532,0.000000,0.979822,0.952997,0.068390,-0.068390,inf,p_lb=0,False
AG6ABWJ3MV5L42D4Y7SZZQJPGWPQ,947,3155,2658,0.014107,0.000000,0.981649,0.957036,0.057578,-0.057578,inf,p_lb=0,False
AH2MHUG2OX25OE2YQ56VPX3Y75QA,948,4329,4344,0.013722,0.000000,0.981291,0.959075,0.044943,-0.044943,inf,p_lb=0,False
AGTAEHQD23OXPBIQ6XULCRAM63QQ,949,6349,5183,0.010703,0.000000,0.981137,0.959075,0.041145,-0.041145,inf,p_lb=0,False
AGEK6YV2JNA3W7VGTJ63QRZ4SPIA,950,5670,4788,0.013263,0.000000,0.981823,0.955044,0.042989,-0.042989,inf,p_lb=0,False
AFAI3A7XWPRB2BRZWPRJJO5FP45Q,951,3731,4831,0.013788,0.000000,0.981047,0.956066,0.042752,-0.042752,inf,p_lb=0,False
AHG5OUYNZPXAKJULNIA667MM5SJA,952,6908,5674,0.011315,0.000000,0.981131,0.955044,0.039491,-0.039491,inf,p_lb=0,False
AECVZVINWATH26RZLF6GHX5RLD2A,953,2841,2504,0.010309,0.000000,0.980436,0.956015,0.059385,-0.059385,inf,p_lb=0,False
AHKULNJ7UQDGZ6Q2GLJHZTEEDW4Q,954,6375,6822,0.017713,0.000000,0.981235,0.952997,0.036092,-0.036092,inf,p_lb=0,False
AE74R4MXEU5OZLFWTEMEOKFLHBHA,955,2973,2768,0.011921,0.000000,0.980340,0.957087,0.056419,-0.056419,inf,p_lb=0,False
AEX32AJWO2E7MT72BBNSUKH6PYYA,956,8356,5867,0.012996,0.000000,0.981372,0.956066,0.038794,-0.038794,inf,p_lb=0,False
AFHFMYCNLONPVUHT3JZFYLIEGX6Q,957,2885,2456,0.014066,0.000000,0.981559,0.958107,0.059832,-0.059832,inf,p_lb=0,False
AEK6S3VTX6ILWLZYNGHE2KH3AQUA,958,3252,3280,0.010884,0.000000,0.981204,0.958107,0.051774,-0.051774,inf,p_lb=0,False
AGS3Y3DFMQG2CJ7H573D2IBO6YVA,959,3877,4293,0.013225,0.000000,0.982383,0.958107,0.045255,-0.045255,inf,p_lb=0,False
AHWS6KEYMVXJ2QBO7XVMWYTEO2GA,960,2854,3198,0.009585,0.000000,0.979930,0.955044,0.052602,-0.052602,inf,p_lb=0,False
AGV4A5OW3D3DLCXUA732NUNSJDYQ,961,2903,3204,0.012690,0.000000,0.981435,0.959024,0.052334,-0.052334,inf,p_lb=0,False
AH2EBJFQ2TGA23CPYUEFFK4YTANQ,962,6182,6020,0.014304,0.000000,0.981194,0.957087,0.038257,-0.038257,inf,p_lb=0,False
AGTUIPPU5SQY6DTRYVR64YTJXG2A,963,3496,3015,0.010989,0.000000,0.980655,0.956066,0.054116,-0.054116,inf,p_lb=0,False
AHX27EH23JDXSDH723OOHC2YDF3A,964,2689,2501,0.004710,0.000000,0.981238,0.956066,0.059418,-0.059418,inf,p_lb=0,False
AF757ZS6HFSVQZIIC76AVBND4LOQ,965,3736,2675,0.014493,0.000000,0.982025,0.957087,0.057392,-0.057392,inf,p_lb=0,False
AHEIY6MQYIUEKH3FLQQVRDJ2LUGQ,966,1902,2602,0.011450,0.000000,0.981032,0.956066,0.058253,-0.058253,inf,p_lb=0,False
AEZ4UQPUCMYPEXDR3BCTZ22Z2M7Q,967,2708,2483,0.007418,0.000000,0.980911,0.956015,0.059636,-0.059636,inf,p_lb=0,False
AECSGWJW72T7RFUOONY27ZIESABQ,968,2777,3231,0.009828,0.000000,0.981109,0.956066,0.052276,-0.052276,inf,p_lb=0,False
AEGWUKP4FG5GISCFLDOSG5W2KMWA,969,7285,6213,0.011394,0.000000,0.981185,0.954993,0.037741,-0.037741,inf,p_lb=0,False
AE4YLXZ3JT2F75TQTRY6BL6UD6UA,970,3659,3233,0.009467,0.000000,0.981187,0.957036,0.052207,-0.052207,inf,p_lb=0,False
AGOVEEK7OQXMIF4I4UOXGD732XWA,971,2198,2431,0.009302,0.000000,0.981375,0.957087,0.060203,-0.060203,inf,p_lb=0,False
AFTKKVIGT534WZS2NTESMPVXC5AQ,972,2799,2054,0.011070,0.000000,0.981591,0.956066,0.065565,-0.065565,inf,p_lb=0,False
AH2C2OAE2Q2GOAMSCXS3QV6S52MQ,973,4676,4729,0.013460,0.000000,0.980417,0.957036,0.043167,-0.043167,inf,p_lb=0,False
AEVNT7PL2427YXOIWWPUDB53VYUQ,974,2627,2700,0.009589,0.000000,0.981375,0.958107,0.057064,-0.057064,inf,p_lb=0,False
AHYCX7ABSJ7I6FQ24IAUWOGHIJVA,975,3560,3299,0.009247,0.000000,0.981909,0.959126,0.051570,-0.051570,inf,p_lb=0,False
AEOMTF2KGPGBSLSLN4YCFUVTAQ6A,976,1857,1767,0.008230,0.000000,0.980832,0.956066,0.070690,-0.070690,inf,p_lb=0,False
AE4CGVZRXIAQDALP6UN3FMJF6NSA,977,3365,3234,0.013351,0.000000,0.981360,0.957087,0.052196,-0.052196,inf,p_lb=0,False
AF5WMXTKZMTL3EVJMZM63ILA6H7Q,978,3342,3537,0.012373,0.000000,0.981683,0.957087,0.049911,-0.049911,inf,p_lb=0,False
AF4CNAUOROUP6WQEHMP7DWVB3KFQ,979,2506,2584,0.014493,0.000000,0.982083,0.958107,0.058331,-0.058331,inf,p_lb=0,False
AGNVPG5LUE53WJT6YZYDOAVGNITQ,980,3704,4023,0.012821,0.000000,0.981695,0.958107,0.046749,-0.046749,inf,p_lb=0,False
AHNRKRI4TADX6D5B32WFKOWYSWZQ,981,4565,5015,0.010480,0.000000,0.981952,0.959024,0.041831,-0.041831,inf,p_lb=0,False
AGLSDR7Y4E3V4XVRFSFQPOUW5IXA,982,2052,2195,0.005758,0.000000,0.979064,0.954021,0.063560,-0.063560,inf,p_lb=0,False
AHKSD37M6YINFJE4K4K4QAAWWCRA,983,2002,2656,0.007342,0.000000,0.980684,0.954993,0.057723,-0.057723,inf,p_lb=0,False
AFLJQ7ONRNGXUCA67XWGIN4OLJAQ,984,6352,6947,0.015873,0.000000,0.981649,0.958107,0.035575,-0.035575,inf,p_lb=0,False
AH7OXGKTTNO2MZQZU3FYKVJBRD6Q,985,2523,2297,0.014263,0.000000,0.980963,0.957087,0.061934,-0.061934,inf,p_lb=0,False
AEOPWB7TDB36DERA2HILFN3CV7RA,986,2451,2413,0.012461,0.000000,0.980685,0.955044,0.060556,-0.060556,inf,p_lb=0,False
AERIK7GJLZAGV7WSQ27O6LPAEVHQ,987,4845,5304,0.015523,0.000000,0.981368,0.958056,0.040716,-0.040716,inf,p_lb=0,False
AGR4OEGODMLQE34H55CCYHCOS77A,988,1768,3032,0.005666,0.000000,0.980620,0.954993,0.054025,-0.054025,inf,p_lb=0,False
AFSUY5CW67K7ZLKUOEWM7QFRKJ2A,989,3498,2766,0.011779,0.000000,0.981997,0.958107,0.056379,-0.056379,inf,p_lb=0,False
AGZMKHWSCB3UXDGFUPFRZSL4EAWQ,990,5058,5633,0.015808,0.000000,0.981964,0.958107,0.039507,-0.039507,inf,p_lb=0,False
AF6NUKNPSTZPENLOA3BIU3HBUDIQ,991,6441,6374,0.016064,0.000000,0.982386,0.960092,0.037063,-0.037063,inf,p_lb=0,False
AGKR5EPZEW4FQQAQBUXQBXMAFLCQ,992,3974,4695,0.011523,0.000000,0.981363,0.957087,0.043320,-0.043320,inf,p_lb=0,False
AEUMFFNJZVNADPWYCH7Z36YXNHAA,993,4413,6170,0.015954,0.000000,0.982610,0.958107,0.037749,-0.037749,inf,p_lb=0,False
AHDYWEPU7QZTV4THNKEIDLINVXFA,994,25779,26934,0.018276,0.005521,0.981535,0.957087,0.018087,-0.013029,315536.358606,eps_dominant,False
AGVZL5MSRHWZ74DPTM6PFQYFVTAQ,995,24381,24980,0.018566,0.005321,0.981700,0.957087,0.018781,-0.013907,339729.635648,eps_dominant,False
AFJOLC4LQCWSFSV76IYDJMHB7I2Q,996,2929,2755,0.013245,0.000000,0.981869,0.956066,0.056613,-0.056613,inf,p_lb=0,False
AH7RZZ47LJVL4ASHAYKVR5DZCTGQ,997,4654,4549,0.015924,0.000000,0.981572,0.957087,0.044010,-0.044010,inf,p_lb=0,False
AH2JKHXWYTOQT3N2FH5QPJWKSRTQ,998,11816,13045,0.015052,0.000000,0.981444,0.959075,0.025935,-0.025935,inf,p_lb=0,False
AHBQYAFF3P7663IHYQ7KCE75NQBA,999,7322,9073,0.010122,0.000000,0.981624,0.959126,0.031096,-0.031096,inf,p_lb=0,False
AGPZ7KMTXF7ZZSQTQ5346PUGGAFQ,1000,3266,3322,0.008674,0.000000,0.981256,0.957036,0.051503,-0.051503,inf,p_lb=0,False
AEUNI3OFLTJG7LZNVHXLKXSOLO7A,1001,2105,2984,0.011292,0.000000,0.980428,0.956015,0.054400,-0.054400,inf,p_lb=0,False
AH76HZ6TQ3JIMFX3SIWCFBPX2JZA,1002,3192,2718,0.009537,0.000000,0.981027,0.956066,0.056997,-0.056997,inf,p_lb=0,False
AE6FG3OZWHGNTIACGI2DEQTDYB3A,1003,2927,2475,0.006006,0.000000,0.981504,0.957087,0.059665,-0.059665,inf,p_lb=0,False
AFKZESU3PTCQ2UVDBDSFVFTXBFNQ_1,1004,23353,21662,0.015625,0.001402,0.981362,0.955044,0.020211,-0.018932,4934827.551746,eps_dominant,False
AFMIL52ZUYM4HYTD22N4TUTTXTKQ,1005,3283,2841,0.006545,0.000000,0.980075,0.956066,0.055749,-0.055749,inf,p_lb=0,False
AGU35OCWVSLJ4FQ5DSUYXP3FTUFA,1006,4454,4049,0.011952,0.000000,0.981917,0.957087,0.046648,-0.046648,inf,p_lb=0,False
AFP33S7JOLTWY4WO3HHRVGPYBSLQ,1007,2513,2779,0.008915,0.000000,0.980332,0.956015,0.056371,-0.056371,inf,p_lb=0,False
AHP53RQRBGPN4HDCVNYBSEOHRCZQ,1008,4499,3044,0.014002,0.000000,0.981475,0.956066,0.053858,-0.053858,inf,p_lb=0,False
AEV7JM37E42KJBVSKJZASPXE3YOA,1009,2648,2396,0.012882,0.000000,0.981278,0.957087,0.060641,-0.060641,inf,p_lb=0,False
AFUEDRMVN3NGRUCH6QBYJ5ERROSQ,1010,3448,3724,0.013499,0.000000,0.981833,0.959126,0.048538,-0.048538,inf,p_lb=0,False
AF4OT4JFCWDCQYYUSABLCT6E7MCQ,1011,3527,3666,0.015920,0.000000,0.981284,0.957087,0.049025,-0.049025,inf,p_lb=0,False
AGU7TAN3F323XBPIBTEW3TDAF32A,1012,2168,2042,0.012281,0.000000,0.981506,0.957036,0.065691,-0.065691,inf,p_lb=0,False
AGJNUMD3ZCOGO6FFB6NAVV3CYP5A,1013,4200,3458,0.010837,0.000000,0.980890,0.955044,0.050585,-0.050585,inf,p_lb=0,False
AEH5Y525F3CTRR4KHLJLQTCFUSDA,1014,14730,13688,0.014673,0.000000,0.982315,0.958107,0.025344,-0.025344,inf,p_lb=0,False
AGSTDL3I5TMKBYCEXDKCEC43ETCQ,1015,2186,1478,0.012376,0.000000,0.979435,0.953970,0.077462,-0.077462,inf,p_lb=0,False
AHIQKES2DS4GEDPKHAZMGCS2HHMQ,1016,2706,2250,0.008757,0.000000,0.980354,0.953970,0.062782,-0.062782,inf,p_lb=0,False
AETKRATU4ECDMBCIQVTPGFWAI7WA,1017,5474,4947,0.013964,0.000000,0.981619,0.958107,0.042158,-0.042158,inf,p_lb=0,False
AHGIDR4IJFS23Q4GTZ33FI5LYDSQ_2,1018,4015,3744,0.010714,0.000000,0.980760,0.956066,0.048563,-0.048563,inf,p_lb=0,False
AECKGMR6XCQLS2CKXDI6KH46UWTQ,1019,8616,7816,0.013917,0.000000,0.981362,0.956015,0.033613,-0.033613,inf,p_lb=0,False
AGSLJQOUHG4HEY3F6PC2TMUXDETQ,1020,6276,5220,0.014184,0.000000,0.981957,0.958107,0.041040,-0.041040,inf,p_lb=0,False
AHJZICZVRJWDIAJ7F4KECEIFOH3A,1021,11628,12984,0.013367,0.000000,0.981584,0.956066,0.026078,-0.026078,inf,p_lb=0,False
AHQN4PR4VZLKHV6Q4JL3B3QLKJOA,1022,6651,6046,0.011612,0.000000,0.981552,0.957087,0.038175,-0.038175,inf,p_lb=0,False
AHMAGO6RME5BNQIVWP56IIWELOJA,1023,3735,3589,0.014943,0.000000,0.981281,0.955913,0.049609,-0.049609,inf,p_lb=0,False
AHEYRB3QDEKKFTZ3B7FU3UAEJASA,1024,3069,3319,0.013819,0.000000,0.980869,0.957036,0.051526,-0.051526,inf,p_lb=0,False
AEJQMJCRCYXTXQ2BCF3XP2KJZMRA,1025,2755,4508,0.011960,0.000000,0.981446,0.957087,0.044210,-0.044210,inf,p_lb=0,False
AHGNBIL7SLPTHLJWQRA6XJDDRKZA,1026,3096,3623,0.013970,0.000000,0.980597,0.956066,0.049367,-0.049367,inf,p_lb=0,False
AHWQ7NF7NNOI53VYRHMNOLHHT4YA,1027,4607,4004,0.007042,0.000000,0.981546,0.957087,0.046910,-0.046910,inf,p_lb=0,False
AGA6ELHQQPZEVEG26LAAV6SFWDEA,1028,3775,4206,0.014822,0.000000,0.981604,0.958056,0.045723,-0.045723,inf,p_lb=0,False
AFFCTK6Y27DONGPEBDIGH6YXH2TQ,1029,26030,24450,0.017145,0.003757,0.981707,0.957087,0.018983,-0.015542,681366.150512,eps_dominant,False
AGGHIRS7NROMQU4N6PDJCNH26ZEQ,1030,3084,3325,0.010251,0.000000,0.980330,0.955044,0.051587,-0.051587,inf,p_lb=0,False
AE7JOVNS4C7U322U2UIIZLDBKBOA,1031,6634,6313,0.013880,0.000000,0.980579,0.955044,0.037439,-0.037439,inf,p_lb=0,False
AFTRZYHACSFQKBN65BYGGZ3II2MA,1032,3623,3080,0.013294,0.000000,0.981100,0.956066,0.053542,-0.053542,inf,p_lb=0,False
AFW7E3SFBPFDQ6HDNEINTNMOBG5Q,1033,2236,2891,0.012594,0.000000,0.980703,0.957087,0.055206,-0.055206,inf,p_lb=0,False
AFDNV3WLJUPSGQ75XDJL5MPTQBGQ,1034,2829,2763,0.009669,0.000000,0.980408,0.956015,0.056534,-0.056534,inf,p_lb=0,False
AHL3R5T5CBXKOFV74ODDPJLNQYIA,1035,3907,4382,0.012733,0.000000,0.982172,0.958107,0.044793,-0.044793,inf,p_lb=0,False
AHR7J6ECPZ3Z6S5BOBLPIBN42UMQ,1036,3912,3122,0.011450,0.000000,0.981493,0.956066,0.053181,-0.053181,inf,p_lb=0,False
AG3CK7F7NP5GM6BN6OHZJRWWF7QA,1037,18107,17488,0.014483,0.000000,0.981707,0.957087,0.022446,-0.022446,inf,p_lb=0,False
AERGQ6U7YCR6JZ54FFKYPUM7PFDQ,1038,2505,3205,0.012092,0.000000,0.981161,0.956066,0.052488,-0.052488,inf,p_lb=0,False
AEUUFC2JXLKMGJJTTOGUQUL5SKPQ,1039,13289,13073,0.014089,0.000000,0.981863,0.958056,0.025935,-0.025935,inf,p_lb=0,False
AGECNBG33ROS6O4KC6IL2HK2XNBA,1040,4047,3699,0.011893,0.000000,0.981469,0.958107,0.048753,-0.048753,inf,p_lb=0,False
AEOQK5R2VIF372OSXLIWC6GQMVVA,1041,3057,2958,0.012000,0.000000,0.980375,0.956066,0.054635,-0.054635,inf,p_lb=0,False
AFTHDT2O7A2HWCMCK6AC2R5YE37Q,1042,2941,2527,0.009845,0.000000,0.979909,0.953970,0.059241,-0.059241,inf,p_lb=0,False
AF2IWZ2WIXEMCM3ZHI3FV4XZMQ6A,1043,4810,5929,0.010355,0.000000,0.982065,0.958107,0.038508,-0.038508,inf,p_lb=0,False
AFAYWPUUPPOPNSJRJE55GJCVMEHQ,1044,2487,2350,0.011945,0.000000,0.979058,0.954021,0.061428,-0.061428,inf,p_lb=0,False
AHS5FPE6RHE4ITJ4SAVI67YVRNOQ,1045,4804,4398,0.013559,0.000000,0.981934,0.959126,0.044664,-0.044664,inf,p_lb=0,False
AFZ65RCGGPLY6YKWUEZD2CCDNKGQ,1046,1979,1983,0.010399,0.000000,0.980443,0.954993,0.066804,-0.066804,inf,p_lb=0,False
AELRGAHYW4A2D3SBGP3FAWJENQJA,1047,1903,2184,0.006981,0.000000,0.978944,0.952997,0.063789,-0.063789,inf,p_lb=0,False
AEWBDV24CDYDHTTTR7TIPKX5HUAQ,1048,4233,3994,0.014590,0.000000,0.981421,0.958107,0.046918,-0.046918,inf,p_lb=0,False
AE6PDNPNIWCIEH24Z65XBYYTDTTA,1049,1617,2180,0.006279,0.000000,0.979058,0.952997,0.063847,-0.063847,inf,p_lb=0,False
AGI4ZZIMFVNCXGV2BVIU6JZ4TPIQ,1050,2252,2046,0.006557,0.000000,0.979626,0.954021,0.065834,-0.065834,inf,p_lb=0,False
AHVQH6Z66TVI4B7R4NJ6XO6BAISQ,1051,8537,8757,0.014058,0.000000,0.982049,0.957087,0.031720,-0.031720,inf,p_lb=0,False
AFM3KHXL5LZH6SKJSF2BMJYF3SQQ,1052,3874,4109,0.014644,0.000000,0.981954,0.958107,0.046257,-0.046257,inf,p_lb=0,False
AF3VJWZYBINWBUJTSNDGIO6OY5SQ,1053,5061,4160,0.012012,0.000000,0.980510,0.957087,0.046022,-0.046022,inf,p_lb=0,False
AEHLBSKJ7D3UGXNJS5JSFURYVFCA,1054,2565,2632,0.014706,0.000000,0.982060,0.960092,0.057677,-0.057677,inf,p_lb=0,False
AF53ZKFWQ3BC2EXJ6FP5WIIN2MCA,1055,2870,2654,0.010101,0.000000,0.981767,0.957036,0.057621,-0.057621,inf,p_lb=0,False
AFIKPLSJCM3IYFC3AAYOU4BK2DCQ,1056,2416,2577,0.008143,0.000000,0.979465,0.952946,0.058727,-0.058727,inf,p_lb=0,False
AHYFS6FJHSRC2H26UROJC6RK2BMQ,1057,2026,2724,0.006281,0.000000,0.979603,0.952997,0.057117,-0.057117,inf,p_lb=0,False
AHKOJ6OCVU2W67ZL74KK43PLGI5A,1058,1560,2414,0.004680,0.000000,0.978882,0.953970,0.060612,-0.060612,inf,p_lb=0,False
AG4RMIJI4W6ITLNIDISUKCO5VPNQ,1059,4557,4438,0.016212,0.000000,0.982494,0.956066,0.044605,-0.044605,inf,p_lb=0,False
AHFEKMQNEZ6JCHJITYOZAYAYSPKQ,1060,4038,2930,0.011218,0.000000,0.981450,0.959126,0.054721,-0.054721,inf,p_lb=0,False
AGYHZ6BEEFCJJMD5CNSRKEMJEMCA,1061,4651,5099,0.014085,0.000000,0.981172,0.956066,0.041613,-0.041613,inf,p_lb=0,False
AFNRTOQBZEL3MZE5FUDIGEGV7H2Q,1062,14011,14648,0.013104,0.000000,0.982092,0.955044,0.024578,-0.024578,inf,p_lb=0,False
AHBK4QU2FQD5MPSCIITINHM2TAPA,1063,3011,3668,0.010471,0.000000,0.981147,0.954942,0.049121,-0.049121,inf,p_lb=0,False
AGZALMFGWGTHSFB4LFXNW2AECUEA,1064,8679,8187,0.015113,0.000000,0.981538,0.959126,0.032736,-0.032736,inf,p_lb=0,False
AHAZFJIG2P27OH4KLTR2SMWMKW6Q,1065,4225,4081,0.010899,0.000000,0.981172,0.956066,0.046515,-0.046515,inf,p_lb=0,False
AGVM37ENJ7TA4BJ4LRWQKQPMH64Q,1066,2387,2876,0.012465,0.000000,0.980580,0.956015,0.055412,-0.055412,inf,p_lb=0,False
AETTCQ34XRYAYKLWZZJZVRQM5MSQ,1067,2441,2786,0.008299,0.000000,0.981177,0.956015,0.056300,-0.056300,inf,p_lb=0,False
AHPQFIVYXQZH6JMFAXRDI3FUFEZQ,1068,9681,8972,0.015716,0.000000,0.981278,0.957087,0.031338,-0.031338,inf,p_lb=0,False
AHBDTLNWRFQMXPI3OUKYMYBYLOJQ,1069,4805,4459,0.012467,0.000000,0.981357,0.958005,0.044409,-0.044409,inf,p_lb=0,False
AFBFWGX7SDRJT5DDHEERCGZT4AEA,1070,2283,1824,0.005894,0.000000,0.981115,0.956066,0.069576,-0.069576,inf,p_lb=0,False
AF3KNIB6JUAQDSP7HZEVB44DHMKQ,1071,3376,2718,0.010568,0.000000,0.980187,0.956015,0.057000,-0.057000,inf,p_lb=0,False
AF3OZUPLSOGYWBRID7H2XCCD3UAQ,1072,4293,4341,0.012521,0.000000,0.981056,0.959075,0.044959,-0.044959,inf,p_lb=0,False
AHBSAEV65SZJFHDTPWDS47KKC2YA,1073,5786,4877,0.013460,0.000000,0.981456,0.957087,0.042504,-0.042504,inf,p_lb=0,False
AFM2HPJTYPIGGIZHPALJJCL42YMQ,1074,3714,4379,0.013599,0.000000,0.981274,0.956066,0.044904,-0.044904,inf,p_lb=0,False
AFLH6RLYSGM6RZTB7D2QPKRFJMJQ,1075,2803,2936,0.005284,0.000000,0.980429,0.954993,0.054901,-0.054901,inf,p_lb=0,False
AE2QK2SWUQAGG54GHQDJUREN3DRA,1076,4990,5059,0.005691,0.000000,0.980187,0.953970,0.041869,-0.041869,inf,p_lb=0,False
AHY33GMV66E2L2OGPPLIZ3IDCUYA,1077,4966,4543,0.005367,0.000000,0.981272,0.958107,0.043992,-0.043992,inf,p_lb=0,False
AFRMOOG7VG4WSGTOQCQMGLIGC5LA_1,1078,4127,4505,0.012920,0.000000,0.980763,0.956066,0.044272,-0.044272,inf,p_lb=0,False
AEUFFWKPFIARZOLN34A72F3X4VEA,1079,2642,2431,0.009772,0.000000,0.980859,0.954993,0.060335,-0.060335,inf,p_lb=0,False
AFZDZGZNCOO4L3E2TKHL4JP4YS3Q,1080,3898,3090,0.012414,0.000000,0.981042,0.958056,0.053345,-0.053345,inf,p_lb=0,False
AF5XHCHKI3CCKABRWCN3J2NGGFUA,1081,5387,5023,0.014096,0.000000,0.981551,0.956066,0.041927,-0.041927,inf,p_lb=0,False
AHI7A36FSQATGRO2CDS6VNSVC4DA,1082,2806,2522,0.009615,0.000000,0.980656,0.957087,0.059107,-0.059107,inf,p_lb=0,False
AGIMYCA3OW5YGXP4MMNUGWOWLWXQ,1083,3603,3338,0.003953,0.000000,0.981130,0.957036,0.051379,-0.051379,inf,p_lb=0,False
AFYLM4TY5MMUCWSLDKUIB5PIF3JA,1084,2169,2359,0.010345,0.000000,0.979929,0.954993,0.061249,-0.061249,inf,p_lb=0,False
AEJBSDLYHVSXPWUIDE5AA64APFZA,1085,3003,3179,0.012788,0.000000,0.981106,0.956015,0.052705,-0.052705,inf,p_lb=0,False
AE7GA3U6Y32ZKNKWN3B32YIN7P7A,1086,5528,5102,0.014867,0.000000,0.981262,0.958107,0.041512,-0.041512,inf,p_lb=0,False
AH254KLJJLFZUUSWU6STN7PMKS7A,1087,4561,4509,0.012758,0.000000,0.981514,0.958107,0.044158,-0.044158,inf,p_lb=0,False
AELGXRSBMW6YZBEFZQVUF3QYQVHQ,1088,3077,3350,0.016722,0.000000,0.981960,0.959126,0.051176,-0.051176,inf,p_lb=0,False
AGCA64OUVM2TJGNN3IUXMEU7KF6Q,1089,10586,12278,0.014194,0.000000,0.981979,0.958056,0.026761,-0.026761,inf,p_lb=0,False
AGHZW4TANYLJ3MYNWOB4JEW66SOQ,1090,2946,2593,0.012987,0.000000,0.980923,0.957087,0.058292,-0.058292,inf,p_lb=0,False
AHDEEVJGEQVXRHOX3HFG5Q3F4ZRA,1091,6815,7872,0.013352,0.000000,0.981317,0.957036,0.033457,-0.033457,inf,p_lb=0,False
AFERLCOSLAZPD4FOKHKCBC5PM5UA,1092,4874,5414,0.016118,0.000000,0.982626,0.959126,0.040256,-0.040256,inf,p_lb=0,False
AFVAUF5XDUB2H6MA2ND3VFEO5E2Q,1093,3715,4088,0.016913,0.000000,0.982011,0.959075,0.046329,-0.046329,inf,p_lb=0,False
AFDQNDRLLF47MO5CYI7PMLYSC2QA,1094,3924,4381,0.011211,0.000000,0.981809,0.958056,0.044801,-0.044801,inf,p_lb=0,False
AFQXJUFP4PGITLRRO6WEU3OSFWBQ,1095,2201,2751,0.014144,0.000000,0.980960,0.956066,0.056654,-0.056654,inf,p_lb=0,False
AELN4RMGNHECSTVJXJ6ZMN74AAIA,1096,2106,3087,0.007500,0.000000,0.981216,0.957036,0.053427,-0.053427,inf,p_lb=0,False
AE6WU4SFOAVPE7A33RAHPQGCKR4A,1097,5316,4801,0.010442,0.000000,0.981491,0.956015,0.042887,-0.042887,inf,p_lb=0,False
AE5FJLSPXITRDBGBSCKGWOZ3ZCOQ,1098,2676,2556,0.013473,0.000000,0.981015,0.958107,0.058650,-0.058650,inf,p_lb=0,False
AHZSHLSRALGTOXKEAVIKIHA37JGA,1099,2880,2627,0.011465,0.000000,0.980433,0.956066,0.057975,-0.057975,inf,p_lb=0,False
AGWFMLZCUT6NEPAJOIZKZN2ZOE2A,1100,3307,2679,0.009036,0.000000,0.981216,0.957087,0.057349,-0.057349,inf,p_lb=0,False
AGJRMIF3LHVDBHMCEYRL7GWCVMRA,1101,4106,4764,0.015257,0.000000,0.981123,0.956015,0.043054,-0.043054,inf,p_lb=0,False
AEXDR7GGRBNNHQKSTHBAHBVACTSA,1102,3335,4023,0.010280,0.000000,0.981421,0.958107,0.046749,-0.046749,inf,p_lb=0,False
AFAWMUZHDWA2BUULOOOVMF3RR6QQ,1103,4768,5393,0.014323,0.000000,0.981682,0.958056,0.040379,-0.040379,inf,p_lb=0,False
AFWVN52MRBWOTIK7UGXBWGOY4HBA,1104,2859,2386,0.009980,0.000000,0.980326,0.955044,0.060898,-0.060898,inf,p_lb=0,False
AFYTYOPH5UG42COFMW2HW3ZFJTYQ,1105,3409,2400,0.009146,0.000000,0.980184,0.956066,0.060655,-0.060655,inf,p_lb=0,False
AFK4DMI6LZY7CSH5Q24UVGTRHFTQ,1106,3878,2444,0.007246,0.000000,0.980687,0.956066,0.060107,-0.060107,inf,p_lb=0,False
AFCP2TNAYCO364NXL2CLWQGFXHWA,1107,3085,2927,0.016129,0.000000,0.981884,0.959075,0.054752,-0.054752,inf,p_lb=0,False
AEFNW54XK3ARD4OBRWBS5TXURUQA,1108,2260,2467,0.010542,0.000000,0.980800,0.957036,0.059765,-0.059765,inf,p_lb=0,False
AFZU3UIV7FQFQL7H7TC4J6JVOYIQ,1109,1790,2759,0.006906,0.000000,0.980885,0.956066,0.056571,-0.056571,inf,p_lb=0,False
AFVIKCEGFX2QTEQGLLM7KAGE5WRA,1110,1924,2834,0.008368,0.000000,0.980029,0.954993,0.055881,-0.055881,inf,p_lb=0,False
AH3JYMVUYJD36GPVGEILOX3Y2ESA,1111,3835,5146,0.012531,0.000000,0.981805,0.959126,0.041291,-0.041291,inf,p_lb=0,False
AGQVYRFKX6G5VO65RHQ7UZKGSTKQ,1112,1743,2013,0.007207,0.000000,0.980452,0.955044,0.066300,-0.066300,inf,p_lb=0,False
AF6PYKOUHORFC3TLKFYFD33N4BFA,1113,8374,7153,0.014545,0.000000,0.981297,0.956066,0.035134,-0.035134,inf,p_lb=0,False
AEFB7GQJUQWWIOK35NOMAC47PI6Q,1114,5918,5860,0.011429,0.000000,0.982278,0.958107,0.038735,-0.038735,inf,p_lb=0,False
AECSBI2WN54PZ6JTA3MLM6WUN47Q,1115,2730,2663,0.010558,0.000000,0.981287,0.957087,0.057521,-0.057521,inf,p_lb=0,False
AEIFOXPMNJWZXDDGPO6DBZPSQ5WA,1116,8190,10243,0.014920,0.000000,0.981977,0.957036,0.029330,-0.029330,inf,p_lb=0,False
AFTP4CS3L7FXZ45SXX553REC3MFA,1117,3242,3132,0.013717,0.000000,0.981713,0.958107,0.052983,-0.052983,inf,p_lb=0,False
AFJTTFFMPZ4BUCY6UE4WHHR24CEA,1118,3206,3679,0.016194,0.000000,0.981571,0.956985,0.048943,-0.048943,inf,p_lb=0,False
AGABRCVDMJACNEUZQF3K5N6ASOTA,1119,5368,5047,0.012800,0.000000,0.981033,0.957087,0.041782,-0.041782,inf,p_lb=0,False
AF5GRAZOLOUIUPODTWQVJDYF4AZA,1120,2533,3381,0.015046,0.000000,0.982240,0.957036,0.051052,-0.051052,inf,p_lb=0,False
AE7GUGPHKJLCXM4O43UVKFZ6UPBA,1121,3207,3638,0.011013,0.000000,0.982184,0.957087,0.049213,-0.049213,inf,p_lb=0,False
AFO6QRJE7PPMBY2P66V2FPKJUIEA,1122,10703,11208,0.016476,0.000000,0.981950,0.957036,0.028039,-0.028039,inf,p_lb=0,False
AEI4GU653P6LRUUM7MLI3BHS6HGA,1123,2137,2746,0.010050,0.000000,0.981118,0.956066,0.056705,-0.056705,inf,p_lb=0,False
AH25DEW5JUBLDW65WMCTQ3VICZ4Q,1124,3671,3111,0.011561,0.000000,0.981544,0.956015,0.053278,-0.053278,inf,p_lb=0,False
AGNF2DGDI5VR32QJTJPKHE7LS26A,1125,3732,3402,0.011534,0.000000,0.981306,0.957087,0.050891,-0.050891,inf,p_lb=0,False
AGKD4Q3J7FLX6XOCS4UDJXKM75QA,1126,2233,2385,0.014423,0.000000,0.982263,0.959126,0.060651,-0.060651,inf,p_lb=0,False
AEHH3ZK5OPHYILGVM6NIOAQG7MEQ,1127,2756,2924,0.005908,0.000000,0.979689,0.956066,0.054952,-0.054952,inf,p_lb=0,False
AHCX7GPLZ4J3M6B7CB3LWF2HXEPQ,1128,2487,2736,0.009375,0.000000,0.980909,0.956015,0.056812,-0.056812,inf,p_lb=0,False
AGTR5JNUBYVJ4S66SCDZKAAKUCUQ,1129,2661,1819,0.013514,0.000000,0.980866,0.957087,0.069597,-0.069597,inf,p_lb=0,False
AHJ2S343LIEFFF6PEJOHLWMZ4CQA,1130,2509,2823,0.012146,0.000000,0.980316,0.955044,0.055986,-0.055986,inf,p_lb=0,False
AE5OBWH42SMIJMW33W4UIHOVYUAQ,1131,6259,5376,0.015303,0.000000,0.981834,0.958107,0.040441,-0.040441,inf,p_lb=0,False
AHR375Y4F3W6I7Z5YBS6PVJR37PA,1132,4268,5385,0.013803,0.000000,0.981702,0.955044,0.040536,-0.040536,inf,p_lb=0,False
AENPFFAIQ75VTJYM6BCEKB5WWWJQ,1133,11294,9361,0.018263,0.000000,0.982323,0.959075,0.030616,-0.030616,inf,p_lb=0,False
AFB4U64YA2ML3OF4UUMFUE52B6GQ,1134,3454,3133,0.009804,0.000000,0.981417,0.957087,0.053031,-0.053031,inf,p_lb=0,False
AH467Z3742JS32I7V6C2OECMHXQA,1135,2869,2895,0.010390,0.000000,0.981064,0.956066,0.055227,-0.055227,inf,p_lb=0,False
AGTQHZCHCPOBUSBJFZSEPCWQ44ZQ,1136,3736,4086,0.018443,0.000000,0.982527,0.960143,0.046289,-0.046289,inf,p_lb=0,False
AEUHDKB4POKYWKAVGAUKCN4JSHSQ,1137,4680,3258,0.014286,0.000000,0.982107,0.959126,0.051893,-0.051893,inf,p_lb=0,False
AEFQZUFCOB6RLGQQERSPS4P5GDSQ,1138,2773,2687,0.007485,0.000000,0.980142,0.954021,0.057447,-0.057447,inf,p_lb=0,False
AHEYBY33U7TAJA3KWZGD7DXEZRGQ,1139,3367,2599,0.012730,0.000000,0.980909,0.956066,0.058287,-0.058287,inf,p_lb=0,False
AEOSCZNS3P5OOCDISARS5TVRFVYA,1140,2967,2539,0.010972,0.000000,0.981121,0.957087,0.058909,-0.058909,inf,p_lb=0,False
AGMZV54XEXNBFMAGB3OERT4UPB2A,1141,3735,3080,0.007353,0.000000,0.979905,0.956066,0.053542,-0.053542,inf,p_lb=0,False
AEB2KGGJANOW27FHME4SJ3IIFGIA,1142,5001,5048,0.016717,0.000000,0.981707,0.956066,0.041823,-0.041823,inf,p_lb=0,False
AGJEXT3S4UW4P76ZQ6KSZM6AO5QA,1143,3302,3696,0.010613,0.000000,0.981111,0.959126,0.048721,-0.048721,inf,p_lb=0,False
AGH5UEOJXJR5CMN33VMPDCEFBQAQ,1144,3488,3260,0.010601,0.000000,0.980752,0.956066,0.052043,-0.052043,inf,p_lb=0,False
AHKF4WFT35DXX3TL7JT776DJNUJA,1145,3340,3187,0.008323,0.000000,0.981130,0.957087,0.052580,-0.052580,inf,p_lb=0,False
AH75O6O35WZKXRMLGIQQFFDA5KCA,1146,4776,4172,0.013023,0.000000,0.980853,0.956066,0.046005,-0.046005,inf,p_lb=0,False
AFH6GLY2ND6DKFGNZD5NF2DUWP2A,1147,5514,5724,0.013962,0.000000,0.980500,0.956066,0.039276,-0.039276,inf,p_lb=0,False
AGP2E6KQNCXVYNQM5E4WMWUTBU4Q,1148,2001,2697,0.005747,0.000000,0.980403,0.955044,0.057279,-0.057279,inf,p_lb=0,False
AFIHPFIZXC72VUCPMVGRLMMJTPMA,1149,4396,5061,0.012569,0.000000,0.981130,0.956066,0.041769,-0.041769,inf,p_lb=0,False
AHE2UO7FEFP5S5LCL7XWBC3GQRRA,1150,4188,3186,0.012821,0.000000,0.981169,0.958107,0.052532,-0.052532,inf,p_lb=0,False
AFO7DHIAAH6SJFY27S7ANI2NIZ6Q,1151,4952,5483,0.013594,0.000000,0.981691,0.957087,0.040087,-0.040087,inf,p_lb=0,False
AEYDWBTKRXYIOW2ATGJ7YV4FXGWQ,1152,2828,3619,0.012658,0.000000,0.981141,0.958056,0.049292,-0.049292,inf,p_lb=0,False
AGMXF4VIQB3J35DN2ZPELWZE2JTQ,1153,2641,2912,0.007440,0.000000,0.981247,0.957087,0.055007,-0.055007,inf,p_lb=0,False
AGPZKGHFWRKC2JEEYPISHATYF52A,1154,4802,5057,0.016779,0.000000,0.981646,0.957087,0.041741,-0.041741,inf,p_lb=0,False
AEWGIJRJ6FJANQOIJPTMSNJ6EIAA,1155,4160,3118,0.014874,0.000000,0.981579,0.957087,0.053158,-0.053158,inf,p_lb=0,False
AEZFU44YV2CAGFRDA5MTGEP7LWGQ,1156,3099,2952,0.006993,0.000000,0.980520,0.955044,0.054749,-0.054749,inf,p_lb=0,False
AEIJRGC7EM6SJ5YWBEUFD4KZRB5A,1157,2147,2590,0.011527,0.000000,0.981502,0.957087,0.058326,-0.058326,inf,p_lb=0,False
AGCVRCNB4FGVZI5N2Z7CLE5PUGNA,1158,2533,3174,0.012300,0.000000,0.982021,0.958056,0.052634,-0.052634,inf,p_lb=0,False
AETWQ4GYGV4QRMTMWGBIDVASBKHA,1159,3393,2984,0.013447,0.000000,0.981472,0.957036,0.054342,-0.054342,inf,p_lb=0,False
AHKJQPQ2NLTXMC4BL7KN5LSO5HZA,1160,3942,5446,0.014745,0.000000,0.981286,0.957087,0.040223,-0.040223,inf,p_lb=0,False
AEUPRQE7ZDALCKE7VE5NNYXFRZFA,1161,5293,5739,0.016578,0.000000,0.982557,0.959126,0.039099,-0.039099,inf,p_lb=0,False
AHR43AXAYPDVPUQIPVQBYYBBPYFA,1162,3574,3184,0.013089,0.000000,0.981461,0.957087,0.052605,-0.052605,inf,p_lb=0,False
AHAEKZNVFT4GOFJOORYICTHXILVQ,1163,1996,2143,0.005871,0.000000,0.979541,0.952997,0.064396,-0.064396,inf,p_lb=0,False
AFSPTSJ4WN3TXSMC52FRT3SD7WXQ,1164,27489,30819,0.017420,0.005496,0.982216,0.959126,0.016872,-0.011816,315716.992445,eps_dominant,False
AFKTUAYG42OOXMH7MXVVHOJ4TR6Q,1165,2775,2328,0.006678,0.000000,0.980613,0.954021,0.061718,-0.061718,inf,p_lb=0,False
AHCALY2KFPY6J65IJAZJQHIDAEGA,1166,4454,5617,0.013656,0.000000,0.981694,0.957036,0.039608,-0.039608,inf,p_lb=0,False
AFXF3EGQTQDXMRLDWFU7UBFQZB7Q,1167,71011,72520,0.017810,0.010037,0.981915,0.957036,0.011023,-0.001830,95503.090343,eps_dominant,False
AGLLNWYALFTZL7GMPQ3SG5GDMU2A,1168,2904,3363,0.012610,0.000000,0.981430,0.957036,0.051188,-0.051188,inf,p_lb=0,False
AFDZHTMGWZDKNTVB6AHPKGKJUGKA,1169,4325,4147,0.012195,0.000000,0.981845,0.958107,0.046045,-0.046045,inf,p_lb=0,False
AFJ6J5LH2ZHMUBNKZ2ZBCHMIBE5Q,1170,8691,7375,0.014878,0.000000,0.981441,0.955044,0.034638,-0.034638,inf,p_lb=0,False
AH2FH5HWGIPPLROS6BUREDV4QRSA,1171,2996,2719,0.010802,0.000000,0.980659,0.954993,0.057050,-0.057050,inf,p_lb=0,False
AFHQMR4GISCIDXRDC4CQZ3J3DWQQ,1172,2893,3166,0.013736,0.000000,0.982246,0.956066,0.052810,-0.052810,inf,p_lb=0,False
AHG75CJHF5GCJ77QK2EMXAUHJB2Q,1173,4877,4707,0.012809,0.000000,0.981192,0.957036,0.043267,-0.043267,inf,p_lb=0,False
AEHXG2A4RYSV2XJUYWRJFI2NKJXQ,1174,2225,2787,0.007911,0.000000,0.979398,0.956066,0.056287,-0.056287,inf,p_lb=0,False
AH6OKKDZTOZOHR2LVILJ74CHT2VQ,1175,3820,4306,0.015106,0.000000,0.982489,0.959126,0.045139,-0.045139,inf,p_lb=0,False
AGQUADTG3F6ETSH4VLA4CR4OLHAA,1176,6542,6086,0.012371,0.000000,0.981099,0.958056,0.038011,-0.038011,inf,p_lb=0,False
AF6C2GUI6UUB3VMX4U2XYAXSS3NQ,1177,3654,3366,0.011509,0.000000,0.980844,0.954993,0.051275,-0.051275,inf,p_lb=0,False
AFTAXGFUHVRCHPOVABUAO25E7XUA,1178,15722,16457,0.014313,0.000000,0.981916,0.957036,0.023140,-0.023140,inf,p_lb=0,False
AFNGDYKFPMNYHOLW3NA5MZVNH2YQ,1179,1671,1733,0.009174,0.000000,0.979088,0.953970,0.071536,-0.071536,inf,p_lb=0,False
AE6JXZ2HEEC3RLKQ23MI2JSCXSNA,1180,12824,13500,0.012931,0.000000,0.982051,0.958107,0.025520,-0.025520,inf,p_lb=0,False
AGRS44BO4A3J7FGU4F2ZILIAKFVQ,1181,2283,2731,0.012048,0.000000,0.981674,0.958056,0.056743,-0.056743,inf,p_lb=0,False
AFK5U2KC2ZRRBIUBHW4E3YO3F33Q,1182,2277,3444,0.012225,0.000000,0.981950,0.958056,0.050529,-0.050529,inf,p_lb=0,False
AGRC7GGSEM62JUMADAPRDMWK63TA,1183,2041,3044,0.006812,0.000000,0.981082,0.957087,0.053801,-0.053801,inf,p_lb=0,False
AFCQYGNWZ7SBWXEMYGHHVHAIQTQQ,1184,2004,1808,0.008897,0.000000,0.980706,0.953970,0.070037,-0.070037,inf,p_lb=0,False
AEYE3J4SHQ3YLV3RMGOD5A5P3W4A,1185,2745,2553,0.011561,0.000000,0.981232,0.957087,0.058747,-0.058747,inf,p_lb=0,False
AESP437VVPHFP6RBUAMJGBJ5HWBQ,1186,2777,2883,0.011494,0.000000,0.979769,0.952946,0.055523,-0.055523,inf,p_lb=0,False
AEAMLJMAC4LQULYBJ2DTPX5OEXVA,1187,3000,3247,0.014608,0.000000,0.981518,0.958107,0.052036,-0.052036,inf,p_lb=0,False
AEM7GPBL4Y7H3ZCNPJUB2OW3ATNQ,1188,3181,3707,0.013201,0.000000,0.982250,0.960092,0.048600,-0.048600,inf,p_lb=0,False
AHTTGH3KRG7ZUA25GZBRP6BMZDSA,1189,3184,2348,0.010969,0.000000,0.981165,0.958107,0.061192,-0.061192,inf,p_lb=0,False
AGEBQTRBQCPGBAQOL6XWSFEFVRUQ,1190,2226,2211,0.009242,0.000000,0.981009,0.956066,0.063194,-0.063194,inf,p_lb=0,False
AFSCJNRG4BAGAB37REW4XCDPE6XA,1191,2384,1911,0.004057,0.000000,0.979823,0.954993,0.068050,-0.068050,inf,p_lb=0,False
AHT33VAQR6UV3UUOGCPC3ET673YA,1192,5848,6090,0.013324,0.000000,0.982062,0.958107,0.037996,-0.037996,inf,p_lb=0,False
AGCR22L7Z6D3FQ53TDA72URDVEBQ,1193,3710,2691,0.006745,0.000000,0.981276,0.959126,0.057099,-0.057099,inf,p_lb=0,False
AH5DFCQHCPC3QBPK3KR6CNP4YLOA,1194,3261,3577,0.013158,0.000000,0.981674,0.957087,0.049631,-0.049631,inf,p_lb=0,False
AF2PWYOOYK3LMRLIOCBJ6LE3DX6Q,1195,2745,2693,0.012195,0.000000,0.979648,0.955044,0.057322,-0.057322,inf,p_lb=0,False
AFFJ7H4P277YRPWTBAC4JBFER74A,1196,7599,8023,0.014896,0.000000,0.982092,0.957087,0.033139,-0.033139,inf,p_lb=0,False
AGXRJZF4ZQCEBYQ5XBXDIHEYK2VQ,1197,4132,2852,0.013532,0.000000,0.982082,0.959126,0.055464,-0.055464,inf,p_lb=0,False
AFF5UAKSAMEZ3S7LK4FFPORA7FHA,1198,3254,3088,0.013004,0.000000,0.982062,0.958107,0.053359,-0.053359,inf,p_lb=0,False
AHE2LA5UK43UFWG4KBTEWRJOW2WQ,1199,2340,2719,0.013908,0.000000,0.980553,0.954021,0.057108,-0.057108,inf,p_lb=0,False
AH4LDUPSQSGBBAV62MV7JZDD3C3Q,1200,7795,8432,0.013242,0.000000,0.981255,0.957087,0.032325,-0.032325,inf,p_lb=0,False
AERT3FM7G3AUFDK6E3JX376SL3NA,1201,2161,2527,0.009494,0.000000,0.980145,0.956015,0.059114,-0.059114,inf,p_lb=0,False
AHFT6NAJRZVRAUKTORFBSQNEVZ7A,1202,2791,2588,0.011589,0.000000,0.981387,0.958056,0.058289,-0.058289,inf,p_lb=0,False
AEGTLPNBZUJEA6BR4A3LXE52X5BQ,1203,1921,1983,0.010067,0.000000,0.979547,0.955044,0.066800,-0.066800,inf,p_lb=0,False
AHZ2C3PFO4Q77WAMLOEAHEW5P5GA,1204,2793,2509,0.013910,0.000000,0.981301,0.957087,0.059260,-0.059260,inf,p_lb=0,False
AFTKF2JPNFB2ZAWJETXBJ6W4VR7Q,1205,3820,3927,0.009317,0.000000,0.981678,0.957036,0.047370,-0.047370,inf,p_lb=0,False
AHOBH5YUOKWV6LVGXXGFQAMMXPZA,1206,3238,3774,0.006515,0.000000,0.981579,0.956066,0.048370,-0.048370,inf,p_lb=0,False
AHFC4BD2K2H3IE3ACGN55PEWZ6ZA,1207,3520,3161,0.012346,0.000000,0.981204,0.954993,0.052911,-0.052911,inf,p_lb=0,False
AGYHLJASD24NIACHNWFJ2HB3S4NA,1208,3083,3468,0.013468,0.000000,0.981096,0.956015,0.050461,-0.050461,inf,p_lb=0,False
AGJCZ3TS5CHMAP4DVRV2752DQ3NA,1209,23836,21092,0.016949,0.002535,0.982122,0.956066,0.020460,-0.018143,1502779.679085,eps_dominant,False
AELULHKCHXEN3KZFXTJ6DXT2B23A,1210,1752,2350,0.005961,0.000000,0.978819,0.952997,0.061494,-0.061494,inf,p_lb=0,False
AHVRRL55VO5RWGTQCYTFWPABYK3Q,1211,1932,2882,0.011194,0.000000,0.980567,0.957087,0.055292,-0.055292,inf,p_lb=0,False
AEO3V6QEVI6RWUKVT2JDK43FEIVQ,1212,9934,9248,0.013310,0.000000,0.981680,0.959126,0.030801,-0.030801,inf,p_lb=0,False
AFVAHM7UHYS562TQASNXXH6OJNTQ,1213,2631,3026,0.014286,0.000000,0.980565,0.957036,0.053963,-0.053963,inf,p_lb=0,False
AFSTOVVHI7L7M33YMB7M5O32HVOQ,1214,2598,2316,0.012346,0.000000,0.979485,0.956015,0.061749,-0.061749,inf,p_lb=0,False
AGV5XLEMIEYQBKNM33RTOUZMJEHQ,1215,7453,9422,0.014875,0.000000,0.981739,0.959075,0.030517,-0.030517,inf,p_lb=0,False
AHRQMBNY7MR2QI6KP5AZC4JFT6UA,1216,2024,2849,0.004354,0.000000,0.980002,0.956066,0.055671,-0.055671,inf,p_lb=0,False
AHZJLFGVOQUG2HNSYI6YCCLPULSQ,1217,3843,4108,0.011450,0.000000,0.982024,0.958056,0.046265,-0.046265,inf,p_lb=0,False
AGIPMVG2HKWT5CASTZYS4TAB22BQ,1218,4521,3724,0.016478,0.000000,0.981399,0.958056,0.048592,-0.048592,inf,p_lb=0,False
AE4MO7FRNNELRSJORASJOQZAPPYQ,1219,3810,4525,0.013429,0.000000,0.981731,0.956066,0.044174,-0.044174,inf,p_lb=0,False
AE4ATYLRRBTI6V3TLHSUHN333JQQ,1220,2369,2642,0.009036,0.000000,0.979715,0.954993,0.057875,-0.057875,inf,p_lb=0,False
AH6AELLIKYB4TELTHF6E6EEATWUA,1221,3323,2750,0.014599,0.000000,0.982205,0.957087,0.056604,-0.056604,inf,p_lb=0,False
AHOPCYGHHBN3KNMW3NQD5UHUT6WA,1222,3751,3199,0.011307,0.000000,0.981970,0.958107,0.052425,-0.052425,inf,p_lb=0,False
AHCJBVEXBM7TIHUERG7CKWYCL65Q,1223,5877,5527,0.012403,0.000000,0.981517,0.958107,0.039884,-0.039884,inf,p_lb=0,False
AFLNBA4LFMALO4O7TDCC3DGTJGMQ,1224,2782,3118,0.010855,0.000000,0.980260,0.954021,0.053329,-0.053329,inf,p_lb=0,False
AG35UADO45DOVFVQMOZH6RXPZLMA,1225,21802,24144,0.017407,0.003935,0.982302,0.958107,0.019083,-0.015471,618603.564958,eps_dominant,False
AG5O64U2B5UFOKJRGLE4PUQPGRPA,1226,6415,5779,0.011134,0.000000,0.981644,0.959126,0.038964,-0.038964,inf,p_lb=0,False
AEIIRIHLIYKQGI7ZOCIJTRDF5NPQ_2_2_2_2,1227,3297,3633,0.007752,0.000000,0.981179,0.955044,0.049352,-0.049352,inf,p_lb=0,False
AHL5W2EJFB3L67256O3TWWTPYIQQ,1228,6953,5192,0.016717,0.000000,0.981401,0.957036,0.041197,-0.041197,inf,p_lb=0,False
AHVLJYVLQA2VXUH4OZQGICPAXJQQ,1229,3235,2330,0.006678,0.000000,0.980710,0.957087,0.061494,-0.061494,inf,p_lb=0,False
AHOZBW6EPOKE5CZRYSKI5TS2CTHA,1230,3012,3486,0.012182,0.000000,0.981349,0.957087,0.050274,-0.050274,inf,p_lb=0,False
AHOEMNCGNZJMIS5RHBTTKMDDQU3A,1231,3692,3052,0.013905,0.000000,0.981548,0.957087,0.053730,-0.053730,inf,p_lb=0,False
AGGR3VHAMSJ4OSO3D6ZPVQI4GPSA,1232,1944,1934,0.005693,0.000000,0.979344,0.954021,0.067713,-0.067713,inf,p_lb=0,False
AGF36XKODXVUO37SKAH2L7ZBCKDA,1233,2416,2449,0.006859,0.000000,0.979702,0.955044,0.060110,-0.060110,inf,p_lb=0,False
AELUTBS3LRR5WHUB7JJ4UXR3QHPA,1234,19558,21596,0.017737,0.003492,0.981767,0.958107,0.020177,-0.016971,785225.115165,eps_dominant,False
AGRXUQPMAAWZGTKUX7I6Z5SRPNRA,1235,3224,2627,0.014265,0.000000,0.982135,0.960092,0.057732,-0.057732,inf,p_lb=0,False
AEEAZKLT6GBSGS25II5F4J4DMRQA,1236,6168,5989,0.014501,0.000000,0.981752,0.957087,0.038356,-0.038356,inf,p_lb=0,False
AEATS3SIIP2OTQBJ4LHYHQOG3I4Q,1237,2858,3464,0.013086,0.000000,0.980922,0.955044,0.050542,-0.050542,inf,p_lb=0,False
AHSILE3TNQYFAN3IO2E56JHAHPLQ,1238,3038,3611,0.012876,0.000000,0.980447,0.956015,0.049452,-0.049452,inf,p_lb=0,False
AG4Z6BH4X6MJ6COGZACYHWG64BQQ,1239,3020,2533,0.013495,0.000000,0.980628,0.956015,0.059044,-0.059044,inf,p_lb=0,False
AEMBIV4YIGEVCUIBVOB32YW7EP6A,1240,3903,4297,0.012733,0.000000,0.981389,0.957087,0.045282,-0.045282,inf,p_lb=0,False
AFSJQ4ZG3CCS4QUEKLK45U674W3Q,1241,2852,3113,0.008739,0.000000,0.980898,0.954993,0.053318,-0.053318,inf,p_lb=0,False
AGDFISPKRXDRTJKVD7IC3YHV4DDQ,1242,5647,5817,0.019608,0.000000,0.982680,0.960092,0.038797,-0.038797,inf,p_lb=0,False
AFAGLQ3MJPGL5736PU4ECCH6JIDA,1243,30030,29822,0.014187,0.002066,0.982186,0.957087,0.017189,-0.015297,2254517.477561,eps_dominant,False
AEKTZHUNZXYWCDD36JALVK2TD4EQ,1244,5045,5640,0.013343,0.000000,0.981740,0.958056,0.039485,-0.039485,inf,p_lb=0,False
AENEVJH3U3MYSPDNE6VBEQCW2V4Q,1245,14878,14219,0.017783,0.000228,0.982093,0.955044,0.024946,-0.024739,187226281.291960,eps_dominant,False
AFEUEN7AOX77PZORRXFJQWMJI6XQ,1246,1898,2670,0.012431,0.000000,0.981773,0.954021,0.057630,-0.057630,inf,p_lb=0,False
AHKACFCW4KYP6BJ62Q6HMKFDYHBQ,1247,3098,1664,0.006383,0.000000,0.981582,0.958107,0.072689,-0.072689,inf,p_lb=0,False
AFXRCCU4R5UMKN2P45WIQSHM3QFA,1248,2943,4123,0.014273,0.000000,0.981526,0.959126,0.046130,-0.046130,inf,p_lb=0,False
AF4U2EVGU45J5Z5EM2WHDZGYYWQA,1249,1673,1689,0.011765,0.000000,0.978803,0.955044,0.072381,-0.072381,inf,p_lb=0,False
AE4TJ3IWED27NYKWYQH5RTLNIX4A,1250,3744,3383,0.009512,0.000000,0.979900,0.951920,0.051311,-0.051311,inf,p_lb=0,False
AFURFNCCY2Y6D3ZRTC4VBPTIHC6A,1251,4508,3751,0.005312,0.000000,0.981037,0.958107,0.048414,-0.048414,inf,p_lb=0,False
AFH6N5LK3FTDXNGDCZTIFLRWRNSA,1252,11160,12182,0.012383,0.000000,0.981511,0.957036,0.026895,-0.026895,inf,p_lb=0,False
AFE4S4MR4EUYAWDYTZKZUXZLIOJA,1253,3768,2816,0.008000,0.000000,0.981931,0.958056,0.055880,-0.055880,inf,p_lb=0,False
AFBO6XWKZVDRE7B3ETC3AOHH5ZUQ,1254,3652,4020,0.012859,0.000000,0.981967,0.959075,0.046719,-0.046719,inf,p_lb=0,False
AF4UQSKR4A5TNIVQOPNWVG537VYA,1255,8244,6809,0.011798,0.000000,0.981514,0.958107,0.035934,-0.035934,inf,p_lb=0,False
AHJHUJ3TOHAZIBPBC5R3AMAKVOZA,1256,2452,1672,0.002083,0.000000,0.980438,0.954021,0.072826,-0.072826,inf,p_lb=0,False
AHEFZAD4EXD53A5JDV3M522PVBNA,1257,2029,3301,0.007238,0.000000,0.979676,0.956066,0.051719,-0.051719,inf,p_lb=0,False
AECD3MOEUCDRONERMGCM2ZVD6F4Q,1258,4449,5622,0.014706,0.000000,0.981449,0.957087,0.039588,-0.039588,inf,p_lb=0,False
AG272WR6P7SPB7U4RJZN2KT7NJNA,1259,3901,3607,0.013483,0.000000,0.982169,0.958107,0.049371,-0.049371,inf,p_lb=0,False
AFBCQAK7NZ6DED27O6OEIE7WDLXQ,1260,2971,3062,0.008929,0.000000,0.980897,0.957036,0.053645,-0.053645,inf,p_lb=0,False
AELHJGJ7U27236OSGNIRZI7ZJDCQ,1261,6564,8217,0.018313,0.000000,0.981522,0.957087,0.032746,-0.032746,inf,p_lb=0,False
AHCRGCRHE5P67RFURJVV6QDQDGOA,1262,3216,3391,0.011710,0.000000,0.980584,0.954021,0.051137,-0.051137,inf,p_lb=0,False
AGMD2HXCJJ4AGXVO5KGN7WQOQV6A,1263,3569,3321,0.009615,0.000000,0.982309,0.959126,0.051399,-0.051399,inf,p_lb=0,False
AEYCKQHBXZOM7Q2RNZNGRFEGUYVA,1264,2799,3785,0.016018,0.000000,0.982329,0.959126,0.048145,-0.048145,inf,p_lb=0,False
AG5XOIPAFARFQZWOMMNCV5YJR2HA,1265,9471,10509,0.019166,0.000000,0.981568,0.955044,0.029017,-0.029017,inf,p_lb=0,False
AFFEEXTDI7JMBJOWTDR2FO4NAR4Q,1266,2841,2154,0.014898,0.000000,0.981652,0.958056,0.063892,-0.063892,inf,p_lb=0,False
AHFCHDSPGTU44DGNSEG35DZI5OPA,1267,3041,2127,0.010830,0.000000,0.980498,0.956015,0.064434,-0.064434,inf,p_lb=0,False
AFJ6BZFH6T6LBXYN5NKMBPTHRGDA,1268,10405,8380,0.009749,0.000000,0.981843,0.957087,0.032426,-0.032426,inf,p_lb=0,False
AHV4U76XGHXA4RBBXSPEENTVH2YQ,1269,2398,2515,0.011218,0.000000,0.981387,0.958107,0.059126,-0.059126,inf,p_lb=0,False
AGAFAPQHCHOS6ZLKAVAPECFA255Q,1270,2051,2126,0.013536,0.000000,0.981326,0.957087,0.064377,-0.064377,inf,p_lb=0,False
AGI2G6MQK6Q7FLG2ADTUAOZAVRIA,1271,2856,2258,0.005199,0.000000,0.980856,0.955044,0.062600,-0.062600,inf,p_lb=0,False
AERYYQ2LT6B427JFUK626KQY3ESA,1272,1879,2294,0.007163,0.000000,0.979823,0.957087,0.061974,-0.061974,inf,p_lb=0,False
AGTO42RTO6VEMPRGFQVJR2C5FO2A,1273,2953,3355,0.015152,0.000000,0.981324,0.957087,0.051246,-0.051246,inf,p_lb=0,False
AHQAG7ATRW7YK5TUB2ZVQWWOXAMA,1274,9470,8529,0.014856,0.000000,0.981702,0.957087,0.032141,-0.032141,inf,p_lb=0,False
AECVQTO3MO3E7PVSCJRZRK32KSVQ,1275,2692,2448,0.007032,0.000000,0.980234,0.954021,0.060186,-0.060186,inf,p_lb=0,False
AG2CAO33QCYTZDINR5MZZGTU2KMQ,1276,2913,2576,0.006088,0.000000,0.979991,0.955044,0.058609,-0.058609,inf,p_lb=0,False
AHJXWTHKMS2QKSB5B62MQLX6E6BA,1277,2651,2679,0.007895,0.000000,0.980033,0.952946,0.057598,-0.057598,inf,p_lb=0,False
AFAPFV4YW5JPXMWF3GHU7GHVAPSQ,1278,3445,3388,0.011468,0.000000,0.981023,0.954993,0.051108,-0.051108,inf,p_lb=0,False
AGFVNGZJ4XEFX2ULJNDCWJYRHQVA,1279,5053,4371,0.009378,0.000000,0.981916,0.958107,0.044849,-0.044849,inf,p_lb=0,False
AGCV6N4LVTEQVYSE3LXR3J2QB3EA,1280,3998,3873,0.007595,0.000000,0.979799,0.954021,0.047850,-0.047850,inf,p_lb=0,False
AGNFZANPQ3AFG5GSJXVDDD3Y327A,1281,3444,4087,0.016360,0.000000,0.982066,0.959126,0.046332,-0.046332,inf,p_lb=0,False
AFXHGUZKJZEZZZEH5YAITJK3PHLA,1282,1867,3040,0.008163,0.000000,0.980931,0.957036,0.053839,-0.053839,inf,p_lb=0,False
AGWIS5A24VOTIOS7K7TYJCV6JG6A,1283,3256,3342,0.010650,0.000000,0.982152,0.959126,0.051237,-0.051237,inf,p_lb=0,False
AEP2BCSP2ZGM43QEZ6ROUD4LU6SA,1284,2086,2307,0.004983,0.000000,0.981110,0.957087,0.061800,-0.061800,inf,p_lb=0,False
AHBZZ6IQBKL7ELZQARE6JJEQ3KFA,1285,1859,1683,0.007463,0.000000,0.978978,0.952997,0.072665,-0.072665,inf,p_lb=0,False
AH5OZYVAPLO374DQNA67WQM3YXYQ,1286,5633,5782,0.011935,0.000000,0.980612,0.956066,0.039078,-0.039078,inf,p_lb=0,False
AF336LFHKFAT2ARXGUP2B25IUDEQ,1287,2143,2159,0.005119,0.000000,0.979492,0.954021,0.064088,-0.064088,inf,p_lb=0,False
AFBGNN7LG7RWXPFFJT4FQ7ER2RVQ,1288,3263,3485,0.015276,0.000000,0.981862,0.958056,0.050231,-0.050231,inf,p_lb=0,False
AH2SBB2BLWBT2UGU26STUBIODORA,1289,14379,13643,0.018289,0.000367,0.982679,0.958107,0.025386,-0.025049,71085864.991680,eps_dominant,False
AEC6HDXIX3DNXWUVERZB4DGKFN2Q,1290,2778,3697,0.010976,0.000000,0.981641,0.957036,0.048821,-0.048821,inf,p_lb=0,False
AECPXFEX6RCWCRBOIJKTR5LFXW6Q,1291,2592,2063,0.006981,0.000000,0.978922,0.954021,0.065562,-0.065562,inf,p_lb=0,False
AF4NJ5SIZE5N2HHRXFQ44SUMUR2A,1292,2649,3854,0.014130,0.000000,0.981447,0.958056,0.047766,-0.047766,inf,p_lb=0,False
AHBIUEEPAZGLW5RYBIN6VWBKGCTQ,1293,2848,3186,0.006570,0.000000,0.981208,0.959024,0.052482,-0.052482,inf,p_lb=0,False
AGIDY4VPPLTRNUTZVACY73TPSRRA,1294,3312,4716,0.006700,0.000000,0.981381,0.959075,0.043134,-0.043134,inf,p_lb=0,False
AGDOLKQB35QQ45G23MU43JANJXYA,1295,4313,3793,0.016447,0.000000,0.982355,0.958107,0.048146,-0.048146,inf,p_lb=0,False
AEJFH5EM7LQZT6FU6WVH5WAA75TA,1296,3194,2375,0.010582,0.000000,0.980054,0.952997,0.061170,-0.061170,inf,p_lb=0,False
AE6R56K6EDZDRW4EKFIQDJD63D5A,1297,3411,2802,0.011976,0.000000,0.981744,0.957087,0.056076,-0.056076,inf,p_lb=0,False
AHQ5BCBPDVPYKSYZKDGQILZGV7BA,1298,3166,2632,0.014205,0.000000,0.982022,0.958107,0.057797,-0.057797,inf,p_lb=0,False
AGYVOMCCUTU6NZIB64KPBDIUJ7CQ,1299,3213,2500,0.015385,0.000000,0.981605,0.958107,0.059303,-0.059303,inf,p_lb=0,False
AGFFCGQTNV2DUYSKVMV3QMI7MJXQ,1300,63548,58221,0.017975,0.009299,0.981899,0.959024,0.012277,-0.003725,110341.057504,eps_dominant,False
AHV65Z27776ECWFAT6I7YHKHOXRQ,1301,4403,5498,0.014000,0.000000,0.981471,0.956066,0.040075,-0.040075,inf,p_lb=0,False
AFGADOWDD6MKTJPVLK5J7A6EDGTA,1302,3127,2796,0.011834,0.000000,0.980807,0.956066,0.056196,-0.056196,inf,p_lb=0,False
AHW3QE64EJPTPOOONT2DRK2IZB3Q,1303,2157,2937,0.009434,0.000000,0.980582,0.955044,0.054889,-0.054889,inf,p_lb=0,False
AE6KH7MCDOWZY7BEPTRSGJYRHLPA,1304,2919,2712,0.007013,0.000000,0.980223,0.956066,0.057060,-0.057060,inf,p_lb=0,False
AHMMKUC45DQRZYD2GB6WPK55TTAA,1305,2515,2458,0.006757,0.000000,0.980414,0.955044,0.059999,-0.059999,inf,p_lb=0,False
AGLWDF5SJNRNIW2HHSD6ZPADUHQQ,1306,10513,10209,0.015014,0.000000,0.981438,0.957087,0.029378,-0.029378,inf,p_lb=0,False
AEGABBE6I2JG6OBOSWBDN2UEZ6QA,1307,3130,3009,0.014589,0.000000,0.982050,0.960143,0.053940,-0.053940,inf,p_lb=0,False
AHGRYJ7HP64RBYCPJZYPA5GF2ANQ,1308,4336,5140,0.015432,0.000000,0.982337,0.957087,0.041403,-0.041403,inf,p_lb=0,False
AEWC4UI7SLIRXMSCFG2OLYL5MZDQ,1309,2056,1618,0.010482,0.000000,0.979437,0.953970,0.074035,-0.074035,inf,p_lb=0,False
AEA6LITXZF4QDOYNA7TUICM2JDNQ,1310,2942,2476,0.009146,0.000000,0.980028,0.956066,0.059717,-0.059717,inf,p_lb=0,False
AGUKKXCIG4H6Z545KTQD4RZ7KLKQ,1311,3374,2830,0.012448,0.000000,0.980899,0.956066,0.055857,-0.055857,inf,p_lb=0,False
AE54F2G7I53WS3XNUHIQDZZKGAMA,1312,2431,3140,0.012500,0.000000,0.981903,0.958056,0.052918,-0.052918,inf,p_lb=0,False
AHPRTK5ES5L3TUUAGGW7AQBGRKYA,1313,2873,3261,0.010357,0.000000,0.980801,0.957087,0.051980,-0.051980,inf,p_lb=0,False
AHRFH6XYBMFHP3W3BFXG5MI43WYQ,1314,2355,2728,0.009346,0.000000,0.980944,0.958107,0.056771,-0.056771,inf,p_lb=0,False
AGKYFKZ54CFEXGQTDIDWBHSDLITQ,1315,2973,2793,0.012129,0.000000,0.981641,0.958056,0.056109,-0.056109,inf,p_lb=0,False
AHBXTSYI3ZKDKTL7IRBFGNSNR5YQ,1316,10985,11183,0.012470,0.000000,0.981224,0.956066,0.028099,-0.028099,inf,p_lb=0,False
AEXLG6VRCCCJSLIXO4UNWAZRMDRQ,1317,3047,3490,0.007003,0.000000,0.981422,0.957087,0.050245,-0.050245,inf,p_lb=0,False
AEO6S5KUCKRTHOYDS75RKO56ZDFQ,1318,4560,3891,0.012000,0.000000,0.981340,0.957087,0.047586,-0.047586,inf,p_lb=0,False
AGLTAZDPS4TNATVZ4CP5VWORPOJQ,1319,1677,1815,0.008278,0.000000,0.979562,0.954021,0.069898,-0.069898,inf,p_lb=0,False
AG466BQZPTBIC3LJDRP2TUPUT5PA,1320,3904,4490,0.012648,0.000000,0.981005,0.957036,0.044301,-0.044301,inf,p_lb=0,False
AHN2KLI3UWLU73E74DDQ3DWIV76Q,1321,3072,3090,0.012587,0.000000,0.980839,0.956066,0.053456,-0.053456,inf,p_lb=0,False
AFNE6MBW25IUAQ2QHVJD2HKCAU5A,1322,2688,2770,0.012210,0.000000,0.981056,0.958107,0.056339,-0.056339,inf,p_lb=0,False
AE2FWGSXDSXHVR2CBU2NZN4QVK6A,1323,2382,2836,0.007576,0.000000,0.979804,0.954993,0.055861,-0.055861,inf,p_lb=0,False
AF4D4XTHGULOTY56CV3C2T5WPSEA,1324,7672,8260,0.015654,0.000000,0.982259,0.957087,0.032660,-0.032660,inf,p_lb=0,False
AFYMXJ7EMNIQ6WGSNFTVHOZKWQDQ,1325,2634,3307,0.009615,0.000000,0.979803,0.954021,0.051783,-0.051783,inf,p_lb=0,False
AEOAK4Q3UKTDY5H2WPVJBXGSZ4DA,1326,4088,5066,0.011601,0.000000,0.981579,0.958056,0.041662,-0.041662,inf,p_lb=0,False
AEP3IOWKDRLXJ66COSHMNNKUDU6Q,1327,1973,1817,0.005660,0.000000,0.979596,0.955044,0.069785,-0.069785,inf,p_lb=0,False
AHEDV6GYYDSJAT5GYDMXV2N77SZA,1328,14895,14488,0.018505,0.001113,0.982607,0.958107,0.024634,-0.023613,7727881.428438,eps_dominant,False
AGE75E7SSHUQMNWXOCMOELFIFO3Q,1329,3108,3491,0.013038,0.000000,0.981551,0.957087,0.050238,-0.050238,inf,p_lb=0,False
AGGCPQDKGFJKSLR7CZ6RTFK2KWPQ,1330,2010,2881,0.014144,0.000000,0.981761,0.958107,0.055243,-0.055243,inf,p_lb=0,False
AFLDVQ2MD27WFGPH5HJ66GI7PO2Q,1331,8745,9412,0.015638,0.000000,0.981082,0.956066,0.030629,-0.030629,inf,p_lb=0,False
AEYHM4G2YAHQL7B4PGF2FMET2V3A,1332,6147,5312,0.012204,0.000000,0.981088,0.956066,0.040770,-0.040770,inf,p_lb=0,False
AF3G5F3GQU366HIBEV5MUQSJ6NLQ,1333,2378,2308,0.011146,0.000000,0.981928,0.959075,0.061658,-0.061658,inf,p_lb=0,False
AFHL6PSAYCUPYVEUFD5MZT2IZ3WQ,1334,2906,3401,0.006952,0.000000,0.981057,0.955044,0.051008,-0.051008,inf,p_lb=0,False
AGFUGF7QX5W4NIJ5NJISSMNZIILA,1335,11467,11050,0.016328,0.000000,0.982496,0.959126,0.028178,-0.028178,inf,p_lb=0,False
AFQ3NFIIGSWMRKJNKGBKZOFT3HOQ,1336,4447,4373,0.011026,0.000000,0.980232,0.957087,0.044887,-0.044887,inf,p_lb=0,False
AFSHXT5PTGDSFW2725SDXIE6ZVEA,1337,7444,8524,0.013761,0.000000,0.981122,0.959075,0.032084,-0.032084,inf,p_lb=0,False
AFKJIGE3HZAFTL4FSPSSCIRIXUWQ,1338,2228,3249,0.010526,0.000000,0.981180,0.957087,0.052076,-0.052076,inf,p_lb=0,False
AFMIXKJH3NIEPKC427AQJQ2OYRIQ,1339,2793,1815,0.009488,0.000000,0.979679,0.956015,0.069752,-0.069752,inf,p_lb=0,False
AHJSQA5D46FZG52CO4WPJTGRMIBQ,1340,2302,2882,0.007624,0.000000,0.980234,0.956066,0.055351,-0.055351,inf,p_lb=0,False
AGLRNNNTTQ5OXYGDZPORZS7H7IEA,1341,3327,3634,0.008430,0.000000,0.981717,0.956066,0.049292,-0.049292,inf,p_lb=0,False
AEDTAKNYLGQ5IDBKDNMAJZUJQMCA,1342,2362,1632,0.006438,0.000000,0.979655,0.956066,0.073555,-0.073555,inf,p_lb=0,False
AFG3Q6HMKVB4NKWFCX6ZJ7F4Q43Q,1343,2595,2498,0.010511,0.000000,0.980261,0.956066,0.059453,-0.059453,inf,p_lb=0,False
AGUKAMZZ3F5B77IFMMPEX2ZVJXVA,1344,3652,3417,0.007874,0.000000,0.980181,0.955044,0.050888,-0.050888,inf,p_lb=0,False
AGMUZHMOOWUY5UEIOBDMCOFVEVWA,1345,3265,3104,0.011278,0.000000,0.981324,0.957087,0.053278,-0.053278,inf,p_lb=0,False
AHPHBCCRZXGV5LTLHLUKWEBSMMNQ,1346,1627,1596,0.008065,0.000000,0.977534,0.948889,0.074943,-0.074943,inf,p_lb=0,False
AEVKA3YV63VVVWAEGQZOMUGMLM6Q,1347,2261,2314,0.010786,0.000000,0.980490,0.956066,0.061772,-0.061772,inf,p_lb=0,False
AG73BVBKUOH22USSFJA5ZWL7AKXA,1348,28892,28912,0.017815,0.005504,0.981353,0.956015,0.017477,-0.012446,318902.062276,eps_dominant,False
AH73XF37K7J2NQJZCZQHBH4KHPVQ,1349,5412,5237,0.010989,0.000000,0.981173,0.959075,0.040932,-0.040932,inf,p_lb=0,False
AG2M4OCGUVLPSEJ577XQS6XTIENA,1350,2057,2386,0.011401,0.000000,0.980053,0.956015,0.060836,-0.060836,inf,p_lb=0,False
AFKJM6BMDOHCOTAR7MV3BJIEGHUQ,1351,2922,2805,0.012214,0.000000,0.981341,0.956015,0.056109,-0.056109,inf,p_lb=0,False
AGNLPA354S3FXAGZ3FQP37X2MLZA,1352,4590,4015,0.011270,0.000000,0.981335,0.955044,0.046946,-0.046946,inf,p_lb=0,False
AFBUKVT3KQFLL4X536HS4KKBBJ7Q,1353,1379,1354,0.008147,0.000000,0.978046,0.950945,0.081189,-0.081189,inf,p_lb=0,False
AF5HPPMUDYGZSNCQR2QZAU3G47KA,1354,4798,5817,0.013485,0.000000,0.982069,0.959126,0.038836,-0.038836,inf,p_lb=0,False
AGHWTXXBNKD7LD5VJ5TNEM7VKMGA,1355,5806,4874,0.011895,0.000000,0.981339,0.957087,0.042517,-0.042517,inf,p_lb=0,False
AGO2N635I4RNMKT5SM7XONDVKVDA,1356,2746,2971,0.009358,0.000000,0.980863,0.957036,0.054460,-0.054460,inf,p_lb=0,False
AF32ZDFW7OEPS5CRF23FLNYR4NNA,1357,5323,4948,0.012688,0.000000,0.981004,0.957087,0.042198,-0.042198,inf,p_lb=0,False
AHV3RB5O4GME6B7NTVO4YBPSNZ3Q,1358,5563,4824,0.013853,0.000000,0.980688,0.956015,0.042785,-0.042785,inf,p_lb=0,False
AFO33UNM62QYS3SHDST3HB2SXSXQ,1359,5468,5506,0.013205,0.000000,0.981164,0.958056,0.039962,-0.039962,inf,p_lb=0,False
AERBXNFQCS5OD6LJOIXMRDPTOVHQ,1360,5835,6104,0.014116,0.000000,0.980856,0.955044,0.038074,-0.038074,inf,p_lb=0,False
AHP2CN6EJU5VZTG5ECREA4N4374Q,1361,1390,1731,0.006154,0.000000,0.978234,0.952946,0.071655,-0.071655,inf,p_lb=0,False
AEQOF6IINLJ7YDIGCTZUORSL3G3Q,1362,4630,4401,0.007805,0.000000,0.981235,0.957036,0.044746,-0.044746,inf,p_lb=0,False
AE3NUDU6BJXXX2VRLUSITEP7XLLA,1363,2209,3231,0.010817,0.000000,0.980183,0.954993,0.052335,-0.052335,inf,p_lb=0,False
AGBOPM4PLYNYRDHQSSYC4VZ5OSQA,1364,2616,2736,0.011628,0.000000,0.981933,0.957087,0.056748,-0.056748,inf,p_lb=0,False
AEPYWDCGHXUF43RCWSTXOFUWO5DA,1365,3283,2618,0.007418,0.000000,0.981889,0.959126,0.057890,-0.057890,inf,p_lb=0,False
AEV7Q27IHW3CU2NGA5NMHVHTLIAQ,1366,6167,5782,0.011503,0.000000,0.982113,0.959126,0.038954,-0.038954,inf,p_lb=0,False
AG3RPMHL2RU5CPZSOAJ5CFNKXUDA,1367,3325,2302,0.010363,0.000000,0.980594,0.956066,0.061933,-0.061933,inf,p_lb=0,False
AEYSO6GNRBHDXBDQ643LNCN5W7VA,1368,4411,4347,0.013564,0.000000,0.980918,0.957087,0.045021,-0.045021,inf,p_lb=0,False
AH57P62SKJK2C5GQTELAAMKHXNDA,1369,2645,3161,0.007576,0.000000,0.980673,0.956015,0.052855,-0.052855,inf,p_lb=0,False
AFUQQLRXSVSFDBXUQZ4URHKQKRGA,1370,5389,4435,0.013321,0.000000,0.981424,0.958107,0.044525,-0.044525,inf,p_lb=0,False
AFHIQ5JHFHHIGV35KUMBBGG3DR6A,1371,6211,7037,0.013605,0.000000,0.980554,0.957036,0.035387,-0.035387,inf,p_lb=0,False
AF5IPFMQAGD2KQGFA2A5C2ZTL4EA,1372,2455,3066,0.007576,0.000000,0.980987,0.958107,0.053550,-0.053550,inf,p_lb=0,False
AGLLMUJKBGNOTCXFUGIWZIJ36DQQ,1373,3961,4387,0.013035,0.000000,0.981251,0.955044,0.044911,-0.044911,inf,p_lb=0,False
AGIUTASQIZG4S2PUDUGAG7HQG3BQ,1374,6555,6265,0.013205,0.000000,0.981790,0.956066,0.037542,-0.037542,inf,p_lb=0,False
AFXP3NUDK7W54E34YKGYXRUTQAMA,1375,3184,4478,0.014035,0.000000,0.981223,0.957087,0.044358,-0.044358,inf,p_lb=0,False
AGFIWQCX7U3W3KI5I35ZLWM3U5UA,1376,2642,3028,0.014144,0.000000,0.981513,0.959075,0.053831,-0.053831,inf,p_lb=0,False
AFOWQBW75UWW2GHYN5QTFXB26VCQ,1377,3435,3672,0.015677,0.000000,0.982193,0.958056,0.048935,-0.048935,inf,p_lb=0,False
AGLTT73PZMVDSUJFFTYEF5HVSJJQ,1378,5070,5462,0.010417,0.000000,0.981108,0.958056,0.040123,-0.040123,inf,p_lb=0,False
AFCAOJBDIAIIQUFMWEPZ4NCEL2PQ,1379,18019,19133,0.015226,0.000093,0.981001,0.957087,0.021459,-0.021375,1121556550.301589,eps_dominant,False
AGPABQQDRRRPUBGVBYLYI3SWQG6A,1380,2358,2081,0.007326,0.000000,0.980523,0.958056,0.065003,-0.065003,inf,p_lb=0,False
AF2JKSIENLMZEGLO64PRL4FDTJ6A,1381,3839,3054,0.009756,0.000000,0.980090,0.954021,0.053885,-0.053885,inf,p_lb=0,False
AGDCRCVUB6LYO6CXHSVPT5XZMCJA,1382,4189,3786,0.014239,0.000000,0.980612,0.956015,0.048295,-0.048295,inf,p_lb=0,False
AFKDXWXTNQYE2C4VR3P26KAJD2WA,1383,3181,2886,0.014104,0.000000,0.981944,0.959126,0.055136,-0.055136,inf,p_lb=0,False
AFVDR7FS4UTDJWM5V47NDLAVYU2A,1384,5974,5471,0.010546,0.000000,0.981170,0.959075,0.040047,-0.040047,inf,p_lb=0,False
AFJOMEO76DJK7F6SGPDHLT3SUIQQ,1385,4022,2858,0.007776,0.000000,0.980875,0.957087,0.055524,-0.055524,inf,p_lb=0,False
AHEHLZUNXPCYESYZNAAJXKOIU6GQ,1386,12657,12609,0.012613,0.000000,0.980986,0.956066,0.026463,-0.026463,inf,p_lb=0,False
AEYFFQGA7LUFW7NGTRUVNERLH54A,1387,3139,2705,0.010256,0.000000,0.981515,0.958107,0.057012,-0.057012,inf,p_lb=0,False
AHSJV4Z2EO6XENPW32PHQA7PB4RQ,1388,2118,2629,0.008163,0.000000,0.978979,0.955044,0.058015,-0.058015,inf,p_lb=0,False
AESDV676IPKF5Z2C2JJHNZDXZ4NA,1389,2385,2773,0.010499,0.000000,0.980154,0.956066,0.056428,-0.056428,inf,p_lb=0,False
AET3HBH7XFS3TB22INRW6VAXR5CQ,1390,2050,1963,0.005505,0.000000,0.979779,0.954993,0.067143,-0.067143,inf,p_lb=0,False
AGX4ZW5XDWPHZL56BSRPPAI2UM6Q,1391,2093,2202,0.010417,0.000000,0.980809,0.958056,0.063192,-0.063192,inf,p_lb=0,False
AHT5AURVAX2HRDSOVA2BESFCYZVA,1392,2121,2321,0.010563,0.000000,0.980139,0.956066,0.061679,-0.061679,inf,p_lb=0,False
AFRUBJ22O26J35OD5MJLBC6RUJKQ,1393,6676,6610,0.012995,0.000000,0.981796,0.958107,0.036471,-0.036471,inf,p_lb=0,False
AEJUY5D3YNQ3FAOIZP3FBOJMPCCQ,1394,5275,4685,0.017413,0.000000,0.982128,0.960143,0.043229,-0.043229,inf,p_lb=0,False
AF6BBUEAIGJA5DFFU6SJ7NMENM4Q,1395,3131,3407,0.011494,0.000000,0.981104,0.958056,0.050802,-0.050802,inf,p_lb=0,False
AHQRX6QQ63E5PMU3ZHS7DFO2D3ZA,1396,9680,10888,0.015552,0.000000,0.982494,0.958107,0.028417,-0.028417,inf,p_lb=0,False
AHESN2ZE5PUWBGGLEHFSHSSS3WHA,1397,3569,4445,0.015192,0.000000,0.981678,0.957036,0.044524,-0.044524,inf,p_lb=0,False
AFXKCGO537IZNJ7PULRMGKGU67RQ,1398,4565,5169,0.013592,0.000000,0.981925,0.954993,0.041377,-0.041377,inf,p_lb=0,False
AGYIKU5EKQ3CNUOGBYBAJXALPVZQ,1399,5224,4081,0.012059,0.000000,0.981677,0.958107,0.046416,-0.046416,inf,p_lb=0,False
AHSNEADAVKGQVSQB32NT34W7YQAQ,1400,5099,4566,0.007792,0.000000,0.981627,0.957036,0.043930,-0.043930,inf,p_lb=0,False
AEWN5YYVYRNN7FMMK5OS6G7FC3UQ,1401,3981,3932,0.012750,0.000000,0.981510,0.960143,0.047187,-0.047187,inf,p_lb=0,False
AGRX7ZI7LBRKIZEEVAJFE56T2UMA,1402,4050,3687,0.011869,0.000000,0.980712,0.956066,0.048937,-0.048937,inf,p_lb=0,False
AFZT6FKO5X5D7XSJ64D64KTFSHBQ,1403,2209,3084,0.013648,0.000000,0.982112,0.958056,0.053397,-0.053397,inf,p_lb=0,False
AEGJYULS445BFXWDYZURS3DII7KQ,1404,3155,4019,0.006604,0.000000,0.980667,0.955044,0.046922,-0.046922,inf,p_lb=0,False
AGKWOIPX6ZNZULSMNYW6DTWFSG7Q,1405,2864,1722,0.006667,0.000000,0.981433,0.957087,0.071531,-0.071531,inf,p_lb=0,False
AHP5AG3KQWUBZ6QRXGWPC2OK2PQA,1406,14135,13284,0.013313,0.000000,0.981266,0.955964,0.025784,-0.025784,inf,p_lb=0,False
AGNO3G5WCNMOBUUXEFO3ADGZYWEA,1407,3681,4058,0.006542,0.000000,0.980913,0.958056,0.046549,-0.046549,inf,p_lb=0,False
AF2ADBMCXOYFWR4FENJGSO5NBRBQ,1408,3675,4733,0.012264,0.000000,0.980608,0.958056,0.043102,-0.043102,inf,p_lb=0,False
AGZIGB7TEEPFDNGA6XYQTW54KQEA,1409,2812,2317,0.011182,0.000000,0.981242,0.957087,0.061666,-0.061666,inf,p_lb=0,False
AH5VDE2Z5X2ZBRZ3IYMSCVW7ZWFQ,1410,11373,11179,0.014428,0.000000,0.981947,0.958107,0.028044,-0.028044,inf,p_lb=0,False
AEOE6I2CAJM23OYGDE7V3ZZAVAIA,1411,3313,4206,0.012097,0.000000,0.981625,0.957036,0.045772,-0.045772,inf,p_lb=0,False
AGBNDXZPUN3OWN66TYCOMCBBDU5A,1412,4181,5408,0.015288,0.000000,0.981252,0.957087,0.040364,-0.040364,inf,p_lb=0,False
AHB5LGBRDTBCHXEGHFYGEUTKVYEQ,1413,4300,2818,0.014129,0.000000,0.981801,0.955044,0.056036,-0.056036,inf,p_lb=0,False
AGL64MFO5J2XXBOOPM7VP23GT4XA,1414,6614,6170,0.016179,0.000000,0.981730,0.957087,0.037789,-0.037789,inf,p_lb=0,False
AFH7RVQUMZVDTAOF7P62ZUL5BAVQ,1415,2344,2695,0.007530,0.000000,0.980393,0.954993,0.057304,-0.057304,inf,p_lb=0,False
AGK6P7T6FVUJW7W7Q5UJKJWF3NGA,1416,6132,6473,0.013165,0.000000,0.980237,0.955044,0.036973,-0.036973,inf,p_lb=0,False
AGH2BA6TQ43WVJL2HXW53TOBIWPA,1417,15123,12939,0.015847,0.000000,0.982201,0.959075,0.026041,-0.026041,inf,p_lb=0,False
AFC3BVYSBC5O4TXETFMZDJS5HYIQ,1418,3256,3029,0.005626,0.000000,0.980952,0.957087,0.053934,-0.053934,inf,p_lb=0,False
AGB3YZIRHOSAZGQF3NRHKQJWWQTA,1419,4973,4298,0.016514,0.000000,0.982229,0.959126,0.045181,-0.045181,inf,p_lb=0,False
AGYHL3IB24KMNYTUPVV4HYGB2GGA,1420,2742,2369,0.012590,0.000000,0.980571,0.956066,0.061051,-0.061051,inf,p_lb=0,False
AHC5EUL7VWF7722WN7C3PFQSU3LA,1421,2466,2516,0.007782,0.000000,0.978730,0.954021,0.059367,-0.059367,inf,p_lb=0,False
AGDGBICJ5Y4GAZHCEQMQA34JBJBQ,1422,9964,9401,0.013201,0.000000,0.981681,0.958107,0.030582,-0.030582,inf,p_lb=0,False
AHPGHDFIU3BUB3RQBP56RQQA7W4Q,1423,3593,4910,0.014537,0.000000,0.981456,0.956066,0.042407,-0.042407,inf,p_lb=0,False
AFYVHFLDEQ2DJ37EMQ6E72CC42EA,1424,1697,2695,0.014085,0.000000,0.980907,0.957036,0.057181,-0.057181,inf,p_lb=0,False
AFB5L26ZMR3M5IXB3TR7NBTIFEYA,1425,7581,6264,0.015653,0.000000,0.981454,0.957087,0.037505,-0.037505,inf,p_lb=0,False
AGF6DMCC5PQTQ7FREAKLYL6T63UQ,1426,3376,2761,0.009091,0.000000,0.978413,0.950945,0.056855,-0.056855,inf,p_lb=0,False
AE6VILPJGYTNMUZJCTFQPDPOPIGQ,1427,3344,2857,0.007643,0.000000,0.980445,0.956015,0.055596,-0.055596,inf,p_lb=0,False
AF2QJWR4NVQROI37WX2TQXT4QRXQ,1428,3721,3989,0.015717,0.000000,0.981639,0.957036,0.047000,-0.047000,inf,p_lb=0,False
AEXMI4V5PBFOHJKW7HNXHVKRBRSQ,1429,2599,2850,0.016107,0.000000,0.981407,0.960143,0.055425,-0.055425,inf,p_lb=0,False
AEJE3IIDZTTU3P36LWRHKGROEVIA,1430,1865,1881,0.013384,0.000000,0.980702,0.956066,0.068514,-0.068514,inf,p_lb=0,False
AF7R6MOJWDZUIYFX2K3IZ25RFT4A,1431,3026,3801,0.010045,0.000000,0.981993,0.955913,0.048205,-0.048205,inf,p_lb=0,False
AHNPLHSXTMSDKELBA22KMPNC3OGA,1432,6449,7100,0.010095,0.000000,0.982600,0.960092,0.035117,-0.035117,inf,p_lb=0,False
AGOS3WGMVUTD6PZN6IKWBYIZEKFA,1433,2818,2826,0.014845,0.000000,0.981844,0.956015,0.055900,-0.055900,inf,p_lb=0,False
AGGX26SORBXKQVLFRKND7XCIVTGA,1434,5661,6208,0.009572,0.000000,0.981457,0.957087,0.037673,-0.037673,inf,p_lb=0,False
AFCI3PAVNMM3Q5CD3YYY5XZUYOIA,1435,5735,6298,0.011487,0.000000,0.981752,0.958056,0.037365,-0.037365,inf,p_lb=0,False
AFOOMWRAM34H5KWBM4YINK3A5NMA,1436,3456,3916,0.010417,0.000000,0.980916,0.956015,0.047487,-0.047487,inf,p_lb=0,False
AF2AG6BMIQ4SQRQNP7KF3V4KT3DQ,1437,2205,2900,0.012563,0.000000,0.981181,0.957087,0.055120,-0.055120,inf,p_lb=0,False
AGATU6QOCPNIZ3BFMXICJCKNGN2A,1438,2216,1448,0.006912,0.000000,0.979791,0.955044,0.078172,-0.078172,inf,p_lb=0,False
AEJ4MQMARLF3CETRXSPSFLBPJPJQ,1439,12129,8461,0.014771,0.000000,0.981453,0.957087,0.032270,-0.032270,inf,p_lb=0,False
AFAFPVBZWY74XHOKAX7AYGC77YUQ,1440,2664,3192,0.010855,0.000000,0.980327,0.955044,0.052651,-0.052651,inf,p_lb=0,False
AEDWDMTPRADRBCWYXX5LO4TO55BA,1441,5085,5456,0.012388,0.000000,0.981441,0.958107,0.040143,-0.040143,inf,p_lb=0,False
AH53UV57HKNKIX5SQH4KW3DB5TFQ,1442,3925,4827,0.014063,0.000000,0.981795,0.956066,0.042770,-0.042770,inf,p_lb=0,False
AGDSEYGSA5K664EUHWKV3ARDXO2Q,1443,4064,3185,0.012363,0.000000,0.982084,0.959126,0.052484,-0.052484,inf,p_lb=0,False
AGNAAF2KPX6YQ5SWLP7O2OZH4W5A,1444,3505,4153,0.011304,0.000000,0.981273,0.958107,0.046011,-0.046011,inf,p_lb=0,False
AGGPU5K56BKAGOFDVYZ7MZT5CCLQ,1445,5880,4159,0.012277,0.000000,0.981955,0.958056,0.045981,-0.045981,inf,p_lb=0,False
AF27LI5BIVYEJETYOVRIMV6XPHOQ,1446,1779,2450,0.006483,0.000000,0.981358,0.958056,0.059908,-0.059908,inf,p_lb=0,False
AFYTU4ZZEHT5QTOIQJW2RYEWPWBQ,1447,2414,2075,0.005714,0.000000,0.979440,0.953970,0.065376,-0.065376,inf,p_lb=0,False
AFYD3MPCZTULGZL2JJFW324JB5BQ,1448,12534,12773,0.017775,0.000000,0.982307,0.959075,0.026210,-0.026210,inf,p_lb=0,False
AECKJ7U2IZYLGOYRGP62GJECL4GQ,1449,2196,3044,0.012034,0.000000,0.981051,0.957087,0.053801,-0.053801,inf,p_lb=0,False
AHUMWKJDDUOXMXSBLG3DPQQVJGSA,1450,7601,6674,0.016518,0.000000,0.982087,0.958107,0.036296,-0.036296,inf,p_lb=0,False
AGI6OVW7OTSY3CX2JSPK2KL2PECQ,1451,2784,2061,0.008977,0.000000,0.980905,0.958107,0.065314,-0.065314,inf,p_lb=0,False
AFCFTNVNJDT7S4K7OM2ZGRHSVDWA,1452,2187,2440,0.007143,0.000000,0.981130,0.957087,0.060092,-0.060092,inf,p_lb=0,False
AGYWYDIAJ5Q2I76YTIGUYYKYEL3Q,1453,8597,7639,0.014164,0.000000,0.981147,0.956015,0.034000,-0.034000,inf,p_lb=0,False
AGFMH5U2CPPWYH77IDDBB527AWYQ,1454,2206,2798,0.012658,0.000000,0.981222,0.956066,0.056176,-0.056176,inf,p_lb=0,False
AHLQMVNQZZI5XL45I27JQFK3VC2A,1455,3454,2909,0.015810,0.000000,0.981349,0.956066,0.055094,-0.055094,inf,p_lb=0,False
AFLWUZCVK4MXLWIB6H2PWSQKHJTA,1456,4275,3314,0.013529,0.000000,0.981108,0.958107,0.051508,-0.051508,inf,p_lb=0,False
AEMEEXPPQX5BBLYJRZWJFULUDHCQ,1457,2044,2880,0.010050,0.000000,0.980980,0.957087,0.055311,-0.055311,inf,p_lb=0,False
AFOWI4CZ6HGLKAU5OAJFN24AVF5Q,1458,2768,1789,0.005671,0.000000,0.980246,0.956015,0.070257,-0.070257,inf,p_lb=0,False
AFNWEYQ6IYHI6PXIDURCBE62P2BA,1459,11724,11594,0.016013,0.000000,0.982052,0.958005,0.027541,-0.027541,inf,p_lb=0,False
AEYZ4OQR4ZXFL4EMBZDIZ4EX7FFA,1460,2330,3070,0.005634,0.000000,0.979753,0.955044,0.053687,-0.053687,inf,p_lb=0,False
AFYAQ5GI65F2GJEXKBTBV4JB7CEA,1461,2580,3083,0.012821,0.000000,0.980237,0.957087,0.053459,-0.053459,inf,p_lb=0,False
AH665SQ6SQF6DXAGYIQFCX76LALA,1462,18809,17894,0.016936,0.001287,0.981459,0.958107,0.022166,-0.020985,5779254.323954,eps_dominant,False
AHASHJDTECMQU5NRAR7EFO2AESGA,1463,4032,4942,0.014116,0.000000,0.980962,0.957087,0.042224,-0.042224,inf,p_lb=0,False
AH5QL2G7455PYHYK266Q27LGMTHQ,1464,3223,3400,0.008589,0.000000,0.981050,0.958056,0.050855,-0.050855,inf,p_lb=0,False
AGP532D36STZSQSQL6H4JERCVGHQ,1465,1736,1999,0.007874,0.000000,0.980457,0.957036,0.066394,-0.066394,inf,p_lb=0,False
AEX7JBOSL6HLYWFY33P5XD3ZPOYA,1466,3312,3158,0.009067,0.000000,0.981946,0.958107,0.052764,-0.052764,inf,p_lb=0,False
AHUYFR4DWH6WKMYTB5H7IYGH7F2A,1467,9135,9416,0.017013,0.000000,0.981689,0.956985,0.030593,-0.030593,inf,p_lb=0,False
AFYZLLWDEK24LDVS6KZ5LDUZYVTA,1468,4109,4094,0.013311,0.000000,0.981182,0.955044,0.046490,-0.046490,inf,p_lb=0,False
AHXZMLMYFGJSSWQU3TWWU5MBYMCA,1469,6412,7370,0.013445,0.000000,0.982035,0.957087,0.034576,-0.034576,inf,p_lb=0,False
AHTHCWRQ5ORZ5XVPRHSDCXVRPN2Q,1470,3082,3563,0.009815,0.000000,0.980839,0.956066,0.049781,-0.049781,inf,p_lb=0,False
AFNCHMAKUAJOGVCKOA4XGLINHPDQ,1471,4926,5525,0.013921,0.000000,0.982351,0.955044,0.040019,-0.040019,inf,p_lb=0,False
AHZ4HTX77PTDYAZIYLJLERY2RXAA,1472,7247,8457,0.015349,0.000000,0.981984,0.958056,0.032245,-0.032245,inf,p_lb=0,False
AGRFT73XPVIDYQ7WVYQ2AMINBHUQ,1473,4251,4415,0.011650,0.000000,0.980814,0.956066,0.044721,-0.044721,inf,p_lb=0,False
AFMKNVUMCUO2DVEEMX4VOW3NQHGA,1474,2458,2908,0.009490,0.000000,0.981936,0.957087,0.055044,-0.055044,inf,p_lb=0,False
AGLQQCIS5V6EGUCS5SSNHWZHQM6Q,1475,3660,3638,0.009989,0.000000,0.981248,0.955044,0.049318,-0.049318,inf,p_lb=0,False
AGJEUSPFRORQIAF4UIT7R4GHVDLQ,1476,3536,2004,0.010929,0.000000,0.980184,0.956015,0.066382,-0.066382,inf,p_lb=0,False
AFVBUYR2KLGZ4SFVK6XGBKVZ5CTA,1477,2465,3305,0.011481,0.000000,0.981395,0.957087,0.051633,-0.051633,inf,p_lb=0,False
AG4CDJOL3CVXO7G6X267Q6H5LVRQ,1478,3396,3302,0.016847,0.000000,0.981902,0.957036,0.051659,-0.051659,inf,p_lb=0,False
AE7KDATXSB63T7FO6XLHKVSQS5HQ,1479,6204,5006,0.018067,0.000000,0.982553,0.960092,0.041822,-0.041822,inf,p_lb=0,False
AHKVDRZRDAZVNGYJ4R7H63IGTKQQ,1480,2387,2028,0.009542,0.000000,0.981120,0.956066,0.065984,-0.065984,inf,p_lb=0,False
AFRYWYTJH6VJEUFEOF4WU3ZWTF6Q,1481,2044,2653,0.008451,0.000000,0.979808,0.956066,0.057691,-0.057691,inf,p_lb=0,False
AHQYNYYZWPQ6F42O5XVCA54P7ACA,1482,3545,3307,0.014049,0.000000,0.981453,0.958056,0.051565,-0.051565,inf,p_lb=0,False
AE56JGTBHHTTS4UX4GU6ONQJ7NNA,1483,2675,2798,0.007186,0.000000,0.981196,0.956066,0.056176,-0.056176,inf,p_lb=0,False
AGZO3KJS5VFJZYJDAGCTY6SD32PA,1484,2853,3631,0.015991,0.000000,0.981774,0.957087,0.049260,-0.049260,inf,p_lb=0,False
AETK6AZH4AJT3UCNWYLAROX767XQ,1485,2769,3677,0.007254,0.000000,0.981177,0.958107,0.048899,-0.048899,inf,p_lb=0,False
AGLRFKBE7HRBV7PMSCO7LCN4R4BQ,1486,3526,3397,0.010917,0.000000,0.981222,0.958056,0.050877,-0.050877,inf,p_lb=0,False
AGPGFWUIGJUZTOWTD35ZDAZLF3ZQ,1487,1928,1864,0.012891,0.000000,0.980334,0.954993,0.068903,-0.068903,inf,p_lb=0,False
AEFGWO2JWH3WI6IS6CNY3ZMWVA3Q,1488,3489,2843,0.003856,0.000000,0.981231,0.955044,0.055789,-0.055789,inf,p_lb=0,False
AFUKCEULW4KYMWRQCVGI6K3WTVUA,1489,35016,38016,0.017704,0.006967,0.981715,0.959075,0.015192,-0.008784,196503.646553,eps_dominant,False
AH4FRDTACKPAOGZSRJWE5O7BSA3Q,1490,2753,3090,0.008121,0.000000,0.980753,0.956066,0.053456,-0.053456,inf,p_lb=0,False
AHHHUUZFNOKWOYZBCTWI6BVD4VFQ,1491,3150,3095,0.011264,0.000000,0.981814,0.958056,0.053302,-0.053302,inf,p_lb=0,False
AEPPMFJUVGGQXIB64J6C5DNF7CJA,1492,3384,2142,0.007055,0.000000,0.980907,0.958056,0.064071,-0.064071,inf,p_lb=0,False
AGBZ6QJSCFFBQ3AFKOPK4OUP57OQ,1493,2447,4485,0.012448,0.000000,0.981170,0.956066,0.044370,-0.044370,inf,p_lb=0,False
AFSGNK5YT6ST4FWMWYDT2OIURHVQ,1494,2544,2646,0.006418,0.000000,0.979791,0.954021,0.057891,-0.057891,inf,p_lb=0,False
AHH6AER673CJ3MCKK7RSIB6RX3YA,1495,2121,3176,0.012563,0.000000,0.981977,0.956066,0.052727,-0.052727,inf,p_lb=0,False
AEUZDXOGNYGM7FLLBEFXJB5TPG5Q,1496,4228,4431,0.013550,0.000000,0.981803,0.958107,0.044545,-0.044545,inf,p_lb=0,False
AECLZPHQ72FZTCG2MWNAZIJXCRZQ,1497,3237,3047,0.012835,0.000000,0.980841,0.956066,0.053832,-0.053832,inf,p_lb=0,False
AER25UISEZP2EFBRSKVVI7SCVY3A,1498,2561,2588,0.012862,0.000000,0.980715,0.957087,0.058348,-0.058348,inf,p_lb=0,False
AGJK5FXDLTSWLFE6BG4BU5QKONMQ,1499,3815,3580,0.016580,0.000000,0.981363,0.958107,0.049557,-0.049557,inf,p_lb=0,False
AHFJQPRACCQYRSQSUIOIQPWDYPXA,1500,4237,5326,0.013730,0.000000,0.982236,0.956066,0.040717,-0.040717,inf,p_lb=0,False
AFNHUUTEO4KB56CNCMM7JGURRGYA,1501,2305,2430,0.012800,0.000000,0.980402,0.954993,0.060347,-0.060347,inf,p_lb=0,False
AFLKX7ZNVK2DN6LG3EAP6ZNYUFHA,1502,4877,5235,0.010409,0.000000,0.981034,0.956015,0.041071,-0.041071,inf,p_lb=0,False
AHJNTPTXK4IF4IPSOROYUNCEBVTA,1503,3848,3989,0.007866,0.000000,0.980950,0.954891,0.047106,-0.047106,inf,p_lb=0,False
AHBILGMJZOBQNFI6A3HKHL5AIWFA,1504,2518,2768,0.013616,0.000000,0.980408,0.957087,0.056419,-0.056419,inf,p_lb=0,False
AHJUDSYOGLWJG3GFHDC4UUVL47QA,1505,2200,2670,0.010767,0.000000,0.980893,0.956015,0.057510,-0.057510,inf,p_lb=0,False
AGFSGNZ5OXN5SAOTL73LFINSBIAA,1506,4870,3501,0.017937,0.000000,0.982243,0.959126,0.050060,-0.050060,inf,p_lb=0,False
AGQMLAXEELMJLEKLQBHV2UBVR2FA,1507,4737,3464,0.016766,0.000000,0.981808,0.958107,0.050380,-0.050380,inf,p_lb=0,False
AFVEDH6Q5TC7HN2NVMMZPJH2HPDA,1508,2761,3552,0.007692,0.000000,0.980350,0.957087,0.049805,-0.049805,inf,p_lb=0,False
AENYCH5TD6KR77VTYQ5F7KHWWVMA,1509,3066,3280,0.008963,0.000000,0.981471,0.957087,0.051829,-0.051829,inf,p_lb=0,False
AGBHFHIPZEFAMWYB754QZ6OQLJUQ,1510,1952,2306,0.008264,0.000000,0.980972,0.954021,0.062012,-0.062012,inf,p_lb=0,False
AHRL4LYXD7XNEBSXATXTYL3VQO3Q,1511,10584,9577,0.013744,0.000000,0.981312,0.957087,0.030332,-0.030332,inf,p_lb=0,False
AH6EWS5QFQXFL4GQD46VO22VRCLQ,1512,3160,3041,0.012755,0.000000,0.981339,0.957087,0.053827,-0.053827,inf,p_lb=0,False
AHXLT4YARSNUWKQTJSB2PMFGGCNQ,1513,3633,2935,0.007610,0.000000,0.980310,0.952997,0.055026,-0.055026,inf,p_lb=0,False
AEUWZ643QYY43HRK5MXAZ74DSCMA,1514,3790,3618,0.013613,0.000000,0.980948,0.956066,0.049401,-0.049401,inf,p_lb=0,False
AFZUMKCTS2HWDZ2P4HK4PS47MA5A,1515,4315,2927,0.013966,0.000000,0.981425,0.956066,0.054924,-0.054924,inf,p_lb=0,False
AHDCIBI6MNNC2NPX7YA5LKQ65ZIA,1516,3260,3324,0.010664,0.000000,0.981425,0.957036,0.051488,-0.051488,inf,p_lb=0,False
AGZGO6YVZFF6X2FSR32KREOKDWSQ,1517,2251,2685,0.007788,0.000000,0.979883,0.956015,0.057349,-0.057349,inf,p_lb=0,False
AGYRQBBCTRZP22B2FN4S6YUQ7WBA,1518,3021,1929,0.009141,0.000000,0.979501,0.955044,0.067729,-0.067729,inf,p_lb=0,False
AGGA73VALFKPEIR7UR7X436FENYQ,1519,3540,2296,0.013423,0.000000,0.980825,0.958107,0.061882,-0.061882,inf,p_lb=0,False
AEEY7IUIKBW7IUCBCAOVPOZOWALQ,1520,2777,2908,0.014103,0.000000,0.981701,0.958107,0.054986,-0.054986,inf,p_lb=0,False
AHFDOCBR277ZUFHL2JXNNGXYALUA,1521,2302,2226,0.008237,0.000000,0.978195,0.954993,0.063052,-0.063052,inf,p_lb=0,False
AGFKTUCTFTGMXB7XVHYABSMUAW6A,1522,7346,7880,0.014293,0.000000,0.982526,0.961109,0.033299,-0.033299,inf,p_lb=0,False
AFERBXYD7CR2BWLDOA6YGRM4QRXQ,1523,3611,2480,0.004926,0.000000,0.979796,0.953970,0.059800,-0.059800,inf,p_lb=0,False
AGVJUUCFMBP6SABPIAXREELESFIA,1524,3808,3199,0.008621,0.000000,0.981245,0.957087,0.052481,-0.052481,inf,p_lb=0,False
AG2BRLCY7NVOZ33KD33PGIIJF4LA,1525,2744,2388,0.011024,0.000000,0.981609,0.958107,0.060678,-0.060678,inf,p_lb=0,False
AGH3Q273ZTB2JATUUUKFVRMKACZQ,1526,4044,3248,0.011166,0.000000,0.980945,0.956066,0.052139,-0.052139,inf,p_lb=0,False
AHVYINDZEXRCDK2FOE54TL7MI4FQ,1527,4576,3966,0.012733,0.000000,0.981163,0.957087,0.047134,-0.047134,inf,p_lb=0,False
AGCSHGACB3ZKGQTROVNVEUPIDPFA,1528,3092,4529,0.010676,0.000000,0.980441,0.956066,0.044154,-0.044154,inf,p_lb=0,False
AECSVEHBBVKZLBL45UNICW46HFLA,1529,7583,8196,0.009334,0.000000,0.980333,0.956015,0.032824,-0.032824,inf,p_lb=0,False
AE35OPCE4E5LOQAODQT5QTD5SFIQ,1530,20557,19591,0.016369,0.001414,0.982228,0.958056,0.021186,-0.019888,4794254.701466,eps_dominant,False
AHBPSOB5C4LMAVHKXXYZHKWQHHKQ,1531,3617,2876,0.011004,0.000000,0.981550,0.958107,0.055291,-0.055291,inf,p_lb=0,False
AE6F3WJIUZRLTBQIA2M4X3LERYJA,1532,3293,3264,0.013189,0.000000,0.981649,0.957087,0.051956,-0.051956,inf,p_lb=0,False
AEPYN4SBWIWISOOYDOPQ7HNS6JIQ,1533,4755,3332,0.014688,0.000000,0.981228,0.958107,0.051368,-0.051368,inf,p_lb=0,False
AGHE5YHUV2MJNLS7JH7VO3G6MFPA,1534,4900,6059,0.013609,0.000000,0.980361,0.956066,0.038174,-0.038174,inf,p_lb=0,False
AFERCDY2EFJKT7QUQ75GISNHTFOQ,1535,6203,6422,0.018100,0.000000,0.982446,0.959126,0.036962,-0.036962,inf,p_lb=0,False
AHSYWCHPMJDHYJDHKZDZYUDYMGXQ,1536,2378,2295,0.013201,0.000000,0.980559,0.957036,0.061964,-0.061964,inf,p_lb=0,False
AFW2XSJVKJ2VVRQVD3IR2ZKCK2XQ,1537,4591,3829,0.015642,0.000000,0.981843,0.957036,0.047972,-0.047972,inf,p_lb=0,False
AE6MG5ZVO4BVU5UKIUVTXRAUTJLA,1538,2429,3184,0.010526,0.000000,0.981029,0.957087,0.052605,-0.052605,inf,p_lb=0,False
AEQGR4YJJFSHOPKIHH4MM3WFKLJQ,1539,2400,2310,0.012048,0.000000,0.980867,0.957087,0.061759,-0.061759,inf,p_lb=0,False
AFSVP3JNP7UFF3XNNIQSAG6ZRKOQ,1540,3086,3827,0.013374,0.000000,0.981894,0.958107,0.047931,-0.047931,inf,p_lb=0,False
AF4YK6ETKIRQ36LYVR4YY3ZS4ANQ,1541,10265,9115,0.015711,0.000000,0.982025,0.960041,0.030995,-0.030995,inf,p_lb=0,False
AF7CLYC43B3X2W6JN7OFE6AD4AIQ,1542,2391,1969,0.012220,0.000000,0.979263,0.952946,0.067185,-0.067185,inf,p_lb=0,False
AGHZXVOSR6BUBEGP6K3BDYLSOJ3Q,1543,3925,2814,0.010710,0.000000,0.981142,0.958107,0.055897,-0.055897,inf,p_lb=0,False
AFXLN2LOIXG7GYLMXNGYOZOGG7YA,1544,3061,2897,0.010495,0.000000,0.981078,0.957087,0.055149,-0.055149,inf,p_lb=0,False
AGEBWT6LTQS44RBUSRT5YWGNABGQ,1545,2011,1650,0.002083,0.000000,0.979787,0.954993,0.073235,-0.073235,inf,p_lb=0,False
AHDDEU5EAPT6BU7KUGVBEYRF6JOA,1546,2191,2424,0.012422,0.000000,0.980501,0.954021,0.060483,-0.060483,inf,p_lb=0,False
AHHBH4VPAVBILY6UAS4LQVX2ZTKA,1547,3069,3484,0.007566,0.000000,0.980723,0.955044,0.050396,-0.050396,inf,p_lb=0,False
AE4M32TKLQAR6IQ75FGY4MD5NVEA,1548,3016,3235,0.012972,0.000000,0.982204,0.957036,0.052191,-0.052191,inf,p_lb=0,False
AGGB33CRW5QSNM542FDVHPQ363YQ,1549,5944,7160,0.012007,0.000000,0.981623,0.954021,0.035192,-0.035192,inf,p_lb=0,False
AGXNNDGBBN7K2RJQQW7UBR347SZA,1550,3550,2932,0.012570,0.000000,0.982083,0.958056,0.054763,-0.054763,inf,p_lb=0,False
AHHISNJH3ZT4KLFHVFD4SNIQRXZA,1551,2897,2834,0.010652,0.000000,0.980113,0.953970,0.055941,-0.055941,inf,p_lb=0,False
AEWUWP5UWPZOU4HXYJBYMTIDN2XA,1552,2664,2971,0.013564,0.000000,0.981280,0.957087,0.054458,-0.054458,inf,p_lb=0,False
AGDBPYOOBEMKUQXFFB6H4E657YAA,1553,6197,5881,0.012829,0.000000,0.982098,0.959126,0.038624,-0.038624,inf,p_lb=0,False
AEOYQBJW46VUK3HGQCHDI55WWN6A,1554,3557,2607,0.012140,0.000000,0.981963,0.959126,0.058012,-0.058012,inf,p_lb=0,False
AGGNRJ4XCEU5NKTGXONSYA5V64QQ,1555,2613,3017,0.011820,0.000000,0.980538,0.955044,0.054156,-0.054156,inf,p_lb=0,False
AEEMHCO2KYLSSU547E7HNK4PMAMA,1556,8443,8612,0.014542,0.000000,0.981834,0.957087,0.031986,-0.031986,inf,p_lb=0,False
AG57XB5NOQK2IQ4V7MX5T4FHH6YQ,1557,8217,8950,0.011330,0.000000,0.981503,0.958107,0.031343,-0.031343,inf,p_lb=0,False
AEIGRLFPH5Z3EQ73Z23CJ3WX6R6A,1558,18648,18061,0.016404,0.000828,0.982073,0.958107,0.022064,-0.021304,13985934.742766,eps_dominant,False
AFMIVOY444C3VLI6CK5U2OXJRTGQ,1559,4890,4934,0.013589,0.000000,0.981067,0.957087,0.042258,-0.042258,inf,p_lb=0,False
AEY6Z7A3GCSZ3N6OHCGGMYYJBWWQ,1560,3784,4776,0.014124,0.000000,0.981728,0.960143,0.042815,-0.042815,inf,p_lb=0,False
AHMHS45MRB6MBCZJ7AWU2QSHHENQ,1561,8390,8463,0.016754,0.000000,0.981685,0.959075,0.032199,-0.032199,inf,p_lb=0,False
AGGFFBBB5KFSFSSHHV7I54WUZ3NQ,1562,2114,2858,0.011111,0.000000,0.979895,0.953970,0.055705,-0.055705,inf,p_lb=0,False
AELWIBSJORE5MM722A4OQC53XIWA,1563,4291,4275,0.014606,0.000000,0.981334,0.958107,0.045350,-0.045350,inf,p_lb=0,False
AH53UQYKESG5SJQD63N4KYJXUEHA,1564,2753,2435,0.008183,0.000000,0.980659,0.954993,0.060285,-0.060285,inf,p_lb=0,False
AHRXKSDZJOYVZC4CXU75S5TKFOWQ,1565,2430,3018,0.013142,0.000000,0.980966,0.957036,0.054035,-0.054035,inf,p_lb=0,False
AFUZC6TF57EVSGN26BUBWJ4HM72A,1566,2948,2496,0.009419,0.000000,0.980854,0.956066,0.059477,-0.059477,inf,p_lb=0,False
AHFEKQZP2NQ4P2XUT6HEBM62RS5A,1567,6788,6595,0.013828,0.000000,0.981685,0.958056,0.036514,-0.036514,inf,p_lb=0,False
AGLGVDWNM5KVHS3PBM5HX464YVGA,1568,14373,14619,0.014982,0.000000,0.982059,0.960143,0.024472,-0.024472,inf,p_lb=0,False
AFPYDQFZTX45YHI4JTPG37ITKHDA,1569,2976,1801,0.012146,0.000000,0.981399,0.956066,0.070019,-0.070019,inf,p_lb=0,False
AEHWKRPNWNMOAJSMO2F6O7RFRTNA,1570,6609,5792,0.018171,0.000000,0.982356,0.956066,0.039044,-0.039044,inf,p_lb=0,False
AFQ644U5B6FTZZEOEDUUCC24BGXQ,1571,2007,2007,0.007105,0.000000,0.981005,0.957087,0.066258,-0.066258,inf,p_lb=0,False
AFFTWOUQ6ME5QP2NFPUE6ETZFSEA,1572,2859,2465,0.012329,0.000000,0.979267,0.951972,0.060108,-0.060108,inf,p_lb=0,False
AGDQCJWEQ5D4LRTWNYR4BUG54N7Q,1573,3067,2883,0.008759,0.000000,0.980633,0.956066,0.055341,-0.055341,inf,p_lb=0,False
AHOCOXJ7KQ7QW6J6SZITGMFK5IHA,1574,6430,5551,0.012266,0.000000,0.980214,0.952997,0.040011,-0.040011,inf,p_lb=0,False
AGOEJF6OZTPVVWPJDQFFISLNMI5A,1575,1931,2271,0.014451,0.000000,0.982440,0.959075,0.062158,-0.062158,inf,p_lb=0,False
AGU4TSYCYNQTJLVZPG5ASQYGZWVA,1576,2755,2646,0.015131,0.000000,0.980856,0.952946,0.057956,-0.057956,inf,p_lb=0,False
AE6Z6YWXXT2RBZNC2E2OT66IOWUA,1577,4042,3851,0.011917,0.000000,0.981155,0.957087,0.047832,-0.047832,inf,p_lb=0,False
AHAL3GJ5CESLYFHGFIS7X7L2OU6A,1578,3047,2795,0.011594,0.000000,0.981732,0.957087,0.056146,-0.056146,inf,p_lb=0,False
AHW24URC4RFVEOKHFZXMVLNECLYQ,1579,2141,2149,0.009885,0.000000,0.980730,0.957087,0.064031,-0.064031,inf,p_lb=0,False
AHCFYNLZXWHXARK6SJSQBIY3U5RA,1580,2311,2795,0.013177,0.000000,0.981292,0.956066,0.056206,-0.056206,inf,p_lb=0,False
AGBL5QAIOWK6ENWLSOW2HWUQAZ3Q,1581,3819,3225,0.013643,0.000000,0.982018,0.959126,0.052158,-0.052158,inf,p_lb=0,False
AGNXAQLRAWNX6EXBB2D4LITT2WZQ,1582,6251,7129,0.014196,0.000000,0.982060,0.958107,0.035118,-0.035118,inf,p_lb=0,False
AHQFFVHDUPLKSLRFOCLRMHBSBDOQ,1583,2451,2113,0.008278,0.000000,0.980680,0.957036,0.064578,-0.064578,inf,p_lb=0,False
AEIVZRSUIO26HLONNJVEEYPRYCNA,1584,3635,5087,0.013688,0.000000,0.981691,0.958107,0.041573,-0.041573,inf,p_lb=0,False
AEAXAJACFMXIAAH4WOHRMXPSZWFA,1585,8527,7845,0.007752,0.000000,0.981879,0.958005,0.033481,-0.033481,inf,p_lb=0,False
AEMP3A7IKW37CMWFXNKXWW6HGJHA_1,1586,3848,2935,0.009749,0.000000,0.980501,0.954021,0.054967,-0.054967,inf,p_lb=0,False
AGJITMTUCLDSYTUOSC2Z7OGJWXVA,1587,3693,4356,0.012071,0.000000,0.981427,0.955044,0.045071,-0.045071,inf,p_lb=0,False
AFUFF6CVQ4VVTRGIROH44A7ESUDQ,1588,2806,2413,0.007622,0.000000,0.980658,0.955964,0.060498,-0.060498,inf,p_lb=0,False
AESPFWNUHN4G246P5CIB4BE5F7RQ,1589,2600,3865,0.011792,0.000000,0.980924,0.958056,0.047697,-0.047697,inf,p_lb=0,False
AGUQ2BPQ2A4H2QKDVJWK6X6MVBLA,1590,3605,3185,0.010896,0.000000,0.981005,0.957087,0.052596,-0.052596,inf,p_lb=0,False
AGM5JAMRPDLOXPSUPSBH3CN6WCMA,1591,4142,6297,0.015219,0.000000,0.981813,0.959126,0.037327,-0.037327,inf,p_lb=0,False
AH7ETWOPU2HH47YLRGRQFIL4NJVA,1592,2664,2983,0.010582,0.000000,0.981448,0.957036,0.054351,-0.054351,inf,p_lb=0,False
AGU7C7CZA56W7C3PML6C6TD2SRFA,1593,2899,3420,0.010539,0.000000,0.980064,0.956015,0.050814,-0.050814,inf,p_lb=0,False
AEKZNV5KOIJKBCW3H2RSQVO63DSQ,1594,2530,2696,0.011749,0.000000,0.980645,0.953970,0.057354,-0.057354,inf,p_lb=0,False
AEW2XCQQH7QTXUXEIEAD4XQINHJQ,1595,2784,2635,0.009091,0.000000,0.981608,0.957036,0.057829,-0.057829,inf,p_lb=0,False
AGJYGNSFUQILJ2WA7XDTP5YN2ZTQ,1596,2168,2005,0.012069,0.000000,0.980663,0.958056,0.066224,-0.066224,inf,p_lb=0,False
AEAZROFBPDU26QZJ5ICYR7AOMW5Q,1597,2968,3487,0.013423,0.000000,0.981412,0.956066,0.050321,-0.050321,inf,p_lb=0,False
AGG6BKDYWE6N6DPLJJB2WGTUV5UQ,1598,8573,8328,0.017308,0.000000,0.982069,0.958056,0.032494,-0.032494,inf,p_lb=0,False
AEBVRDYVYXRN76VYT5NAJVIJTL7A,1599,2975,2331,0.011164,0.000000,0.981041,0.954021,0.061678,-0.061678,inf,p_lb=0,False
AGMD6LVSGUU4JPEAZ4TK3UBL2MBQ,1600,4010,3648,0.012876,0.000000,0.981593,0.959075,0.049043,-0.049043,inf,p_lb=0,False
AGSCLYM6ICDUYZPNL2EVMDECTYVA,1601,2561,2009,0.011321,0.000000,0.981335,0.957087,0.066225,-0.066225,inf,p_lb=0,False
AH5W6LHK6CY3XNMTSIMU6PKFUBIA,1602,2013,2295,0.009772,0.000000,0.981208,0.958056,0.061898,-0.061898,inf,p_lb=0,False
AGCXLRMTTQO4VGIB3RWMXECECWTQ,1603,11471,10919,0.014439,0.000000,0.981742,0.955044,0.028467,-0.028467,inf,p_lb=0,False
AG47NFTVEHSXFGQG7QKQHMQ42WJQ,1604,3282,3928,0.012410,0.000000,0.981226,0.956066,0.047412,-0.047412,inf,p_lb=0,False
AHV67OZ7EO5D6QX53S4BEXRQ6FHA,1605,15636,16637,0.016986,0.000756,0.981459,0.956066,0.023038,-0.022346,16886458.008651,eps_dominant,False
AEFI22B7AS3VNNKN4DC5HADG77QQ,1606,6041,6151,0.016900,0.000000,0.981511,0.956066,0.037888,-0.037888,inf,p_lb=0,False
AGRQGAGROERFY6CCW4BODCENODQA,1607,3288,4332,0.014072,0.000000,0.982297,0.959126,0.045003,-0.045003,inf,p_lb=0,False
AHCLCY7ATRXRQFKXEFUD7WTINBTQ,1608,3180,3708,0.014461,0.000000,0.981898,0.958107,0.048694,-0.048694,inf,p_lb=0,False
AHMVNNNXFUDT7MLQ4F7HNC66LTDQ,1609,3618,3110,0.006452,0.000000,0.980689,0.956015,0.053286,-0.053286,inf,p_lb=0,False
AHSMSNNZ3CE5QC57OPYLD6QRQERQ,1610,1946,2032,0.008157,0.000000,0.980993,0.956066,0.065919,-0.065919,inf,p_lb=0,False
AGAQBOI26SMK7M5KPF4PFK2S4OKQ,1611,6808,6205,0.013179,0.000000,0.981268,0.957087,0.037682,-0.037682,inf,p_lb=0,False
AG4Q6YXM5RL7XTQGDEETLNSXBBIA,1612,4449,5614,0.015310,0.000000,0.981912,0.958107,0.039574,-0.039574,inf,p_lb=0,False
AG4GNHABQ7DVDHNH52V7BIN3V5WQ,1613,2302,2696,0.012626,0.000000,0.980375,0.953970,0.057354,-0.057354,inf,p_lb=0,False
AE4YA7ZSIYTFM2JSMNXZMBJ4A2VA,1614,5150,5338,0.016353,0.000000,0.981515,0.959075,0.040543,-0.040543,inf,p_lb=0,False
AGCJO6Z4BYMH27EYRFR4ZQXGAZ3A,1615,4058,4198,0.015654,0.000000,0.981478,0.959075,0.045718,-0.045718,inf,p_lb=0,False
AE2B5CUQIA5ULZCR34UOPOXROEPA,1616,31609,32651,0.018409,0.006824,0.982230,0.958056,0.016411,-0.010147,205710.294659,eps_dominant,False
AF5F3I4YZ3UBPDG3BMFSHFNOYPCQ,1617,2504,2478,0.009509,0.000000,0.981373,0.957087,0.059629,-0.059629,inf,p_lb=0,False
AFP4XV2TPIF2DYR7MDS3ABENVU4A,1618,1922,1744,0.007678,0.000000,0.978081,0.950894,0.071541,-0.071541,inf,p_lb=0,False
AHOHXQZCEU3KDM3TPKZRNCJ3ITVA_2_1,1619,25146,29288,0.018169,0.005937,0.981662,0.955044,0.017382,-0.011967,275243.447354,eps_dominant,False
AEKQ4KA5L7LSVKG2DEEOECYIRJQQ,1620,5656,5869,0.015142,0.000000,0.981900,0.957087,0.038746,-0.038746,inf,p_lb=0,False
AGRPLHGW2CR6WWOHT5TOWXDGIZEQ,1621,3260,2880,0.009231,0.000000,0.981553,0.957087,0.055311,-0.055311,inf,p_lb=0,False
AEQJCTT433QTR6GK6IPGNOJ3FX5Q,1622,2858,3070,0.012121,0.000000,0.981631,0.959075,0.053461,-0.053461,inf,p_lb=0,False
AGLFSVQY3A3EQH34RY46DDTRFAAQ,1623,8389,9728,0.011494,0.000000,0.981787,0.959075,0.030033,-0.030033,inf,p_lb=0,False
AGYWMGGQ32YMT5CZIFHLE7VLUT3A,1624,6799,5229,0.018122,0.000000,0.982291,0.958107,0.041005,-0.041005,inf,p_lb=0,False
AF54KH75LOEZFH7NRJUU6MBVX5RQ,1625,6039,5539,0.009777,0.000000,0.981313,0.955044,0.039969,-0.039969,inf,p_lb=0,False
AEPUWWUCNPENE4E556S6ITXLLXYA,1626,2905,2601,0.011994,0.000000,0.980666,0.956066,0.058264,-0.058264,inf,p_lb=0,False
AFY4AE3MMYP5H6LPT664G44RPASA,1627,2656,3148,0.013444,0.000000,0.980621,0.955044,0.053018,-0.053018,inf,p_lb=0,False
AG7JO573OOVRRL3RS5JEDJ5KUFBA,1628,4331,4628,0.017590,0.000000,0.981965,0.957087,0.043633,-0.043633,inf,p_lb=0,False
AFA23EPWPNP4NKTIAWMWHBDPTGFA,1629,3407,4124,0.010919,0.000000,0.981466,0.958107,0.046173,-0.046173,inf,p_lb=0,False
AGFN3T4UR57DF757BHYMF54PHT5A,1630,3200,3354,0.013245,0.000000,0.981336,0.956066,0.051309,-0.051309,inf,p_lb=0,False
AEGBNQNP2YDBMHPTLBOYOOXXL3FQ,1631,3185,3052,0.012016,0.000000,0.982223,0.958056,0.053676,-0.053676,inf,p_lb=0,False
AESINLMUAVR374XLJLRRFWWUEFWA,1632,2963,2766,0.010309,0.000000,0.981279,0.957087,0.056440,-0.056440,inf,p_lb=0,False
AFPM67PYOOTTHZCVAYMIB3HUQT6Q,1633,4278,3532,0.014925,0.000000,0.981237,0.956015,0.050002,-0.050002,inf,p_lb=0,False
AH3HJDJIIIWFU3GOLTDG5ZV2V5LQ,1634,3596,3635,0.011905,0.000000,0.981059,0.955044,0.049338,-0.049338,inf,p_lb=0,False
AF2IEFCJNLT3777QQ6UVOLS5SSVA,1635,2469,2377,0.007788,0.000000,0.981148,0.958056,0.060821,-0.060821,inf,p_lb=0,False
AGE3PTUYLXXSTCZXHJY6S76NQQEQ,1636,3008,3483,0.014806,0.000000,0.981464,0.957087,0.050296,-0.050296,inf,p_lb=0,False
AELO64EBNJW5S5KM443G2CMIUTHQ,1637,2941,2366,0.003356,0.000000,0.979165,0.952997,0.061286,-0.061286,inf,p_lb=0,False
AGAJHXN5EQE4AAKAJQBTWVFBHUZA,1638,5977,6259,0.014569,0.000000,0.981289,0.957087,0.037520,-0.037520,inf,p_lb=0,False
AHQ45D2CUWAGTV6DWHF6NFNHQZVA,1639,2595,1865,0.005814,0.000000,0.980099,0.954021,0.068955,-0.068955,inf,p_lb=0,False
AFXLQ7ARUN4XYZJTA3ACK2O3JQGQ,1640,3631,3692,0.015789,0.000000,0.982299,0.958107,0.048800,-0.048800,inf,p_lb=0,False
AE7ZWVM3BUBG5OFF37ALYQHHVHVQ,1641,5407,4480,0.012357,0.000000,0.980771,0.956066,0.044395,-0.044395,inf,p_lb=0,False
AEPZDFSFXPXSXHZA4IXIXULF4Z2A,1642,4853,4150,0.017682,0.000000,0.982120,0.958107,0.046028,-0.046028,inf,p_lb=0,False
AHH34KMAZWX4Z6F6A2K5RSPGNIXA,1643,2331,2377,0.011577,0.000000,0.980749,0.954993,0.061016,-0.061016,inf,p_lb=0,False
AEGKIWEMRGD2CHDPEK76OY5P5TIQ,1644,3298,3297,0.012081,0.000000,0.981995,0.959075,0.051588,-0.051588,inf,p_lb=0,False
AGSRO7NXV6VMSP7OXAONAB7F57QQ,1645,8619,9124,0.013614,0.000000,0.981984,0.957087,0.031075,-0.031075,inf,p_lb=0,False
AG7JCEMC64AM7JPATDVGP6YZOTXA,1646,6420,6345,0.013080,0.000000,0.980755,0.957036,0.037266,-0.037266,inf,p_lb=0,False
AGQFCDF5RI4T2SSMDP6VIKZZ3WRA,1647,3128,2882,0.008955,0.000000,0.981978,0.959126,0.055175,-0.055175,inf,p_lb=0,False
AFQX5RZCEG3AJ34QRKGSXYXLJENA,1648,3693,2797,0.010724,0.000000,0.981052,0.954993,0.056249,-0.056249,inf,p_lb=0,False
AGLW4V36VALHKI723PRQCKH2S7TA,1649,2404,2189,0.007859,0.000000,0.979643,0.957087,0.063443,-0.063443,inf,p_lb=0,False
AEGW32IMIBSQUFG36RADHHKLKS4Q,1650,5766,3288,0.013924,0.000000,0.982166,0.957087,0.051766,-0.051766,inf,p_lb=0,False
AHYOSWORVZFXM5QMRIAW3JTTFFIQ,1651,3161,3936,0.010502,0.000000,0.980867,0.956066,0.047364,-0.047364,inf,p_lb=0,False
AEPUMWKGBOVGCCEZFLLWZHXWYXUA,1652,5547,7261,0.013699,0.000000,0.982228,0.959126,0.034761,-0.034761,inf,p_lb=0,False
AELBPKLT4D4UEWZC4G6ZRKHRAXKA,1653,4432,4950,0.012938,0.000000,0.980775,0.956066,0.042235,-0.042235,inf,p_lb=0,False
AF3HOFY5T4LHGCCWXV5TUVVIVKHQ,1654,3536,4239,0.011797,0.000000,0.980899,0.958107,0.045542,-0.045542,inf,p_lb=0,False
AE3NBHX3ODICQE5ITCUEA7LGWYTQ,1655,3186,2591,0.008446,0.000000,0.980551,0.955044,0.058439,-0.058439,inf,p_lb=0,False
AHEJIQT7RQLPD6YSWNECMR2ONLAQ,1656,4384,4840,0.011253,0.000000,0.981047,0.957087,0.042667,-0.042667,inf,p_lb=0,False
AFNQHTOCHFLU75HS34DIMKZB4EXA,1657,12279,10303,0.014601,0.000000,0.981879,0.958107,0.029212,-0.029212,inf,p_lb=0,False
AG5UFUTELKFDXDVYOB6PZTL7VXXQ,1658,3701,2847,0.006897,0.000000,0.979914,0.954021,0.055810,-0.055810,inf,p_lb=0,False
AE5IOP6QCVK6HFXARBV7LRNR7ELA,1659,3098,2613,0.009569,0.000000,0.981951,0.958107,0.058007,-0.058007,inf,p_lb=0,False
AGSEHOCLLZ54KVP5F7OTRMX65FMQ,1660,3906,3964,0.016441,0.000000,0.981688,0.958056,0.047098,-0.047098,inf,p_lb=0,False
AHZTEZKKMQTPNZW3AYURV4YDN42Q,1661,17047,17491,0.017569,0.001741,0.981295,0.956066,0.022468,-0.020877,3188032.447237,eps_dominant,False
AGHBGROMHVS5PWXSAU4UXTEYR6GA,1662,3706,3809,0.013039,0.000000,0.980986,0.956015,0.048149,-0.048149,inf,p_lb=0,False
AGE6JTC6BUGXNMZONP632XOJH2NA,1663,3315,2658,0.010249,0.000000,0.981111,0.957087,0.057575,-0.057575,inf,p_lb=0,False
AEFZSGWL3X6Z2VS65UON57NIJPMA,1664,4122,3333,0.010896,0.000000,0.981744,0.956066,0.051470,-0.051470,inf,p_lb=0,False
AEHCPFOSFRCQDQJUNBXOLPM2YU6Q,1665,10189,10101,0.008487,0.000000,0.980724,0.956015,0.029567,-0.029567,inf,p_lb=0,False
AHX2VMU5UQYI7NLQGGLUBO4NLOZQ,1666,3349,2793,0.013055,0.000000,0.981491,0.954993,0.056289,-0.056289,inf,p_lb=0,False
AGIKKF3C6ZIR7OPIRG54DDZV4ZOA,1667,3712,3384,0.012429,0.000000,0.981386,0.957087,0.051026,-0.051026,inf,p_lb=0,False
AE3L62CWQPQTOUP75PH4X4HMY4CA,1668,3012,2864,0.009709,0.000000,0.982232,0.958056,0.055409,-0.055409,inf,p_lb=0,False
AED4A5D3XDKTGB566GFP7YQLSHBQ,1669,12759,12615,0.018496,0.000000,0.982363,0.958107,0.026400,-0.026400,inf,p_lb=0,False
AHSLEMZLSENEF25Q44NSLG4O47VA,1670,2916,3582,0.011723,0.000000,0.980668,0.957036,0.049599,-0.049599,inf,p_lb=0,False
AG7PZ2PX5RJBIQYTFNIRY5QOWSOA,1671,6849,5939,0.012203,0.000000,0.981940,0.957087,0.038517,-0.038517,inf,p_lb=0,False
AFNLQIHXE4EPQVKXFNLHR5K6H7SA,1672,1565,2318,0.007143,0.000000,0.980937,0.957087,0.061653,-0.061653,inf,p_lb=0,False
AEOK7C5TRDZG6XYAOH5LOR3V5ICA,1673,2836,2780,0.009259,0.000000,0.980807,0.952997,0.056539,-0.056539,inf,p_lb=0,False
AFZUG6V6C5UTP3V3TZJJSJGJTCJA,1674,4827,4615,0.014167,0.000000,0.980929,0.958005,0.043652,-0.043652,inf,p_lb=0,False
AHSVSD5BR67JQAYQKHTKVINJBQMQ,1675,3368,3422,0.013580,0.000000,0.981158,0.958056,0.050691,-0.050691,inf,p_lb=0,False
AFEFFFWPK6A4NTSVTBW7Q7KSOFQA,1676,10054,8672,0.016285,0.000000,0.981628,0.958056,0.031843,-0.031843,inf,p_lb=0,False
AFJU3FGQUWXM6XKMDC2FKSYYEZUQ,1677,6342,5247,0.015237,0.000000,0.981934,0.957087,0.040978,-0.040978,inf,p_lb=0,False
AG6WKA67A7SMVKMN7YMI6LTC62PA,1678,2244,2606,0.005926,0.000000,0.980647,0.953970,0.058336,-0.058336,inf,p_lb=0,False
AGEOZXPAYILCESAOSE2D3MWKWYLA,1679,6585,6809,0.014826,0.000000,0.981157,0.957036,0.035974,-0.035974,inf,p_lb=0,False
AGDQKZQCELHEX6KUAHQOMVOQFTLQ,1680,4430,4020,0.013220,0.000000,0.981152,0.957036,0.046819,-0.046819,inf,p_lb=0,False
AEFYY4OQWFEI5GGGONXYESM5S5BQ,1681,9481,9391,0.015344,0.000000,0.982117,0.959126,0.030565,-0.030565,inf,p_lb=0,False
AHO3ZTW4HFSGBV7UNIZN7PW74CSQ,1682,5451,5619,0.017154,0.000000,0.981896,0.957087,0.039599,-0.039599,inf,p_lb=0,False
AFXQNE3PUIC6FOZ7WFZZ757LE74Q,1683,3661,3387,0.015012,0.000000,0.981243,0.957087,0.051004,-0.051004,inf,p_lb=0,False
AETHKES5SOD7LCBRQTFKZJTSOYFA,1684,4039,3677,0.012600,0.000000,0.982053,0.957087,0.048951,-0.048951,inf,p_lb=0,False
AFNHSZFT2L4XI2SBCC4RKRNY3HRQ,1685,3738,2971,0.009524,0.000000,0.981638,0.958056,0.054403,-0.054403,inf,p_lb=0,False
AFAOLRTHKC36JVPANVADVOWZDW2Q,1686,2322,3038,0.007220,0.000000,0.981222,0.957087,0.053854,-0.053854,inf,p_lb=0,False
AF7UUOEIY6ZART4P6WQGG7XU2SSQ,1687,3699,3875,0.012022,0.000000,0.981420,0.959126,0.047583,-0.047583,inf,p_lb=0,False
AHIS5MNAQJU5EVZAMG4FG7DEFJVQ,1688,3461,2881,0.012103,0.000000,0.980921,0.957036,0.055305,-0.055305,inf,p_lb=0,False
AG7CY7WL33GTS4OKJJ66WL5VM3LA,1689,2165,2841,0.011704,0.000000,0.981346,0.957087,0.055690,-0.055690,inf,p_lb=0,False
AFRPPMLQA6US5AGWTNF6IFGMBHJA,1690,4350,4111,0.012511,0.000000,0.981922,0.957087,0.046295,-0.046295,inf,p_lb=0,False
AFWGSI3AV3UORK7AHCCYA763KEYA,1691,3952,3759,0.008000,0.000000,0.981471,0.958107,0.048363,-0.048363,inf,p_lb=0,False
AH5DZ3X7JLNNTZU6QNP72JXJ5NQQ,1692,6959,7286,0.011183,0.000000,0.981865,0.959024,0.034705,-0.034705,inf,p_lb=0,False
AHV4TIFEIBV4GIILG6BATSJQZDUQ,1693,1855,2139,0.009333,0.000000,0.979992,0.955044,0.064318,-0.064318,inf,p_lb=0,False
AESC5REXK7R6DR5ODABVECWGNJCA,1694,2990,3164,0.012690,0.000000,0.980831,0.957036,0.052773,-0.052773,inf,p_lb=0,False
AFCWPO23NJUDE2XHXFB6MFNJOB6A,1695,3001,3266,0.015385,0.000000,0.981114,0.956066,0.051995,-0.051995,inf,p_lb=0,False
AEW5HVT4YG5IO4C5U3H6VC64WWWA,1696,1948,2986,0.010782,0.000000,0.981162,0.958056,0.054266,-0.054266,inf,p_lb=0,False
AEQ5HOT4X5OKYDVOVDEIEZZTQIMA,1697,3491,3643,0.009404,0.000000,0.980622,0.957087,0.049179,-0.049179,inf,p_lb=0,False
AG23JMWXXL26P4BXUKDALHP5MKWA,1698,2983,3162,0.015007,0.000000,0.981258,0.957087,0.052787,-0.052787,inf,p_lb=0,False
AHNNWOH7UJJZ2MRAVJYI7QEKFWKA,1699,2391,2475,0.008489,0.000000,0.979157,0.955044,0.059793,-0.059793,inf,p_lb=0,False
AETNNBJAVBJBCISV56OOOWLPJMIA,1700,6198,5555,0.011842,0.000000,0.980800,0.957087,0.039826,-0.039826,inf,p_lb=0,False
AGC2S4H5UCCL24WP7V3YJVMQN6XA,1701,3206,3993,0.008264,0.000000,0.982406,0.958056,0.046927,-0.046927,inf,p_lb=0,False
AEVYDTEJFNREETYZ6Z426MY4YINQ,1702,2870,3247,0.009077,0.000000,0.980737,0.955044,0.052203,-0.052203,inf,p_lb=0,False
AHNI46X4ZHR5O4XL2JWBDFJNVHMQ,1703,2903,3186,0.007634,0.000000,0.980051,0.957036,0.052591,-0.052591,inf,p_lb=0,False
AG2L2V7VZCTSJXDAMHS2IQKGK4XQ,1704,11189,11377,0.009729,0.000000,0.980292,0.957036,0.027830,-0.027830,inf,p_lb=0,False
AE5WIXDVVE4ELVZ3GTARNEEVOBKA,1705,13481,14029,0.016206,0.000000,0.982025,0.958056,0.025036,-0.025036,inf,p_lb=0,False
AHC4UURWTZDM66EK3QASG2PNSFPQ,1706,5802,5541,0.016260,0.000000,0.981501,0.957087,0.039876,-0.039876,inf,p_lb=0,False
AGPMIOI4VJG34LTTSDK7SR4PHQLA,1707,1871,1922,0.011628,0.000000,0.979635,0.954993,0.067855,-0.067855,inf,p_lb=0,False
AHSZXCJL6TJGVOVCZ4SFUYWDMMZQ,1708,6103,5609,0.010437,0.000000,0.981702,0.957087,0.039634,-0.039634,inf,p_lb=0,False
AGJHBER7DOTPFKZBFMEC6GQ4H3EQ,1709,4996,5335,0.014173,0.000000,0.981866,0.957036,0.040641,-0.040641,inf,p_lb=0,False
AHSTHVDE6D2AV6M5NYKF2V2ZZUDA,1710,2750,2817,0.012422,0.000000,0.980818,0.957087,0.055926,-0.055926,inf,p_lb=0,False
AGRBCVBFSGXC3IOJMZLUSLD75AQQ,1711,2576,2721,0.013255,0.000000,0.981531,0.958056,0.056847,-0.056847,inf,p_lb=0,False
AGBMTWVIUOIHVH55POZS4KZ2HLPQ,1712,2056,2247,0.010050,0.000000,0.980531,0.956015,0.062690,-0.062690,inf,p_lb=0,False
AFXBZTQQFKBDOGT2NSQVEE5VHKCQ,1713,2089,2537,0.013353,0.000000,0.981501,0.958056,0.058872,-0.058872,inf,p_lb=0,False
AEEVEI7O66NCAIZN4VGVZHYLJPOQ,1714,3055,2308,0.010292,0.000000,0.979896,0.952946,0.062055,-0.062055,inf,p_lb=0,False
AHMU7BKERSEPLJEPFYFDWQ4IR22A,1715,2332,2513,0.009274,0.000000,0.981030,0.958056,0.059153,-0.059153,inf,p_lb=0,False
AFTS2ADH7XVJ5VNQCXLYVNMTJNGQ,1716,8676,7863,0.013533,0.000000,0.981570,0.958056,0.033441,-0.033441,inf,p_lb=0,False
AG4D44BNNLUEZNG7COK2CNRYUHYQ,1717,5014,5260,0.013709,0.000000,0.981670,0.956015,0.040974,-0.040974,inf,p_lb=0,False
AGQEOPDLRRHUGN4UAU3TZFQQ6KUQ,1718,3561,3510,0.011208,0.000000,0.982187,0.959075,0.049998,-0.049998,inf,p_lb=0,False
AELXQXLPI44TDSYJTF7SVIJ4YHIQ,1719,3685,4079,0.007092,0.000000,0.981039,0.956015,0.046529,-0.046529,inf,p_lb=0,False
AH3NR6XSWEZ6KZEWH52WYA5CBZMQ,1720,5870,6149,0.017497,0.000000,0.982264,0.958107,0.037813,-0.037813,inf,p_lb=0,False
AEMXI5DX7EYO7YHIWRHZQHLRPJGA,1721,3682,2358,0.009419,0.000000,0.981266,0.958107,0.061063,-0.061063,inf,p_lb=0,False
AFDNVPMB44ZS5O2CSJTL47BI2QTQ,1722,11055,11166,0.011863,0.000000,0.982029,0.959126,0.028031,-0.028031,inf,p_lb=0,False
AHWARWFS7J5QIBMJJRHE2XHFNGHQ,1723,2474,1929,0.013746,0.000000,0.981474,0.957036,0.067588,-0.067588,inf,p_lb=0,False
AFCXZMRKPFASNFASWKYGQA3KOFSA,1724,3365,3818,0.010834,0.000000,0.981084,0.957036,0.048041,-0.048041,inf,p_lb=0,False
AEXEA5OJQ2MKMKW4R2CTOAG6VHSQ,1725,2962,2715,0.009695,0.000000,0.981343,0.957087,0.056967,-0.056967,inf,p_lb=0,False
AG2OYMADQUADYDHDVGEQCQQIQU2A,1726,3131,2837,0.011327,0.000000,0.981642,0.956066,0.055788,-0.055788,inf,p_lb=0,False
AGBCW524EY75I4GQ3NX2SJA5TOQA,1727,3467,3635,0.009143,0.000000,0.981392,0.958107,0.049181,-0.049181,inf,p_lb=0,False
AHXVRHUOXQOI2QAMSOZQYEMB6PPQ,1728,4730,4558,0.013969,0.000000,0.980563,0.955044,0.044061,-0.044061,inf,p_lb=0,False
AGWPLX6PRQI76ME7NEH5CGCOW4FA,1729,5366,4385,0.012871,0.000000,0.982283,0.958107,0.044778,-0.044778,inf,p_lb=0,False
AHQRUMMBNH5Z4EVFKPHDC4GJG3UQ,1730,3172,2873,0.009736,0.000000,0.981113,0.956015,0.055441,-0.055441,inf,p_lb=0,False
AE4PDGC7A45A4KDP6EMY47BGECNA,1731,4737,5115,0.013640,0.000000,0.982001,0.957036,0.041506,-0.041506,inf,p_lb=0,False
AGRTXUUEFPETZQT2722PETQGPAKQ,1732,2680,3005,0.005030,0.000000,0.980985,0.958107,0.054091,-0.054091,inf,p_lb=0,False
AGXW4GMCZS36YKWXW6UNNQVIVPDQ,1733,7571,7800,0.014085,0.000000,0.981965,0.959126,0.033538,-0.033538,inf,p_lb=0,False
AGU2OU5SZRWSPMRR3WXEBTA74VCQ,1734,2736,2823,0.009284,0.000000,0.980956,0.957087,0.055867,-0.055867,inf,p_lb=0,False
AEBWQ2GVFZS7DBIN4Y7TR5IYJ25Q,1735,2676,3103,0.012228,0.000000,0.981255,0.957036,0.053290,-0.053290,inf,p_lb=0,False
AE5E7LP2G67TUD3AOUNWDLTCAGIA,1736,4080,2692,0.012876,0.000000,0.982092,0.958107,0.057149,-0.057149,inf,p_lb=0,False
AEQKWYUMGE4XQ2LIM43ACOBFGRKA,1737,3168,2677,0.014398,0.000000,0.981757,0.959126,0.057248,-0.057248,inf,p_lb=0,False
AHWBB45Y4C7RMXLHNXOOG7YPSCIQ,1738,3052,3162,0.009358,0.000000,0.980491,0.956015,0.052846,-0.052846,inf,p_lb=0,False
AEYVCA7335K6ZSPAFZ2DEQGVPU3Q,1739,2713,2124,0.008591,0.000000,0.978860,0.952997,0.064683,-0.064683,inf,p_lb=0,False
AF3GEGWGFHF5BHOAKC3BMXO6TVKA,1740,2490,3354,0.006831,0.000000,0.981124,0.956066,0.051309,-0.051309,inf,p_lb=0,False
AHOEMVRSDDBHFUNOSI7RWHACVQHQ,1741,2904,2561,0.012894,0.000000,0.979982,0.954021,0.058843,-0.058843,inf,p_lb=0,False
AHARNUEGZ7Z2HOOX36AUNGBYUDWQ,1742,2259,2178,0.009967,0.000000,0.981285,0.954021,0.063808,-0.063808,inf,p_lb=0,False
AHZOLZNKJ2RYBU6HONMMBO3K2DEA,1743,2726,3026,0.011125,0.000000,0.979897,0.956066,0.054018,-0.054018,inf,p_lb=0,False
AEJP557V5GGMT74RJBHACELPQGUA,1744,4278,3176,0.011180,0.000000,0.981980,0.956066,0.052727,-0.052727,inf,p_lb=0,False
AGFXY5HVXFJFJ2SJDGZL5YLGR6RA,1745,2066,2252,0.010870,0.000000,0.981721,0.959126,0.062417,-0.062417,inf,p_lb=0,False
AHSJS6DJLJXZS4IS72QU3PPJDDGA,1746,2601,1580,0.009412,0.000000,0.980942,0.957036,0.074680,-0.074680,inf,p_lb=0,False
AGNBQTR2GWKJT5ZW6W4AUOP6P7SA,1747,3588,3339,0.008475,0.000000,0.979950,0.952997,0.051590,-0.051590,inf,p_lb=0,False
AH3EIX5R7MWRNMAOUAC3M2BIM7NQ,1748,6056,5251,0.008021,0.000000,0.981353,0.955044,0.041050,-0.041050,inf,p_lb=0,False
AFXSVEP3YV4X5H2YRFZJGLAFFZWQ,1749,11866,13167,0.014661,0.000000,0.981452,0.957087,0.025868,-0.025868,inf,p_lb=0,False
AGMRMTUJSE5BHHM3NIVFC4LDTLIQ,1750,2972,3335,0.013333,0.000000,0.981900,0.956066,0.051455,-0.051455,inf,p_lb=0,False
AEBECS4OEJWMFQPDJGEC52HMUMQA,1751,2496,2989,0.012771,0.000000,0.980891,0.956015,0.054354,-0.054354,inf,p_lb=0,False
AF3IMSGEUBADYHCWVA2GMLOLGLRQ,1752,4669,4554,0.010453,0.000000,0.981749,0.957087,0.043986,-0.043986,inf,p_lb=0,False
AGZXNJ2PV5A4ESO3LJBL7Z6UQXAA,1753,3204,2738,0.011173,0.000000,0.981123,0.957036,0.056730,-0.056730,inf,p_lb=0,False
AGFTTJHW3JROK22D5O7AJIWHUGUA,1754,15464,15375,0.018142,0.001260,0.982049,0.959126,0.023888,-0.022729,6005426.467805,eps_dominant,False
AHEPSUTVYH4JWCYPJNRQYNWPCDDQ,1755,3957,3937,0.010695,0.000000,0.981899,0.959075,0.047209,-0.047209,inf,p_lb=0,False
AFK6BWT7CLDV7GB6BNWKJ4M525YQ,1756,3827,4492,0.012552,0.000000,0.981748,0.957087,0.044288,-0.044288,inf,p_lb=0,False
AGXW65JPLFRFATNRHS7W7IQJXHUQ,1757,3069,3219,0.012956,0.000000,0.981523,0.957087,0.052318,-0.052318,inf,p_lb=0,False
AE3665VDHEZ2735T5HT7QFJI5SMA,1758,3708,3155,0.015029,0.000000,0.981136,0.956066,0.052902,-0.052902,inf,p_lb=0,False
AGFRYMX6TRFD2SEB3OTD53KBO2QA,1759,3455,3298,0.012469,0.000000,0.981651,0.956066,0.051743,-0.051743,inf,p_lb=0,False
AGLMC44V6XOE47WXTAWKUZVCO4BA,1760,1814,2102,0.010274,0.000000,0.979898,0.952997,0.065021,-0.065021,inf,p_lb=0,False
AFGTWWOJY6YDBQTS3MLKBDIU4PRA,1761,4268,3357,0.012210,0.000000,0.981289,0.954993,0.051343,-0.051343,inf,p_lb=0,False
AHICGNERKGDX6HTSQXCO6CZV2TDA,1762,2949,3080,0.008505,0.000000,0.979799,0.955044,0.053600,-0.053600,inf,p_lb=0,False
AHA3DNMQOCMQGOK6RYLBYFTW7OWA,1763,2326,2921,0.008982,0.000000,0.980270,0.957087,0.054922,-0.054922,inf,p_lb=0,False
AHQOIFJGCVRXQSUD3LDINCGNX7IQ,1764,2905,3119,0.007958,0.000000,0.981129,0.956066,0.053207,-0.053207,inf,p_lb=0,False
AGDTZA7K2JTIM3RXVJSKEWD3FXNA,1765,2073,2746,0.010283,0.000000,0.979213,0.955044,0.056766,-0.056766,inf,p_lb=0,False
AH4WPD5UUVJGONWDBWJKFXVTOXGA,1766,3396,3183,0.010989,0.000000,0.980235,0.956066,0.052669,-0.052669,inf,p_lb=0,False
AEZUL3R34WWAORYARPTJG2X6KC5Q_1,1767,16406,16576,0.013998,0.000000,0.981685,0.958056,0.023032,-0.023032,inf,p_lb=0,False
AETGCWXC47MSMK6B2TLZ44KCFJZQ,1768,2567,2932,0.008487,0.000000,0.980332,0.956066,0.054877,-0.054877,inf,p_lb=0,False
AETLOI346AO5NNO4K4BLOUGSHFQA,1769,2636,2752,0.009600,0.000000,0.981114,0.958107,0.056523,-0.056523,inf,p_lb=0,False
AHSOZEZXI6YMY3LM3UAOKVNVDKPA,1770,3682,3886,0.010227,0.000000,0.980817,0.956066,0.047667,-0.047667,inf,p_lb=0,False
AEFABG7LRFZVH33RQKZ7YNXECC6A,1771,2665,2693,0.011024,0.000000,0.981126,0.955044,0.057322,-0.057322,inf,p_lb=0,False
AHGGZHNL3AGAKYIBU6CBUQORYUSQ,1772,1814,2087,0.008711,0.000000,0.979571,0.954021,0.065184,-0.065184,inf,p_lb=0,False
AHPOBCUP2UBXTXYUQWCPH2U4VGEQ,1773,4173,4897,0.011142,0.000000,0.981271,0.957036,0.042420,-0.042420,inf,p_lb=0,False
AHPAZHQXXDK2T4ITHUTDY3PKZS5A,1774,4101,3818,0.013100,0.000000,0.981205,0.958107,0.047988,-0.047988,inf,p_lb=0,False
AFQF4MA6OXHSWGMXSIBLC3E52AYA,1775,3023,3331,0.012300,0.000000,0.981536,0.957087,0.051431,-0.051431,inf,p_lb=0,False
AFXKFLPPZZYYA3UFWVV3PRV4NVRQ,1776,2202,2480,0.011429,0.000000,0.979848,0.950894,0.059993,-0.059993,inf,p_lb=0,False
AGIBOWXXHX5LFZICWOIGRCRWPTDQ,1777,3799,4530,0.015579,0.000000,0.982069,0.958107,0.044055,-0.044055,inf,p_lb=0,False
AFSBABG7RACUQLOTENHB6GOAJYVA,1778,2671,2767,0.006219,0.000000,0.980884,0.958107,0.056369,-0.056369,inf,p_lb=0,False
AF2T2NURQISR3BHXLKR647ILUOFQ,1779,7014,6568,0.012111,0.000000,0.980958,0.957087,0.036626,-0.036626,inf,p_lb=0,False
AFFETTREBYRVZ25DYQKUHBF2X2LA,1780,4537,5313,0.013652,0.000000,0.982257,0.959126,0.040636,-0.040636,inf,p_lb=0,False
AEAV6DQ5GDYWY72VTH2TRC2QA6QQ,1781,3031,2250,0.010399,0.000000,0.981288,0.956066,0.062644,-0.062644,inf,p_lb=0,False
AEFQEZEU4ARVWWNLFQAYV26LBUQA,1782,2433,3142,0.009091,0.000000,0.981392,0.957087,0.052955,-0.052955,inf,p_lb=0,False
AEIADAB2WYAUS2QNAIW65MGIDTNA,1783,3096,3055,0.010558,0.000000,0.981668,0.957036,0.053707,-0.053707,inf,p_lb=0,False
AFC5MFTGAM4N2SK3QGBSMPC6ICQA,1784,4434,3521,0.011482,0.000000,0.981621,0.955044,0.050131,-0.050131,inf,p_lb=0,False
AEDCAPZDU5DXR433NEDAE7DZHY4Q,1785,2879,3028,0.012483,0.000000,0.982017,0.958107,0.053885,-0.053885,inf,p_lb=0,False
AF7AJKISXNRQBAZKQPSXNAZ22QEA,1786,4213,5542,0.014855,0.000000,0.981988,0.956066,0.039915,-0.039915,inf,p_lb=0,False
AF6VWYHPUYOKOKNW5ET3RUJ2PMVA,1787,4073,3454,0.011364,0.000000,0.981164,0.957036,0.050509,-0.050509,inf,p_lb=0,False
AGMXZ76NFVTSMHB36ENLFVWU3HKA,1788,2243,2740,0.008345,0.000000,0.980697,0.956066,0.056767,-0.056767,inf,p_lb=0,False
AHI6LJKGAE5OOUFN2ZITFVROGLJA,1789,2888,3329,0.013253,0.000000,0.981202,0.958056,0.051394,-0.051394,inf,p_lb=0,False
AGLGCQJ6R7DK2HOZRYGHMQ7D6BTA,1790,7338,6743,0.011494,0.000000,0.981918,0.958107,0.036109,-0.036109,inf,p_lb=0,False
AF3ERH3TU72TZ3MY334WSSPPPZEQ,1791,7192,7225,0.010943,0.000000,0.981541,0.955044,0.034996,-0.034996,inf,p_lb=0,False
AFHZYGTGYN4MY4HW2P3K5U7FMVUA,1792,5218,3598,0.013189,0.000000,0.981451,0.958107,0.049433,-0.049433,inf,p_lb=0,False
AH3SKZJFV5YLTSKRJLMWP5BVEKNA,1793,3722,3401,0.011439,0.000000,0.980712,0.956066,0.050953,-0.050953,inf,p_lb=0,False
AFZJKSYKMWCFNXIVQQ33VAJIL7UA,1794,3098,2953,0.012180,0.000000,0.981238,0.957036,0.054626,-0.054626,inf,p_lb=0,False
AHXUNS4RYQXI2O4FLAKVE7FA5TBQ,1795,3026,3629,0.005952,0.000000,0.982109,0.959126,0.049169,-0.049169,inf,p_lb=0,False
AEM3DX4EPJH4P6HSKK7FV6FTA4XA,1796,2631,2513,0.010274,0.000000,0.980072,0.957036,0.059216,-0.059216,inf,p_lb=0,False
AFTPC7XK7ZWHRGU622TBRJVDQ5MQ,1797,4904,4609,0.014318,0.000000,0.980877,0.957036,0.043725,-0.043725,inf,p_lb=0,False
AHTPMTGKDKEHK2LICVISESYKFCSA,1798,8829,8719,0.014636,0.000000,0.981458,0.955044,0.031857,-0.031857,inf,p_lb=0,False
AHFXTIAWOGPOJFLIXLHBTSKEM4SQ,1799,4106,3029,0.012308,0.000000,0.981686,0.960092,0.053765,-0.053765,inf,p_lb=0,False
AEDBLGC272WA4ZTVJFCW6XAZ37LQ,1800,2459,3286,0.012361,0.000000,0.980367,0.955044,0.051892,-0.051892,inf,p_lb=0,False
AFWX42STP4GA3B3ORU66C65YZJ7A,1801,3492,3320,0.014840,0.000000,0.981746,0.957087,0.051516,-0.051516,inf,p_lb=0,False
AEIY34D6GHL47CSXOINXLX437PTA,1802,2839,3438,0.013118,0.000000,0.980286,0.955044,0.050732,-0.050732,inf,p_lb=0,False
AE342HUMEILY6AYRPTDSYOCVVATA,1803,2809,2442,0.016129,0.000000,0.982024,0.958056,0.060006,-0.060006,inf,p_lb=0,False
AGUPNA6RKHWNICAGB7YNK4LCSOZA,1804,2609,2402,0.009950,0.000000,0.980774,0.955044,0.060695,-0.060695,inf,p_lb=0,False
AGK3KPVKOY7WCWL42YFVX4JFTKVQ,1805,3305,3321,0.012761,0.000000,0.981670,0.956066,0.051563,-0.051563,inf,p_lb=0,False
AEE33OSHYGNPVW65BJVDZQ5QWWUA,1806,32350,35604,0.014954,0.003860,0.981787,0.957087,0.015731,-0.012195,645553.961208,eps_dominant,False
AGM2QNWSUKRBQTUCHVPRWCIYSZ3Q,1807,2457,3260,0.009143,0.000000,0.981957,0.958107,0.051932,-0.051932,inf,p_lb=0,False
AEIZ3OK5TPZ7MTYXHKCHMG5MQWJQ,1808,1898,2448,0.010145,0.000000,0.980355,0.955044,0.060122,-0.060122,inf,p_lb=0,False
AEOEUEZINH6432YDLXJENERMAR3A,1809,6569,7572,0.011219,0.000000,0.981562,0.957087,0.034112,-0.034112,inf,p_lb=0,False
AGECFB3AOIPXBVOGL5W2J5NR2NTA,1810,2920,3273,0.011603,0.000000,0.979552,0.954021,0.052051,-0.052051,inf,p_lb=0,False
AGKG4QSOD5HI433GAXYTG4O67XAA,1811,4080,4806,0.013932,0.000000,0.981418,0.957036,0.042819,-0.042819,inf,p_lb=0,False
AF7G7ICZETLURH773PBFYFN37JBQ,1812,3398,3344,0.011820,0.000000,0.981171,0.958056,0.051279,-0.051279,inf,p_lb=0,False
AFA367Z5MOI5XVW7IAQJS7OGXKMA,1813,4133,4478,0.013230,0.000000,0.981526,0.957036,0.044360,-0.044360,inf,p_lb=0,False
AEVMRLM3SY7CPJJXU3CBA3LU3AZQ,1814,2570,4105,0.012291,0.000000,0.981831,0.958107,0.046280,-0.046280,inf,p_lb=0,False
AERZDTK72SST4ZOP5DP6D25SOYXA,1815,2812,3365,0.010441,0.000000,0.980659,0.957036,0.051173,-0.051173,inf,p_lb=0,False
AFPPNF3RSFMMNC5UAM6V4B475MBQ,1816,51010,47227,0.017154,0.007521,0.982070,0.957087,0.013659,-0.006769,170042.384188,eps_dominant,False
AHTEFBKI5JV3MIF27A6JBWFYLUIA,1817,4793,3980,0.009202,0.000000,0.981771,0.959126,0.046951,-0.046951,inf,p_lb=0,False
AECJHMLCMX2LYNTA53VGJOCRN4IA,1818,3648,3980,0.016114,0.000000,0.981825,0.959126,0.046951,-0.046951,inf,p_lb=0,False
AEXP4AULLRFINXRFJ3FXQDFYYOWA,1819,2857,2585,0.007587,0.000000,0.981076,0.957036,0.058385,-0.058385,inf,p_lb=0,False
AH4YBVO724V3BJUUFP4DBFQGNEHQ,1820,10292,10041,0.017857,0.000000,0.982285,0.959075,0.029561,-0.029561,inf,p_lb=0,False
AHQRO6CGJW7NXE5PLDR3H6A7J6GQ,1821,1908,2474,0.011869,0.000000,0.980094,0.954021,0.059869,-0.059869,inf,p_lb=0,False
AE2G43TSRIY2IGH3G7QCXLISYTWA,1822,1454,1978,0.008897,0.000000,0.980193,0.957087,0.066742,-0.066742,inf,p_lb=0,False
AFXWRYKUE5QNX4J2WGCX4TNRUKHQ,1823,2309,2060,0.010676,0.000000,0.980435,0.954021,0.065610,-0.065610,inf,p_lb=0,False
AEVHSN37PYEPB3FVHZPD3KB4FIGA,1824,3242,3176,0.009423,0.000000,0.981976,0.956066,0.052727,-0.052727,inf,p_lb=0,False
AGGVWJCNYRITT2IQMXPQBRXA2IPA,1825,6943,7674,0.015889,0.000000,0.981927,0.960143,0.033776,-0.033776,inf,p_lb=0,False
AHBWAVRW22FT4GAN2VTWYNAEQFHQ,1826,14901,13854,0.013849,0.000000,0.982051,0.959126,0.025165,-0.025165,inf,p_lb=0,False
AHXC6RWIQNNNVBU7LDEMFHY32QPA,1827,2701,2954,0.011749,0.000000,0.981181,0.957036,0.054617,-0.054617,inf,p_lb=0,False
AHTFCHR7EEPL74GXYDKXEPITDMUA,1828,2879,2648,0.013959,0.000000,0.980729,0.956066,0.057745,-0.057745,inf,p_lb=0,False
AGYIYHWC5EJWEENTNN2IMPFEWKSQ,1829,5239,4734,0.009540,0.000000,0.980868,0.956985,0.043146,-0.043146,inf,p_lb=0,False
AHBZUJHBQTT2XLRRAJMAIQ6SDWYQ,1830,3181,3691,0.012832,0.000000,0.981704,0.959126,0.048754,-0.048754,inf,p_lb=0,False
AGMZZSWOJMQ5T2RJD7ALKPU5Q7RQ,1831,2903,2101,0.009259,0.000000,0.981153,0.957087,0.064758,-0.064758,inf,p_lb=0,False
AFBE65EUNTT4L5B2OFQTKZMMNTCQ,1832,2806,2775,0.010401,0.000000,0.980627,0.956066,0.056408,-0.056408,inf,p_lb=0,False
AGG247BNLSVS5QC2V6WRHKRRA3HA,1833,2051,1282,0.008152,0.000000,0.978932,0.952997,0.083258,-0.083258,inf,p_lb=0,False
AHYBD5HSNVWNAUIMWXPEAELXPE6Q,1834,1894,2289,0.006757,0.000000,0.980644,0.953970,0.062245,-0.062245,inf,p_lb=0,False
AFJ4YAHXPKZQSEJTCCJ5Z4KPYZKA,1835,2000,1856,0.008032,0.000000,0.980475,0.956066,0.068974,-0.068974,inf,p_lb=0,False
AHOEORVDRRM4NKIKRFYBA6WA3HFA,1836,7013,7826,0.013183,0.000000,0.980493,0.955044,0.033625,-0.033625,inf,p_lb=0,False
AE5HNX5HIVHJH734GBQBRKUMGYTQ,1837,6420,6576,0.012370,0.000000,0.981250,0.957087,0.036604,-0.036604,inf,p_lb=0,False
AHPJJGKSFFTOQBOIMVPHKXLU4LDA,1838,2827,3365,0.013285,0.000000,0.982318,0.959075,0.051064,-0.051064,inf,p_lb=0,False
AG7E7S3UCX7TSIX5T2XBQIJSGUBA,1839,2712,2227,0.009569,0.000000,0.981023,0.956985,0.062907,-0.062907,inf,p_lb=0,False
AF2G6T5LU5O65TBXEX5KJAWUNNQA,1840,2993,2284,0.012539,0.000000,0.980936,0.957087,0.062110,-0.062110,inf,p_lb=0,False
AELM4ZCJJNCHH5KIJAFUBUETRIZA,1841,1675,2621,0.015152,0.000000,0.981667,0.957087,0.057980,-0.057980,inf,p_lb=0,False
AHASI5YMJXXINTYKBGRHH6TYJF3Q,1842,5311,6162,0.012726,0.000000,0.981989,0.957087,0.037814,-0.037814,inf,p_lb=0,False
AGIGZYOXSFZD5ARXBWU2HYCEMV3A,1843,3456,3596,0.007772,0.000000,0.981662,0.958107,0.049447,-0.049447,inf,p_lb=0,False
AH4UJ5TB2Z26ZYO2NIBATDXD33CQ,1844,2089,1944,0.009756,0.000000,0.979567,0.955044,0.067467,-0.067467,inf,p_lb=0,False
AFV2ZL27BT6G3RTJTQ5DMYO242TQ,1845,4271,4636,0.015491,0.000000,0.982131,0.959126,0.043502,-0.043502,inf,p_lb=0,False
AF6RAMF3HODLXIH22AWPXFB5SLTQ,1846,1829,1972,0.007678,0.000000,0.978898,0.950945,0.067275,-0.067275,inf,p_lb=0,False
AELWTO2FDWKKXJRJTUVK67V4PCBA,1847,2048,1847,0.009042,0.000000,0.978977,0.954021,0.069290,-0.069290,inf,p_lb=0,False
AGH56H33R4BLJ45B26ST6ELWJJPQ,1848,3193,3818,0.011841,0.000000,0.981945,0.959126,0.047937,-0.047937,inf,p_lb=0,False
AF7JHO3LOD3C24EXXXVTSVFZCTZA,1849,8031,7473,0.013881,0.000000,0.981107,0.956066,0.034374,-0.034374,inf,p_lb=0,False
AFBWBIAQAHVF5O6BY5J7AVLBPXTQ,1850,2990,3334,0.011421,0.000000,0.981810,0.959126,0.051298,-0.051298,inf,p_lb=0,False
AHWILCXLWSKQULRFGV47UMTSOYXQ,1851,7753,7869,0.015693,0.000000,0.981988,0.957087,0.033462,-0.033462,inf,p_lb=0,False
AHBFC5KHUWMYAUZZOWESXOC5YGHA,1852,2615,2634,0.014019,0.000000,0.981682,0.958056,0.057778,-0.057778,inf,p_lb=0,False
AFF3DRE7KFNNEPNE3TQZ7WYGZLEA,1853,6975,5615,0.015293,0.000000,0.980906,0.956066,0.039655,-0.039655,inf,p_lb=0,False
AE56O6VUY4WKRV6L6YWKZFS3H3NA,1854,2998,3270,0.015113,0.000000,0.982029,0.957036,0.051911,-0.051911,inf,p_lb=0,False
AFQXUO3G3P563OKXL5C27GBJT4AQ,1855,4646,5832,0.013725,0.000000,0.981700,0.958056,0.038829,-0.038829,inf,p_lb=0,False
AEKZDFPVCEDQWPDXT7PQGNQ5XZQA,1856,1989,2011,0.006667,0.000000,0.980085,0.955044,0.066333,-0.066333,inf,p_lb=0,False
AHWYUSDSB2P3NV5H4FPRF6E45WQQ,1857,3282,3646,0.011435,0.000000,0.981557,0.958107,0.049106,-0.049106,inf,p_lb=0,False
AHVB7RJNAZ35HUAHNSYLMZDBRZBA,1858,2816,2106,0.010753,0.000000,0.980475,0.955044,0.064820,-0.064820,inf,p_lb=0,False
AHWFAMRETIELDXF3D26JA4SRA3FA,1859,12502,14482,0.018225,0.000830,0.982536,0.958107,0.024640,-0.023877,13892197.315348,eps_dominant,False
AESKKGQWJQBWLIA7JDLXARU3Q52Q,1860,2402,2034,0.003683,0.000000,0.978509,0.954021,0.066028,-0.066028,inf,p_lb=0,False
AHLW5VGKONX6PWSM3OSXDJ2DM5XA,1861,2517,1980,0.005780,0.000000,0.979711,0.953970,0.066926,-0.066926,inf,p_lb=0,False
AGLDJAFXAECQPHKDFOYDLI42RKDA,1862,2895,2694,0.012251,0.000000,0.981985,0.960092,0.057010,-0.057010,inf,p_lb=0,False
AETGGEJL7732J4VMO6KOTNIO5I3Q,1863,6828,5776,0.013233,0.000000,0.980387,0.955044,0.039140,-0.039140,inf,p_lb=0,False
AE6MKX6TWGESBF2HBPH6F7YQPFWQ,1864,2794,2748,0.010720,0.000000,0.980891,0.956066,0.056685,-0.056685,inf,p_lb=0,False
AHZYIJLRFRVKRPCB2TCDAYOUMZUQ,1865,2257,2208,0.012862,0.000000,0.980280,0.953970,0.063376,-0.063376,inf,p_lb=0,False
AGALVS634GMESOLR3NZPTBMQA2MQ,1866,2904,2046,0.008945,0.000000,0.979796,0.955044,0.065763,-0.065763,inf,p_lb=0,False
AGBJJYJ3CKEKID5PLR2QGGUZFCVA,1867,1786,2532,0.003236,0.000000,0.980788,0.957036,0.058993,-0.058993,inf,p_lb=0,False
AEH5AV4XJB5LHNTTISX22GUTPWWQ,1868,2490,2588,0.009419,0.000000,0.981223,0.956015,0.058414,-0.058414,inf,p_lb=0,False
AH4TRCQOWVEJNGWTTO55UINTHZIQ,1869,5137,4745,0.014394,0.000000,0.981505,0.958107,0.043046,-0.043046,inf,p_lb=0,False
AFGK5TZEPMOTH2NGW6WMAOX7Q4EA,1870,10700,10804,0.014986,0.000000,0.981702,0.954021,0.028649,-0.028649,inf,p_lb=0,False
AETPZ42ZJOE4UCJETADBRCLJ4ATQ,1871,3684,4360,0.010902,0.000000,0.981866,0.956066,0.045002,-0.045002,inf,p_lb=0,False
AG4IP5IZSXVECLEUJBWCPBUKBWSA,1872,2752,3659,0.009956,0.000000,0.980710,0.956066,0.049124,-0.049124,inf,p_lb=0,False
AEEI3VXIPT4LELQZ5JRMUJGAUJSQ,1873,4038,3141,0.010101,0.000000,0.981249,0.956015,0.053023,-0.053023,inf,p_lb=0,False
AE6U2ZCGCBRDU3TT3PVH44ITRLOA,1874,4097,3712,0.015927,0.000000,0.981654,0.959075,0.048619,-0.048619,inf,p_lb=0,False
AFR7G3N4UVC76GTHQP63TKQLX4TQ,1875,2883,2293,0.010972,0.000000,0.980816,0.957036,0.061991,-0.061991,inf,p_lb=0,False
AEBEMOA4RWLGGTJNMNXBX5DT4CPQ,1876,4835,3914,0.013441,0.000000,0.981339,0.958107,0.047395,-0.047395,inf,p_lb=0,False
AGAZUDCJ2HPHTM36WELPABLEBJRA,1877,3953,2971,0.009537,0.000000,0.981167,0.958107,0.054400,-0.054400,inf,p_lb=0,False
AHU3PHXO5ROPM42MGBGX2WN6IX6Q,1878,16001,15299,0.013748,0.000000,0.981877,0.957036,0.023999,-0.023999,inf,p_lb=0,False
AGGIJ3RF6WBWMAHM7OAMRALDPPCQ,1879,2284,2265,0.010545,0.000000,0.981464,0.959126,0.062237,-0.062237,inf,p_lb=0,False
AFCBVSLZEW3N4WTHKN7YCQA7DHSA,1880,2603,2932,0.010667,0.000000,0.980161,0.954021,0.054995,-0.054995,inf,p_lb=0,False
AE45JD5QTQ5VRXCJ6M4CM5TIPOPQ,1881,4123,3165,0.011905,0.000000,0.982174,0.958107,0.052706,-0.052706,inf,p_lb=0,False
AFJQ4OBA4ZV7PHBJQNERUVN7UZOA,1882,4561,5106,0.016039,0.000000,0.981492,0.955044,0.041629,-0.041629,inf,p_lb=0,False
AGXHFUENM3G65MN4BGET2DNU4IAQ,1883,8380,7746,0.015496,0.000000,0.981166,0.957036,0.033728,-0.033728,inf,p_lb=0,False
AH6GQKHNAQM6FTXP3PKFRSQUB6NA,1884,4437,4478,0.014327,0.000000,0.982068,0.958107,0.044310,-0.044310,inf,p_lb=0,False
AH4WRAMEFPMM2PVRI4QQRCUHOK5Q,1885,1707,2455,0.009831,0.000000,0.980482,0.957087,0.059908,-0.059908,inf,p_lb=0,False
AHQNBM3JFLY6FB3CB6VMF4IP2GZA,1886,2872,3224,0.010514,0.000000,0.981499,0.956015,0.052336,-0.052336,inf,p_lb=0,False
AHTCNFRA5SB5IVFQ2SICSGEBUILA,1887,9409,10009,0.015177,0.000000,0.981529,0.960092,0.029577,-0.029577,inf,p_lb=0,False
AF6T2IQSJIH6OUAJW2MH6Y6L7HAA,1888,5452,5423,0.016691,0.000000,0.982112,0.959075,0.040224,-0.040224,inf,p_lb=0,False
AET4MQOLSTJDNAS27VF6JATZECGA,1889,3102,2652,0.008969,0.000000,0.980809,0.956066,0.057701,-0.057701,inf,p_lb=0,False
AG5NIJSCYDY7JUOSKEFSKCK7JDFQ,1890,4694,4087,0.012116,0.000000,0.981837,0.958107,0.046382,-0.046382,inf,p_lb=0,False
AGENXWWALUHJKAUVANBE4SANON4Q,1891,4677,5557,0.013924,0.000000,0.981699,0.960143,0.039692,-0.039692,inf,p_lb=0,False
AHXPKRXEH44KPUX3ZJHDEOCXWOUQ,1892,4517,3920,0.008403,0.000000,0.980319,0.956066,0.047460,-0.047460,inf,p_lb=0,False
AEOK4TQIKGO23SJKZ6PW4FETNNDA_2,1893,6496,5002,0.014694,0.000000,0.981804,0.958107,0.041925,-0.041925,inf,p_lb=0,False
AFIBNLML7BE3GZIGU7SSIAGEECLA,1894,3907,3253,0.016151,0.000000,0.981273,0.958056,0.051991,-0.051991,inf,p_lb=0,False
AEVIVDBW7OKSXHS2P7KPTBSPPU7Q,1895,7661,6352,0.016285,0.000000,0.981733,0.959126,0.037165,-0.037165,inf,p_lb=0,False
AFUUJZ32PGZB4TDB6D7LLE5KHSDA,1896,3938,4786,0.012027,0.000000,0.981697,0.958107,0.042861,-0.042861,inf,p_lb=0,False
AGLS5B4FURLQYA2KPZ5GBEESTIVQ,1897,2541,2750,0.009434,0.000000,0.981247,0.957087,0.056604,-0.056604,inf,p_lb=0,False
AE7VDEI2MEZDY7YGDKQSSZ4CU4LA,1898,4451,2874,0.009986,0.000000,0.981416,0.956066,0.055428,-0.055428,inf,p_lb=0,False
AFW6DCF2GM6LCHEC6EGXKLBSBDTQ,1899,3446,4990,0.006838,0.000000,0.981345,0.957087,0.042020,-0.042020,inf,p_lb=0,False
AF4FBX7TMLQVLJB45TOQ2EJTXVYA,1900,2993,2807,0.010610,0.000000,0.980742,0.956985,0.056032,-0.056032,inf,p_lb=0,False
AEUEB5QRUCYGSAWGOIZFC7G2RN5Q,1901,4697,5520,0.009950,0.000000,0.980983,0.958107,0.039910,-0.039910,inf,p_lb=0,False
AE2662WNZYL2ZMFHDKGGCCHMGMGQ,1902,3068,2367,0.013997,0.000000,0.981573,0.958056,0.060950,-0.060950,inf,p_lb=0,False
AG375WAXLZ7PIOQKIQ6KQB4J3JVQ,1903,59042,60721,0.016578,0.008083,0.980940,0.956066,0.012059,-0.004671,147854.590766,eps_dominant,False
AEFE5XFAOEWPEBXAR3UF5TLBCB2A,1904,3208,2505,0.005874,0.000000,0.980240,0.955044,0.059434,-0.059434,inf,p_lb=0,False
AF7X7NCBSFLSVVLZZELHBCBSYPUQ,1905,2371,2746,0.014556,0.000000,0.981623,0.957087,0.056645,-0.056645,inf,p_lb=0,False
AEXB6YHCSWJQC6XGL5FXCLPWBRJA,1906,2736,3121,0.010000,0.000000,0.981327,0.956066,0.053190,-0.053190,inf,p_lb=0,False
AETOEA7VUU2QV3ZNCRQHK33DDXZQ,1907,2101,1924,0.011905,0.000000,0.980813,0.957087,0.067672,-0.067672,inf,p_lb=0,False
AEO2VNOT5LNZJ5ROFECRFQWPD6JA,1908,4135,4355,0.015233,0.000000,0.981760,0.956066,0.045028,-0.045028,inf,p_lb=0,False
AEBUDJVUNDEIPQDCVSN76SAKUL2A,1909,2766,3064,0.009709,0.000000,0.981307,0.956015,0.053685,-0.053685,inf,p_lb=0,False
AHJXTD6N2Z2QFBWRXPXSTESDU7AQ,1910,4466,4158,0.014113,0.000000,0.980592,0.957036,0.046035,-0.046035,inf,p_lb=0,False
AFSV7WVU7TBFUFBQ2I4XAJHJK5DQ,1911,3499,4229,0.008885,0.000000,0.982158,0.958107,0.045596,-0.045596,inf,p_lb=0,False
AFGXHIFJHYONISJ4EZAV5G2QIZKQ,1912,3818,3730,0.011542,0.000000,0.981234,0.957087,0.048602,-0.048602,inf,p_lb=0,False
AHEK757U7544PNGSDFCIKFN7NZDQ,1913,11450,10056,0.015879,0.000000,0.981796,0.958107,0.029569,-0.029569,inf,p_lb=0,False
AFRZWY5NEGURSNCWQIR3CGO7XTDA,1914,3569,2842,0.012882,0.000000,0.981132,0.956066,0.055739,-0.055739,inf,p_lb=0,False
AFF3P6FC7Q7F4TKGBC6MVTEYBAHA,1915,3365,5080,0.012259,0.000000,0.981587,0.956015,0.041693,-0.041693,inf,p_lb=0,False
AGGNEZJKG35QXGBIZADSSC2QNPGA,1916,3359,4131,0.011788,0.000000,0.980722,0.954993,0.046284,-0.046284,inf,p_lb=0,False
AFZZTCIDEOXXQLDMOCBPTLGTGLUA,1917,2389,2807,0.011921,0.000000,0.980979,0.957036,0.056029,-0.056029,inf,p_lb=0,False
AFE233WGE7SQATPKYXBSYCV4WGEQ,1918,5606,5171,0.008100,0.000000,0.981860,0.959126,0.041191,-0.041191,inf,p_lb=0,False
AE2SW5HC66P6DJEXCZJN7IID6ZIA,1919,7180,7014,0.015645,0.000000,0.982019,0.958107,0.035405,-0.035405,inf,p_lb=0,False
AFYOKJCKOTSAX37BQCPTCCULEEGQ,1920,2737,2832,0.012461,0.000000,0.980066,0.954993,0.055900,-0.055900,inf,p_lb=0,False
AFVIIK54G27OXK67I6Y3DVESCMSA,1921,3916,4493,0.010870,0.000000,0.981922,0.956066,0.044331,-0.044331,inf,p_lb=0,False
AFRRE6V4BFGXPS2RFRZNAMSUH2QQ,1922,2967,3112,0.015707,0.000000,0.981613,0.954993,0.053326,-0.053326,inf,p_lb=0,False
AGUOEDUXBQSS2IZBV7JKYBIOK5RQ,1923,5721,5274,0.016680,0.000000,0.982534,0.959126,0.040786,-0.040786,inf,p_lb=0,False
AE2YCIHHZH57ABZB7EWDTCF3WPKA,1924,10490,12580,0.014613,0.000000,0.982242,0.957087,0.026465,-0.026465,inf,p_lb=0,False
AG52X72BAAVOKEU3MWXPG5CQJOAA,1925,3155,3758,0.011278,0.000000,0.981414,0.957036,0.048423,-0.048423,inf,p_lb=0,False
AEMWSCOSTFGK27K2CRBK6II5OTUA,1926,3432,3758,0.011190,0.000000,0.981978,0.959126,0.048318,-0.048318,inf,p_lb=0,False
AFB3CZEZQWZ33YHIGZPKBXXBZQJQ,1927,2318,2618,0.012289,0.000000,0.981693,0.958107,0.057951,-0.057951,inf,p_lb=0,False
AEZUL3R34WWAORYARPTJG2X6KC5Q_2,1928,4001,3890,0.011555,0.000000,0.981558,0.957036,0.047595,-0.047595,inf,p_lb=0,False
AEFKRMWLOVJNJGUR6ISNBRULP4JA,1929,4352,4520,0.011927,0.000000,0.981905,0.958056,0.044106,-0.044106,inf,p_lb=0,False
AFZXY3NAIABVWUCUSCVX63D3BJLA,1930,2524,2312,0.006279,0.000000,0.979914,0.954993,0.061868,-0.061868,inf,p_lb=0,False
AGIA3ZNA7OJDRHNPWVATX5FDCEHQ,1931,6365,7134,0.007031,0.000000,0.981621,0.958056,0.035108,-0.035108,inf,p_lb=0,False
AE6MKXHT2YWXPMZU2CJDON7RKJKA,1932,3723,2570,0.014388,0.000000,0.980451,0.952946,0.058807,-0.058807,inf,p_lb=0,False
AEQAAPLNWBNDE6VA65AXBDMFSYDQ,1933,6093,5935,0.014315,0.000000,0.981526,0.958107,0.038489,-0.038489,inf,p_lb=0,False
AEHLNP5276SPWHNAJU2DP4X55HSA,1934,1863,2225,0.011129,0.000000,0.980501,0.956066,0.062995,-0.062995,inf,p_lb=0,False
AFZTFBCA2JGXFPHJYUOU33TJKP5Q,1935,3893,4384,0.007779,0.000000,0.980801,0.955044,0.044926,-0.044926,inf,p_lb=0,False
AEKXTCRO7YBU4MT6WTY4BKAAH5JQ,1936,5567,6968,0.014961,0.000000,0.981895,0.960092,0.035448,-0.035448,inf,p_lb=0,False
AHZOZPN2EH354LPYYEVTKBQ6DOZQ,1937,2647,2517,0.010340,0.000000,0.980804,0.958107,0.059102,-0.059102,inf,p_lb=0,False
AEYUU6URP6TMM4B4MY2Q4DSPSRZA,1938,2910,2596,0.008130,0.000000,0.980144,0.957087,0.058258,-0.058258,inf,p_lb=0,False
AEULD6UDDD7XSH2HXR2L6TNRHSNQ,1939,47092,48736,0.018095,0.008612,0.982692,0.959126,0.013417,-0.005494,128576.628149,eps_dominant,False
AHBOMGFP5PDU3LEUVNEYYC6JWFMQ,1940,8875,7770,0.015143,0.000000,0.981424,0.955913,0.033716,-0.033716,inf,p_lb=0,False
AHEEQXQJCEQMHTWAZ2YMDE4Q5LIQ,1941,3970,3652,0.013348,0.000000,0.981364,0.957036,0.049121,-0.049121,inf,p_lb=0,False
AH6DBXMDH5UDRAIGDG25KSJ7JMNQ,1942,2284,2924,0.010626,0.000000,0.981626,0.958107,0.054835,-0.054835,inf,p_lb=0,False
AFZTOZOOXODGGU6335BPSF6KABKA,1943,4376,2998,0.011655,0.000000,0.981792,0.958107,0.054154,-0.054154,inf,p_lb=0,False
AGAFBYWPUTNDVOTUOETV53ZG5Y5A,1944,3265,4320,0.012357,0.000000,0.981152,0.959024,0.045070,-0.045070,inf,p_lb=0,False
AHUSKFUP5FOS2PY32N2OT624O6NA,1945,8851,7316,0.015209,0.000000,0.982057,0.960143,0.034593,-0.034593,inf,p_lb=0,False
AGOM7QIEFGNDQDZMPLWD4434XIQA,1946,2591,3127,0.009056,0.000000,0.981480,0.958107,0.053025,-0.053025,inf,p_lb=0,False
AEZ67KYWZUMJKIBB2R4VYQP2DATA,1947,1890,3273,0.010740,0.000000,0.980627,0.957036,0.051887,-0.051887,inf,p_lb=0,False
AEIOYAYGE2AU7LWLFRYRX4XPOWIQ,1948,4364,4358,0.006563,0.000000,0.981116,0.957036,0.044967,-0.044967,inf,p_lb=0,False
AGRAAXPNN63JLC3WPK44ORM3QRJQ,1949,2971,2817,0.012559,0.000000,0.980512,0.957087,0.055926,-0.055926,inf,p_lb=0,False
AEUOUIVZW7KTECWYBW5HPD6PE6YA,1950,3757,4388,0.015773,0.000000,0.980852,0.957036,0.044813,-0.044813,inf,p_lb=0,False
AH3GEAL2D3RSOPPT4PUQ3MZ3R7EQ,1951,4112,5238,0.015038,0.000000,0.981770,0.957087,0.041014,-0.041014,inf,p_lb=0,False
AG2LCQRMFSI3UCJWGNYSMVO5IEQQ,1952,3471,1849,0.007722,0.000000,0.980509,0.954993,0.069182,-0.069182,inf,p_lb=0,False
AFYBA6767QO3ATXOR26WHUPMORGQ,1953,5052,4360,0.010101,0.000000,0.981221,0.957036,0.044956,-0.044956,inf,p_lb=0,False
AEULI4P6SFINICJFXKCJVXWHC3NA,1954,3605,3169,0.013210,0.000000,0.981756,0.960092,0.052564,-0.052564,inf,p_lb=0,False
AFGY3YK4RQZUMMS4FF6WMVPHQQOA,1955,2784,3384,0.011779,0.000000,0.981172,0.958056,0.050975,-0.050975,inf,p_lb=0,False
AG2Z52KWWDZM2TO3FNGVUSRXKAWA,1956,3048,2106,0.011516,0.000000,0.981210,0.956066,0.064751,-0.064751,inf,p_lb=0,False
AHTFA4ASPZK2TI5UGDB4FQTRHCKA,1957,24804,25168,0.016503,0.003308,0.981784,0.959075,0.018672,-0.015629,871648.298949,eps_dominant,False
AEMH7TBMERUXIBCKJJHAIDY5EDJQ,1958,2827,2337,0.010355,0.000000,0.981167,0.955044,0.061533,-0.061533,inf,p_lb=0,False
AF6BAP7PONMFFA5LTZZY7SN6ANDA,1959,26091,26975,0.016850,0.004105,0.982058,0.957036,0.018074,-0.014314,570987.160655,eps_dominant,False
AFIRPBGBYGKJJYHHK7ZEDBXP6FGQ,1960,4678,4265,0.015004,0.000000,0.981885,0.958056,0.045406,-0.045406,inf,p_lb=0,False
AERDUT2WHMABWRNMPOCVXM7V5OVA,1961,2725,2661,0.010014,0.000000,0.980991,0.956066,0.057604,-0.057604,inf,p_lb=0,False
AGWHH6O3SXS3YP745RRQEY6KVDVQ,1962,2435,2345,0.008432,0.000000,0.980775,0.958107,0.061232,-0.061232,inf,p_lb=0,False
AHR6ZSCEZPV5IIYAPOECIMWJMZEA,1963,3357,4937,0.013699,0.000000,0.980984,0.957087,0.042245,-0.042245,inf,p_lb=0,False
AFJ76HHRRYYJG5EHTQOAZTGCQOAQ,1964,3849,4868,0.016871,0.000000,0.981805,0.956066,0.042589,-0.042589,inf,p_lb=0,False
AHPVH5MVTFKNQ4CYTSO36ONH4HEQ,1965,5968,6138,0.014411,0.000000,0.981433,0.958056,0.037849,-0.037849,inf,p_lb=0,False
AFCUSTNVVB4VD3APWGRY2SDFDOAA,1966,7517,7781,0.016558,0.000000,0.982579,0.960143,0.033543,-0.033543,inf,p_lb=0,False
AGM5FCX4USCM5NZBL7AZECFP4TRA,1967,3516,3457,0.013598,0.000000,0.980916,0.956066,0.050539,-0.050539,inf,p_lb=0,False
AFN55664RRIV27YPQLPUG3YRWY4A,1968,2662,3039,0.011509,0.000000,0.980783,0.956066,0.053902,-0.053902,inf,p_lb=0,False
AG3BQZPT2PGT2CV2T74JPBFZQB4A,1969,2810,2455,0.014347,0.000000,0.981571,0.958056,0.059847,-0.059847,inf,p_lb=0,False
AF3CZAGAWB5FMPRDYJIB2LAQER7Q,1970,2566,2951,0.012431,0.000000,0.980998,0.955044,0.054759,-0.054759,inf,p_lb=0,False
AF4SJRM4VGZYSTY54Q4K2AEABLGA,1971,3394,3177,0.006418,0.000000,0.980018,0.956066,0.052719,-0.052719,inf,p_lb=0,False
AHXOZZ24EUCFZQ4UJMJAM3P2YMUQ,1972,12078,13099,0.016271,0.000000,0.982075,0.957036,0.025937,-0.025937,inf,p_lb=0,False
AF7SHUWZHWXOG6ROPPRCJG7JASYA,1973,3065,3070,0.014157,0.000000,0.981463,0.956066,0.053630,-0.053630,inf,p_lb=0,False
AEBZGHDUM42UUFQGH2ZEI5QUDJ6A,1974,3062,3390,0.012063,0.000000,0.982420,0.960143,0.050819,-0.050819,inf,p_lb=0,False
AFFXXPJD6GY5N32VH3WRLLETXHKQ,1975,2516,3426,0.012780,0.000000,0.981728,0.959075,0.050608,-0.050608,inf,p_lb=0,False
AH6W6KTFHPB36D7UR34G6BEUV6CQ,1976,3734,4062,0.011225,0.000000,0.980363,0.956015,0.046626,-0.046626,inf,p_lb=0,False
AFHTB66WP5SJY33HN6OE54C6RDXQ,1977,3747,3245,0.014706,0.000000,0.981044,0.956066,0.052163,-0.052163,inf,p_lb=0,False
AGTRTIJIHBZVKSNXJS5M3BNYECVQ,1978,5167,5912,0.014205,0.000000,0.981889,0.958107,0.038564,-0.038564,inf,p_lb=0,False
AH736FR3FOS2Y64G5QQQ6JPPKAUA,1979,7597,5717,0.015335,0.000000,0.982623,0.960092,0.039135,-0.039135,inf,p_lb=0,False
AHDLM7R2LUNV4NASNZDDK3WZ4FEQ,1980,2160,2480,0.010000,0.000000,0.980473,0.957036,0.059608,-0.059608,inf,p_lb=0,False
AE4EVAQ7UC7KKJGWHLBHN4ZAXY2Q,1981,2791,4115,0.015560,0.000000,0.981915,0.957087,0.046273,-0.046273,inf,p_lb=0,False
AFCMHYJTBQ6PGQWDCDWX2KP4GJ5Q,1982,5162,5272,0.015873,0.000000,0.981520,0.958107,0.040838,-0.040838,inf,p_lb=0,False
AHFBYEZMBRSYTTHLR4IVF4OVME4A,1983,2394,2907,0.006485,0.000000,0.979195,0.952997,0.055290,-0.055290,inf,p_lb=0,False
AGWX6SQBZEL3KTMSX4KFXFN6MQ4Q,1984,2644,1577,0.007246,0.000000,0.979396,0.955044,0.074907,-0.074907,inf,p_lb=0,False
AFTUMJDQW4LZKXAPCB64N7R66REQ,1985,4056,4250,0.010256,0.000000,0.981634,0.957087,0.045532,-0.045532,inf,p_lb=0,False
AG6PKNNRVSDAUZ3RCXHP7MHREZFQ,1986,2543,3566,0.010369,0.000000,0.981561,0.957087,0.049707,-0.049707,inf,p_lb=0,False
AHBFB55VJ2743CUAPFVX4LHWYZFQ,1987,2968,3276,0.012285,0.000000,0.980892,0.957087,0.051861,-0.051861,inf,p_lb=0,False
AFBKBWXSHQMW65V4VQMTLARY5G5A,1988,2274,2642,0.009160,0.000000,0.981248,0.958056,0.057690,-0.057690,inf,p_lb=0,False
AEITW3SRFREQ2TVLTA7ESOBIENDA,1989,2759,3039,0.009202,0.000000,0.981252,0.958107,0.053788,-0.053788,inf,p_lb=0,False
AEXE6DSTVGL4MNBOFEPICPJLNPKA,1990,6079,6960,0.009365,0.000000,0.981135,0.957036,0.035582,-0.035582,inf,p_lb=0,False
AFMDKDPTKFZNV63MUQS6N6RTXG3Q,1991,2933,2745,0.012821,0.000000,0.982049,0.958056,0.056598,-0.056598,inf,p_lb=0,False
AFG2PVZLQQCMIGV5C6FCNNRNYWNA,1992,3547,3281,0.009639,0.000000,0.981556,0.957087,0.051821,-0.051821,inf,p_lb=0,False
AHCBGJEJ64FBE7XMJHXND6LAMPIA,1993,2687,2641,0.015083,0.000000,0.981617,0.958107,0.057698,-0.057698,inf,p_lb=0,False
AGL3NO3YEF4FJKFVUSOYESOZYTQA,1994,2709,3213,0.009780,0.000000,0.982051,0.958107,0.052311,-0.052311,inf,p_lb=0,False
AHGDVTFSAAIENYAIAZWJG427I3EA,1995,18229,16253,0.015416,0.000000,0.981498,0.956015,0.023309,-0.023309,inf,p_lb=0,False
AH5IGKVPREWG5F3QK4AGFO4ZHTMA,1996,2858,3358,0.009444,0.000000,0.980376,0.957087,0.051224,-0.051224,inf,p_lb=0,False
AGTWNYPUQHU7KPQHJQ74FJJWQA6A,1997,3209,4325,0.010248,0.000000,0.980229,0.954993,0.045234,-0.045234,inf,p_lb=0,False
AEKOTHIOGYJJXLJY7XBZBEAWW5IQ,1998,6071,4490,0.011504,0.000000,0.982059,0.956066,0.044346,-0.044346,inf,p_lb=0,False
AFU5DVHILPAGOOMK7QCVQJI7ELZQ,1999,3335,2525,0.012520,0.000000,0.981461,0.956066,0.059135,-0.059135,inf,p_lb=0,False
AFS4R5CFAR5YLMH7GSJHMIBE6BMQ,2000,3620,3610,0.011952,0.000000,0.981824,0.957087,0.049403,-0.049403,inf,p_lb=0,False
AEKAJQP5IWLMHGWCYH5XDRX4QOZA,2001,3068,4445,0.014015,0.000000,0.980960,0.957087,0.044522,-0.044522,inf,p_lb=0,False
AET7LRH6MCYVFN4IELYHTGCRPE6Q,2002,3375,3519,0.010537,0.000000,0.981063,0.954993,0.050148,-0.050148,inf,p_lb=0,False
AFE4VGX7IE642QV66ISXHCLEJ72Q,2003,3598,3885,0.014257,0.000000,0.981717,0.957036,0.047625,-0.047625,inf,p_lb=0,False
AH46BCKSKE4RXYEI5Y6XQUCBCKHQ,2004,4960,5043,0.015244,0.000000,0.981859,0.957087,0.041799,-0.041799,inf,p_lb=0,False
AGSZEKYLVNYPRYCYRZRKHXL2PSHQ,2005,2729,3714,0.009423,0.000000,0.981267,0.954993,0.048814,-0.048814,inf,p_lb=0,False
AETU6ITSYPQHDV2VJCBWRLKFGYYQ,2006,26768,27855,0.017857,0.005315,0.982240,0.959126,0.017747,-0.012858,337660.920124,eps_dominant,False
AFBQL5VDQMWEILHC7JTV2G3T3QCQ,2007,6175,5198,0.017174,0.000000,0.982068,0.959126,0.041084,-0.041084,inf,p_lb=0,False
AHIBPWWDWSLYAJHNE4DCSRZAO34Q,2008,3214,2659,0.011478,0.000000,0.981594,0.958107,0.057503,-0.057503,inf,p_lb=0,False
AEH7RAIDBU7QALXTMWAA73PTL4JA,2009,88085,92651,0.018581,0.011704,0.982108,0.958107,0.009741,0.001003,0.000000,certified,True
AHPVD7QJKTTNAYZ4PFGYTOOKFUZA,2010,5128,6842,0.015837,0.000000,0.981382,0.958107,0.035847,-0.035847,inf,p_lb=0,False
AGJTKP2RZ6PKYQYHQD5RWTFCAN6A,2011,3008,3193,0.009889,0.000000,0.980619,0.957087,0.052530,-0.052530,inf,p_lb=0,False
AEDGZN5OQEJNL26DU6HSVJP3XPGA,2012,1794,2135,0.005300,0.000000,0.979570,0.950945,0.064656,-0.064656,inf,p_lb=0,False
AHMJQ6J5KZBSVRI4PGHCWXIYBSVQ,2013,5656,5645,0.017118,0.000000,0.982141,0.958056,0.039467,-0.039467,inf,p_lb=0,False
AGNY74UEPE5T4CYNABHAAL62NGJA,2014,8075,8637,0.014781,0.000000,0.981738,0.959126,0.031872,-0.031872,inf,p_lb=0,False
AFOKYQI6WRSAK3JX3FZIMUORMTGQ,2015,2988,2743,0.014966,0.000000,0.981106,0.954021,0.056858,-0.056858,inf,p_lb=0,False
AGFJTDS3WBYUDS6YYUGUSTPS5CHA,2016,2362,2325,0.011544,0.000000,0.979861,0.952997,0.061824,-0.061824,inf,p_lb=0,False
AGUYOGXDDUBFRS6KQ7VIVA43VVNQ,2017,4506,3734,0.013845,0.000000,0.981926,0.958107,0.048524,-0.048524,inf,p_lb=0,False
AGLDFK6L3PSYP4RAS5XTJPWVS7FQ,2018,2923,2912,0.012195,0.000000,0.981875,0.958107,0.054948,-0.054948,inf,p_lb=0,False
AEJAYH2QKEUOQTIHTLO7CS3N4KAQ,2019,2915,2193,0.013678,0.000000,0.981405,0.958107,0.063318,-0.063318,inf,p_lb=0,False
AF54E46D5UB7ATY4RUYY7DZIE7QQ,2020,3600,3399,0.010870,0.000000,0.980715,0.957087,0.050914,-0.050914,inf,p_lb=0,False
AHIVOEPP5OY7GCRETCWT5EQF7GRQ,2021,2549,2960,0.011749,0.000000,0.980299,0.954993,0.054678,-0.054678,inf,p_lb=0,False
AEQHIVYS4WSENWROXLUYDDV52QQQ,2022,2932,3826,0.011066,0.000000,0.981642,0.957087,0.047989,-0.047989,inf,p_lb=0,False
AFZGTA2DJG652ZHZNYSNRPAJG2GQ,2023,3017,3695,0.014739,0.000000,0.982198,0.959075,0.048731,-0.048731,inf,p_lb=0,False
AFEFHGLDYMHLUOZMAKMO63OQ4O4A,2024,2773,2559,0.010886,0.000000,0.981445,0.956066,0.058741,-0.058741,inf,p_lb=0,False
AHGAZLFSLXF427HSFBTRKF6J5UOQ,2025,5333,5421,0.009639,0.000000,0.981860,0.959126,0.040230,-0.040230,inf,p_lb=0,False
AH2M2JDJDLEELUZZK26TQWCRXDUQ,2026,3119,3425,0.012299,0.000000,0.981742,0.954021,0.050883,-0.050883,inf,p_lb=0,False
AFXG46EOLSQWTNDZVGACNKPY6FBQ,2027,7443,9372,0.013524,0.000000,0.981481,0.956015,0.030696,-0.030696,inf,p_lb=0,False
AFVIFBQRIO5EV3XIYYHVIBCKSQOA,2028,5059,4490,0.015355,0.000000,0.982448,0.959075,0.044206,-0.044206,inf,p_lb=0,False
AE23NZUELB4BYWLHKWJXAS73PTSQ,2029,13346,13279,0.017334,0.000000,0.981651,0.958056,0.025733,-0.025733,inf,p_lb=0,False
AEXCRWZRJLGRZPCVD3YGA5QMMVKQ,2030,4178,3896,0.012357,0.000000,0.981642,0.957087,0.047555,-0.047555,inf,p_lb=0,False
AGT6E6L72BKLEEJGX4MPM2BW5IDA,2031,7909,7624,0.015159,0.000000,0.981522,0.957087,0.033995,-0.033995,inf,p_lb=0,False
AEHZBUFEOW4TY3K4IYFFR5ZU5B3Q,2032,22091,22049,0.017364,0.003267,0.981535,0.958107,0.019969,-0.016970,897585.824263,eps_dominant,False
AF23G463PQARWNZSXZQZFCNRFNNQ,2033,3051,4647,0.011895,0.000000,0.981434,0.957036,0.043546,-0.043546,inf,p_lb=0,False
AEMHQN774P5NDQE4HTZQGNH33DUA,2034,3719,4959,0.012295,0.000000,0.981445,0.957087,0.042151,-0.042151,inf,p_lb=0,False
AHKPULDR6GRWXHPI7NFSGOJSORCA,2035,3124,2996,0.012739,0.000000,0.981461,0.958107,0.054172,-0.054172,inf,p_lb=0,False
AGHH6TIHULUOEPCFC2UXZCWKZT4Q,2036,4229,3933,0.014151,0.000000,0.981785,0.957087,0.047331,-0.047331,inf,p_lb=0,False
AFYXFMSPOQPZCETOYAM3Z4RXDI7Q,2037,2378,2639,0.007194,0.000000,0.979990,0.955044,0.057905,-0.057905,inf,p_lb=0,False
AFGSQ5BSAABOI3U6EISFYY36GDPQ,2038,1935,2103,0.003175,0.000000,0.978723,0.950945,0.065146,-0.065146,inf,p_lb=0,False
AG3Z6KI55YOIHANOCATVJMQB6AIA,2039,5718,5836,0.011510,0.000000,0.980568,0.955044,0.038939,-0.038939,inf,p_lb=0,False
AFSOTCSSXV222SS4GJEDMDXVBVZA,2040,3043,2859,0.013158,0.000000,0.980729,0.954993,0.055636,-0.055636,inf,p_lb=0,False
AHNDRGDP4AR4B7GKGU3SEJP2YCUA,2041,4630,5846,0.014697,0.000000,0.981594,0.958056,0.038783,-0.038783,inf,p_lb=0,False
AFP43DMRT5KF2VSPUYQ7VDP5FQVQ,2042,6956,8127,0.012873,0.000000,0.982049,0.957036,0.032928,-0.032928,inf,p_lb=0,False
AF43BDFHZRMABFFB57FXB5RVIXAA,2043,4781,4755,0.011583,0.000000,0.981307,0.958107,0.043000,-0.043000,inf,p_lb=0,False
AHMG3ALUBE3FEBHODTBHP5J24YDA,2044,3589,3163,0.016416,0.000000,0.982148,0.958107,0.052723,-0.052723,inf,p_lb=0,False
AHVEKNHP5YYEYVLWQSPBDLE2GUYQ,2045,16260,16275,0.015792,0.000000,0.981510,0.957087,0.023267,-0.023267,inf,p_lb=0,False
AGUREQYPLUPVADJ46BNP2KHJT4CA,2046,15000,13007,0.015847,0.000000,0.982199,0.959075,0.025973,-0.025973,inf,p_lb=0,False
AFUWDOFADAGPN2ZIZKIS453IVBIQ,2047,3373,2636,0.010417,0.000000,0.981110,0.957036,0.057818,-0.057818,inf,p_lb=0,False
AFBNJCYVOQ6EX2FXLP37A2K4WJ2A,2048,10400,10943,0.016129,0.000000,0.982045,0.957087,0.028375,-0.028375,inf,p_lb=0,False
AGX7PWZWK7GLPJPHIKNI4AQSSW3Q,2049,3266,3971,0.009615,0.000000,0.980009,0.954993,0.047208,-0.047208,inf,p_lb=0,False
AHNMPBI327EOW3J2G7EY2PHVPZLA,2050,2639,2990,0.007062,0.000000,0.981211,0.954993,0.054403,-0.054403,inf,p_lb=0,False
AHTJ5KL3HAI5QMHSVCIAZUVK47IQ,2051,2634,2117,0.014311,0.000000,0.981526,0.960143,0.064308,-0.064308,inf,p_lb=0,False
AHZAEFKBL4KUA5QSEAJRANLBKJJA,2052,2932,2726,0.011551,0.000000,0.981747,0.959075,0.056734,-0.056734,inf,p_lb=0,False
AFX75C3ZAE2NW474FKDCYCHNM3LQ,2053,8518,8054,0.016692,0.000000,0.981936,0.957087,0.033075,-0.033075,inf,p_lb=0,False
AGNVJOLG6BEJWVHA7DZ2W6KVD3IA,2054,3233,2379,0.003226,0.000000,0.979334,0.950894,0.061254,-0.061254,inf,p_lb=0,False
AEMMJOZ6MN462IVHK6GDTN2OWT6Q,2055,2719,2962,0.011161,0.000000,0.979381,0.954021,0.054716,-0.054716,inf,p_lb=0,False
AGOTQJS3QBTH2PNPRLVQSQ4ZVPSA,2056,4976,5838,0.011543,0.000000,0.981513,0.957087,0.038849,-0.038849,inf,p_lb=0,False
AH645HV55R4NRLSSGUMWHGIZQ7MQ,2057,2349,3168,0.012422,0.000000,0.980887,0.954021,0.052907,-0.052907,inf,p_lb=0,False
AFEFYWKLBMMNZLML4322HXASDY5Q,2058,10582,7703,0.013822,0.000000,0.981810,0.959126,0.033749,-0.033749,inf,p_lb=0,False
AE5MYIUHLA3BAMM2MFJXJQN6UPRQ,2059,17877,17454,0.017025,0.001180,0.981351,0.958107,0.022444,-0.021360,6874695.464063,eps_dominant,False
AE2HPHSU7NQORN4TZFCDCSLZV7CQ,2060,2566,2705,0.004323,0.000000,0.979359,0.955044,0.057194,-0.057194,inf,p_lb=0,False
AGUZIRNJXRWDW42Y6CFVVYV3XLDA,2061,4718,4710,0.015152,0.000000,0.981858,0.960092,0.043116,-0.043116,inf,p_lb=0,False
AF77WIID7TAGOWST2NGGZQIRMEOA,2062,12650,11943,0.018503,0.000000,0.982582,0.958107,0.027133,-0.027133,inf,p_lb=0,False
AEUPGVS25SRCGTJDEU7ZZR4PLQTA,2063,3095,3506,0.013528,0.000000,0.980885,0.958107,0.050077,-0.050077,inf,p_lb=0,False
AH4L6APZD375POUGVMK4UYDK5OJQ,2064,2179,1978,0.007874,0.000000,0.980722,0.955044,0.066884,-0.066884,inf,p_lb=0,False
AF43ICLBXTCEJQ5VYEXTTRE4PPHA,2065,3292,2742,0.009511,0.000000,0.980862,0.957036,0.056689,-0.056689,inf,p_lb=0,False
AE7ZKGE2DPSHLHF32BT7ME7R563A,2066,1941,1873,0.010870,0.000000,0.980191,0.955044,0.068734,-0.068734,inf,p_lb=0,False
AEADNHGME5X3LCENGISLQP7IYPLA,2067,4806,3880,0.011530,0.000000,0.982139,0.960143,0.047502,-0.047502,inf,p_lb=0,False
AGRCXV4NM763VGZGD6BQ2VGNCJNA,2068,12479,14144,0.015882,0.000000,0.981276,0.957087,0.024959,-0.024959,inf,p_lb=0,False
AHGPVOMFLP3B2J4PEVQZYN53U7WQ,2069,2538,2666,0.011111,0.000000,0.979380,0.951972,0.057797,-0.057797,inf,p_lb=0,False
AFINFIT7EFE5RFVRUECSDDEWU6IA,2070,4456,3768,0.008989,0.000000,0.980553,0.957087,0.048356,-0.048356,inf,p_lb=0,False
AGJKZ4ODPJ42XOXCBRBY6JLYILLA,2071,2357,2928,0.013228,0.000000,0.980072,0.953970,0.055035,-0.055035,inf,p_lb=0,False
AEURYORXQ4THF56CV3JBGWTCIPGQ,2072,3169,2248,0.012007,0.000000,0.980550,0.955044,0.062739,-0.062739,inf,p_lb=0,False
AHFGCYK6JXYXSTJFMC2FF7R3IXFQ,2073,6439,5629,0.012997,0.000000,0.981207,0.955044,0.039648,-0.039648,inf,p_lb=0,False
AEWJY37OGM234E5CVFSXPM2MJYPQ,2074,2216,2500,0.007728,0.000000,0.980612,0.956066,0.059430,-0.059430,inf,p_lb=0,False
AGD4PHFQFZ3D7CQ5PWIDCVX74ZYQ,2075,7516,7912,0.014478,0.000000,0.981952,0.957087,0.033371,-0.033371,inf,p_lb=0,False
AE3CPW5S56VZJEQR6IFNX7WNQ2OQ,2076,3723,3523,0.015439,0.000000,0.981764,0.959126,0.049903,-0.049903,inf,p_lb=0,False
AGWK5TRRULB7JGEHV6EM7D7JAU4Q,2077,8124,8026,0.015957,0.000000,0.982333,0.959024,0.033066,-0.033066,inf,p_lb=0,False
AEH2Q24C74EEOEZZPSLVLR5ZRUOQ,2078,3690,3143,0.016774,0.000000,0.981685,0.959126,0.052834,-0.052834,inf,p_lb=0,False
AE2NVW4KBIH3KX2BNLI73EIXWLLQ,2079,3480,4008,0.010373,0.000000,0.981021,0.956066,0.046936,-0.046936,inf,p_lb=0,False
AH2IVA4E3XWUVEN2VFNZ3PNHB6FA,2080,3044,2401,0.007812,0.000000,0.980605,0.957036,0.060581,-0.060581,inf,p_lb=0,False
AE3R6BFCJCJR2UEVQOWJIH2RGZUA,2081,3444,3297,0.012034,0.000000,0.981578,0.959075,0.051588,-0.051588,inf,p_lb=0,False
AHQFIH3CQJ5XL6LNUGMKZKEXK47Q,2082,2405,3235,0.011335,0.000000,0.981200,0.957087,0.052188,-0.052188,inf,p_lb=0,False
AESH4UBOA6VWZ36CIYMP4JVYPOLA,2083,2987,2406,0.011461,0.000000,0.981328,0.957087,0.060515,-0.060515,inf,p_lb=0,False
AGI23OO7W75HK7RBFDU7XCVMBHRA,2084,3483,4664,0.012924,0.000000,0.981557,0.959126,0.043372,-0.043372,inf,p_lb=0,False
AH4QDXAQ7DM5K24NANQ3KW2YZCZA,2085,3349,2416,0.007133,0.000000,0.982000,0.960092,0.060200,-0.060200,inf,p_lb=0,False
AFW36RMWRTV7OWBDGSOSZSUIGELA,2086,2917,2877,0.012064,0.000000,0.980621,0.955044,0.055458,-0.055458,inf,p_lb=0,False
AGSYWLPDRPAHVHKQ7W722ZFI5BTQ,2087,3718,2174,0.008636,0.000000,0.981482,0.958056,0.063598,-0.063598,inf,p_lb=0,False
AGISDCISVLO3JAB6KU6SEM444QBQ,2088,2657,3385,0.013468,0.000000,0.981341,0.958056,0.050967,-0.050967,inf,p_lb=0,False
AEFLJ44YE4GTJNXRJNWEVB4BPBGA,2089,10989,11554,0.015522,0.000000,0.982369,0.959075,0.027558,-0.027558,inf,p_lb=0,False
AGVU67A5T33P37BNRW2Y4UPOWYVQ,2090,3963,5739,0.015184,0.000000,0.981676,0.958056,0.039143,-0.039143,inf,p_lb=0,False
AGAYVC3Q7SCOHDCBLYQPUK3VGQYA,2091,4640,4725,0.017094,0.000000,0.981654,0.956066,0.043229,-0.043229,inf,p_lb=0,False
AHVXGKLXRHIGF526AXHULCZS4FYQ,2092,3378,3966,0.012100,0.000000,0.980786,0.955044,0.047235,-0.047235,inf,p_lb=0,False
AFT7XZWH2HIIFWF7SPYTL3PSLJAA,2093,2237,3020,0.011719,0.000000,0.980764,0.956015,0.054075,-0.054075,inf,p_lb=0,False
AHJDCIN74QUWW2WWLEKU6HXTRZIA,2094,3361,3047,0.012329,0.000000,0.982130,0.959075,0.053663,-0.053663,inf,p_lb=0,False
AEXGISIVX7WBUNI7UHHERVB3DF7Q,2095,7470,6558,0.013136,0.000000,0.981857,0.955044,0.036733,-0.036733,inf,p_lb=0,False
AGI6YCJPJXN632RE2AIFQ7SA55UA,2096,2177,2463,0.014423,0.000000,0.982038,0.957036,0.059814,-0.059814,inf,p_lb=0,False
AFWBM3XXYYDKONNZWYBFEZGN4PUA,2097,2700,2293,0.011041,0.000000,0.979943,0.954021,0.062187,-0.062187,inf,p_lb=0,False
AFKSID3IJE4NMLXBF4UZBD2XS75A,2098,4137,3540,0.013648,0.000000,0.981781,0.958056,0.049839,-0.049839,inf,p_lb=0,False
AFSYMONH73DKQ7MKQPZVDAIRNSHQ,2099,3078,3396,0.005747,0.000000,0.980512,0.954993,0.051048,-0.051048,inf,p_lb=0,False
AFB463FV6UCRDUS2BV43ID776UCQ,2100,2333,2507,0.011345,0.000000,0.980491,0.958107,0.059220,-0.059220,inf,p_lb=0,False
AFTZWAK3ZHAPCNSOT5GCKQDECBTQ,2101,7283,8114,0.012840,0.000000,0.981707,0.957036,0.032955,-0.032955,inf,p_lb=0,False
AESEHBT3JQXLRKIR53OCZH3P7WAQ,2102,4926,5937,0.012282,0.000000,0.981755,0.957087,0.038524,-0.038524,inf,p_lb=0,False
AGDGF3JQEBAIWJTYZ4JJXECGIS4Q,2103,5449,4201,0.012104,0.000000,0.981320,0.957036,0.045799,-0.045799,inf,p_lb=0,False
AENGGJFDKQ2NVKLH5AASUYFZMXXQ,2104,3823,3800,0.011846,0.000000,0.981232,0.958056,0.048104,-0.048104,inf,p_lb=0,False
AGRVLJUZPVWLC3AIHHTL4TLDL7IA,2105,2378,3326,0.010471,0.000000,0.980030,0.956066,0.051524,-0.051524,inf,p_lb=0,False
AGBXCFLD75PW2V5JISYE3NKE7TKA,2106,1954,2162,0.007042,0.000000,0.979652,0.956066,0.063907,-0.063907,inf,p_lb=0,False
AG5ME42II6XQNYRFBTGSPRH6OSBA,2107,3172,3933,0.013485,0.000000,0.981608,0.960092,0.047183,-0.047183,inf,p_lb=0,False
AENRY5O66WAAZIZDQQINVD3PLFZA,2108,6310,5104,0.011345,0.000000,0.981315,0.957087,0.041548,-0.041548,inf,p_lb=0,False
AGOVWHWEHB2MT55YUMFKBU2MCSSQ,2109,9302,7367,0.011777,0.000000,0.981409,0.956066,0.034620,-0.034620,inf,p_lb=0,False
AGILWMVFZCVGKZQWAUEN6XYRFPJQ,2110,1725,2212,0.008850,0.000000,0.979360,0.952894,0.063390,-0.063390,inf,p_lb=0,False
AHJNW3RHHFQUH6I7FECKWHRC44HQ,2111,18815,19595,0.017366,0.002412,0.982162,0.958056,0.021183,-0.018969,1646451.183505,eps_dominant,False
AEUKAPRTGFNNOHLUKOQXBYOPOIXQ,2112,2446,2283,0.013889,0.000000,0.980642,0.957087,0.062124,-0.062124,inf,p_lb=0,False
AED3HJLTUSJQBBK6H6726ARBBH6Q,2113,9776,8452,0.014638,0.000000,0.982133,0.958107,0.032253,-0.032253,inf,p_lb=0,False
AE6G64ZJUAFLSNHPZSGGEEKYTFGQ,2114,3054,2144,0.010753,0.000000,0.981395,0.957087,0.064106,-0.064106,inf,p_lb=0,False
AEZP4MEPLS6JWVV24LLVBVZXMSNA,2115,9540,8668,0.014552,0.000000,0.982222,0.957087,0.031882,-0.031882,inf,p_lb=0,False
AFNNDWDCDX6GZG7NMFSAHO526WNQ,2116,2865,2809,0.011307,0.000000,0.980807,0.954021,0.056186,-0.056186,inf,p_lb=0,False
AEQCRXKRQ2CQ56HCJUQHHQD5RPSA,2117,3642,2744,0.013680,0.000000,0.981938,0.957087,0.056665,-0.056665,inf,p_lb=0,False
AEFX6HLMILKKZQ6UOAGIINMLKXGA,2118,2554,2415,0.011696,0.000000,0.980468,0.957087,0.060402,-0.060402,inf,p_lb=0,False
AG7A3O55CZYL7FOM7QCRVXVP3IDA,2119,2313,2043,0.007030,0.000000,0.978249,0.950945,0.066095,-0.066095,inf,p_lb=0,False
AFPIOO2UG44UOTC46QKKSHX4SGWQ,2120,3378,3602,0.014823,0.000000,0.981543,0.957036,0.049461,-0.049461,inf,p_lb=0,False
AF7R4OC3YUOI77VS55Y3B3XSN2OQ,2121,6161,5434,0.014164,0.000000,0.980609,0.954993,0.040355,-0.040355,inf,p_lb=0,False
AG3XXUIZ3QUAZJWYZZGCELHTAFXQ,2122,2707,2936,0.013597,0.000000,0.981798,0.956066,0.054840,-0.054840,inf,p_lb=0,False
AGBGZZ2UQZVNJE5J2FQD27BN5TRQ,2123,2636,2879,0.010972,0.000000,0.980871,0.954021,0.055499,-0.055499,inf,p_lb=0,False
AF4OKXGGDYYQFGZDWKQBU6RXEWAA,2124,3420,3704,0.012766,0.000000,0.981487,0.957087,0.048772,-0.048772,inf,p_lb=0,False
AGMYHXQI54TNRM34W7SIRAZ2LPNA,2125,3367,3267,0.009828,0.000000,0.981366,0.958107,0.051877,-0.051877,inf,p_lb=0,False
AFUAKR7T37ENPSFCNQFHAAWRCVLQ,2126,23950,24131,0.018320,0.004844,0.982105,0.958107,0.019088,-0.014641,408152.260062,eps_dominant,False
AFO6T767OXV24YU65XUACO4O6DJQ,2127,6607,6900,0.015212,0.000000,0.981211,0.957087,0.035734,-0.035734,inf,p_lb=0,False
AFATNFWGYVVMEZWGDNLDUXRBRFLQ,2128,4061,4369,0.007503,0.000000,0.981114,0.957087,0.044907,-0.044907,inf,p_lb=0,False
AECG2F34PVCOVKTTSHEAZLI7SHTQ,2129,5399,3452,0.009103,0.000000,0.981632,0.958056,0.050470,-0.050470,inf,p_lb=0,False
AGE3JQYTMBQARXIVWFQG62YSHOSQ,2130,2250,2226,0.006504,0.000000,0.979216,0.955044,0.063049,-0.063049,inf,p_lb=0,False
AFQVCWWD7BEUS6YTHTDLCTLWFIBA,2131,7079,6741,0.014237,0.000000,0.980817,0.958056,0.036117,-0.036117,inf,p_lb=0,False
AEJOYSPMLMXZBI7F4XP2LF2TK3CQ,2132,2974,2890,0.008368,0.000000,0.981042,0.956015,0.055277,-0.055277,inf,p_lb=0,False
AG4NCQHIFFYHXXDZEYE4PEFVA5DQ,2133,4760,3805,0.008842,0.000000,0.980126,0.955044,0.048224,-0.048224,inf,p_lb=0,False
AF7BG2NE2SR2QAXCRW7TKYFW5I6A,2134,4429,3564,0.012766,0.000000,0.981862,0.957036,0.049724,-0.049724,inf,p_lb=0,False
AG2LPAOPEDJQZBIZX65L7QVSAHDA,2135,1952,1831,0.011215,0.000000,0.980840,0.957087,0.069369,-0.069369,inf,p_lb=0,False
AE7ONXWBLUX652N6OQUSJSL653GQ,2136,3576,4696,0.009748,0.000000,0.981841,0.957087,0.043316,-0.043316,inf,p_lb=0,False
AFCMONQZTRUTDG6AETEXBRVA47IQ,2137,11344,10690,0.017682,0.000000,0.982117,0.957087,0.028709,-0.028709,inf,p_lb=0,False
AFRWPHO6IL5LW4RGGHBM23HHDMFA,2138,4324,3411,0.013086,0.000000,0.982108,0.958107,0.050770,-0.050770,inf,p_lb=0,False
AEYEUF2RKNRZHFQONGVF7SHZKWJA,2139,2711,3553,0.014673,0.000000,0.981303,0.959126,0.049692,-0.049692,inf,p_lb=0,False
AER6II7VS3FHCWLZZTNXHXBZCMEA,2140,2938,2797,0.011643,0.000000,0.981010,0.957087,0.056126,-0.056126,inf,p_lb=0,False
AE6H2P47PDD47Q4KJAPDHKTVTAWQ,2141,3892,3040,0.012563,0.000000,0.981332,0.957087,0.053836,-0.053836,inf,p_lb=0,False
AHJZPHBEQY7LOHJN56LUBYXGOWSQ,2142,5306,5367,0.013688,0.000000,0.981770,0.958056,0.040477,-0.040477,inf,p_lb=0,False
AGI7Q34LZXOCFJ5HKAPWQOJTRQSQ,2143,2161,1979,0.004098,0.000000,0.979577,0.955044,0.066867,-0.066867,inf,p_lb=0,False
AHSGFDWZPO4EBZXPA4ONTLKFWETA,2144,3829,3372,0.009153,0.000000,0.980621,0.956066,0.051172,-0.051172,inf,p_lb=0,False
AFQQQ5LGNSQUEBGDCYBAZZE5T3DA,2145,1654,1975,0.001672,0.000000,0.977962,0.950945,0.067224,-0.067224,inf,p_lb=0,False
AGCTA5FTMXTM42RIG3JUZCYJ3XSQ,2146,1860,2221,0.010753,0.000000,0.981499,0.957087,0.062985,-0.062985,inf,p_lb=0,False
AF2VHDDPCPACXHHN7B6TTAFSPYOQ,2147,2492,2764,0.011438,0.000000,0.981116,0.959126,0.056340,-0.056340,inf,p_lb=0,False
AEMRDONNNZBO5PQ2HEFXCB6HREDQ,2148,2073,2708,0.013100,0.000000,0.980384,0.954993,0.057166,-0.057166,inf,p_lb=0,False
AGGLWPPVEYPUYVDVXWNRACAQIPAA,2149,2407,2010,0.007752,0.000000,0.979908,0.953970,0.066425,-0.066425,inf,p_lb=0,False
AEMGLNAYIQXYCL5QC222GDNFOQMA,2150,3506,3669,0.012514,0.000000,0.981561,0.956066,0.049057,-0.049057,inf,p_lb=0,False
AEWYJHC343CEBQA4D2NYEXWEMMBA,2151,4883,5175,0.011057,0.000000,0.981051,0.956015,0.041309,-0.041309,inf,p_lb=0,False
AFLBMDZDIPCHMWWA7CXQXITPBJKA,2152,4771,5243,0.012048,0.000000,0.981236,0.957087,0.040994,-0.040994,inf,p_lb=0,False
AGBW6HQDAQNXGB6XOXYEC6KMWSZQ,2153,2464,3423,0.007722,0.000000,0.980563,0.954021,0.050898,-0.050898,inf,p_lb=0,False
AGQDXR3ZO6DYGPTJ22BGNKM6CZCQ,2154,2760,3332,0.013423,0.000000,0.981567,0.958107,0.051368,-0.051368,inf,p_lb=0,False
AEBPXYZA7YGK5FLY5IC5XQ2RV34Q,2155,2932,4252,0.011742,0.000000,0.981848,0.959126,0.045424,-0.045424,inf,p_lb=0,False
AHIWNCZZSLPVVHPPLCTJPLWTG7KQ,2156,2402,3584,0.013301,0.000000,0.981624,0.958107,0.049529,-0.049529,inf,p_lb=0,False
AFNY23C57HU5NMYS5T37EX2RNI3A,2157,2923,2680,0.013062,0.000000,0.980872,0.954993,0.057464,-0.057464,inf,p_lb=0,False
AEQHM6Y3TY5VYFG6SHGGXUA4XWCA,2158,2918,3437,0.012162,0.000000,0.981498,0.958056,0.050580,-0.050580,inf,p_lb=0,False
AGCPEDYIF2QXKNLBIOOEKEHJ5V2A,2159,3677,3543,0.008679,0.000000,0.981039,0.957087,0.049868,-0.049868,inf,p_lb=0,False
AFQJOI3SFAS5PBT2QVK5NYBW26TA,2160,3506,4001,0.011396,0.000000,0.980799,0.953919,0.047083,-0.047083,inf,p_lb=0,False
AHOTRV7O3LMRFLM3D3AFTMUZQZUA,2161,5163,5113,0.015672,0.000000,0.981809,0.957087,0.041512,-0.041512,inf,p_lb=0,False
AFKOZVHBJBVDHY7BNYKA25EIUCUA,2162,2176,2002,0.007181,0.000000,0.980823,0.956066,0.066411,-0.066411,inf,p_lb=0,False
AGEJ7CYCLW75IWZY3M74MRFW3CYQ,2163,2831,3066,0.010417,0.000000,0.981144,0.957087,0.053607,-0.053607,inf,p_lb=0,False
AFU3OZVM7DT5BYNOSENWS5AF7D3Q,2164,7002,6450,0.012041,0.000000,0.981218,0.957087,0.036960,-0.036960,inf,p_lb=0,False
AFRHXT7JQYG6KQYNQ52DAVG2J4CQ,2165,2160,1963,0.011254,0.000000,0.980286,0.956066,0.067068,-0.067068,inf,p_lb=0,False
AEKES7KPH7KJ4KKJKT7A7A4V5ZVA,2166,2504,2381,0.006723,0.000000,0.980948,0.957087,0.060832,-0.060832,inf,p_lb=0,False
AFXFMZLAUHOG5OZQ47Q3X4OY55SQ,2167,3081,2899,0.012195,0.000000,0.981132,0.956066,0.055189,-0.055189,inf,p_lb=0,False
AEBXCJZAQ577RFWTGV3LOU5I55NQ,2168,2096,2617,0.005789,0.000000,0.980224,0.955913,0.058095,-0.058095,inf,p_lb=0,False
AH7D6JEGJBPOOYTEI6P2CLXMKNCQ,2169,4252,3501,0.007519,0.000000,0.981492,0.958107,0.050113,-0.050113,inf,p_lb=0,False
AGW5RTGKZVYINWJK7KO7JCL45QBA,2170,3432,2610,0.011220,0.000000,0.980983,0.955044,0.058226,-0.058226,inf,p_lb=0,False
AEOTWG667CGEIHYH33COIX53Y25Q,2171,5158,6612,0.016101,0.000000,0.982278,0.959075,0.036429,-0.036429,inf,p_lb=0,False
AGZANVLLZFFMIRWCE4VTLEFK2ICA,2172,3453,3373,0.013078,0.000000,0.981602,0.958056,0.051058,-0.051058,inf,p_lb=0,False
AFV22WB4XLGDNPIAQXH5LNSO4K4Q,2173,4130,3739,0.014545,0.000000,0.981520,0.959075,0.048443,-0.048443,inf,p_lb=0,False
AHZT5X5DWMOS44PEHTQ555CMBFKA,2174,2170,2332,0.008969,0.000000,0.980000,0.954021,0.061665,-0.061665,inf,p_lb=0,False
AFIIJTKBYPZW47HFORMJHZYVQIDA,2175,3759,2632,0.016529,0.000000,0.981399,0.957087,0.057858,-0.057858,inf,p_lb=0,False
AE2ISZUYUETFXQQU3GLBP46OEPTA,2176,4018,4323,0.011551,0.000000,0.981250,0.956066,0.045194,-0.045194,inf,p_lb=0,False
AF3ZPSVGI7TKJLMLH5C7PR36TE4Q,2177,3735,3948,0.010989,0.000000,0.982088,0.956066,0.047292,-0.047292,inf,p_lb=0,False
AECTQQX663PTF5UQ2RA5TUL3BXVQ,2178,7021,7058,0.014484,0.000000,0.982028,0.959126,0.035257,-0.035257,inf,p_lb=0,False
AHBLQCK2VAXLH7YTETLY3R5NMFZQ,2179,2106,2959,0.014589,0.000000,0.982049,0.958056,0.054513,-0.054513,inf,p_lb=0,False
AEQQOEWHVJBBERGEYUTCTLY57ZMA,2180,3505,3999,0.012170,0.000000,0.982038,0.959126,0.046839,-0.046839,inf,p_lb=0,False
AGVPTOCMRGSG6VLDI63SYQRPHXDA,2181,2313,3076,0.010088,0.000000,0.980287,0.956015,0.053580,-0.053580,inf,p_lb=0,False
AF6SH3CW7RGUQCQF3P3EHSTIBQKQ,2182,11101,11580,0.019414,0.000000,0.982482,0.958056,0.027556,-0.027556,inf,p_lb=0,False
AELWQN5ALO4SNKDDGYXQOO5OAESQ,2183,6140,4936,0.016014,0.000000,0.981899,0.957087,0.042250,-0.042250,inf,p_lb=0,False
AEDJRZNH4XDXHVSXYQOBNR4X2PAA,2184,2681,2671,0.011004,0.000000,0.981236,0.956015,0.057499,-0.057499,inf,p_lb=0,False
AFWKPVOLEYTBZNW6FRJ4C4VJ76DA,2185,3372,3938,0.012565,0.000000,0.981329,0.956066,0.047352,-0.047352,inf,p_lb=0,False
AH6XPUYACXKVDBFK4IV324V6UDZA,2186,3801,3679,0.015348,0.000000,0.981697,0.958107,0.048886,-0.048886,inf,p_lb=0,False
AFIV4IDDEDQJGWIH4QOPVXBM4RUA,2187,3514,3425,0.011834,0.000000,0.981602,0.957087,0.050720,-0.050720,inf,p_lb=0,False
AFJGIE7UPS7Z37UWF4OIBCHXEQLQ,2188,3853,4201,0.013805,0.000000,0.980793,0.956066,0.045846,-0.045846,inf,p_lb=0,False
AHPJXSLDL4ZFGJEGEURFUAMZYVGA,2189,3147,1850,0.005976,0.000000,0.978471,0.952997,0.069308,-0.069308,inf,p_lb=0,False
AEKS4KRTVTUVDTWF5AE5JDKARA3Q,2190,2829,3391,0.006443,0.000000,0.980615,0.956066,0.051028,-0.051028,inf,p_lb=0,False
AFQ6DFTKAWHJTOBWJSBOCNLZH6QQ,2191,6014,5538,0.016212,0.000000,0.982008,0.959126,0.039802,-0.039802,inf,p_lb=0,False
AFLOM6HXIM7CJECSEUDVO4I3JXBA,2192,12644,12180,0.018035,0.000000,0.981898,0.957036,0.026897,-0.026897,inf,p_lb=0,False
AET3GRVVMHEXRXTSBFFWSY3HQEMQ,2193,3361,2722,0.017778,0.000000,0.982380,0.958107,0.056833,-0.056833,inf,p_lb=0,False
AET6PG7VY34KJDBH2U2C2FHJL4TQ,2194,3479,4143,0.013032,0.000000,0.980403,0.956066,0.046165,-0.046165,inf,p_lb=0,False
AHWLAJMDMMY3U64I5ISWYBVE3S7Q,2195,7076,7182,0.015199,0.000000,0.982357,0.958056,0.034990,-0.034990,inf,p_lb=0,False
AHSJLMX6XBUJSJ4HKZQ7TXSMAA5Q,2196,3286,3373,0.013387,0.000000,0.981480,0.957036,0.051112,-0.051112,inf,p_lb=0,False
AFX4KLMEDBLOCTDCNSG6HL73R6ZQ,2197,5159,5686,0.016487,0.000000,0.982241,0.959126,0.039281,-0.039281,inf,p_lb=0,False
AHKTG5BKQKQSQZQZ63KNM7L53EYA,2198,3940,3673,0.014640,0.000000,0.981087,0.957036,0.048980,-0.048980,inf,p_lb=0,False
AERDQD3WFTSIGCSDF6GGFCF5PPVA,2199,11006,10026,0.015742,0.000000,0.981855,0.959075,0.029583,-0.029583,inf,p_lb=0,False
AF4G7X5CE2VHHBTTPM3Y22QUCZ2Q,2200,2841,2731,0.013193,0.000000,0.980823,0.957087,0.056800,-0.056800,inf,p_lb=0,False
AGK7DEPABLFQZEYK6ZY4MD7EW53Q,2201,8294,8871,0.013632,0.000000,0.981032,0.956066,0.031549,-0.031549,inf,p_lb=0,False
AGOVLTNJALUJABLGZQTK6HUCKIKA,2202,3066,3000,0.008734,0.000000,0.981790,0.959126,0.054079,-0.054079,inf,p_lb=0,False
AGWDLG2MSBLD5247MVETEVYXK6WA,2203,3228,2073,0.011091,0.000000,0.981114,0.957036,0.065198,-0.065198,inf,p_lb=0,False
AHKSGEBEMDMPRIRPKPMILMO3DDSQ,2204,2528,2392,0.011686,0.000000,0.980483,0.957087,0.060692,-0.060692,inf,p_lb=0,False
AHNKWCHSFDBX35B3EY6HNRBM5KNA,2205,6204,6563,0.009779,0.000000,0.981387,0.958107,0.036601,-0.036601,inf,p_lb=0,False
AE5VT32F7URDDGWM4KOVJ4LLBASQ,2206,18508,19991,0.015252,0.000447,0.981950,0.958005,0.020974,-0.020563,47952431.960841,eps_dominant,False
AEEHTDVCZHZ5G5YD37LJK3JPTOGA,2207,6445,5141,0.015444,0.000000,0.981643,0.957087,0.041399,-0.041399,inf,p_lb=0,False
AECL7JJZHWTNAN2RWAMJEVUQSVLQ,2208,2334,2815,0.009247,0.000000,0.980457,0.957087,0.055946,-0.055946,inf,p_lb=0,False
AGIDJMSMKVJIHG23IYLC7OX5NG4A,2209,9263,10343,0.013109,0.000000,0.981201,0.959126,0.029125,-0.029125,inf,p_lb=0,False
AEMDRXCB2CEAHDULSQBPKETWRCIA,2210,2463,2163,0.010753,0.000000,0.981526,0.956066,0.063892,-0.063892,inf,p_lb=0,False
AGDHEVKQUYELZMDFFGG5UZF66JFA,2211,4201,4840,0.012729,0.000000,0.981848,0.958107,0.042621,-0.042621,inf,p_lb=0,False
AHDXQCPXT6VYDEEZORX32ZIS5ZHQ,2212,5757,5535,0.008386,0.000000,0.982051,0.958107,0.039856,-0.039856,inf,p_lb=0,False
AFFISBC4NXQ7B3S6ZYXBEMUVEMTQ,2213,4107,3862,0.010526,0.000000,0.981441,0.958056,0.047716,-0.047716,inf,p_lb=0,False
AHNS4IA3FTAYFENRMTJJ2XAKO7JQ,2214,8733,8569,0.011199,0.000000,0.981172,0.958107,0.032032,-0.032032,inf,p_lb=0,False
AGZ2SJY5T7K22CPGLYIFZBBRTBXA,2215,4082,4688,0.014324,0.000000,0.981720,0.959075,0.043263,-0.043263,inf,p_lb=0,False
AHRFTKKYKME7JFAYLW6GEGOAGKEQ,2216,3928,3741,0.015448,0.000000,0.981928,0.958107,0.048479,-0.048479,inf,p_lb=0,False
AEFELZWGKCM4FWBKEETRCVWKUYGA,2217,4152,3687,0.012245,0.000000,0.981596,0.957087,0.048885,-0.048885,inf,p_lb=0,False
AHLJJBY3MKF2NDJ56A2CDW2V52PQ,2218,3794,3244,0.014589,0.000000,0.982525,0.958107,0.052060,-0.052060,inf,p_lb=0,False
AEGXVCKJYG6A7ZIDP4MNR45XSKVQ,2219,9266,7407,0.016649,0.000000,0.982007,0.957087,0.034490,-0.034490,inf,p_lb=0,False
AEAUDYX2GGJJYZ5GLKTG3UESI7WQ,2220,2852,2437,0.015050,0.000000,0.981755,0.956066,0.060193,-0.060193,inf,p_lb=0,False
AERILPVOZA5OUHF3XWFWFB7EV6KQ,2221,2539,2923,0.012453,0.000000,0.981228,0.956066,0.054962,-0.054962,inf,p_lb=0,False
AEA7GX2M4IUP4OTI7VFQ5QW35MGA,2222,3632,2873,0.010204,0.000000,0.980596,0.955044,0.055497,-0.055497,inf,p_lb=0,False
AHT5JNOJYQIE43OCNK2FY3I2P3GQ,2223,3751,4499,0.010939,0.000000,0.981594,0.959075,0.044162,-0.044162,inf,p_lb=0,False
AEZ46SSKY4A7ESP3QNEZQRLA2Y5Q,2224,3677,2974,0.012587,0.000000,0.982149,0.960143,0.054257,-0.054257,inf,p_lb=0,False
AHL47FCIM5NLRK4WSKMZL324GQLA,2225,5434,6199,0.012430,0.000000,0.981638,0.955044,0.037781,-0.037781,inf,p_lb=0,False
AGMNCSMEST5JWV7BQF3GN56FRORA,2226,3006,2590,0.010274,0.000000,0.980125,0.954021,0.058513,-0.058513,inf,p_lb=0,False
AE6ZY3SJW5ATJ6TR3R6HZQKB3FWA,2227,2173,2109,0.007005,0.000000,0.980185,0.954993,0.064777,-0.064777,inf,p_lb=0,False
AF4QNP7565O67RE7CFPRZBS5D6LA,2228,16843,16783,0.016803,0.000645,0.981883,0.957087,0.022913,-0.022322,23146999.301322,eps_dominant,False
AFDDELZUNQV2UKYDUHJ27QW3IBLA,2229,7436,8381,0.015554,0.000000,0.981344,0.954993,0.032495,-0.032495,inf,p_lb=0,False
AF6AHZOP3ARBRLR7M7BAFEYHMHDA,2230,3291,3573,0.012061,0.000000,0.981385,0.957036,0.049661,-0.049661,inf,p_lb=0,False
AE2CSDOAQ3A3NNNHJPOYKXLUAOVQ,2231,4078,4396,0.009268,0.000000,0.979999,0.954993,0.044868,-0.044868,inf,p_lb=0,False
AEPI4GPTILJZJGJHEPW57KTA53TA,2232,2486,2162,0.011009,0.000000,0.979662,0.956066,0.063907,-0.063907,inf,p_lb=0,False
AHL4DUQINPGMLDA37BT7ATAETDEA,2233,11606,12921,0.015033,0.000000,0.981721,0.957036,0.026115,-0.026115,inf,p_lb=0,False
AHPNEEABM5OSDMOU67FIV5767RUQ,2234,8568,9379,0.012212,0.000000,0.981344,0.957087,0.030650,-0.030650,inf,p_lb=0,False
AHDBQ7V6POIUED7PH5WZNISK4M7Q,2235,5394,3922,0.006803,0.000000,0.979959,0.952946,0.047604,-0.047604,inf,p_lb=0,False
AFAZOFYCJDB4GHEW7TXEEYSP3TXA,2236,4085,3637,0.010373,0.000000,0.981317,0.957087,0.049220,-0.049220,inf,p_lb=0,False
AEBIJ7QM7KYDN6KY4ESFLIPGCJBQ,2237,2111,1582,0.002584,0.000000,0.979086,0.951920,0.075034,-0.075034,inf,p_lb=0,False
AG2XHVLDSJXRCWTFNXKHL7B5KS3A,2238,3390,4150,0.010265,0.000000,0.981252,0.958056,0.046031,-0.046031,inf,p_lb=0,False
AEZUHJ6LZS4UZMCMZXUIQW4FFUZQ,2239,4608,5193,0.012019,0.000000,0.981071,0.956066,0.041235,-0.041235,inf,p_lb=0,False
AFLNZ43COHJWS2PKMQHVOIM6FYEQ,2240,5822,5825,0.010981,0.000000,0.981577,0.959126,0.038809,-0.038809,inf,p_lb=0,False
AGWKXOM5YQMBGMUEXDQSWFMWHEQA,2241,2858,2413,0.010574,0.000000,0.980303,0.954993,0.060560,-0.060560,inf,p_lb=0,False
AELU7VBQWQH7VMYK6Q3CIU5C43RQ,2242,11685,10872,0.014493,0.000000,0.982196,0.959126,0.028407,-0.028407,inf,p_lb=0,False
AEMPTSYMS4DJSHZ6NQVAHOXJLJCQ,2243,3195,2857,0.009313,0.000000,0.979721,0.954021,0.055712,-0.055712,inf,p_lb=0,False
AEONEZTJSCG744Y6IYFJPBAYRPUA,2244,3873,3502,0.011198,0.000000,0.981631,0.955964,0.050218,-0.050218,inf,p_lb=0,False
AEWSNEDPCKO4I5RHNORKUKTDOQ7Q,2245,2324,2068,0.007485,0.000000,0.981223,0.957087,0.065273,-0.065273,inf,p_lb=0,False
AFZUAHAJNO4UMQWHTXHGAXCG52BQ,2246,2996,3958,0.011927,0.000000,0.981260,0.957087,0.047182,-0.047182,inf,p_lb=0,False
AFNNVYHVCZRZZWLJ334YZWRGJVYA,2247,2955,3029,0.013942,0.000000,0.981922,0.960143,0.053762,-0.053762,inf,p_lb=0,False
AFP2WXHZKBB7XPY4N3AJUTNU5VMA,2248,2376,2321,0.009317,0.000000,0.981455,0.957036,0.061616,-0.061616,inf,p_lb=0,False
AFQQLOHJDAZ6FLE55O3J4NFZSE4Q,2249,3230,3431,0.012629,0.000000,0.981325,0.958056,0.050624,-0.050624,inf,p_lb=0,False
AHD74CISOKM7L6YTYKY4GN2CAIWA,2250,1923,2499,0.006270,0.000000,0.980898,0.958056,0.059318,-0.059318,inf,p_lb=0,False
AGE4RTB36XFI6KKPR3G5AZMDDI3A,2251,3017,3422,0.010502,0.000000,0.981654,0.960143,0.050581,-0.050581,inf,p_lb=0,False
AH7YO7YEDTMDVR7QRKGJPUSX3TPQ,2252,2701,2948,0.009988,0.000000,0.980077,0.955044,0.054787,-0.054787,inf,p_lb=0,False
AE3VE2MPKBXR3OM3CJXE7FQZ5CAA,2253,6267,6689,0.014192,0.000000,0.980560,0.957087,0.036294,-0.036294,inf,p_lb=0,False
AGZK7EECJXRY6YUVGTBM2SRBZFSA,2254,6308,5737,0.015375,0.000000,0.981669,0.957036,0.039191,-0.039191,inf,p_lb=0,False
AFYVMSSEWRVG6CEOM4PF7J6SSDUA,2255,4570,3621,0.015606,0.000000,0.982219,0.958107,0.049276,-0.049276,inf,p_lb=0,False
AHZJXRSEQSJ5TKYWWINKEORIBYSA,2256,1850,2469,0.011782,0.000000,0.979879,0.954993,0.059869,-0.059869,inf,p_lb=0,False
AE7PBNQ2S6SDNLDN5UDR7DD3Q34Q,2257,2486,3101,0.010243,0.000000,0.980929,0.955044,0.053418,-0.053418,inf,p_lb=0,False
AH2TH7FBK2XSDKS7LCJJTLX3OBJQ,2258,7127,6540,0.015843,0.000000,0.982249,0.958056,0.036668,-0.036668,inf,p_lb=0,False
AFB5EMZ7KD3GDB2FX4JDT3KRS5GQ,2259,3921,2865,0.007752,0.000000,0.980538,0.956015,0.055518,-0.055518,inf,p_lb=0,False
AGYJAAK7DLCRMZJYZ7EUGPNTEDWQ,2260,3272,3981,0.012311,0.000000,0.981219,0.955044,0.047146,-0.047146,inf,p_lb=0,False
AGSFFWGHDHFIIM5J6OQNRGX7L4EQ,2261,9671,8209,0.014796,0.000000,0.982133,0.960143,0.032657,-0.032657,inf,p_lb=0,False
AEODJ4NGAI3BVHZK43GVLOLQZ22Q,2262,1630,1907,0.012220,0.000000,0.980913,0.956015,0.068049,-0.068049,inf,p_lb=0,False
AFAQQZSNUGEJP2RYTXHYJKFVG32A,2263,1519,2607,0.011111,0.000000,0.980351,0.954021,0.058322,-0.058322,inf,p_lb=0,False
AGP3SV3HRCELN34OMNVEBEV75HGA,2264,5540,4555,0.011659,0.000000,0.980747,0.956066,0.044028,-0.044028,inf,p_lb=0,False
AH7IMQ5YIPV6NG6C5D4QOT5L4UUA,2265,3897,4857,0.012104,0.000000,0.981546,0.956066,0.042637,-0.042637,inf,p_lb=0,False
AHM57VOLLXXAKPBFJV3KGMYRLBZQ,2266,4527,3908,0.010664,0.000000,0.981087,0.958107,0.047432,-0.047432,inf,p_lb=0,False
AHNQ42N546NAAKT43DUOXVS6U6NQ,2267,1958,1529,0.010823,0.000000,0.979327,0.954021,0.076155,-0.076155,inf,p_lb=0,False
AGPW5J7HI4NGTJUANOCMKDXAIDZQ,2268,2846,2444,0.012924,0.000000,0.980799,0.957087,0.060043,-0.060043,inf,p_lb=0,False
AE2HIN4P37JPH3GCTZNNNWCK62DA,2269,2366,1930,0.011236,0.000000,0.980340,0.955044,0.067711,-0.067711,inf,p_lb=0,False
AEGCGUV3UYD44P4JPEJ2RAKX7A4Q,2270,3274,2943,0.011364,0.000000,0.981033,0.957036,0.054719,-0.054719,inf,p_lb=0,False
AELBVEAU2AZHSNEXVKM7C2WNQHRQ,2271,5817,6322,0.013935,0.000000,0.981740,0.956066,0.037372,-0.037372,inf,p_lb=0,False
AFAUF3KITTRYFEHRBT7TECXPB4PQ,2272,3631,3521,0.014973,0.000000,0.981755,0.957087,0.050024,-0.050024,inf,p_lb=0,False
AHGTTJLK53MVVEOESYW7QJFVHYRQ,2273,2370,2562,0.009188,0.000000,0.979417,0.953970,0.058835,-0.058835,inf,p_lb=0,False
AGCZHQWQNF6QRKDO7T5NQWR7GQAQ,2274,4370,3832,0.010638,0.000000,0.981329,0.957036,0.047953,-0.047953,inf,p_lb=0,False
AFOVU64LBEIX5AQOCTZSAUC2IA5Q,2275,7298,7719,0.015439,0.000000,0.982372,0.957087,0.033785,-0.033785,inf,p_lb=0,False
AFDM5JSC54MIFFQ36LONQJMWI3XQ,2276,2955,2734,0.013680,0.000000,0.981442,0.959126,0.056648,-0.056648,inf,p_lb=0,False
AFHBDFGDRJW3S3M5Q75Q6KV2URLA,2277,4072,4241,0.016682,0.000000,0.981727,0.958107,0.045532,-0.045532,inf,p_lb=0,False
AEZEZ2H4UC56XJNN7A3ORZREEDNA,2278,5899,7087,0.015030,0.000000,0.981339,0.958107,0.035222,-0.035222,inf,p_lb=0,False
AEOK4TQIKGO23SJKZ6PW4FETNNDA_1,2279,11321,13585,0.013740,0.000000,0.982020,0.958107,0.025440,-0.025440,inf,p_lb=0,False
AFXS2DNVD3WRLMLSJLP2UXL2OQ6A,2280,4790,4291,0.012207,0.000000,0.981138,0.956066,0.045362,-0.045362,inf,p_lb=0,False
AFEOGCJOFIPCVENKECNXZ4NQHKEQ,2281,3663,3267,0.015284,0.000000,0.981524,0.958056,0.051879,-0.051879,inf,p_lb=0,False
AEV53RCOPMQNNAYIDOT6K26HPCGQ,2282,5089,3814,0.014440,0.000000,0.981199,0.958107,0.048013,-0.048013,inf,p_lb=0,False
AE2K7G2RD7RULVI7EICLIIF3VZHA,2283,1543,2698,0.006916,0.000000,0.980317,0.957036,0.057149,-0.057149,inf,p_lb=0,False
AHW4XT6VZ5BJUSH7LMYWFWBLZ73Q,2284,3207,3211,0.014545,0.000000,0.981547,0.956985,0.052388,-0.052388,inf,p_lb=0,False
AGDWW6FZQJQVOH4J3TEIA3SIL45Q,2285,5933,7165,0.014294,0.000000,0.981827,0.959126,0.034993,-0.034993,inf,p_lb=0,False
AFSQAZ4GRUOGBTBB4IUKKLR4UA5Q,2286,3477,2904,0.014946,0.000000,0.981533,0.959126,0.054965,-0.054965,inf,p_lb=0,False
AGX23Z72LWKSGCDMKI4NR6OVR2WA,2287,2694,2310,0.007937,0.000000,0.980071,0.955044,0.061892,-0.061892,inf,p_lb=0,False
AFJYUDW2LLMAVP2L5F7FQPYGWP6Q,2288,13682,15039,0.016306,0.000000,0.981805,0.959126,0.024153,-0.024153,inf,p_lb=0,False
AED3R7P5VL5PEBNPLOMFMC6OLNUA,2289,3960,3253,0.014068,0.000000,0.982096,0.957087,0.052044,-0.052044,inf,p_lb=0,False
AEAKWLN7QQ675DPGNXDKUD5EQE4Q,2290,3365,2864,0.012802,0.000000,0.981194,0.957087,0.055466,-0.055466,inf,p_lb=0,False
AGOVZTWAXGQ4KG3F2LFWT6DS6TKQ,2291,1691,3059,0.011125,0.000000,0.981127,0.955044,0.053783,-0.053783,inf,p_lb=0,False
AFO56ALOAN5ZYK7XVV2XWOSEE6DA,2292,4616,4663,0.013356,0.000000,0.981906,0.958107,0.043422,-0.043422,inf,p_lb=0,False
AFRPIQB4EY3I33OXHAWYPDLRKHQQ,2293,3714,3728,0.009375,0.000000,0.980886,0.957036,0.048618,-0.048618,inf,p_lb=0,False
AFOTTSAZYNXVVEZ5IV24QOP5QOWQ,2294,4804,4759,0.013169,0.000000,0.981965,0.958107,0.042982,-0.042982,inf,p_lb=0,False
AH3D2AFXD6K2LDRCCTC6GCIXTSAQ,2295,14892,13494,0.015443,0.000000,0.981653,0.958107,0.025526,-0.025526,inf,p_lb=0,False
AFHPTQMY64EIQHJ62AEQSGCEBVGQ,2296,13245,15132,0.013824,0.000000,0.981294,0.957087,0.024130,-0.024130,inf,p_lb=0,False
AG6KQ64NNSYP4RHXA6RVER43RGJQ,2297,2841,3119,0.013685,0.000000,0.980967,0.956066,0.053207,-0.053207,inf,p_lb=0,False
AGXO3CPYK7TUTKH4BTVJD2DX43HQ,2298,7265,5488,0.015468,0.000000,0.981706,0.956066,0.040111,-0.040111,inf,p_lb=0,False
AERZA2PMTCZCBSZAR6GATANJB3QA,2299,2327,2377,0.009479,0.000000,0.980380,0.956015,0.060951,-0.060951,inf,p_lb=0,False
AEBYGDBFCD3QEOFKNHCXHUFKREGA,2300,5303,4224,0.008687,0.000000,0.981570,0.956066,0.045721,-0.045721,inf,p_lb=0,False
AFJBKPK5W56XWSNPQU2WW66ISWYQ,2301,6108,6742,0.013961,0.000000,0.981267,0.956015,0.036191,-0.036191,inf,p_lb=0,False
AGBMWG5RST3LJWQ2YSOEISPVKSBQ,2302,4085,3873,0.012548,0.000000,0.981636,0.958107,0.047646,-0.047646,inf,p_lb=0,False
AHYSAAK3U3UXMVID65JHTIJMFCJQ,2303,2987,2211,0.003802,0.000000,0.979695,0.955044,0.063262,-0.063262,inf,p_lb=0,False
AGPJIILGSLMZLC53Q52HRBMINIJQ,2304,3739,3489,0.014049,0.000000,0.981508,0.954993,0.050363,-0.050363,inf,p_lb=0,False
AGVIH2XXBIIZDXDEQJCUCY42JOOA,2305,4560,4911,0.010023,0.000000,0.980850,0.957087,0.042357,-0.042357,inf,p_lb=0,False
AGZ7PBBXZAOSSRC4RHDY37JQG4XQ,2306,5759,5713,0.014515,0.000000,0.982073,0.959126,0.039188,-0.039188,inf,p_lb=0,False
AE3A6XP5TAMJ3GBGD52QK5APNR2Q,2307,3461,3351,0.011348,0.000000,0.980340,0.957036,0.051280,-0.051280,inf,p_lb=0,False
AFTLLGHUC56MJK4QPDC44CADACHQ,2308,7171,7131,0.015693,0.000000,0.981788,0.958107,0.035113,-0.035113,inf,p_lb=0,False
AF7KAM4NO674XYRXUWEYWKAUKTGQ,2309,3755,4007,0.013659,0.000000,0.981005,0.960041,0.046748,-0.046748,inf,p_lb=0,False
AEF4A5PLYVU67SYR67JR3227YS4A,2310,7867,8034,0.013634,0.000000,0.982090,0.957087,0.033116,-0.033116,inf,p_lb=0,False
AEEX3WVJK5TGMRJ43V7IOI63JOFA,2311,3237,2654,0.013158,0.000000,0.981256,0.956066,0.057680,-0.057680,inf,p_lb=0,False
AFJPOTNIECXIDZ35M6PDCFEVQQEA,2312,6064,6439,0.013405,0.000000,0.981516,0.956015,0.037033,-0.037033,inf,p_lb=0,False
AHKMCJ5V6ZXMMU7XSNAL5ST74WYQ,2313,2160,2371,0.007610,0.000000,0.980140,0.955044,0.061090,-0.061090,inf,p_lb=0,False
AE2ED6WSUDMW3NGBDG4NWQCYNOMQ,2314,3457,2862,0.014706,0.000000,0.982040,0.959126,0.055367,-0.055367,inf,p_lb=0,False
AGRR2SWMCD33X27M7Q6NV2VEKGZA,2315,2506,2449,0.012945,0.000000,0.980102,0.952997,0.060239,-0.060239,inf,p_lb=0,False
AEIPJBAN7A55Q5DFFPZSR2UV3OKA,2316,37437,36785,0.016301,0.005386,0.981367,0.958107,0.015460,-0.010516,330124.520767,eps_dominant,False
AFBXMLDI73OK56CZEJGVLCLNHRJA,2317,3007,3276,0.011568,0.000000,0.981480,0.958107,0.051805,-0.051805,inf,p_lb=0,False
AEARZR2FUPD7O6LU3TTTRD4NCU3Q,2318,5414,5011,0.013216,0.000000,0.982007,0.959126,0.041843,-0.041843,inf,p_lb=0,False
AFEAJYA7HTYXIWK4Z3NPMMAIXHWQ,2319,1872,2783,0.007682,0.000000,0.979916,0.954021,0.056448,-0.056448,inf,p_lb=0,False
AHTOI4KAG6UGFCU763DHZ7JR54CQ,2320,7715,8356,0.013790,0.000000,0.981513,0.957087,0.032472,-0.032472,inf,p_lb=0,False
AHPBTFJXUI6X4ESAHBRBQBKOQP7Q,2321,3020,3614,0.011025,0.000000,0.981422,0.957087,0.049376,-0.049376,inf,p_lb=0,False
AEVDXSTWTWY24KPOCJIDVHJNQV3Q,2322,3374,3255,0.013667,0.000000,0.981598,0.958107,0.051972,-0.051972,inf,p_lb=0,False
AFB3LK6JUTBNOFKZN27PCGOUULFA,2323,6506,5619,0.013496,0.000000,0.982110,0.957087,0.039599,-0.039599,inf,p_lb=0,False
AFKHG4JI2HAW6CNNXPM7CPDUQOEA,2324,6604,4909,0.010054,0.000000,0.981450,0.957087,0.042366,-0.042366,inf,p_lb=0,False
AHQQJATBFWW5TORPLQ4LQOGXKIWQ,2325,4521,4304,0.013611,0.000000,0.980607,0.953867,0.045398,-0.045398,inf,p_lb=0,False
AEEBX6K7I53KOU5BKJTT43FZULAQ,2326,3054,3560,0.010405,0.000000,0.981327,0.958107,0.049696,-0.049696,inf,p_lb=0,False
AGUEIZI5BONVZSNA3FBBR6DBX4JA,2327,7468,5715,0.011780,0.000000,0.981160,0.953970,0.039393,-0.039393,inf,p_lb=0,False
AFFA2YLWVHPOFFX325YI7MITMACQ,2328,2370,2146,0.016529,0.000000,0.981691,0.955044,0.064213,-0.064213,inf,p_lb=0,False
AE4RGAHEK5Y6XTJKQBUVDR6K32ZQ,2329,2786,2629,0.012484,0.000000,0.980655,0.956066,0.057953,-0.057953,inf,p_lb=0,False
AFK3P4OWJK6XFYNFYTSVBZ46RCDQ,2330,3984,4404,0.013687,0.000000,0.982234,0.956066,0.044776,-0.044776,inf,p_lb=0,False
AHG4LOFDG63TZLAJ7HCGHELCMSLA,2331,2163,2493,0.006359,0.000000,0.979278,0.954021,0.059641,-0.059641,inf,p_lb=0,False
AHG5KKQMMZJA46LDH73IZ4QUHYXA,2332,2520,1652,0.011792,0.000000,0.980094,0.954993,0.073191,-0.073191,inf,p_lb=0,False
AG73WJW3CJUPPVWTGBJ6QBHUJ5XA,2333,9424,10544,0.015879,0.000000,0.981063,0.956066,0.028938,-0.028938,inf,p_lb=0,False
AHAVFW4GL3ZT2A6PDDDJSJJ5GY5A,2334,3252,3578,0.012926,0.000000,0.981035,0.957087,0.049624,-0.049624,inf,p_lb=0,False
AHQR5RU4UKE2S65XWC5WMU2JZS7A,2335,6163,6476,0.011822,0.000000,0.980621,0.958005,0.036850,-0.036850,inf,p_lb=0,False
AFKOXRKM5XY3N3FR54SGGLOJJFVA,2336,3392,3354,0.013970,0.000000,0.981061,0.955044,0.051364,-0.051364,inf,p_lb=0,False
AFGJYXOLE2THZ4IF3UVLSRTECMIQ,2337,3335,3891,0.008612,0.000000,0.980630,0.956066,0.047637,-0.047637,inf,p_lb=0,False
AFRFJGGP6CP5ALZLV6SA5WQ74U6A,2338,5366,4908,0.010972,0.000000,0.980282,0.953970,0.042508,-0.042508,inf,p_lb=0,False
AEJI7AVCH24E5LOCL7OPS5LDY5GA,2339,2445,1994,0.011091,0.000000,0.979203,0.952997,0.066759,-0.066759,inf,p_lb=0,False
AEKVYKMVVSJSJNVPRHQIN5UX6UVA,2340,4861,3493,0.011957,0.000000,0.980924,0.957087,0.050224,-0.050224,inf,p_lb=0,False
AFC3Z3QQ3D36SYHAL3MKGJMP4ZBQ,2341,3465,2753,0.010512,0.000000,0.979456,0.954021,0.056754,-0.056754,inf,p_lb=0,False
AFEUSBBGM3XTTIYAYK2GNGDGB5NQ,2342,2337,3230,0.008717,0.000000,0.980106,0.956015,0.052287,-0.052287,inf,p_lb=0,False
AHAYJYTWBY6A6HTPQ4KHWKD6X7RQ,2343,17058,15754,0.017035,0.000357,0.981699,0.956066,0.023674,-0.023348,75954936.226978,eps_dominant,False
AEIIRIHLIYKQGI7ZOCIJTRDF5NPQ_2_1,2344,8326,8402,0.016745,0.000000,0.982159,0.958107,0.032349,-0.032349,inf,p_lb=0,False
AELBDV3WKDSQE4X5KJ4K2NR7AS3A,2345,3410,2834,0.006935,0.000000,0.981917,0.959126,0.055640,-0.055640,inf,p_lb=0,False
AE3LJU64A7LIZRAIDLWLY7WIXKPQ,2346,3904,3733,0.015217,0.000000,0.982372,0.960143,0.048428,-0.048428,inf,p_lb=0,False
AE3RVPQUALI4HMJUOSE6YE4VVMUA,2347,6469,9534,0.016034,0.000000,0.981918,0.958107,0.030368,-0.030368,inf,p_lb=0,False
AE2ZVBITK4WG7SXTTLG2YFLRTUSQ,2348,3837,3394,0.014925,0.000000,0.981384,0.958107,0.050897,-0.050897,inf,p_lb=0,False
AGDOGDBA3K4KIWTOCBCWKC5C6NEQ,2349,5552,6252,0.012923,0.000000,0.981662,0.956015,0.037583,-0.037583,inf,p_lb=0,False
AFMOM4ZVIZ6EXLU7AKHHL7OVWSQQ,2350,7894,7733,0.011188,0.000000,0.980845,0.957087,0.033755,-0.033755,inf,p_lb=0,False
AHIPYT7Q7IDYXLLNNHYX5GGWMEVA,2351,2950,3381,0.013172,0.000000,0.981205,0.954021,0.051213,-0.051213,inf,p_lb=0,False
AFFRCOTU354SFF2TWTMJSVJ3T5HA,2352,4938,5741,0.015015,0.000000,0.981871,0.960143,0.039051,-0.039051,inf,p_lb=0,False
AEB5WZLYV6NTC6TQPWVOCRS4JYBA,2353,2479,3243,0.010013,0.000000,0.980727,0.959126,0.052013,-0.052013,inf,p_lb=0,False
AFAWXPWTSIPWCOQPMGFYIG4I2QYQ,2354,2374,3307,0.008940,0.000000,0.980989,0.958107,0.051562,-0.051562,inf,p_lb=0,False
AE25GU3LWQGZJN4NNT5GWAGBN2KA,2355,3661,4007,0.011690,0.000000,0.981825,0.960143,0.046743,-0.046743,inf,p_lb=0,False
AF6OKIE3IGAMM2RJLNGUTUB7XGKA,2356,2901,3066,0.013064,0.000000,0.981833,0.958107,0.053550,-0.053550,inf,p_lb=0,False
AF6HB66K65MYYKBU7CWZ5OBSEAUA,2357,5225,6853,0.012622,0.000000,0.980999,0.954021,0.035972,-0.035972,inf,p_lb=0,False
AFYZRRCI3T6HD4Q42AQBYW75N7SA,2358,3876,3467,0.008493,0.000000,0.979664,0.955044,0.050520,-0.050520,inf,p_lb=0,False
AGCQMKREJ7MZWNOKELGVDQ4F6HLA,2359,2113,2160,0.008065,0.000000,0.980823,0.955044,0.064005,-0.064005,inf,p_lb=0,False
AHPOHKN4PU4W3V5PGFL7AGTAD2AA,2360,9385,10395,0.014313,0.000000,0.981651,0.958107,0.029083,-0.029083,inf,p_lb=0,False
AH5PTXCOZ6L7I5PPNE3VRD7YSNOQ,2361,2565,2556,0.010802,0.000000,0.979847,0.954021,0.058901,-0.058901,inf,p_lb=0,False
AFYUZU3JAPLETO7EEBA6BOU2RJSQ,2362,4910,3988,0.009497,0.000000,0.980837,0.956066,0.047054,-0.047054,inf,p_lb=0,False
AH6MLMA37WGURO3Z33AE7WRAI4CA,2363,4774,3855,0.012579,0.000000,0.982015,0.957087,0.047808,-0.047808,inf,p_lb=0,False
AEJSXAQNOBEI3CK3ZZMT5AAOCHBA,2364,3653,3124,0.012255,0.000000,0.980660,0.957087,0.053107,-0.053107,inf,p_lb=0,False
AGF4BUNATUPXTAIBIMBR7DBCSA5Q,2365,24971,26172,0.017928,0.004988,0.983021,0.960092,0.018291,-0.013693,381763.011918,eps_dominant,False
AF5JGDC5GYAXYUAXT4TMKIA73LYA,2366,4068,3773,0.011662,0.000000,0.980386,0.955044,0.048428,-0.048428,inf,p_lb=0,False
AG73LHFDVR6BQRW2J4TNCZPZ7ZGA,2367,3747,4013,0.016043,0.000000,0.981810,0.959126,0.046757,-0.046757,inf,p_lb=0,False
AFHAEXH6TEITVFXH7E4RWOV6HT3Q,2368,2931,3473,0.005945,0.000000,0.981216,0.956066,0.050422,-0.050422,inf,p_lb=0,False
AGGMJWZGH5H45UG3JGME24PISUZA,2369,3244,3142,0.015834,0.000000,0.981724,0.959075,0.052845,-0.052845,inf,p_lb=0,False
AE3PLZHW6NXWBMZ76TDVFQG2MJFA,2370,10442,8758,0.016870,0.000000,0.982218,0.958107,0.031684,-0.031684,inf,p_lb=0,False
AEZAZKOMXKGYKLF4N4KATERBLMAA,2371,4073,4165,0.011122,0.000000,0.980996,0.959126,0.045896,-0.045896,inf,p_lb=0,False
AFOCBFH7KGNBKSQGCSCMN6JDZ5QQ,2372,4012,3663,0.010067,0.000000,0.981161,0.957087,0.049045,-0.049045,inf,p_lb=0,False
AFMRNKCMPCQ5LK26BNF6TCIOUJOQ,2373,5597,5550,0.012322,0.000000,0.981662,0.957087,0.039844,-0.039844,inf,p_lb=0,False
AE364T67IGWVWILEHKOWYBCB2IDA,2374,1782,1851,0.007207,0.000000,0.979259,0.954021,0.069215,-0.069215,inf,p_lb=0,False
AEO3BSI7NEEABNNTAITKL7I4IH7Q,2375,2450,1861,0.006263,0.000000,0.980367,0.956066,0.068881,-0.068881,inf,p_lb=0,False
AHS76Z2GPIHBUHEAIIRXUEPHYMUQ,2376,2566,3235,0.009467,0.000000,0.979933,0.956066,0.052244,-0.052244,inf,p_lb=0,False
AHEPLA43HWNAN5VRVBK457ILTEVQ,2377,2202,1901,0.013462,0.000000,0.980863,0.955044,0.068225,-0.068225,inf,p_lb=0,False
AEKSI575UP7LPD4NUWJFI53IFV3Q,2378,5829,5488,0.013986,0.000000,0.981483,0.956066,0.040111,-0.040111,inf,p_lb=0,False
AGRY5TWPJIIYA77EQRWDAR4KEOIA,2379,5505,5627,0.014212,0.000000,0.981736,0.959075,0.039488,-0.039488,inf,p_lb=0,False
AHHBTX27ESJYBLDTOWDXT6ROLLIQ,2380,2193,3167,0.012500,0.000000,0.981338,0.957087,0.052746,-0.052746,inf,p_lb=0,False
AHCZW7RP5IJYIBL3GTD7QE6TW6CQ,2381,3503,3823,0.015964,0.000000,0.981681,0.957087,0.048007,-0.048007,inf,p_lb=0,False
AEPHGBC4AGMSWWJ2TG2FOBVRJOJQ,2382,2138,2226,0.001610,0.000000,0.980450,0.957087,0.062914,-0.062914,inf,p_lb=0,False
AFKXEFXBBZXYWYNL7772ZQN5LSHQ,2383,6648,5299,0.013605,0.000000,0.981552,0.957036,0.040779,-0.040779,inf,p_lb=0,False
AGTXKBHHGPNQTA7DOWDBCV4W4KXA,2384,3145,2726,0.014815,0.000000,0.980891,0.956066,0.056913,-0.056913,inf,p_lb=0,False
AGYVC7KVHP2AWM7BDCEYNHFA6F3Q,2385,1932,2301,0.007067,0.000000,0.980042,0.954021,0.062079,-0.062079,inf,p_lb=0,False
AFYSHCJX77N6OZHBKFSTSYZGNJWQ,2386,2260,2316,0.007837,0.000000,0.980132,0.957036,0.061683,-0.061683,inf,p_lb=0,False
AGKWJQMCUR4G6H3CUJAAS3JQFPOQ,2387,4078,4003,0.014252,0.000000,0.982535,0.958107,0.046866,-0.046866,inf,p_lb=0,False
AH6KFWUFNLCMPBOCEHR7XQ6GDRTA,2388,4468,5463,0.011204,0.000000,0.981116,0.955044,0.040246,-0.040246,inf,p_lb=0,False
AFMUA7K3BRXWB4XO6QARYIEBI42Q,2389,10479,11426,0.013531,0.000000,0.980895,0.958056,0.027741,-0.027741,inf,p_lb=0,False
AHGO2TTEJQYOBIW6HXBZF7PMZOGA,2390,5228,4811,0.016194,0.000000,0.981847,0.960143,0.042659,-0.042659,inf,p_lb=0,False
AHQINHUXG7RTVNS4B5UZV5JXGGZA,2391,4657,5060,0.011058,0.000000,0.981964,0.957087,0.041729,-0.041729,inf,p_lb=0,False
AFJMZJ7LBFLG25RUFZ6VXZB2J2AQ,2392,3271,3134,0.011307,0.000000,0.981166,0.959075,0.052913,-0.052913,inf,p_lb=0,False
AFXYY6I45UYTMLLLUFJZX6YFWAFQ,2393,2729,2610,0.008621,0.000000,0.980565,0.956066,0.058164,-0.058164,inf,p_lb=0,False
AFPI67RTLSRL42VFGZTOMETXABSA,2394,3088,3635,0.010405,0.000000,0.980839,0.956985,0.049238,-0.049238,inf,p_lb=0,False
AFWTSDRXGJQT2C4VF7PJPDHDSZKA,2395,3608,3596,0.008247,0.000000,0.981566,0.958107,0.049447,-0.049447,inf,p_lb=0,False
AHED6ETFQH7SFT7MO23RR6TCU4HQ,2396,4566,3603,0.010022,0.000000,0.981439,0.960092,0.049296,-0.049296,inf,p_lb=0,False
AGIRT2W576QSBRPEDGFNUAWVS7DA,2397,2655,2892,0.011097,0.000000,0.980914,0.957036,0.055199,-0.055199,inf,p_lb=0,False
AGI7Q67LEC564DC6HJQ3FAVIYCVQ,2398,4079,4800,0.008150,0.000000,0.982035,0.959075,0.042755,-0.042755,inf,p_lb=0,False
AHAPQT2ARS3JS6RZKGJT6JH4ZJAA,2399,7436,7638,0.013799,0.000000,0.981719,0.958107,0.033928,-0.033928,inf,p_lb=0,False
AHCHHNVEFWLHKTCCPALFK4JE32AA,2400,4005,3720,0.012304,0.000000,0.981740,0.957087,0.048667,-0.048667,inf,p_lb=0,False
AHCIJZ45JJ56KJQ7TJXXN3YH3M5A,2401,2188,2384,0.006472,0.000000,0.980048,0.954993,0.060927,-0.060927,inf,p_lb=0,False
AH3CTKRANSNNRHTW7MSGCZG4LFXA,2402,5102,5827,0.015678,0.000000,0.982071,0.956015,0.038929,-0.038929,inf,p_lb=0,False
AGARAGBTDWJVZAZH2DJZDDS4CQQQ,2403,3838,4402,0.016299,0.000000,0.982817,0.959075,0.044646,-0.044646,inf,p_lb=0,False
AHYTEV7JD4ZPZ6C7YQYI4CM4EMHA,2404,1967,2687,0.009709,0.000000,0.981266,0.957087,0.057263,-0.057263,inf,p_lb=0,False
AERVE4SIHRBO3DSYVVOQKQRX67CA,2405,2780,3349,0.012937,0.000000,0.981155,0.957036,0.051295,-0.051295,inf,p_lb=0,False
AFWBP55YO33V7AG7BI37EGHVV7SA,2406,5827,6158,0.019089,0.000000,0.982478,0.959075,0.037748,-0.037748,inf,p_lb=0,False
AFSBW7GPPNRSTTEWVKJZKP526T4A,2407,4117,4651,0.008982,0.000000,0.981819,0.958107,0.043478,-0.043478,inf,p_lb=0,False
AFYB7O3AY4KNFJ466V2KSOQB2ODQ,2408,28879,31326,0.017333,0.005505,0.981710,0.957036,0.016772,-0.011729,317437.561206,eps_dominant,False
AEJUJLXYEFXUHS4YQTETBDYWZUXA,2409,2070,2998,0.008314,0.000000,0.979999,0.955044,0.054328,-0.054328,inf,p_lb=0,False
AHPYMAQYN5EIXUMUTE5BLQAV5N7A,2410,2459,2763,0.008299,0.000000,0.980149,0.954993,0.056594,-0.056594,inf,p_lb=0,False
AFKOASIJHRHMFC3ZM6FHBU2OIYPQ,2411,3263,3155,0.011480,0.000000,0.980653,0.954993,0.052962,-0.052962,inf,p_lb=0,False
AEXAZTZ2QMNUW4YQMHXWRZGJLE5A,2412,3713,3845,0.005734,0.000000,0.980757,0.956066,0.047921,-0.047921,inf,p_lb=0,False
AEC4WROC543KSOU7GOBC2DDXND7Q,2413,2804,2030,0.008726,0.000000,0.980722,0.954021,0.066093,-0.066093,inf,p_lb=0,False
AHBEI6Q4F4WHRIFK5CWQMRVPOQMA,2414,6051,7654,0.015603,0.000000,0.981387,0.958056,0.033894,-0.033894,inf,p_lb=0,False
AFAOHY7AXIO57KZQD2WMWPAVEHCA,2415,2970,1915,0.010060,0.000000,0.980992,0.957087,0.067831,-0.067831,inf,p_lb=0,False
AEKV4Q3JUQTQA2UR7PH7QLUHUTTQ,2416,7641,7840,0.011397,0.000000,0.981874,0.958056,0.033490,-0.033490,inf,p_lb=0,False
AE5GEGOV3K3LNIG45Z7SFL6XHJ2Q,2417,4968,4687,0.013216,0.000000,0.981291,0.958056,0.043313,-0.043313,inf,p_lb=0,False
AGWSEISP3NKF47Q2CG45DBOYURYA,2418,11283,13003,0.015564,0.000000,0.981474,0.956066,0.026059,-0.026059,inf,p_lb=0,False
AEZA72MOZXB4K4VQUOROOHAVECOQ,2419,6914,9299,0.014167,0.000000,0.981720,0.957087,0.030782,-0.030782,inf,p_lb=0,False
AGJOIAF7JKTG64GKFWQRBD7YTYNQ,2420,2601,2874,0.008333,0.000000,0.982144,0.957087,0.055369,-0.055369,inf,p_lb=0,False
AH7CUVVTYJSU4ELS3RX6FYSS2OAA,2421,1941,2480,0.009383,0.000000,0.979193,0.952997,0.059861,-0.059861,inf,p_lb=0,False
AH65J4QJTJGMTAIOUDUUQHCCHZCQ,2422,2321,2615,0.007682,0.000000,0.981352,0.958107,0.057984,-0.057984,inf,p_lb=0,False
AEOROIOBPBERU4MECH4D67LANECQ,2423,3183,2885,0.007407,0.000000,0.981629,0.958107,0.055204,-0.055204,inf,p_lb=0,False
AH6URM6URQ2EKVJMCPE3XZXRCIUQ,2424,3159,3714,0.012673,0.000000,0.981743,0.957087,0.048707,-0.048707,inf,p_lb=0,False
AHV7LKZELPOHGBWXQ6GLKLYHHPDA,2425,3656,3107,0.008065,0.000000,0.980558,0.955044,0.053366,-0.053366,inf,p_lb=0,False
AGT6SMFGOSFI3BRCY6DTOO4RCACQ,2426,1892,2369,0.005164,0.000000,0.980282,0.954993,0.061119,-0.061119,inf,p_lb=0,False
AFND6MK3CIEWNMQ4F2YISGPWTX6Q,2427,2623,2669,0.009804,0.000000,0.979938,0.956066,0.057517,-0.057517,inf,p_lb=0,False
AEMOSR6PPH6SLWWH3FTRNSCEFJSA,2428,2762,3104,0.006649,0.000000,0.980240,0.956066,0.053335,-0.053335,inf,p_lb=0,False
AGBIKKQCO7YF46LVG5FMLLUAYGOA,2429,11458,11188,0.016085,0.000000,0.981758,0.957087,0.028063,-0.028063,inf,p_lb=0,False
AEBKVV4GWV4345OOUE6FSNSJDUMA,2430,29035,28649,0.015677,0.003310,0.981558,0.957036,0.017538,-0.014506,878135.993597,eps_dominant,False
AEOXOWXY6MIDO5SAXL3GPXFOWLLQ,2431,3512,2993,0.008963,0.000000,0.980597,0.954993,0.054376,-0.054376,inf,p_lb=0,False
AHC6X7NTYM3C36TZF7C3K3Q7HDEA,2432,11637,11194,0.011976,0.000000,0.981509,0.958107,0.028026,-0.028026,inf,p_lb=0,False
AEJ4OE2ULQVAN3AIGYVV2WLZPXWQ,2433,3160,3447,0.012618,0.000000,0.981362,0.956066,0.050612,-0.050612,inf,p_lb=0,False
AF426CEAYWNEUOCWGK7ZAAD7GYZA,2434,2358,1643,0.006593,0.000000,0.979796,0.956015,0.073312,-0.073312,inf,p_lb=0,False
AFOHELIML66A52IGVQREQVZ453BA,2435,3164,2912,0.010249,0.000000,0.981073,0.957087,0.055007,-0.055007,inf,p_lb=0,False
AETCSIAIBEV7UTIQRBGI4FLLHYEA,2436,3142,3144,0.017900,0.000000,0.981667,0.955044,0.053051,-0.053051,inf,p_lb=0,False
AHT7LA5WBAB4ROGSGGDPSOYFORHQ,2437,4783,4913,0.011895,0.000000,0.981880,0.958056,0.042306,-0.042306,inf,p_lb=0,False
AHFARMUVPKFUECSFCFMWDKRHYYKA,2438,2388,1500,0.011628,0.000000,0.979708,0.954993,0.076810,-0.076810,inf,p_lb=0,False
AG64X4UTSQEXRNHWGWME6HL6HYXA,2439,3385,3758,0.006091,0.000000,0.980028,0.955044,0.048524,-0.048524,inf,p_lb=0,False
AGTGHYRTZXKX4AIL42A3FKWR7SOQ,2440,7325,7516,0.014961,0.000000,0.981936,0.959126,0.034166,-0.034166,inf,p_lb=0,False
AFYCLJKUNJR5P62O2IF5ULMAWPQQ,2441,2790,2903,0.012784,0.000000,0.980420,0.956015,0.055153,-0.055153,inf,p_lb=0,False
AHC7TXAWP6DKHKM75VOZCHZBSKZA,2442,2671,2329,0.007463,0.000000,0.979071,0.952997,0.061771,-0.061771,inf,p_lb=0,False
AFY7R6NIDZW2RYSE36LMS4OVETZA,2443,5010,4481,0.013489,0.000000,0.981431,0.956015,0.044392,-0.044392,inf,p_lb=0,False
AGZHZS4YKICTOZ3XYAYLWKA2OCDA,2444,3243,2889,0.011538,0.000000,0.981541,0.956066,0.055284,-0.055284,inf,p_lb=0,False
AGHOTW5ZUB27GJG5FYONY4UA4W7A,2445,6567,5764,0.013688,0.000000,0.982110,0.959075,0.039016,-0.039016,inf,p_lb=0,False
AFLTMIAEVQND46Q243LNEFKJ57CA,2446,2236,3212,0.012077,0.000000,0.980437,0.957036,0.052378,-0.052378,inf,p_lb=0,False
AFNKQZEEGYXHXOSHESNOE3ELUACA,2447,5292,5645,0.015884,0.000000,0.982369,0.957087,0.039507,-0.039507,inf,p_lb=0,False
AHYDC3YH4YUXVQHQXKJRPJJUMDHA,2448,4648,3037,0.010270,0.000000,0.981274,0.958107,0.053805,-0.053805,inf,p_lb=0,False
AHESUURQOOLW6WCO5JVH34XXQ4VQ,2449,3849,3318,0.012953,0.000000,0.981848,0.957036,0.051534,-0.051534,inf,p_lb=0,False
AFVQ6XMBHSGTRAUUEYSUJ5K7WT7Q,2450,7006,6992,0.013998,0.000000,0.980859,0.954021,0.035612,-0.035612,inf,p_lb=0,False
AFZIIL5E6KJ73THDLDYHPGRHREEA,2451,4277,4922,0.014972,0.000000,0.982377,0.959075,0.042222,-0.042222,inf,p_lb=0,False
AGDJL2BHGWTC3WWWE7UKNMLF6AZQ,2452,3509,3384,0.011442,0.000000,0.981345,0.957087,0.051026,-0.051026,inf,p_lb=0,False
AGEXJG5LADC64QIVX3RMUA4GEVWA,2453,2252,2239,0.012590,0.000000,0.981108,0.955044,0.062865,-0.062865,inf,p_lb=0,False
AGWITEYQTALYN73Y2AP27U5J46HQ,2454,3792,3648,0.015015,0.000000,0.981465,0.959075,0.049043,-0.049043,inf,p_lb=0,False
AGQANC4MDXQAMK5QBH42MAM3KKXQ,2455,3318,2968,0.005731,0.000000,0.981144,0.956066,0.054543,-0.054543,inf,p_lb=0,False
AGZZURKYSVGYT53XSNBL7GVIL4GA,2456,3358,3404,0.014723,0.000000,0.981547,0.957087,0.050876,-0.050876,inf,p_lb=0,False
AHBORN7QVR52CPM5PSTBHFLVCJUA,2457,4358,3705,0.015625,0.000000,0.980986,0.956066,0.048818,-0.048818,inf,p_lb=0,False
AEQUPI4IDAOEZ7ZMTTMOGSDKBH5A,2458,3422,2527,0.013333,0.000000,0.980302,0.956015,0.059114,-0.059114,inf,p_lb=0,False
AEIDUSX3CGQI3URKTYY7U2JRMPZQ,2459,10117,7273,0.015050,0.000000,0.981276,0.958056,0.034771,-0.034771,inf,p_lb=0,False
AGEMMF33OU43HMF3U5ZSEQZUOQ2A,2460,2397,1853,0.013043,0.000000,0.981059,0.954993,0.069107,-0.069107,inf,p_lb=0,False
AEYQ5YP2XQD6ABDBCVPECI6LFO2Q,2461,3405,3296,0.014054,0.000000,0.981200,0.958107,0.051648,-0.051648,inf,p_lb=0,False
AGQPPOLMA6U2DAA5I5SP3M4QJSFA,2462,6731,5624,0.014865,0.000000,0.981445,0.956066,0.039623,-0.039623,inf,p_lb=0,False
AFH3T3A3DVGLLVJPET6OAEHNWPQA,2463,3310,2269,0.011925,0.000000,0.979576,0.954993,0.062452,-0.062452,inf,p_lb=0,False
AEZY3WQ5CO4DOXRNJOWWXJYKCAXQ,2464,4805,5394,0.012916,0.000000,0.981165,0.957087,0.040416,-0.040416,inf,p_lb=0,False
AGG57MAZR474OPZD356G7BL2EXRQ,2465,2287,3233,0.009044,0.000000,0.981232,0.956066,0.052260,-0.052260,inf,p_lb=0,False
AHH53Q3XLBEEPK36DLJ5UDEVZM5Q,2466,6790,7640,0.016289,0.000000,0.982544,0.959126,0.033887,-0.033887,inf,p_lb=0,False
AEVHHDEEO6UERLRZC3E2IYDZOEHA,2467,6366,5742,0.012583,0.000000,0.982140,0.959126,0.039089,-0.039089,inf,p_lb=0,False
AGM7QZOUXUAKEPGNXQNR6UVFVHPA,2468,5281,4867,0.010578,0.000000,0.980938,0.956015,0.042596,-0.042596,inf,p_lb=0,False
AF6EOOWDGXOGQSENWNYO4AQ77CUQ,2469,9390,9990,0.016898,0.000000,0.981941,0.956066,0.029730,-0.029730,inf,p_lb=0,False
AGTMMNTVLEDXN3TWKWUOI5L5Q2TA,2470,3860,3196,0.015873,0.000000,0.981827,0.957087,0.052506,-0.052506,inf,p_lb=0,False
AF4JG6AGQZ26FUBADCRC6CZ4Z26A,2471,5021,4958,0.009442,0.000000,0.981065,0.956015,0.042203,-0.042203,inf,p_lb=0,False
AE4XAONOTHWDUYQGLCZSHVJ4TP3A,2472,11267,13066,0.016373,0.000000,0.982309,0.959126,0.025913,-0.025913,inf,p_lb=0,False
AHVMJWRWKAWN3HWY5EP2ZIVWW62Q,2473,2580,2236,0.016103,0.000000,0.981624,0.957087,0.062773,-0.062773,inf,p_lb=0,False
AHSGXUUQSRZPYZN2AKZ2BTAMS4AQ,2474,2072,1892,0.009058,0.000000,0.979521,0.955044,0.068388,-0.068388,inf,p_lb=0,False
AHKIOQRM2H4FEMS5PI7J5RMPJKQA,2475,5637,4889,0.012058,0.000000,0.981617,0.957087,0.042452,-0.042452,inf,p_lb=0,False
AFAFYXZDO7IQMWKTKLIE6VDCPPMA,2476,3953,4180,0.007432,0.000000,0.981172,0.957087,0.045912,-0.045912,inf,p_lb=0,False
AEYLTTG6BD636LJSNQICVOWDJLDA,2477,12297,11048,0.013250,0.000000,0.981965,0.957036,0.028242,-0.028242,inf,p_lb=0,False
AHADLK72WU2URWGZLNJCYYV7F2JQ,2478,2747,2728,0.007776,0.000000,0.980700,0.957036,0.056834,-0.056834,inf,p_lb=0,False
AF2ACCKOTUKHIGCZHGHSZXMJDTKQ,2479,9697,7383,0.015295,0.000000,0.981886,0.958056,0.034511,-0.034511,inf,p_lb=0,False
AGXKSKQILCBPSNPGMZ6K3AXTHBSA,2480,7605,7119,0.013194,0.000000,0.981643,0.959126,0.035106,-0.035106,inf,p_lb=0,False
AEUXRQJTAD7YFA5OZG6LFOMVX6SQ,2481,3667,3715,0.015282,0.000000,0.981193,0.957087,0.048700,-0.048700,inf,p_lb=0,False
AHJZK7DAWKCCNUCXXQXPS4URHJXA,2482,3471,2886,0.006780,0.000000,0.981372,0.957036,0.055257,-0.055257,inf,p_lb=0,False
AG2YZT7UL3WX3GXGTLDVHHTQNSWQ,2483,3570,4636,0.012772,0.000000,0.981308,0.956015,0.043644,-0.043644,inf,p_lb=0,False
AFBR5VDMITJI24U5KZRYEPET3TJQ,2484,9422,9249,0.016511,0.000000,0.981388,0.956066,0.030898,-0.030898,inf,p_lb=0,False
AE7PTCW7PBAYTJAO4F5QMUZ2GODA,2485,3826,3744,0.011765,0.000000,0.980676,0.954021,0.048667,-0.048667,inf,p_lb=0,False
AEVZZ2TAOV3HJQD2FJ6NPFFLIQQQ,2486,2460,2030,0.010619,0.000000,0.980796,0.958056,0.065815,-0.065815,inf,p_lb=0,False
AG5ALUCP2JUPUPJZQEGVYBWBSVZA,2487,3792,3642,0.012472,0.000000,0.982032,0.958107,0.049133,-0.049133,inf,p_lb=0,False
AG7TKTNIUPIPKJC4R6RVJZ5OECEQ,2488,4035,4368,0.013889,0.000000,0.982688,0.959075,0.044820,-0.044820,inf,p_lb=0,False
AEZ75ZGNAG3HTCX7UJJ5NZYKD5HA,2489,6094,6922,0.013494,0.000000,0.980934,0.958107,0.035639,-0.035639,inf,p_lb=0,False
AEVVEYZF4MQDPC2BY2HBBNGZRYHA,2490,9371,9326,0.015341,0.000000,0.982196,0.959075,0.030673,-0.030673,inf,p_lb=0,False
AE4XVWBZQQW6XC7TWY7TLC6QPHKA,2491,6121,7584,0.017233,0.000000,0.981732,0.959126,0.034012,-0.034012,inf,p_lb=0,False
AE5HOA4YXILTVNUKYPDZOADT6MPQ,2492,2824,2655,0.010853,0.000000,0.979720,0.955044,0.057731,-0.057731,inf,p_lb=0,False
AGNE2VHYOU4D22WTQMGNQMHPZHUA,2493,2739,2816,0.010130,0.000000,0.981528,0.956015,0.055999,-0.055999,inf,p_lb=0,False
AFR3I45A3TZAQV2AIZOAZBKPUOUQ,2494,3647,3010,0.010540,0.000000,0.980292,0.957036,0.054107,-0.054107,inf,p_lb=0,False
AEIE2UJDKWR3NG3CE34PT7R3QSVQ,2495,18903,16779,0.016329,0.000168,0.981849,0.957087,0.022915,-0.022761,340018677.537339,eps_dominant,False
AEROQUUIQIBMTURT6F67MG273XFA,2496,2520,2002,0.009934,0.000000,0.980616,0.957087,0.066340,-0.066340,inf,p_lb=0,False
AH7BKWN5OQPMQXJ4ID2CDIUSZ5CA,2497,2825,3541,0.013111,0.000000,0.981942,0.958107,0.049829,-0.049829,inf,p_lb=0,False
AERA2QF2GEAJIAHJVKPK5DQHB7AA,2498,2254,1926,0.010453,0.000000,0.981008,0.955044,0.067781,-0.067781,inf,p_lb=0,False
AEK3Q3YE25YBBW4NBUGXY3LP3JEA,2499,2823,2754,0.009459,0.000000,0.981584,0.957087,0.056562,-0.056562,inf,p_lb=0,False
AHVBNM37DPQ3X527HJUDBMKJCEEA,2500,3289,2852,0.011521,0.000000,0.980606,0.957036,0.055585,-0.055585,inf,p_lb=0,False
AEBNZGOWU7JLSAMWJFWOYNKN4QHA,2501,3760,3623,0.011261,0.000000,0.981430,0.958107,0.049262,-0.049262,inf,p_lb=0,False
AGZRMANKR7DOKXA7CSLFIIZXBPGQ,2502,2296,2417,0.006116,0.000000,0.980598,0.957087,0.060377,-0.060377,inf,p_lb=0,False
AFSN2VRJ3SF7TUDX3BJNQZXGRPWQ,2503,3729,3012,0.010430,0.000000,0.982435,0.959126,0.053971,-0.053971,inf,p_lb=0,False
AEOUNGYXHQECUPRUCSZUSVXUGP2Q,2504,4274,3286,0.013333,0.000000,0.982044,0.960092,0.051620,-0.051620,inf,p_lb=0,False
AE2B73KPXHFCO2FD4L5CR7BVFISA,2505,2788,2613,0.008837,0.000000,0.980332,0.955044,0.058193,-0.058193,inf,p_lb=0,False
AHH667MCWRTSMWKYOVEN4PMWLDHQ,2506,2507,2264,0.012780,0.000000,0.981390,0.956066,0.062450,-0.062450,inf,p_lb=0,False
AGNFGBZW7HNYC5LDKBV34LQZ2YBA,2507,3667,3714,0.009217,0.000000,0.981816,0.957087,0.048707,-0.048707,inf,p_lb=0,False
AFP2CXPW657I6PLKLC7XRPJWUFJQ,2508,12476,13323,0.012903,0.000000,0.980970,0.956066,0.025744,-0.025744,inf,p_lb=0,False
AFZUK3MTBIBEDQOPAK3OATUOUKLA,2509,5017,5598,0.013514,0.000000,0.980814,0.958056,0.039633,-0.039633,inf,p_lb=0,False
AGOL4YVNGWMNV5WJWSA4IRBTSZ4A,2510,4587,5107,0.012509,0.000000,0.980730,0.954021,0.041670,-0.041670,inf,p_lb=0,False
AH7VYZN3WN5YY6N3CFLIY7426GYQ,2511,2527,2822,0.006676,0.000000,0.980182,0.952997,0.056117,-0.056117,inf,p_lb=0,False
AFURBA64TYZCPYT5BXLKHOIDWO4A,2512,2650,4061,0.013499,0.000000,0.982308,0.957087,0.046579,-0.046579,inf,p_lb=0,False
AEQWHFILX4XRKJX5WYHP7KDYLVJA,2513,4600,6013,0.010417,0.000000,0.981583,0.957087,0.038279,-0.038279,inf,p_lb=0,False
AGDVIDD523KC4LS2WMDIXUPRGABA,2514,4783,5048,0.012539,0.000000,0.982427,0.959075,0.041692,-0.041692,inf,p_lb=0,False
AHWJGIMDAMS4WBLZAGOYMXYDSDLA,2515,16249,13533,0.015980,0.000000,0.982026,0.958107,0.025489,-0.025489,inf,p_lb=0,False
AG7Y5UMCEMWJOXKMOJKW3WNNHG6Q,2516,7920,7093,0.014666,0.000000,0.981834,0.959126,0.035170,-0.035170,inf,p_lb=0,False
AGY5AUOWAZ52AMPFYIILS3M53RZA,2517,3218,3492,0.012610,0.000000,0.981486,0.958107,0.050178,-0.050178,inf,p_lb=0,False
AEHCGXYNYNEZT6YVDLAVWPZ7R4ZQ,2518,2038,2356,0.009274,0.000000,0.980422,0.955044,0.061284,-0.061284,inf,p_lb=0,False
AFW5SIGDUGYOBFH7NFQANKDR3TPA,2519,1484,2071,0.009419,0.000000,0.979718,0.951972,0.065576,-0.065576,inf,p_lb=0,False
AE3RLEXEQRD2K7SCXE7HBCOMRDTA,2520,1336,2101,0.006932,0.000000,0.980893,0.956015,0.064831,-0.064831,inf,p_lb=0,False
AGZ7N4QS64RBGDJ5HW2Z4BOX2WPQ,2521,2553,2871,0.011834,0.000000,0.981261,0.956066,0.055457,-0.055457,inf,p_lb=0,False
AFTCOHCMM4Q633XYBEWYEWS7H46Q,2522,2534,2342,0.008651,0.000000,0.980436,0.957087,0.061336,-0.061336,inf,p_lb=0,False
AEZUYDP2QQDANWCMHUYJDONZYV2A,2523,2427,2565,0.008608,0.000000,0.979163,0.954021,0.058798,-0.058798,inf,p_lb=0,False
AHDHCALBCB7CJPXRW7KYVDF2KKQQ,2524,6573,6965,0.012135,0.000000,0.980639,0.957036,0.035569,-0.035569,inf,p_lb=0,False
AE5ZXSOGDJVHJQZZIPWCGIOAWTUQ,2525,3245,4708,0.011993,0.000000,0.981825,0.958056,0.043217,-0.043217,inf,p_lb=0,False
AHQMCHVUHJFWMNDCPM5VNJRY7LDA,2526,3914,4614,0.011434,0.000000,0.981122,0.957087,0.043699,-0.043699,inf,p_lb=0,False
AHRC5Q3ZFV5WWITJOSVDWF57LMGA,2527,2820,2848,0.007496,0.000000,0.981577,0.956066,0.055681,-0.055681,inf,p_lb=0,False
AF5RRRO3XOBWXMELE6NO4SJNOSAA,2528,2532,3227,0.010883,0.000000,0.981347,0.958056,0.052200,-0.052200,inf,p_lb=0,False
AGU7PO73VGUO6TWDTPEEAP7JGC5Q,2529,4443,4096,0.009267,0.000000,0.981092,0.957087,0.046380,-0.046380,inf,p_lb=0,False
AG4QQGPDZIE3Y3HF3QYWOBWBH2QA,2530,2832,4550,0.011894,0.000000,0.981486,0.958107,0.043958,-0.043958,inf,p_lb=0,False
AHKL2IAC36ECZBY6GALHYGJKSJCA,2531,3476,3432,0.014790,0.000000,0.980954,0.956066,0.050722,-0.050722,inf,p_lb=0,False
AHIF5F7OVMGSN3RFGZT5YGL3AM3Q,2532,3050,2437,0.009459,0.000000,0.981427,0.959075,0.060004,-0.060004,inf,p_lb=0,False
AGGSZYRA42CYQHGYK2WLFZW4PNVA,2533,4726,4078,0.016129,0.000000,0.981338,0.956015,0.046534,-0.046534,inf,p_lb=0,False
AHGFE65TS742WVLX5LVITKOZM2CA,2534,4849,4498,0.014340,0.000000,0.980958,0.956015,0.044308,-0.044308,inf,p_lb=0,False
AE27M52WTNJGLONE7KTAEOHZRJIA,2535,2212,1782,0.009634,0.000000,0.980874,0.954021,0.070542,-0.070542,inf,p_lb=0,False
AG773IIH5JWYUNOQQVNEXQGDRN4Q,2536,23399,21103,0.018267,0.003857,0.982102,0.959075,0.020391,-0.016843,641105.449277,eps_dominant,False
AHQ63Y3CMMAXTCZPQH72VMXWBPDQ,2537,2893,2633,0.011611,0.000000,0.980387,0.954993,0.057974,-0.057974,inf,p_lb=0,False
AFFNS3Q4QAGF76NDEIMZ2MTFSB7A,2538,4620,4997,0.017126,0.000000,0.982219,0.958056,0.041948,-0.041948,inf,p_lb=0,False
AEIOOSP7SVTJCXS53SSMVOMO3WKQ,2539,3549,4801,0.014901,0.000000,0.981806,0.957087,0.042839,-0.042839,inf,p_lb=0,False
AF42I4ERCBTGOVGQZS2HVNAUV6EA,2540,2665,3052,0.011583,0.000000,0.981951,0.958056,0.053676,-0.053676,inf,p_lb=0,False
AG5LRZ72HYVRRP43W2JMFC4SYP4A,2541,4062,3158,0.015588,0.000000,0.981892,0.958107,0.052764,-0.052764,inf,p_lb=0,False
AFNUHCITVPCKVVAAYVQH4JNECFWA,2542,3069,3892,0.013320,0.000000,0.980814,0.956015,0.047633,-0.047633,inf,p_lb=0,False
AHCUWSZJ7OE2SWMIM6EID2NM7XCA,2543,1725,1605,0.008830,0.000000,0.980615,0.957036,0.074096,-0.074096,inf,p_lb=0,False
AF2KWXX365N4EN25OGZ2J3AJ46UQ,2544,2889,3445,0.011796,0.000000,0.981348,0.958107,0.050519,-0.050519,inf,p_lb=0,False
AE47KV6GYAL37KXMPJNXFLVIHJPA,2545,2573,3401,0.010135,0.000000,0.981399,0.956066,0.050953,-0.050953,inf,p_lb=0,False
AHSSDNEMHCJBRRMCLPGASYU2JQLQ,2546,2434,2452,0.008734,0.000000,0.980405,0.955044,0.060073,-0.060073,inf,p_lb=0,False
AHSYQZJEGKCFTMBUTH6K47V5OU6A,2547,5609,7251,0.017132,0.000000,0.982241,0.960092,0.034750,-0.034750,inf,p_lb=0,False
AHOBK4UZRRWCWEHSRSQOZXPHWS7A,2548,3452,3000,0.008902,0.000000,0.981678,0.959075,0.054081,-0.054081,inf,p_lb=0,False
AFAQEPXRG5ZG3OJNGSBWWXBO4JLA,2549,4038,3048,0.013530,0.000000,0.981487,0.958056,0.053711,-0.053711,inf,p_lb=0,False
AGHHCLYVRWDCHRLU5XLZYZICDNBQ,2550,1987,2123,0.010050,0.000000,0.979769,0.953970,0.064633,-0.064633,inf,p_lb=0,False
AGS2KXBTAM44IW7T4FPSTTO3ZISQ,2551,9292,10311,0.011935,0.000000,0.981794,0.959075,0.029171,-0.029171,inf,p_lb=0,False
AEBQCCHFNT4D4HKLOU64IBWYX4IQ,2552,3404,4668,0.016865,0.000000,0.982459,0.958056,0.043402,-0.043402,inf,p_lb=0,False
AEH2JMQUALDX63YY5EG6XQSX55DA,2553,3064,3154,0.013298,0.000000,0.982121,0.959126,0.052742,-0.052742,inf,p_lb=0,False
AEWHLGO6FWZ4ZO7N6TX7I2FYO6EA,2554,4055,3460,0.017876,0.000000,0.982290,0.959126,0.050356,-0.050356,inf,p_lb=0,False
AEXP2IBYPZQKMOVKNYX53XVBX5BA,2555,28965,25493,0.014976,0.001865,0.981509,0.958107,0.018571,-0.016859,2753324.032303,eps_dominant,False
AEW6DQRE6GSOIU5VAPACM56T7ADQ,2556,6091,4737,0.016725,0.000000,0.981843,0.959126,0.043036,-0.043036,inf,p_lb=0,False
AFDFTOOEH2YAHC3FCJUXZ6Q3E2HQ,2557,5305,4630,0.013765,0.000000,0.981675,0.957087,0.043623,-0.043623,inf,p_lb=0,False
AH34XZLFFNGG35PVAA5P35T6FMMQ,2558,8324,7574,0.016376,0.000000,0.981722,0.958107,0.034071,-0.034071,inf,p_lb=0,False
AEERPQ3ERAHDP44DLQDHLZ3G53MQ,2559,2116,2996,0.009697,0.000000,0.981140,0.957036,0.054233,-0.054233,inf,p_lb=0,False
AGHYDPVLKBYDXTPJQCLDQLESK7LQ,2560,2165,2588,0.010401,0.000000,0.980470,0.954993,0.058476,-0.058476,inf,p_lb=0,False
AEXPJUSFZID56K6EIKI4OQ6E5W6A,2561,2975,2670,0.012270,0.000000,0.980986,0.955044,0.057568,-0.057568,inf,p_lb=0,False
AHIP4YNGJHFG2XOFL3A4DUNNPEDQ,2562,2507,3068,0.015827,0.000000,0.981972,0.958005,0.053538,-0.053538,inf,p_lb=0,False
AFKSO4QAZKP4GZMNTI2TSHFMPPXQ,2563,2637,2843,0.016414,0.000000,0.981386,0.957087,0.055670,-0.055670,inf,p_lb=0,False
AHNIPRAKWLONQWATDOZ73ZM4PH7Q,2564,2187,1918,0.003565,0.000000,0.979377,0.955044,0.067922,-0.067922,inf,p_lb=0,False
AGLBN3MINRB7262SANHMPBSRLVXA,2565,7527,8235,0.010516,0.000000,0.981051,0.957087,0.032710,-0.032710,inf,p_lb=0,False
AHNNHOY7YG6U7QQYTUAJKPHF2NHA,2566,2538,2174,0.012153,0.000000,0.980194,0.955044,0.063798,-0.063798,inf,p_lb=0,False
AHTPJH2GRKY3ATUF377HTJLNGI7A,2567,1808,2572,0.008054,0.000000,0.981147,0.956015,0.058595,-0.058595,inf,p_lb=0,False
AFAVAUPHJ4CFL75JGCGY6H7XK6PQ,2568,3185,2755,0.012480,0.000000,0.981355,0.956066,0.056613,-0.056613,inf,p_lb=0,False
AEHC3WKW7WCNNPC5S23T4COBVADA,2569,3347,2294,0.011364,0.000000,0.980829,0.957087,0.061974,-0.061974,inf,p_lb=0,False
AEGJUYLQ33YRTQUTCMCJNFRQ7SMQ,2570,9687,8939,0.014052,0.000000,0.980715,0.957087,0.031395,-0.031395,inf,p_lb=0,False
AEIGI2BSHJLGSDDP6V2JO7MTABUQ,2571,4340,4685,0.013263,0.000000,0.980686,0.956015,0.043415,-0.043415,inf,p_lb=0,False
AHWAVTDTHEKLCOWMFZ2MCLGVYZUA,2572,2443,2023,0.012346,0.000000,0.980279,0.958056,0.065928,-0.065928,inf,p_lb=0,False
AH4VRF3XSROKY4VFKDERPGK2MYUQ,2573,7192,8710,0.015306,0.000000,0.981927,0.957087,0.031805,-0.031805,inf,p_lb=0,False
AEN6EKH7NJ2VGWM2WWVDXORGLNIA,2574,4045,3225,0.010000,0.000000,0.980991,0.956066,0.052325,-0.052325,inf,p_lb=0,False
AEELNPQG53TVUO2VBGJNSPQAOZJQ,2575,1943,2592,0.011494,0.000000,0.980972,0.956015,0.058369,-0.058369,inf,p_lb=0,False
AH3UA2OVRWGWLLE4OWHRZJ6S6N6Q,2576,2777,3332,0.010251,0.000000,0.981733,0.959126,0.051314,-0.051314,inf,p_lb=0,False
AECF2YX7HBNFG7GE4SDPVTLHGI3A,2577,1831,2399,0.009077,0.000000,0.980767,0.958056,0.060542,-0.060542,inf,p_lb=0,False
AGKMJKWW2AZPOJGCZGHMNYONC33Q,2578,3454,3475,0.005775,0.000000,0.980274,0.952997,0.050570,-0.050570,inf,p_lb=0,False
AHW4RM32F7UDMQ5ETAMLLHIPSZHQ,2579,8189,8015,0.013540,0.000000,0.981246,0.957087,0.033156,-0.033156,inf,p_lb=0,False
AGGPFZDUFMEICMMF73QJCIO7CGLQ,2580,4323,3824,0.009474,0.000000,0.981222,0.958056,0.047953,-0.047953,inf,p_lb=0,False
AHR3ON2IRYSXJZZP5FVCLIESBSAQ,2581,1759,2743,0.012821,0.000000,0.980939,0.956985,0.056682,-0.056682,inf,p_lb=0,False
AHLQ7RTLYEVSPPFCUB7K7CCYOV5Q,2582,2567,1890,0.009785,0.000000,0.979635,0.952997,0.068571,-0.068571,inf,p_lb=0,False
AH5KZK4WNQG4E6GKEZORFDZSTN5A,2583,2287,2086,0.005396,0.000000,0.979501,0.956015,0.065064,-0.065064,inf,p_lb=0,False
AFMOMWWWDGAQLHVFQBCQVJPG46CQ,2584,2006,2210,0.010239,0.000000,0.979118,0.950945,0.063549,-0.063549,inf,p_lb=0,False
AEQQYNZCHBT3C5MEZBUCUHBQ24EA,2585,3943,5087,0.013980,0.000000,0.981715,0.957087,0.041618,-0.041618,inf,p_lb=0,False
AGS3XA76BVPORI2WMOOFMGU4Z6RA,2586,3563,3579,0.012704,0.000000,0.980782,0.956066,0.049670,-0.049670,inf,p_lb=0,False
AG3UVJTNY4IQQSZ2FOEV6X3YAUMQ,2587,3495,4764,0.011466,0.000000,0.982044,0.958107,0.042960,-0.042960,inf,p_lb=0,False
AHLADUQIONX75OSWEO63UTN2HL6A,2588,6879,8626,0.017086,0.000000,0.981980,0.958107,0.031926,-0.031926,inf,p_lb=0,False
AH7HTVJUXS4MUP3NSI3XCGE37Q2A,2589,4389,4288,0.010730,0.000000,0.981983,0.959126,0.045233,-0.045233,inf,p_lb=0,False
AHV4GVYJF4SYL26D434UWRGLR7KQ,2590,6491,6912,0.016129,0.000000,0.982117,0.956066,0.035741,-0.035741,inf,p_lb=0,False
AGT5GPBG4R64OTKTLJOK6YAXEA3Q,2591,5524,4913,0.012918,0.000000,0.981599,0.957087,0.042348,-0.042348,inf,p_lb=0,False
AGNAZ4WBV54GOM2ZDCN352DXVBAA,2592,2904,3610,0.010449,0.000000,0.981138,0.956066,0.049456,-0.049456,inf,p_lb=0,False
AFPPPZX2PLMWY75AVRTJSMICZOEA,2593,7316,6998,0.014823,0.000000,0.980099,0.954021,0.035597,-0.035597,inf,p_lb=0,False
AGEQRBANWEFCXNDWJI7QFFHPCSRQ,2594,5050,4090,0.015803,0.000000,0.981628,0.958107,0.046364,-0.046364,inf,p_lb=0,False
AFPSXDH6U3B2ATWUBT47IKOHLLHQ,2595,3287,3799,0.013487,0.000000,0.981861,0.959126,0.048056,-0.048056,inf,p_lb=0,False
AFETPCZPQZEICIHWZTCUJUVJPALA,2596,3981,3306,0.009926,0.000000,0.981723,0.958107,0.051570,-0.051570,inf,p_lb=0,False
AE6IAH3TSJOSBDOJGBJHUR67WEEQ,2597,2525,2548,0.013680,0.000000,0.980454,0.955044,0.058930,-0.058930,inf,p_lb=0,False
AEOFL6B6OAGTNKAO6R3HGN76ETWA,2598,4541,4293,0.008953,0.000000,0.980747,0.956066,0.045352,-0.045352,inf,p_lb=0,False
AGKTK5ONWYWZ25UKBIWRGJTLLH2Q,2599,2562,3336,0.011062,0.000000,0.981733,0.958056,0.051340,-0.051340,inf,p_lb=0,False
AFOUQMBPVJ2MRVVJ3GU2PJBC6E4A,2600,3186,3740,0.006006,0.000000,0.980954,0.954993,0.048644,-0.048644,inf,p_lb=0,False
AH5DFYUNDHZLWG7YL4M6LIXUUFMQ,2601,9823,10289,0.016086,0.000000,0.982122,0.957087,0.029263,-0.029263,inf,p_lb=0,False
AFDZHJN4DODEXOLEINLGVZOWICGA,2602,3499,4096,0.011364,0.000000,0.981333,0.957087,0.046380,-0.046380,inf,p_lb=0,False
AE33DCBS6ZICG66ETAHGQSZ5O7HQ,2603,2483,2483,0.014129,0.000000,0.981376,0.957036,0.059572,-0.059572,inf,p_lb=0,False
AH3VK3QFSAVL6IEUH5JFUATC4Z5Q,2604,1700,2257,0.004354,0.000000,0.979942,0.957087,0.062480,-0.062480,inf,p_lb=0,False
AEC5AGCCT35DGIGTZ4HRI4VXUCLA,2605,10939,11032,0.015286,0.000000,0.980634,0.956015,0.028292,-0.028292,inf,p_lb=0,False
AH3RUNX6MACJRKEU5XAM4MEKQ4JA,2606,4979,2782,0.009859,0.000000,0.981437,0.958107,0.056217,-0.056217,inf,p_lb=0,False
AFC7BRIIFXRLEECQLEDHJT2A55VA,2607,3204,3060,0.010217,0.000000,0.980184,0.956066,0.053717,-0.053717,inf,p_lb=0,False
AGNVKXHFTQ5WSP7TRRLSTH5APJNA,2608,5339,4537,0.010619,0.000000,0.981365,0.957036,0.044071,-0.044071,inf,p_lb=0,False
AELYFHJ4GGQO4WLCHWVK7VLBXV6Q,2609,3340,3292,0.014440,0.000000,0.981265,0.958107,0.051679,-0.051679,inf,p_lb=0,False
AFLHPISWNLXE5TGFDGMJFMF2FO4Q,2610,1649,1864,0.007005,0.000000,0.980226,0.956066,0.068826,-0.068826,inf,p_lb=0,False
AF6ZBUE3EUJZSDTG3QJSNMKG5PVA,2611,2956,2751,0.015603,0.000000,0.981950,0.958107,0.056533,-0.056533,inf,p_lb=0,False
AEGJXCXNUKZK2OU2X6FUNLEE3HZQ,2612,4732,3902,0.013514,0.000000,0.982623,0.959126,0.047418,-0.047418,inf,p_lb=0,False
AHKRRX7546VO5P75KP7R7WY63JFQ,2613,2630,3012,0.014493,0.000000,0.981773,0.957087,0.054086,-0.054086,inf,p_lb=0,False
AHNEUZEX5AYASGVMAYOS6EUNQIQQ,2614,1789,2007,0.006000,0.000000,0.979367,0.956066,0.066328,-0.066328,inf,p_lb=0,False
AGVEWYSBJBPUE6KH4ZC55JCNLQHA,2615,2447,2014,0.003738,0.000000,0.980705,0.957087,0.066142,-0.066142,inf,p_lb=0,False
AEUO4WFK7DXIG3QL3N5REYFZ67DA,2616,2967,2786,0.013850,0.000000,0.981878,0.959075,0.056120,-0.056120,inf,p_lb=0,False
AF2DLDMAESDOKR7FGYZ4WYD6BLAQ,2617,2686,2116,0.011905,0.000000,0.980312,0.955964,0.064604,-0.064604,inf,p_lb=0,False
AFFNF7ZL5LKLILX23E3OFK3VABKQ,2618,3706,3918,0.013485,0.000000,0.982070,0.956066,0.047472,-0.047472,inf,p_lb=0,False
AETUVJTNVD2EBPXDH2ALUO6GVEEA,2619,3574,3920,0.010235,0.000000,0.981507,0.956066,0.047460,-0.047460,inf,p_lb=0,False
AG2RSDSR2D3Y26RV2VO2Z76KH5ZA,2620,2989,2988,0.011351,0.000000,0.980595,0.954021,0.054477,-0.054477,inf,p_lb=0,False
AFBLXQDW7LLQCIUBENSMOHIVCFGA,2621,3394,3650,0.012401,0.000000,0.980935,0.956066,0.049184,-0.049184,inf,p_lb=0,False
AFOHEGEBCTPWINNSOPTRXCJHBCMQ,2622,5355,4869,0.017329,0.000000,0.982288,0.959126,0.042449,-0.042449,inf,p_lb=0,False
AG6CLWE35G65YRYXAUFEC7JN5YRQ,2623,8895,8023,0.016475,0.000000,0.982190,0.957036,0.033141,-0.033141,inf,p_lb=0,False
AGMAERQDDST54IVN3LOHZW5SJQYA,2624,3932,4456,0.013283,0.000000,0.981971,0.959126,0.044372,-0.044372,inf,p_lb=0,False
AF2TLLNCRHFF7QNWBFERALVO4B7Q,2625,2812,3739,0.013528,0.000000,0.981621,0.959126,0.048440,-0.048440,inf,p_lb=0,False
AHJYOD56GVUHGUW6NV4US7JR6NDA,2626,6915,6472,0.011640,0.000000,0.980442,0.954993,0.036978,-0.036978,inf,p_lb=0,False
AF326CNMGP26ZJX2GVSQMT34E7BQ,2627,3280,3766,0.009050,0.000000,0.982100,0.958107,0.048318,-0.048318,inf,p_lb=0,False
AEPPRFHKQ7HC7I37WH2AL6P3RSCQ,2628,2379,1894,0.005300,0.000000,0.978275,0.950945,0.068646,-0.068646,inf,p_lb=0,False
AHISU6WTZZJNNVYK5A5UITDIWCNQ,2629,2789,2549,0.008805,0.000000,0.980816,0.957036,0.058796,-0.058796,inf,p_lb=0,False
AHSA2ZQUYBCXFXDXJXDJM6LRS2GQ,2630,3241,2247,0.012915,0.000000,0.981560,0.958107,0.062553,-0.062553,inf,p_lb=0,False
AEC4YXC4GCBMXC2KGNFZ4EYPRT5A,2631,2487,2372,0.006319,0.000000,0.979738,0.956066,0.061012,-0.061012,inf,p_lb=0,False
AFOFZZYF454MYIWDTFMC2U53OR6Q,2632,4956,4361,0.012859,0.000000,0.981932,0.956066,0.044997,-0.044997,inf,p_lb=0,False
AEMACRCBRYMRQ7KETZSP6NPRL6JA,2633,1554,1726,0.008282,0.000000,0.980750,0.956066,0.071524,-0.071524,inf,p_lb=0,False
AFLZUVWTQ54JZIKLCEW3YIMUGHHA,2634,7608,8048,0.011338,0.000000,0.982105,0.959126,0.033017,-0.033017,inf,p_lb=0,False
AHBHMDGRX2RI75ZBA7OUZSS3X2RQ,2635,3217,3351,0.008772,0.000000,0.981093,0.957087,0.051277,-0.051277,inf,p_lb=0,False
AEQN2HTTOK67RKE2HRPXQ3CK3E6Q,2636,4704,6146,0.010303,0.000000,0.981023,0.957087,0.037863,-0.037863,inf,p_lb=0,False
AHXCOH4ABGDUF6PLAWTVRWDNTIVA,2637,13151,14136,0.015191,0.000000,0.981705,0.958056,0.024941,-0.024941,inf,p_lb=0,False
AHQUHSDKN3Y3NZTRM72JRA4UVOGA,2638,13590,13519,0.016066,0.000000,0.981579,0.958056,0.025503,-0.025503,inf,p_lb=0,False
AGMP22CF4X5SCBMB2MZSZFHJ3DNA,2639,4065,4095,0.012777,0.000000,0.981421,0.958056,0.046339,-0.046339,inf,p_lb=0,False
AENEYRNRPZ3TULDMG67JW5V5KFPA,2640,4371,4134,0.013713,0.000000,0.981396,0.958056,0.046120,-0.046120,inf,p_lb=0,False
AE2KBNJCWB2VD4YFHYXZKNQWKTHQ,2641,1970,2936,0.012690,0.000000,0.981038,0.956066,0.054840,-0.054840,inf,p_lb=0,False
AHXDJAIRSIFMWO4RW3IFXFWAIPZQ,2642,1915,2419,0.008446,0.000000,0.980059,0.955044,0.060481,-0.060481,inf,p_lb=0,False
AHOFWAKAEW6AMGVHS2AMVTHNUGGQ,2643,2609,2806,0.013605,0.000000,0.981646,0.956015,0.056099,-0.056099,inf,p_lb=0,False
AFR6IAONA6BU5P362GGVVKKTRS5A,2644,2665,3182,0.013802,0.000000,0.981391,0.956066,0.052677,-0.052677,inf,p_lb=0,False
AH64ZXDWRRKT3RN6OI3Q4WNFBKWA,2645,3784,4226,0.007853,0.000000,0.980720,0.955044,0.045759,-0.045759,inf,p_lb=0,False
AEY2DACINSKKJQ67OPBOLTCBXIOA,2646,2983,3818,0.009804,0.000000,0.980625,0.958056,0.047990,-0.047990,inf,p_lb=0,False
AHWISDI4G4W75Z7TT3X25MOARQUA,2647,2902,2622,0.012397,0.000000,0.980850,0.957087,0.057969,-0.057969,inf,p_lb=0,False
AEMRAZPNN2NBBUDV4YGGYMGPFC6A,2648,6610,7078,0.012177,0.000000,0.981331,0.957036,0.035284,-0.035284,inf,p_lb=0,False
AE2A32OT4VXAVNKG6XEKFKWAUWKA,2649,7419,8952,0.012432,0.000000,0.981377,0.957087,0.031373,-0.031373,inf,p_lb=0,False
AH4THCHYAGNI4HQPYQV2AYGDJY6Q,2650,3730,3407,0.011134,0.000000,0.981910,0.958056,0.050802,-0.050802,inf,p_lb=0,False
AFT5J6QOJXIGZWFLXKAW6DEDYKVA,2651,10860,9556,0.010154,0.000000,0.981704,0.958107,0.030333,-0.030333,inf,p_lb=0,False
AETN34MM52LZXBRETNU6O6KVTKTQ,2652,2733,3843,0.013369,0.000000,0.981451,0.956066,0.047933,-0.047933,inf,p_lb=0,False
AGXKNAHWKCWU74KP4BRCW2NSWW2Q,2653,2911,2992,0.011827,0.000000,0.980367,0.954993,0.054385,-0.054385,inf,p_lb=0,False
AFPSDKWBOKQRKTD2GCKDOG5KMHJQ,2654,2475,2323,0.015131,0.000000,0.981210,0.956015,0.061655,-0.061655,inf,p_lb=0,False
AGCJCB57J5PDFKTMK4V6ZYIMIZGA,2655,4090,4340,0.009813,0.000000,0.981934,0.957087,0.045057,-0.045057,inf,p_lb=0,False
AFSHMZJ2563DIY7KUGGH4PB2RPWA,2656,2575,2122,0.011475,0.000000,0.980514,0.956015,0.064510,-0.064510,inf,p_lb=0,False
AGCVQM5SM6BVF25XIW74L7GGFLOQ,2657,4967,3761,0.016899,0.000000,0.981712,0.958056,0.048352,-0.048352,inf,p_lb=0,False
AF2HV3JRC7AUG7NPYXUED4ZMZXMQ,2658,4424,4299,0.014950,0.000000,0.981598,0.958107,0.045223,-0.045223,inf,p_lb=0,False
AHA2VLVJNU3BGAVHMXWKO7WKCGXA,2659,3372,4288,0.008123,0.000000,0.980488,0.956015,0.045380,-0.045380,inf,p_lb=0,False
AGWGBSXM3MQKTMVXOMN35LKGXWJA,2660,3001,2512,0.006462,0.000000,0.980535,0.957087,0.059224,-0.059224,inf,p_lb=0,False
AHSRLDTAB3KAYS75LMEI7W2IJASA,2661,4412,3309,0.015094,0.000000,0.981927,0.957036,0.051604,-0.051604,inf,p_lb=0,False
AFSE656FI32TV5FE62DMMKINP2EA,2662,2611,2715,0.006803,0.000000,0.980546,0.955044,0.057089,-0.057089,inf,p_lb=0,False
AHJ4YK5CHZQ4QJZUNNKZVOMDKTVA,2663,3617,3820,0.008712,0.000000,0.980514,0.954993,0.048131,-0.048131,inf,p_lb=0,False
AEF6XHHY4L4AP7SECFHSOBQMAMTQ,2664,3521,2286,0.003466,0.000000,0.980406,0.956066,0.062149,-0.062149,inf,p_lb=0,False
AEDTSN4EJBDRNO3U75QDDYLJTJ4A,2665,6244,8080,0.015826,0.000000,0.981452,0.956015,0.033059,-0.033059,inf,p_lb=0,False
AF3Q54U7ZTVZEF7QJ6QATK7QNDLA,2666,2519,4494,0.009311,0.000000,0.981124,0.957087,0.044279,-0.044279,inf,p_lb=0,False
AGA6YFOUB2U6X6J5GVZ2DE3N4MUQ,2667,2592,2813,0.006260,0.000000,0.980795,0.956015,0.056029,-0.056029,inf,p_lb=0,False
AFVK356Y7WNJIYQHCHPYYGNHYKXQ,2668,3154,2617,0.008026,0.000000,0.980351,0.956015,0.058089,-0.058089,inf,p_lb=0,False
AHMEG75KA5DMD36ZW3P3PTPAH4WA,2669,5305,5835,0.011681,0.000000,0.981934,0.957087,0.038859,-0.038859,inf,p_lb=0,False
AHSS6ATF4QH4GZBEQ54LTLJVJFLQ,2670,3378,3013,0.007926,0.000000,0.981493,0.959075,0.053965,-0.053965,inf,p_lb=0,False
AETXGCF36FY7PP3RNVGTGZVWXO7Q,2671,11746,12201,0.014573,0.000000,0.982018,0.959126,0.026816,-0.026816,inf,p_lb=0,False
AEF4QCBYMXQN3RDFNM4ZXM67UTJA,2672,7536,7716,0.013930,0.000000,0.980486,0.955044,0.033864,-0.033864,inf,p_lb=0,False
AHN7QO7GCXIOGEEGYQ2UD7LVG7OQ,2673,2749,2002,0.010453,0.000000,0.980206,0.956015,0.066415,-0.066415,inf,p_lb=0,False
AGKYNKDZKGZJONU6HPIMXMUTCFSQ,2674,3464,4120,0.014330,0.000000,0.982332,0.959126,0.046146,-0.046146,inf,p_lb=0,False
AERFSIGUZKWIES3W3FRBVUNX4RUA,2675,8909,9358,0.016681,0.000000,0.982344,0.958107,0.030652,-0.030652,inf,p_lb=0,False
AGBXYTIEHHTQW3KCY5UYSSGMIPHA,2676,2586,2424,0.011905,0.000000,0.979967,0.952946,0.060552,-0.060552,inf,p_lb=0,False
AEQGZGDBYSNVHUDER7LBYGXZK3MA,2677,3625,3250,0.017112,0.000000,0.981310,0.956015,0.052126,-0.052126,inf,p_lb=0,False
AEGNI7IZS5Y7GWJVGIDJWROLZWBQ,2678,2656,2584,0.012876,0.000000,0.980691,0.957087,0.058393,-0.058393,inf,p_lb=0,False
AGNSZL5KXPO5FABO6EJR3T2ELWSQ,2679,3970,3702,0.017003,0.000000,0.982171,0.959126,0.048682,-0.048682,inf,p_lb=0,False
AFZ5I65JJHDHGEYLJTJK6AZNQ5BA,2680,1943,2051,0.011215,0.000000,0.980156,0.955044,0.065683,-0.065683,inf,p_lb=0,False
AHVDFCOEVNZ4WGIXXFLA6RSETHRQ,2681,6113,5420,0.014718,0.000000,0.981502,0.956015,0.040364,-0.040364,inf,p_lb=0,False
AHM43UJO6V5U6IEDARDC7LS2ENOA,2682,2188,2764,0.010230,0.000000,0.980699,0.957087,0.056460,-0.056460,inf,p_lb=0,False
AEIRN72SL3Y2Q5T3BFR7STZDZI5A,2683,5076,5091,0.012920,0.000000,0.981057,0.956066,0.041646,-0.041646,inf,p_lb=0,False
AF7TP6AYY2MOQ5YZ7UZN2U53GY5Q,2684,2614,2563,0.015337,0.000000,0.981140,0.957036,0.058635,-0.058635,inf,p_lb=0,False
AF4T5RPWJXJS6P72SODZ7LJEQUXA,2685,2674,2764,0.010386,0.000000,0.981857,0.959126,0.056340,-0.056340,inf,p_lb=0,False
AGMLFR2IRQGPXU3W5F5W6FUQAETQ,2686,3468,2755,0.008485,0.000000,0.979970,0.956015,0.056616,-0.056616,inf,p_lb=0,False
AEAV2UUSIOJUPEBLLZAEFDGLIAPQ,2687,3312,3903,0.008565,0.000000,0.980569,0.957036,0.047515,-0.047515,inf,p_lb=0,False
AFSNEH45IGUF23MBKFH4TY4S6D6A,2688,3909,5554,0.011447,0.000000,0.981895,0.957087,0.039830,-0.039830,inf,p_lb=0,False
AGS4LY74Z274M4KH5PXDUG22E4RQ,2689,11123,10235,0.013480,0.000000,0.981849,0.957087,0.029340,-0.029340,inf,p_lb=0,False
AHICGWRMC4GD7VHLFMKBVARJ6DZA,2690,2890,2820,0.013733,0.000000,0.981967,0.958107,0.055837,-0.055837,inf,p_lb=0,False
AFSGANS6XCW3SS3KGMPH6SBFRQOA,2691,2205,2277,0.011923,0.000000,0.980696,0.956066,0.062272,-0.062272,inf,p_lb=0,False
AFSKRBKXKHREEG7DNKSLHUKREI4A,2692,2013,2531,0.013616,0.000000,0.979866,0.954021,0.059191,-0.059191,inf,p_lb=0,False
AGVQDS3VL7L4TVNVITE7AJOANDTA,2693,2507,2912,0.008304,0.000000,0.978457,0.951920,0.055305,-0.055305,inf,p_lb=0,False
AEYBI3JT2E6M5WVV457G27YXXQUQ,2694,2293,2232,0.007429,0.000000,0.980341,0.954021,0.063031,-0.063031,inf,p_lb=0,False
AHAFS4E6NJTO64CTO5KBPTN7KF5A,2695,13176,15320,0.017075,0.000163,0.981874,0.958056,0.023957,-0.023808,362013248.189596,eps_dominant,False
AHZIHNW6OOJ4YJJN4WVC46M36BIQ,2696,4083,2911,0.013319,0.000000,0.980734,0.955044,0.055134,-0.055134,inf,p_lb=0,False
AEBKAHAB4JTXXVVDXGO3CJSLZDBQ,2697,2872,3042,0.012407,0.000000,0.981390,0.958056,0.053764,-0.053764,inf,p_lb=0,False
AGP6TIDX4WVW25J4J3BVUFTW36LQ,2698,1670,2385,0.010340,0.000000,0.980969,0.957087,0.060781,-0.060781,inf,p_lb=0,False
AHKLR5H3QROA4F7ZJVCOZYGSPZ7A,2699,6737,7446,0.013242,0.000000,0.981653,0.958107,0.034363,-0.034363,inf,p_lb=0,False
AF35KUQK45LLCSVCNP7SWL7THESA,2700,2830,2176,0.009217,0.000000,0.980298,0.957087,0.063633,-0.063633,inf,p_lb=0,False
AE2RWATLMMUSX7TMKKCP2DYHDCWQ,2701,11867,11582,0.015659,0.000000,0.981340,0.959024,0.027526,-0.027526,inf,p_lb=0,False
AHFPHVUL2MZM4YYUYE2ZQOTRVV5A,2702,3582,2873,0.010256,0.000000,0.980212,0.954021,0.055557,-0.055557,inf,p_lb=0,False
AHCA3FF2KQI7SRT32XBZCNHFEHOQ,2703,5179,4814,0.010463,0.000000,0.981023,0.954993,0.042875,-0.042875,inf,p_lb=0,False
AHVC65VOV46OLEZOAOBGM2L7M2HA,2704,2889,3468,0.009721,0.000000,0.981505,0.957036,0.050407,-0.050407,inf,p_lb=0,False
AFKMX6JZ655VPVYHBTATZQS4IBOQ,2705,7925,7933,0.012623,0.000000,0.980423,0.956066,0.033362,-0.033362,inf,p_lb=0,False
AECJOZHQ7KWXIFZHPSOEQYHOK3IQ,2706,5070,4275,0.012259,0.000000,0.980871,0.958107,0.045350,-0.045350,inf,p_lb=0,False
AG4VLC3WRWUPR4XKG4KPOXFA6LHQ,2707,4536,4053,0.009823,0.000000,0.981151,0.956066,0.046675,-0.046675,inf,p_lb=0,False
AEHTOGJ2OJ5TIFG2EFMWXHXYASCA,2708,3113,2702,0.005427,0.000000,0.980147,0.957087,0.057104,-0.057104,inf,p_lb=0,False
AHW755HALUYCUV4XZ6VN6JN6STRA,2709,3389,3775,0.006944,0.000000,0.981355,0.958056,0.048263,-0.048263,inf,p_lb=0,False
AFEIXWQVYO322QGI3W2CAAJUQSXA,2710,11128,12187,0.017032,0.000000,0.981410,0.956066,0.026917,-0.026917,inf,p_lb=0,False
AH6NR2Q7F323VVUTIBCZA27BPEGA,2711,2938,2905,0.015789,0.000000,0.981787,0.954021,0.055250,-0.055250,inf,p_lb=0,False
AFPYTWJGLR6BXQUZEZUINKBWZ5JA,2712,3359,2722,0.004213,0.000000,0.981206,0.956066,0.056955,-0.056955,inf,p_lb=0,False
AGIAZY3EALI325BAMVZC4CGI6EIA,2713,2207,3640,0.008696,0.000000,0.981008,0.957087,0.049199,-0.049199,inf,p_lb=0,False
AEGAARQ7APNX7X5D4XB3Z3SS6BYQ,2714,2326,2176,0.016071,0.000000,0.981789,0.957087,0.063633,-0.063633,inf,p_lb=0,False
AHX4ZX7A6B35GDVQWPUTLK5BYSTA,2715,7503,6463,0.015281,0.000000,0.981704,0.959126,0.036844,-0.036844,inf,p_lb=0,False
AFZH725RZ23IXX5TA44V5NEM7HEQ,2716,3582,3920,0.013285,0.000000,0.981967,0.959075,0.047311,-0.047311,inf,p_lb=0,False
AEYMLXBBZTZQDWFTUH3ON7PFHFSA,2717,2638,2782,0.011478,0.000000,0.981235,0.958056,0.056220,-0.056220,inf,p_lb=0,False
AESMEFOVUX4NQIMYIO3HI37YBKHA,2718,4150,5239,0.014914,0.000000,0.982162,0.957087,0.041010,-0.041010,inf,p_lb=0,False
AELR4ZISE4URDI56E3XVN7AP422A,2719,2379,2207,0.013183,0.000000,0.980663,0.955044,0.063319,-0.063319,inf,p_lb=0,False
AETIEGYSFUDCNXOAGQBY56XHS4RQ,2720,5967,6596,0.009415,0.000000,0.981921,0.959075,0.036473,-0.036473,inf,p_lb=0,False
AG2C6A2ERINH56325T6QCUWGYVJQ,2721,2262,2505,0.013294,0.000000,0.980379,0.953970,0.059501,-0.059501,inf,p_lb=0,False
AEF5MB2QOBP6PBEIXIFDGRX6VJWQ,2722,2507,2269,0.015000,0.000000,0.981108,0.957087,0.062315,-0.062315,inf,p_lb=0,False
AERLC2UDULN7N5FQATSWDM2U4JTA,2723,2336,2501,0.006359,0.000000,0.979343,0.954993,0.059485,-0.059485,inf,p_lb=0,False
AG4SGGZO4SXO7HKIOSRWEMO76UQA,2724,3181,2381,0.008460,0.000000,0.980363,0.956066,0.060897,-0.060897,inf,p_lb=0,False
AHFHKPVJJ6KZE2LDKHOX47ZPEPBA,2725,3780,2841,0.009247,0.000000,0.981197,0.957087,0.055690,-0.055690,inf,p_lb=0,False
AGYAYA64QSPPDNZ43TOZSAR2IJ7Q,2726,3963,4140,0.010338,0.000000,0.981927,0.958107,0.046084,-0.046084,inf,p_lb=0,False
AGSPIUWZ6JJ6N2HKLHGV7VBSN6HA_1,2727,4873,5543,0.014278,0.000000,0.982003,0.958056,0.039829,-0.039829,inf,p_lb=0,False
AHSPC5CJU3KSQTDFHAYJN5Z5X5CA,2728,2777,3218,0.007576,0.000000,0.979881,0.954021,0.052494,-0.052494,inf,p_lb=0,False
AEW7T5OK55DUZ4EJKRRXZYNKRT4Q,2729,4544,3726,0.009132,0.000000,0.980857,0.956066,0.048680,-0.048680,inf,p_lb=0,False
AGWY342JFDA3VD4A5DN3RHKLIBGQ,2730,8697,9483,0.015444,0.000000,0.982348,0.959075,0.030418,-0.030418,inf,p_lb=0,False
AEORT2SOUGKL76PYWWGS4SUL3OSA_1,2731,12027,12695,0.015687,0.000000,0.981648,0.957087,0.026345,-0.026345,inf,p_lb=0,False
AE4DMDCBOZ5DGWBQF3KCY5337JGQ,2732,3279,3395,0.010714,0.000000,0.981227,0.957087,0.050944,-0.050944,inf,p_lb=0,False
AHDNIUCTSZAY4XEMCN3QKD6NHY4Q,2733,4551,3832,0.008755,0.000000,0.981605,0.956985,0.047956,-0.047956,inf,p_lb=0,False
AFEP23NFXJI3T44Q4XC55NT6COAQ,2734,17839,17315,0.016502,0.000593,0.981856,0.958107,0.022534,-0.021989,27213079.442509,eps_dominant,False
AG2EJPIALRKZQWAF3Q4ZNDYTQMWA,2735,6529,6493,0.012702,0.000000,0.980788,0.954993,0.036918,-0.036918,inf,p_lb=0,False
AGQ2HP6PMIPJLLOX2I3VVYRK2HCA,2736,4897,5194,0.013107,0.000000,0.981200,0.958056,0.041145,-0.041145,inf,p_lb=0,False
AEL6YYPDTZAOPQKOJSBXY537NH3Q,2737,7690,6479,0.016645,0.000000,0.981945,0.958107,0.036838,-0.036838,inf,p_lb=0,False
AFZBRVQRMNE3RV6MZUYG4E5MZP2Q,2738,8760,9183,0.014903,0.000000,0.981994,0.957087,0.030975,-0.030975,inf,p_lb=0,False
AH2IB5VEDFNG2HMMS3WYXO4JYZMQ,2739,7527,9692,0.015694,0.000000,0.982675,0.959126,0.030087,-0.030087,inf,p_lb=0,False
AG4GOFNGMDU36UFD2CH5PGWIEW7A,2740,4949,5433,0.015411,0.000000,0.982365,0.957036,0.040273,-0.040273,inf,p_lb=0,False
AFGBSQKH7ZHHGPLJNNOSXFJCR7XQ,2741,2686,2388,0.010802,0.000000,0.980931,0.957036,0.060746,-0.060746,inf,p_lb=0,False
AHIRNZR35OCJEU4K2TYROGUQAKBA,2742,6258,6085,0.016609,0.000000,0.982183,0.958107,0.038012,-0.038012,inf,p_lb=0,False
AEN5LX5777LX2H7KYOC3ZV7BHW7A,2743,6263,6978,0.013372,0.000000,0.981622,0.958056,0.035498,-0.035498,inf,p_lb=0,False
AHDMAL5TGFYGKX66YVPSBYEVDXVQ,2744,2372,3046,0.011084,0.000000,0.980930,0.956066,0.053840,-0.053840,inf,p_lb=0,False
AGI53IW32Q3RJYKUFQGA36JMCOKQ,2745,2312,1978,0.006780,0.000000,0.979286,0.954993,0.066888,-0.066888,inf,p_lb=0,False
AE3TR2XUR4PAO3IQAZLPQ254OTXQ,2746,2017,2599,0.009050,0.000000,0.979724,0.957036,0.058228,-0.058228,inf,p_lb=0,False
AF6UTAVRR3K743WXQGBER7HSAAPQ,2747,5070,3746,0.011450,0.000000,0.980341,0.955044,0.048602,-0.048602,inf,p_lb=0,False
AGOHBDT4ITFA6OJ6FYEPZ7MV5YUA,2748,4043,3507,0.012469,0.000000,0.981773,0.958107,0.050070,-0.050070,inf,p_lb=0,False
AHSQMVRKFLYTKXI5UHFXISLOE46Q,2749,7009,7550,0.013188,0.000000,0.982392,0.958107,0.034125,-0.034125,inf,p_lb=0,False
AEVT7G4YZM2E5MI3SGA6J6EZZR4A,2750,19980,22143,0.015278,0.001211,0.981905,0.957087,0.019948,-0.018839,6562035.303002,eps_dominant,False
AGQYTLVJV3COS6QCEYBO3G3ZENMA,2751,3569,2951,0.008794,0.000000,0.980183,0.956015,0.054703,-0.054703,inf,p_lb=0,False
AHKMODQX6CK23H2UIZ43KP5QZR6A,2752,2788,3677,0.011542,0.000000,0.980996,0.957087,0.048951,-0.048951,inf,p_lb=0,False
AE2APNKX4UAEBYWYZWY5ZADN32KQ,2753,8610,7847,0.014760,0.000000,0.981396,0.960092,0.033404,-0.033404,inf,p_lb=0,False
AFIRDXKIWQG5TK6XGGUKG44Q3QNA,2754,6067,6145,0.012803,0.000000,0.981760,0.958107,0.037826,-0.037826,inf,p_lb=0,False
AEYVPPWR4CIKWX4BGYKCBCDL2CZQ,2755,15808,15700,0.014397,0.000000,0.981392,0.957036,0.023691,-0.023691,inf,p_lb=0,False
AHPA33UDNJSFMAC4434RUVHWNP6Q,2756,5526,6107,0.013765,0.000000,0.981129,0.957087,0.037984,-0.037984,inf,p_lb=0,False
AEDVKDAZN7FTLWSG3VSXZNTW2IDQ,2757,2078,2346,0.010622,0.000000,0.980705,0.956066,0.061349,-0.061349,inf,p_lb=0,False
AFHLKSW47AKUWYYBLAFNOF2GRAKA,2758,2990,3079,0.010114,0.000000,0.981574,0.958056,0.053440,-0.053440,inf,p_lb=0,False
AGXBLKRDWSQC22LUPEBX5SIOQVWA,2759,2503,2738,0.007899,0.000000,0.981194,0.959075,0.056610,-0.056610,inf,p_lb=0,False
AG255AWDO6UOCZ3NZA33DO6ERRYA,2760,2191,2748,0.011527,0.000000,0.981273,0.958107,0.056564,-0.056564,inf,p_lb=0,False
AF2KNUSGFTIR5ZXKSEEXHTXIPR7A,2761,2534,2702,0.007704,0.000000,0.980713,0.958107,0.057043,-0.057043,inf,p_lb=0,False
AG7NM7QU4MXV6SMECCFOS63VGV4Q,2762,3285,3784,0.013793,0.000000,0.980762,0.953970,0.048412,-0.048412,inf,p_lb=0,False
AH6Z2YQWTP6LAMLX7VN2IXJKNVAQ,2763,2336,3282,0.012363,0.000000,0.981658,0.958107,0.051758,-0.051758,inf,p_lb=0,False
AHXUXID2G63V7G4W6A4WIN7CCRJQ,2764,4490,3706,0.011123,0.000000,0.981079,0.957036,0.048762,-0.048762,inf,p_lb=0,False
AFAHPCAHU3XBWSPWWBNPZSRZJK5Q,2765,2968,3045,0.014398,0.000000,0.980766,0.957087,0.053792,-0.053792,inf,p_lb=0,False
AGTHAKGKUYJALL7LV2B3EVSM2XYA,2766,2953,2335,0.012567,0.000000,0.981129,0.956015,0.061497,-0.061497,inf,p_lb=0,False
AH3GCL77XMMH23DYJBWV3QBRNH6Q,2767,4204,4167,0.010753,0.000000,0.981100,0.955964,0.046037,-0.046037,inf,p_lb=0,False
AH7LDXK3GT67FZKMRW7MP477DJVQ,2768,2275,2610,0.010738,0.000000,0.980364,0.955044,0.058226,-0.058226,inf,p_lb=0,False
AGECX44JOL7NOUX2N3F5WXVXVBRA,2769,3536,3636,0.011842,0.000000,0.981360,0.956066,0.049279,-0.049279,inf,p_lb=0,False
AGM4UVNEXQXLBLSH5AGUZGXAFIWA,2770,3315,4109,0.012632,0.000000,0.981229,0.956066,0.046356,-0.046356,inf,p_lb=0,False
AEPPREPGXD2Z3K45LGEW2ZSCJBIA,2771,2527,2619,0.010086,0.000000,0.981119,0.958056,0.057943,-0.057943,inf,p_lb=0,False
AGOJFLBADU7CZEM5EIKOHQHT7LVA,2772,3818,3625,0.010163,0.000000,0.980735,0.954993,0.049409,-0.049409,inf,p_lb=0,False
AEAUD2E4XHJI6XJDY4TNECNQ4EEA,2773,2844,3307,0.013039,0.000000,0.980719,0.956015,0.051675,-0.051675,inf,p_lb=0,False
AEJJ4HTWBXN5WXB2X2NXUCIS2LFQ,2774,3241,3264,0.013934,0.000000,0.981366,0.957036,0.051959,-0.051959,inf,p_lb=0,False
AEWUN4XMRUYX4XWVL5WRLMEMAFOA,2775,3771,4062,0.006179,0.000000,0.980407,0.956015,0.046626,-0.046626,inf,p_lb=0,False
AESYTHEUCGQZR4QSELPK5RI6CSLA,2776,2834,3127,0.012330,0.000000,0.981041,0.957036,0.053085,-0.053085,inf,p_lb=0,False
AHODD3PARPO54FNRADPLKP4TZUGQ,2777,8610,8440,0.015473,0.000000,0.981445,0.959075,0.032243,-0.032243,inf,p_lb=0,False
AG24EM535WK2WEPXRFRBS7QRO46Q,2778,2620,2255,0.006309,0.000000,0.981073,0.956066,0.062575,-0.062575,inf,p_lb=0,False
AHRBCL6MNOKHCF3ZMWV2PQRB4Q7A,2779,3204,2229,0.008197,0.000000,0.981312,0.957036,0.062875,-0.062875,inf,p_lb=0,False
AHPG65LKS3QKRWDUWAKZNLEK5RZQ_1,2780,6279,5306,0.009119,0.000000,0.979301,0.952997,0.040925,-0.040925,inf,p_lb=0,False
AE5PTCZIZG7X65BFIM6EYRABNXDA,2781,3061,3369,0.012277,0.000000,0.981327,0.957087,0.051140,-0.051140,inf,p_lb=0,False
AFNYWDUPWKPQD4ZDLWBWZCJKLNDA,2782,2552,2722,0.011315,0.000000,0.980789,0.956015,0.056958,-0.056958,inf,p_lb=0,False
AFIQLHOXJGGFHI3ZMEJROMHZMEZQ,2783,3796,3161,0.010430,0.000000,0.981575,0.956066,0.052852,-0.052852,inf,p_lb=0,False
AFU3XTWCLLCF5Z4YWDJ7HHPAZWMA,2784,2925,2762,0.015625,0.000000,0.982642,0.959075,0.056363,-0.056363,inf,p_lb=0,False
AHDNLOQPOEQ2L6YXCCCNUWKK7SJA,2785,3069,2678,0.007485,0.000000,0.979971,0.954021,0.057544,-0.057544,inf,p_lb=0,False
AGKSBZKWZHGJKCNMBMM6AYTX3WHQ,2786,2001,1785,0.013514,0.000000,0.980265,0.956066,0.070332,-0.070332,inf,p_lb=0,False
AFTCL2WPSSUILPX4AGK2KFG2X7FQ,2787,2418,3115,0.010568,0.000000,0.982070,0.959126,0.053071,-0.053071,inf,p_lb=0,False
AFFW7M4JEAYPLMOFNGXJZZQLUYEA,2788,2820,2890,0.008314,0.000000,0.980437,0.956066,0.055274,-0.055274,inf,p_lb=0,False
AFLHUBPZV67L3BLVWGVDMKU5D7UA,2789,5586,5368,0.018561,0.000000,0.982287,0.959126,0.040428,-0.040428,inf,p_lb=0,False
AHN56ECOG54ZI4HWWGEMUQMZ6TUQ,2790,3116,3877,0.014846,0.000000,0.982312,0.960143,0.047520,-0.047520,inf,p_lb=0,False
AEG7ZYNIXB5WKB7YXNU6BBNUAS4A,2791,3511,4112,0.019058,0.000000,0.982563,0.958107,0.046240,-0.046240,inf,p_lb=0,False
AHPPU4M3N2FIOENT7SXDUJPDS6PQ,2792,4186,4199,0.011494,0.000000,0.981547,0.956066,0.045856,-0.045856,inf,p_lb=0,False
AFKH5JGQRU3U7FWUGDPYDQFRHNJA,2793,2121,2222,0.013616,0.000000,0.981639,0.956066,0.063038,-0.063038,inf,p_lb=0,False
AHEGS5VUBXZIZNQ3YLHKH6RCMJZQ,2794,2537,2914,0.010840,0.000000,0.981211,0.956066,0.055046,-0.055046,inf,p_lb=0,False
AECNJEZHUGFLNU7Z6VNYLVUQQQDQ,2795,3139,3678,0.008439,0.000000,0.981541,0.956015,0.048999,-0.048999,inf,p_lb=0,False
AEZG2W4TRMMNFFAWS2BPQE676K4Q,2796,15838,15859,0.013238,0.000000,0.981943,0.957087,0.023571,-0.023571,inf,p_lb=0,False
AFABYMP565JRM7UTWNGXF6E6GL2A,2797,3498,2629,0.014249,0.000000,0.981108,0.958107,0.057830,-0.057830,inf,p_lb=0,False
AFP5VNL55CIHTDHYPHBIPBYP4EHA,2798,4168,3532,0.013746,0.000000,0.980658,0.956066,0.049999,-0.049999,inf,p_lb=0,False
AEGNC24TVTS47JL4ME36RXAMQTVA,2799,4285,2718,0.012111,0.000000,0.981998,0.957087,0.056936,-0.056936,inf,p_lb=0,False
AFWG3VCBDRXV4MMDNVOFWS7J4TDA,2800,7947,7319,0.012697,0.000000,0.981735,0.957087,0.034696,-0.034696,inf,p_lb=0,False
AFHLPILVTINGBE6RHVWNPB35YE6Q,2801,2428,2530,0.012365,0.000000,0.981549,0.957036,0.059016,-0.059016,inf,p_lb=0,False
AF4GPEBQRCGMFH6VAESYFQCFL5ZQ,2802,5216,5858,0.012040,0.000000,0.981699,0.959126,0.038700,-0.038700,inf,p_lb=0,False
AGOA7BWDPVRUG5K4HHKQFHALDRHA,2803,4228,3669,0.014908,0.000000,0.981320,0.956015,0.049059,-0.049059,inf,p_lb=0,False
AESVJJ7VSHXGXUARIQSRC5UM3XVA,2804,2928,3493,0.009698,0.000000,0.980908,0.956066,0.050278,-0.050278,inf,p_lb=0,False
AEAYK5TRLFC5J5MMW2VZ5UOVYJUA,2805,8942,9430,0.016393,0.000000,0.981979,0.957087,0.030567,-0.030567,inf,p_lb=0,False
AHT5WSGAZBECQVESCGDK6ORYKORA,2806,2331,2028,0.006319,0.000000,0.979060,0.954021,0.066126,-0.066126,inf,p_lb=0,False
AGFNIYBZ7EMW3CTBLV2E75KRRI3Q,2807,2376,2584,0.006289,0.000000,0.981218,0.956066,0.058456,-0.058456,inf,p_lb=0,False
AGFLWZC4BBYYE2ZY3NXNOSHSJJNA,2808,1694,2060,0.011765,0.000000,0.980574,0.956066,0.065470,-0.065470,inf,p_lb=0,False
AFPWTVLO64OEI2HXO3IOS7AEKV3A,2809,4084,4263,0.011799,0.000000,0.982039,0.956066,0.045511,-0.045511,inf,p_lb=0,False
AEFLSA4IAQRPF6G3BH23PYA2YYKQ,2810,13897,13252,0.019319,0.001135,0.981813,0.957036,0.025786,-0.024747,7465806.479331,eps_dominant,False
AEVA6FDG4VQRP2P7IE352ZSPSKAA,2811,4857,4493,0.013736,0.000000,0.981906,0.957087,0.044283,-0.044283,inf,p_lb=0,False
AFN7XJ2HUAS7DU7XELUZKDIORBTA,2812,3165,2837,0.011594,0.000000,0.981877,0.957087,0.055729,-0.055729,inf,p_lb=0,False
AELBFSL7STN2GUP3BAWKSOXJWYUQ,2813,2280,2732,0.008523,0.000000,0.980536,0.955044,0.056911,-0.056911,inf,p_lb=0,False
AGH3O5QKKBVBNPHPAP6DQ63HBYKQ,2814,2934,3977,0.011730,0.000000,0.981834,0.958107,0.047019,-0.047019,inf,p_lb=0,False
AGQNPHVDHICIZIBMSI3ECYO4RTDA,2815,2920,2472,0.011129,0.000000,0.980952,0.957036,0.059705,-0.059705,inf,p_lb=0,False
AGEQPZPPIJOYSM3X77DQ3IQ5TD4A,2816,2180,2384,0.007924,0.000000,0.980121,0.954021,0.060989,-0.060989,inf,p_lb=0,False
AFMUOWZ4DDFQQNW3TT4PW24PWDRQ,2817,3814,3873,0.010493,0.000000,0.981324,0.959126,0.047595,-0.047595,inf,p_lb=0,False
AH4D76SJ2Y3VOVHEZKVVPWO3IKIQ,2818,1785,2437,0.010574,0.000000,0.981587,0.958056,0.060068,-0.060068,inf,p_lb=0,False
AFD4FZHNXGOHCVTAPB7HOJSCP2EQ,2819,3371,4247,0.009756,0.000000,0.981197,0.956015,0.045599,-0.045599,inf,p_lb=0,False
AGGQPSSYKEUIDKQK5CJSZHWVU7CQ,2820,5572,5589,0.010620,0.000000,0.980297,0.954021,0.039832,-0.039832,inf,p_lb=0,False
AHMYTQHNWTWG3H2BDSA3GTVKPIHQ,2821,2458,2175,0.003472,0.000000,0.979388,0.955044,0.063783,-0.063783,inf,p_lb=0,False
AFYF3RMBXF63VL5WHFNQCOFOWTHQ,2822,12037,12078,0.013968,0.000000,0.981715,0.959126,0.026952,-0.026952,inf,p_lb=0,False
AGAC4A4L6I7B6AU2Y674LRSKYHLQ,2823,4817,4617,0.012733,0.000000,0.982032,0.957087,0.043685,-0.043685,inf,p_lb=0,False
AETJVSLQFY2F7D5AZ7H4ONORPQEQ_1,2824,1639,2517,0.015453,0.000000,0.982779,0.959126,0.059040,-0.059040,inf,p_lb=0,False
AECUQNTYGADM6XKCDKWEJPDQGNVQ,2825,2864,3016,0.010262,0.000000,0.980612,0.955044,0.054165,-0.054165,inf,p_lb=0,False
AHHPMD6V4I2Z4SM3MIEMROX44JUQ,2826,6138,5953,0.013740,0.000000,0.980806,0.955044,0.038554,-0.038554,inf,p_lb=0,False
AGYAFULM2L6YNLWUQWAM6SKXYGVA,2827,5054,5395,0.009259,0.000000,0.981508,0.957036,0.040414,-0.040414,inf,p_lb=0,False
AFWZ7MZXTZ4GG6AP2LLNEOTBDA7Q,2828,2450,2246,0.008787,0.000000,0.980324,0.956015,0.062703,-0.062703,inf,p_lb=0,False
AEOWGUSJMRLKRYP56M43YT5C2TSA,2829,5363,4565,0.013769,0.000000,0.980989,0.955044,0.044027,-0.044027,inf,p_lb=0,False
AFGCJIO7DNVCCZPG4KVMKKXVPJLQ,2830,4999,6514,0.014589,0.000000,0.981260,0.955044,0.036856,-0.036856,inf,p_lb=0,False
AH3OA7UZZDPP45TKL3XYPE6SALPA,2831,4339,4709,0.014706,0.000000,0.980431,0.954993,0.043351,-0.043351,inf,p_lb=0,False
AG4I7OL7GICMY4PRESVKVW4HK6TQ,2832,10524,10234,0.018636,0.000000,0.982137,0.958107,0.029311,-0.029311,inf,p_lb=0,False
AFZ6AFS7QH2XQJ5YVAIAIIQOMJYQ,2833,1992,1803,0.004016,0.000000,0.979043,0.950894,0.070361,-0.070361,inf,p_lb=0,False
AHM6PNKJS3K3GYC6MXUYVD62KUMQ,2834,2987,2905,0.009138,0.000000,0.981003,0.955044,0.055191,-0.055191,inf,p_lb=0,False
AF7YD2GMNDP6KUR7MGO5QK6ISZNQ,2835,3031,3882,0.012371,0.000000,0.981542,0.957087,0.047641,-0.047641,inf,p_lb=0,False
AHRKSR7YAA6TGQGDO6CA5GDTRXDA,2836,2944,2358,0.009217,0.000000,0.980842,0.954021,0.061324,-0.061324,inf,p_lb=0,False
AEVLDOXJ3ZE2JLNGWBT2FOPRMB3A,2837,4205,4240,0.012795,0.000000,0.982042,0.958107,0.045537,-0.045537,inf,p_lb=0,False
AEEX2WRVPIRNRDB44DF22VTO2DUA,2838,4952,4812,0.011217,0.000000,0.981584,0.958107,0.042745,-0.042745,inf,p_lb=0,False
AHYA2FWSOMURLKEWO6ETKYQTRSIQ,2839,2897,3017,0.010502,0.000000,0.980565,0.953970,0.054217,-0.054217,inf,p_lb=0,False
AGPIQK2GLZQLAF3BOENG2KHDXFVA,2840,3849,3403,0.010438,0.000000,0.980219,0.954993,0.050995,-0.050995,inf,p_lb=0,False
AEIM3OP6ADOPSM4W7OXP2CM6G65A,2841,2607,2973,0.009235,0.000000,0.981273,0.956066,0.054497,-0.054497,inf,p_lb=0,False
AEBHOB3LZW4G2YKOR5DY4MQIVNFA,2842,3571,2727,0.008746,0.000000,0.981419,0.958107,0.056781,-0.056781,inf,p_lb=0,False
AFBYL2QEG462L2MLUCBRDZS7VWTA,2843,4217,4703,0.013017,0.000000,0.980780,0.957087,0.043283,-0.043283,inf,p_lb=0,False
AHBMKXIATNDG7I4FAAAQKWVLQMIQ,2844,4853,4455,0.012422,0.000000,0.981268,0.955044,0.044567,-0.044567,inf,p_lb=0,False
AH5DLRT53GUF654APBPQDBSTSD6Q,2845,3131,3377,0.010230,0.000000,0.981744,0.959126,0.050971,-0.050971,inf,p_lb=0,False
AETG6PGRERJL3MQCD6DI3OQGFSXQ,2846,3287,3390,0.010563,0.000000,0.981725,0.958107,0.050927,-0.050927,inf,p_lb=0,False
AHJPNFZDSQAACCYT5XMAVO7WAFRQ,2847,9182,9607,0.011140,0.000000,0.981790,0.958107,0.030252,-0.030252,inf,p_lb=0,False
AGA5ERKYNHM6AHCZ2UTS5XZLU5QA,2848,2632,2802,0.007949,0.000000,0.981199,0.956066,0.056136,-0.056136,inf,p_lb=0,False
AE4ACJAS2JESKVSTFEGR77WFC2NQ,2849,10496,10945,0.018959,0.000000,0.982220,0.959075,0.028314,-0.028314,inf,p_lb=0,False
AGMGJENGFBLDLGUGIJXQ7V4NPVMQ,2850,13590,13558,0.015427,0.000000,0.981303,0.956015,0.025521,-0.025521,inf,p_lb=0,False
AHCRCBG3L7SZB5GU4VMFUFEJH5TQ,2851,12208,10985,0.016678,0.000000,0.981918,0.957036,0.028323,-0.028323,inf,p_lb=0,False
AEDJ3ICA5LN4Y5LZADKSRIS6IHCA,2852,2861,3447,0.014977,0.000000,0.981245,0.954993,0.050669,-0.050669,inf,p_lb=0,False
AHQ7EPM5HNCDGNFWSFJU5JPIEDGA,2853,2538,2812,0.012970,0.000000,0.980835,0.957087,0.055976,-0.055976,inf,p_lb=0,False
AEAQOM2CZ2I3USZR4CE6XHTZZHIA,2854,2680,2883,0.005202,0.000000,0.979461,0.954021,0.055460,-0.055460,inf,p_lb=0,False
AFZIHXLLRIZYAZDRCGC3Z4DYUMQQ,2855,2447,3380,0.012195,0.000000,0.981032,0.956066,0.051111,-0.051111,inf,p_lb=0,False
AEVOB3QCKW4D2YH3C5EFJXAIXHEA,2856,3111,2718,0.003096,0.000000,0.980210,0.956066,0.056997,-0.056997,inf,p_lb=0,False
AHZGQXTGR3WB6CQR3PP2TB2YPTUA,2857,104633,104230,0.017422,0.010938,0.981920,0.956066,0.009204,0.000794,0.000000,certified,True
AGQN2DS4NE27V7DWAQT3242BBYPA,2858,3301,3385,0.008989,0.000000,0.980818,0.956066,0.051073,-0.051073,inf,p_lb=0,False
AG4PLMF3U4KFWVAOV4NDVOIJNPDQ,2859,3794,3745,0.013497,0.000000,0.981544,0.958056,0.048456,-0.048456,inf,p_lb=0,False
AGY45ZXEHMDKRWNHJNWN46VOJ54A,2860,4150,3289,0.012931,0.000000,0.980487,0.954993,0.051872,-0.051872,inf,p_lb=0,False
AHN22PZT5J4PWUTUG7K32KIROH6Q,2861,5427,4805,0.014045,0.000000,0.980850,0.957087,0.042822,-0.042822,inf,p_lb=0,False
AFTRM6DYEBLY6WCVATTSENTHPZJQ,2862,2701,4216,0.012879,0.000000,0.981053,0.955964,0.045769,-0.045769,inf,p_lb=0,False
AHMMBO7EE3UMGYHT5K5P54ND6DWA,2863,7736,8129,0.011448,0.000000,0.981570,0.957087,0.032922,-0.032922,inf,p_lb=0,False
AFDES52WQO3FHH7LGY7EUH7BDCNA,2864,3641,2005,0.009259,0.000000,0.980534,0.955044,0.066432,-0.066432,inf,p_lb=0,False
AGT3Z52Z65ZKWWMPHD2KZLT6VXLQ,2865,17664,15703,0.017271,0.000566,0.981403,0.956066,0.023713,-0.023195,30135572.401634,eps_dominant,False
AGYOOOF3X6KSMLZIWBPMMQGAC5FQ,2866,4018,3232,0.007321,0.000000,0.981239,0.956066,0.052268,-0.052268,inf,p_lb=0,False
AGU7PXXOM24XC55U2CFUTD7X6FFA,2867,11778,11834,0.019092,0.000000,0.982298,0.959126,0.027228,-0.027228,inf,p_lb=0,False
AF42AMQFGUQVL5HUY4OH3JTLAOCA,2868,2470,2391,0.009174,0.000000,0.980736,0.956066,0.060769,-0.060769,inf,p_lb=0,False
AHHLGWPDHJGZGN5UM2UO76AJQJ4A,2869,3802,5111,0.012574,0.000000,0.980589,0.957036,0.041522,-0.041522,inf,p_lb=0,False
AEBZJGN6VG5Z2E7AVXBGXHOU5KPA,2870,3424,3611,0.005754,0.000000,0.980181,0.954021,0.049555,-0.049555,inf,p_lb=0,False
AGFOX4T5F4APNS74FHDC2FHKE5IA,2871,2378,1895,0.009091,0.000000,0.978803,0.953970,0.068410,-0.068410,inf,p_lb=0,False
AGLIK7JF7BZWNBTMOGOR5VG7JMGA,2872,2709,3483,0.007455,0.000000,0.981440,0.957087,0.050296,-0.050296,inf,p_lb=0,False
AE4BY225FXPK32UJ5I67YPNQLIPQ,2873,12508,11223,0.015780,0.000000,0.982108,0.957087,0.028019,-0.028019,inf,p_lb=0,False
AGVVVALPBNHRSEC7AGSVYAD33YUQ,2874,3225,2203,0.005425,0.000000,0.981122,0.956066,0.063309,-0.063309,inf,p_lb=0,False
AHYDKUH62SQ4OWDEOYEEE5PL5AJQ,2875,2957,2929,0.011166,0.000000,0.980256,0.956066,0.054905,-0.054905,inf,p_lb=0,False
AEZP6Z2C5AVQDZAJECQYZWQRNG3Q,2876,5580,7404,0.014989,0.000000,0.982094,0.957087,0.034497,-0.034497,inf,p_lb=0,False
AFKDMH3LF6HWDMSG7JGPQA6M4SVA,2877,2783,3009,0.012291,0.000000,0.980477,0.954993,0.054231,-0.054231,inf,p_lb=0,False
AGV5NQ4JDQD6NHXVF6AVZPVDX66Q,2878,23547,23477,0.016960,0.003298,0.981619,0.957036,0.019374,-0.016353,884383.376067,eps_dominant,False
AFFU7MCUYCZCDWNRLM2S46JEI2EA,2879,4896,5344,0.015396,0.000000,0.981522,0.956066,0.040648,-0.040648,inf,p_lb=0,False
AGBZTDO6WLH4VW2YCOC7CKGJQNJA,2880,7812,8259,0.015516,0.000000,0.982445,0.961109,0.032526,-0.032526,inf,p_lb=0,False
AGWS5WAG4X34YIKBNI44UVEZJGQA,2881,4755,5289,0.015419,0.000000,0.981938,0.958107,0.040772,-0.040772,inf,p_lb=0,False
AGP7S3IRJ5QNJL5TMST6OPENPQRQ,2882,4071,3486,0.010173,0.000000,0.980677,0.958056,0.050223,-0.050223,inf,p_lb=0,False
AF6UXJKNCDIFZCL3JPDPIZ3Q5ZEQ,2883,1917,3249,0.011421,0.000000,0.979501,0.952946,0.052302,-0.052302,inf,p_lb=0,False
AE5BCIMWYXN2F3HE5SIGCLTU277Q,2884,3274,3109,0.014455,0.000000,0.982075,0.956066,0.053292,-0.053292,inf,p_lb=0,False
AENF3YG6JBULQGMMIJPFCOB3CHSA,2885,3535,2078,0.014493,0.000000,0.981388,0.957087,0.065116,-0.065116,inf,p_lb=0,False
AHMD4J7GTK2NSI7CQVL764KXO2MA,2886,2852,2582,0.008276,0.000000,0.981146,0.956015,0.058481,-0.058481,inf,p_lb=0,False
AF42FV7ZU224XIHCU47NMD6SK4AQ,2887,2283,1573,0.011682,0.000000,0.981064,0.954993,0.075006,-0.075006,inf,p_lb=0,False
AGLL7CPD56HB3XKAZGNJ5IP27FNQ,2888,13563,14691,0.015361,0.000000,0.980981,0.956066,0.024516,-0.024516,inf,p_lb=0,False
AHRGDPUQS3UBFH4H2OZD3NWA3RGA,2889,4429,4236,0.015512,0.000000,0.981745,0.957036,0.045609,-0.045609,inf,p_lb=0,False
AEYL7IITMEHHN64SHXTR4H2R6EQQ,2890,2580,3036,0.010896,0.000000,0.981478,0.957087,0.053871,-0.053871,inf,p_lb=0,False
AG7SVRGJ5BM4KRSN354GSHDUY35Q,2891,6661,4760,0.014409,0.000000,0.981886,0.959075,0.042934,-0.042934,inf,p_lb=0,False
AFMTB6XAI3YBCJVTOGKOFJU3LUOQ,2892,9905,8618,0.014610,0.000000,0.980727,0.957036,0.031976,-0.031976,inf,p_lb=0,False
AHF2Q6IQXQWNW2QUZ6CQTYQB6EQA,2893,3541,2751,0.010432,0.000000,0.981466,0.956066,0.056654,-0.056654,inf,p_lb=0,False
AEAXTXXZ4NLDZW6B6FI4U2SOZOWA,2894,2582,2691,0.012552,0.000000,0.981334,0.957036,0.057224,-0.057224,inf,p_lb=0,False
AFN7GACKXTF3AWN6DOGFNLEOQ2OA,2895,10554,9952,0.008967,0.000000,0.980778,0.957036,0.029756,-0.029756,inf,p_lb=0,False
AEPEDW5FBBJ2XYR2BIJAKUPHCMHA,2896,3312,3994,0.010846,0.000000,0.981541,0.958107,0.046918,-0.046918,inf,p_lb=0,False
AHR3H2GGG6JCM5CECI3QMWKSTE3Q,2897,2609,2102,0.008446,0.000000,0.980935,0.957087,0.064743,-0.064743,inf,p_lb=0,False
AE4RIJOVOVA2YZLFX775C4UZQNAQ,2898,3787,3662,0.015924,0.000000,0.981790,0.957087,0.049051,-0.049051,inf,p_lb=0,False
AHC5J6N2P7OVOYZZUFMNTOIWIJ4A,2899,1792,1865,0.013944,0.000000,0.980820,0.955044,0.068881,-0.068881,inf,p_lb=0,False
AFYAG7CSWHL2WLV52JBRW462JJFQ,2900,3260,2360,0.011869,0.000000,0.980273,0.956066,0.061167,-0.061167,inf,p_lb=0,False
AE7EIS6XYV4XXJ66AZVESUQ2QF6A,2901,2833,2397,0.007508,0.000000,0.980291,0.956015,0.060696,-0.060696,inf,p_lb=0,False
AGQSAGRYAUXXM5Z6PVFBYYFFU5QQ,2902,3523,2426,0.009346,0.000000,0.981180,0.956066,0.060329,-0.060329,inf,p_lb=0,False
AH3BXW7KLIS2VAE56UXJS2NS7I5A,2903,6735,6828,0.014769,0.000000,0.981932,0.959126,0.035846,-0.035846,inf,p_lb=0,False
AFKBUQBOWYAUFRGZAHKTTDF4LH3A,2904,3549,4001,0.011518,0.000000,0.981009,0.955044,0.047028,-0.047028,inf,p_lb=0,False
AE2J5DDVCHVMRBD7BJ24ETJFQSOA,2905,2941,2628,0.005690,0.000000,0.981038,0.957087,0.057902,-0.057902,inf,p_lb=0,False
AHSEGNS77TLPYIWMD7JKHV4VPTBA,2906,10441,10929,0.016648,0.000000,0.982067,0.957087,0.028394,-0.028394,inf,p_lb=0,False
AE3H7UXU4IIC7QDBIVKZVKHXBCAA,2907,3925,3752,0.010277,0.000000,0.980700,0.957087,0.048459,-0.048459,inf,p_lb=0,False
AHSJMJWY5FSOQKO7FRKLE5KRD24A,2908,6092,5623,0.014203,0.000000,0.981655,0.957087,0.039585,-0.039585,inf,p_lb=0,False
AEAZ4ALBHH42OZPTZP3JSVAQMNXA,2909,1913,2097,0.006723,0.000000,0.981996,0.958107,0.064751,-0.064751,inf,p_lb=0,False
AGJCYVCTN7GIENR7XGKY5LQSEXDQ,2910,4319,2998,0.010448,0.000000,0.982325,0.959126,0.054097,-0.054097,inf,p_lb=0,False
AEOX46QIOAQYLU3KJ7TMIPVBMVIA,2911,2491,3234,0.011710,0.000000,0.980980,0.956066,0.052252,-0.052252,inf,p_lb=0,False
AHGPQ37FYIJYULFHMF6MS5KX6VJQ,2912,4860,4648,0.012175,0.000000,0.981155,0.957036,0.043541,-0.043541,inf,p_lb=0,False
AGK7LQIMYOFD5UR6JTJYQNQHIP4Q,2913,3492,2713,0.005057,0.000000,0.980013,0.953970,0.057174,-0.057174,inf,p_lb=0,False
AEALOAGLZ4HTFWFPB2X2NOH5OYNA,2914,3553,3302,0.007238,0.000000,0.980555,0.954993,0.051769,-0.051769,inf,p_lb=0,False
AHB545NIBWW4DV23YOF6NKYQ6NBA,2915,11375,11281,0.014774,0.000000,0.981288,0.958056,0.027919,-0.027919,inf,p_lb=0,False
AHARXOYR2HZCCPJ7IZSV4WTXQMXQ,2916,2793,3340,0.012195,0.000000,0.981473,0.957087,0.051361,-0.051361,inf,p_lb=0,False
AGPGG7WGGS5HXQ6L6SMPXADKKOCA,2917,3665,3912,0.014085,0.000000,0.981233,0.958107,0.047408,-0.047408,inf,p_lb=0,False
AF5T5YATPPSFCEM3UK5YTVOU4IZQ,2918,5393,4359,0.012733,0.000000,0.980885,0.954993,0.045058,-0.045058,inf,p_lb=0,False
AE7ASEVRPJIQKV5PTPOX4AIDSYPQ,2919,3857,3098,0.006974,0.000000,0.979973,0.952997,0.053559,-0.053559,inf,p_lb=0,False
AGX3AJ2D4XNUU6YESJ4G2HZK547A,2920,2822,3245,0.010959,0.000000,0.980870,0.958056,0.052055,-0.052055,inf,p_lb=0,False
AHC6HHDXZRRMMNA4RTWJLDTVRANA,2921,2786,2380,0.010204,0.000000,0.981356,0.956066,0.060909,-0.060909,inf,p_lb=0,False
AGGPYEPHVLFMAZK5MQMZQUX6FWGA,2922,3326,2885,0.011994,0.000000,0.980824,0.958107,0.055204,-0.055204,inf,p_lb=0,False
AFWMAREYRP3DEKOE3DHJJQ6UNXYA,2923,2078,2249,0.006042,0.000000,0.978924,0.952997,0.062860,-0.062860,inf,p_lb=0,False
AEICWNHLXQDGNO2XLQ7DKMJCSXZA,2924,2122,2408,0.008039,0.000000,0.979634,0.954021,0.060684,-0.060684,inf,p_lb=0,False
AESDODWKLW32QTRNWQYWHJSO7C7A,2925,3009,2946,0.011921,0.000000,0.981733,0.956015,0.054749,-0.054749,inf,p_lb=0,False
AH4TDMQHUBY3D4BX2QO3SRHEIGQA,2926,4601,3736,0.007744,0.000000,0.981761,0.958107,0.048511,-0.048511,inf,p_lb=0,False
AFP6MGUZJXZS2CEMNEDE6OSI4ZFQ,2927,3319,3409,0.013043,0.000000,0.981744,0.957036,0.050842,-0.050842,inf,p_lb=0,False
AGDKEE5KR5ZW4PBRXPSLGSMK2MKA,2928,2585,2011,0.010619,0.000000,0.981358,0.955044,0.066333,-0.066333,inf,p_lb=0,False
AG73KPN6A7OHE4TDURUPA23EKGPA,2929,4361,3132,0.014888,0.000000,0.981638,0.957087,0.053039,-0.053039,inf,p_lb=0,False
AG3PBRFNWNXXDVXAT67MRO7J3KYA,2930,5056,5081,0.016358,0.000000,0.982502,0.957087,0.041642,-0.041642,inf,p_lb=0,False
AEPBTWL72RD6XOTW3HFIACUBIPSQ,2931,2583,2477,0.011628,0.000000,0.980373,0.955044,0.059769,-0.059769,inf,p_lb=0,False
AH3ODUOFNNVKUICPVY6X7UK5IWYQ,2932,2281,2774,0.008523,0.000000,0.980538,0.957087,0.056358,-0.056358,inf,p_lb=0,False
AFZLBERQPA3V4XA4BCQ4Z4KYYLFQ,2933,4376,4892,0.011521,0.000000,0.981786,0.954021,0.042576,-0.042576,inf,p_lb=0,False
AH76RNVXZKA5VFZFH76O6U6QEVGQ,2934,3799,4123,0.012605,0.000000,0.981468,0.958107,0.046179,-0.046179,inf,p_lb=0,False
AGGYFVQ524L62PL5GEEHV3NGKT2Q,2935,2275,2666,0.009763,0.000000,0.980045,0.952997,0.057735,-0.057735,inf,p_lb=0,False
AHNZQLIFT6OIXVVS6MS5SCMLWCBQ,2936,2456,2130,0.007648,0.000000,0.979651,0.955044,0.064454,-0.064454,inf,p_lb=0,False
AH6KH3PEADMEAN2IR5QMAAA5YKTQ,2937,4697,4027,0.011472,0.000000,0.980771,0.957087,0.046776,-0.046776,inf,p_lb=0,False
AFEAADP4WF3WCCCWDJBVZOSBXCVA,2938,6184,7117,0.016138,0.000000,0.982228,0.959126,0.035111,-0.035111,inf,p_lb=0,False
AEKMZRFI24IXTBXMZOKENNL3VFBQ,2939,3066,2681,0.016878,0.000000,0.982006,0.957087,0.057327,-0.057327,inf,p_lb=0,False
AHXY7OKWZZA2AMR6HYTRAN2ZIL7Q,2940,11906,12767,0.015360,0.000000,0.982001,0.958107,0.026242,-0.026242,inf,p_lb=0,False
AFHRGIQHOS75DP7CP4ILF6RTMYIQ,2941,2794,2940,0.011628,0.000000,0.981628,0.958107,0.054686,-0.054686,inf,p_lb=0,False
AEH6WQXNWZQA3ZL4T4LMXZ4OGW4A,2942,3056,4653,0.008467,0.000000,0.981140,0.956066,0.043562,-0.043562,inf,p_lb=0,False
AEXBAGK42T4VUE6DK5APFV5ZJQKA,2943,3751,3122,0.010959,0.000000,0.981090,0.956015,0.053184,-0.053184,inf,p_lb=0,False
AGZZU4U7G74SBKXOUAH57MWALSOQ,2944,5012,4685,0.013333,0.000000,0.982039,0.958005,0.043325,-0.043325,inf,p_lb=0,False
AE5INRAIGFDNXPWT5LNVJEEAAHBQ,2945,29960,27615,0.016624,0.004027,0.981678,0.956066,0.017881,-0.014200,595692.692316,eps_dominant,False
AHS5OQLOPMP2YCRIWK3W6WDJ7BLQ,2946,2934,3183,0.008568,0.000000,0.981228,0.957087,0.052613,-0.052613,inf,p_lb=0,False
AELCQ4XXBVXQGVV6ZKPSMATY5VFA,2947,3920,4360,0.007835,0.000000,0.982087,0.956066,0.045002,-0.045002,inf,p_lb=0,False
AG7BPICCM3LVR4A52RQBYS5JLYPQ,2948,1923,1907,0.003745,0.000000,0.978650,0.952997,0.068264,-0.068264,inf,p_lb=0,False
AH2D3DFBV7M72TOCB36TKOOPCY7Q,2949,3192,2326,0.007886,0.000000,0.981207,0.957036,0.061550,-0.061550,inf,p_lb=0,False
AEAD7ZP6VV4IJL2Z2HVIRVEBHZJA,2950,2659,2784,0.007267,0.000000,0.980427,0.956066,0.056317,-0.056317,inf,p_lb=0,False
AGSGIJR2WQ6XRRRYNMSVCJLOH3CQ,2951,2242,3447,0.011702,0.000000,0.980422,0.954993,0.050669,-0.050669,inf,p_lb=0,False
AGVTEUBWUZ6IKQF5XWBICOPTM2LQ,2952,2698,3337,0.013193,0.000000,0.980915,0.956015,0.051442,-0.051442,inf,p_lb=0,False
AEVNAOGKLGUNEKB6IGX3GZFFWBJQ,2953,3211,3125,0.010490,0.000000,0.981139,0.954021,0.053269,-0.053269,inf,p_lb=0,False
AFD3QKEFR4QC5A77SE52O634AH6Q,2954,4776,4687,0.013605,0.000000,0.980916,0.957087,0.043357,-0.043357,inf,p_lb=0,False
AFWICO7S6CSLJETX6O4DTDQIWUGQ,2955,4079,3005,0.013139,0.000000,0.981977,0.958107,0.054091,-0.054091,inf,p_lb=0,False
AFQRNCF4VRLK654LPYWZYBZM3MVQ,2956,3994,3522,0.010689,0.000000,0.980583,0.956015,0.050073,-0.050073,inf,p_lb=0,False
AEG6ASBOHNKM2H5ZOADIGDHRMUOQ,2957,2654,2216,0.011058,0.000000,0.980128,0.957087,0.063056,-0.063056,inf,p_lb=0,False
AGSP5T6QDRZHHZZ4V5DFE62ZVXOQ,2958,3997,4257,0.012158,0.000000,0.981931,0.958005,0.045451,-0.045451,inf,p_lb=0,False
AG2TLPRRHQWYTBYVTE35TFE4WAOQ,2959,4244,3692,0.010776,0.000000,0.981476,0.956066,0.048904,-0.048904,inf,p_lb=0,False
AH4IUUFWBACGOJCLV5HWBJBLHKQQ,2960,3237,2654,0.014241,0.000000,0.981135,0.956066,0.057680,-0.057680,inf,p_lb=0,False
AFC5ELAF3WQ726FJEUQZSOWDKVZQ,2961,4968,4489,0.010173,0.000000,0.980706,0.956015,0.044353,-0.044353,inf,p_lb=0,False
AHNGXLYEOGW5COA66X5ZXJOOCQ3A,2962,2556,2214,0.011254,0.000000,0.980815,0.957036,0.063088,-0.063088,inf,p_lb=0,False
AFV23FOLCTY6JC6Q7P3GSJ5AABJA,2963,3759,3494,0.010444,0.000000,0.981126,0.957087,0.050217,-0.050217,inf,p_lb=0,False
AFJAB5S4BMMXACJU7CEK356C2AYQ,2964,27019,28665,0.013339,0.000975,0.982055,0.959126,0.017495,-0.016598,10040853.746608,eps_dominant,False
AE4JPPM4YPZ4EONHBXME6VWPVS2Q,2965,4052,3991,0.014184,0.000000,0.982076,0.957087,0.046986,-0.046986,inf,p_lb=0,False
AFFV2L7G7ZRITBQ7GVVKMO4J26XA,2966,4274,2774,0.013294,0.000000,0.981318,0.956066,0.056418,-0.056418,inf,p_lb=0,False
AG4WSKK6TG3LFCXZ5ZM4KEWLBNRQ,2967,5248,5528,0.010849,0.000000,0.981181,0.956066,0.039966,-0.039966,inf,p_lb=0,False
AE75H4JVORAPLLQO3MAC3FRN4MAA,2968,3113,3505,0.010905,0.000000,0.981576,0.957036,0.050141,-0.050141,inf,p_lb=0,False
AEXYYBY3TRVAAGBXZWZP3EYCHXAQ,2969,3442,3708,0.007656,0.000000,0.979420,0.954993,0.048853,-0.048853,inf,p_lb=0,False
AHXFDISHJCHQZRESFA3SIAR6GVMA,2970,3455,2818,0.003350,0.000000,0.980923,0.958107,0.055857,-0.055857,inf,p_lb=0,False
AGO22BUOE6AX3PRTYLVVQKPR4R7A,2971,21249,22340,0.017701,0.003695,0.982463,0.960092,0.019797,-0.016391,695647.177686,eps_dominant,False
AGB7ZKRLJLQ5KJYNFCNXXMN4G36Q,2972,5127,5061,0.015032,0.000000,0.981577,0.957087,0.041725,-0.041725,inf,p_lb=0,False
AGPFJ4F4XFOHAKDDX3AITBNIOCMQ,2973,30749,33056,0.016293,0.004780,0.981798,0.956066,0.016344,-0.011975,422842.778876,eps_dominant,False
AF3QJNS6XCODZPL6SVDDITEDSIIQ,2974,5200,5811,0.010128,0.000000,0.981694,0.957087,0.038939,-0.038939,inf,p_lb=0,False
AF4P3SU3FCXKY52PIF5MDE43N4IQ,2975,2875,3425,0.014925,0.000000,0.981765,0.957087,0.050720,-0.050720,inf,p_lb=0,False
AHY5L4NFQJZOERBXDM7EHXZWQMBA,2976,1872,1989,0.011628,0.000000,0.980776,0.957087,0.066557,-0.066557,inf,p_lb=0,False
AGOJALZXRUHUYIYJO43DNE46PZGA,2977,4022,3735,0.011044,0.000000,0.980634,0.956066,0.048621,-0.048621,inf,p_lb=0,False
AF4AYT2KDUA3BZUYDOV54XGILQ2A,2978,2584,1695,0.009302,0.000000,0.980618,0.955044,0.072252,-0.072252,inf,p_lb=0,False
AFKZ5EC56OPE56AE57EWADWTQFXQ,2979,3084,3934,0.010549,0.000000,0.982042,0.957087,0.047325,-0.047325,inf,p_lb=0,False
AFGM3WALHHNWCL3WI75IQQTENANA,2980,15145,16022,0.016736,0.000199,0.981973,0.959126,0.023401,-0.023218,241929595.423763,eps_dominant,False
AFVTHPT46GLPZLSL64FJFXT2535A,2981,2177,2359,0.010204,0.000000,0.981533,0.957087,0.061115,-0.061115,inf,p_lb=0,False
AFRDP7XVDBRVHJV2BCP76MI355RA,2982,6312,5807,0.011676,0.000000,0.981862,0.958056,0.038913,-0.038913,inf,p_lb=0,False
AG3IKRZQLJKKTTUCRSNS2GIXKOSA,2983,5352,4904,0.011938,0.000000,0.981085,0.955044,0.042478,-0.042478,inf,p_lb=0,False
AEUPV47K3MID5ZL4QXGIED3GRZIA,2984,3334,3515,0.016760,0.000000,0.980785,0.956066,0.050120,-0.050120,inf,p_lb=0,False
AEOOFIVJLXKVNYX6NM5PGAEKONVQ,2985,4476,5287,0.012753,0.000000,0.981770,0.956066,0.040867,-0.040867,inf,p_lb=0,False
AEYFIW5EZMPHAQ3GIKWEZCYEHP5Q,2986,2142,2221,0.006885,0.000000,0.980146,0.954021,0.063187,-0.063187,inf,p_lb=0,False
AHDDDUNFUZVAR3R2PD4HABZCJMBA,2987,1805,2330,0.014265,0.000000,0.980590,0.956066,0.061560,-0.061560,inf,p_lb=0,False
AHNTAHDGESFMTOVBMCCCO3R5ZYUQ,2988,3497,3701,0.016227,0.000000,0.981647,0.956015,0.048847,-0.048847,inf,p_lb=0,False
AG2SIW25DLCWFWTLS4CFAAREW5WQ,2989,4035,3052,0.011598,0.000000,0.981118,0.956066,0.053787,-0.053787,inf,p_lb=0,False
AGEN4RIQ7PSB74XHK5AG7LJMNCSA,2990,4978,4760,0.013889,0.000000,0.981484,0.957087,0.043024,-0.043024,inf,p_lb=0,False
AEUNG334KUZWXHHAIRMJXCBT5FYA,2991,7000,7195,0.015848,0.000000,0.981907,0.959126,0.034920,-0.034920,inf,p_lb=0,False
AHZKXDFUNNEGHAIB7N7UJSWGFOLQ,2992,2416,3529,0.016376,0.000000,0.981796,0.956066,0.050020,-0.050020,inf,p_lb=0,False
AHRMJPYIRMJZNMUCT2TEOTEYUICA,2993,5362,5125,0.011314,0.000000,0.981469,0.958107,0.041419,-0.041419,inf,p_lb=0,False
AH4XFUJHJBD23NTO5F774MBO3O6Q,2994,2595,2652,0.010937,0.000000,0.981307,0.957036,0.057643,-0.057643,inf,p_lb=0,False
AEOCAUXMWWWC2TDXR7OX2DGORO7A,2995,3315,3330,0.009957,0.000000,0.981506,0.956066,0.051493,-0.051493,inf,p_lb=0,False
AHHJ4BPQ5TYIUPESYDW6HDSKNIAA,2996,2692,3050,0.006964,0.000000,0.981409,0.958107,0.053690,-0.053690,inf,p_lb=0,False
AG7GB4YT6G3ZDXENSCTMLVRMIN2A,2997,2274,1972,0.011278,0.000000,0.980237,0.953970,0.067061,-0.067061,inf,p_lb=0,False
AFPIVFTKD2B5U365NQ2PSOOZZBFA,2998,4110,4853,0.012759,0.000000,0.981735,0.958107,0.042564,-0.042564,inf,p_lb=0,False
AE6ZACDI7GDCKS5MTEQZVYT4DORQ,2999,5052,3815,0.014774,0.000000,0.980848,0.959075,0.047958,-0.047958,inf,p_lb=0,False
AF3QJUZMINQU5V6DCZIN4CPGLCOQ,3000,2613,2751,0.009464,0.000000,0.980279,0.956015,0.056657,-0.056657,inf,p_lb=0,False
AECTZ66656CDAFHMJI3PIJVIN3UQ,3001,3129,2771,0.011583,0.000000,0.981365,0.956066,0.056449,-0.056449,inf,p_lb=0,False
AHSRXEAKIZWDKIKTZF2HOG6NF2CQ,3002,2543,3033,0.009975,0.000000,0.980865,0.958107,0.053841,-0.053841,inf,p_lb=0,False
AGZFC4267K7DXCAQPVQEXJHFUEWA,3003,4315,5037,0.016355,0.000000,0.981701,0.959126,0.041735,-0.041735,inf,p_lb=0,False
AHSGGWMLBEVI573TDJAKIUGRFKFA,3004,2084,2614,0.006051,0.000000,0.980618,0.957087,0.058057,-0.058057,inf,p_lb=0,False
AGLRX3SNKMVXT7LB4CNMLQOZBD3A,3005,3703,3833,0.013861,0.000000,0.982025,0.956066,0.047996,-0.047996,inf,p_lb=0,False
AHBWJLR2FWXYGPSSCWWU7DRXBSIA,3006,3892,4018,0.012048,0.000000,0.980989,0.956066,0.046878,-0.046878,inf,p_lb=0,False
AEA4I6B4EUGTHM2PEZYDRNXONDIA,3007,2769,3776,0.013453,0.000000,0.981849,0.959126,0.048203,-0.048203,inf,p_lb=0,False
AGYGB42MVBQ4X2XNEX45VHJD7GOA,3008,2618,2237,0.010435,0.000000,0.980055,0.955044,0.062893,-0.062893,inf,p_lb=0,False
AGRH5XIRBBJTYZ75VD73TU7JG5LQ,3009,3584,2940,0.012443,0.000000,0.981345,0.957087,0.054744,-0.054744,inf,p_lb=0,False
AEJUZT6ZKPG4ATV7G4D3LNC624XQ,3010,2559,3006,0.009459,0.000000,0.981526,0.958107,0.054082,-0.054082,inf,p_lb=0,False
AFLI33M7ADMQ2B3DSIJLODWUHTAA,3011,2996,2539,0.010819,0.000000,0.981133,0.956066,0.058971,-0.058971,inf,p_lb=0,False
AERXVEPEZCQKJBVO6ALDYGWDSQYA,3012,3080,3197,0.012107,0.000000,0.981496,0.958107,0.052442,-0.052442,inf,p_lb=0,False
AEMUDVQWVGL2U7M52PFGDRO3DQTQ,3013,2199,2701,0.012821,0.000000,0.981370,0.957087,0.057115,-0.057115,inf,p_lb=0,False
AHJBJXPD5RRVYSGZ2KTEM6WLXGXQ,3014,3375,3018,0.006757,0.000000,0.979872,0.955044,0.054147,-0.054147,inf,p_lb=0,False
AE5RI4JTP6U32UO6VJY3MS4OLORQ,3015,3024,2561,0.012066,0.000000,0.980615,0.956066,0.058718,-0.058718,inf,p_lb=0,False
AE3QO7L7NG7AUKZEYEOLHM2Q7M3Q,3016,4003,3547,0.012621,0.000000,0.981672,0.957087,0.049840,-0.049840,inf,p_lb=0,False
AEGSMK2RONJ4PU4US54TRRMINDIA,3017,3474,4185,0.013579,0.000000,0.981775,0.959126,0.045787,-0.045787,inf,p_lb=0,False
AGDJ4U4GGIQ6AJLIBE6RSDPL2VYA,3018,1828,3365,0.013713,0.000000,0.981610,0.958107,0.051116,-0.051116,inf,p_lb=0,False
AFQM4LM7JQGYBETRKRKNTUP5CVNA,3019,8694,9249,0.015500,0.000000,0.981509,0.957087,0.030865,-0.030865,inf,p_lb=0,False
AGBE4G65WDC55OINI4OQKENARLJQ,3020,3272,3243,0.008413,0.000000,0.980259,0.954993,0.052238,-0.052238,inf,p_lb=0,False
AEJYZEXHGRPOQ7JWTECOBUIRSEDA,3021,12186,11605,0.016613,0.000000,0.982322,0.959126,0.027496,-0.027496,inf,p_lb=0,False
AERPMHQCRO2J4KJSGXXXOO7EOD3Q,3022,3007,2325,0.009317,0.000000,0.981295,0.956015,0.061629,-0.061629,inf,p_lb=0,False
AFDFF7MGLO3PBKMESF6JCR4EW3FQ,3023,2146,2094,0.008651,0.000000,0.980397,0.956066,0.064936,-0.064936,inf,p_lb=0,False
AEMT3I6AICC5YI7Z5G2V4LEGYKPA,3024,10708,9992,0.014782,0.000000,0.982461,0.958107,0.029663,-0.029663,inf,p_lb=0,False
AHJYWQZ5PICKUZPXVE4HU7L5PE7A,3025,17209,15733,0.017047,0.000358,0.981772,0.958107,0.023640,-0.023311,74829506.611473,eps_dominant,False
AHJ5GJR24U6AOMQL3ZKAFOXXS7MA,3026,1966,2671,0.005391,0.000000,0.980414,0.954021,0.057619,-0.057619,inf,p_lb=0,False
AEYKTZXAWOPJG5MGGMKBLRJR6Q3A_1,3027,3417,2685,0.010067,0.000000,0.981883,0.959075,0.057166,-0.057166,inf,p_lb=0,False
AENVDZJEJQBHTA5X3JB45EG6XXEA,3028,4364,4730,0.015664,0.000000,0.981598,0.956066,0.043206,-0.043206,inf,p_lb=0,False
AHCY5HIXEHYPRIU7NPMXKPLPJR7A,3029,2752,1775,0.011521,0.000000,0.980685,0.956066,0.070530,-0.070530,inf,p_lb=0,False
AFQGXKKBN5V3V5V7CY42FCQTAYHQ,3030,6816,6124,0.010944,0.000000,0.981557,0.956066,0.037971,-0.037971,inf,p_lb=0,False
AHYOB7J3MRXOLCQ67KGALUH7TY6Q,3031,1763,1940,0.008210,0.000000,0.979386,0.952946,0.067685,-0.067685,inf,p_lb=0,False
AEVZGLYUEQEYH3ACTQCPBU65KIKQ,3032,5377,5068,0.014407,0.000000,0.981043,0.957087,0.041696,-0.041696,inf,p_lb=0,False
AH3T7SU7USHPJ26STB3EGNFTDPSA,3033,23596,23775,0.017112,0.003536,0.981594,0.958107,0.019230,-0.015984,766032.430680,eps_dominant,False
AFPAS6247PI447QH57WTGC7RUU3Q,3034,2826,2573,0.012739,0.000000,0.981538,0.958056,0.058459,-0.058459,inf,p_lb=0,False
AHLZZ3NGM3Y4NBNDW26J4WAPV6WQ,3035,3968,4208,0.011011,0.000000,0.981717,0.957036,0.045761,-0.045761,inf,p_lb=0,False
AEP5JNRRA4BXDGRZC5ZXWRKCZR2Q,3036,3717,3867,0.012422,0.000000,0.980997,0.957087,0.047733,-0.047733,inf,p_lb=0,False
AEN6VLVSAZEINQOVKNFAL6IG65OA,3037,1915,1980,0.006745,0.000000,0.979731,0.956066,0.066779,-0.066779,inf,p_lb=0,False
AEPPEVO52IBP32OZJXPDIPPQ5TZA,3038,1994,2894,0.006729,0.000000,0.979832,0.954021,0.055355,-0.055355,inf,p_lb=0,False
AGXJG6MR7XYFSA2J6RX753MSFVXQ,3039,1954,1936,0.011538,0.000000,0.980430,0.954021,0.067678,-0.067678,inf,p_lb=0,False
AGDBVEKDSVUHJRPRIVHNADY3L6IQ,3040,2149,2546,0.007496,0.000000,0.979822,0.953970,0.059020,-0.059020,inf,p_lb=0,False
AF6M3QM4HCJWGINCDUKAAH5IQ5XQ,3041,2222,2794,0.012380,0.000000,0.981494,0.955964,0.056222,-0.056222,inf,p_lb=0,False
AFVFWYK7J23ISMRK3ZI5DCKFXBPA,3042,9974,8590,0.013001,0.000000,0.982193,0.958056,0.031994,-0.031994,inf,p_lb=0,False
AEMG5P4JZXUEK35T56CZ3O4GOP5A,3043,2619,2097,0.010772,0.000000,0.979903,0.955044,0.064959,-0.064959,inf,p_lb=0,False
AFVCWOFPUHU3ADTPTITP26RGLF5Q,3044,2889,2996,0.015834,0.000000,0.981214,0.956066,0.054288,-0.054288,inf,p_lb=0,False
AFQ5IKV6BEJT7H6BIRHADAGRF27A,3045,3653,3090,0.016260,0.000000,0.981578,0.957036,0.053402,-0.053402,inf,p_lb=0,False
AF57NVU57KDQAEHYO4DFKEI65IRQ,3046,5203,5613,0.012684,0.000000,0.982233,0.958056,0.039580,-0.039580,inf,p_lb=0,False
AGGYJVZ522UT2OJM4FFKRRVTIX5Q,3047,3612,3207,0.012834,0.000000,0.981772,0.958056,0.052363,-0.052363,inf,p_lb=0,False
AHCFLUHDCLAHZU6AHAJ4C7MPA4EA,3048,3596,2613,0.013997,0.000000,0.981425,0.957036,0.058072,-0.058072,inf,p_lb=0,False
AGYRMITUSD6IEQMJDPHYMA7CJI2Q,3049,2859,2717,0.004566,0.000000,0.979851,0.954021,0.057129,-0.057129,inf,p_lb=0,False
AHVK6E5LV26567B2Z6JNDM336G2A,3050,7196,7608,0.010689,0.000000,0.980714,0.956015,0.034069,-0.034069,inf,p_lb=0,False
AEHQSCXIJY2GACS7FBGDVSHOP5GA,3051,6326,5092,0.015719,0.000000,0.981236,0.954021,0.041731,-0.041731,inf,p_lb=0,False
AH27HGQKIHLIJMZEZKPFNGOU35EQ,3052,4734,3680,0.016575,0.000000,0.982072,0.958107,0.048879,-0.048879,inf,p_lb=0,False
AHKKFCPXS6OQMUSMNSNXXU2JKTHQ,3053,4976,5665,0.010338,0.000000,0.981456,0.958107,0.039396,-0.039396,inf,p_lb=0,False
AEXYLV5YOYWSLGG47VVECVURA7XQ,3054,3032,2615,0.010169,0.000000,0.981068,0.957087,0.058046,-0.058046,inf,p_lb=0,False
AE34VVFABKBA5ZFYOCL3BRUN7QVQ,3055,3079,1982,0.010850,0.000000,0.981562,0.958107,0.066603,-0.066603,inf,p_lb=0,False
AH5NA6LIKHFQO3CDP6LULJT6VLYA,3056,3356,2593,0.012784,0.000000,0.981786,0.958107,0.058230,-0.058230,inf,p_lb=0,False
AFYZMA72W5SMBGZVYUP4EX5O7RQQ,3057,2538,2597,0.009868,0.000000,0.981212,0.956066,0.058309,-0.058309,inf,p_lb=0,False
AFWMG7UFWQJPALHSIATX2G6YNOXA,3058,2888,2200,0.007678,0.000000,0.980500,0.956066,0.063352,-0.063352,inf,p_lb=0,False
AGPH4RMR4EOTWJJKC2T6CUBIHAJQ,3059,2720,2900,0.008547,0.000000,0.981205,0.957087,0.055120,-0.055120,inf,p_lb=0,False
AHLA24J43UD2AKTINUBUWKEDPQHQ,3060,8119,7925,0.016757,0.000000,0.981779,0.956985,0.033347,-0.033347,inf,p_lb=0,False
AGI2PC6YMBH3TM6UEQRAOOFZ77IQ,3061,3159,3063,0.008571,0.000000,0.981097,0.956066,0.053691,-0.053691,inf,p_lb=0,False
AE6GBO7A4LHI7GQULR64DPYFYJ4A,3062,1912,2485,0.006964,0.000000,0.980228,0.955044,0.059673,-0.059673,inf,p_lb=0,False
AEOLORJKMS44IUJWCYBJGYDLCD4A,3063,2985,3245,0.010601,0.000000,0.981409,0.957036,0.052111,-0.052111,inf,p_lb=0,False
AFWAC4NJFZ55V55ESCI65QLDZOSQ,3064,3249,2930,0.012407,0.000000,0.981125,0.957087,0.054837,-0.054837,inf,p_lb=0,False
AF4E3NZ5US36XUBBPFET6A66OG3A,3065,1863,2281,0.010736,0.000000,0.980696,0.957087,0.062151,-0.062151,inf,p_lb=0,False
AHL3FVIBAL4FQFWRBAAJJLYPZ5DQ,3066,3073,2821,0.007732,0.000000,0.981451,0.958107,0.055827,-0.055827,inf,p_lb=0,False
AGIYFVQRH6FEXW2M4OJMT3NEUTQA,3067,2582,2246,0.007205,0.000000,0.980759,0.955044,0.062767,-0.062767,inf,p_lb=0,False
AHYCWHEN55G5GAMWHMI3UJHQ3T6A,3068,4400,4343,0.007561,0.000000,0.981803,0.958056,0.044996,-0.044996,inf,p_lb=0,False
AGKMSOLXXD3VWLQXUFEF7RG2PYZQ,3069,4517,5179,0.014097,0.000000,0.981755,0.957087,0.041246,-0.041246,inf,p_lb=0,False
AFVV7CLXY43P3Z3F7SROBZATZVSQ,3070,4866,3611,0.014493,0.000000,0.981333,0.956066,0.049449,-0.049449,inf,p_lb=0,False
AHFWDMP5HXQ3A3NTN5T4S7B7BDZA,3071,2818,3021,0.015827,0.000000,0.981497,0.958056,0.053950,-0.053950,inf,p_lb=0,False
AELDDMYRH6UVEDUIQGRSHZWQM2LA,3072,2525,2723,0.010870,0.000000,0.980101,0.954993,0.057008,-0.057008,inf,p_lb=0,False
AEFUPXKTX6C4GW2B77FHBRTDCLUA,3073,3026,4447,0.012195,0.000000,0.982087,0.958107,0.044465,-0.044465,inf,p_lb=0,False
AFC47ZK3Z2BFXSQPRI5DNSQCY2BQ,3074,2125,2032,0.008403,0.000000,0.979043,0.952946,0.066135,-0.066135,inf,p_lb=0,False
AFO4JFVHP2IUNIAM3R2HWEHDEUJA,3075,6658,6506,0.014533,0.000000,0.981517,0.957036,0.036802,-0.036802,inf,p_lb=0,False
AEAY2WGERHFFEDTKJDKID4D3RW3Q,3076,4252,4341,0.014030,0.000000,0.980716,0.958107,0.045004,-0.045004,inf,p_lb=0,False
AFBJTBLXC6U3IMQB4RIPPSBCORLQ,3077,2232,2005,0.006525,0.000000,0.977939,0.951972,0.066647,-0.066647,inf,p_lb=0,False
AFRANYYHRL3ZMJ4F5GAGDECQ5GNQ,3078,4536,4468,0.014995,0.000000,0.982037,0.959075,0.044315,-0.044315,inf,p_lb=0,False
AHCMBEGSVFSUHRNRYBQ7L5URHCYA,3079,4009,3650,0.014878,0.000000,0.981177,0.957087,0.049132,-0.049132,inf,p_lb=0,False
AEMB7SD3UGIGU5NDJYV2OAIABJIA,3080,4005,4199,0.011638,0.000000,0.981771,0.958056,0.045761,-0.045761,inf,p_lb=0,False
AFOTHO5QENS65RZSHAUT6TP7CIMQ,3081,2559,2748,0.011016,0.000000,0.979818,0.954993,0.056748,-0.056748,inf,p_lb=0,False
AEMN5QZGZ2LV4QGL7SURX33C2NHA,3082,3920,4450,0.010280,0.000000,0.981876,0.957087,0.044497,-0.044497,inf,p_lb=0,False
AGX3ICN3W5V2XY47PLFK5NOTH5DA,3083,4189,4445,0.013986,0.000000,0.981989,0.958107,0.044475,-0.044475,inf,p_lb=0,False
AEB2MNEEUALSUMA7CAEQJSFGTJDA,3084,2627,2986,0.011655,0.000000,0.980784,0.956015,0.054382,-0.054382,inf,p_lb=0,False
AG5HSUEH4BYPTBNEMPSDL4L3DRNQ,3085,3415,3307,0.008827,0.000000,0.981571,0.957036,0.051620,-0.051620,inf,p_lb=0,False
AHTV22XCEITN6NDZ6XFFB3P4SW2A,3086,3574,3894,0.010778,0.000000,0.981915,0.959126,0.047467,-0.047467,inf,p_lb=0,False
AGBIP7TJWZYYCSCBNLFJMOPGOUGA,3087,6012,5044,0.015625,0.000000,0.981661,0.956015,0.041842,-0.041842,inf,p_lb=0,False
AHIG7XX4LPDHSXX7MCQYVSJWX4EQ,3088,3036,3201,0.013716,0.000000,0.982040,0.958107,0.052409,-0.052409,inf,p_lb=0,False
AHNZSE3QYPIWIB537LY2Y74GBTCQ,3089,2270,2641,0.007225,0.000000,0.979353,0.954021,0.057945,-0.057945,inf,p_lb=0,False
AFVP6OSQJHBZCGMJFIRKZANPJ6EQ,3090,3688,3114,0.009840,0.000000,0.980901,0.956066,0.053249,-0.053249,inf,p_lb=0,False
AG4XQOAMUDUVDASKTPIIDLDX3BSA,3091,2394,2149,0.012389,0.000000,0.980298,0.954942,0.064175,-0.064175,inf,p_lb=0,False
AHORWDUASCJWOSOEZPQHAF7I6OFQ,3092,2749,2170,0.008681,0.000000,0.979351,0.955044,0.063857,-0.063857,inf,p_lb=0,False
AFRY3KL45NKPPE4WDGWARUKBI54Q,3093,4873,4031,0.014242,0.000000,0.982292,0.959075,0.046655,-0.046655,inf,p_lb=0,False
AF7ONCCYEZYUVOL3GHBGUNXRISOA,3094,6765,6686,0.014215,0.000000,0.981606,0.958107,0.036263,-0.036263,inf,p_lb=0,False
AHC4NS2FA5Q6SDVKCXSPEIPRB4GQ,3095,3333,3942,0.010649,0.000000,0.981206,0.958107,0.047227,-0.047227,inf,p_lb=0,False
AFJCRMSGWYMAVOASYUUBR63OTLQQ,3096,2718,2109,0.012456,0.000000,0.981258,0.957087,0.064636,-0.064636,inf,p_lb=0,False
AGQLKAQYWNXSQC6BXMKLU7HA5EGQ,3097,2085,2042,0.004435,0.000000,0.980014,0.954021,0.065898,-0.065898,inf,p_lb=0,False
AH36N5HJJQCBDAURJUTFAIB4GRFA,3098,6617,7971,0.015690,0.000000,0.980822,0.957087,0.033247,-0.033247,inf,p_lb=0,False
AH5YBY5VBPNDMBGHVQYEMMQNPDEQ,3099,4821,4535,0.011159,0.000000,0.981211,0.959126,0.043984,-0.043984,inf,p_lb=0,False
AEFO4YEMPTW2MIA2FZ3TSMYOUHNQ,3100,2236,2717,0.010256,0.000000,0.981902,0.958107,0.056886,-0.056886,inf,p_lb=0,False
AG5D7S6MKAW6SARHXXJSXSX4ML6Q,3101,4165,3903,0.014894,0.000000,0.981507,0.957087,0.047513,-0.047513,inf,p_lb=0,False
AGXZMIBFXPDAOZQXMMBUAPSK2TLQ,3102,1886,2898,0.004104,0.000000,0.979845,0.955044,0.055257,-0.055257,inf,p_lb=0,False
AEUITNFQ5YAJ5BGEKIEQK4REHFDQ,3103,2610,2541,0.011065,0.000000,0.980268,0.952997,0.059138,-0.059138,inf,p_lb=0,False
AE6MQHV66OK34BGN2TADAYGZJDVQ,3104,3763,4433,0.009858,0.000000,0.980967,0.957087,0.044582,-0.044582,inf,p_lb=0,False
AHF7W2GQAELHFR4T4J24EYR4I4ZA,3105,4253,4343,0.014019,0.000000,0.981745,0.959075,0.044948,-0.044948,inf,p_lb=0,False
AHQWSREBML5RH7GZCFX6L57DDMHQ,3106,3141,2614,0.011925,0.000000,0.980805,0.957087,0.058057,-0.058057,inf,p_lb=0,False
AHNGXSJ44HVTEJAF4G6XHN4MJA7Q,3107,10635,11144,0.017401,0.000000,0.982188,0.957036,0.028120,-0.028120,inf,p_lb=0,False
AEK6SR63YICRLQH7KO6MHRF73RMQ,3108,3193,3507,0.015116,0.000000,0.982110,0.957036,0.050126,-0.050126,inf,p_lb=0,False
AEMDWYLUJDA7LTRQSX6BOJDVTF7A,3109,2189,2805,0.013699,0.000000,0.980663,0.954021,0.056226,-0.056226,inf,p_lb=0,False
AF7K2QWRCP3F5JP2VHS2RBUIUUCQ,3110,2575,2602,0.013201,0.000000,0.981461,0.955044,0.058316,-0.058316,inf,p_lb=0,False
AHJ5UYB6WIQRWXQJ2B5MUV564TAA,3111,3311,3134,0.009963,0.000000,0.981875,0.959075,0.052913,-0.052913,inf,p_lb=0,False
AFM5EFJ3XC66O732Q2CPS2TKMG4A,3112,2967,3377,0.015029,0.000000,0.981092,0.958056,0.051028,-0.051028,inf,p_lb=0,False
AFY5ZS4KYYBPX5IAUVPK5JG6AOCA,3113,2159,3658,0.016556,0.000000,0.981624,0.957087,0.049078,-0.049078,inf,p_lb=0,False
AGVNQCF2GD4RYDYJQWD3CFBT3RRA,3114,13617,12516,0.014080,0.000000,0.981702,0.957087,0.026532,-0.026532,inf,p_lb=0,False
AGFGISQL32VM4G2ZDX2JUXXYTJXA,3115,4136,3011,0.013230,0.000000,0.979974,0.954021,0.054268,-0.054268,inf,p_lb=0,False
AGPBLK2TIZU42KPLDX2ALX6CPFOQ,3116,11843,10327,0.017934,0.000000,0.982223,0.960143,0.029116,-0.029116,inf,p_lb=0,False
AG644AQBRT56BVFDCJMISCNTSRMA,3117,17178,17543,0.014238,0.000000,0.981776,0.956066,0.022435,-0.022435,inf,p_lb=0,False
AFIL2IVD4EMGED6B55QB73O5N7FA,3118,10404,8742,0.018163,0.000000,0.982509,0.960143,0.031646,-0.031646,inf,p_lb=0,False
AF6SM2ESLD534XWS7P6PFSL257CA,3119,11645,12119,0.014657,0.000000,0.981870,0.958107,0.026935,-0.026935,inf,p_lb=0,False
AECCWTWRVTRL36SUIZOJ5OYQDYGQ,3120,4630,3873,0.013115,0.000000,0.980890,0.956015,0.047750,-0.047750,inf,p_lb=0,False
AF3OWPUMBCPUFZE3ICY25MOCL2BA,3121,14760,16799,0.016494,0.000344,0.981537,0.958056,0.022879,-0.022563,81177907.333403,eps_dominant,False
AF2S7MHKYEU5DFVE7DSDOXF67ETQ,3122,2216,2294,0.007496,0.000000,0.980258,0.955044,0.062107,-0.062107,inf,p_lb=0,False
AGDMXN47VMOK7TB4EGSCLWJ43QRA,3123,5205,5723,0.018443,0.000000,0.982422,0.960092,0.039114,-0.039114,inf,p_lb=0,False
AHPYUJKVXMGAHDVKLVYCQ7IKAGTQ,3124,2928,3600,0.010000,0.000000,0.981490,0.955044,0.049578,-0.049578,inf,p_lb=0,False
AEQY37KSVMAVV6AUETJFVEXSYPQA,3125,2711,1859,0.013645,0.000000,0.980187,0.956015,0.068922,-0.068922,inf,p_lb=0,False
AFVS7ICCOISHBTZBGXJBWKYRBEDQ,3126,5232,5070,0.017354,0.000000,0.981998,0.956015,0.041734,-0.041734,inf,p_lb=0,False
AEQCVAHIOLXISDG5N77DBCMIX46Q,3127,3383,3856,0.013937,0.000000,0.980989,0.956066,0.047853,-0.047853,inf,p_lb=0,False
AEDF6LSTO7L4BWZPQXJSZ3FPMX5A,3128,6678,7576,0.012387,0.000000,0.981635,0.959075,0.034032,-0.034032,inf,p_lb=0,False
AHSYS7DOWAOLGVZ7ENICI4ZNK36Q,3129,6483,5578,0.014374,0.000000,0.981888,0.958107,0.039702,-0.039702,inf,p_lb=0,False
AH2XZBSDLT2QDYEFM5MQQPWDQDAA,3130,4705,3732,0.013500,0.000000,0.980522,0.957036,0.048592,-0.048592,inf,p_lb=0,False
AELUXKVLA6MVN4POAMLJIP3CL3ZQ,3131,2540,3030,0.010738,0.000000,0.981139,0.958107,0.053867,-0.053867,inf,p_lb=0,False
AGH5MIN6VJSDWJF5XACS6K4ZX6QQ,3132,3034,3029,0.006925,0.000000,0.980584,0.957087,0.053934,-0.053934,inf,p_lb=0,False
AE75RQ5THMDYEJUAYOJZHODWFMMQ,3133,6728,6686,0.017462,0.000000,0.982530,0.960092,0.036188,-0.036188,inf,p_lb=0,False
AGWNDI4F6STGUPVPJMHGTCLEHHJQ,3134,2798,3048,0.010256,0.000000,0.980668,0.957087,0.053765,-0.053765,inf,p_lb=0,False
AHNSZCP3JIOZZVYXFJRGQEKRSTFA,3135,5984,6052,0.010316,0.000000,0.981275,0.956066,0.038197,-0.038197,inf,p_lb=0,False
AHUKSS2YODCRG5GLY5APDL62IC7Q,3136,2622,3017,0.012658,0.000000,0.980497,0.956066,0.054099,-0.054099,inf,p_lb=0,False
AEUX5GR2YXV6MFH6SIDE3DMLPZGQ,3137,3431,3049,0.009890,0.000000,0.980138,0.956015,0.053817,-0.053817,inf,p_lb=0,False
AE3QC4R3QMSHINRTN3L7YFNSC3XA,3138,3867,4258,0.011712,0.000000,0.980942,0.956066,0.045538,-0.045538,inf,p_lb=0,False
AEJBJGF6POXHQ77KUHQNO7Z5WEBA,3139,2701,4535,0.014535,0.000000,0.981936,0.958107,0.044031,-0.044031,inf,p_lb=0,False
AHBV4TCOJOKIL4BC7GHVCIAG7ZEA,3140,2104,2196,0.005051,0.000000,0.980619,0.957036,0.063346,-0.063346,inf,p_lb=0,False
AFYDI5PL5YM5JKTHFCREJ7KVWVLA,3141,1750,2757,0.005722,0.000000,0.976545,0.948889,0.057020,-0.057020,inf,p_lb=0,False
AFHVL3J6IJCOWM5SQRSXLTUPW3MA,3142,2122,2565,0.007657,0.000000,0.980192,0.957087,0.058609,-0.058609,inf,p_lb=0,False
AFQPRBK7XJNB4IT6Z6KZYWEZUF3Q,3143,3934,4029,0.014553,0.000000,0.982105,0.960092,0.046618,-0.046618,inf,p_lb=0,False
AECMBFXDJHHNGEBXIOVY5M3V2PKA,3144,6292,5732,0.012469,0.000000,0.981641,0.958056,0.039167,-0.039167,inf,p_lb=0,False
AEHPITA5Q7OHED7NAZLRHUTOXDQA,3145,4326,4103,0.006951,0.000000,0.980561,0.956015,0.046392,-0.046392,inf,p_lb=0,False
AHQUWJNO5Q6WUGHOV266SGGIDTIQ,3146,7110,6230,0.017013,0.000000,0.981358,0.957036,0.037609,-0.037609,inf,p_lb=0,False
AEAEB25YC6CS7TKQ7EK5GKHJOBAA,3147,4474,3644,0.011876,0.000000,0.981634,0.958107,0.049120,-0.049120,inf,p_lb=0,False
AETN2CVMM7M6VM2TZPWV7ASPULRA,3148,2892,3148,0.013072,0.000000,0.980376,0.956066,0.052961,-0.052961,inf,p_lb=0,False
AGUSJIO3JXYYZMXZ7D6IC7OQCP5Q,3149,3594,4210,0.014056,0.000000,0.981551,0.955044,0.045845,-0.045845,inf,p_lb=0,False
AGVEMZDSO4JB4BLEQGXF276DYASA,3150,2573,2977,0.009988,0.000000,0.980363,0.957087,0.054403,-0.054403,inf,p_lb=0,False
AEJAUXEATYKRII4CIPIRJ7BQTBSA,3151,1687,2752,0.005618,0.000000,0.978573,0.953970,0.056768,-0.056768,inf,p_lb=0,False
AHF575RNOU3ATD7PN73Y6ML7QD4Q,3152,3675,3337,0.012182,0.000000,0.981438,0.959126,0.051275,-0.051275,inf,p_lb=0,False
AE77RHC2LWRCCGDDENZO3HG6LH5Q,3153,4351,5453,0.010598,0.000000,0.982140,0.957087,0.040197,-0.040197,inf,p_lb=0,False
AH5ESWZG6Q5ZEBQTOVP3NMJ5XYWA,3154,5201,5689,0.014339,0.000000,0.980952,0.955964,0.039400,-0.039400,inf,p_lb=0,False
AGXME2AH33KRTXNBZYFTN53CTZIA,3155,2623,3718,0.009143,0.000000,0.980492,0.954021,0.048837,-0.048837,inf,p_lb=0,False
AGPY6LHJBO532DRNAIMK2LGZM7SA,3156,4948,4111,0.015480,0.000000,0.981405,0.953970,0.046446,-0.046446,inf,p_lb=0,False
AEKR5LXGQQGEXVFZYE6B3FVEIJJA,3157,2158,2349,0.010687,0.000000,0.981027,0.958056,0.061183,-0.061183,inf,p_lb=0,False
AFEJ2BL4NFODGY5LNUZO7J65NNMA,3158,4967,4419,0.008902,0.000000,0.981967,0.959075,0.044560,-0.044560,inf,p_lb=0,False
AF4II6OQKIGB4UOP5PTISI32N5XA,3159,2862,3781,0.008706,0.000000,0.980606,0.956066,0.048325,-0.048325,inf,p_lb=0,False
AGL72EW24IMRO4K5EJ6S3QGG365Q,3160,2415,2653,0.004601,0.000000,0.980696,0.956015,0.057694,-0.057694,inf,p_lb=0,False
AHRQVI734AF32IXI37RUF7P56KMQ,3161,7177,6997,0.015691,0.000000,0.982300,0.959126,0.035410,-0.035410,inf,p_lb=0,False
AHGLOADA5HFF7PC5TMVKWHSXTAAA,3162,4117,3507,0.011507,0.000000,0.980952,0.957036,0.050126,-0.050126,inf,p_lb=0,False
AGF3WT5EJRTCRVYOYADQDZ6DNKMA,3163,2982,2610,0.007728,0.000000,0.981644,0.957087,0.058102,-0.058102,inf,p_lb=0,False
AHYH7TLFGKACRF6RHZO4QBIICATQ,3164,3629,3667,0.007353,0.000000,0.981465,0.956066,0.049070,-0.049070,inf,p_lb=0,False
AFGI5DGPZLP4CPYUGFNARKBQ2UTA,3165,2094,1976,0.010870,0.000000,0.980857,0.956066,0.066847,-0.066847,inf,p_lb=0,False
AHMEWSYXEUHS2P3EEHMYAXRGZXXQ,3166,3134,3866,0.011274,0.000000,0.981775,0.956066,0.047791,-0.047791,inf,p_lb=0,False
AH7L74WHVFDSZLRLK3R7IX4U6IPQ,3167,3196,2690,0.011799,0.000000,0.981927,0.958056,0.057173,-0.057173,inf,p_lb=0,False
AH767XBPUFJVSH3CXBUGWG7RWLKQ,3168,3770,5721,0.015499,0.000000,0.981260,0.957036,0.039246,-0.039246,inf,p_lb=0,False
AGHL4KJXMKZQKJUU5YIBPEM33YUQ,3169,17086,20871,0.016364,0.001874,0.980736,0.956066,0.020568,-0.018855,2749548.085513,eps_dominant,False
AFP2H5S2KB4WGAOIEEDTQBUMG5ZQ,3170,3760,3984,0.008811,0.000000,0.982286,0.957087,0.047027,-0.047027,inf,p_lb=0,False
AFYHJ4RVLCJG7YH65BQX6JZXGQRA,3171,3618,3459,0.011074,0.000000,0.981170,0.956066,0.050524,-0.050524,inf,p_lb=0,False
AHNTFF22LTGAUNSLSBEKMULD3UGQ,3172,3185,3155,0.011574,0.000000,0.980975,0.955044,0.052959,-0.052959,inf,p_lb=0,False
AEGFD2YDVUT5DPJLMPJIA5IA7NWA,3173,9537,8727,0.019130,0.000000,0.982748,0.959126,0.031707,-0.031707,inf,p_lb=0,False
AG2APLJTY4VQ2QPC4XSEZLXCXZKA,3174,2556,2464,0.013636,0.000000,0.981341,0.958107,0.059735,-0.059735,inf,p_lb=0,False
AFEC6YQLSK7BNTVCOWWE255V4Q7A,3175,3774,4131,0.011045,0.000000,0.981201,0.954021,0.046331,-0.046331,inf,p_lb=0,False
AFJ6SABJN4EEXL6FRBTZOKPHEUVA,3176,7401,6734,0.013143,0.000000,0.980721,0.954993,0.036251,-0.036251,inf,p_lb=0,False
AFVRRXH7SFVMLOH3E72LOV7MVOEA,3177,4239,3112,0.006519,0.000000,0.981317,0.956066,0.053266,-0.053266,inf,p_lb=0,False
AERPJIRYSKZ6OJ4IEFQGXXQL2UZA,3178,2817,2437,0.010086,0.000000,0.980854,0.955044,0.060257,-0.060257,inf,p_lb=0,False
AFZIFPT5R7CPKTJ7WYZYW2N672PA,3179,2521,2434,0.005882,0.000000,0.978539,0.953970,0.060362,-0.060362,inf,p_lb=0,False
AGEG5UCY42IYI2H4J5X5XNDZPENA,3180,3920,3030,0.009873,0.000000,0.982033,0.959126,0.053810,-0.053810,inf,p_lb=0,False
AGYITYRAKLJ2Y6B36QH5XC3MH7EQ,3181,3888,3156,0.009845,0.000000,0.980972,0.954993,0.052953,-0.052953,inf,p_lb=0,False
AHYAYKJBZNE53SC6362TOSCTH35A,3182,3241,2688,0.010294,0.000000,0.981882,0.958107,0.057192,-0.057192,inf,p_lb=0,False
AGURLNZQXE2V5LK2UUQ4DVPUUE6Q,3183,2760,2863,0.011043,0.000000,0.979868,0.952997,0.055713,-0.055713,inf,p_lb=0,False
AHZGUAU2CB7EFW4YU6H3JHGV4IIQ,3184,14133,13702,0.016615,0.000000,0.981888,0.957087,0.025358,-0.025358,inf,p_lb=0,False
AHARWQINLE3C6ZTBQ5YVJO3OHSIA,3185,2310,2405,0.007962,0.000000,0.980923,0.956066,0.060592,-0.060592,inf,p_lb=0,False
AGNJKAAP3I5HJLLJVIPCAAHIINMQ,3186,3748,4508,0.012511,0.000000,0.982236,0.958107,0.044163,-0.044163,inf,p_lb=0,False
AHIKLYXTQALJIG5VF4M52VBALJQQ,3187,12086,11771,0.013748,0.000000,0.981830,0.957087,0.027359,-0.027359,inf,p_lb=0,False
AGTHCG4NELYQSLQC7AUYHHTNLL7Q,3188,5399,5330,0.014526,0.000000,0.981299,0.958056,0.040617,-0.040617,inf,p_lb=0,False
AH4FH5YNNEBXKGQAXBWD5GZS6SDA,3189,6220,7233,0.018424,0.000000,0.981439,0.956066,0.034939,-0.034939,inf,p_lb=0,False
AEILG76DNJ24BKXXDGEOZYMTM6FQ,3190,2245,2306,0.011765,0.000000,0.980306,0.953970,0.062015,-0.062015,inf,p_lb=0,False
AHHTQUZDCFOPDNKV3T7MW5P22RCQ,3191,2091,2163,0.003396,0.000000,0.980593,0.954993,0.063964,-0.063964,inf,p_lb=0,False
AHL64ZUDNJXWVP3ZAI24IY6LV26A,3192,3684,2503,0.005137,0.000000,0.981109,0.957036,0.059334,-0.059334,inf,p_lb=0,False
AGIACQKEOAZQJAG5NTO54MSCQE2Q,3193,2311,2940,0.011952,0.000000,0.981321,0.958107,0.054686,-0.054686,inf,p_lb=0,False
AFF4JUFLAGINJQPJ3VT374YA3NRQ,3194,3866,2791,0.008242,0.000000,0.980467,0.954993,0.056309,-0.056309,inf,p_lb=0,False
AGKCPEL4BVM2GGWLPE6I7NQRGCVQ,3195,2935,2074,0.009983,0.000000,0.981466,0.958107,0.065109,-0.065109,inf,p_lb=0,False
AF5RQRYTKQECVSWP76KTOB4B2EVQ,3196,5965,6308,0.016118,0.000000,0.981569,0.957087,0.037374,-0.037374,inf,p_lb=0,False
AEUUKCBNLSPNQ2ZY6H7XHVATUDCQ,3197,1900,2141,0.008432,0.000000,0.979559,0.952946,0.064429,-0.064429,inf,p_lb=0,False
AEDT5EC7SLKP3WBVF6YQQWFM4OPQ,3198,3671,3794,0.012472,0.000000,0.981781,0.958056,0.048142,-0.048142,inf,p_lb=0,False
AET77DOZUE7O4A2BW5TN3VQRENGA,3199,3227,2571,0.012841,0.000000,0.981015,0.954021,0.058729,-0.058729,inf,p_lb=0,False
AEIFF4UKBMMHMIA3F5OUJLVN22OA,3200,2383,2224,0.007326,0.000000,0.980170,0.957087,0.062942,-0.062942,inf,p_lb=0,False
AE5NAUQACM24472YWOZQ5B2FOZ2Q,3201,3195,3551,0.010741,0.000000,0.981869,0.957087,0.049812,-0.049812,inf,p_lb=0,False
AHK7S4HWRWXSEHYJB534QN6XQ7QQ,3202,7043,6836,0.013400,0.000000,0.981318,0.956066,0.035940,-0.035940,inf,p_lb=0,False
AFZNDWQKFM23I4GJ4QYLE6WXIMQA,3203,3042,3213,0.007702,0.000000,0.980812,0.957087,0.052367,-0.052367,inf,p_lb=0,False
AHH5FOFTTVL6KPZAWAG626EVAWLQ,3204,3060,3434,0.012702,0.000000,0.981566,0.956066,0.050708,-0.050708,inf,p_lb=0,False
AGILOAAIB2PZQIR6P7LL3OEUNZ6A,3205,2240,1876,0.007477,0.000000,0.979668,0.954993,0.068682,-0.068682,inf,p_lb=0,False
AHRVF5XWCSVGJ2EVNYGSGKATVULA,3206,4523,4416,0.012093,0.000000,0.981121,0.957087,0.044668,-0.044668,inf,p_lb=0,False
AFPFWRMIROG7L7JVP62R34326YOA,3207,2613,2149,0.010909,0.000000,0.981067,0.958005,0.063970,-0.063970,inf,p_lb=0,False
AE3MEONE3CIG3KAFE4NLA2VKDC2Q,3208,3688,3163,0.012531,0.000000,0.981820,0.958056,0.052726,-0.052726,inf,p_lb=0,False
AHPGKGJFZMAVMDP7FWXXCWRXYD7Q,3209,3951,4721,0.015009,0.000000,0.982160,0.958107,0.043155,-0.043155,inf,p_lb=0,False
AGBWV3ZQCJ5OT6OXJCN7WO777UOQ,3210,26650,28833,0.016342,0.004014,0.981047,0.956066,0.017500,-0.013830,599469.067486,eps_dominant,False
AFCLMP3NJA4M2KK7VX4QOA5Q3RDA,3211,7012,7375,0.015263,0.000000,0.981213,0.956066,0.034601,-0.034601,inf,p_lb=0,False
AFFQUYFZ7LGZ22ADJP2Y5WR7UURA,3212,10046,9973,0.018065,0.000000,0.982549,0.959126,0.029660,-0.029660,inf,p_lb=0,False
AFDOIYOQ5JU6UHGI6FFDK64SB7DA,3213,2412,2226,0.005650,0.000000,0.980414,0.956066,0.062981,-0.062981,inf,p_lb=0,False
AEIRJMAT6FJDDDMQMGIC72LYXNRQ,3214,2683,2265,0.011024,0.000000,0.980783,0.954993,0.062507,-0.062507,inf,p_lb=0,False
AFG7GFUNXVOCSGKUG6EOJYYDS56A,3215,1476,2336,0.002778,0.000000,0.979378,0.951972,0.061745,-0.061745,inf,p_lb=0,False
AEUAL3EJKUSTNB4YY6STLYGTJALA,3216,9498,9393,0.017895,0.000000,0.982320,0.960143,0.030530,-0.030530,inf,p_lb=0,False
AHLHFTYY2I2LMRIFZMTTCRRDFSEA,3217,3417,3881,0.010368,0.000000,0.980262,0.956066,0.047698,-0.047698,inf,p_lb=0,False
AGO5A6WJ4WFVLUXDPRR267J26VTA,3218,2784,2236,0.009317,0.000000,0.979630,0.954021,0.062975,-0.062975,inf,p_lb=0,False
AF7RCFT4WYCIWAMBXPWZFINYTFBQ,3219,1630,2905,0.004280,0.000000,0.978947,0.954021,0.055250,-0.055250,inf,p_lb=0,False
AGGBDIRIMCGGYSPNMA5RIGICN6RQ,3220,3225,3184,0.011947,0.000000,0.981923,0.957087,0.052605,-0.052605,inf,p_lb=0,False
AGXMWJK3YL4SV5FJ27JEJZPZHRBA,3221,2764,2204,0.007669,0.000000,0.979642,0.955044,0.063362,-0.063362,inf,p_lb=0,False
AEHOR7WHZBXNWZUN4LP3DFEN5FSQ,3222,4137,5086,0.012066,0.000000,0.981144,0.958056,0.041580,-0.041580,inf,p_lb=0,False
AG7X54DILTLV7MYBLOVZCC33GU2A,3223,2566,2033,0.005814,0.000000,0.978815,0.955044,0.065973,-0.065973,inf,p_lb=0,False
AF2MDP33GBSNYE7QUSYXFWQR3B6Q,3224,2774,2885,0.014514,0.000000,0.981817,0.958107,0.055204,-0.055204,inf,p_lb=0,False
AEEYDDE6RPPR5KIY2U2ZJBC5NS4A,3225,5551,5234,0.011684,0.000000,0.981743,0.957036,0.041031,-0.041031,inf,p_lb=0,False
AGJW5INVGJR3DNGPF3U3JA2AVP4A,3226,2037,2732,0.013532,0.000000,0.981241,0.957036,0.056793,-0.056793,inf,p_lb=0,False
AHG2QI6BFFMYOGYUSVB6L3MRVBPQ,3227,2319,2575,0.010067,0.000000,0.981060,0.956066,0.058558,-0.058558,inf,p_lb=0,False
AGI3SL4FH4BXVEF6RABGSHGJ3QHQ,3228,2917,3126,0.011806,0.000000,0.981453,0.958056,0.053037,-0.053037,inf,p_lb=0,False
AECOPBDL3PHOESNB2RXKPZSXGBOA,3229,27125,27192,0.018182,0.005487,0.982290,0.958107,0.017982,-0.012944,318091.724321,eps_dominant,False
AHT3FWUNV6WCU3WKDWAMAVDEV6ZA,3230,2951,3710,0.011765,0.000000,0.981931,0.956066,0.048785,-0.048785,inf,p_lb=0,False
AGRISXOWIRNNRSJZTUH6C3E3QGSQ,3231,9286,8184,0.012652,0.000000,0.981154,0.956066,0.032847,-0.032847,inf,p_lb=0,False
AHVTV6I7RHR7XDLTTTKO5BJFEFMA,3232,2481,2567,0.007225,0.000000,0.979775,0.954021,0.058775,-0.058775,inf,p_lb=0,False
AHL67BK7CEZ3CEYSKYC5ZMPRZ4SA,3233,2343,2850,0.009602,0.000000,0.980695,0.958056,0.055545,-0.055545,inf,p_lb=0,False
AGZNQYNYTWLN3EOYZWCG6ZP35I6Q,3234,3578,4405,0.011188,0.000000,0.980669,0.955044,0.044819,-0.044819,inf,p_lb=0,False
AEF4ERFVACUREO7O325GCGDHS3AA,3235,2433,2582,0.013774,0.000000,0.981117,0.956066,0.058478,-0.058478,inf,p_lb=0,False
AG4XQCP2HKDBLNIMZBA3CE6LIQPA,3236,3635,3146,0.010000,0.000000,0.980768,0.956066,0.052978,-0.052978,inf,p_lb=0,False
AGS4U4TYF24NZPSIH2HMTKJF7ZHA,3237,2102,2811,0.011842,0.000000,0.981318,0.957036,0.055989,-0.055989,inf,p_lb=0,False
AHVBTWB5RQY6XBD4GK6L7N5NFKUA,3238,6625,5574,0.013557,0.000000,0.982138,0.958107,0.039716,-0.039716,inf,p_lb=0,False
AFP4QYATVNXK6THSST5R3Z2CEPEQ,3239,3015,2439,0.013274,0.000000,0.980754,0.956015,0.060171,-0.060171,inf,p_lb=0,False
AEZIHPOKDE77G27VSJL3WA4EYPKQ,3240,5195,3847,0.011601,0.000000,0.981785,0.959126,0.047756,-0.047756,inf,p_lb=0,False
AFFFO22H5N22MUDHQ5KN3K5EUZAA,3241,2920,2983,0.012547,0.000000,0.981832,0.956066,0.054406,-0.054406,inf,p_lb=0,False
AHCWSSZCQBMGVHJZN4J3K2NBCBBQ,3242,6326,6917,0.012209,0.000000,0.981752,0.957087,0.035690,-0.035690,inf,p_lb=0,False
AGJRXFVZAQM4Z5DYKNOKK5WF6F7Q,3243,10491,10208,0.016439,0.000000,0.981950,0.959075,0.029318,-0.029318,inf,p_lb=0,False
AFTOUY6XYFZNTJGA73BV37T4NMRA,3244,2794,2377,0.015805,0.000000,0.980715,0.954021,0.061079,-0.061079,inf,p_lb=0,False
AH5HSMUMRJRDWBPFDQ6G3EAAOSFQ,3245,4149,4125,0.013072,0.000000,0.982131,0.959126,0.046118,-0.046118,inf,p_lb=0,False
AGW7SXB5FPGXDQKSUWGAGBTIUCKQ,3246,3367,3130,0.013080,0.000000,0.981031,0.952997,0.053284,-0.053284,inf,p_lb=0,False
AH4OMBYMTGMZIWISGMIFF7B4BXYA,3247,3985,3233,0.013495,0.000000,0.981119,0.957036,0.052207,-0.052207,inf,p_lb=0,False
AFXHHAY4XDFKDA4W6DFIRX3V35WQ,3248,3104,3472,0.011677,0.000000,0.980616,0.954021,0.050537,-0.050537,inf,p_lb=0,False
AF3PW2SV2WOIN7LLCUD5QOPHME4A,3249,2578,2953,0.013587,0.000000,0.981763,0.957036,0.054626,-0.054626,inf,p_lb=0,False
AEL4PBKFH7QOW74BY4ZYRZKKRAJA,3250,14243,13095,0.017696,0.000000,0.982054,0.959126,0.025884,-0.025884,inf,p_lb=0,False
AGVYGK2OBBRQKKBBSU3ST4X235BQ,3251,2593,3443,0.008255,0.000000,0.980525,0.955964,0.050647,-0.050647,inf,p_lb=0,False
AHMFFGPZCVEFM4KLP6VQHMMCQE5Q,3252,4036,2885,0.012438,0.000000,0.980851,0.957087,0.055263,-0.055263,inf,p_lb=0,False
AHM7F4GRRASR5R4HCACGTBSWQWMA,3253,5781,5274,0.011266,0.000000,0.980281,0.956066,0.040917,-0.040917,inf,p_lb=0,False
AGB4ADBYUVM7I3J2OQK4Z6NXR6FQ,3254,3496,3885,0.017523,0.000000,0.982272,0.958107,0.047572,-0.047572,inf,p_lb=0,False
AF7V5BRBYBFIXFMZQOKSXR54MJDQ,3255,2580,3331,0.009772,0.000000,0.980453,0.956066,0.051486,-0.051486,inf,p_lb=0,False
AEI6B2JWUTT6THQ5DZLER7AL37RQ,3256,3816,3154,0.010540,0.000000,0.979807,0.953970,0.053027,-0.053027,inf,p_lb=0,False
AFI4CT4JFHOK3NBZOGCHC3CP7J7Q,3257,2522,3270,0.010870,0.000000,0.981268,0.958107,0.051853,-0.051853,inf,p_lb=0,False
AHJ2EQIOGKETX22VMNQA5OFEXGFQ,3258,2186,2607,0.013139,0.000000,0.980703,0.955044,0.058260,-0.058260,inf,p_lb=0,False
AGFCGZLKAE6D7XDIRA57POPSG4BA,3259,3815,3219,0.011173,0.000000,0.981101,0.957087,0.052318,-0.052318,inf,p_lb=0,False
AEYW6QANLCJWTS4I4OQGA6WUWC7Q,3260,2568,2494,0.010072,0.000000,0.980142,0.956066,0.059501,-0.059501,inf,p_lb=0,False
AFWAIE5XLG5HPKZFCCHPSZNVFSGQ,3261,3248,3936,0.013258,0.000000,0.979861,0.955044,0.047414,-0.047414,inf,p_lb=0,False
AEK5RL4BLD5V4UMVB5C5EZWFWXIA,3262,2759,1981,0.010040,0.000000,0.980783,0.956066,0.066762,-0.066762,inf,p_lb=0,False
AHTRYL3DQY5AJG2EO2Y6EPQMNQ7A,3263,3015,2437,0.014851,0.000000,0.981936,0.958107,0.060065,-0.060065,inf,p_lb=0,False
AGQOWYU223QXK2YEHGRQ73OHNETQ,3264,1585,2683,0.010401,0.000000,0.980884,0.957087,0.057306,-0.057306,inf,p_lb=0,False
AGIGXAVHVBQFXBXMOBNJ6HFY36MA,3265,24472,25787,0.013402,0.000366,0.982035,0.958107,0.018465,-0.018129,71334515.822531,eps_dominant,False
AHV6V753M3GUN346PBRISQW3MMDA,3266,3774,3908,0.008114,0.000000,0.980786,0.959126,0.047381,-0.047381,inf,p_lb=0,False
AHGCYIJQ6PPNWPUDGTFCTNOVRB3Q,3267,5007,6414,0.014180,0.000000,0.981178,0.958056,0.037026,-0.037026,inf,p_lb=0,False
AEZVSVUS64KDDACIP3FNFBBE22AQ,3268,2693,2338,0.012658,0.000000,0.980701,0.954021,0.061586,-0.061586,inf,p_lb=0,False
AGJ55KRH6CMRAY6CKMUZPV5RF4GA,3269,1566,1762,0.009150,0.000000,0.980413,0.956066,0.070790,-0.070790,inf,p_lb=0,False
AGOIB5PDEMTQG4DL45T53A62R6FA,3270,5753,5114,0.013647,0.000000,0.981025,0.956066,0.041552,-0.041552,inf,p_lb=0,False
AFF62QYMZF44W6JUGSSSAFG2EJQQ,3271,2874,3162,0.010181,0.000000,0.980081,0.955044,0.052900,-0.052900,inf,p_lb=0,False
AEXWRXHUHQ3SC2PLX2TETAGTVG3A,3272,6874,6275,0.016869,0.000000,0.981665,0.959126,0.037392,-0.037392,inf,p_lb=0,False
AF4WQGVF7WVIVMLLTIX4A6EMMBRQ,3273,4330,4776,0.012085,0.000000,0.980404,0.957087,0.042951,-0.042951,inf,p_lb=0,False
AHCR53CDYDQAS6C5TZXQWB4PWTCQ,3274,55295,52852,0.015685,0.006580,0.981281,0.957036,0.012912,-0.006886,222229.171639,eps_dominant,False
AHG3EKUDYEFZHWGKOO5KDZKNKGUQ,3275,3186,2579,0.012214,0.000000,0.981840,0.957087,0.058450,-0.058450,inf,p_lb=0,False
AG5C7Q2ZIBXFX7I2DCT5YEWCDJCQ,3276,2369,2396,0.012598,0.000000,0.980866,0.956066,0.060706,-0.060706,inf,p_lb=0,False
AEFYJKT2PY4EDAXNW3EYO2PEJZ7Q,3277,3187,3349,0.012300,0.000000,0.980969,0.957036,0.051295,-0.051295,inf,p_lb=0,False
AFK4TBPNSHT4GD6JTTKWZVQGY6GQ,3278,3702,3039,0.014765,0.000000,0.982116,0.958107,0.053788,-0.053788,inf,p_lb=0,False
AECTRGMRKOGAYIV3YXX73CQEQCSQ,3279,7216,7228,0.015234,0.000000,0.982105,0.958107,0.034877,-0.034877,inf,p_lb=0,False
AEW3GXS55W7AHA6G6KV3RTIFV5GA,3280,10183,9432,0.016090,0.000000,0.982086,0.959075,0.030500,-0.030500,inf,p_lb=0,False
AEZFFXESKDJ7V2HSHIUWIJICOUEA,3281,2413,2749,0.008929,0.000000,0.981193,0.958107,0.056554,-0.056554,inf,p_lb=0,False
AGV4DZSNB45EYJUBILFMDI7O6DZA,3282,3319,4238,0.011516,0.000000,0.981753,0.959126,0.045499,-0.045499,inf,p_lb=0,False
AGRCPWKLYGJTMJSPEI7YA4FEVEEA,3283,3673,3362,0.009950,0.000000,0.980373,0.953970,0.051360,-0.051360,inf,p_lb=0,False
AH226IDGXDCUTFVYPYVDC3ZQRBAA,3284,5173,4935,0.010062,0.000000,0.981585,0.959075,0.042166,-0.042166,inf,p_lb=0,False
AGC2RO2UFFY4Y6E477P34M3ILAOQ,3285,2060,2236,0.010033,0.000000,0.978285,0.951972,0.063110,-0.063110,inf,p_lb=0,False
AFBOBB3SZOCXMTKKE23BWHDCJCGQ,3286,3173,1646,0.011710,0.000000,0.980792,0.957087,0.073164,-0.073164,inf,p_lb=0,False
AGBYWW4V2ZDUCJGRQNQWLSCPPOVQ,3287,9491,9003,0.016017,0.000000,0.981640,0.958107,0.031250,-0.031250,inf,p_lb=0,False
AF6R73E4HU27CLJXSTF6BBCEENRA,3288,2963,2653,0.008183,0.000000,0.981350,0.957087,0.057629,-0.057629,inf,p_lb=0,False
AGLULUPQPXUOGFGKTELWMIQK7JYA,3289,2682,2348,0.006250,0.000000,0.980110,0.955044,0.061389,-0.061389,inf,p_lb=0,False
AGE3URJ2ZFIGHT3FPTKYWVPSE4ZQ,3290,3234,2687,0.013387,0.000000,0.980466,0.957036,0.057266,-0.057266,inf,p_lb=0,False
AF6VZKYEJNO5IW6KCGKGZBMDKORA,3291,9543,10123,0.013005,0.000000,0.981536,0.956066,0.029534,-0.029534,inf,p_lb=0,False
AE3LFNXIKCQ2EU7IKXHEEZB4VHYQ,3292,13126,12351,0.016079,0.000000,0.981690,0.957036,0.026710,-0.026710,inf,p_lb=0,False
AFPFSWOQKMB23WJPUFIMHEH46BCA,3293,2739,3055,0.011507,0.000000,0.981419,0.957087,0.053704,-0.053704,inf,p_lb=0,False
AFJWJOZBX465TCG3ZWJRPR6QWBPA,3294,3065,3568,0.013189,0.000000,0.981599,0.958005,0.049646,-0.049646,inf,p_lb=0,False
AHEOTIG232B7ZIEZXKPDWZYMUAKA,3295,2569,2571,0.007508,0.000000,0.981022,0.956066,0.058603,-0.058603,inf,p_lb=0,False
AHOXXKOAGK2TNWKIIN5PTVHYI7JQ,3296,3344,2639,0.010485,0.000000,0.980595,0.956066,0.057843,-0.057843,inf,p_lb=0,False
AH2YFS7V23YAFP7L2JSBZRLIVUAA,3297,2686,3284,0.013575,0.000000,0.981710,0.958056,0.051745,-0.051745,inf,p_lb=0,False
AFG7DY6UWCTJR7B3UATMI2DTUEVA,3298,5115,5630,0.012490,0.000000,0.982048,0.958107,0.039518,-0.039518,inf,p_lb=0,False
AHAR2ITQ3O2FJJDLIORAQ226KZHQ,3299,3518,3668,0.011403,0.000000,0.981852,0.958107,0.048959,-0.048959,inf,p_lb=0,False
AG5XM7RKRNHXZU7NZAVS72AWEKQA,3300,4258,5432,0.012721,0.000000,0.982249,0.960143,0.040146,-0.040146,inf,p_lb=0,False
AHPWDADCHSGEY2FHGGRJX3CQIM4Q,3301,6006,5713,0.013821,0.000000,0.981916,0.959126,0.039188,-0.039188,inf,p_lb=0,False
AFUQ6SZA7L7A5VBZHUMRYR7CZVJA,3302,3737,3811,0.010407,0.000000,0.981237,0.957087,0.048083,-0.048083,inf,p_lb=0,False
AH5O2IEF6BRK5ZYKXPLZBZ2RD62Q,3303,3241,4546,0.015762,0.000000,0.981838,0.957087,0.044025,-0.044025,inf,p_lb=0,False
AGVDYHJ3Y6WRQZHIOUAZLPVU4GFQ,3304,2213,2617,0.005731,0.000000,0.980223,0.956015,0.058089,-0.058089,inf,p_lb=0,False
AEJ4NPKOL2ATUHAR5YR6E64JN5GQ,3305,2860,2522,0.011976,0.000000,0.980259,0.955044,0.059233,-0.059233,inf,p_lb=0,False
AHOHXQZCEU3KDM3TPKZRNCJ3ITVA_2_2,3306,19236,20009,0.015602,0.000803,0.981870,0.958056,0.020963,-0.020226,14865727.805063,eps_dominant,False
AGRLVQDTJKVF4WP3BUF7VPGKK7QQ,3307,6558,6264,0.014773,0.000000,0.980953,0.956066,0.037545,-0.037545,inf,p_lb=0,False
AGYIFIF36UAWEBK4TO7X4MGJNAPA,3308,3588,3295,0.012005,0.000000,0.981137,0.957087,0.051711,-0.051711,inf,p_lb=0,False
AHO7CJSLW22GMWPFB35V3L4OFUYQ,3309,3551,3748,0.014440,0.000000,0.981326,0.957087,0.048485,-0.048485,inf,p_lb=0,False
AFBDU55MQTAQLS4EL3O34AIJC65Q,3310,2376,2635,0.008798,0.000000,0.980718,0.956066,0.057887,-0.057887,inf,p_lb=0,False
AF5A5PMCP3EPIOVGZSAJWNICC6UQ,3311,4410,4274,0.012440,0.000000,0.981742,0.958107,0.045355,-0.045355,inf,p_lb=0,False
AGK3JFLW2HEGNIVEJAYK3NOKLMPA,3312,3009,2457,0.004658,0.000000,0.977139,0.949918,0.060335,-0.060335,inf,p_lb=0,False
AG4BOVVYVCOM6NORNOYUNJGNESGQ,3313,3277,3840,0.013655,0.000000,0.981331,0.957036,0.047904,-0.047904,inf,p_lb=0,False
AEVXQOJ4SDXQ4EFRY5GCSXXFIWXA,3314,5757,5714,0.017885,0.000000,0.982189,0.957087,0.039268,-0.039268,inf,p_lb=0,False
AETXNLY53XQIV7O5BADK6TKM3BRQ,3315,2459,2695,0.006143,0.000000,0.980806,0.956015,0.057242,-0.057242,inf,p_lb=0,False
AFGI4A27USRD2DNCLS4VIJP7GHXQ,3316,2319,2281,0.009772,0.000000,0.980616,0.954993,0.062287,-0.062287,inf,p_lb=0,False
AEBP2Q4O2JGI5KXYM25VW4I6MUCA,3317,2642,2349,0.010937,0.000000,0.981004,0.955044,0.061376,-0.061376,inf,p_lb=0,False
AEC6IZVI2NGFBCIYVD4X5MDGB6DQ_1,3318,4159,3777,0.010091,0.000000,0.981166,0.958107,0.048247,-0.048247,inf,p_lb=0,False
AGQ3ORY46EQE7VBJEDD3SKUL536Q,3319,4036,2574,0.011364,0.000000,0.980979,0.956066,0.058569,-0.058569,inf,p_lb=0,False
AH2IJABKXWIZIO2FYJXNFEXNRR6A,3320,7980,6856,0.011288,0.000000,0.982119,0.958056,0.035813,-0.035813,inf,p_lb=0,False
AFEAZ3JN6U6RGEXBS5RLG3GQKPOQ,3321,6543,6013,0.014269,0.000000,0.981077,0.956015,0.038322,-0.038322,inf,p_lb=0,False
AHOGSYNNITBCMLPBNOTWYUBDJGPQ,3322,3035,2690,0.012658,0.000000,0.981647,0.957087,0.057231,-0.057231,inf,p_lb=0,False
AFTX63FUTUVRYZE3HYJFEELNMFSA,3323,3070,2345,0.011730,0.000000,0.980690,0.955044,0.061428,-0.061428,inf,p_lb=0,False
AGH7TSBL5MHSFRRFXBEIQI6POBZQ,3324,4034,3146,0.008728,0.000000,0.980743,0.954993,0.053037,-0.053037,inf,p_lb=0,False
AFYYHK3HLOWUENSICGSRAAEW7P4A,3325,3224,2235,0.012759,0.000000,0.980531,0.956015,0.062858,-0.062858,inf,p_lb=0,False
AEDPBWYXW4NPHUASAVGCKNHRUJOQ,3326,3177,3189,0.011287,0.000000,0.981329,0.957087,0.052563,-0.052563,inf,p_lb=0,False
AF547SASL33DEMYH3JXTB4VJ5EDQ,3327,8273,7233,0.015666,0.000000,0.982445,0.959126,0.034828,-0.034828,inf,p_lb=0,False
AHMOYBDULQMZKOUODA3BNH7DWKDQ,3328,6483,7186,0.012781,0.000000,0.981034,0.958005,0.034982,-0.034982,inf,p_lb=0,False
AH3KXYPNP5BP2AFQZXLETNUMFJ7Q,3329,3938,5534,0.014841,0.000000,0.981479,0.958107,0.039859,-0.039859,inf,p_lb=0,False
AE4OOUOFUEJB2QEIMULD6BLVBNQQ,3330,2737,3629,0.008140,0.000000,0.981116,0.958107,0.049221,-0.049221,inf,p_lb=0,False
AEQ3ACV6ULD4IUUBEBYAQHMGYBNA,3331,2384,2600,0.011331,0.000000,0.981941,0.958107,0.058151,-0.058151,inf,p_lb=0,False
AG456PPH6KGFGQZYGO2ZDWYGKGAA,3332,1845,2337,0.003135,0.000000,0.979480,0.954993,0.061536,-0.061536,inf,p_lb=0,False
AHKLYD5GR4BP4K65HR6EGXRNP47A,3333,2710,3286,0.009685,0.000000,0.981448,0.959075,0.051674,-0.051674,inf,p_lb=0,False
AHMCRLIDH3MX77AHVUEZQOKZ55CQ,3334,2415,2934,0.008721,0.000000,0.981149,0.956066,0.054858,-0.054858,inf,p_lb=0,False
AGYP5AA7QDNPIPTIVZ3246V2KALA,3335,2253,2582,0.013373,0.000000,0.981300,0.958056,0.058357,-0.058357,inf,p_lb=0,False
AFAWOUAVEQOGIRBDOP5EPV7WAKFA,3336,4308,6135,0.009579,0.000000,0.981583,0.954993,0.037980,-0.037980,inf,p_lb=0,False
AG63W2BMC4HRP76AMS36AYY64AHA,3337,18392,17391,0.016635,0.000761,0.982439,0.960143,0.022437,-0.021735,16401693.709113,eps_dominant,False
AGTM6TECFNENFVXRGNVCFUYVL22A,3338,2595,1946,0.010352,0.000000,0.979972,0.956066,0.067360,-0.067360,inf,p_lb=0,False
AGFHRN7K2FW2A4M67ZBV5VCTBL6A,3339,3638,3602,0.015351,0.000000,0.981844,0.957087,0.049458,-0.049458,inf,p_lb=0,False
AHHJ5NOCY5EROHZASRCKXZBGLUKQ,3340,2617,2737,0.012837,0.000000,0.981358,0.958056,0.056680,-0.056680,inf,p_lb=0,False
AEKJQLMPWARYDWN4BQXBCPML2VWQ,3341,4496,3464,0.010934,0.000000,0.981329,0.955044,0.050542,-0.050542,inf,p_lb=0,False
AH73UQ5CDREGOYN6FTMXVGJUW5KA,3342,3011,3893,0.015823,0.000000,0.982152,0.957087,0.047574,-0.047574,inf,p_lb=0,False
AHUOOO3WCQNZA4MQPWHAOEUEQ4YQ,3343,15612,16882,0.017249,0.001138,0.981680,0.958107,0.022821,-0.021776,7397158.657248,eps_dominant,False
AGSPAJOHXDUYYHNJMRB2CTU7LBAQ,3344,8730,8758,0.013723,0.000000,0.981867,0.957087,0.031718,-0.031718,inf,p_lb=0,False
AFVVHXC46GES3HXVII6FWLQ6X7TA,3345,14070,12470,0.015514,0.000000,0.981874,0.958107,0.026553,-0.026553,inf,p_lb=0,False
AHLASMY7HPI5ACTI3XRP2DDHUOTA,3346,4541,4322,0.013825,0.000000,0.981353,0.957087,0.045151,-0.045151,inf,p_lb=0,False
AH6EUO4QSQBUFNDUGEQEOYO3DBEA,3347,2067,2143,0.009158,0.000000,0.979571,0.954021,0.064327,-0.064327,inf,p_lb=0,False
AH5BEMAKZE5RJ3JSHUYOJ7S2WKBA,3348,1739,2748,0.013495,0.000000,0.980736,0.956066,0.056685,-0.056685,inf,p_lb=0,False
AGTG65FJY3OIZZZ5PU5F37M7I2PA,3349,2241,2612,0.009472,0.000000,0.980735,0.956066,0.058142,-0.058142,inf,p_lb=0,False
AGWBUG2EAT2MCTDE7UPQAT6RRNMA,3350,2035,2518,0.008621,0.000000,0.979489,0.951920,0.059475,-0.059475,inf,p_lb=0,False
AFSVLFSMZWWJ6VDDMHKNS4IDWJHA,3351,4250,3384,0.009989,0.000000,0.981398,0.959126,0.050918,-0.050918,inf,p_lb=0,False
AHKB2DDGDMX3ISA753Q2BBM574KQ,3352,4278,3800,0.016512,0.000000,0.981408,0.958056,0.048104,-0.048104,inf,p_lb=0,False
AFPRW7AHA7P7METQRELKLUIL3O6A,3353,3363,4951,0.013721,0.000000,0.981575,0.958107,0.042141,-0.042141,inf,p_lb=0,False
AEOBEJMII4N2INI7GGALQWH5FTDA,3354,2972,2767,0.008596,0.000000,0.981736,0.957087,0.056429,-0.056429,inf,p_lb=0,False
AEVEXKKEIOEM5OH3XGSVMUR3VGBQ,3355,5662,6735,0.015634,0.000000,0.981535,0.956015,0.036210,-0.036210,inf,p_lb=0,False
AGNGAILNEEBETPBT3Z4RSSJML7VQ,3356,2006,1511,0.006993,0.000000,0.977516,0.950945,0.076855,-0.076855,inf,p_lb=0,False
AHTZ3PYRZPGOTXL7T6I4ZUYY7APA,3357,2207,2623,0.011264,0.000000,0.980537,0.956066,0.058020,-0.058020,inf,p_lb=0,False
AFO2SXNWPO3ZX5SFC226HLM65YRQ,3358,3682,3569,0.017448,0.000000,0.982200,0.959126,0.049581,-0.049581,inf,p_lb=0,False
AEUYAGVPGKPKZU5SG3A66V5VLMRQ,3359,4485,4181,0.016184,0.000000,0.981339,0.958107,0.045857,-0.045857,inf,p_lb=0,False
AG2TTN372SIFA43IEXZRPCN7B5HQ,3360,3554,3194,0.013038,0.000000,0.981667,0.956066,0.052578,-0.052578,inf,p_lb=0,False
AHNHPHEADEG6JOWSHQIC7P6QGYQQ,3361,2361,3050,0.012642,0.000000,0.980841,0.957087,0.053748,-0.053748,inf,p_lb=0,False
AHJATMQAWS7LNWFU7UPKS3DRSX4Q,3362,3079,2905,0.010029,0.000000,0.980207,0.954993,0.055193,-0.055193,inf,p_lb=0,False
AEXABEL7SJQJOJLVQN6TTURYUYVQ,3363,3123,3173,0.016374,0.000000,0.981310,0.958107,0.052640,-0.052640,inf,p_lb=0,False
AFGHGOPDUDFGC2Y6VQ7IFPONKYYQ,3364,4355,5018,0.015044,0.000000,0.981740,0.959126,0.041814,-0.041814,inf,p_lb=0,False
AGHUPJ6MXDNOQUXKVRGDA3LFQM7A,3365,21262,19400,0.017153,0.002123,0.981573,0.957087,0.021311,-0.019366,2133240.975811,eps_dominant,False
AHQBZUEAUUPWR3ULUNAMLB2JDKRA,3366,4152,4246,0.012522,0.000000,0.981687,0.959126,0.045456,-0.045456,inf,p_lb=0,False
AG3HTYXKJA3O5SEBHW4BZZ2NQDNQ,3367,5015,5003,0.012639,0.000000,0.981739,0.957087,0.041966,-0.041966,inf,p_lb=0,False
AGVQEU3XINYKGW2P3KVB5D6SZJWQ,3368,2776,3666,0.008621,0.000000,0.980777,0.957087,0.049025,-0.049025,inf,p_lb=0,False
AFXRJRPJH2ASWIVLPOTZS3CCX6DQ,3369,2635,2372,0.013582,0.000000,0.981313,0.957087,0.060947,-0.060947,inf,p_lb=0,False
AGFPFCL7E6DQS2BSLZK7Z6KP3LGA,3370,1936,2341,0.013587,0.000000,0.980380,0.952997,0.061613,-0.061613,inf,p_lb=0,False
AF2B32XMOHK76UH3LEXDY7TH66IQ,3371,5421,5320,0.016937,0.000000,0.982453,0.960143,0.040567,-0.040567,inf,p_lb=0,False
AEHGPXYD47LUNHVXIN3QKXAIRVMQ,3372,3570,3119,0.009744,0.000000,0.980762,0.955044,0.053264,-0.053264,inf,p_lb=0,False
AGH4GUP66FUWHCHHVG4QP3RW3B5Q,3373,2435,2435,0.009063,0.000000,0.980496,0.955044,0.060282,-0.060282,inf,p_lb=0,False
AGQWB5SVFC2T66LVVZW3LKCHGO2A,3374,5272,4737,0.014085,0.000000,0.981315,0.959075,0.043038,-0.043038,inf,p_lb=0,False
AEW5WKS7J5FAU5HYG6N7VXLTGWXQ,3375,1984,2621,0.008021,0.000000,0.980728,0.955044,0.058104,-0.058104,inf,p_lb=0,False
AHMMSGQM5DXTYMKO22PU3ZMUPE7A,3376,3084,2108,0.007353,0.000000,0.980736,0.957087,0.064651,-0.064651,inf,p_lb=0,False
AEHS46H4OJSGKSTCUR574WZST3WA,3377,2800,2389,0.009132,0.000000,0.980681,0.957087,0.060730,-0.060730,inf,p_lb=0,False
AGBCUH6OF5SMVV6ED5G66Q4QWI4Q,3378,3619,4060,0.017932,0.000000,0.982335,0.959126,0.046486,-0.046486,inf,p_lb=0,False
AG3KFKJCPSYRVYN5PN5NEQJS4V3A,3379,4538,4244,0.011044,0.000000,0.981249,0.957087,0.045564,-0.045564,inf,p_lb=0,False
AE6SPZALZWZRHJVUFJD2YZWQ6LXA,3380,3135,3056,0.013645,0.000000,0.980601,0.955044,0.053810,-0.053810,inf,p_lb=0,False
AHATA6X6MYTC3VNBFJ3WIYVK257A,3381,7302,7423,0.014123,0.000000,0.981495,0.958107,0.034416,-0.034416,inf,p_lb=0,False
AHY63DRHTWWJHOFMQKG2PEUYZ2LQ,3382,2668,2602,0.011551,0.000000,0.980806,0.956066,0.058253,-0.058253,inf,p_lb=0,False
AHHMAAVNPDO67K5ASIXFCKLKUQSQ,3383,2975,2964,0.008054,0.000000,0.981448,0.958107,0.054464,-0.054464,inf,p_lb=0,False
AFF6DS6NOWRIF2AROFASUVVOPYLA,3384,8956,9083,0.013010,0.000000,0.982345,0.959075,0.031081,-0.031081,inf,p_lb=0,False
AGCW2JGKPSQNHBVZ4EOLOKHUOV3A,3385,2560,2153,0.009311,0.000000,0.979941,0.955044,0.064109,-0.064109,inf,p_lb=0,False
AEIID43Y5VNCZCTG5VPY64SUTMUA,3386,3074,3659,0.009091,0.000000,0.981621,0.958107,0.049019,-0.049019,inf,p_lb=0,False
AFW6IVJM7XDAUKLUAPUATO5REKPA,3387,3620,3508,0.011603,0.000000,0.980566,0.957087,0.050116,-0.050116,inf,p_lb=0,False
AHF2R43HMV6S2J42LN6NLQTRBLJA,3388,12089,10974,0.016770,0.000000,0.982536,0.958107,0.028305,-0.028305,inf,p_lb=0,False
AGUZXENJYN23GI4PEDZDI3QZEMSA,3389,2607,2744,0.007800,0.000000,0.980189,0.954993,0.056790,-0.056790,inf,p_lb=0,False
AH4EDJHZW7YAGYZDZFZ5REDHE3XA,3390,10009,10697,0.010958,0.000000,0.981252,0.956015,0.028732,-0.028732,inf,p_lb=0,False
AHQ6BQIVU3QKS364JCPPPYSNU22A,3391,2389,2210,0.013356,0.000000,0.980812,0.957036,0.063145,-0.063145,inf,p_lb=0,False
AF2BLE54TEMGZ546U763ZHZRXC4A,3392,12086,14785,0.016638,0.000000,0.981465,0.957036,0.024413,-0.024413,inf,p_lb=0,False
AE2D3KGDRDJH7G4HXN3GTND5IPLQ,3393,5153,6702,0.015025,0.000000,0.981345,0.957036,0.036260,-0.036260,inf,p_lb=0,False
AG2YJWMXWKLFZGVDPSXO4LHCA3PA,3394,17410,18417,0.018139,0.002714,0.982138,0.959126,0.021826,-0.019330,1294904.409864,eps_dominant,False
AH2OZFAVVLVSJS5CU7K7CURJSYOA,3395,2471,2966,0.012270,0.000000,0.981264,0.955044,0.054620,-0.054620,inf,p_lb=0,False
AFBLQXZ33YGRLYPOHARWDQAWSTSA,3396,2635,2122,0.007092,0.000000,0.979908,0.955044,0.064575,-0.064575,inf,p_lb=0,False
AH5BPN6MZXBEZCOH2UGKU2ZNDLDA,3397,3509,2609,0.014903,0.000000,0.981529,0.957087,0.058113,-0.058113,inf,p_lb=0,False
AE4TTQEAURIY2SPMNXY5DQV4GLBQ,3398,2479,3003,0.009589,0.000000,0.981944,0.957087,0.054167,-0.054167,inf,p_lb=0,False
AH6TANNCBRUNECUZORQGW2GZLQ4Q,3399,8179,7402,0.015010,0.000000,0.981081,0.956015,0.034540,-0.034540,inf,p_lb=0,False
AGN5KJZU3FYSKVWXWM66LXYWL5CQ,3400,20821,21980,0.016862,0.002743,0.981152,0.956066,0.020043,-0.017536,1284098.063281,eps_dominant,False
AGSGNSTI2FQVP2FA472PPANKG4DQ,3401,2111,2150,0.013133,0.000000,0.980964,0.957036,0.064020,-0.064020,inf,p_lb=0,False
AFC4QRDNQDNCTDE7DA53APS6IUAA,3402,2988,3084,0.010336,0.000000,0.981620,0.957036,0.053453,-0.053453,inf,p_lb=0,False
AFIOSFDSBQUVK4OMOFVNFVKMOC7A,3403,2268,2032,0.011811,0.000000,0.980402,0.954021,0.066060,-0.066060,inf,p_lb=0,False
AF7KGUAKKGFQFTGJUCYUC5IKM3XA,3404,2411,1931,0.009980,0.000000,0.979416,0.952946,0.067843,-0.067843,inf,p_lb=0,False
AFCFX34G3LQLDXEEBCPWSX5RRYYA,3405,1968,2219,0.013678,0.000000,0.981871,0.958107,0.062946,-0.062946,inf,p_lb=0,False
AGSRIOVFCVZYN6LG2C7I374OWKEQ,3406,5423,6028,0.015457,0.000000,0.981146,0.958056,0.038193,-0.038193,inf,p_lb=0,False
AHEMJ62SUJPUYNWGROPI6MUAYQ5A,3407,4803,4420,0.014358,0.000000,0.981406,0.959126,0.044553,-0.044553,inf,p_lb=0,False
AFFHIWPXXKSMZKQYTTMPTHMJ6DUA,3408,3087,3492,0.014458,0.000000,0.982199,0.958107,0.050178,-0.050178,inf,p_lb=0,False
AGPGXSO3TUT5DZEMWXKMOJRGT3UQ,3409,6702,7516,0.013506,0.000000,0.981673,0.958056,0.034204,-0.034204,inf,p_lb=0,False
AFFAHDCNLJ7E3HVOXDMB4HUMM7HA,3410,8196,7996,0.015005,0.000000,0.981145,0.957087,0.033195,-0.033195,inf,p_lb=0,False
AF5G4UJW7YODZLKQ3UBOCGXEEDJA,3411,5110,4946,0.015693,0.000000,0.981832,0.958107,0.042162,-0.042162,inf,p_lb=0,False
AGM4CTJZTX4ODUQDZKC5NP6D7U3A,3412,6216,6512,0.014943,0.000000,0.981035,0.957087,0.036783,-0.036783,inf,p_lb=0,False
AGK5FELCLLLNYLINWVAPXS4P2MHQ,3413,2714,3090,0.013699,0.000000,0.982212,0.959126,0.053285,-0.053285,inf,p_lb=0,False
AF46LCXEZRBDTD6CBAZNXSYV7JKA,3414,4068,3466,0.011038,0.000000,0.980883,0.958107,0.050365,-0.050365,inf,p_lb=0,False
AHMSYVI5H2GXDIKMFYR4Q2KRZUDQ,3415,8633,8910,0.014748,0.000000,0.981586,0.958107,0.031413,-0.031413,inf,p_lb=0,False
AHRKLNYIXJER22NUIN2R37FP2Z7Q,3416,4067,3918,0.011506,0.000000,0.981290,0.956066,0.047472,-0.047472,inf,p_lb=0,False
AFOQ7PCDGLQB45W67ZVPGBUBD7ZA,3417,2741,2957,0.014175,0.000000,0.981426,0.956066,0.054645,-0.054645,inf,p_lb=0,False
AHI6NGJKRK3ZZPQ6IIDLMT2MFT5A,3418,5137,4745,0.013589,0.000000,0.982131,0.958107,0.043046,-0.043046,inf,p_lb=0,False
AHNN7FW7ZAZASAEMMS6RJ4NAGVFA,3419,3878,2470,0.008418,0.000000,0.981656,0.957087,0.059726,-0.059726,inf,p_lb=0,False
AEWA73ZOFSME3SMC6WKEDTKMDGHQ,3420,1655,1638,0.010288,0.000000,0.979268,0.952946,0.073661,-0.073661,inf,p_lb=0,False
AETKA752YU5A2RYBJ4GIAKSCGOZQ,3421,2856,3340,0.008444,0.000000,0.979885,0.954993,0.051474,-0.051474,inf,p_lb=0,False
AG7I652IF32AVKKXGITD3RCCT4FA,3422,2693,3503,0.012706,0.000000,0.981761,0.958056,0.050101,-0.050101,inf,p_lb=0,False
AGOA64RRMXMGKXQHXBPDPA44K6PQ,3423,3461,3473,0.008264,0.000000,0.981674,0.958107,0.050315,-0.050315,inf,p_lb=0,False
AHMTSDM7S76CXUULLBES6YYVYTDQ,3424,8449,8612,0.017653,0.000000,0.982636,0.959075,0.031920,-0.031920,inf,p_lb=0,False
AFQDKSGTHRRSVFHQXGLW54EECG3Q,3425,2582,2443,0.009662,0.000000,0.980109,0.954021,0.060248,-0.060248,inf,p_lb=0,False
AFL7UIJ6DCL3LV2K6H2FTBVGDLDQ,3426,6234,7685,0.013874,0.000000,0.982215,0.959126,0.033788,-0.033788,inf,p_lb=0,False
AG5LC5HSFYGJSK3AQGHEFHKX6ZWQ,3427,74832,75366,0.017677,0.010051,0.982447,0.960143,0.010778,-0.001512,93998.139647,eps_dominant,False
AHHHJ7RIH3UDF4S3N4XUGV65ANSA,3428,3604,4335,0.012915,0.000000,0.981362,0.957087,0.045083,-0.045083,inf,p_lb=0,False
AGKSE7R54LFVQ4E3VXSTOX2H7B2A,3429,13763,12388,0.013406,0.000000,0.981899,0.958056,0.026642,-0.026642,inf,p_lb=0,False
AHFKVOFR4GL5OD5WQOWZ7WKZLJ5Q,3430,2161,3421,0.006305,0.000000,0.981057,0.957087,0.050750,-0.050750,inf,p_lb=0,False
AF3PEYDVYBSOSCDYP6LIPFZLLX2Q,3431,3270,2732,0.013106,0.000000,0.981087,0.955044,0.056911,-0.056911,inf,p_lb=0,False
AH4WEBZJR7MVVWIQFUYNPKKGRCWA,3432,3959,4025,0.011527,0.000000,0.981734,0.954993,0.046890,-0.046890,inf,p_lb=0,False
AG5FGCIM6PBJX3JNDRKQMITZTIMA,3433,7632,6942,0.015228,0.000000,0.981881,0.958107,0.035588,-0.035588,inf,p_lb=0,False
AE75XLGPCAOWCQB4QUAFJW3KZC7A,3434,3759,3311,0.010363,0.000000,0.980857,0.958056,0.051534,-0.051534,inf,p_lb=0,False
AGOUDHOTOEHTBZKBSZJOBRSFBD3A,3435,4144,4346,0.008795,0.000000,0.980994,0.956066,0.045074,-0.045074,inf,p_lb=0,False
AFDR6DYNOICACU76IFDVH5KPNJQA,3436,8490,8367,0.012882,0.000000,0.981455,0.957087,0.032451,-0.032451,inf,p_lb=0,False
AGIEN4NCW26MHD2EP3FPCESQPR5A,3437,3939,4263,0.011905,0.000000,0.981211,0.954993,0.045562,-0.045562,inf,p_lb=0,False
AFSF7Z5BISXKOBEXL56VUKOIFOIA,3438,4029,4370,0.013502,0.000000,0.981736,0.958056,0.044857,-0.044857,inf,p_lb=0,False
AHJCSM7OYYT5AC3YPOKL3VNKNMNA,3439,3716,3274,0.013115,0.000000,0.981388,0.956066,0.051932,-0.051932,inf,p_lb=0,False
AGSW2VSRS3CCXUDHTZRK4OKV4LCQ,3440,3148,3150,0.012723,0.000000,0.980676,0.954993,0.053004,-0.053004,inf,p_lb=0,False
AF4XJ2HKW3BUYIALQQL57SEVM2UQ,3441,2196,2187,0.010370,0.000000,0.980651,0.956066,0.063540,-0.063540,inf,p_lb=0,False
AGYNBKMGX6FOEQ7BVPCGZTEGAOFA,3442,6482,8453,0.017098,0.000000,0.982136,0.959126,0.032217,-0.032217,inf,p_lb=0,False
AGTI6WMI5QBD7246VKXGNA2B7WBA,3443,2658,2603,0.015131,0.000000,0.981469,0.954993,0.058307,-0.058307,inf,p_lb=0,False
AFBLBHZPHEI3LN5WKJGOUACDPJXQ,3444,3126,3892,0.008537,0.000000,0.981125,0.958056,0.047532,-0.047532,inf,p_lb=0,False
AEY5BQPRKCUUNW4KWKSNAWVOAIIQ,3445,3114,3903,0.010045,0.000000,0.981304,0.958107,0.047462,-0.047462,inf,p_lb=0,False
AGIDY3FWTUROJLSBWP45RKRQGQDA,3446,2852,2783,0.012694,0.000000,0.981105,0.959075,0.056150,-0.056150,inf,p_lb=0,False
AGMNDXKFAM4SI46VYU6WDS2EUD5Q,3447,1928,2545,0.010057,0.000000,0.981542,0.959126,0.058714,-0.058714,inf,p_lb=0,False
AEJ7QQUJCU72CVRVJOF3H4TWDKCQ,3448,3076,2628,0.004386,0.000000,0.980315,0.955044,0.058026,-0.058026,inf,p_lb=0,False
AHN53SUJ33S2PFQA2NFOAB2J46OA,3449,3814,4153,0.015244,0.000000,0.981597,0.958056,0.046014,-0.046014,inf,p_lb=0,False
AE4CRFV46QHI3DKTUAILVQTPLEIQ,3450,2446,1811,0.007984,0.000000,0.980696,0.957036,0.069755,-0.069755,inf,p_lb=0,False
AFRHCRFFRBM3RVBVDMFDB7SVPTHQ,3451,48192,47369,0.019595,0.009976,0.982528,0.960092,0.013596,-0.004400,95438.030544,eps_dominant,False
AFP4VV7FHGMDUUZRR6UXBRKLQQRA,3452,2221,3024,0.006969,0.000000,0.980579,0.954021,0.054152,-0.054152,inf,p_lb=0,False
AGNN4VNS5K4D4YL5UD4X3POSDMOA,3453,2946,2669,0.009669,0.000000,0.980949,0.958107,0.057395,-0.057395,inf,p_lb=0,False
AHOVOKCNGKMCAEBVWTWOGCPY2XLQ,3454,3764,5040,0.014989,0.000000,0.981969,0.956066,0.041856,-0.041856,inf,p_lb=0,False
AFOUH4HQ3WKELXFSOZL2X7VIKZEA,3455,15221,14152,0.017213,0.000000,0.981883,0.958056,0.024927,-0.024927,inf,p_lb=0,False
AFRDKTRM3R5K6PM7HXYADVJSU6SQ,3456,2347,2683,0.014139,0.000000,0.980775,0.956066,0.057367,-0.057367,inf,p_lb=0,False
AHWONVIIJ6KH2AO2G4RCTXKP3TFQ,3457,6489,6616,0.011675,0.000000,0.982109,0.958107,0.036454,-0.036454,inf,p_lb=0,False
AGPG7HGPSPPUFHBJ5FY4BTX3NGAA,3458,2237,1965,0.006148,0.000000,0.978161,0.951920,0.067325,-0.067325,inf,p_lb=0,False
AHX2B4DEER2QR3IU3CCNB3CWC6TA,3459,7438,9935,0.014396,0.000000,0.981549,0.956066,0.029812,-0.029812,inf,p_lb=0,False
AHRQMW37TRCLFNW5QLQ4FZHPBZJQ,3460,10374,8565,0.013333,0.000000,0.981592,0.958056,0.032041,-0.032041,inf,p_lb=0,False
AHDJTOPSX7M6KTZ2HQNCDDVAD43A,3461,4062,2857,0.013055,0.000000,0.981471,0.959126,0.055415,-0.055415,inf,p_lb=0,False
AF4MOVQNF3RJNHPA5KU3OWOOZIFA,3462,4226,4254,0.014127,0.000000,0.981828,0.957087,0.045510,-0.045510,inf,p_lb=0,False
AHIQC6XUZUUFYILUUUWSG6WYVYGA,3463,3122,2934,0.015404,0.000000,0.982286,0.959075,0.054686,-0.054686,inf,p_lb=0,False
AGUSITPDSZNUNRZWBJZNIX3CK77Q,3464,3856,3165,0.015172,0.000000,0.981898,0.958107,0.052706,-0.052706,inf,p_lb=0,False
AFNS5D7Q66EQPPLNEZHXBOUREOTQ,3465,2604,2079,0.010239,0.000000,0.980583,0.956015,0.065173,-0.065173,inf,p_lb=0,False
AEKNPKUKD3NK3ANSAE2HPT2LIW3Q,3466,2877,2621,0.009449,0.000000,0.980284,0.954021,0.058166,-0.058166,inf,p_lb=0,False
AEF3D6PGXOSS2P6KUDKVWHVUDSAA,3467,3071,3243,0.012987,0.000000,0.981961,0.960143,0.051958,-0.051958,inf,p_lb=0,False
AE4SBEJSCJAWM7CRKJDBQF3O7RGA,3468,12393,12033,0.016798,0.000000,0.982138,0.957036,0.027061,-0.027061,inf,p_lb=0,False
AEX6F3NHCLMPXTPAS2CVOUQMOEUA,3469,8158,8464,0.016055,0.000000,0.982024,0.958107,0.032230,-0.032230,inf,p_lb=0,False
AHTUMCM7WLMQFR4ZZQY6V3DOYTGQ,3470,3062,3622,0.014862,0.000000,0.981825,0.959126,0.049217,-0.049217,inf,p_lb=0,False
AF4IFF3OA55YOWXILYETWH57F7UQ,3471,12976,13755,0.017456,0.000000,0.982048,0.959126,0.025255,-0.025255,inf,p_lb=0,False
AFIMONJ5LR4L5EUEJQVO4ISN43SA,3472,3242,4032,0.012195,0.000000,0.981081,0.958107,0.046697,-0.046697,inf,p_lb=0,False
AEW6LYMS7YOBKV3SAOVF7RZZMBOA,3473,4913,5685,0.015007,0.000000,0.981424,0.957036,0.039370,-0.039370,inf,p_lb=0,False
AH43LZPH7256CHBSEDLZL4D3XWSA,3474,3391,2419,0.006494,0.000000,0.981282,0.959075,0.060227,-0.060227,inf,p_lb=0,False
AFKFAIJ6F253YS4ZYM5EEA6FG66Q,3475,3833,3852,0.010742,0.000000,0.981561,0.957036,0.047829,-0.047829,inf,p_lb=0,False
AHSMLO2XZ7UYPFGD5PLPRZVKSUIA,3476,2490,2290,0.009631,0.000000,0.979867,0.955044,0.062161,-0.062161,inf,p_lb=0,False
AEMF7JLOJ45VE3WDYLRTZO6ZPDUQ,3477,4449,3463,0.011931,0.000000,0.980826,0.957036,0.050444,-0.050444,inf,p_lb=0,False
AGCTK2Z2ND3YCNM4ZCOI6CSEYSIQ,3478,4965,3933,0.013048,0.000000,0.982331,0.959075,0.047233,-0.047233,inf,p_lb=0,False
AHSFFVE5G65JPMAA3PYUO2RWUA6Q,3479,1976,3133,0.003774,0.000000,0.981026,0.956015,0.053090,-0.053090,inf,p_lb=0,False
AEGCZJGVCDX7GD3ZDWYV7UOGJHZQ,3480,10258,9703,0.013252,0.000000,0.981981,0.958107,0.030102,-0.030102,inf,p_lb=0,False
AGYO7XP7YGN5MVWQT2B254GWJD2Q,3481,2517,2946,0.007937,0.000000,0.981768,0.957087,0.054688,-0.054688,inf,p_lb=0,False
AEIMKGOOPJCFS55HP4VNWY4N3SVQ,3482,4692,5467,0.008668,0.000000,0.981703,0.959075,0.040062,-0.040062,inf,p_lb=0,False
AEOVVAOWROFTZAWM7DP4J3ORLSQA,3483,2381,2680,0.009901,0.000000,0.980660,0.951869,0.057652,-0.057652,inf,p_lb=0,False
AHNDLHG5E446HK5F4VRF6R44XYSA,3484,5032,4649,0.006536,0.000000,0.981210,0.956015,0.043583,-0.043583,inf,p_lb=0,False
AFJUNF4A25PMTEFDQIHCEN2ADIXA,3485,2372,2461,0.011725,0.000000,0.980654,0.955044,0.059963,-0.059963,inf,p_lb=0,False
AEP4QCX5BLOJBRHIMJCQTVIBJ4RQ,3486,7034,7089,0.014689,0.000000,0.981498,0.959126,0.035180,-0.035180,inf,p_lb=0,False
AG3JQ6U7SJNCLQ2ID3BXHDJS24YQ,3487,3038,2813,0.011889,0.000000,0.981999,0.958107,0.055907,-0.055907,inf,p_lb=0,False
AGPM5O2RFTK3SWT5WTNXPVF62WJQ,3488,4319,4283,0.007964,0.000000,0.981405,0.957036,0.045359,-0.045359,inf,p_lb=0,False
AGR23GQ772XEO5XCZ3UDPGUIVYOA,3489,3847,3518,0.008245,0.000000,0.981107,0.958107,0.049992,-0.049992,inf,p_lb=0,False
AE4E2RFS6VC4SQX6J55BNT7NM45A,3490,4543,5150,0.015515,0.000000,0.981175,0.957036,0.041365,-0.041365,inf,p_lb=0,False
AHY2QS4G77WG5LI3VZ5QX4D3XMLQ,3491,2661,2630,0.009009,0.000000,0.981121,0.955044,0.058004,-0.058004,inf,p_lb=0,False
AEVJRHZZOSWCWC4IVTH2QPPG775A,3492,4597,4725,0.014120,0.000000,0.982202,0.958107,0.043137,-0.043137,inf,p_lb=0,False
AEIIRIHLIYKQGI7ZOCIJTRDF5NPQ_2_2_1,3493,11547,10659,0.015121,0.000000,0.982281,0.959075,0.028691,-0.028691,inf,p_lb=0,False
AFJUT5BEWATK37VVRUDVOQOWLKPQ,3494,3388,4051,0.016860,0.000000,0.981788,0.959075,0.046540,-0.046540,inf,p_lb=0,False
AGLX23K3YYZ4NMO3V4CRUO7DSTQQ,3495,9047,8741,0.011971,0.000000,0.982265,0.960143,0.031648,-0.031648,inf,p_lb=0,False
AH7SYWBR37OYUGQZXCIBUEHGISSA,3496,2302,2499,0.008571,0.000000,0.981178,0.957036,0.059381,-0.059381,inf,p_lb=0,False
AEIXEEET2JH7UHPPX4WEFRYYX7IA,3497,8829,8117,0.015748,0.000000,0.981937,0.956066,0.032982,-0.032982,inf,p_lb=0,False
AHGVHBZZ3SJIXLAZYKE3BUXRBW6Q,3498,7004,6467,0.012099,0.000000,0.981494,0.958056,0.036874,-0.036874,inf,p_lb=0,False
AFRPWBSVEF2BQMQTKA33SMTXJI6Q,3499,3625,4075,0.012097,0.000000,0.981199,0.954021,0.046649,-0.046649,inf,p_lb=0,False
AHQXAWB3MSHU3AWTNMTW3IJRUJCA,3500,7122,6046,0.015674,0.000000,0.981913,0.959075,0.038096,-0.038096,inf,p_lb=0,False
AFPT7MUXVAM4NE4IKGKSXS6G3AOQ,3501,3308,2410,0.015050,0.000000,0.981504,0.957087,0.060465,-0.060465,inf,p_lb=0,False
AHOG65RHFEAC7IIYORF4NVA2ELRQ,3502,2057,1830,0.013986,0.000000,0.980746,0.956066,0.069462,-0.069462,inf,p_lb=0,False
AES7PNXX6XJGBHPCE36TL35PGQ2Q,3503,1771,2402,0.007886,0.000000,0.980659,0.955044,0.060695,-0.060695,inf,p_lb=0,False
AGFEBWDIGOPA2I5RFLYVRSTBXG7Q,3504,7819,7117,0.013427,0.000000,0.982668,0.958107,0.035148,-0.035148,inf,p_lb=0,False
AFAKTJSLYPNT723YXA7UODJDEMFQ,3505,2277,2051,0.008757,0.000000,0.981583,0.957087,0.065543,-0.065543,inf,p_lb=0,False
AHARWDOEUNRTMI542YMXT7AVCEHA,3506,3302,3533,0.012182,0.000000,0.982142,0.958107,0.049886,-0.049886,inf,p_lb=0,False
AFKKNZ23TDLTOKKSP43L6UPZIEDQ,3507,5653,3703,0.010989,0.000000,0.981964,0.957087,0.048779,-0.048779,inf,p_lb=0,False
AHZRHNKVY4DBGRSOIBHU2ZMTIFYQ,3508,3856,3198,0.012516,0.000000,0.981571,0.957087,0.052489,-0.052489,inf,p_lb=0,False
AELHYMCYVS6T35HA3UH5UGFWTK6Q,3509,15239,15852,0.017661,0.001034,0.981948,0.957087,0.023576,-0.022628,8991069.476340,eps_dominant,False
AH2SMIKK7I7T5U4AVBUQBIWP5V3Q,3510,12649,12083,0.015005,0.000000,0.981141,0.955044,0.027061,-0.027061,inf,p_lb=0,False
AFKCZLML2XDKU534TBIHQXDAJWZQ,3511,4520,3686,0.015891,0.000000,0.981658,0.957087,0.048891,-0.048891,inf,p_lb=0,False
AE5CXHJTPWY4NF2IIH2N5HQBYBJA,3512,3542,2635,0.012140,0.000000,0.981095,0.958056,0.057767,-0.057767,inf,p_lb=0,False
AGKPBR7KJ5LDE42K7QB3UX3SIGFQ,3513,4767,3831,0.014269,0.000000,0.981137,0.956066,0.048008,-0.048008,inf,p_lb=0,False
AFIWIDNKGCGYVNUZFYYRIPFIWA2Q,3514,3098,2700,0.007194,0.000000,0.979935,0.954993,0.057250,-0.057250,inf,p_lb=0,False
AHM4OPQPH2VEAULTUPXDDXCTULIA,3515,6486,7274,0.016024,0.000000,0.981723,0.957036,0.034805,-0.034805,inf,p_lb=0,False
AHUQ3WRTMZBW6VD6URAQHTQQZIHA,3516,2715,2770,0.008681,0.000000,0.979419,0.955044,0.056519,-0.056519,inf,p_lb=0,False
AF3GBDAA4XLVPJYDWRQ5BIG7JSTA,3517,2742,1892,0.008048,0.000000,0.981153,0.956066,0.068314,-0.068314,inf,p_lb=0,False
AHU6H4OZYENZIG7OGXLW6LPFPIVQ,3518,3345,4035,0.009698,0.000000,0.981395,0.958056,0.046682,-0.046682,inf,p_lb=0,False
AGCYN5IKEDNDPRNNLVXPOZPLWN3A,3519,3939,3692,0.012646,0.000000,0.981776,0.955044,0.048956,-0.048956,inf,p_lb=0,False
AEFKVSX3H7JBJ3AMZXSSRTL5ZKUA,3520,8615,8627,0.016317,0.000000,0.982337,0.958107,0.031924,-0.031924,inf,p_lb=0,False
AF2LHYGBVJDHWNWA2HTDOOISZEYQ,3521,3446,2990,0.010811,0.000000,0.981396,0.957036,0.054287,-0.054287,inf,p_lb=0,False
AHM3J77TM53S5IMGFXFHC53BJ7QQ,3522,3424,4086,0.012683,0.000000,0.981760,0.959075,0.046340,-0.046340,inf,p_lb=0,False
AHSQ5K552SD4NH32WTSPO4O4PPUA,3523,11738,11263,0.016223,0.000000,0.981858,0.958107,0.027940,-0.027940,inf,p_lb=0,False
AELCHJO64W7III5PDR7RURIJV5CA,3524,7335,8471,0.012505,0.000000,0.981082,0.956015,0.032287,-0.032287,inf,p_lb=0,False
AGI2TAFRZNJHLDIPMIHA5DUYJFPQ,3525,4636,5333,0.012126,0.000000,0.981114,0.955044,0.040734,-0.040734,inf,p_lb=0,False
AHIHAORYK52MNKEKMVQ7HI4AVONQ,3526,5292,5757,0.015556,0.000000,0.981625,0.959075,0.039040,-0.039040,inf,p_lb=0,False
AESO27BUQYLOIWXWMISPD6XY2A4A,3527,9973,10761,0.016797,0.000000,0.982053,0.957087,0.028614,-0.028614,inf,p_lb=0,False
AFNUK4ZREIOXG2KKXC7QXB66YQUA,3528,2254,2000,0.009058,0.000000,0.980546,0.955044,0.066515,-0.066515,inf,p_lb=0,False
AE26QWXI2OZ4KCJPKNB6YZTNBR5Q,3529,7928,6695,0.013229,0.000000,0.981433,0.956015,0.036318,-0.036318,inf,p_lb=0,False
AFS3ZTSIAQMOGYXILHK6MSBA2NEQ,3530,2916,3343,0.009490,0.000000,0.981627,0.957087,0.051338,-0.051338,inf,p_lb=0,False
AHTKS67ZUSMEDXXG2G2EVA3EHOWQ,3531,3882,3290,0.009162,0.000000,0.980726,0.956066,0.051805,-0.051805,inf,p_lb=0,False
AEIO7IC2JCLNTMWTN7NWQC2WSLVQ,3532,3777,2986,0.006878,0.000000,0.980977,0.958107,0.054263,-0.054263,inf,p_lb=0,False
AFIAYD5EZYUL7P5HK4HIPGN43CTQ,3533,1955,2330,0.010622,0.000000,0.978806,0.953970,0.061695,-0.061695,inf,p_lb=0,False
AEX4IPQYEQ4WPVENZW4GMACJIZGA,3534,7322,8678,0.014993,0.000000,0.982348,0.959126,0.031796,-0.031796,inf,p_lb=0,False
AFKD6IIRG7SJSY2PLY4G6L7US4MA,3535,5624,3861,0.016899,0.000000,0.982134,0.958107,0.047720,-0.047720,inf,p_lb=0,False
AFIGVDHYZFZAYERO26QVDKU4TAWA,3536,6041,5115,0.013765,0.000000,0.981520,0.955044,0.041592,-0.041592,inf,p_lb=0,False
AFJKKKULVD462O6AJXMVUIRMZQKQ,3537,3215,2640,0.009983,0.000000,0.981463,0.958056,0.057712,-0.057712,inf,p_lb=0,False
AFOOC4TGAAKXXWTRPPKD526LA7RA,3538,3128,2606,0.010296,0.000000,0.981401,0.956015,0.058212,-0.058212,inf,p_lb=0,False
AFGMVOVC3JVTQIKZCWMU7GLGODOQ,3539,2510,1830,0.006073,0.000000,0.979782,0.957087,0.069388,-0.069388,inf,p_lb=0,False
AHS4NPCYFLOXMQQWY5DL7H5AKLOA,3540,2928,3479,0.013100,0.000000,0.980583,0.954993,0.050435,-0.050435,inf,p_lb=0,False
AHA5MSNKUQADZA6E7UAMRHJ3LOSQ,3541,4090,4376,0.013524,0.000000,0.980759,0.952997,0.045064,-0.045064,inf,p_lb=0,False
AHJDX3QF4FK5G6VTSNE2SBINPO6A,3542,2424,2486,0.011461,0.000000,0.981481,0.958107,0.059470,-0.059470,inf,p_lb=0,False
AFC2ORBDTHTTGKUIJ5GBTDI6ULQQ,3543,2959,3222,0.010357,0.000000,0.978727,0.952997,0.052518,-0.052518,inf,p_lb=0,False
AEWI5XIZD3CS2CT3ERJCKC3NC2DQ,3544,3903,3450,0.012486,0.000000,0.980409,0.953970,0.050701,-0.050701,inf,p_lb=0,False
AHJVUQE36DK4XLBZPID5LBPC6BHA,3545,12978,13916,0.017809,0.000064,0.982432,0.958107,0.025136,-0.025077,2319190174.259978,eps_dominant,False
AEDXXN3WREPYHF7VOGSKGJZFA7IA,3546,3106,3245,0.013205,0.000000,0.980893,0.957087,0.052108,-0.052108,inf,p_lb=0,False
AFSBX5OVGYFLTYAEINDN3NGWNZ7Q,3547,2902,2871,0.012690,0.000000,0.980795,0.957087,0.055398,-0.055398,inf,p_lb=0,False
AFVUNKZU6OKGHABGBKQRF3KS7WTQ,3548,2942,3355,0.012299,0.000000,0.980877,0.955044,0.051356,-0.051356,inf,p_lb=0,False
AFYJ3754GI5AK5REM7E7IMYLG2OA,3549,2449,2648,0.013245,0.000000,0.980451,0.955044,0.057807,-0.057807,inf,p_lb=0,False
AGAU5BH2622ISFNPF6E3FZGZ2G4Q,3550,2898,3688,0.016129,0.000000,0.982189,0.958107,0.048826,-0.048826,inf,p_lb=0,False
AE3TKU2QYWGQA3RSTHN7CKZMHE4Q,3551,3306,3227,0.015573,0.000000,0.981181,0.959075,0.052145,-0.052145,inf,p_lb=0,False
AFOTJXRQDUCKYFT2PPHRCVFKDN7A,3552,3337,2650,0.010786,0.000000,0.980875,0.956015,0.057726,-0.057726,inf,p_lb=0,False
AES2TITGKXHZZPQ6NQQXHK5RQP3Q,3553,2740,2622,0.012448,0.000000,0.981382,0.957087,0.057969,-0.057969,inf,p_lb=0,False
AFSB4OKA7PVZYWLCYU4464RHAUWA,3554,4616,3360,0.015240,0.000000,0.982004,0.959126,0.051099,-0.051099,inf,p_lb=0,False
AFE3KSBVH635IKGQVCPZIMGL6ROA,3555,2970,3191,0.010453,0.000000,0.980174,0.956066,0.052603,-0.052603,inf,p_lb=0,False
AF3ZQA2HLR53CZ3LCLMZUTN64BMQ,3556,2239,3083,0.009682,0.000000,0.981439,0.958107,0.053402,-0.053402,inf,p_lb=0,False
AG74K4LM3CPISJHR2JAFIV7BWQKA,3557,3013,2249,0.008013,0.000000,0.980722,0.957087,0.062591,-0.062591,inf,p_lb=0,False
AGYGWOTELHRTF6OJXYJLPIPVPQCA,3558,3638,3923,0.014985,0.000000,0.981198,0.957087,0.047392,-0.047392,inf,p_lb=0,False
AHJC32PF2J3DSTP76N5YT5RF3T6Q,3559,6198,5714,0.014563,0.000000,0.981426,0.958056,0.039228,-0.039228,inf,p_lb=0,False
AFNMR225HEQXEVOYEYDQZXMDFUQA,3560,3302,3387,0.007084,0.000000,0.981549,0.958056,0.050952,-0.050952,inf,p_lb=0,False
AFNVHFWZWJWPVYNZ7MRSSP2Y6RXA,3561,5403,6011,0.014905,0.000000,0.981955,0.956015,0.038329,-0.038329,inf,p_lb=0,False
AGMEEC2LLXHBMVAEVVKVQ4JPGZ2A,3562,2406,2816,0.011321,0.000000,0.981593,0.957087,0.055936,-0.055936,inf,p_lb=0,False
AED44JCNUQP4Q25OI2UTBCLYVVCA,3563,2042,2066,0.003478,0.000000,0.980339,0.955044,0.065444,-0.065444,inf,p_lb=0,False
AED3PQGKE2MP7OA6YA7ITROMHQEQ,3564,21207,17351,0.016330,0.000439,0.982343,0.957087,0.022534,-0.022133,50007356.313473,eps_dominant,False
AHBQCIOT4JDHIT5CMKFXMLKBQ2EA,3565,3390,3315,0.011669,0.000000,0.980569,0.956015,0.051612,-0.051612,inf,p_lb=0,False
AEFTTOKTYVK4P65S7TFLFZDMURJQ,3566,5413,5426,0.015089,0.000000,0.981613,0.957036,0.040299,-0.040299,inf,p_lb=0,False
AGA4ZROJLSQMSIRXATGSO7LJPIKQ,3567,12777,12185,0.015697,0.000000,0.982388,0.961109,0.026778,-0.026778,inf,p_lb=0,False
AHY5EQP2NXLDUS65OPMXMM3TMQNA,3568,3018,2562,0.012403,0.000000,0.981157,0.956066,0.058706,-0.058706,inf,p_lb=0,False
AFCGZ22Q6PGK4CYOXTXDWUB4HTGA,3569,1863,2346,0.006906,0.000000,0.979622,0.953970,0.061484,-0.061484,inf,p_lb=0,False
AE3TWUAOUGACXZQFGGAMV5ZGDQOQ,3570,2800,1905,0.008214,0.000000,0.979787,0.956015,0.068085,-0.068085,inf,p_lb=0,False
AE3KLVXGZPANXE5XLXYKHTVAZ3FQ,3571,5105,4995,0.013473,0.000000,0.981355,0.958056,0.041957,-0.041957,inf,p_lb=0,False
AHHLTGESVKQVOHKAURKEZBRHMF6A,3572,5190,5535,0.009174,0.000000,0.981911,0.957087,0.039898,-0.039898,inf,p_lb=0,False
AEHY474ZXCBIST6LCUFKNRSXON2Q,3573,2901,2609,0.009736,0.000000,0.980719,0.953970,0.058303,-0.058303,inf,p_lb=0,False
AEQXZCNKESE5KNCYCQZROO7GZRKQ,3574,8321,9323,0.013989,0.000000,0.981644,0.956015,0.030776,-0.030776,inf,p_lb=0,False
AFTFDX6Q66PKOISC36VFGNRLSYUA,3575,8464,8090,0.015609,0.000000,0.981275,0.958107,0.032967,-0.032967,inf,p_lb=0,False
AGHIAL5ERJJS5DLXOGU4PO4YPKDA,3576,4456,3221,0.015476,0.000000,0.981171,0.957087,0.052302,-0.052302,inf,p_lb=0,False
AELJQ3VP26KANKYL3PDK5BYQLAXQ,3577,2194,2405,0.005367,0.000000,0.980838,0.957087,0.060527,-0.060527,inf,p_lb=0,False
AGFN3252BBTYUJUUDQMAGYZNUT5A_1,3578,13470,10492,0.014610,0.000000,0.982039,0.957036,0.028980,-0.028980,inf,p_lb=0,False
AGNYFMS6OLLMFUWWSSR5AHC5WBUQ,3579,2719,3105,0.013193,0.000000,0.981147,0.956066,0.053326,-0.053326,inf,p_lb=0,False
AHFHWIE5I6WPLXLYUQCXAFOVRV5A,3580,4229,4383,0.013417,0.000000,0.981582,0.956066,0.044884,-0.044884,inf,p_lb=0,False
AGXAVDHJOM2CZKJYOTOOP32KVUOQ,3581,3788,3831,0.011670,0.000000,0.981068,0.958056,0.047909,-0.047909,inf,p_lb=0,False
AH5RSXUJXN5QO34BV3OF3CMG655A,3582,3601,4305,0.013023,0.000000,0.981918,0.958107,0.045192,-0.045192,inf,p_lb=0,False
AEQFY32CE5CX4736RGL5MSMLV5UQ,3583,4220,4848,0.012156,0.000000,0.980850,0.954021,0.042768,-0.042768,inf,p_lb=0,False
AGDQR7EYHX5Z7Q6OCXXTGHQZV7EA,3584,3411,2801,0.012077,0.000000,0.981742,0.959126,0.055967,-0.055967,inf,p_lb=0,False
AESS74O6T2TUXQ3QFIPNL5KBBZKA,3585,2021,1814,0.011858,0.000000,0.980847,0.954021,0.069917,-0.069917,inf,p_lb=0,False
AHCLVNN7XIIJQ6AMCQJ2VWXBDPGQ,3586,7552,6585,0.015948,0.000000,0.981820,0.957087,0.036579,-0.036579,inf,p_lb=0,False
AFOI5JOKDCYBNP6G3PIGN3FPIO2A,3587,2447,2575,0.013038,0.000000,0.980610,0.956066,0.058558,-0.058558,inf,p_lb=0,False
AHFCWSKACRWBMRUSHWOM7NEZLSBA,3588,2593,2123,0.011864,0.000000,0.980634,0.956015,0.064494,-0.064494,inf,p_lb=0,False
AE37EGKBIZNM76LDJ2N6BGHTRZNA,3589,2641,2659,0.006319,0.000000,0.981013,0.958107,0.057503,-0.057503,inf,p_lb=0,False
AFTCZPOQMEHTBI6EASOCKG5LWCKQ,3590,4125,3329,0.010135,0.000000,0.981109,0.958056,0.051394,-0.051394,inf,p_lb=0,False
AE7JBM6K7UPOFSXSCXY2VAWFWD4A,3591,3070,3130,0.010540,0.000000,0.981237,0.957087,0.053056,-0.053056,inf,p_lb=0,False
AH5IZV3CROHO2XHVBMBBS2MSMOWQ,3592,1884,2263,0.012281,0.000000,0.980653,0.955044,0.062531,-0.062531,inf,p_lb=0,False
AHI67RO3D527NGHY3BUSNSU3MMVQ,3593,5770,5065,0.013087,0.000000,0.981648,0.956066,0.041753,-0.041753,inf,p_lb=0,False
AGM2A2VZQTAS3OVZNQZ4OYO3BWHA,3594,6862,8508,0.015101,0.000000,0.981491,0.956015,0.032217,-0.032217,inf,p_lb=0,False
AGLOSDW6BQHIKTVEKCI23IAZCY7A,3595,10502,10328,0.013307,0.000000,0.981689,0.955044,0.029270,-0.029270,inf,p_lb=0,False
AFOMW4XMP7LLRB2UZIQGTH3HHCWQ,3596,2544,2443,0.018803,0.000000,0.982342,0.957087,0.060055,-0.060055,inf,p_lb=0,False
AEKBPFBX43IZ5DPNC5JU7NSRZ7FA,3597,6553,6292,0.016985,0.000000,0.982362,0.957087,0.037421,-0.037421,inf,p_lb=0,False
AGUCUEA7OM5LD66E3TZQAH475MMQ,3598,4853,6194,0.014803,0.000000,0.980958,0.956066,0.037756,-0.037756,inf,p_lb=0,False
AEP4KJDGBH6XPJKFEHPYSAPUNDBQ,3599,6234,6546,0.015813,0.000000,0.982037,0.959126,0.036610,-0.036610,inf,p_lb=0,False
AEDIN436FJT2VQGGITVASPGVSDUQ,3600,8002,11230,0.013846,0.000000,0.981896,0.959126,0.027951,-0.027951,inf,p_lb=0,False
AGWXZA5KLFY7A3BM55VDVKNSBBHQ,3601,4850,5242,0.010811,0.000000,0.981947,0.958056,0.040956,-0.040956,inf,p_lb=0,False
AHPDWNIO6GPOATZP63X3FUAQPPQA,3602,6700,6723,0.013083,0.000000,0.981954,0.957087,0.036202,-0.036202,inf,p_lb=0,False
AG6XXBNJSWEZT4BFI3ZZNA52ACKA,3603,2424,2504,0.004566,0.000000,0.979445,0.954021,0.059509,-0.059509,inf,p_lb=0,False
AH4OIKU2GPQPLNH7F36HQCDKR3IA,3604,1946,2057,0.011609,0.000000,0.981623,0.959126,0.065308,-0.065308,inf,p_lb=0,False
AHBIJ2LIUGHYB52V33SJ5B3X7PKQ,3605,4878,4732,0.012681,0.000000,0.982349,0.959075,0.043061,-0.043061,inf,p_lb=0,False
AGIIKUUJY44Y5QBXG5SFVD5IY4JA,3606,6003,5824,0.012813,0.000000,0.981155,0.959126,0.038813,-0.038813,inf,p_lb=0,False
AHDKNBCGKFE7YQJCLD5CSAVGDKTA,3607,4852,4679,0.012608,0.000000,0.981422,0.957087,0.043394,-0.043394,inf,p_lb=0,False
AEM6W3ILBY2U4WLIT5AOKS53I53A,3608,4414,3833,0.013283,0.000000,0.981617,0.957087,0.047945,-0.047945,inf,p_lb=0,False
AF5HBFQDGPBBPLTYS4UIFO6EGHEQ,3609,2720,2201,0.014975,0.000000,0.979919,0.956066,0.063338,-0.063338,inf,p_lb=0,False
AGYU37WHMPZ46LARWU6EVYEVA24A,3610,8633,10067,0.016158,0.000000,0.981941,0.959075,0.029523,-0.029523,inf,p_lb=0,False
AGM4DDDEGGEVOSXIEZDCZ4I4WVMA,3611,2961,2584,0.013910,0.000000,0.981727,0.957087,0.058393,-0.058393,inf,p_lb=0,False
AF6J5S76N3E52XNARY66M2ITNNZA,3612,3335,3512,0.012304,0.000000,0.981241,0.956015,0.050144,-0.050144,inf,p_lb=0,False
AFYOUD6JHLIXCTM2NYWNARHGVFMQ,3613,3724,3694,0.013937,0.000000,0.981266,0.955044,0.048943,-0.048943,inf,p_lb=0,False
AELJS2BCGY3MO6DUM7UABUMIR2FQ,3614,3778,3274,0.013802,0.000000,0.982039,0.957087,0.051876,-0.051876,inf,p_lb=0,False
AG5M3UXGXFXQMEUI3HQFQU4GF5QA,3615,2598,3105,0.012016,0.000000,0.981144,0.956066,0.053326,-0.053326,inf,p_lb=0,False
AFFSSZFCSN4TEOSSF23HO7ZOYD6Q,3616,5671,4060,0.008757,0.000000,0.981489,0.958107,0.046535,-0.046535,inf,p_lb=0,False
AF4UB2PGVLHK45WF7I6OED36OQDA,3617,12061,13350,0.015051,0.000000,0.982181,0.958107,0.025663,-0.025663,inf,p_lb=0,False
AGQDS36T44DAQCNPZ2JZFGS2BOFA,3618,4842,4149,0.009109,0.000000,0.981301,0.958107,0.046034,-0.046034,inf,p_lb=0,False
AFONENWGNXXIUGGYZKWZ3GPZI36Q,3619,20838,15906,0.017227,0.000629,0.982449,0.959126,0.023486,-0.022907,24108772.614105,eps_dominant,False
AEVTMBEF3SO72ZFYYULPKGOO6S4A,3620,2367,2125,0.006932,0.000000,0.980446,0.952997,0.064668,-0.064668,inf,p_lb=0,False
AGX2Z5MHU534F6QN446JLSQKZ4VQ,3621,14834,13419,0.019098,0.001028,0.982332,0.958107,0.025597,-0.024654,9071868.259552,eps_dominant,False
AFAZ7BYC4253DDBXQSHTLJ34PBDA,3622,3729,3273,0.017815,0.000000,0.981769,0.959126,0.051774,-0.051774,inf,p_lb=0,False
AFVOZ4UNUZKEQ7GTQ3IHQY7PZ5FA_1,3623,16805,16748,0.014558,0.000000,0.981521,0.957036,0.022938,-0.022938,inf,p_lb=0,False
AGLI2MZXMBJZN2LUL3A23ATGMRPA,3624,7851,8150,0.014898,0.000000,0.981246,0.956066,0.032915,-0.032915,inf,p_lb=0,False
AGQYXWUJLYNMIMVTCD5MBB5E6TKA,3625,2936,2715,0.011050,0.000000,0.980947,0.956066,0.057028,-0.057028,inf,p_lb=0,False
AF4DRNWYQUORJOPAVYG7FNYK236A,3626,2512,2621,0.012262,0.000000,0.982235,0.958107,0.057918,-0.057918,inf,p_lb=0,False
AELDRQNEHJKEJ3QZM6SVNWUF2UTQ,3627,6801,7215,0.013458,0.000000,0.981550,0.958107,0.034908,-0.034908,inf,p_lb=0,False
AGLRCLAE5XJSLRKSM47RCFY5O2JA,3628,4494,3810,0.007955,0.000000,0.981483,0.957087,0.048089,-0.048089,inf,p_lb=0,False
AETFWHTO6X2T3ADRTRUXJJDEXWBQ,3629,3980,2857,0.013966,0.000000,0.982331,0.959075,0.055418,-0.055418,inf,p_lb=0,False
AGX35ESQFFIHQKVWS2TWSF6BZYTQ,3630,2441,2573,0.008671,0.000000,0.980250,0.956066,0.058581,-0.058581,inf,p_lb=0,False
AF3YCUIIEWLKFZUPK75OBCSMB3QQ,3631,4421,4731,0.012810,0.000000,0.981735,0.957036,0.043158,-0.043158,inf,p_lb=0,False
AFCQFWUU42HNXPDDY72QCVHDPBHA,3632,2863,2126,0.003584,0.000000,0.980852,0.956066,0.064445,-0.064445,inf,p_lb=0,False
AGCVOYO6WC6M4KYGVG4NC5VNNZPQ,3633,3414,2730,0.011220,0.000000,0.980145,0.954993,0.056935,-0.056935,inf,p_lb=0,False
AEDDFVC2YXEZOQDIVJL5N2CQB4DA,3634,3621,3428,0.012862,0.000000,0.980216,0.957087,0.050698,-0.050698,inf,p_lb=0,False
AEESOLSSR4LALOZ372WQ2PZBLLSA,3635,13025,12455,0.012420,0.000000,0.981602,0.957087,0.026597,-0.026597,inf,p_lb=0,False
AG76OCDIX3F6A2HVEF6RKQKMMYUA,3636,2522,2097,0.011881,0.000000,0.981072,0.957087,0.064820,-0.064820,inf,p_lb=0,False
AHY2TURQPNIDXZGH2CMQLZ343YMQ,3637,5430,4949,0.015252,0.000000,0.981436,0.956066,0.042239,-0.042239,inf,p_lb=0,False
AEFDMVDBTPVJ54OUWN5S5UAEQL2Q,3638,3064,2364,0.008186,0.000000,0.980292,0.955044,0.061181,-0.061181,inf,p_lb=0,False
AEA3ZE7FWZ4HS7Y7XTMWH5VY2L3Q,3639,3323,4057,0.011662,0.000000,0.981783,0.958107,0.046553,-0.046553,inf,p_lb=0,False
AGDFPMZUWIYJBX3DTVC2ZPJPALGA,3640,5385,5056,0.013626,0.000000,0.981013,0.955044,0.041834,-0.041834,inf,p_lb=0,False
AHX25MN3P7B6FZCQIZDBLBNIGKZQ,3641,5603,6511,0.016415,0.000000,0.982025,0.960143,0.036669,-0.036669,inf,p_lb=0,False
AGF5RVFM6B7LTHYFA2BZBRWO33OA,3642,4307,3906,0.008704,0.000000,0.980769,0.955044,0.047596,-0.047596,inf,p_lb=0,False
AEQW3WUE2MBP5LKAK4KNN7ER2VIA,3643,2819,2929,0.012431,0.000000,0.981346,0.958107,0.054788,-0.054788,inf,p_lb=0,False
AE374LLQ4N5HUWHFHZCUVTA6K37Q,3644,3179,2906,0.009211,0.000000,0.980568,0.954021,0.055240,-0.055240,inf,p_lb=0,False
AHY6GBYQX3XLNDQN6X2FOV3UGKVA,3645,2821,2756,0.009245,0.000000,0.980950,0.957087,0.056542,-0.056542,inf,p_lb=0,False
AHROI4P63GJBWUL457XH2BOLUT4Q,3646,3125,3409,0.011682,0.000000,0.981885,0.958107,0.050785,-0.050785,inf,p_lb=0,False
AHXHAZ4EW6MVBQFMWLQ3OOVRSCIA,3647,3484,2850,0.014212,0.000000,0.981681,0.957087,0.055602,-0.055602,inf,p_lb=0,False
AED23W2XZJFEV4S4RBIYPAYTMZDA,3648,2542,1928,0.008696,0.000000,0.979772,0.954993,0.067750,-0.067750,inf,p_lb=0,False
AEQKDH33QLWB7DAQYYFQQ3WJLFWQ,3649,2553,4054,0.012766,0.000000,0.981905,0.958107,0.046570,-0.046570,inf,p_lb=0,False
AG247MO6LCT6AVOQPX5N4TXUVP4Q,3650,3925,3956,0.009288,0.000000,0.981506,0.957087,0.047193,-0.047193,inf,p_lb=0,False
AHPPNXBRVHYJ4U5ULMVS62PKMWWA,3651,1527,1969,0.007366,0.000000,0.980493,0.956066,0.066965,-0.066965,inf,p_lb=0,False
AFACZSTCNX6VMUJQGUK3YVE6CK5Q,3652,7858,7611,0.012593,0.000000,0.980937,0.956015,0.034062,-0.034062,inf,p_lb=0,False
AETBVLWLQTJUDMRM2MROJ3JFBTPQ,3653,5088,4280,0.015166,0.000000,0.981149,0.958107,0.045324,-0.045324,inf,p_lb=0,False
AEYRVFKM3PK3OWJQEK3U6RMFZ5ZQ,3654,8812,9239,0.011561,0.000000,0.981439,0.957087,0.030881,-0.030881,inf,p_lb=0,False
AEIK5CF6YXQFSLAAHDXNGHNVKPRQ,3655,3205,3717,0.016667,0.000000,0.982287,0.958107,0.048635,-0.048635,inf,p_lb=0,False
AEKC7ZX3MTZLRSZMDQG7MGDAZTNQ,3656,2741,2200,0.010972,0.000000,0.981429,0.956066,0.063352,-0.063352,inf,p_lb=0,False
AFPDURRPOTJU7UIJXEEQ66K3CWSQ,3657,1919,2407,0.008157,0.000000,0.980884,0.957036,0.060505,-0.060505,inf,p_lb=0,False
AGGF56HQRPIWUGGVP4M3FY3EXYOQ,3658,2099,2322,0.010819,0.000000,0.980953,0.955044,0.061731,-0.061731,inf,p_lb=0,False
AERPI4FAV5T5IFS2QYG3B5Y6IPAA,3659,5198,5138,0.015625,0.000000,0.981274,0.956066,0.041455,-0.041455,inf,p_lb=0,False
AFQ6DHE7IBI76LX6VHJQHQTGNCLQ,3660,6738,6846,0.016459,0.000000,0.982004,0.958107,0.035837,-0.035837,inf,p_lb=0,False
AFSH2ADUKP7QBX2P6BCWUKZYE5NQ,3661,2656,3071,0.008054,0.000000,0.980386,0.956015,0.053624,-0.053624,inf,p_lb=0,False
AHDDU73MUBMMU54XRAZN2YX3KGAA,3662,4336,3640,0.011583,0.000000,0.981309,0.958056,0.049150,-0.049150,inf,p_lb=0,False
AFTPYOWXMACLVYLUMVFHD4TYLIFQ,3663,4166,4076,0.012216,0.000000,0.980999,0.958107,0.046444,-0.046444,inf,p_lb=0,False
