uid,uid_idx,B,p_min_hat,p_min_lb,sigma_min_hat,sigma_min_lb,eps_ub,M_u,eligible
AHV6H47Q27APRA4MHJXBNUXX6UEA,0,5142,0.016472,0.000000,0.981321,0.956066,0.041439,-0.041439,False
AHCKJN7BM7AH67UDRPN3CVNHHRTA,1,4692,0.018504,0.000000,0.981161,0.957087,0.043334,-0.043334,False
AHUBGR64B3GHNP33IYL4RW6YNIGQ,2,5577,0.016776,0.000000,0.981711,0.958056,0.039707,-0.039707,False
AEIJL24A6RZD6PE4LFOYLHMB5BOA,3,4095,0.017241,0.000000,0.981193,0.957036,0.046388,-0.046388,False
AGAG2PQ2KCR5GMH3CMIBKCBOZQSQ,4,8091,0.021277,0.000000,0.982760,0.961160,0.032860,-0.032860,False
AG2YYEC55OFZYRI6WAZ4A3267W2Q,5,6195,0.019430,0.000000,0.982231,0.959075,0.037635,-0.037635,False
AHUX7IEXVU62RIOMQQ773RNTZ7EQ,6,10414,0.018937,0.000000,0.981532,0.956066,0.029118,-0.029118,False
AFL5V4KMZMLILUIYATP7RHN2BTUA,7,5061,0.018077,0.000000,0.981798,0.957087,0.041725,-0.041725,False
AFCHDDQ4PQGOSYA66FSK4KUAOUDA,8,9077,0.019493,0.000000,0.981795,0.959126,0.031090,-0.031090,False
AEPSNPZWAOSASXZW6F6GJZD4RZ6Q,9,5959,0.018930,0.000000,0.982266,0.958107,0.038411,-0.038411,False
AEBRHRPGW3XTHRIST5JBCSBRV2YQ,10,3591,0.015993,0.000000,0.979964,0.951972,0.049800,-0.049800,False
AEGZSPOEFGEEXIKTIPZ62HCJJILA,11,5752,0.019809,0.000000,0.982391,0.960143,0.039014,-0.039014,False
AFLQ6X2P5FJIO6BG25LEO5BY6NUQ,12,4830,0.018068,0.000000,0.980918,0.955044,0.042802,-0.042802,False
AF6QHJSY6N5MMHTC5L26QOTX6K3Q,13,40652,0.018904,0.008521,0.982246,0.959126,0.014691,-0.006852,False
AE65YJ4S74KNCPHITVS2RGW6HZMA,14,5087,0.019169,0.000000,0.981591,0.957087,0.041618,-0.041618,False
AE5ENPQDNKIJMBAKVDSJOTU573YA,15,19797,0.019612,0.004734,0.982702,0.959075,0.021053,-0.016698,False
AE5QZEEWDFEG5S46RP5DHOGQFFPQ,16,6245,0.019231,0.000000,0.981631,0.957087,0.037562,-0.037562,False
AFDRY7B5ON4J7XFAJOTBQNWCAPPQ,17,6808,0.018270,0.000000,0.982112,0.959075,0.035900,-0.035900,False
AGUJGT64W3FGFMJTIJBYJFPLUDAA,18,11457,0.019184,0.000000,0.982695,0.958107,0.027702,-0.027702,False
AGAMBW4YURLNKK5KW5EDKDC2ZMOA,19,5520,0.019001,0.000000,0.982435,0.958107,0.039910,-0.039910,False
AGHCMB24BP3XPSVIJJ24BNYUF3KQ,20,10049,0.019540,0.000000,0.982185,0.958107,0.029579,-0.029579,False
AGT2KDRLM26MXIDQTURAONUUC3YQ,21,5432,0.020260,0.000000,0.982665,0.961160,0.040104,-0.040104,False
AEOOVIA4OZ4YXXMOX52QKRFPI44A,22,10894,0.018678,0.000000,0.981585,0.959126,0.028379,-0.028379,False
AFWAQN3ITXKIYH3ZEARLO7PJLINQ,23,11397,0.020898,0.001289,0.982467,0.959075,0.027747,-0.026561,False
AFUU7IDCZCKYQN4XFG2NUS2SB4MQ,24,11972,0.019367,0.000236,0.982114,0.959126,0.027071,-0.026854,False
AHQLV6Q4IX2WPEFGJW3HFIYXCYIQ,25,16572,0.019802,0.003541,0.982704,0.959126,0.023009,-0.019752,False
AGKBFSXT5MSPV2DLOXJ52CES22EA,26,20808,0.017413,0.002901,0.980897,0.957036,0.020579,-0.017922,False
AET3XU3MM3F7EIVNMOR3L3WGA2LQ,27,7141,0.018702,0.000000,0.982202,0.959126,0.035051,-0.035051,False
AG4DR3M7IIZN3Y3YCCSSW3BJZL7Q,28,4077,0.019641,0.000000,0.982555,0.958107,0.046438,-0.046438,False
AHGIDR4IJFS23Q4GTZ33FI5LYDSQ_1,29,144675,0.019609,0.014106,0.980629,0.952997,0.007837,0.004974,True
AEX2FAB4OAZBA2MWYMQPDZBYWD3Q,30,20766,0.019489,0.004962,0.981890,0.957087,0.020598,-0.016053,False
AESVYYXWEFTU2N53XMDLBA45DDYA,31,9996,0.017575,0.000000,0.981723,0.957036,0.029691,-0.029691,False
AFAQXBR4VC67CCGJBTSIXE2TASMQ,32,4688,0.018005,0.000000,0.982013,0.959126,0.043261,-0.043261,False
AHK2L4IXTHN63SWGMDGQERGEUP2A,33,4546,0.020096,0.000000,0.982531,0.958107,0.043978,-0.043978,False
AGWGWBQWVHYNPPXU2MGPT55CCUDQ,34,8156,0.017249,0.000000,0.981037,0.956015,0.032905,-0.032905,False
AHL5NDZ4IEYIQJVI2PZ66LORSVHQ,35,9948,0.018631,0.000000,0.981909,0.957087,0.029761,-0.029761,False
AF42QWADO6J4PFNPBK3OX26TMW5A,36,7641,0.020630,0.000000,0.982482,0.960092,0.033851,-0.033851,False
AEX7WYICU67C57WTXC4HTJEKRYEA,37,5282,0.018811,0.000000,0.981867,0.957087,0.040842,-0.040842,False
AEKD5GQ2WB55LKLFB7ECXBCXE5LQ,38,3949,0.018532,0.000000,0.981328,0.957036,0.047238,-0.047238,False
AEGUMA7C7RCKZZMFDM7SGENNPHEQ,39,7323,0.019457,0.000000,0.982350,0.958056,0.034652,-0.034652,False
AG7ZCPDIT7UCFJYYA23SOBDVJQUA,40,6538,0.016785,0.000000,0.980407,0.957087,0.036710,-0.036710,False
AEOGGJJ6BOOK4G6I4XVUWGRIFHLQ,41,6173,0.018076,0.000000,0.981357,0.958056,0.037742,-0.037742,False
AEIIRIHLIYKQGI7ZOCIJTRDF5NPQ,42,87082,0.018245,0.011151,0.982370,0.960143,0.010027,0.000253,True
AEUJ3FOUSGG2XIDTPMGI2SHTYYEQ,43,5340,0.018417,0.000000,0.981957,0.958107,0.040577,-0.040577,False
AGAL7TBNIA5LBEDTLYXPUVI73EGA,44,4357,0.017256,0.000000,0.981677,0.957087,0.044969,-0.044969,False
AGVAFSJVSPGXMBKR4N6PEOAXNGFA,45,5943,0.018315,0.000000,0.981173,0.956066,0.038545,-0.038545,False
AF6XC4E3EQUHTIFENI7UCZZP2W3A,46,5564,0.018934,0.000000,0.981859,0.958107,0.039752,-0.039752,False
AEFVTTFB7NFHCAZVLUULL3YC7WMA,47,11165,0.019147,0.000000,0.981725,0.957087,0.028092,-0.028092,False
AERDCAMJOVIBWC7P3ZRCGDXSHBXQ,48,14229,0.017544,0.000000,0.981445,0.958056,0.024859,-0.024859,False
AFGWCEWI3OHN7FY2LMERQCWMGEDA,49,5596,0.019054,0.000000,0.982113,0.958107,0.039638,-0.039638,False
AEENPBAQW2HUWECL2FQNMHE4V7LQ,50,6634,0.017463,0.000000,0.981668,0.956066,0.036483,-0.036483,False
AFUW2GXCX7JQHWKDVTGDPJMHH3MA,51,5001,0.019327,0.000000,0.981316,0.957087,0.041974,-0.041974,False
AH3QVJC4HE27T5C4YYQKCHTK2QJQ,52,4073,0.018487,0.000000,0.981194,0.956066,0.046560,-0.046560,False
AHKMC6HKGYSGHJDP5GW6RWQSTRGQ,53,45326,0.019543,0.009710,0.982249,0.958056,0.013928,-0.005015,False
AFUMSQC45PQBCIMVH52XX4YMAO7A,54,4106,0.022137,0.000000,0.982453,0.957087,0.046323,-0.046323,False
AHUCKCTVD7WAARGGJSAVNYJ7XNQA,55,17084,0.017357,0.001341,0.981483,0.957087,0.022710,-0.021481,False
AHKJSKH6YVZBHB4RWPMNZ35XTSWA,56,7390,0.018868,0.000000,0.982461,0.960092,0.034421,-0.034421,False
AH5QXFJMHWDY4JTLDXHX7D7CP4UQ,57,7075,0.018722,0.000000,0.981969,0.959075,0.035216,-0.035216,False
AFYGP4P2LGVKLJSWQBS2UQUNMRTQ,58,13197,0.020231,0.002009,0.981963,0.957036,0.025840,-0.024000,False
AFX5IGBDCJTOVQYLRYGN5CIRNXQQ,59,6105,0.017910,0.000000,0.981698,0.958107,0.037949,-0.037949,False
AHUPEIJQN2Q4QVUFILFTMR7EMJ7Q,60,5522,0.020158,0.000000,0.982192,0.959075,0.039862,-0.039862,False
AGSL6AZFE33KNFOXBRS46SYVPOKQ,61,5184,0.019564,0.000000,0.982105,0.959075,0.041141,-0.041141,False
AGG6GW3UXEHSKNM42L5S53HKF4VA,62,4772,0.018209,0.000000,0.982049,0.958107,0.042924,-0.042924,False
AHK246ZALZYM5VHTAYNN3NZNDPIA,63,6380,0.019324,0.000000,0.982028,0.959075,0.037085,-0.037085,False
AGI7VGGY6KHYC3RL2LFTHFYHLSGQ,64,8043,0.018595,0.000000,0.982365,0.959126,0.033028,-0.033028,False
AFHRBFA4AXNH4BI2WYWQNSSUXLNQ,65,5387,0.017934,0.000000,0.981790,0.956015,0.040488,-0.040488,False
AGZYQI6JEAM6SRESPT47MFZTH5YQ,66,4300,0.017107,0.000000,0.981310,0.957087,0.045266,-0.045266,False
AHBWIJ4QQRF42MJW4FKDCG7TOTJQ,67,4028,0.018733,0.000000,0.981811,0.956066,0.046820,-0.046820,False
AELDZFZBYIQM2S7GTSUJYQFB4LRA,68,5736,0.018646,0.000000,0.981586,0.957087,0.039193,-0.039193,False
AE4DGEQFZNLTIUBHZLR4UGIBPCKQ,69,5210,0.018293,0.000000,0.981160,0.956066,0.041167,-0.041167,False
AFCZZIKMW5WVWXQVPWCQFLXF2YJA,70,6280,0.019355,0.000000,0.981973,0.957087,0.037457,-0.037457,False
AG4F2ZYQNVQG7M6GYNFPTV72IR6Q,71,5629,0.017219,0.000000,0.981489,0.954993,0.039650,-0.039650,False
AEE3T6A7BRUSROQJ3OXHFXVJINSQ,72,5576,0.018060,0.000000,0.981877,0.958107,0.039709,-0.039709,False
AFJQ7PUOS5R665KP35G6XAQJ7OOA,73,11261,0.020615,0.000889,0.982663,0.957087,0.027972,-0.027158,False
AHLERJU22LDSKSBOBPFQSQDZ6UVQ,74,6056,0.019155,0.000000,0.982113,0.959075,0.038064,-0.038064,False
AFULMP5FW2Q3ONUCFOKVURLJNWSA,75,7719,0.019062,0.000000,0.981783,0.954942,0.033861,-0.033861,False
AHUWQT5AKAF6WGOBNGDXSH5QLBXQ,76,9049,0.018822,0.000000,0.982157,0.960143,0.031105,-0.031105,False
AG3AOFIHO3UGRYIVDWWB4VQQXZRQ,77,9204,0.018826,0.000000,0.982254,0.960092,0.030843,-0.030843,False
AFJWF2QUDYVVTT5Q6UTEBR5SNENQ,78,14909,0.018961,0.001817,0.981898,0.956066,0.024336,-0.022675,False
AGNWFBNXATPJXGLZ24PZ42I47Q6A,79,11798,0.018349,0.000000,0.981811,0.956066,0.027357,-0.027357,False
AHID5S4JG4RV2QIELUKZX4VYTJ3Q,80,8602,0.018593,0.000000,0.982571,0.958107,0.031970,-0.031970,False
AFPM4D74WWLFUJC7UGYUBK5FY4KQ,81,11332,0.018773,0.000000,0.981759,0.958107,0.027854,-0.027854,False
AEF2IJS3DKNREFZSMNYOEP2IHQCQ,82,5488,0.019152,0.000000,0.981819,0.958107,0.040026,-0.040026,False
AGPWOAP6AQMZBGXGAMONUTG6MUPQ,83,6049,0.019072,0.000000,0.982139,0.958056,0.038127,-0.038127,False
AFAULPBMUOOX3XXRPXYWEN5MFTLA,84,5573,0.018602,0.000000,0.981734,0.957087,0.039762,-0.039762,False
AF5QVEMAHL2ZN7BTEQ2QXX6HJSMA,85,53945,0.019745,0.010732,0.982230,0.957087,0.012780,-0.002949,False
AHIROBPKOELF4WANNKCEDAKVRW2Q,86,8747,0.017814,0.000000,0.981500,0.959126,0.031671,-0.031671,False
AGV7MJIYWVS7UVMOHQW5FYIEQC3A,87,13629,0.018218,0.000287,0.981480,0.958056,0.025400,-0.025137,False
AE2A3YEXH2AZOBNQ5EV2OYZXTEXA,88,4767,0.018012,0.000000,0.981507,0.957036,0.042994,-0.042994,False
AEX7XGYOI6YZR2LS63EGJPXVXODA,89,6639,0.019002,0.000000,0.982482,0.959126,0.036353,-0.036353,False
AF6AT6CU75HFF3TWERXKIRKE4VNA,90,5187,0.018118,0.000000,0.981922,0.956066,0.041259,-0.041259,False
AHKXLKWJKWHMQMPU6IOKT7V7X4XQ,91,10584,0.019345,0.000000,0.982155,0.958005,0.028825,-0.028825,False
AG6WVGUFXMF4LIAR7IDGHQV2DI5Q,92,5621,0.019194,0.000000,0.982178,0.959126,0.039507,-0.039507,False
AGOCGNCMX5ERMMXJUYIWEVHJLA5Q,93,7132,0.018756,0.000000,0.981529,0.956015,0.035188,-0.035188,False
AGQ3W32M4PSLHXUBYGJUKRLME5SA,94,7423,0.018313,0.000000,0.982001,0.959126,0.034379,-0.034379,False
AH4YB5ZEFH665NEW5CYWR3IRP5GQ,95,7450,0.018790,0.000000,0.982109,0.959126,0.034317,-0.034317,False
AGXFF2FNG5W6EJP6H55EDLIC26BA,96,6292,0.019400,0.000000,0.982361,0.958107,0.037381,-0.037381,False
AGYNSON76GT77CALAB2ZU5ZUVUSQ,97,7114,0.017188,0.000000,0.981754,0.958107,0.035155,-0.035155,False
AHNUSETJLQ6B2XVIZ6K46HQ7LKDQ,98,3812,0.018917,0.000000,0.981410,0.957087,0.048077,-0.048077,False
AH2OU52CNFVSHVSDFK6TJLWCMDFQ,99,5506,0.017931,0.000000,0.981286,0.958107,0.039960,-0.039960,False
AHOB6DWWDUHGACMKP2SXX5GHTXDA,100,10933,0.018409,0.000000,0.981488,0.958107,0.028358,-0.028358,False
AHZQJGJ6VCSHEZ2WA3YKZVGR5IDQ,101,15827,0.019907,0.003268,0.981812,0.958107,0.023569,-0.020570,False
AFXXNBWCNHQALN6XKWC7Z2JMIKLA,102,4681,0.021094,0.000000,0.982140,0.957087,0.043385,-0.043385,False
AGSIU3JOYC6CJLFFB7APDN3UGSHQ,103,40196,0.021690,0.011249,0.982630,0.960092,0.014759,-0.004390,False
AE46WE4VZX7X436KTCVZCWXQ3VGQ,104,6257,0.018530,0.000000,0.982426,0.958107,0.037486,-0.037486,False
AF7KGSYOWNJXJ43I5M6XQERPV3XQ,105,6830,0.018182,0.000000,0.981955,0.959075,0.035843,-0.035843,False
AENO3TJLMOSK43CIXEGYJWRYAMGA,106,8388,0.019723,0.000000,0.982589,0.959126,0.032341,-0.032341,False
AFV7LKHKY7TF3GKWLEBIWI47JSDA,107,24871,0.017865,0.004592,0.981406,0.955044,0.018862,-0.014674,False
AHNI5KVLUYWSR74DWFGJIO2DUFGQ,108,4434,0.017685,0.000000,0.981769,0.956066,0.044625,-0.044625,False
AG43PBRTELK3SL3WWPB6CEKFXVPA,109,12922,0.019811,0.001395,0.982443,0.959126,0.026057,-0.024773,False
AHK6NZZMLGYC7CJCD377RS5ZO7RA,110,5880,0.017455,0.000000,0.981953,0.958056,0.038671,-0.038671,False
AHXL5367RETZF2BEVUQMHY7E2LPQ,111,6311,0.018161,0.000000,0.981575,0.957087,0.037365,-0.037365,False
AE2GO5B2SWCBHIYMOE45YWL7RQHA,112,35706,0.019308,0.008229,0.982296,0.960092,0.015659,-0.008074,False
AHULII452V6BL77K7R2CDQL6W57A,113,7114,0.020213,0.000000,0.982486,0.958107,0.035155,-0.035155,False
AH5ONINJRNZ674DXUMV4RMYIFYVQ,114,21742,0.016944,0.002747,0.981374,0.954993,0.020175,-0.017670,False
AGRY3KTGY5Z55MACWOOAEW3QG2TA,115,3544,0.016949,0.000000,0.980581,0.956066,0.049914,-0.049914,False
AH35V4IYG4OQVPZ3KO2Z6AN2ET4Q,116,11156,0.019088,0.000000,0.982349,0.959126,0.028043,-0.028043,False
AH4IFNFCPIZXBOGTSA4ZHDMXFJMA,117,5232,0.018779,0.000000,0.981698,0.957087,0.041037,-0.041037,False
AFXDUGHE725YBOVT6PQPGH4DJDBQ,118,4020,0.017370,0.000000,0.981480,0.956066,0.046866,-0.046866,False
AFI4OQK2W6FV2UUKOD2NTTBPJP4Q,119,5235,0.017327,0.000000,0.981260,0.956015,0.041071,-0.041071,False
AEEYSOGH32OADSTY64CSSLENPFLQ,120,4003,0.018771,0.000000,0.981522,0.957087,0.046916,-0.046916,False
AGAVFN7CIWVLIDLJSMFNLJWNEDUQ,121,4634,0.017844,0.000000,0.982177,0.957087,0.043605,-0.043605,False
AHKGGFWXAEA2DA7RDLFUFLJDZCQQ,122,15877,0.019158,0.002545,0.982363,0.960092,0.023484,-0.021138,False
AH2DN3Q2OKAW7JAFRIYPHOUOM2ZQ,123,15137,0.017270,0.000256,0.981323,0.955044,0.024178,-0.023944,False
AGN2JLIYFC6OP4HCXZGYIACLV4JA,124,6530,0.019400,0.000000,0.982238,0.957087,0.036733,-0.036733,False
AH5KRM72WDRDNOETMZYTOWQGKWLA,125,6215,0.017755,0.000000,0.981236,0.957087,0.037652,-0.037652,False
AEYVBSVXB2M76M3HEX4PNF7GWK2A,126,7004,0.018836,0.000000,0.982256,0.958107,0.035430,-0.035430,False
AE3KSRSPVCHRSTTRLBNCPOY4TE4Q,127,6086,0.019157,0.000000,0.981640,0.959075,0.037970,-0.037970,False
AFA5ZLUMSIGKIIL6LM3RAQIDXCNQ,128,5645,0.018779,0.000000,0.982445,0.956066,0.039550,-0.039550,False
AGOWD5ONECVVZCFHBZI3VV36WH2Q,129,4691,0.017293,0.000000,0.981667,0.959075,0.043249,-0.043249,False
AFTEW2R2HDET5LSDLLGDTYCIZXUQ,130,9327,0.018145,0.000000,0.981881,0.958107,0.030703,-0.030703,False
AFWVQJYN5QXGDXIGEQDKTJIAOFQQ,131,6719,0.019241,0.000000,0.981459,0.958107,0.036174,-0.036174,False
AEDNUOKH43TOXPIT4LLZLNFH6DRQ,132,6371,0.020000,0.000000,0.982307,0.957036,0.037190,-0.037190,False
AFNY6ZUUEAODUAPRL47MDRCWIECA,133,3481,0.016838,0.000000,0.980894,0.956066,0.050364,-0.050364,False
AHQTBZRRGQHFON63FSB2VSOIXDBQ,134,24008,0.019552,0.006042,0.982050,0.956066,0.019178,-0.013655,False
AGIITTS3YV4B3OCJENLDRWU4GXFQ,135,6686,0.019321,0.000000,0.982428,0.958107,0.036263,-0.036263,False
AHMD6IY6GZXL2HAI6AD7KQCPKJCQ,136,4540,0.018898,0.000000,0.981890,0.957087,0.044054,-0.044054,False
AHGKNCWJ5LPSAJKK6ZBZF3W3AQ6Q,137,8911,0.019797,0.000000,0.982541,0.959126,0.031378,-0.031378,False
AGSLLUZOGIEXU3PRJIZDI2IURLJQ,138,6877,0.018378,0.000000,0.981951,0.959126,0.035718,-0.035718,False
AEJAZAHPHKSLBHZNUHZTSQIVHMYA,139,14387,0.019441,0.001988,0.982134,0.956066,0.024774,-0.022956,False
AGDUOQYQSAWFBXRWZ4Z4BV4CGRUQ,140,11348,0.018358,0.000000,0.981858,0.957087,0.027864,-0.027864,False
AH6LMTIYS5FSMP5YFOO4DGNBVCLQ,141,5394,0.017473,0.000000,0.981652,0.958107,0.040373,-0.040373,False
AEJMIOC3WTHKR7JV3WFSUU6HJFNA,142,4184,0.018211,0.000000,0.981034,0.954993,0.045990,-0.045990,False
AH3LF4DX4URFGTAFHSJ3HGZTDM2Q,143,6054,0.020053,0.000000,0.982260,0.959126,0.038068,-0.038068,False
AHFVHAHPJP5BUZNM77UCYE7BXBXA,144,7201,0.018810,0.000000,0.981751,0.957036,0.034981,-0.034981,False
AHYUFOFTGNEV4TGMQLASS6EA7QAQ,145,9243,0.019086,0.000000,0.982115,0.959126,0.030809,-0.030809,False
AGEWYW4PFDQNZ3NWQCZECWJKET5Q,146,6287,0.019822,0.000000,0.982398,0.959126,0.037356,-0.037356,False
AEKMBFRGDNYNNMFMULOZYBNUZ2WA,147,8635,0.019391,0.000000,0.981947,0.958107,0.031909,-0.031909,False
AFYZ6NBWOTIKWS3FYDLAG5CW7HSA,148,5971,0.017522,0.000000,0.981342,0.957087,0.038414,-0.038414,False
AEJGUA3ZHEWFRRXF5RTYIFYG7COA,149,6460,0.017467,0.000000,0.981794,0.957087,0.036931,-0.036931,False
AHGKWZSYITWDZWG2XG6OYGGD423Q,150,13171,0.019254,0.001013,0.981992,0.960092,0.025783,-0.024849,False
AENOZSUXFOYQPREH4REHHU7JED2A,151,4321,0.017559,0.000000,0.982005,0.958107,0.045108,-0.045108,False
AF52KDA2CDYLCVFEQGA3XGBA4BAQ,152,7656,0.020377,0.000000,0.982582,0.960092,0.033818,-0.033818,False
AGYM4CBFO2EOLYB6DIKWZTY37BEA,153,9158,0.017910,0.000000,0.981947,0.957036,0.031019,-0.031019,False
AGUNBFGHBEUYYDPNPD437363BHWQ,154,17405,0.019096,0.003229,0.982415,0.960092,0.022429,-0.019452,False
AHKO56KDFQSMLU3ZSCOZ4SWB6A4Q,155,7007,0.020397,0.000000,0.982527,0.959126,0.035385,-0.035385,False
AGPLJFWPVOR27HO3RLMML2ZWEJ5A,156,3643,0.017609,0.000000,0.980890,0.956066,0.049232,-0.049232,False
AEWRGEQPEOZTEW36VJLDOK6B4KVA,157,5295,0.018182,0.000000,0.982090,0.958107,0.040749,-0.040749,False
AETFLSAWXIVQSX4A7T52JGEH5Q2Q,158,5170,0.018064,0.000000,0.981993,0.959075,0.041197,-0.041197,False
AH2DPDI4VZWHDBU2NKJUEC276CCA,159,6706,0.019536,0.000000,0.982655,0.958107,0.036209,-0.036209,False
AHGTORR5THDBGVKMHWZQF2WUWBUA,160,5421,0.017951,0.000000,0.982277,0.958107,0.040272,-0.040272,False
AGVH2YJ3C4MC5RJ5SK26PNEQ4XSQ,161,5554,0.019299,0.000000,0.981797,0.956015,0.039874,-0.039874,False
AFJZOARCCNHDUXHCMBAHLUMBSX7A,162,5675,0.020148,0.000000,0.982134,0.956066,0.039445,-0.039445,False
AFXJTDF5NUVLHKVJU7BMR2ZDVKBA,163,11912,0.018913,0.000000,0.981839,0.957087,0.027197,-0.027197,False
AGMYNBZZ5SD2SPX4KEJSQE6YPIQA,164,5699,0.018665,0.000000,0.982196,0.959075,0.039238,-0.039238,False
AHGDK2EN4U6IYBGJ2QFFJMXAQMFQ,165,4259,0.019688,0.000000,0.981588,0.957036,0.045486,-0.045486,False
AE7YOX4URGCXIEEBZY6RA6IAF5MA,166,9933,0.019417,0.000000,0.982576,0.959126,0.029720,-0.029720,False
AFAJBILA4IKTWI22BUPLOQY2H6EQ,167,8532,0.019141,0.000000,0.981610,0.959075,0.032069,-0.032069,False
AHGHHV4OE2IHKOASESVYGYYBGKJA,168,7364,0.019023,0.000000,0.982172,0.957087,0.034590,-0.034590,False
AEJ4BITCXXWZ6QUS6ORMHAKUS3XQ,169,6397,0.019136,0.000000,0.982414,0.959126,0.037034,-0.037034,False
AGFNAS3OW4WGQFA6SC6CF2LPQ2NQ,170,5591,0.018650,0.000000,0.981981,0.958056,0.039658,-0.039658,False
AGVSGK7E4WMRETX4KHF7RKGECDFQ,171,5324,0.018297,0.000000,0.981482,0.959126,0.040594,-0.040594,False
AGSU4BF54NFDUP5SOHAAVNKQI67Q,172,17351,0.018066,0.002174,0.981634,0.957087,0.022534,-0.020543,False
AFTJ7XQN2EIELHARUBBL6Y7L65DA,173,19620,0.020339,0.005394,0.982496,0.958107,0.021169,-0.016217,False
AEUEV2RK2DDJASJJ3HRCQMZVC5CA,174,7137,0.020906,0.000000,0.982381,0.959126,0.035061,-0.035061,False
AESYGQVMCPGJ65L3HVVPXJ4ZSLQQ,175,6862,0.017666,0.000000,0.981760,0.958107,0.035795,-0.035795,False
AGVKHVURH5XGP6335AZCMGNTAAMQ,176,8220,0.018821,0.000000,0.982354,0.959126,0.032670,-0.032670,False
AHCNUR6GBCWEDOXLS33U5TD7O4MQ,177,5616,0.018626,0.000000,0.981539,0.957087,0.039609,-0.039609,False
AFEAQ2NZOIFAIBEP3UIWFD5BF6YA,178,14208,0.019251,0.001689,0.982043,0.958107,0.024876,-0.023325,False
AHM6CJDGT743FIJBQKAHW6KZVS3A,179,4516,0.018395,0.000000,0.981964,0.958107,0.044124,-0.044124,False
AGETNBPPPE7JZYU5ZY5353UQDSJQ,180,5647,0.017135,0.000000,0.981728,0.959075,0.039418,-0.039418,False
AF4JOAZRTKNCU6J2LPPYZ56KEXKA,181,11247,0.018072,0.000000,0.981886,0.958056,0.027961,-0.027961,False
AGEESDAHFO2TR6IM66O5NG33UDNQ,182,3662,0.016579,0.000000,0.981030,0.957087,0.049051,-0.049051,False
AERPQTYQJN42DMIPT36TPBU2HBCA,183,5904,0.015459,0.000000,0.979722,0.954021,0.038755,-0.038755,False
AHY2NSYOB26HPV3YODAA2SQE7W6A,184,5578,0.017845,0.000000,0.981605,0.959075,0.039662,-0.039662,False
AF7P3N4WIHMAVATNPD5MCDI5Y2KQ,185,30864,0.018212,0.006296,0.981339,0.957087,0.016896,-0.011129,False
AEIFL3J3AO7DLHEUWOXRLYHM7FSA,186,5512,0.019714,0.000000,0.982565,0.960143,0.039854,-0.039854,False
AHZ4TADPCXAAIKTFERGG5YB4BNQQ,187,10222,0.017717,0.000000,0.981874,0.956015,0.029392,-0.029392,False
AG6GKCLBWFLRRC467G5VV56G7LRQ,188,5823,0.019582,0.000000,0.982283,0.958107,0.038857,-0.038857,False
AE2S73K5525UUILYHPLCCWL3BZ4A,189,7871,0.019231,0.000000,0.982363,0.959126,0.033386,-0.033386,False
AE42SH6RMDLHFMXLKVI4JKAMC6TQ,190,5651,0.018805,0.000000,0.981866,0.955044,0.039571,-0.039571,False
AFREJADSLSLEMNNNUOEU33ID2XTQ,191,7832,0.019576,0.000000,0.982566,0.959126,0.033470,-0.033470,False
AEAJULF3WV5PN2GEMOXE4442ER7Q,192,7730,0.019507,0.000000,0.982810,0.959126,0.033690,-0.033690,False
AGAV7IY4HWGYRUIAGUZRXYUJ22DA,193,9442,0.020604,0.000000,0.982732,0.958107,0.030515,-0.030515,False
AGPV5HNR6FT7NS2WMURJXRN2PFTQ,194,13050,0.018215,0.000000,0.982155,0.959126,0.025929,-0.025929,False
AF7YPDDSITOLXXOX6JM7HYLUXK4Q,195,5318,0.020270,0.000000,0.981798,0.957036,0.040706,-0.040706,False
AELBJRKQJDDKWRYPXNIZLPOQTE7Q,196,7119,0.019597,0.000000,0.982389,0.960143,0.035068,-0.035068,False
AEY22LM45AHO3BB43OEE4IR2M6DQ,197,16613,0.020101,0.003859,0.982206,0.960092,0.022957,-0.019400,False
AFTSNLQBX4R6BYTB337XHJIYS4SQ,198,10009,0.018443,0.000000,0.981836,0.958056,0.029640,-0.029640,False
AHMTAZY6RIFGR3YXDZGTLCHHO6PQ,199,6693,0.019846,0.000000,0.981885,0.957087,0.036283,-0.036283,False
AF2B2EWI4N5H3KRSBJFWCZI4CWLQ,200,4014,0.017778,0.000000,0.981259,0.956066,0.046901,-0.046901,False
AEBFU6CCF4JOJKGQSSZWLZWMFEEQ,201,9432,0.018623,0.000000,0.981885,0.957036,0.030565,-0.030565,False
AGKXEQ55UWTAAB43PDI2YKIXVRHA,202,6853,0.018458,0.000000,0.982663,0.958107,0.035818,-0.035818,False
AEY2733HC2H6I25WYSD5Z4H2NQAA,203,5236,0.018012,0.000000,0.982254,0.958107,0.040978,-0.040978,False
AHVYEGMH66T7GGYPUNFLF5YKWP4Q,204,6155,0.020095,0.000000,0.982580,0.959075,0.037757,-0.037757,False
AHCZ6MJHUWGYWZ3SXMD3QBBOFAPA,205,15010,0.017943,0.000857,0.982163,0.960143,0.024151,-0.023361,False
AHKZOKNJHOKX6JOO3YBCV5WLUIEA,206,5808,0.018592,0.000000,0.981729,0.958107,0.038908,-0.038908,False
AFNEXUTLDRCCFVDWA6SYF4HCYD5A,207,7526,0.019730,0.000000,0.982588,0.960143,0.034107,-0.034107,False
AGZC734FUDTRUS54AWY5NO7XHCIQ,208,20072,0.018913,0.004137,0.981716,0.956066,0.020974,-0.017192,False
AGSFT5XKVSEWQ45E54ANFELLSLFQ,209,5392,0.018568,0.000000,0.980828,0.954021,0.040553,-0.040553,False
AGDB54YNPIHHKZ2X2WKFZSK3ZB7Q,210,5523,0.018417,0.000000,0.982165,0.957087,0.039941,-0.039941,False
AGMCZMRV6MJ5SCCUIEILXUKJ66WA,211,39325,0.018530,0.007974,0.981653,0.959126,0.014937,-0.007601,False
AEQQFXTK3EE4OM2ZVE6MVDR4RZFQ,212,3287,0.017294,0.000000,0.980935,0.955044,0.051885,-0.051885,False
AEMWMJSVSVJLDVC3566QJKS7FX3A,213,7037,0.018135,0.000000,0.981259,0.957087,0.035385,-0.035385,False
AERW7RVIVBVMHDXIXRAADQPB37MQ,214,12154,0.018045,0.000000,0.981801,0.959075,0.026869,-0.026869,False
AG3QUFIVOQ2WTVK3GPE34FDES57A,215,7106,0.018228,0.000000,0.981556,0.956015,0.035252,-0.035252,False
AH4D6CKIJ5KFQRJN2L7CI624WPVA,216,7532,0.019376,0.000000,0.981910,0.958107,0.034166,-0.034166,False
AEIMWJTY7PHIXTP5I7U72C6P6P4Q,217,3548,0.017671,0.000000,0.982862,0.960092,0.049677,-0.049677,False
AG2Q2QBN42KMKP5OY3GPU6MLPANQ,218,5259,0.020513,0.000000,0.982074,0.959075,0.040847,-0.040847,False
AH5N4M4TLLC3JZ3LNHYSIH4LXN2Q,219,6116,0.019633,0.000000,0.982189,0.958107,0.037915,-0.037915,False
AGN5R4K2X2CIV3WBSWHNDRUWTWQA,220,5599,0.018060,0.000000,0.981979,0.958056,0.039629,-0.039629,False
AH2SLATPAAEXB3ZHYVCNYFUTTKWA,221,7742,0.018374,0.000000,0.981442,0.958056,0.033701,-0.033701,False
AFV4TYPSM3XZC27VSC2NUVOVJ2JA,222,13600,0.018847,0.000897,0.981718,0.958107,0.025426,-0.024602,False
AEORT2SOUGKL76PYWWGS4SUL3OSA_2,223,6406,0.017573,0.000000,0.981452,0.957087,0.037087,-0.037087,False
AFCO2ELGXSFDAUXFUT432DBP2V4Q,224,4447,0.017969,0.000000,0.982378,0.955044,0.044607,-0.044607,False
AGFLDIUYV2PKF5Q7IEMULR52GW2Q,225,8212,0.021710,0.000000,0.983056,0.960143,0.032651,-0.032651,False
AGQBIQ7SOPHZ5FBBO7YYU6QDC76Q,226,8718,0.018924,0.000000,0.981936,0.958056,0.031759,-0.031759,False
AHRK5KLCWK442GNDV6M6BFD6EOMA,227,14646,0.018728,0.001430,0.982215,0.959126,0.024475,-0.023159,False
AFF5UFFS2BI64ZOE7DNVJAUS5BZA,228,5220,0.019295,0.000000,0.981742,0.957036,0.041086,-0.041086,False
AFR6N2JHAAWJLI5EJFQDENFMVVAQ,229,18833,0.018948,0.003694,0.982159,0.958056,0.021608,-0.018217,False
AH7EYATKZABJLZPV74F2UTJVZZKQ,230,15226,0.017306,0.000341,0.981726,0.959126,0.024005,-0.023691,False
AHGQDSOBAIVAAKJFIVEGS344MSXA,231,60637,0.017939,0.009438,0.981970,0.959075,0.012029,-0.003348,False
AG5NBJFEFL5UEL6NKYN7LABOLQAQ,232,7206,0.018182,0.000000,0.982246,0.959126,0.034893,-0.034893,False
AGIFKVNKJL2V6SJ5PMU7H32M6IHA,233,4325,0.018318,0.000000,0.981410,0.957087,0.045135,-0.045135,False
AE3KIOP3QQIL7POLQ35MHUTOSG6Q,234,8576,0.018536,0.000000,0.982303,0.958107,0.032019,-0.032019,False
AGSRRIGMCYDZJFPDZVTGTEAG5U2A,235,9708,0.020556,0.000000,0.982293,0.956015,0.030160,-0.030160,False
AEDADYSG6CKTSCV7XB2WIRE64ROA,236,4025,0.017588,0.000000,0.980527,0.954993,0.046890,-0.046890,False
AFFKZZOUORW65WVQM46HW5MJDK5Q,237,6151,0.017253,0.000000,0.981193,0.957036,0.037849,-0.037849,False
AHKJXKGW6B75J5WGY7H2IC2GTQWA,238,7168,0.019334,0.000000,0.982503,0.959075,0.034987,-0.034987,False
AHECWYK63MH2VFO4EAJATI37O2XQ,239,5984,0.019877,0.000000,0.982123,0.959075,0.038292,-0.038292,False
AEOR7D5V3JGWQKFFSVO4DI44VK3A,240,6120,0.018280,0.000000,0.981672,0.959075,0.037865,-0.037865,False
AHW3IQYI32ISDARYDGK4KBOCBP5A,241,7374,0.017984,0.000000,0.981804,0.958107,0.034530,-0.034530,False
AETAXONPW5QZSZF725MMFCYQU52Q,242,6062,0.017951,0.000000,0.981616,0.958107,0.038084,-0.038084,False
AGZ77AU67Q5B24EQDU2ZPPGRICMA,243,5058,0.019652,0.000000,0.982220,0.959126,0.041648,-0.041648,False
AFCVDGS5MKTBWYIAXTFX2QVL7VAA,244,5235,0.018595,0.000000,0.982340,0.957087,0.041025,-0.041025,False
AHWLCORU3EXTEQERFU5MOBF63CTA,245,5502,0.018698,0.000000,0.982500,0.959126,0.039932,-0.039932,False
AH5XIQCA7XZR7DJAGGQHPBY4XWLA,246,8032,0.019855,0.000000,0.982084,0.956066,0.033156,-0.033156,False
AGZHX5BG7HYRWGDBB47EXZHCYRLA,247,4818,0.019737,0.000000,0.982128,0.959075,0.042675,-0.042675,False
AF2K4N7F25NYQOH7RP7RE5A7HKXA,248,18345,0.017512,0.002057,0.981995,0.958107,0.021892,-0.020004,False
AGPFWZWSC74IUCHSR5SLS67RPFQA,249,4238,0.018699,0.000000,0.981608,0.958107,0.045548,-0.045548,False
AGQFUBXP54N5SB54U5LRPL62B2NQ,250,22652,0.019855,0.005946,0.982115,0.958056,0.019702,-0.014244,False
AGJSTGFAERXHGQEKIBNK5DAA5A7A,251,8166,0.018452,0.000000,0.982132,0.958107,0.032813,-0.032813,False
AFWD22B7BMLKF2UX6B6MSJDVC4UQ,252,8317,0.018895,0.000000,0.982132,0.958056,0.032515,-0.032515,False
AGM2IQT4E4RJBGCM5LJRAGVM6MBQ,253,8496,0.020659,0.000000,0.982463,0.961160,0.032067,-0.032067,False
AHHPTRLRAJ6EHWOAT2PLWIH3XEFQ,254,11956,0.019608,0.000463,0.982162,0.956066,0.027176,-0.026752,False
AEB45G7B26CZ6NV5SNZKP5MZBWIQ,255,9758,0.019198,0.000000,0.981501,0.956015,0.030083,-0.030083,False
AF7II5FZDNPVKYJWCSQGISXL5RTQ,256,5613,0.017565,0.000000,0.980482,0.955044,0.039705,-0.039705,False
AF5SUBEJYEBPZTN7TLWYBZPFCTIA,257,6198,0.019363,0.000000,0.982641,0.959075,0.037626,-0.037626,False
AEC7QNP6ZG7H265GOPXAP6HCYR6A,258,4935,0.017289,0.000000,0.981577,0.957036,0.042256,-0.042256,False
AHPG65LKS3QKRWDUWAKZNLEK5RZQ,259,12644,0.017258,0.000000,0.980671,0.957087,0.026398,-0.026398,False
AEFMCW35J7YWMM7HNMTAYXRHQNUQ,260,4651,0.018619,0.000000,0.981476,0.954993,0.043620,-0.043620,False
AFIIHGFEQSEL7QUGWG3BR5FWY5OQ,261,7235,0.018069,0.000000,0.981962,0.956015,0.034936,-0.034936,False
AG4LQ3ZXJ7GLXKRNXAMOYWVEH5ZA,262,5370,0.018182,0.000000,0.981876,0.959075,0.040422,-0.040422,False
AF2LFSDT2SHRD2WEEC3O2ZWIWYEQ,263,10083,0.019370,0.000000,0.982084,0.959075,0.029499,-0.029499,False
AE5UVV7CEOPTGOGVKMICTYGYINCA,264,14403,0.019567,0.002124,0.982198,0.958107,0.024707,-0.022757,False
AHSXYDM2OLH2JJHSW7XKDLLQARUQ,265,42745,0.018992,0.008867,0.982483,0.959075,0.014327,-0.006171,False
AEXUP4IYSE5EP3EGRMG33WXOLBIA,266,9754,0.017485,0.000000,0.981871,0.959075,0.029993,-0.029993,False
AFKIBYJU6XX6PZ6XKV7QZIQRH3YQ,267,4431,0.017706,0.000000,0.981778,0.958107,0.044545,-0.044545,False
AGMLI65AOM3CROTNHP7VVDIAP5IQ,268,4392,0.018395,0.000000,0.981771,0.958056,0.044744,-0.044744,False
AF7VAPLIIZQXD2OIMD547AEVDADQ,269,6820,0.018740,0.000000,0.981773,0.957087,0.035943,-0.035943,False
AGTEJVERQWRSFLUOXMZTJLYBOYIQ,270,10480,0.018375,0.000000,0.981582,0.956066,0.029026,-0.029026,False
AE4D7ZEYV4QNO3O44AHU7NAJCYLA,271,9723,0.017591,0.000000,0.981694,0.958056,0.030073,-0.030073,False
AHHXS2WOM4LZ5TYTWGBU4BAWTRSA,272,12348,0.018454,0.000000,0.981606,0.956066,0.026741,-0.026741,False
AGQE2TFMRL2MM6S3JAMA4GXWYQLA,273,5596,0.019188,0.000000,0.982006,0.958107,0.039638,-0.039638,False
AHRNMCEMAIL7GCJZV7KUAO4FJPTQ,274,5902,0.017200,0.000000,0.981344,0.956985,0.038642,-0.038642,False
AHIHFEX4NVBQE2EUGCR2RVX5GAKA,275,6436,0.016835,0.000000,0.981752,0.957087,0.037000,-0.037000,False
AG5SYIVIPKZ4AL56H2G4M7CENJKA,276,6638,0.019193,0.000000,0.982060,0.957087,0.036433,-0.036433,False
AFLSHORZNVM6GIFFISRTSRNYTOMA,277,23883,0.020131,0.006585,0.982467,0.958107,0.019187,-0.013142,False
AGJE532DIAJ6GFNAYUKVWWIDVT4Q,278,5566,0.018737,0.000000,0.981853,0.957036,0.039789,-0.039789,False
AGRCOIA4R2HQHWCX5ACH442GLJBA,279,10725,0.019582,0.000000,0.981639,0.960092,0.028573,-0.028573,False
AFKHQIBAHOJP6Q56M4DKLDJ6UTEA,280,4036,0.017086,0.000000,0.979588,0.954942,0.046828,-0.046828,False
AF3RX6UDRL5FLROADTKALI23FFBA,281,4111,0.017437,0.000000,0.980777,0.956015,0.046347,-0.046347,False
AFEZSUED252I46XWARER7JQGQHDQ,282,5184,0.017196,0.000000,0.981144,0.958056,0.041185,-0.041185,False
AFKANVTXCHK6FJTG43HHHHHI2SZA,283,5279,0.017956,0.000000,0.981251,0.958107,0.040810,-0.040810,False
AGG5SZ7EMJI66IQ6E3Z3YJKQD56A,284,7354,0.016780,0.000000,0.981020,0.955044,0.034688,-0.034688,False
AFMIIYKWWCQGBNEDPNYX5OCYE3KQ,285,5686,0.019006,0.000000,0.982129,0.958107,0.039323,-0.039323,False
AHR7ASHYYAUCK2DZH7H5IEYEDO6Q,286,7525,0.020167,0.000000,0.982063,0.958107,0.034182,-0.034182,False
AHWT25SVYZLTMOVG6O2EG7QZHL2Q,287,10378,0.018396,0.000000,0.981757,0.958107,0.029107,-0.029107,False
AHN4ZDNBHA7AAMJEFPF3P42L2NTA,288,10100,0.018429,0.000000,0.981746,0.960143,0.029442,-0.029442,False
AFKLEJK2Y4TKTISZMHKTHX3KCEYQ,289,10479,0.019140,0.000000,0.982051,0.957087,0.028997,-0.028997,False
AFL7536QHBZGJ4UI2UDMYQ4VBFSQ,290,4439,0.018355,0.000000,0.981162,0.955044,0.044647,-0.044647,False
AEYVH423M6U6BG3UB4YORR6HOKHQ,291,11658,0.018501,0.000000,0.981715,0.957087,0.027491,-0.027491,False
AEHR5NMNP5YWBOAEZVPJSA7BMBQQ,292,13113,0.017408,0.000000,0.981622,0.956066,0.025949,-0.025949,False
AFBICRUSD4PB7Q7X4WMX7SHEZZKA,293,10675,0.019377,0.000000,0.982491,0.958107,0.028699,-0.028699,False
AFREQVSUT5EV2MKBLWJLEPHYW5HQ,294,5778,0.018337,0.000000,0.981703,0.957036,0.039052,-0.039052,False
AHFYDVMWJ6LVAVVVVTQI2IBFRTRQ,295,6353,0.016695,0.000000,0.982091,0.958056,0.037203,-0.037203,False
AFCDUQVB7LESEXGR3YKKUJKIYVRA,296,4887,0.019035,0.000000,0.982135,0.957087,0.042461,-0.042461,False
AHFMHVMMF2XKBK5PPNS24SVXP3UQ,297,6652,0.017479,0.000000,0.981775,0.957087,0.036394,-0.036394,False
AFKWZQUQ3KC7TX3XMRNVRA6XOH6A,298,6631,0.018793,0.000000,0.981330,0.957036,0.036454,-0.036454,False
AGYIQYQKJSRVSDJUPW6Z5KNI3GRQ,299,9133,0.018747,0.000000,0.981963,0.959126,0.030994,-0.030994,False
AHV6QCNBJNSGLATP56JAWJ3C4G2A,300,9470,0.017382,0.000000,0.981622,0.956066,0.030535,-0.030535,False
AGY6KHWNEK2ZU5SFN6JJYFAXTWZA,301,4458,0.018654,0.000000,0.981935,0.959126,0.044362,-0.044362,False
AHX44ATPRIYVHL6TGP3RZN6XIK3Q,302,5502,0.020833,0.000000,0.982732,0.958056,0.039977,-0.039977,False
AE62HSB3XTOFDCM4GRIFDT2VIBOQ,303,12443,0.018667,0.000000,0.982081,0.959126,0.026554,-0.026554,False
AEQ2P7WFOZXT2WM3WSFJPDWLXQAQ,304,17558,0.018556,0.002758,0.981959,0.958107,0.022377,-0.019845,False
AF6NN2CFGWRW7LXNM2SDWLA5TUDQ,305,5745,0.019066,0.000000,0.982143,0.960143,0.039037,-0.039037,False
AGVBR47VU2BE4EVWFAXOO26SOWSA,306,10199,0.017816,0.000000,0.982305,0.958056,0.029362,-0.029362,False
AE6PSXRFBXPR4AHQKR2TQC56EKKQ,307,44058,0.018047,0.008074,0.981355,0.956066,0.014157,-0.006777,False
AHHQSSCEFBDD5V2IMTVEPR34BVMQ,308,22344,0.018398,0.004394,0.982125,0.959126,0.019816,-0.015773,False
AEHTE2TSRQVOUF5DERVN3V5W7EMA,309,20314,0.019103,0.004416,0.982098,0.955044,0.020871,-0.016843,False
AGIUGX2NKR2P7AQMYF4VH7HUF2TA,310,5844,0.017763,0.000000,0.982350,0.957087,0.038829,-0.038829,False
AGALPVA3UXLYMVRKZU4EHJ6HY3EQ,311,4684,0.018983,0.000000,0.981493,0.956015,0.043420,-0.043420,False
AHQWAFE4RL5ROZPG2HOKERRXGJVQ,312,6555,0.019868,0.000000,0.982400,0.957087,0.036663,-0.036663,False
AFE54MELB5IGFUYBSOBGJOSOMEPA,313,46289,0.017681,0.007951,0.982464,0.957087,0.013797,-0.006513,False
AETSH5HM7Q3ZXCTFHYOTCYVDTCAA,314,4822,0.018533,0.000000,0.981323,0.955044,0.042837,-0.042837,False
AGXKDBRZJ26PMB5CNUNHSDTCY7NQ,315,6297,0.019231,0.000000,0.982505,0.959075,0.037329,-0.037329,False
AETTD4RUL7QCIOVIRKNYKIVGKMIA,316,17873,0.019884,0.004226,0.982234,0.958107,0.022179,-0.018300,False
AG6DXLQH6VDH6X4RNFXQOHYBTR2Q,317,3588,0.019820,0.000000,0.982261,0.959126,0.049449,-0.049449,False
AG2VTFCAKUE6KZH72G523COQVUOA,318,9348,0.017477,0.000000,0.982086,0.958107,0.030668,-0.030668,False
AFN7HNPPSFSTLXI3SWA6FNWKV6SA,319,10789,0.018843,0.000000,0.981617,0.959075,0.028518,-0.028518,False
AFUQBLHWSNJSWDEXPNYV36DODBXQ,320,18387,0.018789,0.003351,0.981890,0.958056,0.021868,-0.018792,False
AFCD4C4IPRARNMTGEHHWOWIE5KBQ,321,6698,0.017778,0.000000,0.981826,0.959024,0.036196,-0.036196,False
AGJDDGXMJFWUVAPWYWT6452FFQSA,322,9606,0.017811,0.000000,0.981714,0.957087,0.030286,-0.030286,False
AHVTXRO3DZXPVSPFP2PCEAQ7GNBQ,323,5789,0.018496,0.000000,0.982210,0.960143,0.038889,-0.038889,False
AHFXWTBGOB75F6DFG7VUQZYQWMRQ,324,4413,0.017267,0.000000,0.981313,0.957087,0.044683,-0.044683,False
AHOFNQHMKWRZQRBRYSCN2NFWGEZA,325,6003,0.017533,0.000000,0.981500,0.956066,0.038352,-0.038352,False
AEL44WHEDEFNR3LR65SSDZWB4G3Q,326,16449,0.019053,0.002731,0.982399,0.959075,0.023096,-0.020584,False
AH4IDFVWP6NCHZFCONC4EKN63YUQ,327,5531,0.019293,0.000000,0.982317,0.959126,0.039828,-0.039828,False
AHKOEEKH4SLCLEMAR5YCS4FKMS6A,328,11663,0.017293,0.000000,0.981777,0.957087,0.027486,-0.027486,False
AF3AVKFPHVWDV4BGILIVZW542GFQ,329,8696,0.017645,0.000000,0.981967,0.957087,0.031831,-0.031831,False
AGUR5Z5USANA2XCROX4ZCIDN3CYQ,330,5250,0.018118,0.000000,0.982055,0.958056,0.040925,-0.040925,False
AFFDJZ6EHOAFLE7WS4GZMLMIWMRA,331,13020,0.019003,0.000658,0.981835,0.957087,0.026014,-0.025412,False
AE756PEH3Q7CWIDVLOGLUM6KIEPA,332,5217,0.018625,0.000000,0.981787,0.958056,0.041054,-0.041054,False
AH4LWUDVLJBW6O7EAZB3UF6VZWOA,333,12013,0.018722,0.000000,0.982172,0.959126,0.027025,-0.027025,False
AESCSIUHKLOQ3PVIGHOIHF2F5A3A,334,8815,0.019301,0.000000,0.982308,0.957087,0.031615,-0.031615,False
AE4DQHMACKSMM65GRIU77B25OC4Q,335,9706,0.019608,0.000000,0.981883,0.957036,0.030131,-0.030131,False
AEC2DODDROD5WJYCPVYLTZSQY5HA,336,4826,0.018356,0.000000,0.981046,0.956066,0.042774,-0.042774,False
AGGJ35ARTZU3L4H6RASY3M7CTE6A,337,9279,0.020148,0.000000,0.981732,0.957036,0.030816,-0.030816,False
AHL7DPZZJTW4Z4VZ6TKCRSXWZXJQ,338,5775,0.018692,0.000000,0.981858,0.960092,0.038938,-0.038938,False
AGN4Y6S2XZVAT55EWY7XNHJYOGOQ,339,8355,0.018370,0.000000,0.981729,0.957087,0.032474,-0.032474,False
AEM67ZLSNV2TH3O4MC7VM7GCXQBA,340,11785,0.019787,0.000504,0.981788,0.958056,0.027315,-0.026853,False
AEONSYQSC53SBO5NSXJ6GRSWY36A,341,5176,0.017003,0.000000,0.980984,0.957087,0.041258,-0.041258,False
AFSUI7EPMF6XFG2T4LYXZD2XS75A,342,6368,0.019387,0.000000,0.982636,0.959126,0.037118,-0.037118,False
AHAUPRV26D4WPQN2JIJUWUZQM7WA,343,13947,0.017495,0.000000,0.980870,0.956066,0.025161,-0.025161,False
AEBJEFYQMDZGCOGQMVO5OUL7C6TQ,344,10457,0.017225,0.000000,0.981296,0.957087,0.029027,-0.029027,False
AH5IN5WFTJNFLLSMR642MIW4AVBQ,345,4475,0.020472,0.000000,0.981612,0.955044,0.044467,-0.044467,False
AFZRI5VBKTGRUYSTV4ZRXWGDXRUA,346,6380,0.019441,0.000000,0.982127,0.957036,0.037164,-0.037164,False
AEZRVV766TTJ3WBMBEZL3QLMTFXQ,347,7088,0.018353,0.000000,0.981710,0.956015,0.035297,-0.035297,False
AEZ46PGKETRG4PUCA4QKXUHS5C3Q,348,4100,0.017268,0.000000,0.981492,0.957087,0.046357,-0.046357,False
AFULQXMWPKHB4TXP4AV5Z5TNMSBA,349,7603,0.020113,0.000000,0.981973,0.957087,0.034042,-0.034042,False
AE7WDJBLIDV4PZNMNQ6E2ASAVUHQ,350,25511,0.018179,0.005073,0.982137,0.958056,0.018565,-0.013909,False
AHPDTZPJURZALWCECXNGOSQYBZXQ,351,11726,0.019500,0.000168,0.982203,0.957087,0.027412,-0.027258,False
AHXI6LRWN3FI2RWEFXHXSENYC66A,352,6528,0.019305,0.000000,0.982227,0.957087,0.036738,-0.036738,False
AFMY5CEPFKJXLHTMOJSYC4XABXOQ,353,18755,0.018016,0.002731,0.981658,0.958107,0.021652,-0.019145,False
AE7QX327FYG2YS4OL27GBQABRRDQ,354,21303,0.019561,0.005219,0.982127,0.958107,0.020315,-0.015525,False
AFGRAUIXGHWO224SV5YN3TNEUMJA,355,6201,0.018239,0.000000,0.981439,0.957087,0.037695,-0.037695,False
AGCOHP26FKOWWUEPWYPWBI6SVTMQ,356,7113,0.019331,0.000000,0.982132,0.958056,0.035160,-0.035160,False
AHX2FASTVBGC5KSGAH7YCAIIVYJA,357,8551,0.017108,0.000000,0.981807,0.958107,0.032066,-0.032066,False
AG2KE7ABGFVP4P5X4ONOVUGNLUGQ,358,6368,0.018023,0.000000,0.981974,0.958056,0.037159,-0.037159,False
AGI3DNMK5LFRQAF3CS7U2WKVPSCA,359,8062,0.017153,0.000000,0.980802,0.954993,0.033131,-0.033131,False
AEKNMPUXBMNMHDYWMLKOUTEY3LYA,360,7868,0.018293,0.000000,0.982391,0.959126,0.033393,-0.033393,False
AERWHKQXGI2WUUV5SSKYIAQQFJGA,361,6052,0.018375,0.000000,0.982277,0.959126,0.038075,-0.038075,False
AHPJNCCV5PGRYLDQYKBUZI55WN2Q,362,10754,0.019204,0.000000,0.982036,0.957087,0.028624,-0.028624,False
AFQQRHNOS2AJSMORGOJQTDOWF6EA,363,27621,0.019109,0.006514,0.982483,0.959126,0.017822,-0.011830,False
AG5VMU4VFC4EAT5K4RTG2OPCL4QA,364,7520,0.019280,0.000000,0.982325,0.957954,0.034199,-0.034199,False
AFV5AGGMXOTTWHRUPDL7L5XQYZWQ,365,8096,0.019344,0.000000,0.982284,0.958107,0.032954,-0.032954,False
AE6UKJJQFMXZ3Q7VWMKXEPMI2IJQ,366,4594,0.018086,0.000000,0.981986,0.958107,0.043747,-0.043747,False
AFZJSGJLARXCYVO2NTD6IE63E2HQ,367,5787,0.019595,0.000000,0.982408,0.958107,0.038978,-0.038978,False
AFQRJNI4BPKEGI5M64VF4JYGVU4A,368,4284,0.015198,0.000000,0.980289,0.955044,0.045448,-0.045448,False
AFL6PHUW2ZGMWBAPEE3CZSHWOGZA,369,6512,0.018250,0.000000,0.981920,0.959126,0.036705,-0.036705,False
AEQW2UTAF5VA3M24DLBFQG4P5RTQ,370,5291,0.017926,0.000000,0.981215,0.955044,0.040895,-0.040895,False
AF7WHR2URJM4CF6HABSVIQHNY2NQ,371,4541,0.020801,0.000000,0.982276,0.959126,0.043955,-0.043955,False
AHITMY4R3DYM6QWFUYVVCBGYW52Q,372,3506,0.017241,0.000000,0.980294,0.956015,0.050187,-0.050187,False
AH6RO2MUQJBOTBQMME4AIDNUJYFQ,373,6592,0.019653,0.000000,0.981851,0.958107,0.036521,-0.036521,False
AGZUJTI7A3JFKB4FP5JOH6NVAJIQ_1,374,14958,0.016162,0.000000,0.980565,0.954993,0.024323,-0.024323,False
AEHXKS3UWSNEK2WDJQQH54O7ZAZQ,375,5093,0.018208,0.000000,0.981951,0.958107,0.041549,-0.041549,False
AHUBQHB557N4AGFHFPKDJHOXJJGA,376,4940,0.018546,0.000000,0.981857,0.959126,0.042143,-0.042143,False
AHQBFPKS3BGMSWWY4EH5SZHMLDTQ,377,6381,0.020235,0.000000,0.982152,0.958107,0.037120,-0.037120,False
AFEOXDAUY53OED4TMQHXMMEPLALA,378,4855,0.018325,0.000000,0.981628,0.957087,0.042601,-0.042601,False
AGWJPQ545STVURY4F7G5CCPBIQ7A,379,6721,0.019574,0.000000,0.982750,0.959126,0.036130,-0.036130,False
AGW7WEU5IG5DRNRQ7SBRRG4FYEZA,380,39724,0.019419,0.008916,0.981998,0.958056,0.014878,-0.006694,False
AFYFUNS3ECU4J3ZRA5TP3XSMIUTA,381,4705,0.017504,0.000000,0.981517,0.956066,0.043320,-0.043320,False
AH43LPVGKQAI5YH5FR43MYIGZC5A,382,10805,0.017736,0.000000,0.981473,0.956015,0.028588,-0.028588,False
AG5VNBFYVTWZQL6URTMWJSJIS7PQ,383,5569,0.019206,0.000000,0.981565,0.956066,0.039818,-0.039818,False
AEOYWMLWQX43VA3EE4SZAZK4AOMA,384,6893,0.017320,0.000000,0.981936,0.958056,0.035716,-0.035716,False
AEYZ5S3OU4YJPU222CDOR42FQFIA,385,5699,0.020188,0.000000,0.982668,0.960092,0.039197,-0.039197,False
AHOHLNMGSXJLXSG7BSIJDLQLMQAQ,386,4730,0.018692,0.000000,0.981911,0.956066,0.043206,-0.043206,False
AFYSEQVHWTVMWWCX7CT7PA7VNU6A,387,5842,0.018114,0.000000,0.982054,0.958056,0.038796,-0.038796,False
AEQLRFSCJIRIKSYQ2KQJCIBP4RHQ,388,21115,0.020818,0.006412,0.982666,0.959126,0.020384,-0.014486,False
AH6CBXJMJL4UPDBPZRYOK2A4J4QQ,389,4735,0.018209,0.000000,0.981335,0.956015,0.043185,-0.043185,False
AGRFO6O6XIYLHVIFNUTT7VGQONHQ,390,6567,0.017755,0.000000,0.981649,0.958107,0.036590,-0.036590,False
AG6M2OKNHLTZENAACVZFQL36XT2A,391,22679,0.019121,0.005221,0.982379,0.959126,0.019669,-0.014866,False
AG5I45ZGHHCYIAWWCVEIR6BYI3RA,392,4576,0.018182,0.000000,0.981664,0.958107,0.043833,-0.043833,False
AFYEXZTYGZ4TX6H5RTMOCSZXBSLQ,393,5896,0.019853,0.000000,0.982364,0.959075,0.038577,-0.038577,False
AEQUPJFSMPHWXHKTTNNXY3NNKTHQ,394,8235,0.018442,0.000000,0.982099,0.958107,0.032675,-0.032675,False
AEJYFOK4LHIS2ROVL57UXDVAHBOA,395,6044,0.020408,0.000000,0.982671,0.958107,0.038140,-0.038140,False
AFKEUURWVXYJOYGZOUKJQ4VOVZCQ,396,8679,0.017762,0.000000,0.981905,0.958107,0.031828,-0.031828,False
AFMNODMYRR7Y2SZHUFX7MUNLDUGQ,397,5027,0.018489,0.000000,0.981752,0.956015,0.041912,-0.041912,False
AEMYUGKFRP2UUSRF467XWHUSJQKA,398,7644,0.017687,0.000000,0.981525,0.958107,0.033915,-0.033915,False
AG6US2ADNB67R7NZLRNGKK7IVR3A,399,4552,0.017341,0.000000,0.980480,0.954021,0.044137,-0.044137,False
AGLMHJEWZBMXWLRX25ETEEYVKINA,400,10296,0.019038,0.000000,0.981666,0.958107,0.029222,-0.029222,False
AEGE6O6QPB26V7GVK2FKFGHIXWWQ,401,7171,0.020012,0.000000,0.982411,0.960143,0.034941,-0.034941,False
AHIAQ67BVQTUF6HVWOF35GUQW3XQ,402,6273,0.019350,0.000000,0.982309,0.958107,0.037438,-0.037438,False
AFCQODXRVHWIJD5CWNND7J4GQ2MA,403,10689,0.019900,0.000000,0.982410,0.959075,0.028651,-0.028651,False
AH33DSGP6JD2BY4GKQOMITFCNFKA,404,17334,0.019863,0.003963,0.982456,0.957087,0.022546,-0.018915,False
AHSASLZZLTR7E23XSOA4HW5QX7EA,405,13388,0.019942,0.001850,0.982509,0.960143,0.025572,-0.023866,False
AEKY432H6WTR5PJFVOQELAA6TQ4A,406,8646,0.017050,0.000000,0.981312,0.956015,0.031959,-0.031959,False
AH7HCMRSHZCML7WGBJP3YPNTPLSA,407,5070,0.018564,0.000000,0.981567,0.956015,0.041734,-0.041734,False
AGAHQWPVZBU5NFC5VGS5GQQLDPMQ,408,4544,0.018504,0.000000,0.981603,0.958107,0.043987,-0.043987,False
AG46DXNFU65ZZXWRTQ3R5N7Y2IMQ,409,6994,0.019499,0.000000,0.981656,0.956066,0.035531,-0.035531,False
AHHGMQ5GFTU62AI3MWQFEKWHNKDA,410,5764,0.017424,0.000000,0.981676,0.957087,0.039097,-0.039097,False
AER5LFOUF23FX3CTQAIGCVSXYU2Q,411,5202,0.019438,0.000000,0.981895,0.957087,0.041155,-0.041155,False
AHQEQ4C7GOFXLV7TCPD7ZEB4NQJA,412,5459,0.019495,0.000000,0.982199,0.956015,0.040220,-0.040220,False
AF4H52NRG5JIOPRLIYOED4JZEQMA,413,7201,0.019253,0.000000,0.982171,0.957087,0.034979,-0.034979,False
AF6QAHEJL6WEQHIO2PWQNPNPJIRQ,414,4272,0.018429,0.000000,0.982119,0.958107,0.045366,-0.045366,False
AHZRUCQACCVHJ5W7VTYWOTZICVAA,415,25060,0.018513,0.005289,0.981809,0.957087,0.018751,-0.013906,False
AHCHV7T4WWVWJNFINVG57LX5J4GA,416,5290,0.018367,0.000000,0.981372,0.955044,0.040899,-0.040899,False
AHUYAITDXGCQ5RLRZGP5C5PLRB7Q,417,15072,0.018018,0.000967,0.981800,0.958056,0.024154,-0.023266,False
AEDCAW62Y73SDQEVISDWSVSVNUVA,418,6558,0.021118,0.000000,0.982560,0.959126,0.036576,-0.036576,False
AGFUQU7XRXGWMT3GNAISYFQV3SUA,419,12307,0.017649,0.000000,0.981732,0.958107,0.026728,-0.026728,False
AEW7VB43WF43JBV6TA6RIKOYLWRA,420,4022,0.018453,0.000000,0.981141,0.956066,0.046855,-0.046855,False
AGDGMB7AQBS75JIOCIDD4C54NVCA,421,7050,0.019760,0.000000,0.982537,0.960092,0.035241,-0.035241,False
AGISOCHR4AI2PHPRL3J3E42JEVLA,422,4269,0.017256,0.000000,0.980751,0.957087,0.045430,-0.045430,False
AHJGZUKX76JHUDT6MKANUXRC5R7A,423,40350,0.020153,0.009732,0.982921,0.959126,0.014746,-0.005793,False
AEGKJTQWHGBIOTO34OB3GKIGCN7A,424,15175,0.019451,0.002458,0.982149,0.958056,0.024072,-0.021815,False
AFGCRBV3FJWSRSSWQE32UF6H4F3Q,425,8752,0.019332,0.000000,0.981979,0.960092,0.031630,-0.031630,False
AGD63JV4YYGI34EXAFJHEHKTQYQA,426,3692,0.017945,0.000000,0.980247,0.954021,0.049009,-0.049009,False
AFMKYJEEGTOYLGNBX6B7FZIKC3RA,427,5926,0.018069,0.000000,0.981619,0.957036,0.038561,-0.038561,False
AEIEKUH6Z6OH2GVPS35MCF6C2YNQ,428,26251,0.018962,0.006042,0.982630,0.960092,0.018263,-0.012694,False
AFG5DA7NUVP7FVG6MJWNXLGGO2LA,429,6666,0.019863,0.000000,0.982128,0.958056,0.036319,-0.036319,False
AEFDIVNWWBP2IEEPXCTIRWCIPWSA,430,5176,0.018651,0.000000,0.981319,0.958107,0.041215,-0.041215,False
AGVJST7CASCOH7EWNENJM6VR77LA,431,11709,0.018913,0.000000,0.981731,0.957087,0.027432,-0.027432,False
AGKQOGMY7SVDTMMSC7T7MM2KFB4A,432,7423,0.020591,0.000000,0.982845,0.961160,0.034306,-0.034306,False
AGSVNZDZNPCMXG5DEFXMZNRH2LCQ,433,47257,0.019179,0.009549,0.982325,0.958107,0.013640,-0.004874,False
AEBDUTDUTBCJ5DRNRYF5OE5MTPPA,434,11512,0.019993,0.000483,0.982028,0.957087,0.027665,-0.027223,False
AFTQN4MTJHHVFM4FEXY5KT76OY4A,435,12178,0.018541,0.000000,0.982100,0.959126,0.026841,-0.026841,False
AF2KDD3AVW54DIIRKQ5VA3APSPVQ,436,4489,0.019011,0.000000,0.981652,0.957087,0.044303,-0.044303,False
AG7NHAT2HSVNIBI6LH5QM6YFK4JQ,437,73015,0.018322,0.010575,0.981806,0.956066,0.010997,-0.001330,False
AEAF6UYWPYXXF2MOOTGNJT4OZV6A,438,5256,0.018983,0.000000,0.982254,0.957087,0.040943,-0.040943,False
AF6VJYLVYJCQIXUEIBSVKZGRUGVA,439,7868,0.019284,0.000000,0.982570,0.960143,0.033357,-0.033357,False
AHSL6SPJ3F6JQU4TG2UFMHVVQCKA,440,9125,0.018392,0.000000,0.982265,0.958107,0.031041,-0.031041,False
AG4D7B2B6JZP6LIZXRPCYFWODKKQ,441,6485,0.020279,0.000000,0.982653,0.959126,0.036782,-0.036782,False
AF6XCN7EPYNIO24FJRNV3KOFI3QA,442,6531,0.017072,0.000000,0.981314,0.957087,0.036730,-0.036730,False
AGAVE3RJU2Q3N3WVKPORQ2PYU26A,443,22543,0.018827,0.004884,0.982561,0.960092,0.019708,-0.015206,False
AHDJUFVTKDJUUBAIFGT4WVU2YGOA,444,7042,0.018987,0.000000,0.981980,0.956066,0.035410,-0.035410,False
AFIQRDAYJLNVCGJWSOHI2QKPOQ3Q,445,5294,0.018280,0.000000,0.981474,0.957087,0.040796,-0.040796,False
AFS2FQVHIMUXIABBO5BMHZCDWW6Q,446,3592,0.017715,0.000000,0.981547,0.956066,0.049580,-0.049580,False
AEKNUVZ54GHK35OSOD3TI75BQDGQ,447,5432,0.020202,0.000000,0.982297,0.959126,0.040189,-0.040189,False
AEBVIJZLUXIBEZ25ZQLG4SPFVMVQ,448,7473,0.017787,0.000000,0.981790,0.959075,0.034266,-0.034266,False
AFUPZ42DV2WKMF3SC2EKD2ZLD65A,449,7447,0.019293,0.000000,0.982044,0.958107,0.034360,-0.034360,False
AHR5HMD2RY6FF323ZN4RXNLU4UAQ,450,6757,0.017745,0.000000,0.981989,0.959075,0.036036,-0.036036,False
AHR6M4DYJMUKR6T4VB6MFN67MEOA,451,3868,0.018213,0.000000,0.981206,0.957087,0.047727,-0.047727,False
AHOOD7DBLBIUO6DB7DZMCWYBZS3Q,452,35195,0.019048,0.007889,0.982080,0.958107,0.015805,-0.008563,False
AFNIEDCE6BLCHCFULJTN66EWSLMA,453,6046,0.018742,0.000000,0.981903,0.958056,0.038136,-0.038136,False
AELETLCYBQBTWSUKGSWG23QI7IJQ,454,10919,0.020295,0.000262,0.982776,0.958107,0.028376,-0.028136,False
AF63GHTZBFUQTJPVNLMYMBCRQRJA,455,5797,0.019392,0.000000,0.982010,0.959126,0.038903,-0.038903,False
AFZUC23U6UM5PQGWTWF3DEYO2YYA,456,9668,0.019915,0.000000,0.982143,0.958056,0.030158,-0.030158,False
AFRYDQVWTDEA7724F2O454CVQS6Q,457,5910,0.018285,0.000000,0.982336,0.957087,0.038611,-0.038611,False
AHSCNOTMQI2WQ4YUTXSOBJ3OFG7Q,458,21776,0.019346,0.005160,0.982500,0.958107,0.020094,-0.015356,False
AGBWD5VMK2NVIAIXF7OINPOSC46A,459,25459,0.017499,0.004379,0.981622,0.955044,0.018643,-0.014649,False
AFFYOGW567R22D6QXHYYJT2NVV2Q,460,5194,0.020455,0.000000,0.982324,0.957087,0.041187,-0.041187,False
AGXXNB2FXMNKOLZYPDC2NS3K7G5A,461,10900,0.020586,0.000536,0.982494,0.960143,0.028341,-0.027847,False
AHLUM3IZPNZPLJEKYACUGH66YQLQ,462,7567,0.018577,0.000000,0.981125,0.956015,0.034161,-0.034161,False
AFRVEZ6EJNYZOHC7WT5T4OJP5XCA,463,6415,0.018878,0.000000,0.982594,0.958107,0.037021,-0.037021,False
AES3YWD3ONJOUDRWFIV2ZO44QDAQ,464,42353,0.019425,0.009253,0.982482,0.959126,0.014393,-0.005881,False
AEKN6CHGDPL4TCGLZUM4V5U46QBQ,465,6759,0.018107,0.000000,0.981456,0.954993,0.036184,-0.036184,False
AHH3ASURHRSUP4F6CXG6KWFMAT2A,466,8224,0.020080,0.000000,0.982497,0.958107,0.032697,-0.032697,False
AHMM4IE5PPFSNOXOOPDBW37GB36A,467,8371,0.018546,0.000000,0.981726,0.959126,0.032374,-0.032374,False
AG5WQAU45AHMYG3IVZXID43THTAQ,468,6957,0.019785,0.000000,0.981927,0.957036,0.035589,-0.035589,False
AFBOXU6QKQGVJP6M4THIHE66BMCA,469,6861,0.018888,0.000000,0.982236,0.960143,0.035722,-0.035722,False
AE4YO2ZT4TMRFFA54ZZUQGK27YZA,470,6213,0.018782,0.000000,0.982200,0.957036,0.037660,-0.037660,False
AFTDBAD66GZC62GV6EIHBF3K5HAA,471,7398,0.021390,0.000000,0.982576,0.958107,0.034474,-0.034474,False
AGTPYYIF2KZYACAGPMFRIBTACMSQ,472,5404,0.019593,0.000000,0.982827,0.958107,0.040336,-0.040336,False
AE23ZBUF2YVBQPH2NN6F5XSA3QYQ,473,53050,0.018040,0.008951,0.982034,0.959126,0.012860,-0.004626,False
AHFGE4VXBOCPGICMJ2XZACGEJOAA,474,6476,0.018908,0.000000,0.982702,0.961109,0.036731,-0.036731,False
AFKZESU3PTCQ2UVDBDSFVFTXBFNQ_2,475,27501,0.017439,0.004816,0.981523,0.957087,0.017899,-0.013488,False
AHA67Q47N35BIULG2YNU7ZA3YEWQ,476,14563,0.017196,0.000000,0.981571,0.958005,0.024574,-0.024574,False
AHDPI35VZ3SH2VZVGOYJS52LPVAQ,477,5727,0.016698,0.000000,0.981081,0.957036,0.039226,-0.039226,False
AEXQED3KRQKIMV6WOUKR3HJ5HKDQ,478,15844,0.020045,0.003414,0.982525,0.960143,0.023507,-0.020359,False
AGPTDCDZJKJL2TCSX2FYL5MW33GA,479,5790,0.019502,0.000000,0.982037,0.958107,0.038968,-0.038968,False
AGLOXQBIOUHGR3OQ3WSGE4NP2T2A,480,7028,0.017919,0.000000,0.981534,0.959075,0.035334,-0.035334,False
AHSP5IKX6USXFMSHWDQMXSKAEJ3Q,481,6133,0.019485,0.000000,0.981439,0.957087,0.037903,-0.037903,False
AEX6GC25ANZIT36EQGUAJOGXCPLQ,482,19695,0.018302,0.003386,0.981857,0.958107,0.021129,-0.018021,False
AGADEX5O4F3Q4BLG3VYHHKRARSDQ,483,5531,0.019623,0.000000,0.982112,0.959126,0.039828,-0.039828,False
AEOUAVGSFJS53WXZT7ESMQT3VMSA,484,5227,0.019341,0.000000,0.982438,0.960092,0.040928,-0.040928,False
AFRGJMSUHGKN6E36WF7NUXIQVXVQ,485,16493,0.018142,0.001842,0.982086,0.958056,0.023090,-0.021399,False
AFUXD5ALWDRCHSXS4DGLVZAKS3IA,486,7929,0.019010,0.000000,0.982182,0.958107,0.033300,-0.033300,False
AES77I2GEGGTHPYTW2YXN6T5VGXA,487,7282,0.018296,0.000000,0.981628,0.958056,0.034749,-0.034749,False
AELK42U6YCYLVSH6GQ2XODTAOSVQ,488,6630,0.018983,0.000000,0.982250,0.958107,0.036416,-0.036416,False
AE2XQEA63DL66X2UUTRRF6LDEJRQ,489,8214,0.019440,0.000000,0.982215,0.958107,0.032717,-0.032717,False
AG5AS6HFWYJ6SLDZEWGQE4NXF6AQ,490,6546,0.019343,0.000000,0.982503,0.959126,0.036610,-0.036610,False
AHS4PZFYYBOPFTPEMD2NEQZ4LMIA,491,9291,0.017578,0.000000,0.981560,0.958107,0.030762,-0.030762,False
AHK22RUTPDKFZIFHCLL3NL765XCA,492,12125,0.018951,0.000000,0.981586,0.956066,0.026986,-0.026986,False
AEA6O7PSMHO4VOKWAZOYOKKULRDA,493,4423,0.017442,0.000000,0.981693,0.958056,0.044587,-0.044587,False
AFAGV3OYQR5AND4HEV3KPFX47NZA,494,9769,0.017216,0.000000,0.981837,0.959126,0.029968,-0.029968,False
AEBA3PHX2IZXTOVI6XDGA3Y5UR7Q,495,4247,0.018654,0.000000,0.981638,0.956015,0.045599,-0.045599,False
AEXHGP5FTG3WZPUIVPEFZREQWFEA,496,5878,0.017251,0.000000,0.981952,0.959126,0.038634,-0.038634,False
AGRC3JDXRCSSQ6TOMEB66Y5ORIYA,497,5740,0.019973,0.000000,0.982364,0.961109,0.039015,-0.039015,False
AEIIRIHLIYKQGI7ZOCIJTRDF5NPQ_2_2_2_1,498,26561,0.018775,0.005931,0.982218,0.958056,0.018195,-0.012751,False
AHUQHUKMW2VDHUHTAWQVVYYNER4Q,499,4380,0.016629,0.000000,0.980526,0.957087,0.044851,-0.044851,False
AHCUI3MCE2AGX2HLG2YSWG3Z3OFA,500,4593,0.019440,0.000000,0.981620,0.957036,0.043801,-0.043801,False
AGHETJ7PN7P2EEPPQZHFVHGV7TAA,501,15784,0.018186,0.001524,0.982027,0.958107,0.023601,-0.022202,False
AF2AHWFRYLISW4WNTUF6OSP3BBEQ,502,9340,0.018100,0.000000,0.981865,0.957087,0.030714,-0.030714,False
AETQ662T5IP4NC524RTVV6ZWNOBQ,503,4621,0.018663,0.000000,0.981108,0.959075,0.043575,-0.043575,False
AHDNBD6BXVJE7DUHN3HPT432WRDQ,504,10163,0.018498,0.000000,0.981765,0.959126,0.029382,-0.029382,False
AGWUPUBODLPBDOKF7WR3NZLSQIXQ,505,9948,0.019289,0.000000,0.982064,0.958056,0.029731,-0.029731,False
AEXO6YBJHQZFPLVRQJI6VX7IJDNA,506,13650,0.017749,0.000000,0.982254,0.959126,0.025352,-0.025352,False
AGSQN7QVGI3VRJO4LX6F5E63QJIA,507,6013,0.016571,0.000000,0.981950,0.957036,0.038281,-0.038281,False
AHX7REGI74RJYU6QNM6CHKH2L3SQ,508,12753,0.018470,0.000000,0.981895,0.958107,0.026257,-0.026257,False
AF5TD2FIKGIYPODNQVRGRDQANF7Q,509,20282,0.019667,0.004968,0.982262,0.959126,0.020798,-0.016228,False
AEHMQSTB6ESWFAT4AHROTV6M7VWA,510,3621,0.016155,0.000000,0.981427,0.959075,0.049226,-0.049226,False
AGG4ORO3HU7EEFTG7JYP7IXZ7HNA,511,7987,0.018677,0.000000,0.981973,0.959126,0.033143,-0.033143,False
AESXPFPYKPBWD4SLCAZRXX22GEZA,512,6038,0.018759,0.000000,0.982327,0.957087,0.038200,-0.038200,False
AHP3RMY24RUHJWKGGHY4XRXEA7TQ,513,5185,0.019040,0.000000,0.981475,0.958107,0.041179,-0.041179,False
AF5LSOLMFO3RQAH2LWPPWPYMNNWQ,514,12176,0.018293,0.000000,0.981949,0.959075,0.026845,-0.026845,False
AGE2W3LSEPUMPDXXMMXOEDZ46GWQ,515,5392,0.019255,0.000000,0.982136,0.956066,0.040467,-0.040467,False
AGMRNSQL6FRY5GP77GUBUIR2HVTA,516,5907,0.018617,0.000000,0.982453,0.960143,0.038498,-0.038498,False
AHNQEGOLNDNC5IOKANIAOC7LW2GA,517,6142,0.018237,0.000000,0.981456,0.959126,0.037795,-0.037795,False
AEM7ZR6X2YIN5CBPYQXQIEPTNYJA,518,3978,0.018650,0.000000,0.982218,0.957087,0.047063,-0.047063,False
AEIYLNXFUY2EADFY736TIRBD4HGQ,519,6246,0.018471,0.000000,0.982123,0.959126,0.037479,-0.037479,False
AEHV5QSASACDSTO62UXNRM3CIOIQ,520,6294,0.018868,0.000000,0.982422,0.961109,0.037258,-0.037258,False
AGMIT66KFFRGJFOVS3DKXIJ7VYGQ,521,8715,0.017999,0.000000,0.981921,0.958107,0.031762,-0.031762,False
AEOED2TZEJUJI7XNJWMP4S5I5TSQ,522,9280,0.019122,0.000000,0.982547,0.958107,0.030780,-0.030780,False
AE3JHU5FFAHLLPFIDRTNY2ZTWNWQ,523,4700,0.018605,0.000000,0.981795,0.958056,0.043254,-0.043254,False
AF54J6UBFYLCY5DW2KYQXLNMZPGQ,524,6073,0.018868,0.000000,0.981696,0.957087,0.038090,-0.038090,False
AF5DN3WHPZKNRL5IEYBDTMNCVGDA,525,4455,0.020194,0.000000,0.982437,0.958107,0.044425,-0.044425,False
AGSNKFQ67XEX7JR3KMPUONRPNGYQ,526,17202,0.018918,0.002957,0.982105,0.957036,0.022633,-0.019925,False
AFUA5LQPDJOM6TDWTOLF6N74GUKQ,527,7573,0.019444,0.000000,0.982053,0.959126,0.034037,-0.034037,False
AE3GOLU5565IGELCLCMXSDAJBHYA,528,5036,0.020588,0.000000,0.982569,0.957087,0.041828,-0.041828,False
AHU5CEFMHIARA3FUDNNHQJTVKEDA,529,11746,0.018182,0.000000,0.982082,0.960092,0.027303,-0.027303,False
AE4IUAHJ4UGJM2AAHDDJYWQUPUWQ,530,4531,0.019432,0.000000,0.981827,0.957087,0.044097,-0.044097,False
AG65BD5EVGIFAAFJEDYG5VMAO6FQ,531,11070,0.019309,0.000000,0.981905,0.958107,0.028182,-0.028182,False
AGSM75HHGVYI263VKMFQMK6GJQ7A,532,26343,0.018628,0.005731,0.981612,0.957036,0.018289,-0.013041,False
AEID2J5IAK3LDPXXEDHH4T3JV3VQ,533,9854,0.018018,0.000000,0.981881,0.959126,0.029839,-0.029839,False
AEJULOIIS2FOHJKRJK5JLXZDWFOA,534,5788,0.017979,0.000000,0.981682,0.957087,0.039016,-0.039016,False
AEL77HR7DJEAEUFEHUHXS4ITQ3CA,535,5931,0.019646,0.000000,0.982588,0.959075,0.038463,-0.038463,False
AHFEJ43QFE5M7F6HIK2FEXHTAIUQ,536,5373,0.017949,0.000000,0.981582,0.958056,0.040454,-0.040454,False
AGSGUQ5INR6QIZN5KFOFXHV3CFZA,537,5173,0.019897,0.000000,0.982247,0.958107,0.041226,-0.041226,False
AHGGEBG6ULZ4CC4XTUVH7JCO2ZRQ,538,8363,0.019880,0.000000,0.981697,0.956015,0.032495,-0.032495,False
AF6VN3TUVQLOPONM5GPIG26BMHIQ,539,13226,0.017982,0.000000,0.982379,0.958107,0.025783,-0.025783,False
AFSBZBYPM2DLIXKYS3WEQ6L3ZZGA,540,16600,0.018881,0.002634,0.982484,0.957087,0.023039,-0.020626,False
AGD3WE6VAWDOBMVDUHA7WCTF4SQQ,541,7278,0.018593,0.000000,0.981638,0.957036,0.034796,-0.034796,False
AGVXEMIIQ2S4N7TFU62FQASJJ6ZA,542,19247,0.020688,0.005599,0.982514,0.958107,0.021373,-0.016233,False
AEI77FRGYVNL3P7GNBBK76XHCU5A,543,10447,0.017926,0.000000,0.981483,0.957087,0.029041,-0.029041,False
AGSTQ3JDGW2TZB5XKBF7PD2DJOKQ,544,9494,0.018987,0.000000,0.982281,0.960092,0.030369,-0.030369,False
AFUL667IIU5H4NIVQXA55KA43DNQ,545,11499,0.019137,0.000000,0.981988,0.958107,0.027651,-0.027651,False
AG7ZV6UHNP2KF3CKTJ73KKZ2O3QQ,546,6746,0.021140,0.000000,0.982251,0.958107,0.036101,-0.036101,False
AHKYX34JVRX4ZPC6FKCYHDPQTW3Q,547,7903,0.018014,0.000000,0.982053,0.958107,0.033354,-0.033354,False
AGKLWN6DDVBZBLGPZQMUJ4JPQZGQ,548,6891,0.018795,0.000000,0.981512,0.956066,0.035796,-0.035796,False
AFAK7NZ77T2ZVYBFTUDUE6SA3O2A,549,5777,0.018595,0.000000,0.982140,0.958107,0.039012,-0.039012,False
AG6WNZI5AD2JASG4KJ6XKCEB5YBA,550,7025,0.017491,0.000000,0.980963,0.957036,0.035417,-0.035417,False
AGM6JHRSPOTBHVITWSUDXMUNEXWQ,551,4842,0.018563,0.000000,0.982038,0.957087,0.042658,-0.042658,False
AFNIU5RTX74ILRYURZG7UGLYL2XA,552,8480,0.020076,0.000000,0.982209,0.958107,0.032200,-0.032200,False
AGGYJDBFHKHKTL7YZ5QA4RYUZDTQ,553,5850,0.018817,0.000000,0.982189,0.959126,0.038726,-0.038726,False
AEWFDRE37ICDKBMVGFPIC3VHE2CA,554,6189,0.021277,0.000000,0.982598,0.960143,0.037611,-0.037611,False
AGEECCQF4MDXAP7RJDDPHK4U54FQ,555,15269,0.019113,0.002172,0.981478,0.957087,0.024022,-0.022032,False
AGZS7H74UPZU746GOWUAJW6JLLTQ,556,7703,0.020010,0.000000,0.982745,0.960143,0.033713,-0.033713,False
AFXQNAXCDTJ2SQDCNSM5ZGBKQJ7A,557,7446,0.020480,0.000000,0.982325,0.960092,0.034292,-0.034292,False
AGKYAPJAIV6AKVK7MUVYNQB2RRNA,558,52144,0.018401,0.009234,0.981850,0.959024,0.012973,-0.004480,False
AGX5BXNPC6S4RNAKL2MXQXWDKE2Q,559,4531,0.019033,0.000000,0.981588,0.956066,0.044144,-0.044144,False
AEQ6P4YGW6NO3JICID7U73FG6HLQ,560,9310,0.020693,0.000000,0.982887,0.960143,0.030666,-0.030666,False
AHZGQXTGR3WB6CQR3PP2TB2YPTUA_2,561,126876,0.018919,0.013043,0.981852,0.957087,0.008333,0.003614,True
AGNKIQAYLV52WEMBY3EPNECGQH6Q,562,6444,0.020605,0.000000,0.982282,0.958107,0.036938,-0.036938,False
AFL2ZDLKD6WRY5AG35RAWWKQTJFA,563,6995,0.019717,0.000000,0.982463,0.959126,0.035415,-0.035415,False
AEDIMIXF5LZTNHLKWWJ3SDD3KVKA,564,14145,0.019441,0.001840,0.981790,0.956066,0.024985,-0.023302,False
AG3HIKXAMFBUKALTID3BGXXOS5NA,565,9366,0.019591,0.000000,0.982445,0.958107,0.030639,-0.030639,False
AFSKPY37N3C43SOI5IEXEK5JSIYA,566,15661,0.018317,0.001589,0.982016,0.960092,0.023645,-0.022180,False
AHNDQTIDT42KUEXE7PRP45ODX5IQ,567,6072,0.018105,0.000000,0.982330,0.961160,0.037931,-0.037931,False
AEDB6ZCMWZFJNB4GJ32XNQSJLGEQ,568,6498,0.017867,0.000000,0.981603,0.956066,0.036862,-0.036862,False
AFKX24ALWAPX366KX6DWTOBWLQAA,569,6047,0.019194,0.000000,0.981661,0.956015,0.038214,-0.038214,False
AHU42PTRX7VJN2AFMA7HJZJINSQA,570,10253,0.018552,0.000000,0.981913,0.958056,0.029285,-0.029285,False
AHUDLM6F46QJM4BSG55J2CKT65FQ,571,64413,0.020046,0.011798,0.982535,0.959126,0.011671,-0.000818,False
AH52JG5PBRVOSTGXB3ZR3JA4XEBA,572,6058,0.019405,0.000000,0.982796,0.958107,0.038096,-0.038096,False
AGUIVHRS32TAIJJUNNJSZU2R3E6A,573,5867,0.018271,0.000000,0.982010,0.957087,0.038753,-0.038753,False
AHPAXGZTH4KAGQHOWQ4SGU4BN23Q,574,23689,0.019017,0.005416,0.981833,0.958056,0.019266,-0.014295,False
AHX6ND5IXNLLPE46BFRTFIWJWMGA,575,5989,0.019750,0.000000,0.982228,0.957036,0.038358,-0.038358,False
AEQSZVLAFNQJY63SLGBVYWQM4IBA,576,4707,0.019970,0.000000,0.981805,0.956066,0.043311,-0.043311,False
AHMSVEFJC7AY76OCKWNTAIDUIM2Q,577,3875,0.018433,0.000000,0.981662,0.957087,0.047684,-0.047684,False
AFVOZ4UNUZKEQ7GTQ3IHQY7PZ5FA_2,578,7907,0.018603,0.000000,0.981402,0.957087,0.033381,-0.033381,False
AECCAESAR6LXPJ2VJEPN64WPMNAQ,579,7751,0.018411,0.000000,0.981388,0.957036,0.033717,-0.033717,False
AHGUFVDYHZT4GZVUGN3FSM4KS37A,580,6693,0.017765,0.000000,0.981004,0.956015,0.036323,-0.036323,False
AF4DA6OA3GBNJPXYR66R5K77HI5A,581,5928,0.018605,0.000000,0.982437,0.959126,0.038471,-0.038471,False
AFRPPMWZW3VMGQDIZMPHBQNTMULA,582,5915,0.018638,0.000000,0.982131,0.958107,0.038554,-0.038554,False
AG2XUDCCLTNCSR4AEIZ4UHZRFOSQ,583,15019,0.017774,0.000693,0.982185,0.959126,0.024169,-0.023532,False
AGQ3BYKSR2EWRBITM4CERV2MVJZQ,584,11265,0.018324,0.000000,0.981846,0.958056,0.027939,-0.027939,False
AGVRVBSW33TUHVPWX63GSGYVZQ6Q,585,6891,0.020330,0.000000,0.982394,0.958056,0.035721,-0.035721,False
AHEE76NDKZZRDPTCUKAVHI4OF6ZA,586,5393,0.018056,0.000000,0.981567,0.959126,0.040334,-0.040334,False
AFWTHSFNTWL7APIKKGQZV2B745HA,587,9222,0.018615,0.000000,0.981790,0.957036,0.030912,-0.030912,False
AEFUNDFXSJLROLIBSFW74D5527NQ,588,8092,0.018384,0.000000,0.980493,0.952946,0.033141,-0.033141,False
AER5HOHRL6LSC45EWGEBOUWZGOLA,589,12699,0.018172,0.000000,0.980922,0.957036,0.026342,-0.026342,False
AHG5YPN72JJQXCG7463HZYBFRZZQ,590,6330,0.018460,0.000000,0.981801,0.957087,0.037309,-0.037309,False
AFU7OPCX5SYLPSLCFPGBVX7ZDS4Q,591,4568,0.017951,0.000000,0.980971,0.957087,0.043918,-0.043918,False
AHDMZQISGLPO7NOH2JQP7SKPLBOA,592,5911,0.017960,0.000000,0.981593,0.957036,0.038610,-0.038610,False
AEB2IM7SDC6STXDK4X5WO5U4GN4Q,593,7673,0.018902,0.000000,0.981574,0.957087,0.033887,-0.033887,False
AEW353QPPVIJ25MBCZTQCQ5PS7AA,594,8234,0.019475,0.000000,0.981981,0.958107,0.032677,-0.032677,False
AELZDJ42ZTKWK3733KORAERLI2CQ,595,12565,0.018918,0.000243,0.981549,0.957087,0.026481,-0.026258,False
AFG4FX7JY6KEFFNXB2YGSIZ7HWHQ,596,7258,0.020118,0.000000,0.982260,0.958107,0.034805,-0.034805,False
AE5IMGWRBJA7JQFBQTBK25HDYGVA,597,23910,0.018868,0.005330,0.982573,0.958107,0.019176,-0.014283,False
AEBFA4NDV7BFY73OSUHAZQRTLHYA,598,6810,0.019394,0.000000,0.982329,0.959126,0.035893,-0.035893,False
AG4Z3BVEK6BL4CL266OLIT7YJFBA,599,3266,0.017801,0.000000,0.981323,0.955044,0.052051,-0.052051,False
AF4MF2TEL724JVL42HY3LH2EZEOA,600,11428,0.021529,0.001947,0.982238,0.959126,0.027708,-0.025917,False
AG2TPA2OTHKAJ2EDMS4MSWVEYEVA,601,4396,0.018113,0.000000,0.981065,0.955044,0.044865,-0.044865,False
AGF6TCJ5DIUYHXKWWLFKAY2HUIXQ,602,33610,0.018402,0.006983,0.981777,0.957087,0.016191,-0.009794,False
AHLZVZPQ5TWJ6KXNLADJBDZAT7EA,603,76866,0.017154,0.009603,0.981226,0.956015,0.010718,-0.001941,False
AFIDM7WD3YFJG5SKPRVCRV67V7EQ,604,7055,0.019882,0.000000,0.982329,0.959126,0.035264,-0.035264,False
AE64UFB76MUZT2F2V7TCAWRO6PEA,605,4201,0.018998,0.000000,0.981672,0.958107,0.045748,-0.045748,False
AHUL5FEPPRSUNPUTXCLK45RMC62Q,606,6719,0.018703,0.000000,0.982200,0.960092,0.036099,-0.036099,False
AF5EMKPOFEX5D46HRWSMFMT3CIWA,607,7214,0.019547,0.000000,0.982077,0.957087,0.034948,-0.034948,False
AFKBVRDWS2ZPNM6EAEA2GRYRXFPA,608,25263,0.018383,0.005213,0.982179,0.959075,0.018637,-0.013842,False
AHRACJKKRNEOQ2RXRL3LJUIJEHEQ,609,9228,0.019023,0.000000,0.982262,0.958107,0.030867,-0.030867,False
AG7J2BQ42YTOXPDVY4T4JZWUDCRA,610,13574,0.019225,0.001258,0.982042,0.958107,0.025450,-0.024296,False
AHAZPUWMQKVPWMNASKRRHX72I7SA,611,9328,0.020739,0.000000,0.982581,0.959126,0.030668,-0.030668,False
AH7DWQWLE3J47LT53FQ76ILLLCTQ,612,5340,0.019291,0.000000,0.981633,0.954993,0.040709,-0.040709,False
AGYDO6ECOZYYNUZNBEC7B4KIIUVQ,613,5020,0.017024,0.000000,0.981428,0.957036,0.041897,-0.041897,False
AH2ZYDCH2AFZTWQTDL67LN6Y5W6A,614,4501,0.018068,0.000000,0.981012,0.957087,0.044244,-0.044244,False
AGQNTP3WGCU4SXKGLQQU5S2LIJLA,615,15717,0.017918,0.001220,0.981739,0.958107,0.023652,-0.022532,False
AGNXIANQRNMDLDHCR7BKD3B7LFSQ,616,5617,0.018800,0.000000,0.981676,0.958056,0.039566,-0.039566,False
AGZ2367HI7GZ5GRNZJFGG3VMPZLA,617,44734,0.019145,0.009248,0.981773,0.957087,0.014034,-0.005563,False
AHPKWXPGOUOKHA4FRTPB7ICIMBAA,618,7446,0.017454,0.000000,0.981962,0.958107,0.034363,-0.034363,False
AFJWRG6WWXKBY6FK36QZ6KTC4LFA,619,5879,0.020729,0.000000,0.982113,0.958107,0.038672,-0.038672,False
AG4L2W6D57TWHR2OAS66DQLBR3MA,620,4511,0.017751,0.000000,0.981595,0.958056,0.044150,-0.044150,False
AFWA4VQRZMFNYQDZZ44DIPKT7CHA,621,4851,0.017366,0.000000,0.980666,0.957087,0.042618,-0.042618,False
AFSLMINZMMAJU7VPGFV5WTH2RZ3A,622,5665,0.018608,0.000000,0.982261,0.960143,0.039312,-0.039312,False
AHWNFWQGIAREGP4GVHWXYBKWKSZQ,623,5518,0.016777,0.000000,0.981743,0.959126,0.039874,-0.039874,False
AF4I2VKLJG2HLYYJEVJP3KULCHEA,624,5123,0.019716,0.000000,0.982173,0.957087,0.041471,-0.041471,False
AHMGXQ4SWFPAMMIL7HMV2B5JXRRA,625,5970,0.017324,0.000000,0.982031,0.956015,0.038460,-0.038460,False
AGZ3HGFWWX3757NYOQL22RFG7J7Q,626,5407,0.018492,0.000000,0.982000,0.959126,0.040282,-0.040282,False
AFGCUCPIKWCO4AAILF3H26QFAFUQ,627,5805,0.017178,0.000000,0.981156,0.956066,0.039001,-0.039001,False
AETXTXQ43FDWUAGFI6LGCHIQPULA,628,12754,0.019313,0.000777,0.982312,0.958056,0.026257,-0.025544,False
AFLLWVXPGCSBHCVVTEU4Y3B2GYQQ,629,12327,0.017277,0.000000,0.981922,0.959075,0.026680,-0.026680,False
AHTIHA4JQEANT2PJ2L764YT5JBEQ,630,5671,0.018947,0.000000,0.982133,0.959075,0.039335,-0.039335,False
AFYEU723DTGCA5ACI3HVQBWU5MDQ,631,4771,0.017519,0.000000,0.981913,0.959075,0.042885,-0.042885,False
AHXBO4WJP7MRUNRXFGDL3KWYWPXQ,632,9437,0.016436,0.000000,0.981489,0.956066,0.030588,-0.030588,False
AGEQJLCP2QYVN3FPPZXSSWDX2BPQ,633,6257,0.019398,0.000000,0.982414,0.958107,0.037486,-0.037486,False
AFYJU4H5WNECL4AEREHBUGH5J26Q,634,6574,0.017951,0.000000,0.980864,0.956015,0.036651,-0.036651,False
AFTMOD264DYR7HPFW6QPW6RFAL6Q,635,7686,0.019529,0.000000,0.982565,0.958107,0.033822,-0.033822,False
AFRXIXRPZPJ2POZGDZGXH2HYMNMA,636,6912,0.021164,0.000000,0.982721,0.958107,0.035665,-0.035665,False
AHCZED5BFUGQGCREBBYP4DSEMQJA,637,6549,0.017553,0.000000,0.981117,0.958107,0.036640,-0.036640,False
AEC6IZVI2NGFBCIYVD4X5MDGB6DQ_2,638,9752,0.018799,0.000000,0.981758,0.958107,0.030026,-0.030026,False
AEIIRIHLIYKQGI7ZOCIJTRDF5NPQ_1,639,15460,0.017669,0.000833,0.982335,0.958056,0.023849,-0.023084,False
AEQCZRWLHYXFS4QI6UEORJYM4BKQ,640,6104,0.017978,0.000000,0.980244,0.955044,0.038074,-0.038074,False
AFFOH5RTT3P6QL2UIS4KHVPO3GWQ,641,6703,0.018905,0.000000,0.982413,0.960143,0.036140,-0.036140,False
AECO2ZWV634CZOOCC7MQ23TC3GMQ,642,53606,0.018043,0.009002,0.982332,0.960092,0.012780,-0.004483,False
AFH5HNVJKP7F6YKKZBP4ZRM7NTVQ,643,6261,0.020436,0.000000,0.982446,0.961109,0.037357,-0.037357,False
AFIYJLRZHK7C4B5QSZAGSGZVVAJA,644,4932,0.017161,0.000000,0.981452,0.957087,0.042267,-0.042267,False
AFLTPVLTS2QLWE35SQ2DOYUOLIRA,645,13658,0.019440,0.001528,0.982229,0.959126,0.025345,-0.023939,False
AEUHNC6V2H4RJ37GGR742EUZZUOA,646,5833,0.018557,0.000000,0.982499,0.959126,0.038783,-0.038783,False
AHC5NT5TXPAUQHCHIVFZ4P3QWEYQ,647,5572,0.017450,0.000000,0.981582,0.957087,0.039765,-0.039765,False
AE2GZYIHR7J5P2RXNBGICKOVK6LA,648,4534,0.018961,0.000000,0.981913,0.956066,0.044130,-0.044130,False
AFWZFWJVNKWBDPG2IO3WNXEQZVJQ,649,10208,0.020360,0.000000,0.982450,0.960092,0.029287,-0.029287,False
AFXHLUY7QOZ325FN3H442SVNDMDA,650,10060,0.018061,0.000000,0.981548,0.958107,0.029563,-0.029563,False
AHCY2AUSPYYA4C4H5ODIGIVQW4JA,651,5347,0.018251,0.000000,0.982303,0.959075,0.040509,-0.040509,False
AGWYBTJM4LHS74LEIA27N2BYQ5YA,652,8800,0.019426,0.000000,0.982087,0.956015,0.031678,-0.031678,False
AEK34YY7BEVRVHDLGZSTIHMHM72A,653,7419,0.016237,0.000000,0.980896,0.957087,0.034462,-0.034462,False
AHAVVDFUPNWTGLACNX7FXDKNSAKQ,654,7744,0.019491,0.000000,0.982225,0.957036,0.033733,-0.033733,False
AHFF34MUXMT65INX2CMPMHY3I7TA,655,4788,0.019081,0.000000,0.981644,0.957087,0.042898,-0.042898,False
AGBF546BGRZAFFEIPWP3FIPE3F3A,656,5081,0.018068,0.000000,0.981865,0.957087,0.041642,-0.041642,False
AFU67UH3Y737FHNGIEGFH5HBUWPQ,657,8476,0.019105,0.000000,0.982415,0.958107,0.032207,-0.032207,False
AHMUT4NECOL57PONZ5IDTHOM5H2Q,658,5392,0.020057,0.000000,0.982436,0.958056,0.040383,-0.040383,False
AFLYZHMSKHIH5M3WYCVGHI7TZUOA,659,8115,0.019657,0.000000,0.982260,0.958107,0.032916,-0.032916,False
AGMBZZMJLRWPAXDBY2BONNXESVPA,660,8918,0.019811,0.000000,0.982172,0.957087,0.031432,-0.031432,False
AEHVQEYFL5WYB5PC6CUCUJPZEJJQ,661,4444,0.018615,0.000000,0.981447,0.956015,0.044577,-0.044577,False
AEDVEEUD4NZX7NYETDDN5N3HBJEA,662,79441,0.017970,0.010543,0.981588,0.956066,0.010543,-0.000906,False
AHSEZYIM44F25UGBC6XPSGAUUBBQ,663,6740,0.018328,0.000000,0.981179,0.954021,0.036272,-0.036272,False
AESCUI6VXJSHLUIO44Y5ERAHZE4A,664,11120,0.018102,0.000000,0.981408,0.956066,0.028179,-0.028179,False
AFRIIXZFN6G47XNWDRESN4RT3UGA,665,6331,0.016870,0.000000,0.981940,0.959126,0.037226,-0.037226,False
AFQW3CD5IJTQWEWFXXRWLQNNGKNA,666,5471,0.019557,0.000000,0.981482,0.957087,0.040131,-0.040131,False
AG2ALPFAOZDJ55V4WDSRTQR4GLWQ,667,5771,0.017988,0.000000,0.980778,0.957087,0.039074,-0.039074,False
AEBD4EQFW4THUDUVAETCYTEDJU6Q,668,18622,0.018018,0.002678,0.982420,0.958056,0.021730,-0.019272,False
AH67QNDYAF5I7XGT55OSFK4ZWZDA,669,4632,0.017720,0.000000,0.981953,0.958107,0.043568,-0.043568,False
AHQ4VAOPWBYUD3FUNK53CM6N77BA,670,9927,0.017765,0.000000,0.982332,0.959126,0.029729,-0.029729,False
AEHM3SNZYPQT72AV2L3KF2SQ6E2A,671,62233,0.018396,0.010004,0.981810,0.959126,0.011873,-0.002670,False
AG2KYQ7Q2HUUJJDQ5QNJ5VDDNYHQ,672,5326,0.019068,0.000000,0.982119,0.958107,0.040630,-0.040630,False
AG3IOEGF2MNX7OC7JSUPYV2Z3ITQ,673,12564,0.018388,0.000000,0.981146,0.955044,0.026538,-0.026538,False
AEW6MP4UK3A3VZEC2BDQN3DFEKRA,674,7341,0.020274,0.000000,0.981868,0.957036,0.034646,-0.034646,False
AHLAFGAYRM6P5V2ZPCAQHUHJF6ZQ,675,7669,0.019102,0.000000,0.981518,0.957087,0.033895,-0.033895,False
AHFUOAHL6VL57NG6C5OMSBVVH5RA,676,3927,0.018132,0.000000,0.981375,0.958056,0.047319,-0.047319,False
AFVMDYUBLUG5UUET4DW44SA4OM3A,677,4852,0.019034,0.000000,0.981657,0.956066,0.042659,-0.042659,False
AFNI2C3GRBCPIQOT3H66FUQYRPJQ,678,6626,0.017535,0.000000,0.980713,0.957036,0.036468,-0.036468,False
AFKYO43G5H3CT7ZVLIBWQW5DUDNA,679,4768,0.018477,0.000000,0.981663,0.957036,0.042990,-0.042990,False
AFGILDAOESUJX3BCUY533G2ZZ5FA,680,6578,0.018935,0.000000,0.982221,0.959075,0.036523,-0.036523,False
AENEBO2ESDZSB3GSHROPTRBAN2VA,681,16637,0.018710,0.002481,0.982332,0.959126,0.022964,-0.020682,False
AHD5FXGYTDXMFJKTMQ4BINV5SG5A,682,5720,0.019305,0.000000,0.982294,0.959075,0.039166,-0.039166,False
AEL6K4LBMCUFFYE27NG3DWZMV2ZQ,683,11548,0.019450,0.000000,0.982216,0.959126,0.027563,-0.027563,False
AGR7754BCGDRLYBG47FPUV5LF7ZQ,684,13869,0.018274,0.000499,0.981561,0.957087,0.025205,-0.024748,False
AHIYDVWOJNUPCTAMT4RB43P473JA,685,4902,0.019461,0.000000,0.981291,0.957087,0.042396,-0.042396,False
AEGHFEHDKRBBJKOC4VDKBBSGVHDA,686,5145,0.020364,0.000000,0.982485,0.959126,0.041295,-0.041295,False
AELADMN45VGEJ7XYNZFIHRVMEJ4Q,687,10296,0.018539,0.000000,0.982064,0.959075,0.029193,-0.029193,False
AHE2JHVJEQAFTJVE5RWEYBYJQUBQ,688,5068,0.018363,0.000000,0.981564,0.956066,0.041740,-0.041740,False
AGM26HADKCZCTJ6Q64PRL2TQRTUQ,689,12469,0.018256,0.000000,0.982173,0.959126,0.026526,-0.026526,False
AEXHQUNUGGXB4VZG3HB6GFU2FCDA,690,5232,0.020721,0.000000,0.982472,0.958107,0.040993,-0.040993,False
AF7AZHZYMJA3HX76DCBRWLYSV64A,691,5895,0.018170,0.000000,0.982055,0.960092,0.038540,-0.038540,False
AG4LYEIO3K6VCMTRFVYTTQI2TGWA,692,9455,0.018400,0.000000,0.981795,0.958107,0.030494,-0.030494,False
AGODPCBFEQIVP5IXCBODQQHHDTUQ,693,8061,0.016674,0.000000,0.982315,0.958056,0.033028,-0.033028,False
AEUOFJ7IEGXHNGNVGLC4BQQ7XOIA,694,9633,0.018293,0.000000,0.981722,0.958107,0.030211,-0.030211,False
AF4LDZM3ZB3BISP6ZDDXMVEZDL4A,695,3785,0.018034,0.000000,0.980487,0.952997,0.048455,-0.048455,False
AGPGHXWBOK3TRJU7WACF5AAYBBVQ,696,6051,0.018315,0.000000,0.981314,0.958056,0.038120,-0.038120,False
AEESMMTHKZCT2BBJNQ552MGSQ7ZA,697,11625,0.018994,0.000000,0.982156,0.959126,0.027472,-0.027472,False
AF5OFZXBBKPHYIPULJVLJI5UITFA,698,11256,0.018329,0.000000,0.981949,0.959126,0.027919,-0.027919,False
AEP5ABC7N2Q334JAL2OVM3KGKQTQ,699,8064,0.017857,0.000000,0.982023,0.959126,0.032985,-0.032985,False
AFEXBW33YYARGAMJZ6C4NFS7GNMA,700,11834,0.018826,0.000000,0.981754,0.958107,0.027257,-0.027257,False
AENT7I5WTKU4GVGUL5A3XHHQ2UXA,701,7086,0.017484,0.000000,0.981495,0.958107,0.035225,-0.035225,False
AGZRUASM5MP7E6RPWO7BBLI35YNQ,702,13442,0.019053,0.000998,0.982188,0.958107,0.025575,-0.024659,False
AGKEOE2JIWVWT6UZEVBCKLACJSYA,703,5498,0.018068,0.000000,0.981739,0.956066,0.040075,-0.040075,False
AEC26YK5DEVHDZ6CSRFPRNWERT3Q,704,13028,0.019919,0.001579,0.982447,0.959075,0.025952,-0.024499,False
AGYVMHHIDAGERGBVGPGA66DTQVAQ,705,14103,0.018361,0.000734,0.981210,0.957087,0.024995,-0.024323,False
AGOMZXBPLC3ZTMGI34RLOE7BAFFA,706,4653,0.018405,0.000000,0.982138,0.958056,0.043471,-0.043471,False
AHIPIFF4MMM27YSKYX6TIGJ4DNOQ,707,5615,0.018293,0.000000,0.982484,0.960092,0.039489,-0.039489,False
AFKTNFUPXUYFIE7LVD6JENIGNDUA,708,6707,0.017898,0.000000,0.981755,0.957087,0.036245,-0.036245,False
AENQKTHHXVJF6M44GGC7Y3II3M5Q,709,14152,0.017558,0.000000,0.982062,0.958107,0.024925,-0.024925,False
AHTZM4LF7ZWBNUQNX57VJCI3UIQA,710,5718,0.019257,0.000000,0.982388,0.957087,0.039254,-0.039254,False
AE3335XF4PMHSXKTW5B7N7EALG3Q,711,7418,0.017964,0.000000,0.982202,0.957036,0.034466,-0.034466,False
AFWXUORRY42X76ZC4KAEA35KDHEQ,712,5059,0.017940,0.000000,0.981723,0.956066,0.041777,-0.041777,False
AHDY5AR2HZ2ERNZYAHL4XNP6F4JQ,713,10921,0.019165,0.000000,0.982210,0.959126,0.028344,-0.028344,False
AHDX3TS4AXTZOTBRVGLUPOVXCBRA,714,6247,0.021234,0.000000,0.982652,0.959075,0.037478,-0.037478,False
AHRTKAPVYC27OK67KFWWFG2ORDHQ,715,10920,0.017241,0.000000,0.981897,0.957087,0.028405,-0.028405,False
AGUCGPUTHNJCTRYNXDH6XUUTQ2BA,716,12713,0.017453,0.000000,0.981602,0.957087,0.026326,-0.026326,False
AHH46XXEXUYABWIUPQ4EYXII4CVQ,717,6174,0.019712,0.000000,0.982573,0.957087,0.037777,-0.037777,False
AGZZB4TFHPUUSVW7DDAJWD5DJQCQ,718,6003,0.019133,0.000000,0.982014,0.957087,0.038311,-0.038311,False
AHXEK642UJNWCB3LIGZZAKTONXQQ,719,7310,0.018508,0.000000,0.982132,0.959075,0.034646,-0.034646,False
AG756GNHN6RVTR5NPNPOI7MQEQHA,720,4750,0.018811,0.000000,0.981511,0.959075,0.042980,-0.042980,False
AHKKN6QCUWESPVFACIN3LHDWGBYA,721,10171,0.019512,0.000000,0.982635,0.958107,0.029401,-0.029401,False
AFB37VFU7TKHOTAJJBBEM3PAQPGA,722,13071,0.019139,0.000829,0.982403,0.961109,0.025854,-0.025089,False
AE5NL2CCHI2JLN2OHFGQW7OAN5AQ,723,12405,0.019213,0.000418,0.982051,0.958056,0.026624,-0.026240,False
AF2QRRCJVO23WI7ZJF2XIQZKIRTA,724,6114,0.018455,0.000000,0.981836,0.957087,0.037962,-0.037962,False
AGSL2AUNWK5OOXGO57MLCI2Y4MYA,725,10657,0.018212,0.000000,0.981406,0.957087,0.028754,-0.028754,False
AHDMZFFHHHXJBFMS66QIGO2ZJPDQ,726,5402,0.017489,0.000000,0.981153,0.956066,0.040429,-0.040429,False
AFVRIBVLKBXRJIQ7RM23F7ECXHQA,727,6509,0.017927,0.000000,0.981973,0.958107,0.036753,-0.036753,False
AG3PL3ZKFEYAFARQCM53WAMZWKEQ,728,5681,0.019701,0.000000,0.982296,0.959075,0.039300,-0.039300,False
AHZGQXTGR3WB6CQR3PP2TB2YPTUA_1,729,86011,0.019242,0.012105,0.982051,0.958107,0.010110,0.001001,True
AGMDZD5WP2A4R7K3QWIFZQJ6HASA,730,7031,0.018023,0.000000,0.981926,0.957087,0.035400,-0.035400,False
AFEYHZ6ZZCDYHVCZKIEDM2HZTVSA,731,5201,0.018169,0.000000,0.982417,0.958107,0.041115,-0.041115,False
AHQ2FUKL3LK7EPRG2PBVOTZYYPMQ,732,6055,0.016860,0.000000,0.981750,0.959126,0.038065,-0.038065,False
AHLQFNTIWIP7FPGINQZHVF42VN2Q,733,6578,0.017604,0.000000,0.981645,0.958107,0.036560,-0.036560,False
AEY4MJXI33M7Z5PXZG7QI76OJFCA,734,4334,0.019119,0.000000,0.981949,0.958107,0.045040,-0.045040,False
AF23OKJG2XO5CML2E4WV5YTOVGHA,735,13800,0.019383,0.001564,0.982365,0.960092,0.025189,-0.023748,False
AFYBVGFQ6ZCI54XQFD3O2YJM5W6Q,736,8795,0.019322,0.000000,0.982017,0.957036,0.031653,-0.031653,False
AGVMS7YZXEBNNMWCQLDYDTFFYU6Q,737,5062,0.017916,0.000000,0.982535,0.957087,0.041720,-0.041720,False
AHRQERYU7ZERE3SJCC5A3X5FQDVQ,738,14156,0.018392,0.000798,0.981618,0.955044,0.025002,-0.024274,False
AFC3YIB2WZBWSVJ6I6QCIKE7DESA,739,4681,0.017201,0.000000,0.981314,0.957087,0.043385,-0.043385,False
AHAOL5P27IYGX3W5WM37ROVIJJLA,740,7324,0.018627,0.000000,0.981987,0.958056,0.034649,-0.034649,False
AG4GZ4MJEIPVMN4LDCQ447EGXNBQ,741,19826,0.018262,0.003396,0.981502,0.956066,0.021104,-0.018000,False
AETUSD4234J7JEUFY4YSBTHIYEAQ,742,6350,0.016728,0.000000,0.981305,0.957087,0.037250,-0.037250,False
AFIWKQFKBOJS4NMLFADPOSOINXDA,743,6380,0.018857,0.000000,0.981820,0.956015,0.037204,-0.037204,False
AFTG67UZREF6CWJB5JPVUKFFBD7A,744,6835,0.018368,0.000000,0.981485,0.956066,0.035942,-0.035942,False
AH4NV5I7WLS5GYM5NTQVV6KHSVNQ,745,4364,0.017843,0.000000,0.980891,0.956066,0.044981,-0.044981,False
AFQFH6LI23W6465OC2D6OEAZMSSQ,746,6961,0.019462,0.000000,0.982249,0.960092,0.035466,-0.035466,False
AHVMR24ZUNPBWQQDPHLIDKK7JEFQ,747,8648,0.018029,0.000000,0.982004,0.958056,0.031887,-0.031887,False
AFNQKIF2ZSCH77LETKAKK2UWY5GA,748,8156,0.019175,0.000000,0.982321,0.959126,0.032798,-0.032798,False
AEJW6KVUNWGMCTIFTSO4BECQI4VQ,749,5148,0.018288,0.000000,0.981183,0.955044,0.041459,-0.041459,False
AFGKTVFPZXYS23VORHBJSTSTFAOQ,750,7008,0.019465,0.000000,0.982483,0.960143,0.035345,-0.035345,False
AGUTZC4GHLTGYHA3KBEDRF6MHB6A,751,36394,0.019005,0.008032,0.982155,0.957087,0.015559,-0.008202,False
AHE23HN6PWWLKQ7NDYTGYXULFTPA,752,4296,0.019625,0.000000,0.981976,0.957087,0.045287,-0.045287,False
AG4TAKCH2CQC2IXXFZDWCWVU763Q,753,5266,0.017556,0.000000,0.982018,0.959126,0.040817,-0.040817,False
AG7IWUJNHZMME2XF34LOOM5GUIJQ,754,6034,0.018605,0.000000,0.982306,0.958056,0.038174,-0.038174,False
AHCBHETWEWAL5ZJTZHD4GA36CU3A,755,23005,0.018659,0.004858,0.981939,0.958056,0.019551,-0.015092,False
AH3WF3ZOF2IK4PKXM4SZALUML3ZQ,756,8411,0.018126,0.000000,0.981817,0.956066,0.032400,-0.032400,False
AG4RGSE4RABZVOY2VKPPY4IEIEIQ,757,5812,0.018960,0.000000,0.982233,0.959075,0.038855,-0.038855,False
AETMMFA57D47GC2J3TFXHF7ZEEHQ,758,6154,0.015914,0.000000,0.980250,0.954021,0.037960,-0.037960,False
AH7H7RBGD3CXY6TG2Y74FS5L5KTA,759,6221,0.018926,0.000000,0.981515,0.956015,0.037676,-0.037676,False
AEK6D2FUG7LLC6OLJZDW4QGNKKHQ,760,13490,0.019082,0.001059,0.982164,0.957036,0.025558,-0.024588,False
AEFXBYTFC7GO3QU3KRELTF7BPJ2Q,761,6270,0.019783,0.000000,0.982163,0.958056,0.037449,-0.037449,False
AEI67WXFHB427HCYK5AMUELKVQKQ,762,9799,0.018718,0.000000,0.981783,0.958107,0.029954,-0.029954,False
AH3KSDVIGFMOTWIYHMGW2TQAOTRQ,763,9561,0.019481,0.000000,0.982530,0.957087,0.030357,-0.030357,False
AG2RJO522NKWDGHD4TJN2QE75IWA,764,5110,0.018705,0.000000,0.981720,0.958107,0.041480,-0.041480,False
AG4LXHSI4ORJEEBXGXTSQJRMFGLQ,765,5062,0.020468,0.000000,0.982379,0.958107,0.041676,-0.041676,False
AG3UP7TMMLHF24OD3JKE4UMYLG7Q,766,7433,0.019846,0.000000,0.982764,0.960143,0.034320,-0.034320,False
AF5VJEN5GA3ZLW3R547M2DZLGRFA,767,4884,0.018789,0.000000,0.981925,0.959126,0.042384,-0.042384,False
AEM3CBNWLJNQVH4K7TYJKX5J7V5Q,768,5225,0.017968,0.000000,0.981539,0.957036,0.041067,-0.041067,False
AFSVUC3CTCPDM4Z426H4QXIBBDIQ,769,5951,0.018896,0.000000,0.982183,0.958107,0.038437,-0.038437,False
AF4P6A3SEKS2HCISWAKFZVIFM7NQ,770,10737,0.018987,0.000000,0.982142,0.958107,0.028616,-0.028616,False
AFMOYMIUNUZZKVZXHRPX5B5XUH3Q,771,19463,0.018336,0.003332,0.981653,0.958107,0.021254,-0.018196,False
AGJGNBN5KDI3JXHPRN4TXCIZPZYQ,772,6150,0.018127,0.000000,0.982114,0.958056,0.037812,-0.037812,False
AE2SNL25YBYOP6LTXBYYJKYCOZVQ,773,5355,0.019009,0.000000,0.982371,0.959126,0.040477,-0.040477,False
AHB5KUPK5G3TCAYG5FVU6FZTZNXA,774,7055,0.018424,0.000000,0.981488,0.958107,0.035302,-0.035302,False
AGZS56ZTPGFUCMXBRIJ3OAGH3KZQ,775,6741,0.018370,0.000000,0.981962,0.958107,0.036115,-0.036115,False
AFREEUPTDM4GQPYLVA2EU546ZNNQ,776,5566,0.019728,0.000000,0.982274,0.958107,0.039744,-0.039744,False
AHTLWVDXSMG5YMVMEIWWOU6XBZMA,777,9063,0.018652,0.000000,0.981939,0.959126,0.031114,-0.031114,False
AGLQET6T4ZX4C4UXTNEMYHIWLFHA,778,20807,0.019575,0.005063,0.981979,0.959075,0.020535,-0.015878,False
AHSUULGJ3AVT2QRZSYMXPS74X5TQ,779,6230,0.019367,0.000000,0.981769,0.956066,0.037647,-0.037647,False
AF7LCMKDXRTT5HLQRLC4Z7C2C2DQ,780,7298,0.019737,0.000000,0.981925,0.956015,0.034785,-0.034785,False
AFLXZMMB7MNWXUVL6GD3C3EOGPVA,781,3568,0.016349,0.000000,0.981907,0.958107,0.049640,-0.049640,False
AHY5FPL6HYSJSWRQ4555NGCOHSYA,782,6465,0.018703,0.000000,0.981131,0.954021,0.037036,-0.037036,False
AE66JYJL4LIJZ73LXTOCMCNY7RUA,783,4928,0.018769,0.000000,0.981826,0.957087,0.042284,-0.042284,False
AFUHUI2URN4L3V3SJSUCBC4PMUTA,784,40031,0.018669,0.008206,0.982016,0.959126,0.014804,-0.007255,False
AHILECHCGMOAULUWIOLFPV2XTAKA,785,6863,0.018014,0.000000,0.982245,0.959126,0.035754,-0.035754,False
AG5O64JBMX5QU6JZJMV6A7JVA4FQ,786,10228,0.017768,0.000000,0.982200,0.958107,0.029319,-0.029319,False
AGJY27POQVYKPEBOBRR5FKI3NS5A,787,15268,0.018616,0.001674,0.982090,0.957087,0.024023,-0.022489,False
AEES3UCRZO7MPY3G3HO5Q5ALSQXQ,788,4244,0.018745,0.000000,0.982014,0.959126,0.045467,-0.045467,False
AG4CEAFRHGDNLJ6FREM7SVHAEOWQ,789,23454,0.018655,0.004986,0.981627,0.955044,0.019424,-0.014876,False
AFGEZCMC7GWCIWG7KW22B3MLXXDA,790,8897,0.019910,0.000000,0.981967,0.958107,0.031436,-0.031436,False
AGFIRKQTHCHHQAUS5MANZ7YYIL5A,791,5682,0.017450,0.000000,0.981893,0.958107,0.039337,-0.039337,False
AE3VF6Z5FMD3ULQKEN2ZI3HAEKFA,792,6608,0.018750,0.000000,0.982116,0.958056,0.036478,-0.036478,False
AFDCBHG3LHGMXH5JJB66U6RAOWGQ,793,5202,0.018868,0.000000,0.982654,0.958056,0.041114,-0.041114,False
AH2HGXKZLDJ2DKPMA2THUBS3AF2A,794,4955,0.020187,0.000000,0.981896,0.957087,0.042168,-0.042168,False
AGWBBHNEZXSET4S7T4Q7WC2AFY5Q,795,8684,0.019477,0.000000,0.982173,0.959075,0.031787,-0.031787,False
AEPL634LBBKZD4WC2WJEXH4DOWLA,796,5154,0.020074,0.000000,0.982517,0.958056,0.041305,-0.041305,False
AHRSEQIU4DBPAPKJDIYAWCYBYPSQ,797,7083,0.019318,0.000000,0.981750,0.958056,0.035234,-0.035234,False
AEA6QOWQBEDUOOAFVVJ7VWXATEEA,798,4872,0.017291,0.000000,0.981816,0.957087,0.042526,-0.042526,False
AGKMIMO2DGDJ6ATVBDVPZIKLAWPQ,799,12916,0.018611,0.000192,0.981395,0.958056,0.026092,-0.025916,False
AHMVGWFDCQMISB55JP6V7HBSPXPA,800,6578,0.019254,0.000000,0.982492,0.959126,0.036521,-0.036521,False
AHT3P2X53ERZIBQSEDMVIFGDWVKA,801,8421,0.018102,0.000000,0.982212,0.958056,0.032314,-0.032314,False
AE5DKX6S7IETZBJZB6XSNNSSWKLA,802,6616,0.017654,0.000000,0.982086,0.956066,0.036532,-0.036532,False
AGIFZG4G73RCZZEZGXE72QIKUG3Q,803,11091,0.018467,0.000000,0.981675,0.959075,0.028127,-0.028127,False
AFL5UCX37X6ZDHP2Y54ZXTK4TJRQ,804,8423,0.018825,0.000000,0.981936,0.957036,0.032344,-0.032344,False
AHUMYCBWTDRYTUVNJ3HFT3TQPV4Q,805,8882,0.019239,0.000000,0.981841,0.957087,0.031496,-0.031496,False
AEZGGDKCIVNXHMK7P2MPDSBOEPXA,806,19093,0.019340,0.004190,0.982389,0.958107,0.021459,-0.017612,False
AEFRTLVCVRALKXBED77KHPIXEPWQ,807,11233,0.019013,0.000000,0.982186,0.957087,0.028007,-0.028007,False
AF7DLIT6G4ZXHUYRJ6PMU54YOZIQ,808,8824,0.018535,0.000000,0.981888,0.957036,0.031601,-0.031601,False
AH6MNHAF6CNYVR24VC2W63NQ73LQ,809,3200,0.018163,0.000000,0.980957,0.955044,0.052585,-0.052585,False
AFCZXK4TAXLJ2IOARDVBTRPTGVEA,810,7708,0.020295,0.000000,0.982814,0.958107,0.033774,-0.033774,False
AEBUSUYITDLQOHRYTAWUQPQQP6FA,811,7278,0.018141,0.000000,0.982230,0.957036,0.034796,-0.034796,False
AFRIHIMQXJL2HQHYVFBD3CEUL4LA,812,4697,0.018312,0.000000,0.981888,0.957087,0.043311,-0.043311,False
AEQB5R3OMKU6PARIWL7QTGAO56EQ,813,5061,0.017507,0.000000,0.981557,0.958107,0.041680,-0.041680,False
AF3VSWDL4IXSKFT7GK6MHLHJ3YCA,814,4781,0.017058,0.000000,0.981094,0.956066,0.042975,-0.042975,False
AGCSVME72JRLXHMJSDW32VS4GUPQ,815,8871,0.018850,0.000000,0.981989,0.958107,0.031482,-0.031482,False
AF76KDPEJFWGPMDFYXH6QPWZXAMA,816,5730,0.017156,0.000000,0.980843,0.956066,0.039255,-0.039255,False
AGNG4NHSBORIRTXIYJTSXQ4WE75A,817,5377,0.017345,0.000000,0.981059,0.956066,0.040523,-0.040523,False
AFVRLJBDC44SIHVQUUFTON77M3EA,818,5215,0.019139,0.000000,0.982057,0.957087,0.041104,-0.041104,False
AEFLXPJNI6KE4H7FSER3QVORYN3Q,819,4460,0.017771,0.000000,0.982099,0.957087,0.044447,-0.044447,False
AGXEDCLA5ZKRRY7ZR4KYMI6PR7UQ,820,5613,0.019095,0.000000,0.981733,0.957087,0.039620,-0.039620,False
AGUIFPJG6OOTD73G6OGOZZJKVUJA,821,5485,0.018313,0.000000,0.982175,0.958107,0.040037,-0.040037,False
AHBGMVTXWTS4YMVMWUUF77UAH24A,822,6517,0.019398,0.000000,0.982337,0.958107,0.036730,-0.036730,False
AEWH45WQQ2EQKJVI4CXJYZ6EO54Q,823,9068,0.017590,0.000000,0.981465,0.957087,0.031171,-0.031171,False
AGEIYPBPLIGXZSL4XER545GA3BPA,824,7126,0.018997,0.000000,0.981917,0.959126,0.035088,-0.035088,False
AHJQ6C5MUA2YVQBPMHKLKNU5FH5Q,825,6368,0.017802,0.000000,0.981935,0.957036,0.037199,-0.037199,False
AGLNOSRFRMEFOJA5DIGMB2PTCOUQ,826,6117,0.018323,0.000000,0.981842,0.958107,0.037912,-0.037912,False
AGIS3QL3LUEQWKF3YKHLLWDD5BJA,827,13444,0.018890,0.000836,0.981743,0.960143,0.025519,-0.024748,False
AH7E66O45SE5D4T5WCFQVFTLRGQQ,828,16504,0.017628,0.001334,0.982241,0.956066,0.023130,-0.021911,False
AH5NINNNCAEUVBGJKDHAZURTTBQA,829,5922,0.018135,0.000000,0.982029,0.958107,0.038531,-0.038531,False
AGK5M7PJONKQKSVKWV2FQCFCOOKA,830,13385,0.021020,0.002926,0.982717,0.958107,0.025629,-0.022943,False
AGDU4N5YF4PWUEJSUPMJUGYYJLSQ,831,10254,0.017993,0.000000,0.981223,0.956015,0.029346,-0.029346,False
AG2UR6JQMEBF72N3HZFO7TT5QU3A,832,10253,0.019931,0.000000,0.982488,0.957087,0.029315,-0.029315,False
AHN7ZNTYXMAVJEVKSXMDL7Z5XMSQ,833,8315,0.019422,0.000000,0.982428,0.959075,0.032485,-0.032485,False
AGHTBCYBCNVYNX77FWJNDWGKNPQA,834,3867,0.017888,0.000000,0.981060,0.954021,0.047887,-0.047887,False
AGUKR7YSLH7M3MNLWSCBRHKITO2Q,835,12234,0.019500,0.000574,0.982625,0.959126,0.026779,-0.026252,False
AFBC7S4I7ODTCLTS4337MA3WIGLQ,836,4589,0.018628,0.000000,0.981235,0.957087,0.043818,-0.043818,False
AH5EINB35PM6FR4BXP2PIIEYSQIA,837,3211,0.018393,0.000000,0.981122,0.957036,0.052386,-0.052386,False
AEJKZRNBES64Q4UGI2WK6DEPL6OA,838,13500,0.018555,0.000538,0.981999,0.959126,0.025493,-0.024998,False
AHDEQBPVWOX6GCIHAA5O55N2QJMQ,839,17814,0.018951,0.003267,0.981297,0.956066,0.022263,-0.019277,False
AHEKQAHVNYETC2ZEUGADNIQ5Q2FQ,840,12659,0.019417,0.000812,0.981704,0.957087,0.026382,-0.025638,False
AF4DYER3RDNQZKAOZABAI6FX6XQA,841,5167,0.017883,0.000000,0.981810,0.957087,0.041294,-0.041294,False
AE7QGCNFEZNNTW2AS7G73PQNROQQ,842,10893,0.019586,0.000000,0.982242,0.960143,0.028350,-0.028350,False
AH4CNF7LKO5RQ6NTJPKW3RQ3MZRQ,843,6060,0.017465,0.000000,0.981585,0.957087,0.038131,-0.038131,False
AFJRFVE66PTXX7CQNGTJORDUDF4A,844,4590,0.018561,0.000000,0.981534,0.958107,0.043766,-0.043766,False
AG3ISIU76VZMJ6YYN5W5NE7H5HGA,845,4821,0.020802,0.000000,0.982138,0.957036,0.042753,-0.042753,False
AGKFAOJX4FPADTOHRIJOBP3JNL3Q,846,9684,0.018237,0.000000,0.982044,0.958107,0.030131,-0.030131,False
AGTRCMCTIQUK6YEIYP4QH237PF5Q,847,8111,0.018905,0.000000,0.981877,0.958056,0.032926,-0.032926,False
AFCAUNXEXP5SF62HUV5QMK5C52EA,848,6124,0.017533,0.000000,0.981203,0.956066,0.037971,-0.037971,False
AFB3KH4ZJDZRVGGOBRGYN5AKV4QQ,849,5590,0.020062,0.000000,0.981537,0.957087,0.039701,-0.039701,False
AHX76HXXATA543E7AI2D74VRWB7A,850,5029,0.019157,0.000000,0.982010,0.956066,0.041902,-0.041902,False
AEUJ4VPOPXO6FRNSQSMH23N6Y6GA,851,8396,0.017574,0.000000,0.981777,0.957087,0.032395,-0.032395,False
AE5R3WBD7BSSWJ4F3PE5ICQHUCDQ,852,3700,0.018248,0.000000,0.981632,0.957036,0.048801,-0.048801,False
AHYBVRYZF2OCONYWPPHVFP3LOCNA,853,11983,0.020619,0.001496,0.982586,0.959126,0.027058,-0.025683,False
AGZYMSCZZ5SPWHX5AVWTP64TY7AA,854,22363,0.020164,0.006165,0.982694,0.957087,0.019849,-0.014202,False
AGCMMNN6UP6PEIA2CUIEWOPS2YNA,855,8557,0.020029,0.000000,0.982324,0.961160,0.031952,-0.031952,False
AHC2NI7LIVUJYCFAIXBPANTPTPQQ,856,5724,0.019208,0.000000,0.982093,0.957087,0.039234,-0.039234,False
AHVSRNKOWB3QKDODMMYIBX4MGZXA,857,11307,0.019024,0.000000,0.982255,0.959126,0.027856,-0.027856,False
AGLJNYIBT53AKXTT73UKKGEKGBGA,858,6176,0.016278,0.000000,0.981154,0.957087,0.037771,-0.037771,False
AGBULUCAF23WPOCKVOFW7TMRG5SQ,859,4988,0.017136,0.000000,0.981668,0.956066,0.042074,-0.042074,False
AHUCMSY4AYIOE6HKJH5XXJHTUPVA,860,3793,0.018921,0.000000,0.981509,0.956066,0.048248,-0.048248,False
AG2ENDOXZQPWVD6GBNEMEF6JTPPA,861,5394,0.016484,0.000000,0.981222,0.957087,0.040416,-0.040416,False
AFEIPKBIOZMB3IVXRDPT6QOGHASA,862,6342,0.017950,0.000000,0.981466,0.958107,0.037234,-0.037234,False
AH4WCDJFTCUPPOWQLRZNNTKQBXQQ,863,9595,0.019460,0.000000,0.982757,0.960143,0.030207,-0.030207,False
AFBGMFIHIE67WDM5T2PISCETNZBA,864,13934,0.020660,0.002926,0.982828,0.960143,0.025066,-0.022369,False
AFN7FWLATHQSECJ5A3RVB7O36UHQ,865,5194,0.018194,0.000000,0.981953,0.958056,0.041145,-0.041145,False
AEU5M6JCO5KF336DF6TDB5FVY3TQ,866,9966,0.018189,0.000000,0.981738,0.959024,0.029674,-0.029674,False
AG3AVVQWEAP4AXNUT3EZ6QK4FOBA,867,13357,0.018902,0.000790,0.981885,0.959126,0.025629,-0.024902,False
AF4GIVSP5XNFHPDX2IOFMUQ3EAIQ,868,6257,0.017376,0.000000,0.980682,0.954993,0.037608,-0.037608,False
AHFJDIN4IJQSW5KVUA3I2XKUYP6A,869,33962,0.017372,0.006013,0.981952,0.958056,0.016091,-0.010571,False
AE7L6TFFDGW4ABGV4TQ4ZBOABXTQ,870,4445,0.020292,0.000000,0.981856,0.957087,0.044522,-0.044522,False
AHP7BUI4D45CYAPTKRACMKC2XXSA,871,8978,0.018046,0.000000,0.982337,0.958056,0.031295,-0.031295,False
AHZ6BIV3PNMZA33V3QM2AX75PCYQ,872,6404,0.019268,0.000000,0.982386,0.959075,0.037015,-0.037015,False
AEFDGIRF3LYGCBIDRYDTH432OCSA,873,5841,0.018484,0.000000,0.982238,0.958107,0.038797,-0.038797,False
AFGM6B54XANJUD63MYIAYPXTR23A,874,4993,0.018557,0.000000,0.981817,0.958107,0.041963,-0.041963,False
AFIHEN3RXXPCERCJVKVQR2OTYB4A,875,5397,0.018436,0.000000,0.981855,0.958056,0.040364,-0.040364,False
AF3XL6NAZUIRBPWC32GOBE6WCQ4Q,876,4764,0.017434,0.000000,0.981522,0.958107,0.042960,-0.042960,False
AEJY24XTMIMXD5G7KDKFUTUJSGYQ,877,4831,0.018271,0.000000,0.981907,0.958107,0.042661,-0.042661,False
AF4DEGIQ6C7TB4CHIWRXZACZOH5Q,878,25114,0.018160,0.004950,0.981633,0.956015,0.018752,-0.014227,False
AGZZXSMMS4WRHHJRBUJZI4FZDHKQ,879,78294,0.016862,0.009380,0.981578,0.958107,0.010597,-0.001986,False
AGG2BATBE7D535HKUBX32J3GQT2A,880,13388,0.020589,0.002497,0.982522,0.958107,0.025627,-0.023334,False
AHS7HSTNO5ORIHDOY222WWITN6AA,881,4858,0.018297,0.000000,0.981766,0.958056,0.042544,-0.042544,False
AHUXZHGF64SVOMETLDTARSRD37WQ,882,5542,0.019327,0.000000,0.981561,0.956066,0.039915,-0.039915,False
AHZUGNMXZS6QEGBMVOIX6HDAPGHA,883,20895,0.018570,0.004088,0.982062,0.955964,0.020559,-0.016823,False
AF3YEJ63COKWZNJHQ2JQP5B6AQ3A,884,55470,0.018690,0.009802,0.981879,0.959075,0.012577,-0.003561,False
AG6R6E7V6BAR3QP5LEY7RNMGDLOQ,885,5377,0.018313,0.000000,0.982159,0.958107,0.040437,-0.040437,False
AGZIBDQ3D7BRKY7DVKB76XTWV52A,886,21704,0.019585,0.005376,0.982280,0.959075,0.020107,-0.015162,False
AFCB2RZXCJKPRGE44SMQQUEGXHNQ,887,3758,0.016194,0.000000,0.980706,0.957087,0.048421,-0.048421,False
AGJVKDYEXLVUSML3TOBXGQOOOL3A,888,7706,0.018605,0.000000,0.982204,0.958107,0.033778,-0.033778,False
AFWNPBOKTPX5C4TKH7S35X27ICSQ,889,5283,0.018705,0.000000,0.982509,0.960143,0.040708,-0.040708,False
AGTDSYZFQTJXWDV2UIK642M2WSGQ,890,6931,0.018836,0.000000,0.982070,0.959075,0.035580,-0.035580,False
AHOHXQZCEU3KDM3TPKZRNCJ3ITVA_1,891,11353,0.018352,0.000000,0.981655,0.954993,0.027919,-0.027919,False
AHAS2LMQPE7IIOHNA4T7VMF7X7PQ,892,7188,0.018737,0.000000,0.981370,0.956066,0.035048,-0.035048,False
AEUTQXGWATQAYOKDGV4QUHODIJWQ,893,5388,0.016959,0.000000,0.981192,0.956015,0.040484,-0.040484,False
AHEQLVKBTZMVBMFTEKGE4OT2AVMA,894,6796,0.018405,0.000000,0.981407,0.957087,0.036007,-0.036007,False
AGULCZYDH3AYLJNW4UYR4SW4EHQQ,895,5453,0.019087,0.000000,0.981969,0.958107,0.040154,-0.040154,False
AEBXQ4RSEVDK3FFEU4TKV3Q4HFBA,896,12358,0.020205,0.001375,0.982123,0.960092,0.026618,-0.025351,False
AEKY7KSHVOAC23ECEPRCZNZM2ZSA,897,7934,0.018480,0.000000,0.982067,0.959126,0.033254,-0.033254,False
AHNX272ZGYILPMX4YYPWIWJSOATQ,898,4864,0.017832,0.000000,0.981234,0.956066,0.042607,-0.042607,False
AGT2J5VMSZM5773CHEA75GYTC27A,899,11509,0.018855,0.000000,0.982354,0.957087,0.027669,-0.027669,False
AE4I4MNFZ43RH4CS7YWJIXCBNDGQ,900,7000,0.019752,0.000000,0.982479,0.960143,0.035365,-0.035365,False
AFYGKU4M4BODTPVSRIQ2UYZYEVDQ,901,11361,0.018246,0.000000,0.982353,0.960092,0.027761,-0.027761,False
AGITFK7R4LKOXVZZGEVWU56Q27JQ,902,4932,0.019341,0.000000,0.982534,0.960092,0.042134,-0.042134,False
AH6OYHXQ36UUE5V47JCRS4QMF4YQ,903,6018,0.018574,0.000000,0.981905,0.958107,0.038223,-0.038223,False
AH34IE3XCS3PQZNVMAVRSHO2HYCA,904,5689,0.017960,0.000000,0.982132,0.959126,0.039271,-0.039271,False
AGADKXWLAJJ4FGWIDIWAPJL5A6HA,905,17426,0.019959,0.004101,0.982215,0.959075,0.022439,-0.018667,False
AGQT4X6P3ABL3TXRTZ2HYBN6O3BA,906,5976,0.019674,0.000000,0.982315,0.960092,0.038277,-0.038277,False
AHCMDOQM5XKXD3ZUPCQR7WTPELWQ,907,12465,0.018874,0.000124,0.982407,0.958107,0.026558,-0.026444,False
AEOOVQ5EI5SGDG33AOQJA2YYSEDQ,908,10564,0.018418,0.000000,0.981675,0.959126,0.028819,-0.028819,False
AEA2HDZHGSH7YNGJRXBU7V3PYNOA,909,5913,0.019104,0.000000,0.982097,0.958107,0.038561,-0.038561,False
AE25OEQL7PJ54QK4BI34RVGGGTZA,910,5568,0.019342,0.000000,0.982443,0.959126,0.039695,-0.039695,False
AGIATWSO4UFBJ6NLPLWCKOFZQLNA,911,7748,0.021324,0.000000,0.982712,0.960092,0.033617,-0.033617,False
AFEJNRZKWZHMHVAWX3QYVAYQHF2A,912,5972,0.018825,0.000000,0.982000,0.959126,0.038329,-0.038329,False
AE62PKTOZMZ6V7PSWCG64TXN3HLQ,913,4502,0.018356,0.000000,0.981475,0.958107,0.044192,-0.044192,False
AGUM6ILPUWROHTXCZT3IKC6Y3ZBA,914,10642,0.017486,0.000000,0.982146,0.957087,0.028774,-0.028774,False
AF5FVSH64VFIXMJXQUVRYMZSFHAQ,915,4302,0.018593,0.000000,0.981505,0.958107,0.045208,-0.045208,False
AGGGCNJX7HDMCBRV426AISCYBVXQ,916,4354,0.018072,0.000000,0.981768,0.956985,0.044990,-0.044990,False
AHTUN5BJJ5WONFRZ5UPNNZSHFPXQ,917,8772,0.018212,0.000000,0.981558,0.958107,0.031659,-0.031659,False
AGDLOI6SRE5LOL4JECVULVETC7AQ,918,9843,0.019203,0.000000,0.981815,0.959075,0.029857,-0.029857,False
AGOJHYXWDQSLYLRW7ZBV2RGMQ7FA,919,7438,0.019608,0.000000,0.981784,0.959075,0.034346,-0.034346,False
AF4PPTRCKDJDOQSJW42JPRBVXZVA,920,16979,0.019133,0.003068,0.981964,0.959126,0.022732,-0.019910,False
AH3DXJGJAMTYSNLOUNSCV7Q6TTZQ,921,8703,0.019880,0.000000,0.982140,0.958107,0.031784,-0.031784,False
AHRMBLWDL7YBLD2ESB4G7DHCYDVA,922,5542,0.018366,0.000000,0.982167,0.959075,0.039790,-0.039790,False
AGYGR6FRSQWRJGITKQU6K5BWV2QA,923,5650,0.019333,0.000000,0.982228,0.959126,0.039406,-0.039406,False
AEEYABBPOWJ62NLOMVCVJFLHMU5Q,924,5817,0.019287,0.000000,0.982451,0.959126,0.038836,-0.038836,False
AEODZ5C7IADRBNGHW2UJ2GFX2YLA,925,6952,0.020085,0.000000,0.982285,0.960092,0.035489,-0.035489,False
AE5JVVRPCSSPCMAMVAUCAOY6X5GA,926,7030,0.018270,0.000000,0.981400,0.956066,0.035440,-0.035440,False
AEICZD35OTDYVWA2KPYWN4PDZ2SA,927,74245,0.018082,0.010400,0.981593,0.958107,0.010882,-0.001336,False
AF42C7Q3JVLKUYBZI5GOCV5MALTA,928,8620,0.019340,0.000000,0.982480,0.960041,0.031873,-0.031873,False
AGF5AY36NH3OVZDDZ7IUBWFWJ34A,929,6896,0.018486,0.000000,0.981910,0.958107,0.035707,-0.035707,False
AG6UA75PNCAYQ63NX7IBSZRSWIRQ,930,4812,0.016820,0.000000,0.981424,0.956066,0.042836,-0.042836,False
AHNKDBHACVEEW7UKCHNBYDJ6RLBA,931,8853,0.018480,0.000000,0.982349,0.960143,0.031447,-0.031447,False
AHBZK7HDHJL4257LJI5UDHQIS4JA,932,5434,0.018305,0.000000,0.981282,0.956066,0.040310,-0.040310,False
AHPZG7IM7JBVYKKN6IH32JZR7A6A,933,6075,0.018842,0.000000,0.981949,0.959126,0.038003,-0.038003,False
AGUWB3V7ZYWO5A2KGSBIFP46C5GA,934,4825,0.018237,0.000000,0.981742,0.958107,0.042687,-0.042687,False
AGOGOL42K2ZH35WKFK55FCRVNRIA,935,36105,0.018538,0.007521,0.981602,0.957087,0.015622,-0.008732,False
AGPUNPZAPRZDR5JRZM65MSSBV77A,936,5882,0.017837,0.000000,0.982283,0.958056,0.038664,-0.038664,False
AFPF2CONJ33FNFKOEQ2TUNWQJTFQ,937,31901,0.020268,0.008548,0.982693,0.959075,0.016585,-0.008722,False
AG6Q352FLUBRJFHXPWTSR6X7NU4Q,938,5262,0.019634,0.000000,0.982109,0.959075,0.040835,-0.040835,False
AENAIARCWP2IDWDPTAXFFX663F6A,939,3749,0.017129,0.000000,0.981386,0.957087,0.048479,-0.048479,False
AHT6AM6BNIZUHFJB5V2M6XM72G7Q,940,4814,0.019495,0.000000,0.982069,0.957087,0.042782,-0.042782,False
AE4MBJ7U7NIHOXS4LKA55OKCHASQ,941,6541,0.016162,0.000000,0.981168,0.956066,0.036741,-0.036741,False
AHV6ORJZ5R7D5AE4ACP6JWJJGKYA,942,16024,0.019268,0.002731,0.982482,0.960092,0.023376,-0.020858,False
AFHILCC5WFKLYGRZHHUQCLQTKNHQ,943,18182,0.018144,0.002620,0.981675,0.957087,0.022013,-0.019614,False
AEHW3XPN4OAJTCRSJFMQM3GB2MSA,944,6928,0.018431,0.000000,0.982219,0.959126,0.035586,-0.035586,False
AGH6XOPLYMOYQG3SUZB72TDMRGZQ,945,7184,0.019638,0.000000,0.981901,0.959126,0.034946,-0.034946,False
AF3KNCUWGV462QPTKEOS22ZXRBLA,946,4079,0.018011,0.000000,0.981249,0.956015,0.046529,-0.046529,False
AG6ABWJ3MV5L42D4Y7SZZQJPGWPQ,947,5813,0.020161,0.000000,0.982211,0.957036,0.038934,-0.038934,False
AH2MHUG2OX25OE2YQ56VPX3Y75QA,948,8673,0.018955,0.000000,0.981643,0.958056,0.031841,-0.031841,False
AGTAEHQD23OXPBIQ6XULCRAM63QQ,949,11532,0.018933,0.000000,0.982076,0.959126,0.027582,-0.027582,False
AGEK6YV2JNA3W7VGTJ63QRZ4SPIA,950,10458,0.018935,0.000000,0.982354,0.956066,0.029057,-0.029057,False
AFAI3A7XWPRB2BRZWPRJJO5FP45Q,951,8562,0.018576,0.000000,0.981362,0.956066,0.032113,-0.032113,False
AHG5OUYNZPXAKJULNIA667MM5SJA,952,12582,0.018386,0.000000,0.981785,0.957036,0.026464,-0.026464,False
AECVZVINWATH26RZLF6GHX5RLD2A,953,5345,0.018268,0.000000,0.981355,0.957087,0.040601,-0.040601,False
AHKULNJ7UQDGZ6Q2GLJHZTEEDW4Q,954,13197,0.019372,0.001150,0.981592,0.957036,0.025840,-0.024787,False
AE74R4MXEU5OZLFWTEMEOKFLHBHA,955,5741,0.019351,0.000000,0.981527,0.958107,0.039134,-0.039134,False
AEX32AJWO2E7MT72BBNSUKH6PYYA,956,14223,0.018692,0.001139,0.982095,0.957087,0.024889,-0.023846,False
AFHFMYCNLONPVUHT3JZFYLIEGX6Q,957,5341,0.016949,0.000000,0.981713,0.956066,0.040659,-0.040659,False
AEK6S3VTX6ILWLZYNGHE2KH3AQUA,958,6532,0.020159,0.000000,0.981986,0.957087,0.036727,-0.036727,False
AGS3Y3DFMQG2CJ7H573D2IBO6YVA,959,8170,0.021407,0.000000,0.982653,0.960143,0.032735,-0.032735,False
AHWS6KEYMVXJ2QBO7XVMWYTEO2GA,960,6052,0.017299,0.000000,0.981002,0.957087,0.038156,-0.038156,False
AGV4A5OW3D3DLCXUA732NUNSJDYQ,961,6107,0.018076,0.000000,0.981948,0.958107,0.037943,-0.037943,False
AH2EBJFQ2TGA23CPYUEFFK4YTANQ,962,12202,0.018221,0.000000,0.981732,0.957087,0.026872,-0.026872,False
AGTUIPPU5SQY6DTRYVR64YTJXG2A,963,6511,0.019718,0.000000,0.981750,0.959075,0.036710,-0.036710,False
AHX27EH23JDXSDH723OOHC2YDF3A,964,5190,0.018769,0.000000,0.982162,0.959126,0.041115,-0.041115,False
AF757ZS6HFSVQZIIC76AVBND4LOQ,965,6411,0.021854,0.000000,0.982582,0.958005,0.037037,-0.037037,False
AHEIY6MQYIUEKH3FLQQVRDJ2LUGQ,966,4504,0.018396,0.000000,0.981820,0.959126,0.044135,-0.044135,False
AEZ4UQPUCMYPEXDR3BCTZ22Z2M7Q,967,5191,0.018698,0.000000,0.982218,0.959126,0.041111,-0.041111,False
AECSGWJW72T7RFUOONY27ZIESABQ,968,6008,0.018692,0.000000,0.981990,0.958056,0.038257,-0.038257,False
AEGWUKP4FG5GISCFLDOSG5W2KMWA,969,13498,0.018497,0.000479,0.981588,0.956015,0.025578,-0.025140,False
AE4YLXZ3JT2F75TQTRY6BL6UD6UA,970,6892,0.019042,0.000000,0.982006,0.959126,0.035679,-0.035679,False
AGOVEEK7OQXMIF4I4UOXGD732XWA,971,4629,0.019455,0.000000,0.982011,0.958107,0.043582,-0.043582,False
AFTKKVIGT534WZS2NTESMPVXC5AQ,972,4853,0.019084,0.000000,0.981840,0.958107,0.042564,-0.042564,False
AH2C2OAE2Q2GOAMSCXS3QV6S52MQ,973,9405,0.018677,0.000000,0.981275,0.957087,0.030608,-0.030608,False
AEVNT7PL2427YXOIWWPUDB53VYUQ,974,5327,0.018492,0.000000,0.982113,0.958056,0.040628,-0.040628,False
AHYCX7ABSJ7I6FQ24IAUWOGHIJVA,975,6859,0.020958,0.000000,0.982456,0.961160,0.035689,-0.035689,False
AEOMTF2KGPGBSLSLN4YCFUVTAQ6A,976,3624,0.017391,0.000000,0.981971,0.959126,0.049203,-0.049203,False
AE4CGVZRXIAQDALP6UN3FMJF6NSA,977,6599,0.019335,0.000000,0.982079,0.959075,0.036464,-0.036464,False
AF5WMXTKZMTL3EVJMZM63ILA6H7Q,978,6879,0.019542,0.000000,0.982261,0.957036,0.035791,-0.035791,False
AF4CNAUOROUP6WQEHMP7DWVB3KFQ,979,5090,0.019122,0.000000,0.982188,0.959126,0.041517,-0.041517,False
AGNVPG5LUE53WJT6YZYDOAVGNITQ,980,7727,0.017722,0.000000,0.982222,0.960092,0.033662,-0.033662,False
AHNRKRI4TADX6D5B32WFKOWYSWZQ,981,9580,0.019214,0.000000,0.982292,0.957087,0.030327,-0.030327,False
AGLSDR7Y4E3V4XVRFSFQPOUW5IXA,982,4247,0.017642,0.000000,0.981383,0.956015,0.045599,-0.045599,False
AHKSD37M6YINFJE4K4K4QAAWWCRA,983,4658,0.018576,0.000000,0.981639,0.957036,0.043494,-0.043494,False
AFLJQ7ONRNGXUCA67XWGIN4OLJAQ,984,13299,0.018778,0.000626,0.982019,0.958107,0.025712,-0.025138,False
AH7OXGKTTNO2MZQZU3FYKVJBRD6Q,985,4820,0.018127,0.000000,0.981520,0.957087,0.042755,-0.042755,False
AEOPWB7TDB36DERA2HILFN3CV7RA,986,4864,0.018086,0.000000,0.981859,0.957087,0.042561,-0.042561,False
AERIK7GJLZAGV7WSQ27O6LPAEVHQ,987,10149,0.019958,0.000000,0.981964,0.958107,0.029433,-0.029433,False
AGR4OEGODMLQE34H55CCYHCOS77A,988,4800,0.021242,0.000000,0.982237,0.958005,0.042803,-0.042803,False
AFSUY5CW67K7ZLKUOEWM7QFRKJ2A,989,6264,0.019751,0.000000,0.982613,0.958107,0.037465,-0.037465,False
AGZMKHWSCB3UXDGFUPFRZSL4EAWQ,990,10691,0.018942,0.000000,0.982100,0.958107,0.028677,-0.028677,False
AF6NUKNPSTZPENLOA3BIU3HBUDIQ,991,12815,0.019613,0.001122,0.982584,0.959126,0.026165,-0.025133,False
AGKR5EPZEW4FQQAQBUXQBXMAFLCQ,992,8669,0.019205,0.000000,0.982016,0.957087,0.031881,-0.031881,False
AEUMFFNJZVNADPWYCH7Z36YXNHAA,993,10583,0.021916,0.001567,0.982824,0.960092,0.028764,-0.027319,False
AHDYWEPU7QZTV4THNKEIDLINVXFA,994,52713,0.018678,0.009561,0.981604,0.957036,0.012929,-0.004173,False
AGVZL5MSRHWZ74DPTM6PFQYFVTAQ,995,49361,0.019392,0.009970,0.981706,0.958056,0.013347,-0.004196,False
AFJOLC4LQCWSFSV76IYDJMHB7I2Q,996,5684,0.019885,0.000000,0.982337,0.958107,0.039330,-0.039330,False
AH7RZZ47LJVL4ASHAYKVR5DZCTGQ,997,9203,0.017857,0.000000,0.981727,0.957036,0.030943,-0.030943,False
AH2JKHXWYTOQT3N2FH5QPJWKSRTQ,998,24861,0.019534,0.006258,0.981752,0.957036,0.018827,-0.013095,False
AHBQYAFF3P7663IHYQ7KCE75NQBA,999,16395,0.018301,0.001953,0.982129,0.959126,0.023133,-0.021337,False
AGPZ7KMTXF7ZZSQTQ5346PUGGAFQ,1000,6588,0.018270,0.000000,0.982178,0.959075,0.036495,-0.036495,False
AEUNI3OFLTJG7LZNVHXLKXSOLO7A,1001,5089,0.017743,0.000000,0.981423,0.960143,0.041477,-0.041477,False
AH76HZ6TQ3JIMFX3SIWCFBPX2JZA,1002,5910,0.019808,0.000000,0.981929,0.955044,0.038694,-0.038694,False
AE6FG3OZWHGNTIACGI2DEQTDYB3A,1003,5402,0.017630,0.000000,0.982212,0.958107,0.040343,-0.040343,False
AFKZESU3PTCQ2UVDBDSFVFTXBFNQ_1,1004,45015,0.017394,0.007528,0.981597,0.957036,0.013991,-0.007096,False
AFMIL52ZUYM4HYTD22N4TUTTXTKQ,1005,6124,0.018553,0.000000,0.982104,0.958056,0.037892,-0.037892,False
AGU35OCWVSLJ4FQ5DSUYXP3FTUFA,1006,8503,0.017727,0.000000,0.982348,0.958107,0.032156,-0.032156,False
AFP33S7JOLTWY4WO3HHRVGPYBSLQ,1007,5292,0.019132,0.000000,0.981649,0.957087,0.040804,-0.040804,False
AHP53RQRBGPN4HDCVNYBSEOHRCZQ,1008,7543,0.018182,0.000000,0.981590,0.956066,0.034214,-0.034214,False
AEV7JM37E42KJBVSKJZASPXE3YOA,1009,5044,0.018741,0.000000,0.981624,0.957036,0.041797,-0.041797,False
AFUEDRMVN3NGRUCH6QBYJ5ERROSQ,1010,7172,0.017828,0.000000,0.982172,0.959126,0.034976,-0.034976,False
AF4OT4JFCWDCQYYUSABLCT6E7MCQ,1011,7193,0.019092,0.000000,0.981687,0.958107,0.034962,-0.034962,False
AGU7TAN3F323XBPIBTEW3TDAF32A,1012,4210,0.017573,0.000000,0.981496,0.956066,0.045796,-0.045796,False
AGJNUMD3ZCOGO6FFB6NAVV3CYP5A,1013,7658,0.017361,0.000000,0.981572,0.958107,0.033884,-0.033884,False
AEH5Y525F3CTRR4KHLJLQTCFUSDA,1014,28418,0.016453,0.004035,0.982461,0.960143,0.017552,-0.013832,False
AGSTDL3I5TMKBYCEXDKCEC43ETCQ,1015,3664,0.018812,0.000000,0.981401,0.957087,0.049038,-0.049038,False
AHIQKES2DS4GEDPKHAZMGCS2HHMQ,1016,4956,0.018735,0.000000,0.981554,0.957036,0.042166,-0.042166,False
AETKRATU4ECDMBCIQVTPGFWAI7WA,1017,10421,0.019313,0.000000,0.982124,0.958107,0.029046,-0.029046,False
AHGIDR4IJFS23Q4GTZ33FI5LYDSQ_2,1018,7759,0.018807,0.000000,0.981653,0.958056,0.033664,-0.033664,False
AECKGMR6XCQLS2CKXDI6KH46UWTQ,1019,16432,0.019116,0.002786,0.981894,0.957087,0.023156,-0.020604,False
AGSLJQOUHG4HEY3F6PC2TMUXDETQ,1020,11496,0.018974,0.000000,0.982343,0.959075,0.027627,-0.027627,False
AHJZICZVRJWDIAJ7F4KECEIFOH3A,1021,24612,0.017407,0.004064,0.981894,0.959075,0.018881,-0.015144,False
AHQN4PR4VZLKHV6Q4JL3B3QLKJOA,1022,12697,0.019353,0.000775,0.982277,0.958056,0.026316,-0.025604,False
AHMAGO6RME5BNQIVWP56IIWELOJA,1023,7324,0.017915,0.000000,0.981656,0.957087,0.034685,-0.034685,False
AHEYRB3QDEKKFTZ3B7FU3UAEJASA,1024,6388,0.019359,0.000000,0.981496,0.959126,0.037060,-0.037060,False
AEJQMJCRCYXTXQ2BCF3XP2KJZMRA,1025,7263,0.018509,0.000000,0.981926,0.958056,0.034795,-0.034795,False
AHGNBIL7SLPTHLJWQRA6XJDDRKZA,1026,6719,0.019231,0.000000,0.981432,0.959126,0.036135,-0.036135,False
AHWQ7NF7NNOI53VYRHMNOLHHT4YA,1027,8611,0.019964,0.000000,0.982609,0.960143,0.031886,-0.031886,False
AGA6ELHQQPZEVEG26LAAV6SFWDEA,1028,7981,0.018772,0.000000,0.982088,0.960092,0.033122,-0.033122,False
AFFCTK6Y27DONGPEBDIGH6YXH2TQ,1029,50480,0.018915,0.009598,0.981825,0.958107,0.013197,-0.004387,False
AGGHIRS7NROMQU4N6PDJCNH26ZEQ,1030,6409,0.018151,0.000000,0.981463,0.959126,0.036999,-0.036999,False
AE7JOVNS4C7U322U2UIIZLDBKBOA,1031,12947,0.018327,0.000000,0.981526,0.956066,0.026115,-0.026115,False
AFTRZYHACSFQKBN65BYGGZ3II2MA,1032,6703,0.019582,0.000000,0.981974,0.959126,0.036179,-0.036179,False
AFW7E3SFBPFDQ6HDNEINTNMOBG5Q,1033,5127,0.017182,0.000000,0.981202,0.958056,0.041413,-0.041413,False
AFDNV3WLJUPSGQ75XDJL5MPTQBGQ,1034,5592,0.017208,0.000000,0.981105,0.957087,0.039694,-0.039694,False
AHL3R5T5CBXKOFV74ODDPJLNQYIA,1035,8289,0.019010,0.000000,0.982338,0.958107,0.032568,-0.032568,False
AHR7J6ECPZ3Z6S5BOBLPIBN42UMQ,1036,7034,0.018677,0.000000,0.981930,0.959126,0.035317,-0.035317,False
AG3CK7F7NP5GM6BN6OHZJRWWF7QA,1037,35595,0.019069,0.007974,0.982027,0.957036,0.015734,-0.008431,False
AERGQ6U7YCR6JZ54FFKYPUM7PFDQ,1038,5710,0.017056,0.000000,0.981451,0.956066,0.039324,-0.039324,False
AEUUFC2JXLKMGJJTTOGUQUL5SKPQ,1039,26362,0.018325,0.005433,0.982038,0.957036,0.018283,-0.013307,False
AGECNBG33ROS6O4KC6IL2HK2XNBA,1040,7746,0.018216,0.000000,0.981679,0.958107,0.033691,-0.033691,False
AEOQK5R2VIF372OSXLIWC6GQMVVA,1041,6015,0.018397,0.000000,0.981794,0.956066,0.038314,-0.038314,False
AFTHDT2O7A2HWCMCK6AC2R5YE37Q,1042,5468,0.016928,0.000000,0.981144,0.955044,0.040228,-0.040228,False
AF2IWZ2WIXEMCM3ZHI3FV4XZMQ6A,1043,10739,0.019383,0.000000,0.982515,0.957087,0.028644,-0.028644,False
AFAYWPUUPPOPNSJRJE55GJCVMEHQ,1044,4837,0.018619,0.000000,0.981023,0.956066,0.042725,-0.042725,False
AHS5FPE6RHE4ITJ4SAVI67YVRNOQ,1045,9202,0.018403,0.000000,0.982128,0.958107,0.030911,-0.030911,False
AFZ65RCGGPLY6YKWUEZD2CCDNKGQ,1046,3962,0.017406,0.000000,0.981457,0.957087,0.047158,-0.047158,False
AELRGAHYW4A2D3SBGP3FAWJENQJA,1047,4087,0.016799,0.000000,0.981143,0.957087,0.046431,-0.046431,False
AEWBDV24CDYDHTTTR7TIPKX5HUAQ,1048,8227,0.019344,0.000000,0.982140,0.959075,0.032658,-0.032658,False
AE6PDNPNIWCIEH24Z65XBYYTDTTA,1049,3797,0.017888,0.000000,0.980765,0.956066,0.048223,-0.048223,False
AGI4ZZIMFVNCXGV2BVIU6JZ4TPIQ,1050,4298,0.016807,0.000000,0.981173,0.957036,0.045279,-0.045279,False
AHVQH6Z66TVI4B7R4NJ6XO6BAISQ,1051,17294,0.019249,0.003331,0.982508,0.960143,0.022500,-0.019429,False
AFM3KHXL5LZH6SKJSF2BMJYF3SQQ,1052,7983,0.019139,0.000000,0.982223,0.959126,0.033151,-0.033151,False
AF3VJWZYBINWBUJTSNDGIO6OY5SQ,1053,9221,0.018918,0.000000,0.981528,0.957087,0.030912,-0.030912,False
AEHLBSKJ7D3UGXNJS5JSFURYVFCA,1054,5197,0.017991,0.000000,0.982169,0.958107,0.041131,-0.041131,False
AF53ZKFWQ3BC2EXJ6FP5WIIN2MCA,1055,5524,0.018779,0.000000,0.981999,0.958107,0.039895,-0.039895,False
AFIKPLSJCM3IYFC3AAYOU4BK2DCQ,1056,4993,0.018072,0.000000,0.981236,0.957036,0.042010,-0.042010,False
AHYFS6FJHSRC2H26UROJC6RK2BMQ,1057,4750,0.015625,0.000000,0.980665,0.957036,0.043071,-0.043071,False
AHKOJ6OCVU2W67ZL74KK43PLGI5A,1058,3974,0.017452,0.000000,0.980915,0.954021,0.047238,-0.047238,False
AG4RMIJI4W6ITLNIDISUKCO5VPNQ,1059,8995,0.020313,0.000000,0.982672,0.958107,0.031264,-0.031264,False
AHFEKMQNEZ6JCHJITYOZAYAYSPKQ,1060,6968,0.020253,0.000000,0.982579,0.959075,0.035486,-0.035486,False
AGYHZ6BEEFCJJMD5CNSRKEMJEMCA,1061,9750,0.019016,0.000000,0.981604,0.959126,0.029997,-0.029997,False
AFNRTOQBZEL3MZE5FUDIGEGV7H2Q,1062,28659,0.019421,0.007056,0.982369,0.959126,0.017497,-0.011006,False
AHBK4QU2FQD5MPSCIITINHM2TAPA,1063,6679,0.017289,0.000000,0.981803,0.958107,0.036282,-0.036282,False
AGZALMFGWGTHSFB4LFXNW2AECUEA,1064,16866,0.018721,0.002602,0.981789,0.959075,0.022809,-0.020415,False
AHAZFJIG2P27OH4KLTR2SMWMKW6Q,1065,8306,0.018584,0.000000,0.982003,0.959126,0.032500,-0.032500,False
AGVM37ENJ7TA4BJ4LRWQKQPMH64Q,1066,5263,0.018558,0.000000,0.982009,0.959126,0.040829,-0.040829,False
AETTCQ34XRYAYKLWZZJZVRQM5MSQ,1067,5227,0.018519,0.000000,0.981847,0.958056,0.041015,-0.041015,False
AHPQFIVYXQZH6JMFAXRDI3FUFEZQ,1068,18653,0.019123,0.003796,0.981743,0.958056,0.021712,-0.018227,False
AHBDTLNWRFQMXPI3OUKYMYBYLOJQ,1069,9264,0.018747,0.000000,0.982029,0.958107,0.030807,-0.030807,False
AFBFWGX7SDRJT5DDHEERCGZT4AEA,1070,4107,0.018167,0.000000,0.981988,0.959126,0.046219,-0.046219,False
AF3KNIB6JUAQDSP7HZEVB44DHMKQ,1071,6094,0.018477,0.000000,0.981411,0.958056,0.037986,-0.037986,False
AF3OZUPLSOGYWBRID7H2XCCD3UAQ,1072,8634,0.017792,0.000000,0.981036,0.955044,0.032013,-0.032013,False
AHBSAEV65SZJFHDTPWDS47KKC2YA,1073,10663,0.018195,0.000000,0.982014,0.959075,0.028686,-0.028686,False
AFM2HPJTYPIGGIZHPALJJCL42YMQ,1074,8093,0.018832,0.000000,0.981842,0.957087,0.032996,-0.032996,False
AFLH6RLYSGM6RZTB7D2QPKRFJMJQ,1075,5739,0.018337,0.000000,0.981548,0.958056,0.039143,-0.039143,False
AE2QK2SWUQAGG54GHQDJUREN3DRA,1076,10049,0.017405,0.000000,0.981578,0.957087,0.029611,-0.029611,False
AHY33GMV66E2L2OGPPLIZ3IDCUYA,1077,9509,0.018634,0.000000,0.982058,0.958056,0.030409,-0.030409,False
AFRMOOG7VG4WSGTOQCQMGLIGC5LA_1,1078,8632,0.018213,0.000000,0.981276,0.957087,0.031949,-0.031949,False
AEUFFWKPFIARZOLN34A72F3X4VEA,1079,5073,0.017899,0.000000,0.982133,0.959126,0.041587,-0.041587,False
AFZDZGZNCOO4L3E2TKHL4JP4YS3Q,1080,6988,0.018083,0.000000,0.982193,0.958107,0.035471,-0.035471,False
AF5XHCHKI3CCKABRWCN3J2NGGFUA,1081,10410,0.018911,0.000000,0.982018,0.958107,0.029062,-0.029062,False
AHI7A36FSQATGRO2CDS6VNSVC4DA,1082,5328,0.018892,0.000000,0.981958,0.957087,0.040666,-0.040666,False
AGIMYCA3OW5YGXP4MMNUGWOWLWXQ,1083,6941,0.016713,0.000000,0.982162,0.960092,0.035517,-0.035517,False
AFYLM4TY5MMUCWSLDKUIB5PIF3JA,1084,4528,0.018533,0.000000,0.981635,0.956066,0.044159,-0.044159,False
AEJBSDLYHVSXPWUIDE5AA64APFZA,1085,6182,0.018462,0.000000,0.981693,0.957087,0.037752,-0.037752,False
AE7GA3U6Y32ZKNKWN3B32YIN7P7A,1086,10630,0.019917,0.000000,0.981768,0.957087,0.028790,-0.028790,False
AH254KLJJLFZUUSWU6STN7PMKS7A,1087,9070,0.019487,0.000000,0.981915,0.956066,0.031201,-0.031201,False
AELGXRSBMW6YZBEFZQVUF3QYQVHQ,1088,6427,0.020396,0.000000,0.982261,0.959126,0.036947,-0.036947,False
AGCA64OUVM2TJGNN3IUXMEU7KF6Q,1089,22864,0.018898,0.005054,0.982430,0.959075,0.019590,-0.014941,False
AGHZW4TANYLJ3MYNWOB4JEW66SOQ,1090,5539,0.018763,0.000000,0.981913,0.957087,0.039884,-0.039884,False
AHDEEVJGEQVXRHOX3HFG5Q3F4ZRA,1091,14687,0.017224,0.000000,0.981741,0.958056,0.024468,-0.024468,False
AFERLCOSLAZPD4FOKHKCBC5PM5UA,1092,10288,0.020729,0.000091,0.982844,0.960143,0.029172,-0.029088,False
AFVAUF5XDUB2H6MA2ND3VFEO5E2Q,1093,7803,0.020138,0.000000,0.982383,0.959126,0.033532,-0.033532,False
AFDQNDRLLF47MO5CYI7PMLYSC2QA,1094,8305,0.020033,0.000000,0.982568,0.961109,0.032435,-0.032435,False
AFQXJUFP4PGITLRRO6WEU3OSFWBQ,1095,4952,0.018678,0.000000,0.981222,0.957087,0.042181,-0.042181,False
AELN4RMGNHECSTVJXJ6ZMN74AAIA,1096,5193,0.019383,0.000000,0.982379,0.958107,0.041147,-0.041147,False
AE6WU4SFOAVPE7A33RAHPQGCKR4A,1097,10117,0.018790,0.000000,0.981798,0.957087,0.029511,-0.029511,False
AE5FJLSPXITRDBGBSCKGWOZ3ZCOQ,1098,5232,0.018116,0.000000,0.981351,0.956985,0.041041,-0.041041,False
AHZSHLSRALGTOXKEAVIKIHA37JGA,1099,5507,0.018023,0.000000,0.981499,0.955044,0.040085,-0.040085,False
AGWFMLZCUT6NEPAJOIZKZN2ZOE2A,1100,5986,0.018592,0.000000,0.982109,0.959126,0.038284,-0.038284,False
AGJRMIF3LHVDBHMCEYRL7GWCVMRA,1101,8870,0.018096,0.000000,0.981057,0.958107,0.031484,-0.031484,False
AEXDR7GGRBNNHQKSTHBAHBVACTSA,1102,7358,0.019211,0.000000,0.982008,0.957087,0.034604,-0.034604,False
AFAWMUZHDWA2BUULOOOVMF3RR6QQ,1103,10161,0.017627,0.000000,0.981967,0.959075,0.029386,-0.029386,False
AFWVN52MRBWOTIK7UGXBWGOY4HBA,1104,5245,0.017949,0.000000,0.981615,0.958056,0.040945,-0.040945,False
AFYTYOPH5UG42COFMW2HW3ZFJTYQ,1105,5809,0.017487,0.000000,0.981711,0.958107,0.038904,-0.038904,False
AFK4DMI6LZY7CSH5Q24UVGTRHFTQ,1106,6322,0.018433,0.000000,0.981902,0.958107,0.037292,-0.037292,False
AFCP2TNAYCO364NXL2CLWQGFXHWA,1107,6012,0.018697,0.000000,0.982270,0.957087,0.038282,-0.038282,False
AEFNW54XK3ARD4OBRWBS5TXURUQA,1108,4727,0.018409,0.000000,0.981789,0.958056,0.043130,-0.043130,False
AFZU3UIV7FQFQL7H7TC4J6JVOYIQ,1109,4549,0.017816,0.000000,0.982111,0.956066,0.044057,-0.044057,False
AFVIKCEGFX2QTEQGLLM7KAGE5WRA,1110,4758,0.017405,0.000000,0.981457,0.957087,0.043033,-0.043033,False
AH3JYMVUYJD36GPVGEILOX3Y2ESA,1111,8981,0.019111,0.000000,0.982272,0.959126,0.031255,-0.031255,False
AGQVYRFKX6G5VO65RHQ7UZKGSTKQ,1112,3756,0.019091,0.000000,0.981169,0.956066,0.048485,-0.048485,False
AF6PYKOUHORFC3TLKFYFD33N4BFA,1113,15527,0.019249,0.002449,0.981777,0.959126,0.023771,-0.021517,False
AEFB7GQJUQWWIOK35NOMAC47PI6Q,1114,11778,0.019372,0.000083,0.982319,0.958056,0.027323,-0.027247,False
AECSBI2WN54PZ6JTA3MLM6WUN47Q,1115,5393,0.017265,0.000000,0.982057,0.959126,0.040334,-0.040334,False
AEIFOXPMNJWZXDDGPO6DBZPSQ5WA,1116,18433,0.019541,0.004123,0.982169,0.959126,0.021817,-0.018024,False
AFTP4CS3L7FXZ45SXX553REC3MFA,1117,6374,0.018758,0.000000,0.982416,0.959126,0.037100,-0.037100,False
AFJTTFFMPZ4BUCY6UE4WHHR24CEA,1118,6885,0.019978,0.000000,0.982173,0.958056,0.035737,-0.035737,False
AGABRCVDMJACNEUZQF3K5N6ASOTA,1119,10415,0.019364,0.000000,0.981865,0.956066,0.029117,-0.029117,False
AF5GRAZOLOUIUPODTWQVJDYF4AZA,1120,5914,0.020317,0.000000,0.982640,0.960143,0.038476,-0.038476,False
AE7GUGPHKJLCXM4O43UVKFZ6UPBA,1121,6845,0.018539,0.000000,0.982254,0.959075,0.035803,-0.035803,False
AFO6QRJE7PPMBY2P66V2FPKJUIEA,1122,21911,0.019354,0.005212,0.982105,0.957036,0.020054,-0.015280,False
AEI4GU653P6LRUUM7MLI3BHS6HGA,1123,4883,0.018118,0.000000,0.981644,0.957087,0.042478,-0.042478,False
AH25DEW5JUBLDW65WMCTQ3VICZ4Q,1124,6782,0.019271,0.000000,0.982321,0.957087,0.036044,-0.036044,False
AGNF2DGDI5VR32QJTJPKHE7LS26A,1125,7134,0.018382,0.000000,0.981217,0.956066,0.035181,-0.035181,False
AGKD4Q3J7FLX6XOCS4UDJXKM75QA,1126,4618,0.018898,0.000000,0.982405,0.957087,0.043680,-0.043680,False
AEHH3ZK5OPHYILGVM6NIOAQG7MEQ,1127,5680,0.018571,0.000000,0.981806,0.959126,0.039302,-0.039302,False
AHCX7GPLZ4J3M6B7CB3LWF2HXEPQ,1128,5223,0.018039,0.000000,0.981775,0.958107,0.041029,-0.041029,False
AGTR5JNUBYVJ4S66SCDZKAAKUCUQ,1129,4480,0.019017,0.000000,0.981493,0.957087,0.044348,-0.044348,False
AHJ2S343LIEFFF6PEJOHLWMZ4CQA,1130,5332,0.018754,0.000000,0.981949,0.957087,0.040650,-0.040650,False
AE5OBWH42SMIJMW33W4UIHOVYUAQ,1131,11635,0.018723,0.000000,0.981911,0.957087,0.027519,-0.027519,False
AHR375Y4F3W6I7Z5YBS6PVJR37PA,1132,9653,0.019304,0.000000,0.981945,0.956066,0.030244,-0.030244,False
AENPFFAIQ75VTJYM6BCEKB5WWWJQ,1133,20655,0.020072,0.005506,0.982424,0.960092,0.020589,-0.015514,False
AFB4U64YA2ML3OF4UUMFUE52B6GQ,1134,6587,0.018163,0.000000,0.982151,0.959075,0.036498,-0.036498,False
AH467Z3742JS32I7V6C2OECMHXQA,1135,5764,0.017110,0.000000,0.981601,0.957087,0.039097,-0.039097,False
AGTQHZCHCPOBUSBJFZSEPCWQ44ZQ,1136,7822,0.021488,0.000000,0.982850,0.961109,0.033422,-0.033422,False
AEUHDKB4POKYWKAVGAUKCN4JSHSQ,1137,7938,0.020997,0.000000,0.982713,0.959126,0.033245,-0.033245,False
AEFQZUFCOB6RLGQQERSPS4P5GDSQ,1138,5460,0.017391,0.000000,0.981519,0.958056,0.040130,-0.040130,False
AHEYBY33U7TAJA3KWZGD7DXEZRGQ,1139,5966,0.019347,0.000000,0.981933,0.958107,0.038389,-0.038389,False
AEOSCZNS3P5OOCDISARS5TVRFVYA,1140,5506,0.019815,0.000000,0.982229,0.959126,0.039918,-0.039918,False
AGMZV54XEXNBFMAGB3OERT4UPB2A,1141,6815,0.018408,0.000000,0.980651,0.958107,0.035918,-0.035918,False
AEB2KGGJANOW27FHME4SJ3IIFGIA,1142,10049,0.019527,0.000000,0.981948,0.957087,0.029611,-0.029611,False
AGJEXT3S4UW4P76ZQ6KSZM6AO5QA,1143,6998,0.019100,0.000000,0.981973,0.959075,0.035410,-0.035410,False
AGH5UEOJXJR5CMN33VMPDCEFBQAQ,1144,6748,0.018102,0.000000,0.981752,0.956066,0.036173,-0.036173,False
AHKF4WFT35DXX3TL7JT776DJNUJA,1145,6527,0.019112,0.000000,0.982096,0.958056,0.036704,-0.036704,False
AH75O6O35WZKXRMLGIQQFFDA5KCA,1146,8948,0.018727,0.000000,0.981573,0.959126,0.031313,-0.031313,False
AFH6GLY2ND6DKFGNZD5NF2DUWP2A,1147,11238,0.017302,0.000000,0.981186,0.954993,0.028062,-0.028062,False
AGP2E6KQNCXVYNQM5E4WMWUTBU4Q,1148,4698,0.018735,0.000000,0.981148,0.958107,0.043260,-0.043260,False
AFIHPFIZXC72VUCPMVGRLMMJTPMA,1149,9457,0.019121,0.000000,0.981596,0.959126,0.030459,-0.030459,False
AHE2UO7FEFP5S5LCL7XWBC3GQRRA,1150,7374,0.019027,0.000000,0.981964,0.958107,0.034530,-0.034530,False
AFO7DHIAAH6SJFY27S7ANI2NIZ6Q,1151,10435,0.019551,0.000000,0.982231,0.959075,0.028998,-0.028998,False
AEYDWBTKRXYIOW2ATGJ7YV4FXGWQ,1152,6447,0.019839,0.000000,0.981966,0.960143,0.036851,-0.036851,False
AGMXF4VIQB3J35DN2ZPELWZE2JTQ,1153,5553,0.018519,0.000000,0.982025,0.958107,0.039791,-0.039791,False
AGPZKGHFWRKC2JEEYPISHATYF52A,1154,9859,0.020169,0.000000,0.981900,0.959075,0.029833,-0.029833,False
AEWGIJRJ6FJANQOIJPTMSNJ6EIAA,1155,7278,0.020118,0.000000,0.982585,0.959126,0.034720,-0.034720,False
AEZFU44YV2CAGFRDA5MTGEP7LWGQ,1156,6051,0.018905,0.000000,0.981520,0.957087,0.038159,-0.038159,False
AEIJRGC7EM6SJ5YWBEUFD4KZRB5A,1157,4737,0.017817,0.000000,0.982104,0.959126,0.043036,-0.043036,False
AGCVRCNB4FGVZI5N2Z7CLE5PUGNA,1158,5707,0.019320,0.000000,0.982442,0.958056,0.039252,-0.039252,False
AETWQ4GYGV4QRMTMWGBIDVASBKHA,1159,6377,0.017592,0.000000,0.981791,0.958107,0.037131,-0.037131,False
AHKJQPQ2NLTXMC4BL7KN5LSO5HZA,1160,9388,0.017871,0.000000,0.981533,0.957036,0.030637,-0.030637,False
AEUPRQE7ZDALCKE7VE5NNYXFRZFA,1161,11032,0.020035,0.000105,0.982513,0.959126,0.028201,-0.028104,False
AHR43AXAYPDVPUQIPVQBYYBBPYFA,1162,6758,0.019097,0.000000,0.982157,0.957087,0.036108,-0.036108,False
AHAEKZNVFT4GOFJOORYICTHXILVQ,1163,4139,0.018657,0.000000,0.981560,0.956066,0.046188,-0.046188,False
AFSPTSJ4WN3TXSMC52FRT3SD7WXQ,1164,58308,0.019821,0.011152,0.982312,0.957087,0.012293,-0.002078,False
AFKTUAYG42OOXMH7MXVVHOJ4TR6Q,1165,5103,0.018045,0.000000,0.981676,0.956066,0.041597,-0.041597,False
AHCALY2KFPY6J65IJAZJQHIDAEGA,1166,10071,0.017665,0.000000,0.982128,0.959126,0.029515,-0.029515,False
AFXF3EGQTQDXMRLDWFU7UBFQZB7Q,1167,143531,0.018615,0.013090,0.981911,0.958005,0.007827,0.004186,True
AGLLNWYALFTZL7GMPQ3SG5GDMU2A,1168,6267,0.019645,0.000000,0.982065,0.958056,0.037458,-0.037458,False
AFDZHTMGWZDKNTVB6AHPKGKJUGKA,1169,8472,0.018495,0.000000,0.982284,0.958056,0.032216,-0.032216,False
AFJ6J5LH2ZHMUBNKZ2ZBCHMIBE5Q,1170,16066,0.017975,0.001460,0.981830,0.958056,0.023395,-0.022054,False
AH2FH5HWGIPPLROS6BUREDV4QRSA,1171,5715,0.019117,0.000000,0.981709,0.957087,0.039265,-0.039265,False
AFHQMR4GISCIDXRDC4CQZ3J3DWQQ,1172,6059,0.020516,0.000000,0.982596,0.958107,0.038093,-0.038093,False
AHG75CJHF5GCJ77QK2EMXAUHJB2Q,1173,9584,0.018174,0.000000,0.981906,0.959126,0.030256,-0.030256,False
AEHXG2A4RYSV2XJUYWRJFI2NKJXQ,1174,5012,0.018677,0.000000,0.981269,0.959075,0.041841,-0.041841,False
AH6OKKDZTOZOHR2LVILJ74CHT2VQ,1175,8126,0.019927,0.000000,0.982694,0.960092,0.032825,-0.032825,False
AGQUADTG3F6ETSH4VLA4CR4OLHAA,1176,12628,0.018193,0.000000,0.981804,0.958107,0.026386,-0.026386,False
AF6C2GUI6UUB3VMX4U2XYAXSS3NQ,1177,7020,0.018365,0.000000,0.981858,0.958056,0.035392,-0.035392,False
AFTAXGFUHVRCHPOVABUAO25E7XUA,1178,32179,0.018001,0.006332,0.982081,0.959126,0.016512,-0.010687,False
AFNGDYKFPMNYHOLW3NA5MZVNH2YQ,1179,3404,0.016100,0.000000,0.980186,0.956066,0.050931,-0.050931,False
AE6JXZ2HEEC3RLKQ23MI2JSCXSNA,1180,26324,0.019087,0.006185,0.982233,0.957087,0.018295,-0.012630,False
AGRS44BO4A3J7FGU4F2ZILIAKFVQ,1181,5014,0.018815,0.000000,0.982347,0.957087,0.041920,-0.041920,False
AFK5U2KC2ZRRBIUBHW4E3YO3F33Q,1182,5721,0.019218,0.000000,0.982535,0.959075,0.039163,-0.039163,False
AGRC7GGSEM62JUMADAPRDMWK63TA,1183,5085,0.019305,0.000000,0.981994,0.958107,0.041582,-0.041582,False
AFCQYGNWZ7SBWXEMYGHHVHAIQTQQ,1184,3812,0.019081,0.000000,0.981787,0.958056,0.048028,-0.048028,False
AEYE3J4SHQ3YLV3RMGOD5A5P3W4A,1185,5298,0.017450,0.000000,0.981438,0.957036,0.040783,-0.040783,False
AESP437VVPHFP6RBUAMJGBJ5HWBQ,1186,5660,0.018881,0.000000,0.981110,0.956015,0.039499,-0.039499,False
AEAMLJMAC4LQULYBJ2DTPX5OEXVA,1187,6247,0.019974,0.000000,0.982494,0.959126,0.037476,-0.037476,False
AEM7GPBL4Y7H3ZCNPJUB2OW3ATNQ,1188,6888,0.017513,0.000000,0.982427,0.961109,0.035616,-0.035616,False
AHTTGH3KRG7ZUA25GZBRP6BMZDSA,1189,5532,0.018506,0.000000,0.982388,0.959126,0.039824,-0.039824,False
AGEBQTRBQCPGBAQOL6XWSFEFVRUQ,1190,4437,0.019008,0.000000,0.981872,0.958107,0.044515,-0.044515,False
AFSCJNRG4BAGAB37REW4XCDPE6XA,1191,4295,0.017979,0.000000,0.981512,0.956066,0.045341,-0.045341,False
AHT33VAQR6UV3UUOGCPC3ET673YA,1192,11938,0.020113,0.000954,0.982485,0.958107,0.027138,-0.026263,False
AGCR22L7Z6D3FQ53TDA72URDVEBQ,1193,6401,0.019836,0.000000,0.982434,0.958107,0.037062,-0.037062,False
AH5DFCQHCPC3QBPK3KR6CNP4YLOA,1194,6838,0.018467,0.000000,0.982100,0.957087,0.035896,-0.035896,False
AF2PWYOOYK3LMRLIOCBJ6LE3DX6Q,1195,5438,0.018423,0.000000,0.981266,0.958107,0.040209,-0.040209,False
AFFJ7H4P277YRPWTBAC4JBFER74A,1196,15622,0.019750,0.003002,0.982555,0.958056,0.023725,-0.020970,False
AGXRJZF4ZQCEBYQ5XBXDIHEYK2VQ,1197,6984,0.019373,0.000000,0.982599,0.960092,0.035408,-0.035408,False
AFF5UAKSAMEZ3S7LK4FFPORA7FHA,1198,6342,0.020345,0.000000,0.982380,0.960143,0.037155,-0.037155,False
AHE2LA5UK43UFWG4KBTEWRJOW2WQ,1199,5059,0.018018,0.000000,0.981483,0.956066,0.041777,-0.041777,False
AH4LDUPSQSGBBAV62MV7JZDD3C3Q,1200,16227,0.018396,0.001963,0.981703,0.958056,0.023278,-0.021477,False
AERT3FM7G3AUFDK6E3JX376SL3NA,1201,4688,0.019216,0.000000,0.981483,0.959126,0.043261,-0.043261,False
AHFT6NAJRZVRAUKTORFBSQNEVZ7A,1202,5379,0.018476,0.000000,0.981825,0.957087,0.040472,-0.040472,False
AEGTLPNBZUJEA6BR4A3LXE52X5BQ,1203,3904,0.017842,0.000000,0.981735,0.956066,0.047557,-0.047557,False
AHZ2C3PFO4Q77WAMLOEAHEW5P5GA,1204,5302,0.017882,0.000000,0.981466,0.957087,0.040765,-0.040765,False
AFTKF2JPNFB2ZAWJETXBJ6W4VR7Q,1205,7747,0.018672,0.000000,0.982294,0.959126,0.033653,-0.033653,False
AHOBH5YUOKWV6LVGXXGFQAMMXPZA,1206,7012,0.018613,0.000000,0.982452,0.959126,0.035372,-0.035372,False
AHFC4BD2K2H3IE3ACGN55PEWZ6ZA,1207,6681,0.017314,0.000000,0.981830,0.957036,0.036317,-0.036317,False
AGYHLJASD24NIACHNWFJ2HB3S4NA,1208,6551,0.019550,0.000000,0.981998,0.958107,0.036635,-0.036635,False
AGJCZ3TS5CHMAP4DVRV2752DQ3NA,1209,44928,0.018539,0.008663,0.982134,0.958107,0.013989,-0.006036,False
AELULHKCHXEN3KZFXTJ6DXT2B23A,1210,4102,0.017115,0.000000,0.980457,0.955044,0.046445,-0.046445,False
AHVRRL55VO5RWGTQCYTFWPABYK3Q,1211,4814,0.017304,0.000000,0.980912,0.956015,0.042830,-0.042830,False
AEO3V6QEVI6RWUKVT2JDK43FEIVQ,1212,19182,0.018178,0.003064,0.982020,0.956066,0.021455,-0.018654,False
AFVAHM7UHYS562TQASNXXH6OJNTQ,1213,5657,0.018462,0.000000,0.981665,0.958107,0.039423,-0.039423,False
AFSTOVVHI7L7M33YMB7M5O32HVOQ,1214,4914,0.018271,0.000000,0.981077,0.958056,0.042301,-0.042301,False
AGV5XLEMIEYQBKNM33RTOUZMJEHQ,1215,16875,0.017812,0.001697,0.981947,0.958107,0.022826,-0.021268,False
AHRQMBNY7MR2QI6KP5AZC4JFT6UA,1216,4873,0.017614,0.000000,0.981764,0.957087,0.042522,-0.042522,False
AHZJLFGVOQUG2HNSYI6YCCLPULSQ,1217,7951,0.017579,0.000000,0.982445,0.958107,0.033253,-0.033253,False
AGIPMVG2HKWT5CASTZYS4TAB22BQ,1218,8245,0.019321,0.000000,0.981763,0.956066,0.032725,-0.032725,False
AE4MO7FRNNELRSJORASJOQZAPPYQ,1219,8335,0.020029,0.000000,0.981999,0.958107,0.032478,-0.032478,False
AE4ATYLRRBTI6V3TLHSUHN333JQQ,1220,5011,0.017177,0.000000,0.980831,0.958056,0.041890,-0.041890,False
AH6AELLIKYB4TELTHF6E6EEATWUA,1221,6073,0.019016,0.000000,0.982437,0.957087,0.038090,-0.038090,False
AHOPCYGHHBN3KNMW3NQD5UHUT6WA,1222,6950,0.018415,0.000000,0.982323,0.958107,0.035568,-0.035568,False
AHCJBVEXBM7TIHUERG7CKWYCL65Q,1223,11404,0.019825,0.000222,0.981971,0.957087,0.027796,-0.027592,False
AFLNBA4LFMALO4O7TDCC3DGTJGMQ,1224,5900,0.017476,0.000000,0.981387,0.959126,0.038562,-0.038562,False
AG35UADO45DOVFVQMOZH6RXPZLMA,1225,45946,0.019646,0.009880,0.982439,0.959126,0.013819,-0.004730,False
AG5O64U2B5UFOKJRGLE4PUQPGRPA,1226,12194,0.020072,0.001116,0.982404,0.957087,0.026880,-0.025859,False
AEIIRIHLIYKQGI7ZOCIJTRDF5NPQ_2_2_2_2,1227,6930,0.019785,0.000000,0.982140,0.955044,0.035733,-0.035733,False
AHL5W2EJFB3L67256O3TWWTPYIQQ,1228,12145,0.019048,0.000053,0.981804,0.958107,0.026906,-0.026858,False
AHVLJYVLQA2VXUH4OZQGICPAXJQQ,1229,5565,0.019452,0.000000,0.982041,0.959126,0.039706,-0.039706,False
AHOZBW6EPOKE5CZRYSKI5TS2CTHA,1230,6498,0.017351,0.000000,0.981511,0.955044,0.036902,-0.036902,False
AHOEMNCGNZJMIS5RHBTTKMDDQU3A,1231,6744,0.020070,0.000000,0.981958,0.958107,0.036107,-0.036107,False
AGGR3VHAMSJ4OSO3D6ZPVQI4GPSA,1232,3878,0.018437,0.000000,0.981670,0.955044,0.047768,-0.047768,False
AGF36XKODXVUO37SKAH2L7ZBCKDA,1233,4865,0.017196,0.000000,0.981234,0.957087,0.042557,-0.042557,False
AELUTBS3LRR5WHUB7JJ4UXR3QHPA,1234,41154,0.019295,0.008976,0.981819,0.955044,0.014663,-0.006476,False
AGRXUQPMAAWZGTKUX7I6Z5SRPNRA,1235,5851,0.019685,0.000000,0.982473,0.960092,0.038684,-0.038684,False
AEEAZKLT6GBSGS25II5F4J4DMRQA,1236,12157,0.018519,0.000000,0.981830,0.958056,0.026894,-0.026894,False
AEATS3SIIP2OTQBJ4LHYHQOG3I4Q,1237,6322,0.016959,0.000000,0.981045,0.957087,0.037332,-0.037332,False
AHSILE3TNQYFAN3IO2E56JHAHPLQ,1238,6649,0.018929,0.000000,0.981557,0.956985,0.036406,-0.036406,False
AG4Z6BH4X6MJ6COGZACYHWG64BQQ,1239,5553,0.016807,0.000000,0.981127,0.956015,0.039878,-0.039878,False
AEMBIV4YIGEVCUIBVOB32YW7EP6A,1240,8200,0.019746,0.000000,0.982069,0.957087,0.032780,-0.032780,False
AFSJQ4ZG3CCS4QUEKLK45U674W3Q,1241,5965,0.018680,0.000000,0.981828,0.957087,0.038433,-0.038433,False
AGDFISPKRXDRTJKVD7IC3YHV4DDQ,1242,11464,0.021982,0.002431,0.982845,0.960092,0.027636,-0.025396,False
AFAGLQ3MJPGL5736PU4ECCH6JIDA,1243,59852,0.018337,0.009780,0.982345,0.960143,0.012094,-0.003078,False
AEKTZHUNZXYWCDD36JALVK2TD4EQ,1244,10685,0.018486,0.000000,0.981841,0.958056,0.028687,-0.028687,False
AENEVJH3U3MYSPDNE6VBEQCW2V4Q,1245,29097,0.020030,0.007758,0.982186,0.958107,0.017383,-0.010261,False
AFEUEN7AOX77PZORRXFJQWMJI6XQ,1246,4568,0.018459,0.000000,0.982142,0.959126,0.043825,-0.043825,False
AHKACFCW4KYP6BJ62Q6HMKFDYHBQ,1247,4762,0.019380,0.000000,0.982468,0.959075,0.042925,-0.042925,False
AFXRCCU4R5UMKN2P45WIQSHM3QFA,1248,7066,0.019487,0.000000,0.982160,0.959126,0.035237,-0.035237,False
AF4U2EVGU45J5Z5EM2WHDZGYYWQA,1249,3362,0.016457,0.000000,0.980711,0.956066,0.051248,-0.051248,False
AE4TJ3IWED27NYKWYQH5RTLNIX4A,1250,7127,0.019428,0.000000,0.981989,0.958056,0.035125,-0.035125,False
AFURFNCCY2Y6D3ZRTC4VBPTIHC6A,1251,8259,0.019856,0.000000,0.982338,0.959075,0.032595,-0.032595,False
AFH6N5LK3FTDXNGDCZTIFLRWRNSA,1252,23342,0.018347,0.004646,0.981818,0.958107,0.019408,-0.015143,False
AFE4S4MR4EUYAWDYTZKZUXZLIOJA,1253,6584,0.018214,0.000000,0.982476,0.959126,0.036504,-0.036504,False
AFBO6XWKZVDRE7B3ETC3AOHH5ZUQ,1254,7672,0.016990,0.000000,0.982302,0.957087,0.033889,-0.033889,False
AF4UQSKR4A5TNIVQOPNWVG537VYA,1255,15053,0.019236,0.002174,0.981986,0.958107,0.024168,-0.022172,False
AHJHUJ3TOHAZIBPBC5R3AMAKVOZA,1256,4124,0.016849,0.000000,0.981505,0.956015,0.046274,-0.046274,False
AHEFZAD4EXD53A5JDV3M522PVBNA,1257,5330,0.017544,0.000000,0.981733,0.958107,0.040615,-0.040615,False
AECD3MOEUCDRONERMGCM2ZVD6F4Q,1258,10071,0.018201,0.000000,0.981964,0.960143,0.029484,-0.029484,False
AG272WR6P7SPB7U4RJZN2KT7NJNA,1259,7508,0.019885,0.000000,0.982572,0.959075,0.034186,-0.034186,False
AFBCQAK7NZ6DED27O6OEIE7WDLXQ,1260,6033,0.018223,0.000000,0.981929,0.958056,0.038177,-0.038177,False
AELHJGJ7U27236OSGNIRZI7ZJDCQ,1261,14781,0.020010,0.002792,0.981327,0.959126,0.024363,-0.021795,False
AHCRGCRHE5P67RFURJVV6QDQDGOA,1262,6607,0.018398,0.000000,0.981871,0.956066,0.036557,-0.036557,False
AGMD2HXCJJ4AGXVO5KGN7WQOQV6A,1263,6890,0.020000,0.000000,0.982625,0.960143,0.035646,-0.035646,False
AEYCKQHBXZOM7Q2RNZNGRFEGUYVA,1264,6584,0.020101,0.000000,0.982778,0.960092,0.036467,-0.036467,False
AG5XOIPAFARFQZWOMMNCV5YJR2HA,1265,19980,0.019260,0.004451,0.981616,0.955044,0.021045,-0.016985,False
AFFEEXTDI7JMBJOWTDR2FO4NAR4Q,1266,4995,0.019969,0.000000,0.982484,0.959075,0.041912,-0.041912,False
AHFCHDSPGTU44DGNSEG35DZI5OPA,1267,5168,0.018587,0.000000,0.981787,0.960143,0.041159,-0.041159,False
AFJ6BZFH6T6LBXYN5NKMBPTHRGDA,1268,18785,0.018829,0.003556,0.982362,0.958107,0.021634,-0.018370,False
AHV4U76XGHXA4RBBXSPEENTVH2YQ,1269,4913,0.018839,0.000000,0.982002,0.957087,0.042348,-0.042348,False
AGAFAPQHCHOS6ZLKAVAPECFA255Q,1270,4177,0.019056,0.000000,0.981980,0.959075,0.045833,-0.045833,False
AGI2G6MQK6Q7FLG2ADTUAOZAVRIA,1271,5114,0.018937,0.000000,0.982040,0.957087,0.041508,-0.041508,False
AERYYQ2LT6B427JFUK626KQY3ESA,1272,4173,0.016342,0.000000,0.980912,0.957087,0.045950,-0.045950,False
AGTO42RTO6VEMPRGFQVJR2C5FO2A,1273,6308,0.018508,0.000000,0.981937,0.958056,0.037336,-0.037336,False
AHQAG7ATRW7YK5TUB2ZVQWWOXAMA,1274,17999,0.019327,0.003724,0.982398,0.957036,0.022126,-0.018716,False
AECVQTO3MO3E7PVSCJRZRK32KSVQ,1275,5140,0.018554,0.000000,0.981769,0.956066,0.041447,-0.041447,False
AG2CAO33QCYTZDINR5MZZGTU2KMQ,1276,5489,0.017869,0.000000,0.981540,0.960143,0.039937,-0.039937,False
AHJXWTHKMS2QKSB5B62MQLX6E6BA,1277,5330,0.018253,0.000000,0.981608,0.959126,0.040572,-0.040572,False
AFAPFV4YW5JPXMWF3GHU7GHVAPSQ,1278,6833,0.017426,0.000000,0.981855,0.958107,0.035871,-0.035871,False
AGFVNGZJ4XEFX2ULJNDCWJYRHQVA,1279,9424,0.018904,0.000000,0.982314,0.958107,0.030544,-0.030544,False
AGCV6N4LVTEQVYSE3LXR3J2QB3EA,1280,7871,0.016618,0.000000,0.980959,0.957087,0.033458,-0.033458,False
AGNFZANPQ3AFG5GSJXVDDD3Y327A,1281,7531,0.020153,0.000000,0.982313,0.959126,0.034132,-0.034132,False
AFXHGUZKJZEZZZEH5YAITJK3PHLA,1282,4907,0.020801,0.000000,0.982067,0.958107,0.042329,-0.042329,False
AGWIS5A24VOTIOS7K7TYJCV6JG6A,1283,6598,0.016878,0.000000,0.982492,0.959126,0.036465,-0.036465,False
AEP2BCSP2ZGM43QEZ6ROUD4LU6SA,1284,4393,0.018723,0.000000,0.982075,0.959126,0.044689,-0.044689,False
AHBZZ6IQBKL7ELZQARE6JJEQ3KFA,1285,3542,0.017316,0.000000,0.980538,0.956066,0.049929,-0.049929,False
AH5OZYVAPLO374DQNA67WQM3YXYQ,1286,11415,0.017960,0.000000,0.981133,0.956066,0.027812,-0.027812,False
AF336LFHKFAT2ARXGUP2B25IUDEQ,1287,4302,0.018676,0.000000,0.981384,0.958107,0.045208,-0.045208,False
AFBGNN7LG7RWXPFFJT4FQ7ER2RVQ,1288,6748,0.019446,0.000000,0.982310,0.958107,0.036096,-0.036096,False
AH2SBB2BLWBT2UGU26STUBIODORA,1289,28022,0.020637,0.008132,0.982795,0.960143,0.017676,-0.010179,False
AEC6HDXIX3DNXWUVERZB4DGKFN2Q,1290,6475,0.020408,0.000000,0.982564,0.959126,0.036810,-0.036810,False
AECPXFEX6RCWCRBOIJKTR5LFXW6Q,1291,4655,0.017088,0.000000,0.979992,0.955044,0.043599,-0.043599,False
AF4NJ5SIZE5N2HHRXFQ44SUMUR2A,1292,6503,0.020233,0.000000,0.982232,0.958056,0.036772,-0.036772,False
AHBIUEEPAZGLW5RYBIN6VWBKGCTQ,1293,6034,0.019295,0.000000,0.982158,0.958107,0.038172,-0.038172,False
AGIDY4VPPLTRNUTZVACY73TPSRRA,1294,8028,0.018344,0.000000,0.982044,0.958107,0.033094,-0.033094,False
AGDOLKQB35QQ45G23MU43JANJXYA,1295,8106,0.020325,0.000000,0.982695,0.958005,0.032937,-0.032937,False
AEJFH5EM7LQZT6FU6WVH5WAA75TA,1296,5569,0.018401,0.000000,0.981578,0.958107,0.039734,-0.039734,False
AE6R56K6EDZDRW4EKFIQDJD63D5A,1297,6213,0.018182,0.000000,0.982261,0.958056,0.037620,-0.037620,False
AHQ5BCBPDVPYKSYZKDGQILZGV7BA,1298,5798,0.020355,0.000000,0.982698,0.960143,0.038858,-0.038858,False
AGYVOMCCUTU6NZIB64KPBDIUJ7CQ,1299,5713,0.018239,0.000000,0.982058,0.958107,0.039230,-0.039230,False
AGFFCGQTNV2DUYSKVMV3QMI7MJXQ,1300,121769,0.019061,0.013062,0.981983,0.957087,0.008506,0.003458,True
AHV65Z27776ECWFAT6I7YHKHOXRQ,1301,9901,0.017680,0.000000,0.981668,0.958107,0.029799,-0.029799,False
AFGADOWDD6MKTJPVLK5J7A6EDGTA,1302,5923,0.019542,0.000000,0.982037,0.958107,0.038528,-0.038528,False
AHW3QE64EJPTPOOONT2DRK2IZB3Q,1303,5094,0.017579,0.000000,0.981287,0.957087,0.041589,-0.041589,False
AE6KH7MCDOWZY7BEPTRSGJYRHLPA,1304,5631,0.018206,0.000000,0.981786,0.957036,0.039559,-0.039559,False
AHMMKUC45DQRZYD2GB6WPK55TTAA,1305,4973,0.019486,0.000000,0.982024,0.958107,0.042047,-0.042047,False
AGLWDF5SJNRNIW2HHSD6ZPADUHQQ,1306,20722,0.018286,0.003744,0.981759,0.957087,0.020620,-0.017191,False
AEGABBE6I2JG6OBOSWBDN2UEZ6QA,1307,6139,0.019885,0.000000,0.982441,0.960143,0.037764,-0.037764,False
AHGRYJ7HP64RBYCPJZYPA5GF2ANQ,1308,9476,0.019624,0.000000,0.982623,0.959126,0.030428,-0.030428,False
AEWC4UI7SLIRXMSCFG2OLYL5MZDQ,1309,3674,0.018834,0.000000,0.981621,0.956066,0.049023,-0.049023,False
AEA6LITXZF4QDOYNA7TUICM2JDNQ,1310,5418,0.017943,0.000000,0.981470,0.955044,0.040413,-0.040413,False
AGUKKXCIG4H6Z545KTQD4RZ7KLKQ,1311,6204,0.018592,0.000000,0.982152,0.958107,0.037645,-0.037645,False
AE54F2G7I53WS3XNUHIQDZZKGAMA,1312,5571,0.018268,0.000000,0.982136,0.960143,0.039642,-0.039642,False
AHPRTK5ES5L3TUUAGGW7AQBGRKYA,1313,6134,0.018433,0.000000,0.981751,0.958056,0.037862,-0.037862,False
AHRFH6XYBMFHP3W3BFXG5MI43WYQ,1314,5083,0.018882,0.000000,0.982115,0.958107,0.041590,-0.041590,False
AGKYFKZ54CFEXGQTDIDWBHSDLITQ,1315,5766,0.018436,0.000000,0.982057,0.960143,0.038966,-0.038966,False
AHBXTSYI3ZKDKTL7IRBFGNSNR5YQ,1316,22168,0.018229,0.004170,0.981461,0.958107,0.019915,-0.016088,False
AEXLG6VRCCCJSLIXO4UNWAZRMDRQ,1317,6537,0.020125,0.000000,0.982414,0.959126,0.036635,-0.036635,False
AEO6S5KUCKRTHOYDS75RKO56ZDFQ,1318,8451,0.019187,0.000000,0.982260,0.957036,0.032291,-0.032291,False
AGLTAZDPS4TNATVZ4CP5VWORPOJQ,1319,3492,0.017467,0.000000,0.981164,0.956066,0.050285,-0.050285,False
AG466BQZPTBIC3LJDRP2TUPUT5PA,1320,8394,0.019591,0.000000,0.981800,0.957087,0.032399,-0.032399,False
AHN2KLI3UWLU73E74DDQ3DWIV76Q,1321,6162,0.018698,0.000000,0.981859,0.958107,0.037773,-0.037773,False
AFNE6MBW25IUAQ2QHVJD2HKCAU5A,1322,5458,0.017303,0.000000,0.981867,0.959075,0.040095,-0.040095,False
AE2FWGSXDSXHVR2CBU2NZN4QVK6A,1323,5218,0.016710,0.000000,0.980752,0.959075,0.041007,-0.041007,False
AF4D4XTHGULOTY56CV3C2T5WPSEA,1324,15932,0.017740,0.001156,0.982293,0.958107,0.023492,-0.022430,False
AFYMXJ7EMNIQ6WGSNFTVHOZKWQDQ,1325,5941,0.018331,0.000000,0.981444,0.956015,0.038554,-0.038554,False
AEOAK4Q3UKTDY5H2WPVJBXGSZ4DA,1326,9154,0.017835,0.000000,0.981926,0.960092,0.030927,-0.030927,False
AEP3IOWKDRLXJ66COSHMNNKUDU6Q,1327,3790,0.017467,0.000000,0.980971,0.955044,0.048319,-0.048319,False
AHEDV6GYYDSJAT5GYDMXV2N77SZA,1328,29383,0.020553,0.008341,0.982608,0.959126,0.017280,-0.009607,False
AGE75E7SSHUQMNWXOCMOELFIFO3Q,1329,6599,0.018868,0.000000,0.982494,0.960143,0.036424,-0.036424,False
AGGCPQDKGFJKSLR7CZ6RTFK2KWPQ,1330,4891,0.018968,0.000000,0.982411,0.959126,0.042353,-0.042353,False
AFLDVQ2MD27WFGPH5HJ66GI7PO2Q,1331,18157,0.017796,0.002261,0.981192,0.956066,0.022052,-0.019985,False
AEYHM4G2YAHQL7B4PGF2FMET2V3A,1332,11459,0.018117,0.000000,0.981850,0.958107,0.027700,-0.027700,False
AF3G5F3GQU366HIBEV5MUQSJ6NLQ,1333,4686,0.020194,0.000000,0.981919,0.958056,0.043318,-0.043318,False
AFHL6PSAYCUPYVEUFD5MZT2IZ3WQ,1334,6307,0.018891,0.000000,0.981760,0.958056,0.037339,-0.037339,False
AGFUGF7QX5W4NIJ5NJISSMNZIILA,1335,22517,0.018777,0.004826,0.982683,0.960143,0.019718,-0.015269,False
AFQ3NFIIGSWMRKJNKGBKZOFT3HOQ,1336,8820,0.019159,0.000000,0.981438,0.958056,0.031574,-0.031574,False
AFSHXT5PTGDSFW2725SDXIE6ZVEA,1337,15968,0.017870,0.001304,0.981509,0.957087,0.023490,-0.022295,False
AFKJIGE3HZAFTL4FSPSSCIRIXUWQ,1338,5477,0.018906,0.000000,0.981923,0.957087,0.040109,-0.040109,False
AFMIXKJH3NIEPKC427AQJQ2OYRIQ,1339,4608,0.018302,0.000000,0.981231,0.958107,0.043681,-0.043681,False
AHJSQA5D46FZG52CO4WPJTGRMIBQ,1340,5184,0.018543,0.000000,0.981581,0.958107,0.041183,-0.041183,False
AGLRNNNTTQ5OXYGDZPORZS7H7IEA,1341,6961,0.019759,0.000000,0.982465,0.960143,0.035464,-0.035464,False
AEDTAKNYLGQ5IDBKDNMAJZUJQMCA,1342,3994,0.017575,0.000000,0.981002,0.956066,0.047019,-0.047019,False
AFG3Q6HMKVB4NKWFCX6ZJ7F4Q43Q,1343,5093,0.019795,0.000000,0.981579,0.958107,0.041549,-0.041549,False
AGUKAMZZ3F5B77IFMMPEX2ZVJXVA,1344,7069,0.018712,0.000000,0.981340,0.960143,0.035192,-0.035192,False
AGMUZHMOOWUY5UEIOBDMCOFVEVWA,1345,6369,0.018315,0.000000,0.982288,0.956066,0.037234,-0.037234,False
AHPHBCCRZXGV5LTLHLUKWEBSMMNQ,1346,3223,0.016799,0.000000,0.980779,0.957036,0.052288,-0.052288,False
AEVKA3YV63VVVWAEGQZOMUGMLM6Q,1347,4575,0.017802,0.000000,0.981584,0.957087,0.043885,-0.043885,False
AG73BVBKUOH22USSFJA5ZWL7AKXA,1348,57804,0.018403,0.009696,0.981393,0.957036,0.012347,-0.003466,False
AH73XF37K7J2NQJZCZQHBH4KHPVQ,1349,10649,0.018044,0.000000,0.981655,0.957087,0.028764,-0.028764,False
AG2M4OCGUVLPSEJ577XQS6XTIENA,1350,4443,0.018676,0.000000,0.981545,0.956066,0.044579,-0.044579,False
AFKJM6BMDOHCOTAR7MV3BJIEGHUQ,1351,5727,0.020893,0.000000,0.982276,0.960143,0.039099,-0.039099,False
AGNLPA354S3FXAGZ3FQP37X2MLZA,1352,8605,0.017455,0.000000,0.982003,0.958056,0.031966,-0.031966,False
AFBUKVT3KQFLL4X536HS4KKBBJ7Q,1353,2733,0.016716,0.000000,0.979699,0.956015,0.056843,-0.056843,False
AF5HPPMUDYGZSNCQR2QZAU3G47KA,1354,10615,0.019304,0.000000,0.982141,0.959075,0.028751,-0.028751,False
AGHWTXXBNKD7LD5VJ5TNEM7VKMGA,1355,10680,0.018519,0.000000,0.982093,0.958056,0.028694,-0.028694,False
AGO2N635I4RNMKT5SM7XONDVKVDA,1356,5717,0.019041,0.000000,0.981684,0.958056,0.039218,-0.039218,False
AF32ZDFW7OEPS5CRF23FLNYR4NNA,1357,10271,0.019305,0.000000,0.981664,0.959126,0.029227,-0.029227,False
AHV3RB5O4GME6B7NTVO4YBPSNZ3Q,1358,10387,0.018331,0.000000,0.981504,0.957087,0.029125,-0.029125,False
AFO33UNM62QYS3SHDST3HB2SXSXQ,1359,10974,0.019368,0.000000,0.981618,0.957087,0.028335,-0.028335,False
AERBXNFQCS5OD6LJOIXMRDPTOVHQ,1360,11939,0.018318,0.000000,0.981074,0.958107,0.027137,-0.027137,False
AHP2CN6EJU5VZTG5ECREA4N4374Q,1361,3121,0.015677,0.000000,0.980252,0.956066,0.053190,-0.053190,False
AEQOF6IINLJ7YDIGCTZUORSL3G3Q,1362,9031,0.018207,0.000000,0.981915,0.957036,0.031237,-0.031237,False
AE3NUDU6BJXXX2VRLUSITEP7XLLA,1363,5440,0.018480,0.000000,0.981625,0.956066,0.040288,-0.040288,False
AGBOPM4PLYNYRDHQSSYC4VZ5OSQA,1364,5352,0.019142,0.000000,0.982285,0.959126,0.040488,-0.040488,False
AEPYWDCGHXUF43RCWSTXOFUWO5DA,1365,5901,0.019317,0.000000,0.982593,0.960092,0.038520,-0.038520,False
AEV7Q27IHW3CU2NGA5NMHVHTLIAQ,1366,11949,0.018921,0.000000,0.982321,0.959126,0.027097,-0.027097,False
AG3RPMHL2RU5CPZSOAJ5CFNKXUDA,1367,5627,0.018608,0.000000,0.981663,0.959126,0.039486,-0.039486,False
AEYSO6GNRBHDXBDQ643LNCN5W7VA,1368,8758,0.017524,0.000000,0.981225,0.956015,0.031754,-0.031754,False
AH57P62SKJK2C5GQTELAAMKHXNDA,1369,5806,0.018146,0.000000,0.982235,0.958107,0.038914,-0.038914,False
AFUQQLRXSVSFDBXUQZ4URHKQKRGA,1370,9824,0.019350,0.000000,0.982054,0.960092,0.029854,-0.029854,False
AFHIQ5JHFHHIGV35KUMBBGG3DR6A,1371,13248,0.017515,0.000000,0.981183,0.958056,0.025763,-0.025763,False
AF5IPFMQAGD2KQGFA2A5C2ZTL4EA,1372,5521,0.019182,0.000000,0.982131,0.958056,0.039908,-0.039908,False
AGLLMUJKBGNOTCXFUGIWZIJ36DQQ,1373,8348,0.017849,0.000000,0.981855,0.958056,0.032455,-0.032455,False
AGIUTASQIZG4S2PUDUGAG7HQG3BQ,1374,12820,0.018256,0.000000,0.981921,0.957087,0.026216,-0.026216,False
AFXP3NUDK7W54E34YKGYXRUTQAMA,1375,7662,0.018269,0.000000,0.981813,0.959024,0.033842,-0.033842,False
AGFIWQCX7U3W3KI5I35ZLWM3U5UA,1376,5670,0.018704,0.000000,0.982029,0.959126,0.039336,-0.039336,False
AFOWQBW75UWW2GHYN5QTFXB26VCQ,1377,7107,0.018836,0.000000,0.982246,0.959126,0.035135,-0.035135,False
AGLTT73PZMVDSUJFFTYEF5HVSJJQ,1378,10532,0.018008,0.000000,0.981652,0.957087,0.028924,-0.028924,False
AFCAOJBDIAIIQUFMWEPZ4NCEL2PQ,1379,37152,0.018479,0.007619,0.981441,0.958107,0.015384,-0.008390,False
AGPABQQDRRRPUBGVBYLYI3SWQG6A,1380,4439,0.018429,0.000000,0.981253,0.957087,0.044552,-0.044552,False
AF2JKSIENLMZEGLO64PRL4FDTJ6A,1381,6893,0.017951,0.000000,0.981111,0.956015,0.035793,-0.035793,False
AGDCRCVUB6LYO6CXHSVPT5XZMCJA,1382,7975,0.018725,0.000000,0.981483,0.958107,0.033203,-0.033203,False
AFKDXWXTNQYE2C4VR3P26KAJD2WA,1383,6067,0.018159,0.000000,0.982707,0.959075,0.038030,-0.038030,False
AFVDR7FS4UTDJWM5V47NDLAVYU2A,1384,11445,0.017356,0.000000,0.981699,0.958107,0.027717,-0.027717,False
AFJOMEO76DJK7F6SGPDHLT3SUIQQ,1385,6880,0.018553,0.000000,0.982252,0.958107,0.035748,-0.035748,False
AHEHLZUNXPCYESYZNAAJXKOIU6GQ,1386,25266,0.017041,0.003872,0.981575,0.956066,0.018694,-0.015155,False
AEYFFQGA7LUFW7NGTRUVNERLH54A,1387,5844,0.020260,0.000000,0.982552,0.957036,0.038831,-0.038831,False
AHSJV4Z2EO6XENPW32PHQA7PB4RQ,1388,4747,0.018786,0.000000,0.980913,0.956066,0.043128,-0.043128,False
AESDV676IPKF5Z2C2JJHNZDXZ4NA,1389,5158,0.017931,0.000000,0.981594,0.957036,0.041333,-0.041333,False
AET3HBH7XFS3TB22INRW6VAXR5CQ,1390,4013,0.017683,0.000000,0.981631,0.958107,0.046807,-0.046807,False
AGX4ZW5XDWPHZL56BSRPPAI2UM6Q,1391,4295,0.019103,0.000000,0.981780,0.957087,0.045293,-0.045293,False
AHT5AURVAX2HRDSOVA2BESFCYZVA,1392,4442,0.019475,0.000000,0.981446,0.958107,0.044490,-0.044490,False
AFRUBJ22O26J35OD5MJLBC6RUJKQ,1393,13286,0.020610,0.002449,0.982344,0.958056,0.025726,-0.023479,False
AEJUY5D3YNQ3FAOIZP3FBOJMPCCQ,1394,9960,0.020619,0.000000,0.982468,0.960143,0.029648,-0.029648,False
AF6BBUEAIGJA5DFFU6SJ7NMENM4Q,1395,6538,0.019162,0.000000,0.982133,0.958107,0.036671,-0.036671,False
AHQRX6QQ63E5PMU3ZHS7DFO2D3ZA,1396,20568,0.019077,0.004480,0.982546,0.956066,0.020719,-0.016624,False
AHESN2ZE5PUWBGGLEHFSHSSS3WHA,1397,8014,0.019084,0.000000,0.982102,0.959126,0.033087,-0.033087,False
AFXKCGO537IZNJ7PULRMGKGU67RQ,1398,9734,0.017337,0.000000,0.982036,0.958107,0.030054,-0.030054,False
AGYIKU5EKQ3CNUOGBYBAJXALPVZQ,1399,9305,0.018105,0.000000,0.981752,0.956015,0.030806,-0.030806,False
AHSNEADAVKGQVSQB32NT34W7YQAQ,1400,9665,0.017871,0.000000,0.982415,0.958107,0.030161,-0.030161,False
AEWN5YYVYRNN7FMMK5OS6G7FC3UQ,1401,7913,0.018002,0.000000,0.981814,0.956015,0.033406,-0.033406,False
AGRX7ZI7LBRKIZEEVAJFE56T2UMA,1402,7737,0.017782,0.000000,0.981178,0.958056,0.033712,-0.033712,False
AFZT6FKO5X5D7XSJ64D64KTFSHBQ,1403,5293,0.019580,0.000000,0.982312,0.959075,0.040715,-0.040715,False
AEGJYULS445BFXWDYZURS3DII7KQ,1404,7174,0.018358,0.000000,0.982316,0.960092,0.034936,-0.034936,False
AGKWOIPX6ZNZULSMNYW6DTWFSG7Q,1405,4586,0.017662,0.000000,0.982045,0.957087,0.043832,-0.043832,False
AHP5AG3KQWUBZ6QRXGWPC2OK2PQA,1406,27419,0.017317,0.004675,0.981395,0.957087,0.017926,-0.013644,False
AGNO3G5WCNMOBUUXEFO3ADGZYWEA,1407,7739,0.018777,0.000000,0.981846,0.958107,0.033706,-0.033706,False
AF2ADBMCXOYFWR4FENJGSO5NBRBQ,1408,8408,0.018146,0.000000,0.981366,0.959126,0.032303,-0.032303,False
AGZIGB7TEEPFDNGA6XYQTW54KQEA,1409,5129,0.019397,0.000000,0.982186,0.960143,0.041315,-0.041315,False
AH5VDE2Z5X2ZBRZ3IYMSCVW7ZWFQ,1410,22552,0.018701,0.004761,0.982172,0.959126,0.019724,-0.015344,False
AEOE6I2CAJM23OYGDE7V3ZZAVAIA,1411,7519,0.017964,0.000000,0.981770,0.958107,0.034195,-0.034195,False
AGBNDXZPUN3OWN66TYCOMCBBDU5A,1412,9589,0.018610,0.000000,0.981424,0.956066,0.030345,-0.030345,False
AHB5LGBRDTBCHXEGHFYGEUTKVYEQ,1413,7118,0.021212,0.000000,0.982522,0.959126,0.035108,-0.035108,False
AGL64MFO5J2XXBOOPM7VP23GT4XA,1414,12784,0.018063,0.000000,0.981943,0.958107,0.026225,-0.026225,False
AFH7RVQUMZVDTAOF7P62ZUL5BAVQ,1415,5039,0.018168,0.000000,0.981690,0.957087,0.041816,-0.041816,False
AGK6P7T6FVUJW7W7Q5UJKJWF3NGA,1416,12605,0.017654,0.000000,0.980728,0.954993,0.026497,-0.026497,False
AGH2BA6TQ43WVJL2HXW53TOBIWPA,1417,28062,0.019175,0.006679,0.982420,0.958107,0.017701,-0.011570,False
AFC3BVYSBC5O4TXETFMZDJS5HYIQ,1418,6285,0.018738,0.000000,0.981949,0.956066,0.037482,-0.037482,False
AGB3YZIRHOSAZGQF3NRHKQJWWQTA,1419,9271,0.018876,0.000000,0.982363,0.959126,0.030763,-0.030763,False
AGYHL3IB24KMNYTUPVV4HYGB2GGA,1420,5111,0.018972,0.000000,0.981576,0.959075,0.041434,-0.041434,False
AHC5EUL7VWF7722WN7C3PFQSU3LA,1421,4982,0.017005,0.000000,0.980056,0.956066,0.042099,-0.042099,False
AGDGBICJ5Y4GAZHCEQMQA34JBJBQ,1422,19365,0.018415,0.003372,0.982125,0.958056,0.021309,-0.018214,False
AHPGHDFIU3BUB3RQBP56RQQA7W4Q,1423,8503,0.019330,0.000000,0.981777,0.958107,0.032156,-0.032156,False
AFYVHFLDEQ2DJ37EMQ6E72CC42EA,1424,4392,0.019592,0.000000,0.981647,0.957087,0.044790,-0.044790,False
AFB5L26ZMR3M5IXB3TR7NBTIFEYA,1425,13845,0.018543,0.000752,0.981814,0.958107,0.025200,-0.024510,False
AGF6DMCC5PQTQ7FREAKLYL6T63UQ,1426,6137,0.016447,0.000000,0.979719,0.955044,0.037972,-0.037972,False
AE6VILPJGYTNMUZJCTFQPDPOPIGQ,1427,6201,0.017644,0.000000,0.980973,0.957087,0.037695,-0.037695,False
AF2QJWR4NVQROI37WX2TQXT4QRXQ,1428,7710,0.017937,0.000000,0.981763,0.959126,0.033733,-0.033733,False
AEXMI4V5PBFOHJKW7HNXHVKRBRSQ,1429,5449,0.020284,0.000000,0.982256,0.957036,0.040214,-0.040214,False
AEJE3IIDZTTU3P36LWRHKGROEVIA,1430,3746,0.018650,0.000000,0.981493,0.957087,0.048498,-0.048498,False
AF7R6MOJWDZUIYFX2K3IZ25RFT4A,1431,6827,0.019048,0.000000,0.982569,0.959126,0.035848,-0.035848,False
AHNPLHSXTMSDKELBA22KMPNC3OGA,1432,13549,0.019386,0.001402,0.982868,0.961160,0.025393,-0.024098,False
AGOS3WGMVUTD6PZN6IKWBYIZEKFA,1433,5644,0.021825,0.000000,0.982938,0.959075,0.039429,-0.039429,False
AGGX26SORBXKQVLFRKND7XCIVTGA,1434,11869,0.019299,0.000084,0.982178,0.959075,0.027190,-0.027112,False
AFCI3PAVNMM3Q5CD3YYY5XZUYOIA,1435,12033,0.017436,0.000000,0.982275,0.958107,0.027031,-0.027031,False
AFOOMWRAM34H5KWBM4YINK3A5NMA,1436,7372,0.016994,0.000000,0.981205,0.956066,0.034608,-0.034608,False
AF2AG6BMIQ4SQRQNP7KF3V4KT3DQ,1437,5105,0.018608,0.000000,0.981776,0.958107,0.041500,-0.041500,False
AGATU6QOCPNIZ3BFMXICJCKNGN2A,1438,3664,0.018601,0.000000,0.981491,0.956066,0.049090,-0.049090,False
AEJ4MQMARLF3CETRXSPSFLBPJPJQ,1439,20590,0.018818,0.004229,0.981878,0.961160,0.020599,-0.016691,False
AFAFPVBZWY74XHOKAX7AYGC77YUQ,1440,5856,0.019877,0.000000,0.982472,0.960143,0.038666,-0.038666,False
AEDWDMTPRADRBCWYXX5LO4TO55BA,1441,10541,0.018861,0.000000,0.981930,0.957087,0.028911,-0.028911,False
AH53UV57HKNKIX5SQH4KW3DB5TFQ,1442,8752,0.018884,0.000000,0.981978,0.960143,0.031628,-0.031628,False
AGDSEYGSA5K664EUHWKV3ARDXO2Q,1443,7249,0.020361,0.000000,0.982737,0.959126,0.034789,-0.034789,False
AGNAAF2KPX6YQ5SWLP7O2OZH4W5A,1444,7658,0.018544,0.000000,0.981943,0.959126,0.033848,-0.033848,False
AGGPU5K56BKAGOFDVYZ7MZT5CCLQ,1445,10039,0.019560,0.000000,0.982182,0.959024,0.029566,-0.029566,False
AF27LI5BIVYEJETYOVRIMV6XPHOQ,1446,4229,0.019625,0.000000,0.982095,0.957087,0.045645,-0.045645,False
AFYTU4ZZEHT5QTOIQJW2RYEWPWBQ,1447,4489,0.018459,0.000000,0.981821,0.957087,0.044303,-0.044303,False
AFYD3MPCZTULGZL2JJFW324JB5BQ,1448,25307,0.020033,0.006875,0.982427,0.958107,0.018639,-0.012329,False
AECKJ7U2IZYLGOYRGP62GJECL4GQ,1449,5240,0.017893,0.000000,0.981572,0.956066,0.041049,-0.041049,False
AHUMWKJDDUOXMXSBLG3DPQQVJGSA,1450,14275,0.020625,0.003105,0.982436,0.958056,0.024819,-0.021969,False
AGI6OVW7OTSY3CX2JSPK2KL2PECQ,1451,4845,0.020046,0.000000,0.982125,0.958056,0.042601,-0.042601,False
AFCFTNVNJDT7S4K7OM2ZGRHSVDWA,1452,4627,0.018059,0.000000,0.981845,0.958107,0.043591,-0.043591,False
AGYWYDIAJ5Q2I76YTIGUYYKYEL3Q,1453,16236,0.018327,0.001898,0.981551,0.957036,0.023297,-0.021558,False
AGFMH5U2CPPWYH77IDDBB527AWYQ,1454,5004,0.019118,0.000000,0.982207,0.957087,0.041962,-0.041962,False
AHLQMVNQZZI5XL45I27JQFK3VC2A,1455,6363,0.018496,0.000000,0.981511,0.958107,0.037172,-0.037172,False
AFLWUZCVK4MXLWIB6H2PWSQKHJTA,1456,7589,0.018732,0.000000,0.981761,0.957087,0.034074,-0.034074,False
AEMEEXPPQX5BBLYJRZWJFULUDHCQ,1457,4924,0.017844,0.000000,0.981835,0.959075,0.042213,-0.042213,False
AFOWI4CZ6HGLKAU5OAJFN24AVF5Q,1458,4557,0.015942,0.000000,0.981566,0.956015,0.044021,-0.044021,False
AFNWEYQ6IYHI6PXIDURCBE62P2BA,1459,23318,0.020126,0.006418,0.982242,0.959126,0.019397,-0.013493,False
AEYZ4OQR4ZXFL4EMBZDIZ4EX7FFA,1460,5400,0.018598,0.000000,0.981251,0.956015,0.040439,-0.040439,False
AFYAQ5GI65F2GJEXKBTBV4JB7CEA,1461,5663,0.018963,0.000000,0.981310,0.957036,0.039447,-0.039447,False
AH665SQ6SQF6DXAGYIQFCX76LALA,1462,36703,0.018712,0.007786,0.981657,0.958056,0.015478,-0.008332,False
AHASHJDTECMQU5NRAR7EFO2AESGA,1463,8974,0.017986,0.000000,0.981615,0.958107,0.031301,-0.031301,False
AH5QL2G7455PYHYK266Q27LGMTHQ,1464,6623,0.019231,0.000000,0.982344,0.958056,0.036437,-0.036437,False
AGP532D36STZSQSQL6H4JERCVGHQ,1465,3735,0.018252,0.000000,0.981791,0.958107,0.048518,-0.048518,False
AEX7JBOSL6HLYWFY33P5XD3ZPOYA,1466,6470,0.021225,0.000000,0.982653,0.960041,0.036789,-0.036789,False
AHUYFR4DWH6WKMYTB5H7IYGH7F2A,1467,18551,0.019477,0.004108,0.982204,0.957087,0.021793,-0.018030,False
AFYZLLWDEK24LDVS6KZ5LDUZYVTA,1468,8203,0.018025,0.000000,0.981650,0.956066,0.032809,-0.032809,False
AHXZMLMYFGJSSWQU3TWWU5MBYMCA,1469,13782,0.019073,0.001242,0.982155,0.957087,0.025284,-0.024147,False
AHTHCWRQ5ORZ5XVPRHSDCXVRPN2Q,1470,6645,0.018232,0.000000,0.981525,0.956066,0.036452,-0.036452,False
AFNCHMAKUAJOGVCKOA4XGLINHPDQ,1471,10451,0.019763,0.000000,0.982617,0.960092,0.028945,-0.028945,False
AHZ4HTX77PTDYAZIYLJLERY2RXAA,1472,15704,0.017600,0.000896,0.982096,0.956066,0.023712,-0.022893,False
AGRFT73XPVIDYQ7WVYQ2AMINBHUQ,1473,8666,0.019793,0.000000,0.981856,0.956015,0.031922,-0.031922,False
AFMKNVUMCUO2DVEEMX4VOW3NQHGA,1474,5366,0.019029,0.000000,0.982504,0.958107,0.040478,-0.040478,False
AGLQQCIS5V6EGUCS5SSNHWZHQM6Q,1475,7298,0.017867,0.000000,0.982148,0.957036,0.034748,-0.034748,False
AGJEUSPFRORQIAF4UIT7R4GHVDLQ,1476,5540,0.018131,0.000000,0.981399,0.957036,0.039882,-0.039882,False
AFVBUYR2KLGZ4SFVK6XGBKVZ5CTA,1477,5770,0.019070,0.000000,0.982096,0.957036,0.039079,-0.039079,False
AG4CDJOL3CVXO7G6X267Q6H5LVRQ,1478,6698,0.019790,0.000000,0.982129,0.957087,0.036269,-0.036269,False
AE7KDATXSB63T7FO6XLHKVSQS5HQ,1479,11210,0.020965,0.001194,0.982807,0.959126,0.027976,-0.026878,False
AHKVDRZRDAZVNGYJ4R7H63IGTKQQ,1480,4415,0.017471,0.000000,0.981712,0.957087,0.044673,-0.044673,False
AFRYWYTJH6VJEUFEOF4WU3ZWTF6Q,1481,4697,0.018433,0.000000,0.981199,0.956066,0.043357,-0.043357,False
AHQYNYYZWPQ6F42O5XVCA54P7ACA,1482,6852,0.019108,0.000000,0.982237,0.959075,0.035785,-0.035785,False
AE56JGTBHHTTS4UX4GU6ONQJ7NNA,1483,5473,0.018857,0.000000,0.982130,0.957036,0.040125,-0.040125,False
AGZO3KJS5VFJZYJDAGCTY6SD32PA,1484,6484,0.018328,0.000000,0.982266,0.958107,0.036824,-0.036824,False
AETK6AZH4AJT3UCNWYLAROX767XQ,1485,6446,0.019242,0.000000,0.982164,0.957036,0.036973,-0.036973,False
AGLRFKBE7HRBV7PMSCO7LCN4R4BQ,1486,6923,0.017751,0.000000,0.981946,0.957087,0.035675,-0.035675,False
AGPGFWUIGJUZTOWTD35ZDAZLF3ZQ,1487,3792,0.018486,0.000000,0.981661,0.957087,0.048203,-0.048203,False
AEFGWO2JWH3WI6IS6CNY3ZMWVA3Q,1488,6332,0.016900,0.000000,0.982064,0.959075,0.037225,-0.037225,False
AFUKCEULW4KYMWRQCVGI6K3WTVUA,1489,73032,0.019130,0.011384,0.981805,0.959126,0.010960,-0.000488,False
AH4FRDTACKPAOGZSRJWE5O7BSA3Q,1490,5843,0.016509,0.000000,0.981152,0.957036,0.038834,-0.038834,False
AHHHUUZFNOKWOYZBCTWI6BVD4VFQ,1491,6245,0.018270,0.000000,0.982397,0.958107,0.037522,-0.037522,False
AEPPMFJUVGGQXIB64J6C5DNF7CJA,1492,5526,0.017919,0.000000,0.981912,0.957087,0.039930,-0.039930,False
AGBZ6QJSCFFBQ3AFKOPK4OUP57OQ,1493,6932,0.019928,0.000000,0.982068,0.960143,0.035538,-0.035538,False
AFSGNK5YT6ST4FWMWYDT2OIURHVQ,1494,5190,0.016812,0.000000,0.980927,0.957036,0.041205,-0.041205,False
AHH6AER673CJ3MCKK7RSIB6RX3YA,1495,5297,0.019095,0.000000,0.982511,0.958056,0.040743,-0.040743,False
AEUZDXOGNYGM7FLLBEFXJB5TPG5Q,1496,8659,0.018535,0.000000,0.981902,0.958107,0.031865,-0.031865,False
AECLZPHQ72FZTCG2MWNAZIJXCRZQ,1497,6284,0.017261,0.000000,0.981702,0.958107,0.037405,-0.037405,False
AER25UISEZP2EFBRSKVVI7SCVY3A,1498,5149,0.019104,0.000000,0.981929,0.959075,0.041281,-0.041281,False
AGJK5FXDLTSWLFE6BG4BU5QKONMQ,1499,7395,0.018664,0.000000,0.981794,0.956015,0.034556,-0.034556,False
AHFJQPRACCQYRSQSUIOIQPWDYPXA,1500,9563,0.019334,0.000000,0.982572,0.959075,0.030291,-0.030291,False
AFNHUUTEO4KB56CNCMM7JGURRGYA,1501,4735,0.018825,0.000000,0.981389,0.958107,0.043091,-0.043091,False
AFLKX7ZNVK2DN6LG3EAP6ZNYUFHA,1502,10112,0.018974,0.000000,0.981832,0.959126,0.029456,-0.029456,False
AHJNTPTXK4IF4IPSOROYUNCEBVTA,1503,7837,0.018580,0.000000,0.981695,0.957087,0.033530,-0.033530,False
AHBILGMJZOBQNFI6A3HKHL5AIWFA,1504,5286,0.018064,0.000000,0.981600,0.958056,0.040786,-0.040786,False
AHJUDSYOGLWJG3GFHDC4UUVL47QA,1505,4870,0.017409,0.000000,0.981370,0.957087,0.042535,-0.042535,False
AGFSGNZ5OXN5SAOTL73LFINSBIAA,1506,8371,0.019981,0.000000,0.982458,0.958056,0.032410,-0.032410,False
AGQMLAXEELMJLEKLQBHV2UBVR2FA,1507,8201,0.019560,0.000000,0.982171,0.959126,0.032708,-0.032708,False
AFVEDH6Q5TC7HN2NVMMZPJH2HPDA,1508,6313,0.017202,0.000000,0.980900,0.957087,0.037359,-0.037359,False
AENYCH5TD6KR77VTYQ5F7KHWWVMA,1509,6346,0.017960,0.000000,0.982034,0.957087,0.037261,-0.037261,False
AGBHFHIPZEFAMWYB754QZ6OQLJUQ,1510,4258,0.019726,0.000000,0.981883,0.957087,0.045489,-0.045489,False
AHRL4LYXD7XNEBSXATXTYL3VQO3Q,1511,20161,0.017940,0.003197,0.981823,0.958056,0.020884,-0.017950,False
AH6EWS5QFQXFL4GQD46VO22VRCLQ,1512,6201,0.018024,0.000000,0.982038,0.957087,0.037695,-0.037695,False
AHXLT4YARSNUWKQTJSB2PMFGGCNQ,1513,6568,0.019117,0.000000,0.981840,0.958005,0.036591,-0.036591,False
AEUWZ643QYY43HRK5MXAZ74DSCMA,1514,7408,0.018753,0.000000,0.981482,0.956066,0.034524,-0.034524,False
AFZUMKCTS2HWDZ2P4HK4PS47MA5A,1515,7242,0.018082,0.000000,0.982027,0.957087,0.034880,-0.034880,False
AHDCIBI6MNNC2NPX7YA5LKQ65ZIA,1516,6584,0.019175,0.000000,0.981957,0.958107,0.036543,-0.036543,False
AGZGO6YVZFF6X2FSR32KREOKDWSQ,1517,4936,0.017054,0.000000,0.981400,0.957036,0.042252,-0.042252,False
AGYRQBBCTRZP22B2FN4S6YUQ7WBA,1518,4950,0.018711,0.000000,0.981518,0.957087,0.042190,-0.042190,False
AGGA73VALFKPEIR7UR7X436FENYQ,1519,5836,0.019632,0.000000,0.981985,0.958107,0.038814,-0.038814,False
AEEY7IUIKBW7IUCBCAOVPOZOWALQ,1520,5685,0.019084,0.000000,0.982115,0.959126,0.039284,-0.039284,False
AHFDOCBR277ZUFHL2JXNNGXYALUA,1521,4528,0.016897,0.000000,0.980592,0.954021,0.044254,-0.044254,False
AGFKTUCTFTGMXB7XVHYABSMUAW6A,1522,15226,0.020131,0.003166,0.982671,0.960143,0.023979,-0.021060,False
AFERBXYD7CR2BWLDOA6YGRM4QRXQ,1523,6091,0.018557,0.000000,0.981804,0.957036,0.038035,-0.038035,False
AGVJUUCFMBP6SABPIAXREELESFIA,1524,7007,0.019355,0.000000,0.982363,0.959126,0.035385,-0.035385,False
AG2BRLCY7NVOZ33KD33PGIIJF4LA,1525,5132,0.018455,0.000000,0.982537,0.959126,0.041347,-0.041347,False
AGH3Q273ZTB2JATUUUKFVRMKACZQ,1526,7292,0.019311,0.000000,0.982208,0.959126,0.034687,-0.034687,False
AHVYINDZEXRCDK2FOE54TL7MI4FQ,1527,8542,0.018777,0.000000,0.982125,0.960092,0.032016,-0.032016,False
AGCSHGACB3ZKGQTROVNVEUPIDPFA,1528,7621,0.018472,0.000000,0.981515,0.958107,0.033966,-0.033966,False
AECSVEHBBVKZLBL45UNICW46HFLA,1529,15779,0.017196,0.000532,0.980716,0.956015,0.023657,-0.023171,False
AE35OPCE4E5LOQAODQT5QTD5SFIQ,1530,40148,0.018964,0.008517,0.982253,0.956066,0.014830,-0.007045,False
AHBPSOB5C4LMAVHKXXYZHKWQHHKQ,1531,6493,0.020159,0.000000,0.982530,0.959075,0.036761,-0.036761,False
AE6F3WJIUZRLTBQIA2M4X3LERYJA,1532,6557,0.019187,0.000000,0.982192,0.958107,0.036618,-0.036618,False
AEPYN4SBWIWISOOYDOPQ7HNS6JIQ,1533,8087,0.019598,0.000000,0.982239,0.959126,0.032938,-0.032938,False
AGHE5YHUV2MJNLS7JH7VO3G6MFPA,1534,10959,0.017383,0.000000,0.980830,0.957036,0.028356,-0.028356,False
AFERCDY2EFJKT7QUQ75GISNHTFOQ,1535,12625,0.019893,0.001262,0.982569,0.960143,0.026334,-0.025170,False
AHSYWCHPMJDHYJDHKZDZYUDYMGXQ,1536,4673,0.016963,0.000000,0.981488,0.956015,0.043471,-0.043471,False
AFW2XSJVKJ2VVRQVD3IR2ZKCK2XQ,1537,8420,0.019361,0.000000,0.982263,0.957036,0.032350,-0.032350,False
AE6MG5ZVO4BVU5UKIUVTXRAUTJLA,1538,5613,0.018250,0.000000,0.981992,0.957036,0.039622,-0.039622,False
AEQGR4YJJFSHOPKIHH4MM3WFKLJQ,1539,4710,0.017908,0.000000,0.981340,0.958107,0.043205,-0.043205,False
AFSVP3JNP7UFF3XNNIQSAG6ZRKOQ,1540,6913,0.018222,0.000000,0.981884,0.958056,0.035665,-0.035665,False
AF4YK6ETKIRQ36LYVR4YY3ZS4ANQ,1541,19380,0.018795,0.003758,0.982242,0.958107,0.021300,-0.017849,False
AF7CLYC43B3X2W6JN7OFE6AD4AIQ,1542,4360,0.019281,0.000000,0.981320,0.956066,0.045002,-0.045002,False
AGHZXVOSR6BUBEGP6K3BDYLSOJ3Q,1543,6739,0.018223,0.000000,0.982086,0.958107,0.036120,-0.036120,False
AFXLN2LOIXG7GYLMXNGYOZOGG7YA,1544,5958,0.018970,0.000000,0.981976,0.958056,0.038417,-0.038417,False
AGEBWT6LTQS44RBUSRT5YWGNABGQ,1545,3661,0.016231,0.000000,0.982084,0.958107,0.049006,-0.049006,False
AHDDEU5EAPT6BU7KUGVBEYRF6JOA,1546,4615,0.017490,0.000000,0.981256,0.957036,0.043697,-0.043697,False
AHHBH4VPAVBILY6UAS4LQVX2ZTKA,1547,6553,0.016667,0.000000,0.981547,0.957036,0.036670,-0.036670,False
AE4M32TKLQAR6IQ75FGY4MD5NVEA,1548,6251,0.022196,0.000000,0.982868,0.958107,0.037504,-0.037504,False
AGGB33CRW5QSNM542FDVHPQ363YQ,1549,13104,0.019098,0.000812,0.982106,0.959075,0.025877,-0.025130,False
AGXNNDGBBN7K2RJQQW7UBR347SZA,1550,6482,0.018496,0.000000,0.982471,0.959075,0.036792,-0.036792,False
AHHISNJH3ZT4KLFHVFD4SNIQRXZA,1551,5731,0.019608,0.000000,0.981804,0.959126,0.039126,-0.039126,False
AEWUWP5UWPZOU4HXYJBYMTIDN2XA,1552,5635,0.018100,0.000000,0.981839,0.959126,0.039458,-0.039458,False
AGDBPYOOBEMKUQXFFB6H4E657YAA,1553,12078,0.019118,0.000071,0.982307,0.959126,0.026952,-0.026887,False
AEOYQBJW46VUK3HGQCHDI55WWN6A,1554,6164,0.019658,0.000000,0.982541,0.956066,0.037848,-0.037848,False
AGGNRJ4XCEU5NKTGXONSYA5V64QQ,1555,5630,0.018216,0.000000,0.981573,0.956066,0.039602,-0.039602,False
AEEMHCO2KYLSSU547E7HNK4PMAMA,1556,17055,0.018565,0.002536,0.982123,0.959126,0.022681,-0.020348,False
AG57XB5NOQK2IQ4V7MX5T4FHH6YQ,1557,17167,0.019276,0.003300,0.981875,0.958107,0.022631,-0.019602,False
AEIGRLFPH5Z3EQ73Z23CJ3WX6R6A,1558,36709,0.017923,0.006998,0.982022,0.956066,0.015509,-0.009113,False
AFMIVOY444C3VLI6CK5U2OXJRTGQ,1559,9824,0.018103,0.000000,0.981775,0.958107,0.029916,-0.029916,False
AEY6Z7A3GCSZ3N6OHCGGMYYJBWWQ,1560,8560,0.019500,0.000000,0.982173,0.959126,0.032015,-0.032015,False
AHMHS45MRB6MBCZJ7AWU2QSHHENQ,1561,16853,0.019079,0.002954,0.981763,0.958056,0.022842,-0.020130,False
AGGFFBBB5KFSFSSHHV7I54WUZ3NQ,1562,4972,0.018133,0.000000,0.981407,0.957087,0.042096,-0.042096,False
AELWIBSJORE5MM722A4OQC53XIWA,1563,8566,0.018859,0.000000,0.981923,0.958056,0.032039,-0.032039,False
AH53UQYKESG5SJQD63N4KYJXUEHA,1564,5188,0.019579,0.000000,0.981491,0.956015,0.041257,-0.041257,False
AHRXKSDZJOYVZC4CXU75S5TKFOWQ,1565,5448,0.018703,0.000000,0.981768,0.956066,0.040258,-0.040258,False
AFUZC6TF57EVSGN26BUBWJ4HM72A,1566,5444,0.017960,0.000000,0.982027,0.959126,0.040145,-0.040145,False
AHFEKQZP2NQ4P2XUT6HEBM62RS5A,1567,13383,0.019656,0.001561,0.982316,0.959126,0.025604,-0.024168,False
AGLGVDWNM5KVHS3PBM5HX464YVGA,1568,28992,0.019313,0.007019,0.982217,0.958107,0.017414,-0.010971,False
AFPYDQFZTX45YHI4JTPG37ITKHDA,1569,4777,0.017647,0.000000,0.981909,0.958107,0.042901,-0.042901,False
AEHWKRPNWNMOAJSMO2F6O7RFRTNA,1570,12401,0.019962,0.001164,0.982477,0.959126,0.026599,-0.025528,False
AFQ644U5B6FTZZEOEDUUCC24BGXQ,1571,4014,0.017915,0.000000,0.981715,0.956066,0.046901,-0.046901,False
AFFTWOUQ6ME5QP2NFPUE6ETZFSEA,1572,5324,0.018843,0.000000,0.980746,0.958056,0.040640,-0.040640,False
AGDQCJWEQ5D4LRTWNYR4BUG54N7Q,1573,5950,0.018519,0.000000,0.981913,0.957087,0.038481,-0.038481,False
AHOCOXJ7KQ7QW6J6SZITGMFK5IHA,1574,11981,0.018418,0.000000,0.981090,0.954993,0.027178,-0.027178,False
AGOEJF6OZTPVVWPJDQFFISLNMI5A,1575,4202,0.019817,0.000000,0.982667,0.958107,0.045742,-0.045742,False
AGU4TSYCYNQTJLVZPG5ASQYGZWVA,1576,5401,0.018650,0.000000,0.981522,0.957087,0.040390,-0.040390,False
AE6Z6YWXXT2RBZNC2E2OT66IOWUA,1577,7893,0.018877,0.000000,0.981991,0.957087,0.033411,-0.033411,False
AHAL3GJ5CESLYFHGFIS7X7L2OU6A,1578,5842,0.019485,0.000000,0.982001,0.957036,0.038838,-0.038838,False
AHW24URC4RFVEOKHFZXMVLNECLYQ,1579,4290,0.017828,0.000000,0.981409,0.956066,0.045367,-0.045367,False
AHCFYNLZXWHXARK6SJSQBIY3U5RA,1580,5106,0.019395,0.000000,0.981933,0.958107,0.041496,-0.041496,False
AGBL5QAIOWK6ENWLSOW2HWUQAZ3Q,1581,7044,0.019477,0.000000,0.982677,0.958107,0.035330,-0.035330,False
AGNXAQLRAWNX6EXBB2D4LITT2WZQ,1582,13380,0.019625,0.001528,0.982675,0.958107,0.025634,-0.024232,False
AHQFFVHDUPLKSLRFOCLRMHBSBDOQ,1583,4564,0.018685,0.000000,0.981863,0.959075,0.043847,-0.043847,False
AEIVZRSUIO26HLONNJVEEYPRYCNA,1584,8722,0.018663,0.000000,0.981964,0.956066,0.031817,-0.031817,False
AEAXAJACFMXIAAH4WOHRMXPSZWFA,1585,16372,0.019389,0.003029,0.982376,0.959126,0.023149,-0.020363,False
AEMP3A7IKW37CMWFXNKXWW6HGJHA_1,1586,6783,0.019252,0.000000,0.981257,0.957087,0.036041,-0.036041,False
AGJITMTUCLDSYTUOSC2Z7OGJWXVA,1587,8049,0.019693,0.000000,0.982111,0.958056,0.033052,-0.033052,False
AFUFF6CVQ4VVTRGIROH44A7ESUDQ,1588,5219,0.019139,0.000000,0.981872,0.957087,0.041088,-0.041088,False
AESPFWNUHN4G246P5CIB4BE5F7RQ,1589,6465,0.018182,0.000000,0.981984,0.958107,0.036878,-0.036878,False
AGUQ2BPQ2A4H2QKDVJWK6X6MVBLA,1590,6790,0.019178,0.000000,0.981957,0.958107,0.035984,-0.035984,False
AGM5JAMRPDLOXPSUPSBH3CN6WCMA,1591,10439,0.019454,0.000000,0.981952,0.956066,0.029083,-0.029083,False
AH7ETWOPU2HH47YLRGRQFIL4NJVA,1592,5647,0.019297,0.000000,0.982300,0.958107,0.039458,-0.039458,False
AGU7C7CZA56W7C3PML6C6TD2SRFA,1593,6319,0.018083,0.000000,0.981155,0.956066,0.037381,-0.037381,False
AEKZNV5KOIJKBCW3H2RSQVO63DSQ,1594,5226,0.017693,0.000000,0.981937,0.957087,0.041061,-0.041061,False
AEW2XCQQH7QTXUXEIEAD4XQINHJQ,1595,5419,0.019417,0.000000,0.982276,0.959075,0.040239,-0.040239,False
AGJYGNSFUQILJ2WA7XDTP5YN2ZTQ,1596,4173,0.017802,0.000000,0.981022,0.957036,0.045952,-0.045952,False
AEAZROFBPDU26QZJ5ICYR7AOMW5Q,1597,6455,0.018441,0.000000,0.981889,0.958056,0.036908,-0.036908,False
AGG6BKDYWE6N6DPLJJB2WGTUV5UQ,1598,16901,0.018666,0.002564,0.982079,0.960143,0.022760,-0.020396,False
AEBVRDYVYXRN76VYT5NAJVIJTL7A,1599,5306,0.020097,0.000000,0.982256,0.959126,0.040663,-0.040663,False
AGMD6LVSGUU4JPEAZ4TK3UBL2MBQ,1600,7658,0.017647,0.000000,0.982053,0.958107,0.033884,-0.033884,False
AGSCLYM6ICDUYZPNL2EVMDECTYVA,1601,4570,0.018806,0.000000,0.982162,0.960143,0.043769,-0.043769,False
AH5W6LHK6CY3XNMTSIMU6PKFUBIA,1602,4308,0.019247,0.000000,0.981994,0.958107,0.045176,-0.045176,False
AGCXLRMTTQO4VGIB3RWMXECECWTQ,1603,22390,0.019553,0.005563,0.982024,0.955044,0.019880,-0.014806,False
AG47NFTVEHSXFGQG7QKQHMQ42WJQ,1604,7210,0.017699,0.000000,0.981867,0.959075,0.034885,-0.034885,False
AHV67OZ7EO5D6QX53S4BEXRQ6FHA,1605,32273,0.018665,0.007013,0.981764,0.957087,0.016523,-0.010099,False
AEFI22B7AS3VNNKN4DC5HADG77QQ,1606,12192,0.019864,0.000905,0.982036,0.956066,0.026911,-0.026084,False
AGRQGAGROERFY6CCW4BODCENODQA,1607,7620,0.019881,0.000000,0.982710,0.958107,0.033968,-0.033968,False
AHCLCY7ATRXRQFKXEFUD7WTINBTQ,1608,6888,0.019642,0.000000,0.982482,0.960143,0.035652,-0.035652,False
AHMVNNNXFUDT7MLQ4F7HNC66LTDQ,1609,6728,0.019343,0.000000,0.982240,0.958056,0.036152,-0.036152,False
AHSMSNNZ3CE5QC57OPYLD6QRQERQ,1610,3978,0.018760,0.000000,0.982052,0.957087,0.047063,-0.047063,False
AGAQBOI26SMK7M5KPF4PFK2S4OKQ,1611,13013,0.017237,0.000000,0.981277,0.956015,0.026050,-0.026050,False
AG4Q6YXM5RL7XTQGDEETLNSXBBIA,1612,10063,0.019130,0.000000,0.982088,0.959075,0.029529,-0.029529,False
AG4GNHABQ7DVDHNH52V7BIN3V5WQ,1613,4998,0.018737,0.000000,0.981440,0.956066,0.042032,-0.042032,False
AE4YA7ZSIYTFM2JSMNXZMBJ4A2VA,1614,10488,0.019878,0.000000,0.982267,0.958107,0.028953,-0.028953,False
AGCJO6Z4BYMH27EYRFR4ZQXGAZ3A,1615,8256,0.019052,0.000000,0.981667,0.959126,0.032599,-0.032599,False
AE2B5CUQIA5ULZCR34UOPOXROEPA,1616,64260,0.019091,0.010833,0.982343,0.958056,0.011698,-0.001754,False
AF5F3I4YZ3UBPDG3BMFSHFNOYPCQ,1617,4982,0.017625,0.000000,0.982007,0.957087,0.042054,-0.042054,False
AFP4XV2TPIF2DYR7MDS3ABENVU4A,1618,3666,0.015929,0.000000,0.979488,0.954021,0.049182,-0.049182,False
AHOHXQZCEU3KDM3TPKZRNCJ3ITVA_2_1,1619,54434,0.018462,0.009489,0.981649,0.956066,0.012736,-0.004062,False
AEKQ4KA5L7LSVKG2DEEOECYIRJQQ,1620,11525,0.019251,0.000000,0.982275,0.960143,0.027562,-0.027562,False
AGRPLHGW2CR6WWOHT5TOWXDGIZEQ,1621,6140,0.018880,0.000000,0.982273,0.958056,0.037843,-0.037843,False
AEQJCTT433QTR6GK6IPGNOJ3FX5Q,1622,5928,0.018652,0.000000,0.981757,0.958107,0.038512,-0.038512,False
AGLFSVQY3A3EQH34RY46DDTRFAAQ,1623,18117,0.018093,0.002541,0.982472,0.958107,0.022029,-0.019697,False
AGYWMGGQ32YMT5CZIFHLE7VLUT3A,1624,12028,0.019099,0.000012,0.982491,0.959075,0.027009,-0.026998,False
AF54KH75LOEZFH7NRJUU6MBVX5RQ,1625,11578,0.018680,0.000000,0.981918,0.958107,0.027557,-0.027557,False
AEPUWWUCNPENE4E556S6ITXLLXYA,1626,5506,0.018430,0.000000,0.981592,0.958107,0.039960,-0.039960,False
AFY4AE3MMYP5H6LPT664G44RPASA,1627,5804,0.019481,0.000000,0.981562,0.957087,0.038962,-0.038962,False
AG7JO573OOVRRL3RS5JEDJ5KUFBA,1628,8959,0.019469,0.000000,0.982396,0.960143,0.031260,-0.031260,False
AFA23EPWPNP4NKTIAWMWHBDPTGFA,1629,7531,0.017996,0.000000,0.982037,0.958056,0.034170,-0.034170,False
AGFN3T4UR57DF757BHYMF54PHT5A,1630,6554,0.019053,0.000000,0.981859,0.956015,0.036707,-0.036707,False
AEGBNQNP2YDBMHPTLBOYOOXXL3FQ,1631,6237,0.020369,0.000000,0.982833,0.958107,0.037546,-0.037546,False
AESINLMUAVR374XLJLRRFWWUEFWA,1632,5729,0.018779,0.000000,0.982176,0.956015,0.039261,-0.039261,False
AFPM67PYOOTTHZCVAYMIB3HUQT6Q,1633,7810,0.018609,0.000000,0.981567,0.959075,0.033518,-0.033518,False
AH3HJDJIIIWFU3GOLTDG5ZV2V5LQ,1634,7231,0.019701,0.000000,0.981906,0.960143,0.034796,-0.034796,False
AF2IEFCJNLT3777QQ6UVOLS5SSVA,1635,4846,0.019006,0.000000,0.982074,0.958056,0.042597,-0.042597,False
AGE3PTUYLXXSTCZXHJY6S76NQQEQ,1636,6491,0.017765,0.000000,0.982021,0.958107,0.036804,-0.036804,False
AELO64EBNJW5S5KM443G2CMIUTHQ,1637,5307,0.018336,0.000000,0.981483,0.958056,0.040705,-0.040705,False
AGAJHXN5EQE4AAKAJQBTWVFBHUZA,1638,12236,0.017826,0.000000,0.981610,0.958107,0.026806,-0.026806,False
AHQ45D2CUWAGTV6DWHF6NFNHQZVA,1639,4460,0.017143,0.000000,0.981543,0.958056,0.044402,-0.044402,False
AFXLQ7ARUN4XYZJTA3ACK2O3JQGQ,1640,7323,0.018509,0.000000,0.982525,0.959126,0.034613,-0.034613,False
AE7ZWVM3BUBG5OFF37ALYQHHVHVQ,1641,9887,0.018839,0.000000,0.981786,0.957036,0.029854,-0.029854,False
AEPZDFSFXPXSXHZA4IXIXULF4Z2A,1642,9003,0.019540,0.000000,0.982051,0.959075,0.031219,-0.031219,False
AHH34KMAZWX4Z6F6A2K5RSPGNIXA,1643,4708,0.017180,0.000000,0.981372,0.955044,0.043353,-0.043353,False
AEGKIWEMRGD2CHDPEK76OY5P5TIQ,1644,6595,0.019741,0.000000,0.982703,0.960092,0.036437,-0.036437,False
AGSRO7NXV6VMSP7OXAONAB7F57QQ,1645,17743,0.018628,0.002913,0.982287,0.959126,0.022237,-0.019557,False
AG7JCEMC64AM7JPATDVGP6YZOTXA,1646,12765,0.018395,0.000000,0.981717,0.959126,0.026217,-0.026217,False
AGQFCDF5RI4T2SSMDP6VIKZZ3WRA,1647,6010,0.020639,0.000000,0.982800,0.959126,0.038207,-0.038207,False
AFQX5RZCEG3AJ34QRKGSXYXLJENA,1648,6490,0.018519,0.000000,0.981721,0.958107,0.036807,-0.036807,False
AGLW4V36VALHKI723PRQCKH2S7TA,1649,4593,0.017841,0.000000,0.981490,0.957036,0.043801,-0.043801,False
AEGW32IMIBSQUFG36RADHHKLKS4Q,1650,9054,0.020027,0.000000,0.982487,0.959126,0.031129,-0.031129,False
AHYOSWORVZFXM5QMRIAW3JTTFFIQ,1651,7097,0.020050,0.000000,0.982309,0.958107,0.035197,-0.035197,False
AEPUMWKGBOVGCCEZFLLWZHXWYXUA,1652,12808,0.018396,0.000000,0.982480,0.956066,0.026256,-0.026256,False
AELBPKLT4D4UEWZC4G6ZRKHRAXKA,1653,9382,0.018468,0.000000,0.981539,0.957087,0.030645,-0.030645,False
AF3HOFY5T4LHGCCWXV5TUVVIVKHQ,1654,7775,0.018408,0.000000,0.981618,0.957087,0.033664,-0.033664,False
AE3NBHX3ODICQE5ITCUEA7LGWYTQ,1655,5777,0.016631,0.000000,0.981553,0.958056,0.039014,-0.039014,False
AHEJIQT7RQLPD6YSWNECMR2ONLAQ,1656,9224,0.018307,0.000000,0.981924,0.958056,0.030875,-0.030875,False
AFNQHTOCHFLU75HS34DIMKZB4EXA,1657,22582,0.018286,0.004356,0.982089,0.956066,0.019774,-0.015792,False
AG5UFUTELKFDXDVYOB6PZTL7VXXQ,1658,6548,0.017699,0.000000,0.981318,0.959075,0.036606,-0.036606,False
AE5IOP6QCVK6HFXARBV7LRNR7ELA,1659,5711,0.020041,0.000000,0.982779,0.961109,0.039114,-0.039114,False
AGSEHOCLLZ54KVP5F7OTRMX65FMQ,1660,7870,0.018803,0.000000,0.982157,0.958107,0.033424,-0.033424,False
AHZTEZKKMQTPNZW3AYURV4YDN42Q,1661,34538,0.019120,0.007856,0.981471,0.957036,0.015973,-0.008778,False
AGHBGROMHVS5PWXSAU4UXTEYR6GA,1662,7515,0.017341,0.000000,0.981170,0.955044,0.034314,-0.034314,False
AGE6JTC6BUGXNMZONP632XOJH2NA,1663,5973,0.019029,0.000000,0.981948,0.958107,0.038366,-0.038366,False
AEFZSGWL3X6Z2VS65UON57NIJPMA,1664,7455,0.018613,0.000000,0.982263,0.958107,0.034342,-0.034342,False
AEHCPFOSFRCQDQJUNBXOLPM2YU6Q,1665,20290,0.018105,0.003409,0.981447,0.957087,0.020839,-0.017716,False
AHX2VMU5UQYI7NLQGGLUBO4NLOZQ,1666,6142,0.020103,0.000000,0.982141,0.959075,0.037797,-0.037797,False
AGIKKF3C6ZIR7OPIRG54DDZV4ZOA,1667,7096,0.019231,0.000000,0.981809,0.956015,0.035277,-0.035277,False
AE3L62CWQPQTOUP75PH4X4HMY4CA,1668,5876,0.019048,0.000000,0.982389,0.957087,0.038723,-0.038723,False
AED4A5D3XDKTGB566GFP7YQLSHBQ,1669,25374,0.019481,0.006339,0.982414,0.957087,0.018634,-0.012828,False
AHSLEMZLSENEF25Q44NSLG4O47VA,1670,6498,0.018496,0.000000,0.981653,0.954021,0.036941,-0.036941,False
AG7PZ2PX5RJBIQYTFNIRY5QOWSOA,1671,12788,0.018703,0.000192,0.982111,0.959075,0.026194,-0.026018,False
AFNLQIHXE4EPQVKXFNLHR5K6H7SA,1672,3883,0.017199,0.000000,0.982000,0.959126,0.047534,-0.047534,False
AEOK7C5TRDZG6XYAOH5LOR3V5ICA,1673,5616,0.019331,0.000000,0.981809,0.957087,0.039609,-0.039609,False
AFZUG6V6C5UTP3V3TZJJSJGJTCJA,1674,9442,0.018168,0.000000,0.981517,0.956066,0.030580,-0.030580,False
AHSVSD5BR67JQAYQKHTKVINJBQMQ,1675,6790,0.019097,0.000000,0.981652,0.957087,0.036023,-0.036023,False
AFEFFFWPK6A4NTSVTBW7Q7KSOFQA,1676,18726,0.017980,0.002682,0.981621,0.958107,0.021668,-0.019206,False
AFJU3FGQUWXM6XKMDC2FKSYYEZUQ,1677,11589,0.020188,0.000743,0.982334,0.958056,0.027545,-0.026864,False
AG6WKA67A7SMVKMN7YMI6LTC62PA,1678,4850,0.019305,0.000000,0.981871,0.957036,0.042625,-0.042625,False
AGEOZXPAYILCESAOSE2D3MWKWYLA,1679,13394,0.018248,0.000161,0.981563,0.958056,0.025622,-0.025475,False
AGDQKZQCELHEX6KUAHQOMVOQFTLQ,1680,8450,0.017582,0.000000,0.981672,0.958107,0.032257,-0.032257,False
AEFYY4OQWFEI5GGGONXYESM5S5BQ,1681,18872,0.020454,0.005216,0.982449,0.958107,0.021584,-0.016796,False
AHO3ZTW4HFSGBV7UNIZN7PW74CSQ,1682,11070,0.019601,0.000000,0.981884,0.958056,0.028184,-0.028184,False
AFXQNE3PUIC6FOZ7WFZZ757LE74Q,1683,7048,0.018231,0.000000,0.981534,0.957087,0.035357,-0.035357,False
AETHKES5SOD7LCBRQTFKZJTSOYFA,1684,7716,0.019757,0.000000,0.982410,0.958107,0.033756,-0.033756,False
AFNHSZFT2L4XI2SBCC4RKRNY3HRQ,1685,6709,0.018480,0.000000,0.982277,0.958107,0.036201,-0.036201,False
AFAOLRTHKC36JVPANVADVOWZDW2Q,1686,5360,0.018494,0.000000,0.981962,0.960092,0.040417,-0.040417,False
AF7UUOEIY6ZART4P6WQGG7XU2SSQ,1687,7574,0.018519,0.000000,0.982109,0.958107,0.034071,-0.034071,False
AHIS5MNAQJU5EVZAMG4FG7DEFJVQ,1688,6342,0.018159,0.000000,0.981617,0.959126,0.037194,-0.037194,False
AG7CY7WL33GTS4OKJJ66WL5VM3LA,1689,5006,0.018144,0.000000,0.981802,0.952997,0.042133,-0.042133,False
AFRPPMLQA6US5AGWTNF6IFGMBHJA,1690,8461,0.018329,0.000000,0.982221,0.957087,0.032270,-0.032270,False
AFWGSI3AV3UORK7AHCCYA763KEYA,1691,7711,0.019876,0.000000,0.982304,0.957087,0.033803,-0.033803,False
AH5DZ3X7JLNNTZU6QNP72JXJ5NQQ,1692,14245,0.020337,0.002798,0.982245,0.958107,0.024844,-0.022275,False
AHV4TIFEIBV4GIILG6BATSJQZDUQ,1693,3994,0.017956,0.000000,0.980980,0.957036,0.046971,-0.046971,False
AESC5REXK7R6DR5ODABVECWGNJCA,1694,6154,0.018349,0.000000,0.981723,0.958107,0.037798,-0.037798,False
AFCWPO23NJUDE2XHXFB6MFNJOB6A,1695,6267,0.019382,0.000000,0.982029,0.959024,0.037420,-0.037420,False
AEW5HVT4YG5IO4C5U3H6VC64WWWA,1696,4934,0.019520,0.000000,0.982186,0.959126,0.042168,-0.042168,False
AEQ5HOT4X5OKYDVOVDEIEZZTQIMA,1697,7134,0.018597,0.000000,0.981738,0.958107,0.035106,-0.035106,False
AG23JMWXXL26P4BXUKDALHP5MKWA,1698,6145,0.018930,0.000000,0.981851,0.957087,0.037866,-0.037866,False
AHNNWOH7UJJZ2MRAVJYI7QEKFWKA,1699,4866,0.017611,0.000000,0.980769,0.958056,0.042509,-0.042509,False
AETNNBJAVBJBCISV56OOOWLPJMIA,1700,11753,0.017316,0.000000,0.981498,0.957087,0.027380,-0.027380,False
AGC2S4H5UCCL24WP7V3YJVMQN6XA,1701,7199,0.019892,0.000000,0.982852,0.958107,0.034947,-0.034947,False
AEVYDTEJFNREETYZ6Z426MY4YINQ,1702,6117,0.018724,0.000000,0.981930,0.959126,0.037872,-0.037872,False
AHNI46X4ZHR5O4XL2JWBDFJNVHMQ,1703,6089,0.017748,0.000000,0.981079,0.956015,0.038082,-0.038082,False
AG2L2V7VZCTSJXDAMHS2IQKGK4XQ,1704,22566,0.017244,0.003309,0.980886,0.956066,0.019781,-0.016756,False
AE5WIXDVVE4ELVZ3GTARNEEVOBKA,1705,27510,0.019236,0.006615,0.982111,0.956015,0.017916,-0.011870,False
AHC4UURWTZDM66EK3QASG2PNSFPQ,1706,11343,0.019177,0.000000,0.981923,0.958107,0.027841,-0.027841,False
AGPMIOI4VJG34LTTSDK7SR4PHQLA,1707,3793,0.017921,0.000000,0.981080,0.956066,0.048248,-0.048248,False
AHSZXCJL6TJGVOVCZ4SFUYWDMMZQ,1708,11712,0.018032,0.000000,0.981695,0.958107,0.027399,-0.027399,False
AGJHBER7DOTPFKZBFMEC6GQ4H3EQ,1709,10331,0.018563,0.000000,0.982356,0.960143,0.029111,-0.029111,False
AHSTHVDE6D2AV6M5NYKF2V2ZZUDA,1710,5567,0.016646,0.000000,0.981409,0.956066,0.039826,-0.039826,False
AGRBCVBFSGXC3IOJMZLUSLD75AQQ,1711,5297,0.019410,0.000000,0.982106,0.958056,0.040743,-0.040743,False
AGBMTWVIUOIHVH55POZS4KZ2HLPQ,1712,4303,0.017355,0.000000,0.981326,0.955044,0.045347,-0.045347,False
AFXBZTQQFKBDOGT2NSQVEE5VHKCQ,1713,4626,0.017516,0.000000,0.982057,0.959075,0.043552,-0.043552,False
AEEVEI7O66NCAIZN4VGVZHYLJPOQ,1714,5363,0.018464,0.000000,0.981835,0.957036,0.040535,-0.040535,False
AHMU7BKERSEPLJEPFYFDWQ4IR22A,1715,4845,0.017844,0.000000,0.982015,0.958056,0.042601,-0.042601,False
AFTS2ADH7XVJ5VNQCXLYVNMTJNGQ,1716,16539,0.018355,0.002078,0.982056,0.959126,0.023032,-0.021121,False
AG4D44BNNLUEZNG7COK2CNRYUHYQ,1717,10274,0.018788,0.000000,0.982168,0.959126,0.029222,-0.029222,False
AGQEOPDLRRHUGN4UAU3TZFQQ6KUQ,1718,7071,0.020492,0.000000,0.982513,0.959126,0.035225,-0.035225,False
AELXQXLPI44TDSYJTF7SVIJ4YHIQ,1719,7764,0.019221,0.000000,0.982058,0.960143,0.033580,-0.033580,False
AH3NR6XSWEZ6KZEWH52WYA5CBZMQ,1720,12019,0.019934,0.000839,0.982496,0.958107,0.027047,-0.026276,False
AEMXI5DX7EYO7YHIWRHZQHLRPJGA,1721,6040,0.017759,0.000000,0.981853,0.957087,0.038194,-0.038194,False
AFDNVPMB44ZS5O2CSJTL47BI2QTQ,1722,22221,0.016680,0.002637,0.982260,0.959075,0.019871,-0.017446,False
AHWARWFS7J5QIBMJJRHE2XHFNGHQ,1723,4403,0.018409,0.000000,0.981968,0.956015,0.044784,-0.044784,False
AFCXZMRKPFASNFASWKYGQA3KOFSA,1724,7183,0.018066,0.000000,0.981942,0.958107,0.034986,-0.034986,False
AEXEA5OJQ2MKMKW4R2CTOAG6VHSQ,1725,5677,0.018642,0.000000,0.982195,0.959075,0.039314,-0.039314,False
AG2OYMADQUADYDHDVGEQCQQIQU2A,1726,5968,0.020104,0.000000,0.982266,0.957087,0.038423,-0.038423,False
AGBCW524EY75I4GQ3NX2SJA5TOQA,1727,7102,0.018401,0.000000,0.982154,0.959126,0.035148,-0.035148,False
AHXVRHUOXQOI2QAMSOZQYEMB6PPQ,1728,9288,0.017117,0.000000,0.981131,0.958107,0.030767,-0.030767,False
AGWPLX6PRQI76ME7NEH5CGCOW4FA,1729,9751,0.020206,0.000000,0.982857,0.960143,0.029964,-0.029964,False
AHQRUMMBNH5Z4EVFKPHDC4GJG3UQ,1730,6045,0.018262,0.000000,0.981819,0.957087,0.038178,-0.038178,False
AE4PDGC7A45A4KDP6EMY47BGECNA,1731,9852,0.019772,0.000000,0.982575,0.956066,0.029937,-0.029937,False
AGRTXUUEFPETZQT2722PETQGPAKQ,1732,5685,0.017967,0.000000,0.981619,0.959075,0.039287,-0.039287,False
AGXW4GMCZS36YKWXW6UNNQVIVPDQ,1733,15371,0.018755,0.001870,0.982144,0.958107,0.023916,-0.022199,False
AGU2OU5SZRWSPMRR3WXEBTA74VCQ,1734,5559,0.018076,0.000000,0.981817,0.959126,0.039727,-0.039727,False
AEBWQ2GVFZS7DBIN4Y7TR5IYJ25Q,1735,5779,0.019337,0.000000,0.982125,0.960143,0.038922,-0.038922,False
AE5E7LP2G67TUD3AOUNWDLTCAGIA,1736,6772,0.019518,0.000000,0.982482,0.958107,0.036032,-0.036032,False
AEQKWYUMGE4XQ2LIM43ACOBFGRKA,1737,5845,0.017449,0.000000,0.982133,0.958107,0.038784,-0.038784,False
AHWBB45Y4C7RMXLHNXOOG7YPSCIQ,1738,6214,0.018076,0.000000,0.981285,0.958107,0.037615,-0.037615,False
AEYVCA7335K6ZSPAFZ2DEQGVPU3Q,1739,4837,0.018053,0.000000,0.980672,0.956015,0.042728,-0.042728,False
AF3GEGWGFHF5BHOAKC3BMXO6TVKA,1740,5844,0.018492,0.000000,0.982156,0.955044,0.038912,-0.038912,False
AHOEMVRSDDBHFUNOSI7RWHACVQHQ,1741,5465,0.019333,0.000000,0.981121,0.955044,0.040239,-0.040239,False
AHARNUEGZ7Z2HOOX36AUNGBYUDWQ,1742,4437,0.018154,0.000000,0.981952,0.957087,0.044562,-0.044562,False
AHZOLZNKJ2RYBU6HONMMBO3K2DEA,1743,5752,0.017914,0.000000,0.981307,0.958056,0.039099,-0.039099,False
AEJP557V5GGMT74RJBHACELPQGUA,1744,7454,0.020419,0.000000,0.982515,0.958107,0.034344,-0.034344,False
AGFXY5HVXFJFJ2SJDGZL5YLGR6RA,1745,4318,0.019828,0.000000,0.982270,0.958056,0.045126,-0.045126,False
AHSJS6DJLJXZS4IS72QU3PPJDDGA,1746,4181,0.018803,0.000000,0.982145,0.959126,0.045808,-0.045808,False
AGNBQTR2GWKJT5ZW6W4AUOP6P7SA,1747,6927,0.017165,0.000000,0.980499,0.956066,0.035703,-0.035703,False
AH3EIX5R7MWRNMAOUAC3M2BIM7NQ,1748,11307,0.019524,0.000000,0.982352,0.959126,0.027856,-0.027856,False
AFXSVEP3YV4X5H2YRFZJGLAFFZWQ,1749,25033,0.019051,0.005820,0.981835,0.958107,0.018741,-0.013398,False
AGMRMTUJSE5BHHM3NIVFC4LDTLIQ,1750,6307,0.019472,0.000000,0.982427,0.958107,0.037337,-0.037337,False
AEBECS4OEJWMFQPDJGEC52HMUMQA,1751,5485,0.017415,0.000000,0.981644,0.958107,0.040037,-0.040037,False
AF3IMSGEUBADYHCWVA2GMLOLGLRQ,1752,9223,0.018955,0.000000,0.982406,0.958107,0.030875,-0.030875,False
AGZXNJ2PV5A4ESO3LJBL7Z6UQXAA,1753,5942,0.019315,0.000000,0.982252,0.958056,0.038468,-0.038468,False
AGFTTJHW3JROK22D5O7AJIWHUGUA,1754,30839,0.019704,0.007784,0.982185,0.960143,0.016849,-0.009673,False
AHEPSUTVYH4JWCYPJNRQYNWPCDDQ,1755,7894,0.018045,0.000000,0.982436,0.958107,0.033373,-0.033373,False
AFK6BWT7CLDV7GB6BNWKJ4M525YQ,1756,8319,0.017841,0.000000,0.981966,0.959075,0.032477,-0.032477,False
AGXW65JPLFRFATNRHS7W7IQJXHUQ,1757,6288,0.019300,0.000000,0.982225,0.957036,0.037435,-0.037435,False
AE3665VDHEZ2735T5HT7QFJI5SMA,1758,6863,0.018789,0.000000,0.981895,0.959075,0.035756,-0.035756,False
AGFRYMX6TRFD2SEB3OTD53KBO2QA,1759,6753,0.019053,0.000000,0.982352,0.956066,0.036160,-0.036160,False
AGLMC44V6XOE47WXTAWKUZVCO4BA,1760,3916,0.018584,0.000000,0.980977,0.955964,0.047490,-0.047490,False
AFGTWWOJY6YDBQTS3MLKBDIU4PRA,1761,7625,0.019847,0.000000,0.982497,0.958107,0.033957,-0.033957,False
AHICGNERKGDX6HTSQXCO6CZV2TDA,1762,6029,0.017104,0.000000,0.981927,0.956066,0.038269,-0.038269,False
AHA3DNMQOCMQGOK6RYLBYFTW7OWA,1763,5247,0.018450,0.000000,0.981811,0.957087,0.040978,-0.040978,False
AHQOIFJGCVRXQSUD3LDINCGNX7IQ,1764,6024,0.019841,0.000000,0.982153,0.956066,0.038285,-0.038285,False
AGDTZA7K2JTIM3RXVJSKEWD3FXNA,1765,4819,0.017354,0.000000,0.981047,0.957036,0.042762,-0.042762,False
AH4WPD5UUVJGONWDBWJKFXVTOXGA,1766,6579,0.018857,0.000000,0.981678,0.956066,0.036635,-0.036635,False
AEZUL3R34WWAORYARPTJG2X6KC5Q_1,1767,32982,0.019365,0.007838,0.981990,0.958107,0.016327,-0.009132,False
AETGCWXC47MSMK6B2TLZ44KCFJZQ,1768,5499,0.018685,0.000000,0.981712,0.958107,0.039986,-0.039986,False
AETLOI346AO5NNO4K4BLOUGSHFQA,1769,5388,0.019146,0.000000,0.981787,0.958107,0.040396,-0.040396,False
AHSOZEZXI6YMY3LM3UAOKVNVDKPA,1770,7568,0.018974,0.000000,0.982008,0.959126,0.034048,-0.034048,False
AEFABG7LRFZVH33RQKZ7YNXECC6A,1771,5358,0.019190,0.000000,0.982020,0.957087,0.040552,-0.040552,False
AHGGZHNL3AGAKYIBU6CBUQORYUSQ,1772,3901,0.018650,0.000000,0.981692,0.958107,0.047474,-0.047474,False
AHPOBCUP2UBXTXYUQWCPH2U4VGEQ,1773,9070,0.019759,0.000000,0.981999,0.959024,0.031105,-0.031105,False
AHPAZHQXXDK2T4ITHUTDY3PKZS5A,1774,7919,0.018659,0.000000,0.981889,0.957036,0.033358,-0.033358,False
AFQF4MA6OXHSWGMXSIBLC3E52AYA,1775,6354,0.019375,0.000000,0.982362,0.958107,0.037198,-0.037198,False
AFXKFLPPZZYYA3UFWVV3PRV4NVRQ,1776,4682,0.018732,0.000000,0.981299,0.958056,0.043337,-0.043337,False
AGIBOWXXHX5LFZICWOIGRCRWPTDQ,1777,8329,0.019831,0.000000,0.982323,0.958107,0.032490,-0.032490,False
AFSBABG7RACUQLOTENHB6GOAJYVA,1778,5438,0.017610,0.000000,0.981482,0.958107,0.040209,-0.040209,False
AF2T2NURQISR3BHXLKR647ILUOFQ,1779,13582,0.018006,0.000044,0.981637,0.958107,0.025443,-0.025403,False
AFFETTREBYRVZ25DYQKUHBF2X2LA,1780,9850,0.019056,0.000000,0.982502,0.960143,0.029813,-0.029813,False
AEAV6DQ5GDYWY72VTH2TRC2QA6QQ,1781,5281,0.018182,0.000000,0.982172,0.959126,0.040759,-0.040759,False
AEFQEZEU4ARVWWNLFQAYV26LBUQA,1782,5575,0.019886,0.000000,0.982448,0.960143,0.039628,-0.039628,False
AEIADAB2WYAUS2QNAIW65MGIDTNA,1783,6151,0.020761,0.000000,0.982412,0.959126,0.037767,-0.037767,False
AFC5MFTGAM4N2SK3QGBSMPC6ICQA,1784,7955,0.017989,0.000000,0.981723,0.957036,0.033282,-0.033282,False
AEDCAPZDU5DXR433NEDAE7DZHY4Q,1785,5907,0.018983,0.000000,0.982452,0.960092,0.038500,-0.038500,False
AF7AJKISXNRQBAZKQPSXNAZ22QEA,1786,9755,0.020399,0.000000,0.982274,0.959075,0.029991,-0.029991,False
AF6VWYHPUYOKOKNW5ET3RUJ2PMVA,1787,7527,0.018789,0.000000,0.982114,0.959075,0.034143,-0.034143,False
AGMXZ76NFVTSMHB36ENLFVWU3HKA,1788,4983,0.018208,0.000000,0.981882,0.956066,0.042095,-0.042095,False
AHI6LJKGAE5OOUFN2ZITFVROGLJA,1789,6217,0.020000,0.000000,0.982085,0.958107,0.037606,-0.037606,False
AGLGCQJ6R7DK2HOZRYGHMQ7D6BTA,1790,14081,0.018758,0.001117,0.982382,0.961160,0.024909,-0.023877,False
AF3ERH3TU72TZ3MY334WSSPPPZEQ,1791,14417,0.017983,0.000549,0.981941,0.958107,0.024695,-0.024191,False
AFHZYGTGYN4MY4HW2P3K5U7FMVUA,1792,8816,0.018841,0.000000,0.981991,0.959126,0.031546,-0.031546,False
AH3SKZJFV5YLTSKRJLMWP5BVEKNA,1793,7123,0.016393,0.000000,0.981424,0.957087,0.035170,-0.035170,False
AFZJKSYKMWCFNXIVQQ33VAJIL7UA,1794,6051,0.017751,0.000000,0.981755,0.958056,0.038120,-0.038120,False
AHXUNS4RYQXI2O4FLAKVE7FA5TBQ,1795,6655,0.019171,0.000000,0.982542,0.958107,0.036347,-0.036347,False
AEM3DX4EPJH4P6HSKK7FV6FTA4XA,1796,5144,0.017600,0.000000,0.981626,0.958107,0.041342,-0.041342,False
AFTPC7XK7ZWHRGU622TBRJVDQ5MQ,1797,9513,0.018432,0.000000,0.981350,0.956066,0.030466,-0.030466,False
AHTPMTGKDKEHK2LICVISESYKFCSA,1798,17548,0.018291,0.002489,0.981681,0.958107,0.022384,-0.020099,False
AHFXTIAWOGPOJFLIXLHBTSKEM4SQ,1799,7135,0.020484,0.000000,0.982594,0.960143,0.035029,-0.035029,False
AEDBLGC272WA4ZTVJFCW6XAZ37LQ,1800,5745,0.018170,0.000000,0.981090,0.957087,0.039162,-0.039162,False
AFWX42STP4GA3B3ORU66C65YZJ7A,1801,6812,0.018816,0.000000,0.982355,0.960092,0.035852,-0.035852,False
AEIY34D6GHL47CSXOINXLX437PTA,1802,6277,0.018060,0.000000,0.981160,0.956066,0.037506,-0.037506,False
AE342HUMEILY6AYRPTDSYOCVVATA,1803,5251,0.019299,0.000000,0.982164,0.957087,0.040963,-0.040963,False
AGUPNA6RKHWNICAGB7YNK4LCSOZA,1804,5011,0.018349,0.000000,0.981622,0.957036,0.041934,-0.041934,False
AGK3KPVKOY7WCWL42YFVX4JFTKVQ,1805,6626,0.020540,0.000000,0.982349,0.958056,0.036429,-0.036429,False
AEE33OSHYGNPVW65BJVDZQ5QWWUA,1806,67954,0.019072,0.011041,0.982020,0.957087,0.011387,-0.001273,False
AGM2QNWSUKRBQTUCHVPRWCIYSZ3Q,1807,5717,0.019405,0.000000,0.982599,0.958107,0.039216,-0.039216,False
AEIZ3OK5TPZ7MTYXHKCHMG5MQWJQ,1808,4346,0.018519,0.000000,0.981607,0.959126,0.044930,-0.044930,False
AEOEUEZINH6432YDLXJENERMAR3A,1809,14141,0.019252,0.001648,0.982109,0.958107,0.024935,-0.023422,False
AGECFB3AOIPXBVOGL5W2J5NR2NTA,1810,6193,0.016657,0.000000,0.980722,0.954021,0.037840,-0.037840,False
AGKG4QSOD5HI433GAXYTG4O67XAA,1811,8886,0.017699,0.000000,0.981860,0.958056,0.031457,-0.031457,False
AF7G7ICZETLURH773PBFYFN37JBQ,1812,6742,0.018354,0.000000,0.982102,0.958056,0.036114,-0.036114,False
AFA367Z5MOI5XVW7IAQJS7OGXKMA,1813,8611,0.019025,0.000000,0.982159,0.959126,0.031920,-0.031920,False
AEVMRLM3SY7CPJJXU3CBA3LU3AZQ,1814,6675,0.019481,0.000000,0.982295,0.960143,0.036216,-0.036216,False
AERZDTK72SST4ZOP5DP6D25SOYXA,1815,6177,0.018519,0.000000,0.981561,0.958056,0.037730,-0.037730,False
AFPPNF3RSFMMNC5UAM6V4B475MBQ,1816,98237,0.018073,0.011394,0.982129,0.957087,0.009470,0.000967,True
AHTEFBKI5JV3MIF27A6JBWFYLUIA,1817,8773,0.018859,0.000000,0.982621,0.958056,0.031659,-0.031659,False
AECJHMLCMX2LYNTA53VGJOCRN4IA,1818,7628,0.018887,0.000000,0.982020,0.958107,0.033950,-0.033950,False
AEXP4AULLRFINXRFJ3FXQDFYYOWA,1819,5442,0.019897,0.000000,0.982199,0.959075,0.040154,-0.040154,False
AH4YBVO724V3BJUUFP4DBFQGNEHQ,1820,20333,0.020080,0.005399,0.982459,0.960143,0.020750,-0.015773,False
AHQRO6CGJW7NXE5PLDR3H6A7J6GQ,1821,4382,0.018268,0.000000,0.981503,0.956066,0.044889,-0.044889,False
AE2G43TSRIY2IGH3G7QCXLISYTWA,1822,3432,0.017408,0.000000,0.981111,0.959075,0.050563,-0.050563,False
AFXWRYKUE5QNX4J2WGCX4TNRUKHQ,1823,4369,0.017256,0.000000,0.981704,0.956066,0.044955,-0.044955,False
AEVHSN37PYEPB3FVHZPD3KB4FIGA,1824,6418,0.019307,0.000000,0.982171,0.960143,0.036934,-0.036934,False
AGGVWJCNYRITT2IQMXPQBRXA2IPA,1825,14617,0.019520,0.002205,0.982108,0.960092,0.024475,-0.022442,False
AHBWAVRW22FT4GAN2VTWYNAEQFHQ,1826,28755,0.018782,0.006437,0.982311,0.960143,0.017449,-0.011515,False
AHXC6RWIQNNNVBU7LDEMFHY32QPA,1827,5655,0.019515,0.000000,0.982078,0.957087,0.039472,-0.039472,False
AHTFCHR7EEPL74GXYDKXEPITDMUA,1828,5527,0.018454,0.000000,0.981370,0.957087,0.039927,-0.039927,False
AGYIYHWC5EJWEENTNN2IMPFEWKSQ,1829,9973,0.019919,0.000000,0.981402,0.957036,0.029725,-0.029725,False
AHBZUJHBQTT2XLRRAJMAIQ6SDWYQ,1830,6872,0.019231,0.000000,0.982280,0.960143,0.035693,-0.035693,False
AGMZZSWOJMQ5T2RJD7ALKPU5Q7RQ,1831,5004,0.017518,0.000000,0.982272,0.957087,0.041962,-0.041962,False
AFBE65EUNTT4L5B2OFQTKZMMNTCQ,1832,5581,0.019732,0.000000,0.981939,0.960143,0.039607,-0.039607,False
AGG247BNLSVS5QC2V6WRHKRRA3HA,1833,3333,0.017276,0.000000,0.980796,0.951972,0.051692,-0.051692,False
AHYBD5HSNVWNAUIMWXPEAELXPE6Q,1834,4183,0.018103,0.000000,0.982085,0.957036,0.045897,-0.045897,False
AFJ4YAHXPKZQSEJTCCJ5Z4KPYZKA,1835,3856,0.018657,0.000000,0.982355,0.958056,0.047753,-0.047753,False
AHOEORVDRRM4NKIKRFYBA6WA3HFA,1836,14839,0.017926,0.000742,0.980771,0.956015,0.024395,-0.023717,False
AE5HNX5HIVHJH734GBQBRKUMGYTQ,1837,12996,0.019078,0.000715,0.981937,0.958107,0.026010,-0.025353,False
AHPJJGKSFFTOQBOIMVPHKXLU4LDA,1838,6192,0.019351,0.000000,0.982600,0.960143,0.037602,-0.037602,False
AG7E7S3UCX7TSIX5T2XBQIJSGUBA,1839,4939,0.018830,0.000000,0.982158,0.958056,0.042194,-0.042194,False
AF2G6T5LU5O65TBXEX5KJAWUNNQA,1840,5277,0.018605,0.000000,0.981920,0.958056,0.040820,-0.040820,False
AELM4ZCJJNCHH5KIJAFUBUETRIZA,1841,4296,0.018505,0.000000,0.981890,0.956066,0.045336,-0.045336,False
AHASI5YMJXXINTYKBGRHH6TYJF3Q,1842,11473,0.018252,0.000000,0.982219,0.959126,0.027653,-0.027653,False
AGIGZYOXSFZD5ARXBWU2HYCEMV3A,1843,7052,0.019424,0.000000,0.982689,0.958107,0.035309,-0.035309,False
AH4UJ5TB2Z26ZYO2NIBATDXD33CQ,1844,4033,0.017941,0.000000,0.981678,0.957087,0.046741,-0.046741,False
AFV2ZL27BT6G3RTJTQ5DMYO242TQ,1845,8907,0.019100,0.000000,0.982447,0.956015,0.031487,-0.031487,False
AF6RAMF3HODLXIH22AWPXFB5SLTQ,1846,3801,0.017691,0.000000,0.981092,0.954021,0.048301,-0.048301,False
AELWTO2FDWKKXJRJTUVK67V4PCBA,1847,3895,0.017544,0.000000,0.981159,0.956066,0.047612,-0.047612,False
AGH56H33R4BLJ45B26ST6ELWJJPQ,1848,7011,0.018889,0.000000,0.982276,0.960092,0.035339,-0.035339,False
AF7JHO3LOD3C24EXXXVTSVFZCTZA,1849,15504,0.018602,0.001790,0.981688,0.956015,0.023866,-0.022229,False
AFBWBIAQAHVF5O6BY5J7AVLBPXTQ,1850,6324,0.017869,0.000000,0.982420,0.958056,0.037288,-0.037288,False
AHWILCXLWSKQULRFGV47UMTSOYXQ,1851,15622,0.019420,0.002672,0.982460,0.958107,0.023724,-0.021271,False
AHBFC5KHUWMYAUZZOWESXOC5YGHA,1852,5249,0.019216,0.000000,0.982505,0.958107,0.040927,-0.040927,False
AFF3DRE7KFNNEPNE3TQZ7WYGZLEA,1853,12590,0.018412,0.000000,0.981403,0.957036,0.026456,-0.026456,False
AE56O6VUY4WKRV6L6YWKZFS3H3NA,1854,6268,0.019733,0.000000,0.982396,0.959075,0.037415,-0.037415,False
AFQXUO3G3P563OKXL5C27GBJT4AQ,1855,10478,0.018025,0.000000,0.982070,0.959126,0.028937,-0.028937,False
AEKZDFPVCEDQWPDXT7PQGNQ5XZQA,1856,4000,0.016990,0.000000,0.980973,0.955044,0.047034,-0.047034,False
AHWYUSDSB2P3NV5H4FPRF6E45WQQ,1857,6928,0.018939,0.000000,0.981909,0.958107,0.035624,-0.035624,False
AHVB7RJNAZ35HUAHNSYLMZDBRZBA,1858,4922,0.018156,0.000000,0.981629,0.957087,0.042310,-0.042310,False
AHWFAMRETIELDXF3D26JA4SRA3FA,1859,26984,0.019791,0.007048,0.982545,0.958056,0.018052,-0.011583,False
AESKKGQWJQBWLIA7JDLXARU3Q52Q,1860,4436,0.017733,0.000000,0.981310,0.957087,0.044567,-0.044567,False
AHLW5VGKONX6PWSM3OSXDJ2DM5XA,1861,4497,0.018441,0.000000,0.981207,0.956015,0.044313,-0.044313,False
AGLDJAFXAECQPHKDFOYDLI42RKDA,1862,5589,0.019001,0.000000,0.982332,0.958056,0.039665,-0.039665,False
AETGGEJL7732J4VMO6KOTNIO5I3Q,1863,12604,0.017644,0.000000,0.981136,0.957087,0.026440,-0.026440,False
AE6MKX6TWGESBF2HBPH6F7YQPFWQ,1864,5542,0.019788,0.000000,0.981992,0.958056,0.039832,-0.039832,False
AHZYIJLRFRVKRPCB2TCDAYOUMZUQ,1865,4465,0.018447,0.000000,0.981038,0.958056,0.044377,-0.044377,False
AGALVS634GMESOLR3NZPTBMQA2MQ,1866,4950,0.017464,0.000000,0.981488,0.958056,0.042147,-0.042147,False
AGBJJYJ3CKEKID5PLR2QGGUZFCVA,1867,4318,0.019508,0.000000,0.981731,0.957087,0.045172,-0.045172,False
AEH5AV4XJB5LHNTTISX22GUTPWWQ,1868,5078,0.017921,0.000000,0.981582,0.957087,0.041655,-0.041655,False
AH4TRCQOWVEJNGWTTO55UINTHZIQ,1869,9882,0.018525,0.000000,0.981922,0.958107,0.029828,-0.029828,False
AFGK5TZEPMOTH2NGW6WMAOX7Q4EA,1870,21504,0.017972,0.003697,0.981828,0.958107,0.020220,-0.016826,False
AETPZ42ZJOE4UCJETADBRCLJ4ATQ,1871,8044,0.019372,0.000000,0.982592,0.959126,0.033026,-0.033026,False
AG4IP5IZSXVECLEUJBWCPBUKBWSA,1872,6411,0.018697,0.000000,0.981864,0.957087,0.037072,-0.037072,False
AEEI3VXIPT4LELQZ5JRMUJGAUJSQ,1873,7179,0.019127,0.000000,0.982330,0.958107,0.034996,-0.034996,False
AE6U2ZCGCBRDU3TT3PVH44ITRLOA,1874,7809,0.019751,0.000000,0.981869,0.958107,0.033554,-0.033554,False
AFR7G3N4UVC76GTHQP63TKQLX4TQ,1875,5176,0.018318,0.000000,0.981626,0.958107,0.041215,-0.041215,False
AEBEMOA4RWLGGTJNMNXBX5DT4CPQ,1876,8749,0.017039,0.000000,0.981714,0.956015,0.031770,-0.031770,False
AGAZUDCJ2HPHTM36WELPABLEBJRA,1877,6924,0.018508,0.000000,0.982209,0.958107,0.035634,-0.035634,False
AHU3PHXO5ROPM42MGBGX2WN6IX6Q,1878,31300,0.017706,0.005874,0.981980,0.958056,0.016761,-0.011369,False
AGGIJ3RF6WBWMAHM7OAMRALDPPCQ,1879,4549,0.019139,0.000000,0.981780,0.956066,0.044057,-0.044057,False
AFCBVSLZEW3N4WTHKN7YCQA7DHSA,1880,5535,0.018084,0.000000,0.981029,0.957087,0.039898,-0.039898,False
AE45JD5QTQ5VRXCJ6M4CM5TIPOPQ,1881,7288,0.020781,0.000000,0.982831,0.959126,0.034696,-0.034696,False
AFJQ4OBA4ZV7PHBJQNERUVN7UZOA,1882,9667,0.018326,0.000000,0.981732,0.957087,0.030190,-0.030190,False
AGXHFUENM3G65MN4BGET2DNU4IAQ,1883,16126,0.017865,0.001381,0.981499,0.958107,0.023350,-0.022082,False
AH6GQKHNAQM6FTXP3PKFRSQUB6NA,1884,8915,0.019712,0.000000,0.982589,0.959075,0.031372,-0.031372,False
AH4WRAMEFPMM2PVRI4QQRCUHOK5Q,1885,4162,0.019246,0.000000,0.981456,0.957087,0.046011,-0.046011,False
AHQNBM3JFLY6FB3CB6VMF4IP2GZA,1886,6096,0.018029,0.000000,0.982207,0.959126,0.037937,-0.037937,False
AHTCNFRA5SB5IVFQ2SICSGEBUILA,1887,19418,0.018688,0.003665,0.981618,0.957087,0.021301,-0.017944,False
AF6T2IQSJIH6OUAJW2MH6Y6L7HAA,1888,10875,0.020000,0.000000,0.982305,0.958107,0.028434,-0.028434,False
AET4MQOLSTJDNAS27VF6JATZECGA,1889,5754,0.016451,0.000000,0.981677,0.958056,0.039092,-0.039092,False
AG5NIJSCYDY7JUOSKEFSKCK7JDFQ,1890,8781,0.018909,0.000000,0.982343,0.961109,0.031544,-0.031544,False
AGENXWWALUHJKAUVANBE4SANON4Q,1891,10234,0.018575,0.000000,0.982015,0.958107,0.029311,-0.029311,False
AHXPKRXEH44KPUX3ZJHDEOCXWOUQ,1892,8437,0.017391,0.000000,0.981370,0.958107,0.032281,-0.032281,False
AEOK4TQIKGO23SJKZ6PW4FETNNDA_2,1893,11498,0.020202,0.000680,0.982396,0.958107,0.027653,-0.027028,False
AFIBNLML7BE3GZIGU7SSIAGEECLA,1894,7160,0.019048,0.000000,0.981805,0.954993,0.035156,-0.035156,False
AEVIVDBW7OKSXHS2P7KPTBSPPU7Q,1895,14013,0.016140,0.000000,0.981752,0.958056,0.025050,-0.025050,False
AFUUJZ32PGZB4TDB6D7LLE5KHSDA,1896,8724,0.019528,0.000000,0.982095,0.958107,0.031746,-0.031746,False
AGLS5B4FURLQYA2KPZ5GBEESTIVQ,1897,5291,0.017699,0.000000,0.981783,0.958056,0.040766,-0.040766,False
AE7VDEI2MEZDY7YGDKQSSZ4CU4LA,1898,7325,0.019663,0.000000,0.982474,0.959126,0.034608,-0.034608,False
AFW6DCF2GM6LCHEC6EGXKLBSBDTQ,1899,8436,0.019549,0.000000,0.982075,0.958107,0.032283,-0.032283,False
AF4FBX7TMLQVLJB45TOQ2EJTXVYA,1900,5800,0.018337,0.000000,0.982075,0.959126,0.038893,-0.038893,False
AEUEB5QRUCYGSAWGOIZFC7G2RN5Q,1901,10217,0.019652,0.000000,0.981910,0.958107,0.029335,-0.029335,False
AE2662WNZYL2ZMFHDKGGCCHMGMGQ,1902,5435,0.018582,0.000000,0.981975,0.959126,0.040178,-0.040178,False
AG375WAXLZ7PIOQKIQ6KQB4J3JVQ,1903,119763,0.017196,0.011147,0.980857,0.956066,0.008586,0.001603,True
AEFE5XFAOEWPEBXAR3UF5TLBCB2A,1904,5713,0.017565,0.000000,0.981462,0.958107,0.039230,-0.039230,False
AF7X7NCBSFLSVVLZZELHBCBSYPUQ,1905,5117,0.019737,0.000000,0.982125,0.959075,0.041410,-0.041410,False
AEXB6YHCSWJQC6XGL5FXCLPWBRJA,1906,5857,0.017733,0.000000,0.981799,0.956066,0.038827,-0.038827,False
AETOEA7VUU2QV3ZNCRQHK33DDXZQ,1907,4025,0.018919,0.000000,0.982035,0.957036,0.046790,-0.046790,False
AEO2VNOT5LNZJ5ROFECRFQWPD6JA,1908,8490,0.018255,0.000000,0.982136,0.959126,0.032146,-0.032146,False
AEBUDJVUNDEIPQDCVSN76SAKUL2A,1909,5830,0.018906,0.000000,0.982262,0.957087,0.038875,-0.038875,False
AHJXTD6N2Z2QFBWRXPXSTESDU7AQ,1910,8624,0.018962,0.000000,0.981753,0.956015,0.031999,-0.031999,False
AFSV7WVU7TBFUFBQ2I4XAJHJK5DQ,1911,7728,0.018760,0.000000,0.982263,0.957087,0.033766,-0.033766,False
AFGXHIFJHYONISJ4EZAV5G2QIZKQ,1912,7548,0.019393,0.000000,0.982155,0.961109,0.034023,-0.034023,False
AHEK757U7544PNGSDFCIKFN7NZDQ,1913,21506,0.018590,0.004316,0.981971,0.958056,0.020220,-0.016259,False
AFRZWY5NEGURSNCWQIR3CGO7XTDA,1914,6411,0.020341,0.000000,0.981989,0.957087,0.037072,-0.037072,False
AFF3P6FC7Q7F4TKGBC6MVTEYBAHA,1915,8445,0.020603,0.000000,0.982212,0.959126,0.032232,-0.032232,False
AGGNEZJKG35QXGBIZADSSC2QNPGA,1916,7490,0.017885,0.000000,0.981538,0.957036,0.034300,-0.034300,False
AFZZTCIDEOXXQLDMOCBPTLGTGLUA,1917,5196,0.019746,0.000000,0.982057,0.958107,0.041135,-0.041135,False
AFE233WGE7SQATPKYXBSYCV4WGEQ,1918,10777,0.018577,0.000000,0.982508,0.959126,0.028532,-0.028532,False
AE2SW5HC66P6DJEXCZJN7IID6ZIA,1919,14194,0.019887,0.002317,0.982375,0.959126,0.024862,-0.022731,False
AFYOKJCKOTSAX37BQCPTCCULEEGQ,1920,5569,0.018759,0.000000,0.981579,0.959075,0.039694,-0.039694,False
AFVIIK54G27OXK67I6Y3DVESCMSA,1921,8409,0.019175,0.000000,0.982434,0.960143,0.032267,-0.032267,False
AFRRE6V4BFGXPS2RFRZNAMSUH2QQ,1922,6079,0.019195,0.000000,0.981974,0.956066,0.038112,-0.038112,False
AGUOEDUXBQSS2IZBV7JKYBIOK5RQ,1923,10995,0.019027,0.000000,0.982799,0.959126,0.028248,-0.028248,False
AE2YCIHHZH57ABZB7EWDTCF3WPKA,1924,23070,0.018491,0.004709,0.982256,0.956985,0.019545,-0.015232,False
AG52X72BAAVOKEU3MWXPG5CQJOAA,1925,6913,0.019446,0.000000,0.982381,0.959075,0.035627,-0.035627,False
AEMWSCOSTFGK27K2CRBK6II5OTUA,1926,7190,0.018557,0.000000,0.982196,0.959126,0.034932,-0.034932,False
AFB3CZEZQWZ33YHIGZPKBXXBZQJQ,1927,4936,0.018977,0.000000,0.982236,0.957036,0.042252,-0.042252,False
AEZUL3R34WWAORYARPTJG2X6KC5Q_2,1928,7891,0.019015,0.000000,0.981878,0.957087,0.033415,-0.033415,False
AEFKRMWLOVJNJGUR6ISNBRULP4JA,1929,8872,0.018611,0.000000,0.982146,0.959075,0.031448,-0.031448,False
AFZXY3NAIABVWUCUSCVX63D3BJLA,1930,4836,0.016850,0.000000,0.980785,0.956015,0.042732,-0.042732,False
AGIA3ZNA7OJDRHNPWVATX5FDCEHQ,1931,13499,0.018545,0.000527,0.981954,0.958107,0.025521,-0.025037,False
AE6MKXHT2YWXPMZU2CJDON7RKJKA,1932,6293,0.018415,0.000000,0.981353,0.956066,0.037458,-0.037458,False
AEQAAPLNWBNDE6VA65AXBDMFSYDQ,1933,12028,0.019181,0.000094,0.982022,0.957087,0.027065,-0.026980,False
AEHLNP5276SPWHNAJU2DP4X55HSA,1934,4088,0.017614,0.000000,0.981698,0.957087,0.046425,-0.046425,False
AFZTFBCA2JGXFPHJYUOU33TJKP5Q,1935,8277,0.018277,0.000000,0.981395,0.956066,0.032662,-0.032662,False
AEKXTCRO7YBU4MT6WTY4BKAAH5JQ,1936,12535,0.018352,0.000000,0.981984,0.958056,0.026485,-0.026485,False
AHZOZPN2EH354LPYYEVTKBQ6DOZQ,1937,5164,0.017832,0.000000,0.981875,0.958107,0.041262,-0.041262,False
AEYUU6URP6TMM4B4MY2Q4DSPSRZA,1938,5506,0.018156,0.000000,0.981959,0.960092,0.039878,-0.039878,False
AEULD6UDDD7XSH2HXR2L6TNRHSNQ,1939,95828,0.019408,0.012646,0.982710,0.960143,0.009558,0.002099,True
AHBOMGFP5PDU3LEUVNEYYC6JWFMQ,1940,16645,0.018812,0.002586,0.981659,0.958056,0.022984,-0.020610,False
AHEEQXQJCEQMHTWAZ2YMDE4Q5LIQ,1941,7622,0.019358,0.000000,0.981964,0.959126,0.033927,-0.033927,False
AH6DBXMDH5UDRAIGDG25KSJ7JMNQ,1942,5208,0.018277,0.000000,0.981824,0.959126,0.041044,-0.041044,False
AFZTOZOOXODGGU6335BPSF6KABKA,1943,7374,0.018420,0.000000,0.982448,0.959075,0.034495,-0.034495,False
AGAFBYWPUTNDVOTUOETV53ZG5Y5A,1944,7585,0.018937,0.000000,0.982019,0.958107,0.034046,-0.034046,False
AHUSKFUP5FOS2PY32N2OT624O6NA,1945,16167,0.018650,0.002186,0.982268,0.958107,0.023320,-0.021313,False
AGOM7QIEFGNDQDZMPLWD4434XIQA,1946,5718,0.019868,0.000000,0.982184,0.958107,0.039213,-0.039213,False
AEZ67KYWZUMJKIBB2R4VYQP2DATA,1947,5163,0.016559,0.000000,0.981065,0.956066,0.041354,-0.041354,False
AEIOYAYGE2AU7LWLFRYRX4XPOWIQ,1948,8722,0.018103,0.000000,0.981885,0.956066,0.031817,-0.031817,False
AGRAAXPNN63JLC3WPK44ORM3QRJQ,1949,5788,0.018032,0.000000,0.981730,0.957087,0.039016,-0.039016,False
AEUOUIVZW7KTECWYBW5HPD6PE6YA,1950,8145,0.017343,0.000000,0.980712,0.955044,0.032960,-0.032960,False
AH3GEAL2D3RSOPPT4PUQ3MZ3R7EQ,1951,9350,0.019818,0.000000,0.982198,0.958107,0.030665,-0.030665,False
AG2LCQRMFSI3UCJWGNYSMVO5IEQQ,1952,5320,0.019424,0.000000,0.982184,0.959075,0.040612,-0.040612,False
AFYBA6767QO3ATXOR26WHUPMORGQ,1953,9412,0.018237,0.000000,0.981795,0.957036,0.030598,-0.030598,False
AEULI4P6SFINICJFXKCJVXWHC3NA,1954,6774,0.020183,0.000000,0.982491,0.959126,0.035988,-0.035988,False
AFGY3YK4RQZUMMS4FF6WMVPHQQOA,1955,6168,0.019548,0.000000,0.982299,0.959075,0.037717,-0.037717,False
AG2Z52KWWDZM2TO3FNGVUSRXKAWA,1956,5154,0.018677,0.000000,0.982323,0.958107,0.041302,-0.041302,False
AHTFA4ASPZK2TI5UGDB4FQTRHCKA,1957,49972,0.018732,0.009368,0.981861,0.957087,0.013278,-0.004697,False
AEMH7TBMERUXIBCKJJHAIDY5EDJQ,1958,5164,0.018445,0.000000,0.981691,0.958056,0.041265,-0.041265,False
AF6BAP7PONMFFA5LTZZY7SN6ANDA,1959,53066,0.019659,0.010572,0.982139,0.956066,0.012899,-0.003236,False
AFIRPBGBYGKJJYHHK7ZEDBXP6FGQ,1960,8943,0.018114,0.000000,0.982145,0.960092,0.031290,-0.031290,False
AERDUT2WHMABWRNMPOCVXM7V5OVA,1961,5386,0.017615,0.000000,0.981672,0.957036,0.040448,-0.040448,False
AGWHH6O3SXS3YP745RRQEY6KVDVQ,1962,4780,0.019172,0.000000,0.981739,0.957036,0.042936,-0.042936,False
AHR6ZSCEZPV5IIYAPOECIMWJMZEA,1963,8294,0.018603,0.000000,0.981713,0.956015,0.032630,-0.032630,False
AFJ76HHRRYYJG5EHTQOAZTGCQOAQ,1964,8717,0.019534,0.000000,0.982134,0.958056,0.031760,-0.031760,False
AHPVH5MVTFKNQ4CYTSO36ONH4HEQ,1965,12106,0.018947,0.000000,0.982100,0.958056,0.026951,-0.026951,False
AFCUSTNVVB4VD3APWGRY2SDFDOAA,1966,15298,0.019477,0.002553,0.982658,0.961109,0.023899,-0.021541,False
AGM5FCX4USCM5NZBL7AZECFP4TRA,1967,6973,0.018090,0.000000,0.981311,0.956066,0.035585,-0.035585,False
AFN55664RRIV27YPQLPUG3YRWY4A,1968,5701,0.018614,0.000000,0.981888,0.958056,0.039273,-0.039273,False
AG3BQZPT2PGT2CV2T74JPBFZQB4A,1969,5265,0.019308,0.000000,0.981978,0.952997,0.041084,-0.041084,False
AF3CZAGAWB5FMPRDYJIB2LAQER7Q,1970,5517,0.018532,0.000000,0.981994,0.960143,0.039836,-0.039836,False
AF4SJRM4VGZYSTY54Q4K2AEABLGA,1971,6571,0.018265,0.000000,0.981382,0.958107,0.036579,-0.036579,False
AHXOZZ24EUCFZQ4UJMJAM3P2YMUQ,1972,25177,0.020244,0.007051,0.982281,0.959126,0.018667,-0.012181,False
AF7SHUWZHWXOG6ROPPRCJG7JASYA,1973,6135,0.018304,0.000000,0.981927,0.956066,0.037937,-0.037937,False
AEBZGHDUM42UUFQGH2ZEI5QUDJ6A,1974,6452,0.019036,0.000000,0.982633,0.959126,0.036876,-0.036876,False
AFFXXPJD6GY5N32VH3WRLLETXHKQ,1975,5942,0.018746,0.000000,0.982033,0.958107,0.038466,-0.038466,False
AH6W6KTFHPB36D7UR34G6BEUV6CQ,1976,7796,0.018806,0.000000,0.981413,0.959126,0.033547,-0.033547,False
AFHTB66WP5SJY33HN6OE54C6RDXQ,1977,6992,0.017054,0.000000,0.981220,0.957036,0.035500,-0.035500,False
AGTRTIJIHBZVKSNXJS5M3BNYECVQ,1978,11079,0.020974,0.001086,0.982632,0.960092,0.028112,-0.027111,False
AH736FR3FOS2Y64G5QQQ6JPPKAUA,1979,13314,0.019119,0.000977,0.982971,0.960143,0.025643,-0.024742,False
AHDLM7R2LUNV4NASNZDDK3WZ4FEQ,1980,4640,0.017241,0.000000,0.981035,0.956066,0.043623,-0.043623,False
AE4EVAQ7UC7KKJGWHLBHN4ZAXY2Q,1981,6906,0.018779,0.000000,0.982223,0.958107,0.035681,-0.035681,False
AFCMHYJTBQ6PGQWDCDWX2KP4GJ5Q,1982,10434,0.018631,0.000000,0.981573,0.957036,0.029061,-0.029061,False
AHFBYEZMBRSYTTHLR4IVF4OVME4A,1983,5301,0.016413,0.000000,0.980665,0.954021,0.040900,-0.040900,False
AGWX6SQBZEL3KTMSX4KFXFN6MQ4Q,1984,4221,0.018787,0.000000,0.981472,0.956066,0.045737,-0.045737,False
AFTUMJDQW4LZKXAPCB64N7R66REQ,1985,8306,0.016942,0.000000,0.982196,0.959126,0.032500,-0.032500,False
AG6PKNNRVSDAUZ3RCXHP7MHREZFQ,1986,6109,0.019145,0.000000,0.982246,0.960092,0.037858,-0.037858,False
AHBFB55VJ2743CUAPFVX4LHWYZFQ,1987,6244,0.020221,0.000000,0.981954,0.956066,0.037605,-0.037605,False
AFBKBWXSHQMW65V4VQMTLARY5G5A,1988,4916,0.017600,0.000000,0.981885,0.958056,0.042293,-0.042293,False
AEITW3SRFREQ2TVLTA7ESOBIENDA,1989,5798,0.020573,0.000000,0.982441,0.959126,0.038900,-0.038900,False
AEXE6DSTVGL4MNBOFEPICPJLNPKA,1990,13039,0.017784,0.000000,0.981720,0.956066,0.026023,-0.026023,False
AFMDKDPTKFZNV63MUQS6N6RTXG3Q,1991,5678,0.019649,0.000000,0.982437,0.959075,0.039311,-0.039311,False
AFG2PVZLQQCMIGV5C6FCNNRNYWNA,1992,6828,0.018210,0.000000,0.981995,0.958107,0.035884,-0.035884,False
AHCBGJEJ64FBE7XMJHXND6LAMPIA,1993,5328,0.019176,0.000000,0.981904,0.958107,0.040622,-0.040622,False
AGL3NO3YEF4FJKFVUSOYESOZYTQA,1994,5922,0.019387,0.000000,0.982529,0.958107,0.038531,-0.038531,False
AHGDVTFSAAIENYAIAZWJG427I3EA,1995,34482,0.018259,0.006986,0.981615,0.958056,0.015969,-0.009557,False
AH5IGKVPREWG5F3QK4AGFO4ZHTMA,1996,6216,0.017251,0.000000,0.981095,0.956066,0.037689,-0.037689,False
AGTWNYPUQHU7KPQHJQ74FJJWQA6A,1997,7534,0.018156,0.000000,0.981355,0.957087,0.034198,-0.034198,False
AEKOTHIOGYJJXLJY7XBZBEAWW5IQ,1998,10561,0.018901,0.000000,0.982566,0.959126,0.028823,-0.028823,False
AFU5DVHILPAGOOMK7QCVQJI7ELZQ,1999,5860,0.019142,0.000000,0.982425,0.958056,0.038737,-0.038737,False
AFS4R5CFAR5YLMH7GSJHMIBE6BMQ,2000,7230,0.019910,0.000000,0.982353,0.956066,0.034947,-0.034947,False
AEKAJQP5IWLMHGWCYH5XDRX4QOZA,2001,7513,0.018642,0.000000,0.981326,0.958056,0.034211,-0.034211,False
AET7LRH6MCYVFN4IELYHTGCRPE6Q,2002,6894,0.017010,0.000000,0.982030,0.955044,0.035826,-0.035826,False
AFE4VGX7IE642QV66ISXHCLEJ72Q,2003,7483,0.019689,0.000000,0.982080,0.959075,0.034243,-0.034243,False
AH46BCKSKE4RXYEI5Y6XQUCBCKHQ,2004,10003,0.019392,0.000000,0.982326,0.959075,0.029617,-0.029617,False
AGSZEKYLVNYPRYCYRZRKHXL2PSHQ,2005,6443,0.019363,0.000000,0.982322,0.957036,0.036982,-0.036982,False
AETU6ITSYPQHDV2VJCBWRLKFGYYQ,2006,54623,0.018688,0.009732,0.982234,0.959126,0.012674,-0.003721,False
AFBQL5VDQMWEILHC7JTV2G3T3QCQ,2007,11373,0.019601,0.000000,0.982420,0.958107,0.027804,-0.027804,False
AHIBPWWDWSLYAJHNE4DCSRZAO34Q,2008,5873,0.019243,0.000000,0.981972,0.958056,0.038694,-0.038694,False
AEH7RAIDBU7QALXTMWAA73PTL4JA,2009,180736,0.018888,0.013964,0.982084,0.956015,0.006990,0.005773,True
AHPVD7QJKTTNAYZ4PFGYTOOKFUZA,2010,11970,0.019741,0.000608,0.981736,0.956066,0.027160,-0.026604,False
AGJTKP2RZ6PKYQYHQD5RWTFCAN6A,2011,6201,0.018018,0.000000,0.981364,0.958107,0.037654,-0.037654,False
AEDGZN5OQEJNL26DU6HSVJP3XPGA,2012,3929,0.019091,0.000000,0.981739,0.955044,0.047457,-0.047457,False
AHMJQ6J5KZBSVRI4PGHCWXIYBSVQ,2013,11301,0.019285,0.000000,0.982332,0.959126,0.027863,-0.027863,False
AGNY74UEPE5T4CYNABHAAL62NGJA,2014,16712,0.019358,0.003165,0.982075,0.959126,0.022912,-0.020001,False
AFOKYQI6WRSAK3JX3FZIMUORMTGQ,2015,5731,0.017949,0.000000,0.981852,0.958107,0.039168,-0.039168,False
AGFJTDS3WBYUDS6YYUGUSTPS5CHA,2016,4687,0.018349,0.000000,0.981302,0.955044,0.043450,-0.043450,False
AGUYOGXDDUBFRS6KQ7VIVA43VVNQ,2017,8240,0.019508,0.000000,0.982231,0.959126,0.032630,-0.032630,False
AGLDFK6L3PSYP4RAS5XTJPWVS7FQ,2018,5835,0.019424,0.000000,0.982605,0.960143,0.038735,-0.038735,False
AEJAYH2QKEUOQTIHTLO7CS3N4KAQ,2019,5108,0.018041,0.000000,0.981827,0.958056,0.041490,-0.041490,False
AF54E46D5UB7ATY4RUYY7DZIE7QQ,2020,6999,0.019210,0.000000,0.981978,0.956066,0.035519,-0.035519,False
AHIVOEPP5OY7GCRETCWT5EQF7GRQ,2021,5509,0.018380,0.000000,0.981222,0.958107,0.039949,-0.039949,False
AEQHIVYS4WSENWROXLUYDDV52QQQ,2022,6758,0.019344,0.000000,0.982572,0.958107,0.036069,-0.036069,False
AFZGTA2DJG652ZHZNYSNRPAJG2GQ,2023,6712,0.020594,0.000000,0.982485,0.958056,0.036195,-0.036195,False
AFEFHGLDYMHLUOZMAKMO63OQ4O4A,2024,5332,0.018608,0.000000,0.981890,0.957087,0.040650,-0.040650,False
AHGAZLFSLXF427HSFBTRKF6J5UOQ,2025,10754,0.019510,0.000000,0.982337,0.959075,0.028564,-0.028564,False
AH2M2JDJDLEELUZZK26TQWCRXDUQ,2026,6544,0.017276,0.000000,0.982293,0.958107,0.036654,-0.036654,False
AFXG46EOLSQWTNDZVGACNKPY6FBQ,2027,16815,0.018759,0.002616,0.981710,0.958107,0.022866,-0.020465,False
AFVIFBQRIO5EV3XIYYHVIBCKSQOA,2028,9549,0.020261,0.000000,0.982531,0.959126,0.030311,-0.030311,False
AE23NZUELB4BYWLHKWJXAS73PTSQ,2029,26625,0.019193,0.006364,0.981848,0.958107,0.018172,-0.012330,False
AEXCRWZRJLGRZPCVD3YGA5QMMVKQ,2030,8074,0.017707,0.000000,0.982260,0.958056,0.033001,-0.033001,False
AGT6E6L72BKLEEJGX4MPM2BW5IDA,2031,15533,0.018240,0.001444,0.981956,0.957036,0.023818,-0.022495,False
AEHZBUFEOW4TY3K4IYFFR5ZU5B3Q,2032,44140,0.018457,0.008494,0.981656,0.958056,0.014114,-0.006318,False
AF23G463PQARWNZSXZQZFCNRFNNQ,2033,7698,0.017987,0.000000,0.982055,0.957087,0.033831,-0.033831,False
AEMHQN774P5NDQE4HTZQGNH33DUA,2034,8678,0.019231,0.000000,0.982162,0.958107,0.031830,-0.031830,False
AHKPULDR6GRWXHPI7NFSGOJSORCA,2035,6120,0.018975,0.000000,0.982306,0.960143,0.037822,-0.037822,False
AGHH6TIHULUOEPCFC2UXZCWKZT4Q,2036,8162,0.019319,0.000000,0.982359,0.958107,0.032821,-0.032821,False
AFYXFMSPOQPZCETOYAM3Z4RXDI7Q,2037,5017,0.017151,0.000000,0.981144,0.956066,0.041952,-0.041952,False
AFGSQ5BSAABOI3U6EISFYY36GDPQ,2038,4038,0.016800,0.000000,0.980401,0.956015,0.046764,-0.046764,False
AG3Z6KI55YOIHANOCATVJMQB6AIA,2039,11554,0.017379,0.000000,0.981234,0.959075,0.027558,-0.027558,False
AFSOTCSSXV222SS4GJEDMDXVBVZA,2040,5902,0.017988,0.000000,0.981498,0.957087,0.038638,-0.038638,False
AHNDRGDP4AR4B7GKGU3SEJP2YCUA,2041,10476,0.018648,0.000000,0.981950,0.958107,0.028970,-0.028970,False
AFP43DMRT5KF2VSPUYQ7VDP5FQVQ,2042,15083,0.019329,0.002284,0.982412,0.960092,0.024094,-0.021988,False
AF43BDFHZRMABFFB57FXB5RVIXAA,2043,9536,0.018679,0.000000,0.982297,0.959075,0.030334,-0.030334,False
AHMG3ALUBE3FEBHODTBHP5J24YDA,2044,6752,0.019173,0.000000,0.982499,0.958056,0.036087,-0.036087,False
AHVEKNHP5YYEYVLWQSPBDLE2GUYQ,2045,32535,0.017557,0.005952,0.981644,0.958056,0.016440,-0.010977,False
AGUREQYPLUPVADJ46BNP2KHJT4CA,2046,28007,0.020042,0.007534,0.982490,0.959126,0.017699,-0.010769,False
AFUWDOFADAGPN2ZIZKIS453IVBIQ,2047,6009,0.019244,0.000000,0.982128,0.956066,0.038333,-0.038333,False
AFBNJCYVOQ6EX2FXLP37A2K4WJ2A,2048,21343,0.019108,0.004779,0.982214,0.959126,0.020275,-0.015878,False
AGX7PWZWK7GLPJPHIKNI4AQSSW3Q,2049,7237,0.017544,0.000000,0.981224,0.958107,0.034855,-0.034855,False
AHNMPBI327EOW3J2G7EY2PHVPZLA,2050,5629,0.018855,0.000000,0.981886,0.957087,0.039563,-0.039563,False
AHTJ5KL3HAI5QMHSVCIAZUVK47IQ,2051,4751,0.019132,0.000000,0.982233,0.957087,0.043064,-0.043064,False
AHZAEFKBL4KUA5QSEAJRANLBKJJA,2052,5658,0.018868,0.000000,0.982441,0.959075,0.039380,-0.039380,False
AFX75C3ZAE2NW474FKDCYCHNM3LQ,2053,16572,0.018551,0.002289,0.982175,0.960143,0.022985,-0.020874,False
AGNVJOLG6BEJWVHA7DZ2W6KVD3IA,2054,5612,0.018482,0.000000,0.981696,0.958107,0.039581,-0.039581,False
AEMMJOZ6MN462IVHK6GDTN2OWT6Q,2055,5681,0.016667,0.000000,0.980081,0.955044,0.039466,-0.039466,False
AGOTQJS3QBTH2PNPRLVQSQ4ZVPSA,2056,10814,0.016484,0.000000,0.981961,0.955044,0.028605,-0.028605,False
AH645HV55R4NRLSSGUMWHGIZQ7MQ,2057,5517,0.020078,0.000000,0.982192,0.959126,0.039878,-0.039878,False
AFEFYWKLBMMNZLML4322HXASDY5Q,2058,18285,0.018766,0.003285,0.982416,0.959075,0.021906,-0.018884,False
AE5MYIUHLA3BAMM2MFJXJQN6UPRQ,2059,35331,0.016996,0.005859,0.981273,0.956066,0.015809,-0.010453,False
AE2HPHSU7NQORN4TZFCDCSLZV7CQ,2060,5271,0.017397,0.000000,0.981352,0.958107,0.040841,-0.040841,False
AGUZIRNJXRWDW42Y6CFVVYV3XLDA,2061,9428,0.019839,0.000000,0.982418,0.959075,0.030507,-0.030507,False
AF77WIID7TAGOWST2NGGZQIRMEOA,2062,24593,0.020619,0.007270,0.982627,0.960143,0.018868,-0.012166,False
AEUPGVS25SRCGTJDEU7ZZR4PLQTA,2063,6601,0.016507,0.000000,0.980984,0.956066,0.036574,-0.036574,False
AH4L6APZD375POUGVMK4UYDK5OJQ,2064,4157,0.018453,0.000000,0.982007,0.959075,0.045943,-0.045943,False
AF43ICLBXTCEJQ5VYEXTTRE4PPHA,2065,6034,0.016949,0.000000,0.981499,0.959075,0.038133,-0.038133,False
AE7ZKGE2DPSHLHF32BT7ME7R563A,2066,3814,0.017544,0.000000,0.981004,0.956066,0.048115,-0.048115,False
AEADNHGME5X3LCENGISLQP7IYPLA,2067,8686,0.020390,0.000000,0.982530,0.960092,0.031750,-0.031750,False
AGRCXV4NM763VGZGD6BQ2VGNCJNA,2068,26623,0.019655,0.006825,0.981608,0.957036,0.018193,-0.011942,False
AHGPVOMFLP3B2J4PEVQZYN53U7WQ,2069,5204,0.017445,0.000000,0.980654,0.955044,0.041235,-0.041235,False
AFINFIT7EFE5RFVRUECSDDEWU6IA,2070,8224,0.017682,0.000000,0.981761,0.957036,0.032733,-0.032733,False
AGJKZ4ODPJ42XOXCBRBY6JLYILLA,2071,5285,0.018453,0.000000,0.981320,0.953970,0.040964,-0.040964,False
AEURYORXQ4THF56CV3JBGWTCIPGQ,2072,5417,0.017968,0.000000,0.981470,0.958056,0.040289,-0.040289,False
AHFGCYK6JXYXSTJFMC2FF7R3IXFQ,2073,12068,0.020101,0.001045,0.982195,0.960143,0.026934,-0.025971,False
AEWJY37OGM234E5CVFSXPM2MJYPQ,2074,4716,0.018983,0.000000,0.981489,0.957087,0.043224,-0.043224,False
AGD4PHFQFZ3D7CQ5PWIDCVX74ZYQ,2075,15428,0.018652,0.001799,0.982089,0.960092,0.023823,-0.022165,False
AE3CPW5S56VZJEQR6IFNX7WNQ2OQ,2076,7246,0.019499,0.000000,0.982235,0.958056,0.034835,-0.034835,False
AGWK5TRRULB7JGEHV6EM7D7JAU4Q,2077,16150,0.018999,0.002527,0.982477,0.959075,0.023309,-0.020985,False
AEH2Q24C74EEOEZZPSLVLR5ZRUOQ,2078,6833,0.019406,0.000000,0.982370,0.958107,0.035871,-0.035871,False
AE2NVW4KBIH3KX2BNLI73EIXWLLQ,2079,7488,0.018154,0.000000,0.981638,0.958005,0.034270,-0.034270,False
AH2IVA4E3XWUVEN2VFNZ3PNHB6FA,2080,5445,0.018493,0.000000,0.981812,0.958107,0.040184,-0.040184,False
AE3R6BFCJCJR2UEVQOWJIH2RGZUA,2081,6741,0.018446,0.000000,0.981908,0.958107,0.036115,-0.036115,False
AHQFIH3CQJ5XL6LNUGMKZKEXK47Q,2082,5640,0.018717,0.000000,0.981903,0.959075,0.039443,-0.039443,False
AESH4UBOA6VWZ36CIYMP4JVYPOLA,2083,5393,0.018507,0.000000,0.981915,0.959126,0.040334,-0.040334,False
AGI23OO7W75HK7RBFDU7XCVMBHRA,2084,8147,0.018645,0.000000,0.981947,0.959126,0.032816,-0.032816,False
AH4QDXAQ7DM5K24NANQ3KW2YZCZA,2085,5765,0.018293,0.000000,0.982729,0.959126,0.039011,-0.039011,False
AFW36RMWRTV7OWBDGSOSZSUIGELA,2086,5794,0.018617,0.000000,0.981935,0.956066,0.039038,-0.039038,False
AGSYWLPDRPAHVHKQ7W722ZFI5BTQ,2087,5892,0.019455,0.000000,0.982479,0.957036,0.038672,-0.038672,False
AGISDCISVLO3JAB6KU6SEM444QBQ,2088,6042,0.018552,0.000000,0.981427,0.956066,0.038228,-0.038228,False
AEFLJ44YE4GTJNXRJNWEVB4BPBGA,2089,22543,0.019022,0.005080,0.982522,0.959126,0.019728,-0.015055,False
AGVU67A5T33P37BNRW2Y4UPOWYVQ,2090,9702,0.019541,0.000000,0.981835,0.957087,0.030136,-0.030136,False
AGAYVC3Q7SCOHDCBLYQPUK3VGQYA,2091,9365,0.019283,0.000000,0.982011,0.959126,0.030608,-0.030608,False
AHVXGKLXRHIGF526AXHULCZS4FYQ,2092,7344,0.018670,0.000000,0.981753,0.958056,0.034602,-0.034602,False
AFT7XZWH2HIIFWF7SPYTL3PSLJAA,2093,5257,0.017581,0.000000,0.981445,0.957036,0.040942,-0.040942,False
AHJDCIN74QUWW2WWLEKU6HXTRZIA,2094,6408,0.019790,0.000000,0.982425,0.959075,0.037004,-0.037004,False
AEXGISIVX7WBUNI7UHHERVB3DF7Q,2095,14028,0.018014,0.000339,0.982105,0.957087,0.025062,-0.024751,False
AGI6YCJPJXN632RE2AIFQ7SA55UA,2096,4640,0.018039,0.000000,0.982191,0.959075,0.043486,-0.043486,False
AFWBM3XXYYDKONNZWYBFEZGN4PUA,2097,4993,0.018342,0.000000,0.981543,0.957087,0.042008,-0.042008,False
AFKSID3IJE4NMLXBF4UZBD2XS75A,2098,7677,0.020054,0.000000,0.982474,0.958107,0.033842,-0.033842,False
AFSYMONH73DKQ7MKQPZVDAIRNSHQ,2099,6474,0.018246,0.000000,0.981885,0.958056,0.036854,-0.036854,False
AFB463FV6UCRDUS2BV43ID776UCQ,2100,4840,0.018197,0.000000,0.981409,0.958056,0.042623,-0.042623,False
AFTZWAK3ZHAPCNSOT5GCKQDECBTQ,2101,15397,0.018093,0.001222,0.981839,0.958056,0.023897,-0.022776,False
AESEHBT3JQXLRKIR53OCZH3P7WAQ,2102,10863,0.018043,0.000000,0.982005,0.958107,0.028449,-0.028449,False
AGDGF3JQEBAIWJTYZ4JJXECGIS4Q,2103,9650,0.018225,0.000000,0.982218,0.957036,0.030218,-0.030218,False
AENGGJFDKQ2NVKLH5AASUYFZMXXQ,2104,7623,0.018687,0.000000,0.981937,0.957036,0.033999,-0.033999,False
AGRVLJUZPVWLC3AIHHTL4TLDL7IA,2105,5704,0.017824,0.000000,0.981186,0.957036,0.039305,-0.039305,False
AGBXCFLD75PW2V5JISYE3NKE7TKA,2106,4116,0.018288,0.000000,0.981308,0.956066,0.046316,-0.046316,False
AG5ME42II6XQNYRFBTGSPRH6OSBA,2107,7105,0.019774,0.000000,0.982178,0.959075,0.035142,-0.035142,False
AENRY5O66WAAZIZDQQINVD3PLFZA,2108,11414,0.018895,0.000000,0.982143,0.958107,0.027754,-0.027754,False
AGOVWHWEHB2MT55YUMFKBU2MCSSQ,2109,16669,0.018399,0.002186,0.982117,0.958107,0.022966,-0.020960,False
AGILWMVFZCVGKZQWAUEN6XYRFPJQ,2110,3937,0.017530,0.000000,0.980789,0.956066,0.047358,-0.047358,False
AHJNW3RHHFQUH6I7FECKWHRC44HQ,2111,38410,0.018198,0.007517,0.982263,0.960143,0.015097,-0.008168,False
AEUKAPRTGFNNOHLUKOQXBYOPOIXQ,2112,4729,0.018882,0.000000,0.981403,0.957036,0.043167,-0.043167,False
AED3HJLTUSJQBBK6H6726ARBBH6Q,2113,18228,0.018668,0.003163,0.982339,0.960143,0.021916,-0.019000,False
AE6G64ZJUAFLSNHPZSGGEEKYTFGQ,2114,5198,0.019444,0.000000,0.982175,0.956015,0.041217,-0.041217,False
AEZP4MEPLS6JWVV24LLVBVZXMSNA,2115,18208,0.018917,0.003404,0.982292,0.959126,0.021951,-0.018820,False
AFNNDWDCDX6GZG7NMFSAHO526WNQ,2116,5674,0.018519,0.000000,0.981664,0.957036,0.039408,-0.039408,False
AEQCRXKRQ2CQ56HCJUQHHQD5RPSA,2117,6386,0.019518,0.000000,0.982427,0.960143,0.037026,-0.037026,False
AEFX6HLMILKKZQ6UOAGIINMLKXGA,2118,4969,0.018246,0.000000,0.981010,0.954021,0.042244,-0.042244,False
AG7A3O55CZYL7FOM7QCRVXVP3IDA,2119,4356,0.016820,0.000000,0.980310,0.954993,0.045073,-0.045073,False
AFPIOO2UG44UOTC46QKKSHX4SGWQ,2120,6980,0.019429,0.000000,0.982038,0.958107,0.035491,-0.035491,False
AF7R4OC3YUOI77VS55Y3B3XSN2OQ,2121,11595,0.018490,0.000000,0.981277,0.959126,0.027507,-0.027507,False
AG3XXUIZ3QUAZJWYZZGCELHTAFXQ,2122,5643,0.018170,0.000000,0.982038,0.958107,0.039472,-0.039472,False
AGBGZZ2UQZVNJE5J2FQD27BN5TRQ,2123,5515,0.018925,0.000000,0.982042,0.960143,0.039843,-0.039843,False
AF4OKXGGDYYQFGZDWKQBU6RXEWAA,2124,7124,0.018757,0.000000,0.981682,0.958107,0.035131,-0.035131,False
AGMYHXQI54TNRM34W7SIRAZ2LPNA,2125,6634,0.019183,0.000000,0.981915,0.958107,0.036405,-0.036405,False
AFUAKR7T37ENPSFCNQFHAAWRCVLQ,2126,48081,0.019631,0.010084,0.982075,0.958107,0.013523,-0.004266,False
AFO6T767OXV24YU65XUACO4O6DJQ,2127,13507,0.019160,0.001148,0.981813,0.957036,0.025542,-0.024491,False
AFATNFWGYVVMEZWGDNLDUXRBRFLQ,2128,8430,0.019211,0.000000,0.982410,0.959126,0.032261,-0.032261,False
AECG2F34PVCOVKTTSHEAZLI7SHTQ,2129,8851,0.019578,0.000000,0.982648,0.959075,0.031486,-0.031486,False
AGE3JQYTMBQARXIVWFQG62YSHOSQ,2130,4476,0.017228,0.000000,0.980507,0.954021,0.044510,-0.044510,False
AFQVCWWD7BEUS6YTHTDLCTLWFIBA,2131,13820,0.018336,0.000530,0.981185,0.956066,0.025277,-0.024792,False
AEJOYSPMLMXZBI7F4XP2LF2TK3CQ,2132,5864,0.018480,0.000000,0.981974,0.959075,0.038682,-0.038682,False
AG4NCQHIFFYHXXDZEYE4PEFVA5DQ,2133,8565,0.016418,0.000000,0.981075,0.956066,0.032108,-0.032108,False
AF7BG2NE2SR2QAXCRW7TKYFW5I6A,2134,7993,0.020241,0.000000,0.982481,0.958107,0.033166,-0.033166,False
AG2LPAOPEDJQZBIZX65L7QVSAHDA,2135,3783,0.016740,0.000000,0.981269,0.957087,0.048260,-0.048260,False
AE7ONXWBLUX652N6OQUSJSL653GQ,2136,8272,0.019853,0.000000,0.982669,0.960143,0.032533,-0.032533,False
AFCMONQZTRUTDG6AETEXBRVA47IQ,2137,22034,0.019521,0.005419,0.982279,0.959126,0.019954,-0.014970,False
AFRWPHO6IL5LW4RGGHBM23HHDMFA,2138,7735,0.017967,0.000000,0.982076,0.957087,0.033750,-0.033750,False
AEYEUF2RKNRZHFQONGVF7SHZKWJA,2139,6264,0.018983,0.000000,0.981879,0.959075,0.037427,-0.037427,False
AER6II7VS3FHCWLZZTNXHXBZCMEA,2140,5735,0.017063,0.000000,0.982029,0.958107,0.039154,-0.039154,False
AE6H2P47PDD47Q4KJAPDHKTVTAWQ,2141,6932,0.019293,0.000000,0.982221,0.958107,0.035614,-0.035614,False
AHJZPHBEQY7LOHJN56LUBYXGOWSQ,2142,10673,0.017955,0.000000,0.982032,0.960143,0.028641,-0.028641,False
AGI7Q34LZXOCFJ5HKAPWQOJTRQSQ,2143,4140,0.018601,0.000000,0.981262,0.956066,0.046182,-0.046182,False
AHSGFDWZPO4EBZXPA4ONTLKFWETA,2144,7201,0.019527,0.000000,0.981746,0.957087,0.034979,-0.034979,False
AFQQQ5LGNSQUEBGDCYBAZZE5T3DA,2145,3629,0.018787,0.000000,0.980048,0.957087,0.049274,-0.049274,False
AGCTA5FTMXTM42RIG3JUZCYJ3XSQ,2146,4081,0.019324,0.000000,0.981711,0.958056,0.046418,-0.046418,False
AF2VHDDPCPACXHHN7B6TTAFSPYOQ,2147,5256,0.019157,0.000000,0.982207,0.957036,0.040945,-0.040945,False
AEMRDONNNZBO5PQ2HEFXCB6HREDQ,2148,4781,0.018363,0.000000,0.981326,0.955044,0.043021,-0.043021,False
AGGLWPPVEYPUYVDVXWNRACAQIPAA,2149,4417,0.017766,0.000000,0.982035,0.957087,0.044663,-0.044663,False
AEMGLNAYIQXYCL5QC222GDNFOQMA,2150,7175,0.018405,0.000000,0.982071,0.959126,0.034968,-0.034968,False
AEWYJHC343CEBQA4D2NYEXWEMMBA,2151,10058,0.018721,0.000000,0.981939,0.958107,0.029566,-0.029566,False
AFLBMDZDIPCHMWWA7CXQXITPBJKA,2152,10014,0.017732,0.000000,0.981913,0.958056,0.029632,-0.029632,False
AGBW6HQDAQNXGB6XOXYEC6KMWSZQ,2153,5887,0.018711,0.000000,0.981277,0.956066,0.038728,-0.038728,False
AGQDXR3ZO6DYGPTJ22BGNKM6CZCQ,2154,6092,0.019139,0.000000,0.981994,0.956066,0.038071,-0.038071,False
AEBPXYZA7YGK5FLY5IC5XQ2RV34Q,2155,7184,0.017988,0.000000,0.982552,0.959126,0.034946,-0.034946,False
AHIWNCZZSLPVVHPPLCTJPLWTG7KQ,2156,5986,0.020014,0.000000,0.982453,0.959126,0.038284,-0.038284,False
AFNY23C57HU5NMYS5T37EX2RNI3A,2157,5603,0.017968,0.000000,0.981056,0.955044,0.039740,-0.039740,False
AEQHM6Y3TY5VYFG6SHGGXUA4XWCA,2158,6355,0.018440,0.000000,0.982076,0.957087,0.037235,-0.037235,False
AGCPEDYIF2QXKNLBIOOEKEHJ5V2A,2159,7220,0.017497,0.000000,0.981835,0.957087,0.034933,-0.034933,False
AFQJOI3SFAS5PBT2QVK5NYBW26TA,2160,7507,0.018191,0.000000,0.981373,0.958107,0.034223,-0.034223,False
AHOTRV7O3LMRFLM3D3AFTMUZQZUA,2161,10276,0.019798,0.000000,0.982056,0.959075,0.029221,-0.029221,False
AFKOZVHBJBVDHY7BNYKA25EIUCUA,2162,4178,0.017442,0.000000,0.981995,0.959126,0.045825,-0.045825,False
AGEJ7CYCLW75IWZY3M74MRFW3CYQ,2163,5897,0.018349,0.000000,0.982076,0.957036,0.038656,-0.038656,False
AFU3OZVM7DT5BYNOSENWS5AF7D3Q,2164,13452,0.018316,0.000267,0.981805,0.958107,0.025565,-0.025320,False
AFRHXT7JQYG6KQYNQ52DAVG2J4CQ,2165,4123,0.016381,0.000000,0.980802,0.957036,0.046230,-0.046230,False
AEKES7KPH7KJ4KKJKT7A7A4V5ZVA,2166,4885,0.018298,0.000000,0.981505,0.958107,0.042424,-0.042424,False
AFXFMZLAUHOG5OZQ47Q3X4OY55SQ,2167,5980,0.018801,0.000000,0.981741,0.954993,0.038469,-0.038469,False
AEBXCJZAQ577RFWTGV3LOU5I55NQ,2168,4713,0.017829,0.000000,0.981495,0.957087,0.043238,-0.043238,False
AH7D6JEGJBPOOYTEI6P2CLXMKNCQ,2169,7753,0.017935,0.000000,0.981782,0.958107,0.033675,-0.033675,False
AGW5RTGKZVYINWJK7KO7JCL45QBA,2170,6042,0.018430,0.000000,0.981813,0.958056,0.038149,-0.038149,False
AEOTWG667CGEIHYH33COIX53Y25Q,2171,11770,0.018736,0.000000,0.982522,0.958107,0.027331,-0.027331,False
AGZANVLLZFFMIRWCE4VTLEFK2ICA,2172,6826,0.019370,0.000000,0.982213,0.959075,0.035853,-0.035853,False
AFV22WB4XLGDNPIAQXH5LNSO4K4Q,2173,7869,0.019376,0.000000,0.982362,0.958107,0.033426,-0.033426,False
AHZT5X5DWMOS44PEHTQ555CMBFKA,2174,4502,0.016272,0.000000,0.980885,0.955044,0.044334,-0.044334,False
AFIIJTKBYPZW47HFORMJHZYVQIDA,2175,6391,0.019868,0.000000,0.981887,0.957087,0.037130,-0.037130,False
AE2ISZUYUETFXQQU3GLBP46OEPTA,2176,8341,0.017674,0.000000,0.981557,0.958107,0.032467,-0.032467,False
AF3ZPSVGI7TKJLMLH5C7PR36TE4Q,2177,7683,0.020085,0.000000,0.982634,0.960143,0.033757,-0.033757,False
AECTQQX663PTF5UQ2RA5TUL3BXVQ,2178,14079,0.019680,0.002038,0.982444,0.959126,0.024963,-0.023088,False
AHBLQCK2VAXLH7YTETLY3R5NMFZQ,2179,5065,0.019481,0.000000,0.982307,0.958107,0.041664,-0.041664,False
AEQQOEWHVJBBERGEYUTCTLY57ZMA,2180,7504,0.019959,0.000000,0.982555,0.960143,0.034157,-0.034157,False
AGVPTOCMRGSG6VLDI63SYQRPHXDA,2181,5389,0.018468,0.000000,0.981494,0.958056,0.040394,-0.040394,False
AF6SH3CW7RGUQCQF3P3EHSTIBQKQ,2182,22681,0.019886,0.005987,0.982553,0.958056,0.019690,-0.014195,False
AELWQN5ALO4SNKDDGYXQOO5OAESQ,2183,11076,0.019732,0.000000,0.982381,0.958107,0.028174,-0.028174,False
AEDJRZNH4XDXHVSXYQOBNR4X2PAA,2184,5352,0.019342,0.000000,0.982079,0.959126,0.040488,-0.040488,False
AFWKPVOLEYTBZNW6FRJ4C4VJ76DA,2185,7310,0.018182,0.000000,0.982231,0.958056,0.034683,-0.034683,False
AH6XPUYACXKVDBFK4IV324V6UDZA,2186,7480,0.019629,0.000000,0.981928,0.958107,0.034284,-0.034284,False
AFIV4IDDEDQJGWIH4QOPVXBM4RUA,2187,6939,0.020188,0.000000,0.982446,0.959126,0.035558,-0.035558,False
AFJGIE7UPS7Z37UWF4OIBCHXEQLQ,2188,8054,0.018471,0.000000,0.981306,0.955044,0.033146,-0.033146,False
AHPJXSLDL4ZFGJEGEURFUAMZYVGA,2189,4997,0.018237,0.000000,0.981233,0.957087,0.041991,-0.041991,False
AEKS4KRTVTUVDTWF5AE5JDKARA3Q,2190,6220,0.018229,0.000000,0.981536,0.958056,0.037599,-0.037599,False
AFQ6DFTKAWHJTOBWJSBOCNLZH6QQ,2191,11552,0.019150,0.000000,0.982470,0.957087,0.027617,-0.027617,False
AFLOM6HXIM7CJECSEUDVO4I3JXBA,2192,24824,0.019800,0.006514,0.982129,0.958056,0.018821,-0.012841,False
AET3GRVVMHEXRXTSBFFWSY3HQEMQ,2193,6083,0.019595,0.000000,0.982592,0.959126,0.037978,-0.037978,False
AET6PG7VY34KJDBH2U2C2FHJL4TQ,2194,7622,0.017469,0.000000,0.981481,0.957087,0.034000,-0.034000,False
AHWLAJMDMMY3U64I5ISWYBVE3S7Q,2195,14258,0.019836,0.002305,0.982717,0.958107,0.024832,-0.022716,False
AHSJLMX6XBUJSJ4HKZQ7TXSMAA5Q,2196,6659,0.019436,0.000000,0.982066,0.958107,0.036336,-0.036336,False
AFX4KLMEDBLOCTDCNSG6HL73R6ZQ,2197,10845,0.020733,0.000632,0.982512,0.960092,0.028414,-0.027832,False
AHKTG5BKQKQSQZQZ63KNM7L53EYA,2198,7613,0.017745,0.000000,0.981820,0.958107,0.033984,-0.033984,False
AERDQD3WFTSIGCSDF6GGFCF5PPVA,2199,21032,0.019728,0.005293,0.982159,0.957087,0.020468,-0.015619,False
AF4G7X5CE2VHHBTTPM3Y22QUCZ2Q,2200,5572,0.017042,0.000000,0.981276,0.956066,0.039808,-0.039808,False
AGK7DEPABLFQZEYK6ZY4MD7EW53Q,2201,17165,0.018343,0.002365,0.981508,0.957087,0.022656,-0.020490,False
AGOVLTNJALUJABLGZQTK6HUCKIKA,2202,6066,0.019795,0.000000,0.982645,0.960092,0.037992,-0.037992,False
AGWDLG2MSBLD5247MVETEVYXK6WA,2203,5301,0.018923,0.000000,0.982042,0.958107,0.040726,-0.040726,False
AHKSGEBEMDMPRIRPKPMILMO3DDSQ,2204,4920,0.019320,0.000000,0.981282,0.957087,0.042318,-0.042318,False
AHNKWCHSFDBX35B3EY6HNRBM5KNA,2205,12767,0.017953,0.000000,0.981948,0.958107,0.026242,-0.026242,False
AE5VT32F7URDDGWM4KOVJ4LLBASQ,2206,38499,0.019351,0.008682,0.982215,0.958056,0.015113,-0.007144,False
AEEHTDVCZHZ5G5YD37LJK3JPTOGA,2207,11586,0.018638,0.000000,0.981861,0.958107,0.027547,-0.027547,False
AECL7JJZHWTNAN2RWAMJEVUQSVLQ,2208,5149,0.018685,0.000000,0.981499,0.958056,0.041325,-0.041325,False
AGIDJMSMKVJIHG23IYLC7OX5NG4A,2209,19606,0.018459,0.003509,0.981564,0.955044,0.021244,-0.018044,False
AEMDRXCB2CEAHDULSQBPKETWRCIA,2210,4626,0.019560,0.000000,0.982471,0.958107,0.043596,-0.043596,False
AGDHEVKQUYELZMDFFGG5UZF66JFA,2211,9041,0.017956,0.000000,0.982292,0.958107,0.031185,-0.031185,False
AHDXQCPXT6VYDEEZORX32ZIS5ZHQ,2212,11292,0.019713,0.000013,0.982607,0.959126,0.027874,-0.027862,False
AFFISBC4NXQ7B3S6ZYXBEMUVEMTQ,2213,7969,0.019782,0.000000,0.982618,0.958005,0.033219,-0.033219,False
AHNS4IA3FTAYFENRMTJJ2XAKO7JQ,2214,17302,0.017628,0.001714,0.981483,0.957087,0.022566,-0.020996,False
AGZ2SJY5T7K22CPGLYIFZBBRTBXA,2215,8770,0.019526,0.000000,0.982234,0.960143,0.031596,-0.031596,False
AHRFTKKYKME7JFAYLW6GEGOAGKEQ,2216,7669,0.018078,0.000000,0.982066,0.958056,0.033861,-0.033861,False
AEFELZWGKCM4FWBKEETRCVWKUYGA,2217,7839,0.017849,0.000000,0.982119,0.959075,0.033456,-0.033456,False
AHLJJBY3MKF2NDJ56A2CDW2V52PQ,2218,7038,0.019254,0.000000,0.982847,0.958107,0.035345,-0.035345,False
AEGXVCKJYG6A7ZIDP4MNR45XSKVQ,2219,16673,0.018148,0.001937,0.982083,0.960092,0.022916,-0.021131,False
AEAUDYX2GGJJYZ5GLKTG3UESI7WQ,2220,5289,0.019665,0.000000,0.981945,0.958107,0.040772,-0.040772,False
AERILPVOZA5OUHF3XWFWFB7EV6KQ,2221,5462,0.018881,0.000000,0.981853,0.959126,0.040078,-0.040078,False
AEA7GX2M4IUP4OTI7VFQ5QW35MGA,2222,6505,0.017847,0.000000,0.981467,0.957087,0.036803,-0.036803,False
AHT5JNOJYQIE43OCNK2FY3I2P3GQ,2223,8250,0.018904,0.000000,0.982071,0.959126,0.032611,-0.032611,False
AEZ46SSKY4A7ESP3QNEZQRLA2Y5Q,2224,6651,0.019608,0.000000,0.982510,0.960143,0.036281,-0.036281,False
AHL47FCIM5NLRK4WSKMZL324GQLA,2225,11633,0.019361,0.000000,0.982064,0.959075,0.027464,-0.027464,False
AGMNCSMEST5JWV7BQF3GN56FRORA,2226,5596,0.019359,0.000000,0.981474,0.958107,0.039638,-0.039638,False
AE6ZY3SJW5ATJ6TR3R6HZQKB3FWA,2227,4282,0.017692,0.000000,0.981714,0.959075,0.045267,-0.045267,False
AF4QNP7565O67RE7CFPRZBS5D6LA,2228,33626,0.018910,0.007494,0.982032,0.959126,0.016153,-0.009259,False
AFDDELZUNQV2UKYDUHJ27QW3IBLA,2229,15817,0.018391,0.001746,0.981635,0.959075,0.023553,-0.021947,False
AF6AHZOP3ARBRLR7M7BAFEYHMHDA,2230,6864,0.018617,0.000000,0.982266,0.960143,0.035714,-0.035714,False
AE2CSDOAQ3A3NNNHJPOYKXLUAOVQ,2231,8474,0.017749,0.000000,0.980898,0.958056,0.032213,-0.032213,False
AEPI4GPTILJZJGJHEPW57KTA53TA,2232,4648,0.018212,0.000000,0.980936,0.958005,0.043497,-0.043497,False
AHL4DUQINPGMLDA37BT7ATAETDEA,2233,24527,0.019681,0.006315,0.982016,0.955044,0.018994,-0.013234,False
AHPNEEABM5OSDMOU67FIV5767RUQ,2234,17947,0.019445,0.003819,0.981795,0.958107,0.022134,-0.018628,False
AHDBQ7V6POIUED7PH5WZNISK4M7Q,2235,9316,0.018390,0.000000,0.981540,0.957087,0.030754,-0.030754,False
AFAZOFYCJDB4GHEW7TXEEYSP3TXA,2236,7722,0.020447,0.000000,0.981887,0.958056,0.033745,-0.033745,False
AEBIJ7QM7KYDN6KY4ESFLIPGCJBQ,2237,3693,0.017717,0.000000,0.980947,0.956066,0.048897,-0.048897,False
AG2XHVLDSJXRCWTFNXKHL7B5KS3A,2238,7540,0.016996,0.000000,0.981854,0.957087,0.034184,-0.034184,False
AEZUHJ6LZS4UZMCMZXUIQW4FFUZQ,2239,9801,0.019322,0.000000,0.981653,0.957087,0.029983,-0.029983,False
AFLNZ43COHJWS2PKMQHVOIM6FYEQ,2240,11647,0.017790,0.000000,0.982300,0.959075,0.027447,-0.027447,False
AGWKXOM5YQMBGMUEXDQSWFMWHEQA,2241,5271,0.018685,0.000000,0.981552,0.959126,0.040798,-0.040798,False
AELU7VBQWQH7VMYK6Q3CIU5C43RQ,2242,22557,0.019820,0.005882,0.982315,0.960143,0.019701,-0.014278,False
AEMPTSYMS4DJSHZ6NQVAHOXJLJCQ,2243,6052,0.018053,0.000000,0.981510,0.958005,0.038119,-0.038119,False
AEONEZTJSCG744Y6IYFJPBAYRPUA,2244,7375,0.019402,0.000000,0.982067,0.958107,0.034528,-0.034528,False
AEWSNEDPCKO4I5RHNORKUKTDOQ7Q,2245,4392,0.020492,0.000000,0.982342,0.958056,0.044744,-0.044744,False
AFZUAHAJNO4UMQWHTXHGAXCG52BQ,2246,6954,0.019608,0.000000,0.981964,0.958005,0.035561,-0.035561,False
AFNNVYHVCZRZZWLJ334YZWRGJVYA,2247,5984,0.019808,0.000000,0.982169,0.958107,0.038331,-0.038331,False
AFP2WXHZKBB7XPY4N3AJUTNU5VMA,2248,4697,0.018839,0.000000,0.981951,0.958056,0.043267,-0.043267,False
AFQQLOHJDAZ6FLE55O3J4NFZSE4Q,2249,6661,0.018634,0.000000,0.982181,0.959126,0.036292,-0.036292,False
AHD74CISOKM7L6YTYKY4GN2CAIWA,2250,4422,0.016515,0.000000,0.981876,0.958107,0.044590,-0.044590,False
AGE4RTB36XFI6KKPR3G5AZMDDI3A,2251,6439,0.018127,0.000000,0.982253,0.957036,0.036993,-0.036993,False
AH7YO7YEDTMDVR7QRKGJPUSX3TPQ,2252,5649,0.018216,0.000000,0.981184,0.956066,0.039536,-0.039536,False
AE3VE2MPKBXR3OM3CJXE7FQZ5CAA,2253,12956,0.018182,0.000000,0.981277,0.957036,0.026079,-0.026079,False
AGZK7EECJXRY6YUVGTBM2SRBZFSA,2254,12045,0.018568,0.000000,0.982111,0.958107,0.027017,-0.027017,False
AFYVMSSEWRVG6CEOM4PF7J6SSDUA,2255,8191,0.019547,0.000000,0.982550,0.960092,0.032695,-0.032695,False
AHZJXRSEQSJ5TKYWWINKEORIBYSA,2256,4319,0.017828,0.000000,0.981308,0.958056,0.045121,-0.045121,False
AE7PBNQ2S6SDNLDN5UDR7DD3Q34Q,2257,5587,0.019581,0.000000,0.981935,0.957087,0.039712,-0.039712,False
AH2TH7FBK2XSDKS7LCJJTLX3OBJQ,2258,13667,0.019883,0.001977,0.982504,0.957036,0.025392,-0.023581,False
AFB5EMZ7KD3GDB2FX4JDT3KRS5GQ,2259,6786,0.017479,0.000000,0.981218,0.959126,0.035957,-0.035957,False
AGYJAAK7DLCRMZJYZ7EUGPNTEDWQ,2260,7253,0.018000,0.000000,0.981659,0.957087,0.034854,-0.034854,False
AGSFFWGHDHFIIM5J6OQNRGX7L4EQ,2261,17880,0.019594,0.003939,0.982464,0.958107,0.022175,-0.018559,False
AEODJ4NGAI3BVHZK43GVLOLQZ22Q,2262,3537,0.019710,0.000000,0.982221,0.957087,0.049911,-0.049911,False
AFAQQZSNUGEJP2RYTXHYJKFVG32A,2263,4126,0.017493,0.000000,0.981081,0.954993,0.046312,-0.046312,False
AGP3SV3HRCELN34OMNVEBEV75HGA,2264,10095,0.017771,0.000000,0.982021,0.958107,0.029512,-0.029512,False
AH7IMQ5YIPV6NG6C5D4QOT5L4UUA,2265,8754,0.019146,0.000000,0.982060,0.959075,0.031660,-0.031660,False
AHM57VOLLXXAKPBFJV3KGMYRLBZQ,2266,8435,0.019535,0.000000,0.982157,0.959126,0.032251,-0.032251,False
AHNQ42N546NAAKT43DUOXVS6U6NQ,2267,3487,0.017891,0.000000,0.981098,0.956066,0.050321,-0.050321,False
AGPW5J7HI4NGTJUANOCMKDXAIDZQ,2268,5290,0.018369,0.000000,0.981752,0.956066,0.040855,-0.040855,False
AE2HIN4P37JPH3GCTZNNNWCK62DA,2269,4296,0.017918,0.000000,0.981499,0.957087,0.045287,-0.045287,False
AEGCGUV3UYD44P4JPEJ2RAKX7A4Q,2270,6217,0.018917,0.000000,0.982182,0.957087,0.037646,-0.037646,False
AELBVEAU2AZHSNEXVKM7C2WNQHRQ,2271,12139,0.018097,0.000000,0.981939,0.957087,0.026941,-0.026941,False
AFAUF3KITTRYFEHRBT7TECXPB4PQ,2272,7152,0.019598,0.000000,0.982195,0.958107,0.035062,-0.035062,False
AHGTTJLK53MVVEOESYW7QJFVHYRQ,2273,4932,0.017442,0.000000,0.981206,0.958107,0.042222,-0.042222,False
AGCZHQWQNF6QRKDO7T5NQWR7GQAQ,2274,8202,0.018700,0.000000,0.981916,0.959075,0.032708,-0.032708,False
AFOVU64LBEIX5AQOCTZSAUC2IA5Q,2275,15017,0.020396,0.003314,0.982551,0.960143,0.024145,-0.021090,False
AFDM5JSC54MIFFQ36LONQJMWI3XQ,2276,5689,0.018053,0.000000,0.981973,0.957087,0.039354,-0.039354,False
AFHBDFGDRJW3S3M5Q75Q6KV2URLA,2277,8313,0.018457,0.000000,0.982164,0.957087,0.032556,-0.032556,False
AEZEZ2H4UC56XJNN7A3ORZREEDNA,2278,12986,0.017918,0.000000,0.981529,0.956015,0.026077,-0.026077,False
AEOK4TQIKGO23SJKZ6PW4FETNNDA_1,2279,24906,0.018262,0.004998,0.981985,0.956015,0.018830,-0.014262,False
AFXS2DNVD3WRLMLSJLP2UXL2OQ6A,2280,9081,0.019711,0.000000,0.981627,0.957087,0.031149,-0.031149,False
AFEOGCJOFIPCVENKECNXZ4NQHKEQ,2281,6930,0.018281,0.000000,0.981729,0.956066,0.035695,-0.035695,False
AEV53RCOPMQNNAYIDOT6K26HPCGQ,2282,8903,0.018606,0.000000,0.981887,0.957087,0.031459,-0.031459,False
AE2K7G2RD7RULVI7EICLIIF3VZHA,2283,4241,0.018092,0.000000,0.981457,0.957087,0.045580,-0.045580,False
AHW4XT6VZ5BJUSH7LMYWFWBLZ73Q,2284,6418,0.019014,0.000000,0.982250,0.958107,0.037012,-0.037012,False
AGDWW6FZQJQVOH4J3TEIA3SIL45Q,2285,13098,0.019914,0.001623,0.982316,0.958107,0.025909,-0.024418,False
AFSQAZ4GRUOGBTBB4IUKKLR4UA5Q,2286,6381,0.017847,0.000000,0.981863,0.957087,0.037159,-0.037159,False
AGX23Z72LWKSGCDMKI4NR6OVR2WA,2287,5004,0.019327,0.000000,0.981716,0.957087,0.041962,-0.041962,False
AFJYUDW2LLMAVP2L5F7FQPYGWP6Q,2288,28721,0.018698,0.006346,0.982090,0.960092,0.017460,-0.011610,False
AED3R7P5VL5PEBNPLOMFMC6OLNUA,2289,7213,0.019928,0.000000,0.982589,0.959126,0.034876,-0.034876,False
AEAKWLN7QQ675DPGNXDKUD5EQE4Q,2290,6229,0.017960,0.000000,0.982003,0.959075,0.037532,-0.037532,False
AGOVZTWAXGQ4KG3F2LFWT6DS6TKQ,2291,4750,0.019578,0.000000,0.981856,0.958107,0.043023,-0.043023,False
AFO56ALOAN5ZYK7XVV2XWOSEE6DA,2292,9279,0.018143,0.000000,0.982285,0.957036,0.030816,-0.030816,False
AFRPIQB4EY3I33OXHAWYPDLRKHQQ,2293,7442,0.019194,0.000000,0.981666,0.958107,0.034372,-0.034372,False
AFOTTSAZYNXVVEZ5IV24QOP5QOWQ,2294,9563,0.019848,0.000000,0.982621,0.960143,0.030257,-0.030257,False
AH3D2AFXD6K2LDRCCTC6GCIXTSAQ,2295,28386,0.017500,0.005075,0.981609,0.958107,0.017599,-0.012940,False
AFHPTQMY64EIQHJ62AEQSGCEBVGQ,2296,28377,0.017546,0.005119,0.981868,0.957036,0.017622,-0.012933,False
AG6KQ64NNSYP4RHXA6RVER43RGJQ,2297,5960,0.018097,0.000000,0.981770,0.956066,0.038490,-0.038490,False
AGXO3CPYK7TUTKH4BTVJD2DX43HQ,2298,12753,0.019048,0.000511,0.982271,0.959126,0.026229,-0.025759,False
AERZA2PMTCZCBSZAR6GATANJB3QA,2299,4704,0.017611,0.000000,0.981210,0.959126,0.043187,-0.043187,False
AEBYGDBFCD3QEOFKNHCXHUFKREGA,2300,9527,0.018137,0.000000,0.982516,0.958056,0.030380,-0.030380,False
AFJBKPK5W56XWSNPQU2WW66ISWYQ,2301,12850,0.017967,0.000000,0.981547,0.958056,0.026159,-0.026159,False
AGBMWG5RST3LJWQ2YSOEISPVKSBQ,2302,7958,0.017948,0.000000,0.981716,0.958056,0.033241,-0.033241,False
AHYSAAK3U3UXMVID65JHTIJMFCJQ,2303,5198,0.018519,0.000000,0.981700,0.957036,0.041173,-0.041173,False
AGPJIILGSLMZLC53Q52HRBMINIJQ,2304,7228,0.018360,0.000000,0.981979,0.956066,0.034951,-0.034951,False
AGVIH2XXBIIZDXDEQJCUCY42JOOA,2305,9471,0.018787,0.000000,0.981689,0.958005,0.030472,-0.030472,False
AGZ7PBBXZAOSSRC4RHDY37JQG4XQ,2306,11472,0.020708,0.001164,0.982573,0.959126,0.027655,-0.026584,False
AE3A6XP5TAMJ3GBGD52QK5APNR2Q,2307,6812,0.019550,0.000000,0.982025,0.959075,0.035890,-0.035890,False
AFTLLGHUC56MJK4QPDC44CADACHQ,2308,14302,0.020038,0.002534,0.982149,0.958107,0.024794,-0.022468,False
AF7KAM4NO674XYRXUWEYWKAUKTGQ,2309,7762,0.019340,0.000000,0.981612,0.957036,0.033693,-0.033693,False
AEF4A5PLYVU67SYR67JR3227YS4A,2310,15901,0.019086,0.002485,0.982489,0.959075,0.023491,-0.021205,False
AEEX3WVJK5TGMRJ43V7IOI63JOFA,2311,5891,0.018801,0.000000,0.981845,0.957087,0.038674,-0.038674,False
AFJPOTNIECXIDZ35M6PDCFEVQQEA,2312,12503,0.016371,0.000000,0.981891,0.959126,0.026490,-0.026490,False
AHKMCJ5V6ZXMMU7XSNAL5ST74WYQ,2313,4531,0.018476,0.000000,0.981671,0.956066,0.044144,-0.044144,False
AE2ED6WSUDMW3NGBDG4NWQCYNOMQ,2314,6319,0.018674,0.000000,0.982613,0.960143,0.037222,-0.037222,False
AGRR2SWMCD33X27M7Q6NV2VEKGZA,2315,4955,0.017937,0.000000,0.981128,0.956066,0.042214,-0.042214,False
AEIPJBAN7A55Q5DFFPZSR2UV3OKA,2316,74222,0.017520,0.009837,0.981417,0.957036,0.010896,-0.001886,False
AFBXMLDI73OK56CZEJGVLCLNHRJA,2317,6283,0.018331,0.000000,0.981932,0.957087,0.037448,-0.037448,False
AEARZR2FUPD7O6LU3TTTRD4NCU3Q,2318,10425,0.019177,0.000000,0.982486,0.958107,0.029041,-0.029041,False
AFEAJYA7HTYXIWK4Z3NPMMAIXHWQ,2319,4655,0.018342,0.000000,0.981026,0.955044,0.043599,-0.043599,False
AHTOI4KAG6UGFCU763DHZ7JR54CQ,2320,16071,0.018536,0.002024,0.981990,0.955044,0.023465,-0.021619,False
AHPBTFJXUI6X4ESAHBRBQBKOQP7Q,2321,6634,0.019690,0.000000,0.982290,0.957036,0.036446,-0.036446,False
AEVDXSTWTWY24KPOCJIDVHJNQV3Q,2322,6629,0.019481,0.000000,0.981997,0.958056,0.036421,-0.036421,False
AFB3LK6JUTBNOFKZN27PCGOUULFA,2323,12125,0.018078,0.000000,0.982213,0.956066,0.026986,-0.026986,False
AFKHG4JI2HAW6CNNXPM7CPDUQOEA,2324,11513,0.019332,0.000000,0.982139,0.957036,0.027666,-0.027666,False
AHQQJATBFWW5TORPLQ4LQOGXKIWQ,2325,8825,0.016949,0.000000,0.981164,0.954993,0.031667,-0.031667,False
AEEBX6K7I53KOU5BKJTT43FZULAQ,2326,6614,0.018540,0.000000,0.981918,0.958056,0.036462,-0.036462,False
AGUEIZI5BONVZSNA3FBBR6DBX4JA,2327,13183,0.018147,0.000000,0.981465,0.958107,0.025825,-0.025825,False
AFFA2YLWVHPOFFX325YI7MITMACQ,2328,4516,0.020619,0.000000,0.982327,0.959126,0.044077,-0.044077,False
AE4RGAHEK5Y6XTJKQBUVDR6K32ZQ,2329,5415,0.017303,0.000000,0.981568,0.957087,0.040338,-0.040338,False
AFK3P4OWJK6XFYNFYTSVBZ46RCDQ,2330,8388,0.018985,0.000000,0.982525,0.958107,0.032376,-0.032376,False
AHG4LOFDG63TZLAJ7HCGHELCMSLA,2331,4656,0.016922,0.000000,0.980373,0.954993,0.043597,-0.043597,False
AHG5KKQMMZJA46LDH73IZ4QUHYXA,2332,4172,0.019811,0.000000,0.981676,0.956066,0.046005,-0.046005,False
AG73WJW3CJUPPVWTGBJ6QBHUJ5XA,2333,19968,0.018461,0.003647,0.981451,0.957036,0.021007,-0.017667,False
AHAVFW4GL3ZT2A6PDDDJSJJ5GY5A,2334,6830,0.019209,0.000000,0.981820,0.958107,0.035879,-0.035879,False
AHQR5RU4UKE2S65XWC5WMU2JZS7A,2335,12639,0.016174,0.000000,0.980666,0.956066,0.026431,-0.026431,False
AFKOXRKM5XY3N3FR54SGGLOJJFVA,2336,6746,0.017351,0.000000,0.981517,0.958056,0.036103,-0.036103,False
AFGJYXOLE2THZ4IF3UVLSRTECMIQ,2337,7226,0.017760,0.000000,0.981284,0.958056,0.034884,-0.034884,False
AFRFJGGP6CP5ALZLV6SA5WQ74U6A,2338,10274,0.018648,0.000000,0.981140,0.957036,0.029286,-0.029286,False
AEJI7AVCH24E5LOCL7OPS5LDY5GA,2339,4439,0.017280,0.000000,0.980497,0.958056,0.044507,-0.044507,False
AEKVYKMVVSJSJNVPRHQIN5UX6UVA,2340,8354,0.020255,0.000000,0.981810,0.958056,0.032443,-0.032443,False
AFC3Z3QQ3D36SYHAL3MKGJMP4ZBQ,2341,6218,0.017411,0.000000,0.981078,0.957087,0.037643,-0.037643,False
AFEUSBBGM3XTTIYAYK2GNGDGB5NQ,2342,5567,0.018830,0.000000,0.981795,0.958056,0.039743,-0.039743,False
AHAYJYTWBY6A6HTPQ4KHWKD6X7RQ,2343,32812,0.018707,0.007151,0.981830,0.959126,0.016352,-0.009774,False
AEIIRIHLIYKQGI7ZOCIJTRDF5NPQ_2_1,2344,16728,0.017215,0.001030,0.982329,0.956066,0.022975,-0.022033,False
AELBDV3WKDSQE4X5KJ4K2NR7AS3A,2345,6244,0.020036,0.000000,0.982871,0.960143,0.037445,-0.037445,False
AE3LJU64A7LIZRAIDLWLY7WIXKPQ,2346,7637,0.020430,0.000000,0.982515,0.959075,0.033896,-0.033896,False
AE3RVPQUALI4HMJUOSE6YE4VVMUA,2347,16003,0.018577,0.002029,0.982078,0.959126,0.023415,-0.021548,False
AE2ZVBITK4WG7SXTTLG2YFLRTUSQ,2348,7231,0.017839,0.000000,0.981545,0.958107,0.034870,-0.034870,False
AGDOGDBA3K4KIWTOCBCWKC5C6NEQ,2349,11804,0.019098,0.000000,0.982057,0.958107,0.027292,-0.027292,False
AFMOM4ZVIZ6EXLU7AKHHL7OVWSQQ,2350,15627,0.017721,0.000975,0.981961,0.959126,0.023695,-0.022797,False
AHIPYT7Q7IDYXLLNNHYX5GGWMEVA,2351,6331,0.017357,0.000000,0.981823,0.959075,0.037228,-0.037228,False
AFFRCOTU354SFF2TWTMJSVJ3T5HA,2352,10679,0.020424,0.000167,0.982464,0.958107,0.028693,-0.028540,False
AEB5WZLYV6NTC6TQPWVOCRS4JYBA,2353,5722,0.018519,0.000000,0.981528,0.957087,0.039241,-0.039241,False
AFAWXPWTSIPWCOQPMGFYIG4I2QYQ,2354,5681,0.017397,0.000000,0.981954,0.959075,0.039300,-0.039300,False
AE25GU3LWQGZJN4NNT5GWAGBN2KA,2355,7668,0.020260,0.000000,0.982490,0.959126,0.033826,-0.033826,False
AF6OKIE3IGAMM2RJLNGUTUB7XGKA,2356,5967,0.019070,0.000000,0.982277,0.956066,0.038468,-0.038468,False
AF6HB66K65MYYKBU7CWZ5OBSEAUA,2357,12078,0.017588,0.000000,0.981469,0.958107,0.026980,-0.026980,False
AFYZRRCI3T6HD4Q42AQBYW75N7SA,2358,7343,0.017979,0.000000,0.980915,0.956066,0.034677,-0.034677,False
AGCQMKREJ7MZWNOKELGVDQ4F6HLA,2359,4273,0.018741,0.000000,0.981889,0.957087,0.045409,-0.045409,False
AHPOHKN4PU4W3V5PGFL7AGTAD2AA,2360,19780,0.018607,0.003723,0.981982,0.959126,0.021061,-0.017636,False
AH5PTXCOZ6L7I5PPNE3VRD7YSNOQ,2361,5121,0.016875,0.000000,0.981191,0.954021,0.041613,-0.041613,False
AFYUZU3JAPLETO7EEBA6BOU2RJSQ,2362,8898,0.018947,0.000000,0.982083,0.957087,0.031468,-0.031468,False
AH6MLMA37WGURO3Z33AE7WRAI4CA,2363,8629,0.019617,0.000000,0.982515,0.959126,0.031886,-0.031886,False
AEJSXAQNOBEI3CK3ZZMT5AAOCHBA,2364,6777,0.018221,0.000000,0.982312,0.958056,0.036021,-0.036021,False
AGF4BUNATUPXTAIBIMBR7DBCSA5Q,2365,51143,0.020242,0.010985,0.983065,0.961160,0.013070,-0.002921,False
AF5JGDC5GYAXYUAXT4TMKIA73LYA,2366,7841,0.017707,0.000000,0.981221,0.954942,0.033597,-0.033597,False
AG73LHFDVR6BQRW2J4TNCZPZ7ZGA,2367,7760,0.020170,0.000000,0.981902,0.959126,0.033624,-0.033624,False
AFHAEXH6TEITVFXH7E4RWOV6HT3Q,2368,6404,0.020177,0.000000,0.982528,0.961109,0.036937,-0.036937,False
AGGMJWZGH5H45UG3JGME24PISUZA,2369,6386,0.017554,0.000000,0.981786,0.958056,0.037107,-0.037107,False
AE3PLZHW6NXWBMZ76TDVFQG2MJFA,2370,19200,0.020246,0.005138,0.982344,0.958107,0.021399,-0.016682,False
AEZAZKOMXKGYKLF4N4KATERBLMAA,2371,8238,0.019590,0.000000,0.982035,0.957087,0.032704,-0.032704,False
AFOCBFH7KGNBKSQGCSCMN6JDZ5QQ,2372,7675,0.018069,0.000000,0.981882,0.957036,0.033884,-0.033884,False
AFMRNKCMPCQ5LK26BNF6TCIOUJOQ,2373,11147,0.016693,0.000000,0.981894,0.956066,0.028145,-0.028145,False
AE364T67IGWVWILEHKOWYBCB2IDA,2374,3633,0.016889,0.000000,0.980889,0.956015,0.049302,-0.049302,False
AEO3BSI7NEEABNNTAITKL7I4IH7Q,2375,4311,0.017903,0.000000,0.981181,0.957087,0.045209,-0.045209,False
AHS76Z2GPIHBUHEAIIRXUEPHYMUQ,2376,5801,0.018293,0.000000,0.981254,0.958056,0.038933,-0.038933,False
AHEPLA43HWNAN5VRVBK457ILTEVQ,2377,4103,0.018349,0.000000,0.981491,0.955044,0.046439,-0.046439,False
AEKSI575UP7LPD4NUWJFI53IFV3Q,2378,11317,0.018257,0.000000,0.981831,0.959075,0.027845,-0.027845,False
AGRY5TWPJIIYA77EQRWDAR4KEOIA,2379,11132,0.018055,0.000000,0.982186,0.959126,0.028074,-0.028074,False
AHHBTX27ESJYBLDTOWDXT6ROLLIQ,2380,5360,0.019231,0.000000,0.982244,0.961160,0.040372,-0.040372,False
AHCZW7RP5IJYIBL3GTD7QE6TW6CQ,2381,7326,0.019756,0.000000,0.982344,0.959126,0.034606,-0.034606,False
AEPHGBC4AGMSWWJ2TG2FOBVRJOJQ,2382,4364,0.018110,0.000000,0.981852,0.958056,0.044888,-0.044888,False
AFKXEFXBBZXYWYNL7772ZQN5LSHQ,2383,11947,0.019676,0.000525,0.981906,0.960143,0.027070,-0.026587,False
AGTXKBHHGPNQTA7DOWDBCV4W4KXA,2384,5871,0.019945,0.000000,0.982119,0.958056,0.038700,-0.038700,False
AGYVC7KVHP2AWM7BDCEYNHFA6F3Q,2385,4233,0.019426,0.000000,0.981771,0.957036,0.045626,-0.045626,False
AFYSHCJX77N6OZHBKFSTSYZGNJWQ,2386,4576,0.017504,0.000000,0.981840,0.957087,0.043880,-0.043880,False
AGKWJQMCUR4G6H3CUJAAS3JQFPOQ,2387,8081,0.020713,0.000000,0.982727,0.960143,0.032915,-0.032915,False
AH6KFWUFNLCMPBOCEHR7XQ6GDRTA,2388,9931,0.018540,0.000000,0.981898,0.958056,0.029756,-0.029756,False
AFMUA7K3BRXWB4XO6QARYIEBI42Q,2389,21905,0.017786,0.003642,0.981089,0.956066,0.020077,-0.016748,False
AHGO2TTEJQYOBIW6HXBZF7PMZOGA,2390,10039,0.019108,0.000000,0.982084,0.957087,0.029625,-0.029625,False
AHQINHUXG7RTVNS4B5UZV5JXGGZA,2391,9717,0.018089,0.000000,0.981959,0.957087,0.030112,-0.030112,False
AFJMZJ7LBFLG25RUFZ6VXZB2J2AQ,2392,6405,0.019198,0.000000,0.981841,0.959075,0.037013,-0.037013,False
AFXYY6I45UYTMLLLUFJZX6YFWAFQ,2393,5339,0.018479,0.000000,0.981969,0.958005,0.040585,-0.040585,False
AFPI67RTLSRL42VFGZTOMETXABSA,2394,6723,0.019231,0.000000,0.981795,0.956066,0.036240,-0.036240,False
AFWTSDRXGJQT2C4VF7PJPDHDSZKA,2395,7204,0.019461,0.000000,0.982411,0.957036,0.034974,-0.034974,False
AHED6ETFQH7SFT7MO23RR6TCU4HQ,2396,8169,0.018322,0.000000,0.981931,0.958107,0.032807,-0.032807,False
AGIRT2W576QSBRPEDGFNUAWVS7DA,2397,5547,0.018105,0.000000,0.981575,0.957087,0.039855,-0.039855,False
AGI7Q67LEC564DC6HJQ3FAVIYCVQ,2398,8879,0.019120,0.000000,0.982475,0.959126,0.031434,-0.031434,False
AHAPQT2ARS3JS6RZKGJT6JH4ZJAA,2399,15074,0.017450,0.000400,0.982076,0.959126,0.024125,-0.023757,False
AHCHHNVEFWLHKTCCPALFK4JE32AA,2400,7725,0.018539,0.000000,0.982336,0.958056,0.033738,-0.033738,False
AHCIJZ45JJ56KJQ7TJXXN3YH3M5A,2401,4572,0.016591,0.000000,0.981381,0.958107,0.043852,-0.043852,False
AH3CTKRANSNNRHTW7MSGCZG4LFXA,2402,10929,0.019264,0.000000,0.982251,0.958107,0.028363,-0.028363,False
AGARAGBTDWJVZAZH2DJZDDS4CQQQ,2403,8240,0.020155,0.000000,0.982982,0.959126,0.032630,-0.032630,False
AHYTEV7JD4ZPZ6C7YQYI4CM4EMHA,2404,4654,0.018550,0.000000,0.982267,0.958107,0.043464,-0.043464,False
AERVE4SIHRBO3DSYVVOQKQRX67CA,2405,6129,0.019041,0.000000,0.982289,0.958107,0.037875,-0.037875,False
AFWBP55YO33V7AG7BI37EGHVV7SA,2406,11985,0.021449,0.002327,0.982838,0.959075,0.027058,-0.024917,False
AFSBW7GPPNRSTTEWVKJZKP526T4A,2407,8768,0.019231,0.000000,0.982531,0.959075,0.031634,-0.031634,False
AFYB7O3AY4KNFJ466V2KSOQB2ODQ,2408,60205,0.018579,0.010048,0.981835,0.959075,0.012072,-0.002830,False
AEJUJLXYEFXUHS4YQTETBDYWZUXA,2409,5068,0.017983,0.000000,0.981621,0.955044,0.041785,-0.041785,False
AHPYMAQYN5EIXUMUTE5BLQAV5N7A,2410,5222,0.018532,0.000000,0.981510,0.958056,0.041035,-0.041035,False
AFKOASIJHRHMFC3ZM6FHBU2OIYPQ,2411,6418,0.017272,0.000000,0.981248,0.958005,0.037016,-0.037016,False
AEXAZTZ2QMNUW4YQMHXWRZGJLE5A,2412,7558,0.019733,0.000000,0.981929,0.959075,0.034073,-0.034073,False
AEC4WROC543KSOU7GOBC2DDXND7Q,2413,4834,0.018106,0.000000,0.981640,0.957087,0.042693,-0.042693,False
AHBEI6Q4F4WHRIFK5CWQMRVPOQMA,2414,13705,0.017895,0.000013,0.981569,0.956066,0.025382,-0.025370,False
AFAOHY7AXIO57KZQD2WMWPAVEHCA,2415,4885,0.018813,0.000000,0.981964,0.958107,0.042424,-0.042424,False
AEKV4Q3JUQTQA2UR7PH7QLUHUTTQ,2416,15481,0.018164,0.001340,0.982105,0.959126,0.023806,-0.022574,False
AE5GEGOV3K3LNIG45Z7SFL6XHJ2Q,2417,9655,0.018052,0.000000,0.981745,0.957087,0.030209,-0.030209,False
AGWSEISP3NKF47Q2CG45DBOYURYA,2418,24286,0.018543,0.005111,0.981928,0.958107,0.019027,-0.014335,False
AEZA72MOZXB4K4VQUOROOHAVECOQ,2419,16213,0.018628,0.002188,0.982056,0.957087,0.023312,-0.021308,False
AGJOIAF7JKTG64GKFWQRBD7YTYNQ,2420,5475,0.019341,0.000000,0.982308,0.957087,0.040116,-0.040116,False
AH7CUVVTYJSU4ELS3RX6FYSS2OAA,2421,4421,0.015961,0.000000,0.979920,0.957036,0.044645,-0.044645,False
AH65J4QJTJGMTAIOUDUUQHCCHZCQ,2422,4936,0.018194,0.000000,0.981918,0.956066,0.042295,-0.042295,False
AEOROIOBPBERU4MECH4D67LANECQ,2423,6068,0.019672,0.000000,0.982574,0.958056,0.038067,-0.038067,False
AH6URM6URQ2EKVJMCPE3XZXRCIUQ,2424,6873,0.018583,0.000000,0.982620,0.958107,0.035766,-0.035766,False
AHV7LKZELPOHGBWXQ6GLKLYHHPDA,2425,6763,0.019053,0.000000,0.981830,0.957087,0.036094,-0.036094,False
AGT6SMFGOSFI3BRCY6DTOO4RCACQ,2426,4261,0.017437,0.000000,0.982092,0.958107,0.045425,-0.045425,False
AFND6MK3CIEWNMQ4F2YISGPWTX6Q,2427,5292,0.018182,0.000000,0.981409,0.958107,0.040760,-0.040760,False
AEMOSR6PPH6SLWWH3FTRNSCEFJSA,2428,5866,0.018590,0.000000,0.981630,0.957036,0.038758,-0.038758,False
AGBIKKQCO7YF46LVG5FMLLUAYGOA,2429,22646,0.019989,0.006078,0.982276,0.958056,0.019705,-0.014126,False
AEBKVV4GWV4345OOUE6FSNSJDUMA,2430,57684,0.018314,0.009598,0.981576,0.957087,0.012359,-0.003567,False
AEOXOWXY6MIDO5SAXL3GPXFOWLLQ,2431,6505,0.018890,0.000000,0.982025,0.958056,0.036766,-0.036766,False
AHC6X7NTYM3C36TZF7C3K3Q7HDEA,2432,22831,0.016454,0.002600,0.981720,0.958107,0.019624,-0.017237,False
AEJ4OE2ULQVAN3AIGYVV2WLZPXWQ,2433,6607,0.016000,0.000000,0.981682,0.958107,0.036479,-0.036479,False
AF426CEAYWNEUOCWGK7ZAAD7GYZA,2434,4001,0.019573,0.000000,0.982078,0.957087,0.046927,-0.046927,False
AFOHELIML66A52IGVQREQVZ453BA,2435,6076,0.018241,0.000000,0.982006,0.958056,0.038042,-0.038042,False
AETCSIAIBEV7UTIQRBGI4FLLHYEA,2436,6286,0.019713,0.000000,0.982067,0.959075,0.037361,-0.037361,False
AHT7LA5WBAB4ROGSGGDPSOYFORHQ,2437,9696,0.019179,0.000000,0.982469,0.958107,0.030113,-0.030113,False
AHFARMUVPKFUECSFCFMWDKRHYYKA,2438,3888,0.018088,0.000000,0.980938,0.956015,0.047658,-0.047658,False
AG64X4UTSQEXRNHWGWME6HL6HYXA,2439,7143,0.017329,0.000000,0.981453,0.957087,0.035121,-0.035121,False
AGTGHYRTZXKX4AIL42A3FKWR7SOQ,2440,14841,0.018519,0.001335,0.982166,0.959126,0.024314,-0.023086,False
AFYCLJKUNJR5P62O2IF5ULMAWPQQ,2441,5693,0.018220,0.000000,0.981398,0.957036,0.039343,-0.039343,False
AHC7TXAWP6DKHKM75VOZCHZBSKZA,2442,5000,0.018927,0.000000,0.981401,0.958056,0.041936,-0.041936,False
AFY7R6NIDZW2RYSE36LMS4OVETZA,2443,9491,0.018496,0.000000,0.982002,0.959075,0.030406,-0.030406,False
AGZHZS4YKICTOZ3XYAYLWKA2OCDA,2444,6132,0.019399,0.000000,0.982448,0.960143,0.037785,-0.037785,False
AGHOTW5ZUB27GJG5FYONY4UA4W7A,2445,12331,0.019368,0.000517,0.982590,0.955044,0.026788,-0.026316,False
AFLTMIAEVQND46Q243LNEFKJ57CA,2446,5448,0.018233,0.000000,0.981378,0.957036,0.040217,-0.040217,False
AFNKQZEEGYXHXOSHESNOE3ELUACA,2447,10937,0.019615,0.000000,0.982843,0.961160,0.028263,-0.028263,False
AHYDC3YH4YUXVQHQXKJRPJJUMDHA,2448,7685,0.018229,0.000000,0.981975,0.959126,0.033788,-0.033788,False
AHESUURQOOLW6WCO5JVH34XXQ4VQ,2449,7167,0.017929,0.000000,0.981999,0.957087,0.035062,-0.035062,False
AFVQ6XMBHSGTRAUUEYSUJ5K7WT7Q,2450,13998,0.017621,0.000000,0.981211,0.958107,0.025062,-0.025062,False
AFZIIL5E6KJ73THDLDYHPGRHREEA,2451,9199,0.019751,0.000000,0.982418,0.958056,0.030917,-0.030917,False
AGDJL2BHGWTC3WWWE7UKNMLF6AZQ,2452,6893,0.020054,0.000000,0.982095,0.958107,0.035714,-0.035714,False
AGEXJG5LADC64QIVX3RMUA4GEVWA,2453,4491,0.018836,0.000000,0.981941,0.957087,0.044293,-0.044293,False
AGWITEYQTALYN73Y2AP27U5J46HQ,2454,7440,0.019399,0.000000,0.981983,0.958107,0.034376,-0.034376,False
AGQANC4MDXQAMK5QBH42MAM3KKXQ,2455,6286,0.018785,0.000000,0.982428,0.960143,0.037320,-0.037320,False
AGZZURKYSVGYT53XSNBL7GVIL4GA,2456,6762,0.019575,0.000000,0.982093,0.956066,0.036136,-0.036136,False
AHBORN7QVR52CPM5PSTBHFLVCJUA,2457,8063,0.019108,0.000000,0.982081,0.958107,0.033022,-0.033022,False
AEQUPI4IDAOEZ7ZMTTMOGSDKBH5A,2458,5949,0.018795,0.000000,0.981837,0.958107,0.038444,-0.038444,False
AEIDUSX3CGQI3URKTYY7U2JRMPZQ,2459,17390,0.018850,0.002976,0.981721,0.957036,0.022510,-0.019785,False
AGEMMF33OU43HMF3U5ZSEQZUOQ2A,2460,4250,0.019130,0.000000,0.981706,0.956066,0.045580,-0.045580,False
AEYQ5YP2XQD6ABDBCVPECI6LFO2Q,2461,6701,0.018277,0.000000,0.981739,0.957087,0.036261,-0.036261,False
AGQPPOLMA6U2DAA5I5SP3M4QJSFA,2462,12355,0.018278,0.000000,0.981775,0.959126,0.026648,-0.026648,False
AFH3T3A3DVGLLVJPET6OAEHNWPQA,2463,5579,0.020158,0.000000,0.981363,0.957036,0.039742,-0.039742,False
AEZY3WQ5CO4DOXRNJOWWXJYKCAXQ,2464,10199,0.020202,0.000000,0.981816,0.957087,0.029392,-0.029392,False
AGG57MAZR474OPZD356G7BL2EXRQ,2465,5520,0.018169,0.000000,0.982354,0.959126,0.039867,-0.039867,False
AHH53Q3XLBEEPK36DLJ5UDEVZM5Q,2466,14430,0.019524,0.002098,0.982493,0.959126,0.024658,-0.022728,False
AEVHHDEEO6UERLRZC3E2IYDZOEHA,2467,12108,0.019292,0.000268,0.982434,0.958107,0.026947,-0.026701,False
AGM7QZOUXUAKEPGNXQNR6UVFVHPA,2468,10148,0.017803,0.000000,0.981636,0.958107,0.029435,-0.029435,False
AF6EOOWDGXOGQSENWNYO4AQ77CUQ,2469,19380,0.018472,0.003435,0.982122,0.960143,0.021254,-0.018088,False
AGTMMNTVLEDXN3TWKWUOI5L5Q2TA,2470,7056,0.019177,0.000000,0.982304,0.959126,0.035262,-0.035262,False
AF4JG6AGQZ26FUBADCRC6CZ4Z26A,2471,9979,0.019729,0.000000,0.982168,0.958056,0.029684,-0.029684,False
AE4XAONOTHWDUYQGLCZSHVJ4TP3A,2472,24333,0.019073,0.005654,0.982522,0.959126,0.018988,-0.013788,False
AHVMJWRWKAWN3HWY5EP2ZIVWW62Q,2473,4816,0.019682,0.000000,0.981987,0.958056,0.042729,-0.042729,False
AHSGXUUQSRZPYZN2AKZ2BTAMS4AQ,2474,3964,0.016787,0.000000,0.980719,0.957087,0.047146,-0.047146,False
AHKIOQRM2H4FEMS5PI7J5RMPJKQA,2475,10526,0.018182,0.000000,0.982266,0.961109,0.028811,-0.028811,False
AFAFYXZDO7IQMWKTKLIE6VDCPPMA,2476,8133,0.018480,0.000000,0.982185,0.958107,0.032879,-0.032879,False
AEYLTTG6BD636LJSNQICVOWDJLDA,2477,23345,0.017783,0.004082,0.982287,0.956015,0.019449,-0.015718,False
AHADLK72WU2URWGZLNJCYYV7F2JQ,2478,5475,0.018141,0.000000,0.981621,0.957087,0.040116,-0.040116,False
AF2ACCKOTUKHIGCZHGHSZXMJDTKQ,2479,17080,0.019171,0.003153,0.982206,0.958107,0.022688,-0.019794,False
AGXKSKQILCBPSNPGMZ6K3AXTHBSA,2480,14724,0.019108,0.001857,0.982091,0.957087,0.024462,-0.022761,False
AEUXRQJTAD7YFA5OZG6LFOMVX6SQ,2481,7382,0.019569,0.000000,0.981766,0.957087,0.034548,-0.034548,False
AHJZK7DAWKCCNUCXXQXPS4URHJXA,2482,6357,0.019288,0.000000,0.982143,0.958107,0.037190,-0.037190,False
AG2YZT7UL3WX3GXGTLDVHHTQNSWQ,2483,8206,0.018420,0.000000,0.981554,0.957087,0.032768,-0.032768,False
AFBR5VDMITJI24U5KZRYEPET3TJQ,2484,18671,0.018325,0.003005,0.981538,0.957087,0.021723,-0.018970,False
AE7PTCW7PBAYTJAO4F5QMUZ2GODA,2485,7570,0.016696,0.000000,0.980921,0.957036,0.034118,-0.034118,False
AEVZZ2TAOV3HJQD2FJ6NPFFLIQQQ,2486,4490,0.018868,0.000000,0.982175,0.958107,0.044251,-0.044251,False
AG5ALUCP2JUPUPJZQEGVYBWBSVZA,2487,7434,0.019401,0.000000,0.982367,0.959126,0.034354,-0.034354,False
AG7TKTNIUPIPKJC4R6RVJZ5OECEQ,2488,8403,0.019700,0.000000,0.982831,0.959126,0.032312,-0.032312,False
AEZ75ZGNAG3HTCX7UJJ5NZYKD5HA,2489,13016,0.016186,0.000000,0.980768,0.954021,0.026101,-0.026101,False
AEVVEYZF4MQDPC2BY2HBBNGZRYHA,2490,18697,0.020416,0.005107,0.982608,0.960143,0.021639,-0.016931,False
AE4XVWBZQQW6XC7TWY7TLC6QPHKA,2491,13705,0.018201,0.000320,0.981904,0.957087,0.025355,-0.025062,False
AE5HOA4YXILTVNUKYPDZOADT6MPQ,2492,5479,0.018919,0.000000,0.981856,0.957087,0.040101,-0.040101,False
AGNE2VHYOU4D22WTQMGNQMHPZHUA,2493,5555,0.018582,0.000000,0.982372,0.959126,0.039741,-0.039741,False
AFR3I45A3TZAQV2AIZOAZBKPUOUQ,2494,6657,0.017564,0.000000,0.981351,0.956066,0.036419,-0.036419,False
AEIE2UJDKWR3NG3CE34PT7R3QSVQ,2495,35682,0.019618,0.008536,0.982105,0.959126,0.015681,-0.007828,False
AEROQUUIQIBMTURT6F67MG273XFA,2496,4522,0.020376,0.000000,0.982107,0.957087,0.044141,-0.044141,False
AH7BKWN5OQPMQXJ4ID2CDIUSZ5CA,2497,6366,0.019485,0.000000,0.982642,0.959126,0.037124,-0.037124,False
AERA2QF2GEAJIAHJVKPK5DQHB7AA,2498,4180,0.017319,0.000000,0.981047,0.955964,0.045965,-0.045965,False
AEK3Q3YE25YBBW4NBUGXY3LP3JEA,2499,5577,0.019519,0.000000,0.982302,0.959126,0.039663,-0.039663,False
AHVBNM37DPQ3X527HJUDBMKJCEEA,2500,6141,0.017297,0.000000,0.981230,0.957036,0.037880,-0.037880,False
AEBNZGOWU7JLSAMWJFWOYNKN4QHA,2501,7383,0.019470,0.000000,0.982256,0.959075,0.034474,-0.034474,False
AGZRMANKR7DOKXA7CSLFIIZXBPGQ,2502,4713,0.018741,0.000000,0.981592,0.957036,0.043240,-0.043240,False
AFSN2VRJ3SF7TUDX3BJNQZXGRPWQ,2503,6741,0.021940,0.000000,0.982817,0.960143,0.036038,-0.036038,False
AEOUNGYXHQECUPRUCSZUSVXUGP2Q,2504,7560,0.018653,0.000000,0.982083,0.957087,0.034139,-0.034139,False
AE2B73KPXHFCO2FD4L5CR7BVFISA,2505,5401,0.017206,0.000000,0.981526,0.958056,0.040349,-0.040349,False
AHH667MCWRTSMWKYOVEN4PMWLDHQ,2506,4771,0.019062,0.000000,0.981995,0.958107,0.042928,-0.042928,False
AGNFGBZW7HNYC5LDKBV34LQZ2YBA,2507,7381,0.019729,0.000000,0.982456,0.959126,0.034477,-0.034477,False
AFP2CXPW657I6PLKLC7XRPJWUFJQ,2508,25799,0.018973,0.005940,0.981484,0.958056,0.018462,-0.013009,False
AFZUK3MTBIBEDQOPAK3OATUOUKLA,2509,10615,0.017972,0.000000,0.981387,0.958107,0.028780,-0.028780,False
AGOL4YVNGWMNV5WJWSA4IRBTSZ4A,2510,9694,0.019195,0.000000,0.981509,0.955044,0.030212,-0.030212,False
AH7VYZN3WN5YY6N3CFLIY7426GYQ,2511,5349,0.017808,0.000000,0.981224,0.956066,0.040629,-0.040629,False
AFURBA64TYZCPYT5BXLKHOIDWO4A,2512,6711,0.020238,0.000000,0.982606,0.957087,0.036234,-0.036234,False
AEQWHFILX4XRKJX5WYHP7KDYLVJA,2513,10613,0.019035,0.000000,0.982001,0.959075,0.028753,-0.028753,False
AGDVIDD523KC4LS2WMDIXUPRGABA,2514,9831,0.018779,0.000000,0.982782,0.959126,0.029874,-0.029874,False
AHWJGIMDAMS4WBLZAGOYMXYDSDLA,2515,29782,0.017955,0.005825,0.982243,0.960092,0.017146,-0.011777,False
AG7Y5UMCEMWJOXKMOJKW3WNNHG6Q,2516,15013,0.019523,0.002439,0.981934,0.957036,0.024227,-0.021993,False
AGY5AUOWAZ52AMPFYIILS3M53RZA,2517,6710,0.020703,0.000000,0.982640,0.958107,0.036198,-0.036198,False
AEHCGXYNYNEZT6YVDLAVWPZ7R4ZQ,2518,4394,0.017778,0.000000,0.981175,0.957087,0.044780,-0.044780,False
AFW5SIGDUGYOBFH7NFQANKDR3TPA,2519,3555,0.016579,0.000000,0.980625,0.957087,0.049784,-0.049784,False
AE3RLEXEQRD2K7SCXE7HBCOMRDTA,2520,3437,0.019095,0.000000,0.981262,0.956066,0.050685,-0.050685,False
AGZ7N4QS64RBGDJ5HW2Z4BOX2WPQ,2521,5424,0.018671,0.000000,0.981710,0.957036,0.040306,-0.040306,False
AFTCOHCMM4Q633XYBEWYEWS7H46Q,2522,4876,0.016509,0.000000,0.981613,0.957087,0.042509,-0.042509,False
AEZUYDP2QQDANWCMHUYJDONZYV2A,2523,4992,0.017921,0.000000,0.981409,0.956066,0.042057,-0.042057,False
AHDHCALBCB7CJPXRW7KYVDF2KKQQ,2524,13538,0.017657,0.000000,0.981277,0.957087,0.025511,-0.025511,False
AE5ZXSOGDJVHJQZZIPWCGIOAWTUQ,2525,7953,0.018490,0.000000,0.982286,0.960143,0.033179,-0.033179,False
AHQMCHVUHJFWMNDCPM5VNJRY7LDA,2526,8528,0.018747,0.000000,0.981784,0.957087,0.032143,-0.032143,False
AHRC5Q3ZFV5WWITJOSVDWF57LMGA,2527,5668,0.020548,0.000000,0.982516,0.959126,0.039343,-0.039343,False
AF5RRRO3XOBWXMELE6NO4SJNOSAA,2528,5759,0.019502,0.000000,0.982124,0.957087,0.039114,-0.039114,False
AGU7PO73VGUO6TWDTPEEAP7JGC5Q,2529,8539,0.017763,0.000000,0.981737,0.956066,0.032157,-0.032157,False
AG4QQGPDZIE3Y3HF3QYWOBWBH2QA,2530,7382,0.019011,0.000000,0.982006,0.958056,0.034513,-0.034513,False
AHKL2IAC36ECZBY6GALHYGJKSJCA,2531,6908,0.018868,0.000000,0.981624,0.956066,0.035752,-0.035752,False
AHIF5F7OVMGSN3RFGZT5YGL3AM3Q,2532,5487,0.015948,0.000000,0.982165,0.958107,0.040029,-0.040029,False
AGGSZYRA42CYQHGYK2WLFZW4PNVA,2533,8804,0.020167,0.000000,0.982062,0.958107,0.031601,-0.031601,False
AHGFE65TS742WVLX5LVITKOZM2CA,2534,9347,0.018112,0.000000,0.981172,0.956015,0.030737,-0.030737,False
AE27M52WTNJGLONE7KTAEOHZRJIA,2535,3994,0.016722,0.000000,0.981436,0.956066,0.047019,-0.047019,False
AG773IIH5JWYUNOQQVNEXQGDRN4Q,2536,44502,0.019991,0.010068,0.982252,0.959075,0.014042,-0.004781,False
AHQ63Y3CMMAXTCZPQH72VMXWBPDQ,2537,5526,0.018109,0.000000,0.981673,0.956015,0.039975,-0.039975,False
AFFNS3Q4QAGF76NDEIMZ2MTFSB7A,2538,9617,0.019055,0.000000,0.982248,0.959126,0.030204,-0.030204,False
AEIOOSP7SVTJCXS53SSMVOMO3WKQ,2539,8350,0.018886,0.000000,0.982252,0.959126,0.032415,-0.032415,False
AF42I4ERCBTGOVGQZS2HVNAUV6EA,2540,5717,0.019282,0.000000,0.982792,0.959075,0.039176,-0.039176,False
AG5LRZ72HYVRRP43W2JMFC4SYP4A,2541,7220,0.020429,0.000000,0.982275,0.959126,0.034859,-0.034859,False
AFNUHCITVPCKVVAAYVQH4JNECFWA,2542,6961,0.019168,0.000000,0.981828,0.958107,0.035540,-0.035540,False
AHCUWSZJ7OE2SWMIM6EID2NM7XCA,2543,3330,0.016832,0.000000,0.981937,0.959075,0.051332,-0.051332,False
AF2KWXX365N4EN25OGZ2J3AJ46UQ,2544,6334,0.019391,0.000000,0.982125,0.958107,0.037257,-0.037257,False
AE47KV6GYAL37KXMPJNXFLVIHJPA,2545,5974,0.018949,0.000000,0.981976,0.957087,0.038404,-0.038404,False
AHSSDNEMHCJBRRMCLPGASYU2JQLQ,2546,4886,0.017806,0.000000,0.981271,0.957087,0.042465,-0.042465,False
AHSYQZJEGKCFTMBUTH6K47V5OU6A,2547,12860,0.020166,0.001706,0.982279,0.958107,0.026147,-0.024581,False
AHOBK4UZRRWCWEHSRSQOZXPHWS7A,2548,6452,0.019783,0.000000,0.982689,0.959126,0.036876,-0.036876,False
AFAQEPXRG5ZG3OJNGSBWWXBO4JLA,2549,7086,0.017949,0.000000,0.981874,0.959126,0.035187,-0.035187,False
AGHHCLYVRWDCHRLU5XLZYZICDNBQ,2550,4110,0.018107,0.000000,0.981269,0.957087,0.046301,-0.046301,False
AGS2KXBTAM44IW7T4FPSTTO3ZISQ,2551,19603,0.016929,0.001978,0.981967,0.958005,0.021180,-0.019365,False
AEBQCCHFNT4D4HKLOU64IBWYX4IQ,2552,8072,0.020811,0.000000,0.982798,0.958107,0.033003,-0.033003,False
AEH2JMQUALDX63YY5EG6XQSX55DA,2553,6218,0.018742,0.000000,0.982551,0.959075,0.037565,-0.037565,False
AEWHLGO6FWZ4ZO7N6TX7I2FYO6EA,2554,7515,0.020076,0.000000,0.982454,0.957036,0.034243,-0.034243,False
AEXP2IBYPZQKMOVKNYX53XVBX5BA,2555,54458,0.018305,0.009334,0.981596,0.958107,0.012706,-0.004137,False
AEW6DQRE6GSOIU5VAPACM56T7ADQ,2556,10828,0.020330,0.000213,0.982250,0.957087,0.028526,-0.028331,False
AFDFTOOEH2YAHC3FCJUXZ6Q3E2HQ,2557,9935,0.019347,0.000000,0.982322,0.959126,0.029717,-0.029717,False
AH34XZLFFNGG35PVAA5P35T6FMMQ,2558,15898,0.019646,0.003044,0.982171,0.958056,0.023518,-0.020724,False
AEERPQ3ERAHDP44DLQDHLZ3G53MQ,2559,5112,0.017687,0.000000,0.981897,0.958107,0.041472,-0.041472,False
AGHYDPVLKBYDXTPJQCLDQLESK7LQ,2560,4753,0.018968,0.000000,0.981546,0.957036,0.043058,-0.043058,False
AEXPJUSFZID56K6EIKI4OQ6E5W6A,2561,5645,0.017310,0.000000,0.981558,0.956066,0.039550,-0.039550,False
AHIP4YNGJHFG2XOFL3A4DUNNPEDQ,2562,5575,0.019549,0.000000,0.982300,0.959126,0.039670,-0.039670,False
AFKSO4QAZKP4GZMNTI2TSHFMPPXQ,2563,5480,0.018448,0.000000,0.981532,0.959075,0.040015,-0.040015,False
AHNIPRAKWLONQWATDOZ73ZM4PH7Q,2564,4105,0.017871,0.000000,0.980856,0.957036,0.046331,-0.046331,False
AGLBN3MINRB7262SANHMPBSRLVXA,2565,15762,0.018976,0.002302,0.981917,0.956066,0.023668,-0.021564,False
AHNNHOY7YG6U7QQYTUAJKPHF2NHA,2566,4712,0.018561,0.000000,0.980965,0.956066,0.043288,-0.043288,False
AHTPJH2GRKY3ATUF377HTJLNGI7A,2567,4380,0.017464,0.000000,0.981521,0.956985,0.044856,-0.044856,False
AFAVAUPHJ4CFL75JGCGY6H7XK6PQ,2568,5940,0.018543,0.000000,0.981968,0.955044,0.038596,-0.038596,False
AEHC3WKW7WCNNPC5S23T4COBVADA,2569,5641,0.018542,0.000000,0.981736,0.957087,0.039521,-0.039521,False
AEGJUYLQ33YRTQUTCMCJNFRQ7SMQ,2570,18626,0.017166,0.001828,0.980406,0.956066,0.021773,-0.020102,False
AEIGI2BSHJLGSDDP6V2JO7MTABUQ,2571,9025,0.019196,0.000000,0.981670,0.958107,0.031212,-0.031212,False
AHWAVTDTHEKLCOWMFZ2MCLGVYZUA,2572,4466,0.019231,0.000000,0.981479,0.957087,0.044417,-0.044417,False
AH4VRF3XSROKY4VFKDERPGK2MYUQ,2573,15902,0.018807,0.002207,0.982206,0.957087,0.023539,-0.021517,False
AEN6EKH7NJ2VGWM2WWVDXORGLNIA,2574,7270,0.019408,0.000000,0.981846,0.959075,0.034741,-0.034741,False
AEELNPQG53TVUO2VBGJNSPQAOZJQ,2575,4535,0.017885,0.000000,0.981654,0.958107,0.044031,-0.044031,False
AH3UA2OVRWGWLLE4OWHRZJ6S6N6Q,2576,6109,0.018450,0.000000,0.982405,0.958056,0.037939,-0.037939,False
AECF2YX7HBNFG7GE4SDPVTLHGI3A,2577,4230,0.017485,0.000000,0.981703,0.958107,0.045591,-0.045591,False
AGKMJKWW2AZPOJGCZGHMNYONC33Q,2578,6929,0.018914,0.000000,0.982080,0.959126,0.035584,-0.035584,False
AHW4RM32F7UDMQ5ETAMLLHIPSZHQ,2579,16204,0.018332,0.001887,0.981687,0.958107,0.023294,-0.021561,False
AGGPFZDUFMEICMMF73QJCIO7CGLQ,2580,8147,0.018190,0.000000,0.981883,0.958107,0.032851,-0.032851,False
AHR3ON2IRYSXJZZP5FVCLIESBSAQ,2581,4502,0.017901,0.000000,0.981598,0.957036,0.044242,-0.044242,False
AHLQ7RTLYEVSPPFCUB7K7CCYOV5Q,2582,4457,0.017871,0.000000,0.981045,0.956066,0.044509,-0.044509,False
AH5KZK4WNQG4E6GKEZORFDZSTN5A,2583,4373,0.018852,0.000000,0.981397,0.959126,0.044792,-0.044792,False
AFMOMWWWDGAQLHVFQBCQVJPG46CQ,2584,4216,0.017945,0.000000,0.981018,0.956015,0.045766,-0.045766,False
AEQQYNZCHBT3C5MEZBUCUHBQ24EA,2585,9030,0.019530,0.000000,0.982086,0.957087,0.031237,-0.031237,False
AGS3XA76BVPORI2WMOOFMGU4Z6RA,2586,7142,0.017434,0.000000,0.980609,0.951920,0.035314,-0.035314,False
AG3UVJTNY4IQQSZ2FOEV6X3YAUMQ,2587,8259,0.018561,0.000000,0.982532,0.960143,0.032558,-0.032558,False
AHLADUQIONX75OSWEO63UTN2HL6A,2588,15505,0.019900,0.003089,0.982230,0.961160,0.023737,-0.020883,False
AH7HTVJUXS4MUP3NSI3XCGE37Q2A,2589,8677,0.019092,0.000000,0.982516,0.958107,0.031832,-0.031832,False
AHV4GVYJF4SYL26D434UWRGLR7KQ,2590,13403,0.020493,0.002412,0.982503,0.960092,0.025559,-0.023336,False
AGT5GPBG4R64OTKTLJOK6YAXEA3Q,2591,10437,0.018336,0.000000,0.981753,0.959075,0.028995,-0.028995,False
AGNAZ4WBV54GOM2ZDCN352DXVBAA,2592,6514,0.017525,0.000000,0.981670,0.954993,0.036858,-0.036858,False
AFPPPZX2PLMWY75AVRTJSMICZOEA,2593,14314,0.017631,0.000134,0.980723,0.955044,0.024863,-0.024741,False
AGEQRBANWEFCXNDWJI7QFFHPCSRQ,2594,9140,0.019501,0.000000,0.981927,0.958107,0.031015,-0.031015,False
AFPSXDH6U3B2ATWUBT47IKOHLLHQ,2595,7086,0.018119,0.000000,0.982099,0.959126,0.035187,-0.035187,False
AFETPCZPQZEICIHWZTCUJUVJPALA,2596,7287,0.020134,0.000000,0.982502,0.958056,0.034737,-0.034737,False
AE6IAH3TSJOSBDOJGBJHUR67WEEQ,2597,5073,0.017310,0.000000,0.981165,0.957087,0.041675,-0.041675,False
AEOFL6B6OAGTNKAO6R3HGN76ETWA,2598,8834,0.018229,0.000000,0.981490,0.957036,0.031583,-0.031583,False
AGKTK5ONWYWZ25UKBIWRGJTLLH2Q,2599,5898,0.019573,0.000000,0.982392,0.958107,0.038610,-0.038610,False
AFOUQMBPVJ2MRVVJ3GU2PJBC6E4A,2600,6926,0.018614,0.000000,0.982040,0.959075,0.035593,-0.035593,False
AH5DFYUNDHZLWG7YL4M6LIXUUFMQ,2601,20112,0.018655,0.003894,0.982269,0.959126,0.020886,-0.017304,False
AFDZHJN4DODEXOLEINLGVZOWICGA,2602,7595,0.018948,0.000000,0.982122,0.958107,0.034024,-0.034024,False
AE33DCBS6ZICG66ETAHGQSZ5O7HQ,2603,4966,0.018882,0.000000,0.981849,0.957087,0.042122,-0.042122,False
AH3VK3QFSAVL6IEUH5JFUATC4Z5Q,2604,3957,0.017614,0.000000,0.981133,0.957087,0.047187,-0.047187,False
AEC5AGCCT35DGIGTZ4HRI4VXUCLA,2605,21971,0.018419,0.004297,0.981071,0.955044,0.020068,-0.016149,False
AH3RUNX6MACJRKEU5XAM4MEKQ4JA,2606,7761,0.019231,0.000000,0.982192,0.957087,0.033694,-0.033694,False
AFC7BRIIFXRLEECQLEDHJT2A55VA,2607,6264,0.018969,0.000000,0.981641,0.958107,0.037465,-0.037465,False
AGNVKXHFTQ5WSP7TRRLSTH5APJNA,2608,9876,0.019152,0.000000,0.982034,0.958056,0.029839,-0.029839,False
AELYFHJ4GGQO4WLCHWVK7VLBXV6Q,2609,6632,0.018594,0.000000,0.982014,0.957087,0.036449,-0.036449,False
AFLHPISWNLXE5TGFDGMJFMF2FO4Q,2610,3513,0.017197,0.000000,0.981774,0.957087,0.050081,-0.050081,False
AF6ZBUE3EUJZSDTG3QJSNMKG5PVA,2611,5707,0.019450,0.000000,0.982500,0.958056,0.039252,-0.039252,False
AEGJXCXNUKZK2OU2X6FUNLEE3HZQ,2612,8634,0.019698,0.000000,0.982753,0.958107,0.031911,-0.031911,False
AHKRRX7546VO5P75KP7R7WY63JFQ,2613,5642,0.019016,0.000000,0.982087,0.957087,0.039518,-0.039518,False
AHNEUZEX5AYASGVMAYOS6EUNQIQQ,2614,3796,0.017078,0.000000,0.981743,0.958107,0.048126,-0.048126,False
AGVEWYSBJBPUE6KH4ZC55JCNLQHA,2615,4461,0.018405,0.000000,0.981765,0.956066,0.044489,-0.044489,False
AEUO4WFK7DXIG3QL3N5REYFZ67DA,2616,5753,0.018493,0.000000,0.982269,0.958107,0.039093,-0.039093,False
AF2DLDMAESDOKR7FGYZ4WYD6BLAQ,2617,4802,0.018433,0.000000,0.981614,0.955044,0.042927,-0.042927,False
AFFNF7ZL5LKLILX23E3OFK3VABKQ,2618,7624,0.018538,0.000000,0.982243,0.958107,0.033959,-0.033959,False
AETUVJTNVD2EBPXDH2ALUO6GVEEA,2619,7494,0.019958,0.000000,0.982280,0.959075,0.034218,-0.034218,False
AG2RSDSR2D3Y26RV2VO2Z76KH5ZA,2620,5977,0.017957,0.000000,0.981073,0.953970,0.038520,-0.038520,False
AFBLXQDW7LLQCIUBENSMOHIVCFGA,2621,7044,0.018086,0.000000,0.982098,0.958107,0.035330,-0.035330,False
AFOHEGEBCTPWINNSOPTRXCJHBCMQ,2622,10224,0.019990,0.000000,0.982565,0.960143,0.029263,-0.029263,False
AG6CLWE35G65YRYXAUFEC7JN5YRQ,2623,16918,0.020014,0.003920,0.982475,0.958107,0.022797,-0.019198,False
AGMAERQDDST54IVN3LOHZW5SJQYA,2624,8388,0.020010,0.000000,0.982401,0.959126,0.032341,-0.032341,False
AF2TLLNCRHFF7QNWBFERALVO4B7Q,2625,6551,0.019042,0.000000,0.981935,0.956066,0.036713,-0.036713,False
AHJYOD56GVUHGUW6NV4US7JR6NDA,2626,13387,0.018627,0.000535,0.981561,0.957087,0.025655,-0.025165,False
AF326CNMGP26ZJX2GVSQMT34E7BQ,2627,7046,0.019355,0.000000,0.982511,0.958107,0.035324,-0.035324,False
AEPPRFHKQ7HC7I37WH2AL6P3RSCQ,2628,4273,0.016067,0.000000,0.980559,0.954993,0.045509,-0.045509,False
AHISU6WTZZJNNVYK5A5UITDIWCNQ,2629,5338,0.018034,0.000000,0.981729,0.959126,0.040541,-0.040541,False
AHSA2ZQUYBCXFXDXJXDJM6LRS2GQ,2630,5488,0.020030,0.000000,0.982360,0.958107,0.040026,-0.040026,False
AEC4YXC4GCBMXC2KGNFZ4EYPRT5A,2631,4859,0.018005,0.000000,0.981365,0.957087,0.042583,-0.042583,False
AFOFZZYF454MYIWDTFMC2U53OR6Q,2632,9317,0.019114,0.000000,0.982483,0.960143,0.030654,-0.030654,False
AEMACRCBRYMRQ7KETZSP6NPRL6JA,2633,3280,0.017276,0.000000,0.980952,0.958107,0.051774,-0.051774,False
AFLZUVWTQ54JZIKLCEW3YIMUGHHA,2634,15656,0.018556,0.001825,0.982275,0.957087,0.023723,-0.022051,False
AHBHMDGRX2RI75ZBA7OUZSS3X2RQ,2635,6568,0.018822,0.000000,0.982101,0.958107,0.036587,-0.036587,False
AEQN2HTTOK67RKE2HRPXQ3CK3E6Q,2636,10850,0.017313,0.000000,0.981656,0.956985,0.028500,-0.028500,False
AHXCOH4ABGDUF6PLAWTVRWDNTIVA,2637,27287,0.018337,0.005664,0.982139,0.956066,0.017989,-0.012811,False
AHQUHSDKN3Y3NZTRM72JRA4UVOGA,2638,27109,0.018485,0.005771,0.981637,0.957087,0.018028,-0.012742,False
AGMP22CF4X5SCBMB2MZSZFHJ3DNA,2639,8160,0.018288,0.000000,0.981935,0.958107,0.032825,-0.032825,False
AENEYRNRPZ3TULDMG67JW5V5KFPA,2640,8505,0.019559,0.000000,0.981912,0.959126,0.032118,-0.032118,False
AE2KBNJCWB2VD4YFHYXZKNQWKTHQ,2641,4906,0.018100,0.000000,0.981705,0.958107,0.042333,-0.042333,False
AHXDJAIRSIFMWO4RW3IFXFWAIPZQ,2642,4334,0.018225,0.000000,0.981720,0.956066,0.045137,-0.045137,False
AHOFWAKAEW6AMGVHS2AMVTHNUGGQ,2643,5415,0.019476,0.000000,0.982144,0.957036,0.040340,-0.040340,False
AFR6IAONA6BU5P362GGVVKKTRS5A,2644,5847,0.018805,0.000000,0.982061,0.957087,0.038819,-0.038819,False
AH64ZXDWRRKT3RN6OI3Q4WNFBKWA,2645,8010,0.018051,0.000000,0.981690,0.958056,0.033132,-0.033132,False
AEY2DACINSKKJQ67OPBOLTCBXIOA,2646,6801,0.018470,0.000000,0.982088,0.959126,0.035917,-0.035917,False
AHWISDI4G4W75Z7TT3X25MOARQUA,2647,5524,0.018531,0.000000,0.981764,0.958056,0.039897,-0.039897,False
AEMRAZPNN2NBBUDV4YGGYMGPFC6A,2648,13688,0.017290,0.000000,0.981503,0.959075,0.025319,-0.025319,False
AE2A32OT4VXAVNKG6XEKFKWAUWKA,2649,16371,0.019974,0.003613,0.982208,0.960143,0.023125,-0.019794,False
AH4THCHYAGNI4HQPYQV2AYGDJY6Q,2650,7137,0.017123,0.000000,0.982260,0.959126,0.035061,-0.035061,False
AFT5J6QOJXIGZWFLXKAW6DEDYKVA,2651,20416,0.019251,0.004601,0.982006,0.958056,0.020753,-0.016530,False
AETN34MM52LZXBRETNU6O6KVTKTQ,2652,6576,0.017216,0.000000,0.981724,0.957087,0.036604,-0.036604,False
AGXKNAHWKCWU74KP4BRCW2NSWW2Q,2653,5903,0.018448,0.000000,0.981552,0.957036,0.038636,-0.038636,False
AFPSDKWBOKQRKTD2GCKDOG5KMHJQ,2654,4798,0.018057,0.000000,0.981102,0.957036,0.042855,-0.042855,False
AGCJCB57J5PDFKTMK4V6ZYIMIZGA,2655,8430,0.018484,0.000000,0.982405,0.959126,0.032261,-0.032261,False
AFSHMZJ2563DIY7KUGGH4PB2RPWA,2656,4697,0.019288,0.000000,0.981772,0.958107,0.043265,-0.043265,False
AGCVQM5SM6BVF25XIW74L7GGFLOQ,2657,8728,0.019641,0.000000,0.981939,0.959075,0.031707,-0.031707,False
AF2HV3JRC7AUG7NPYXUED4ZMZXMQ,2658,8723,0.018664,0.000000,0.982280,0.959075,0.031716,-0.031716,False
AHA2VLVJNU3BGAVHMXWKO7WKCGXA,2659,7660,0.017771,0.000000,0.981294,0.958107,0.033879,-0.033879,False
AGWGBSXM3MQKTMVXOMN35LKGXWJA,2660,5513,0.018646,0.000000,0.981898,0.957087,0.039978,-0.039978,False
AHSRLDTAB3KAYS75LMEI7W2IJASA,2661,7721,0.019190,0.000000,0.982209,0.957087,0.033781,-0.033781,False
AFSE656FI32TV5FE62DMMKINP2EA,2662,5326,0.018530,0.000000,0.981588,0.957087,0.040673,-0.040673,False
AHJ4YK5CHZQ4QJZUNNKZVOMDKTVA,2663,7437,0.018868,0.000000,0.981298,0.958107,0.034383,-0.034383,False
AEF6XHHY4L4AP7SECFHSOBQMAMTQ,2664,5807,0.018622,0.000000,0.981810,0.958056,0.038913,-0.038913,False
AEDTSN4EJBDRNO3U75QDDYLJTJ4A,2665,14324,0.019472,0.001981,0.981753,0.959075,0.024750,-0.022928,False
AF3Q54U7ZTVZEF7QJ6QATK7QNDLA,2666,7013,0.018665,0.000000,0.981943,0.956066,0.035483,-0.035483,False
AGA6YFOUB2U6X6J5GVZ2DE3N4MUQ,2667,5405,0.020158,0.000000,0.981734,0.958056,0.040334,-0.040334,False
AFVK356Y7WNJIYQHCHPYYGNHYKXQ,2668,5771,0.019068,0.000000,0.981846,0.959075,0.038993,-0.038993,False
AHMEG75KA5DMD36ZW3P3PTPAH4WA,2669,11140,0.018262,0.000000,0.982251,0.958107,0.028093,-0.028093,False
AHSS6ATF4QH4GZBEQ54LTLJVJFLQ,2670,6391,0.018765,0.000000,0.982534,0.958107,0.037091,-0.037091,False
AETXGCF36FY7PP3RNVGTGZVWXO7Q,2671,23947,0.020025,0.006498,0.982326,0.959075,0.019142,-0.013165,False
AEF4QCBYMXQN3RDFNM4ZXM67UTJA,2672,15252,0.018218,0.001268,0.980972,0.956066,0.024061,-0.022902,False
AHN7QO7GCXIOGEEGYQ2UD7LVG7OQ,2673,4751,0.018246,0.000000,0.981049,0.957087,0.043064,-0.043064,False
AGKYNKDZKGZJONU6HPIMXMUTCFSQ,2674,7584,0.020602,0.000000,0.982814,0.960143,0.033976,-0.033976,False
AERFSIGUZKWIES3W3FRBVUNX4RUA,2675,18267,0.018647,0.003159,0.982493,0.959126,0.021916,-0.019009,False
AGBXYTIEHHTQW3KCY5UYSSGMIPHA,2676,5010,0.017289,0.000000,0.980269,0.953970,0.042073,-0.042073,False
AEQGZGDBYSNVHUDER7LBYGXZK3MA,2677,6875,0.018164,0.000000,0.981661,0.957087,0.035799,-0.035799,False
AEGNI7IZS5Y7GWJVGIDJWROLZWBQ,2678,5240,0.019622,0.000000,0.981926,0.960092,0.040877,-0.040877,False
AGNSZL5KXPO5FABO6EJR3T2ELWSQ,2679,7672,0.019697,0.000000,0.982357,0.957036,0.033891,-0.033891,False
AFZ5I65JJHDHGEYLJTJK6AZNQ5BA,2680,3994,0.017637,0.000000,0.980918,0.958056,0.046921,-0.046921,False
AHVDFCOEVNZ4WGIXXFLA6RSETHRQ,2681,11533,0.018774,0.000000,0.981823,0.957087,0.027640,-0.027640,False
AHM43UJO6V5U6IEDARDC7LS2ENOA,2682,4952,0.017123,0.000000,0.981969,0.959126,0.042092,-0.042092,False
AEIRN72SL3Y2Q5T3BFR7STZDZI5A,2683,10167,0.019106,0.000000,0.981898,0.958107,0.029407,-0.029407,False
AF7TP6AYY2MOQ5YZ7UZN2U53GY5Q,2684,5177,0.019766,0.000000,0.981767,0.956015,0.041301,-0.041301,False
AF4T5RPWJXJS6P72SODZ7LJEQUXA,2685,5438,0.019260,0.000000,0.982527,0.960143,0.040124,-0.040124,False
AGMLFR2IRQGPXU3W5F5W6FUQAETQ,2686,6223,0.016556,0.000000,0.981135,0.957087,0.037628,-0.037628,False
AEAV2UUSIOJUPEBLLZAEFDGLIAPQ,2687,7215,0.019126,0.000000,0.981963,0.957087,0.034946,-0.034946,False
AFSNEH45IGUF23MBKFH4TY4S6D6A,2688,9463,0.021169,0.000000,0.982778,0.958107,0.030481,-0.030481,False
AGS4LY74Z274M4KH5PXDUG22E4RQ,2689,21358,0.019800,0.005477,0.982337,0.958107,0.020289,-0.015262,False
AHICGWRMC4GD7VHLFMKBVARJ6DZA,2690,5710,0.018285,0.000000,0.981870,0.958056,0.039242,-0.039242,False
AFSGANS6XCW3SS3KGMPH6SBFRQOA,2691,4482,0.017319,0.000000,0.981430,0.957087,0.044338,-0.044338,False
AFSKRBKXKHREEG7DNKSLHUKREI4A,2692,4544,0.017405,0.000000,0.981170,0.956015,0.044084,-0.044084,False
AGVQDS3VL7L4TVNVITE7AJOANDTA,2693,5419,0.016777,0.000000,0.979453,0.952946,0.040498,-0.040498,False
AEYBI3JT2E6M5WVV457G27YXXQUQ,2694,4525,0.018532,0.000000,0.981310,0.955044,0.044221,-0.044221,False
AHAFS4E6NJTO64CTO5KBPTN7KF5A,2695,28496,0.018816,0.006415,0.982001,0.956015,0.017604,-0.011741,False
AHZIHNW6OOJ4YJJN4WVC46M36BIQ,2696,6994,0.016484,0.000000,0.981465,0.956066,0.035531,-0.035531,False
AEBKAHAB4JTXXVVDXGO3CJSLZDBQ,2697,5914,0.018519,0.000000,0.982069,0.959126,0.038516,-0.038516,False
AGP6TIDX4WVW25J4J3BVUFTW36LQ,2698,4055,0.019231,0.000000,0.981635,0.958107,0.046564,-0.046564,False
AHKLR5H3QROA4F7ZJVCOZYGSPZ7A,2699,14183,0.019548,0.001971,0.982137,0.958107,0.024898,-0.023089,False
AF35KUQK45LLCSVCNP7SWL7THESA,2700,5006,0.016903,0.000000,0.981446,0.955044,0.042043,-0.042043,False
AE2RWATLMMUSX7TMKKCP2DYHDCWQ,2701,23449,0.018581,0.004911,0.981525,0.958107,0.019364,-0.014856,False
AHFPHVUL2MZM4YYUYE2ZQOTRVV5A,2702,6455,0.018446,0.000000,0.981188,0.957087,0.036946,-0.036946,False
AHCA3FF2KQI7SRT32XBZCNHFEHOQ,2703,9993,0.018918,0.000000,0.981593,0.957036,0.029695,-0.029695,False
AHVC65VOV46OLEZOAOBGM2L7M2HA,2704,6357,0.019129,0.000000,0.982235,0.959126,0.037150,-0.037150,False
AFKMX6JZ655VPVYHBTATZQS4IBOQ,2705,15858,0.016694,0.000071,0.981077,0.958056,0.023548,-0.023483,False
AECJOZHQ7KWXIFZHPSOEQYHOK3IQ,2706,9345,0.018497,0.000000,0.981593,0.957087,0.030706,-0.030706,False
AG4VLC3WRWUPR4XKG4KPOXFA6LHQ,2707,8589,0.017780,0.000000,0.981531,0.958107,0.031995,-0.031995,False
AEHTOGJ2OJ5TIFG2EFMWXHXYASCA,2708,5815,0.018710,0.000000,0.981042,0.957036,0.038928,-0.038928,False
AHW755HALUYCUV4XZ6VN6JN6STRA,2709,7164,0.017988,0.000000,0.982044,0.957036,0.035072,-0.035072,False
AFEIXWQVYO322QGI3W2CAAJUQSXA,2710,23315,0.018203,0.004494,0.981790,0.956066,0.019461,-0.015353,False
AH6NR2Q7F323VVUTIBCZA27BPEGA,2711,5843,0.019685,0.000000,0.982333,0.957087,0.038832,-0.038832,False
AFPYTWJGLR6BXQUZEZUINKBWZ5JA,2712,6081,0.018731,0.000000,0.981693,0.954993,0.038148,-0.038148,False
AGIAZY3EALI325BAMVZC4CGI6EIA,2713,5847,0.019079,0.000000,0.981840,0.957087,0.038819,-0.038819,False
AEGAARQ7APNX7X5D4XB3Z3SS6BYQ,2714,4502,0.019841,0.000000,0.982108,0.959126,0.044145,-0.044145,False
AHX4ZX7A6B35GDVQWPUTLK5BYSTA,2715,13966,0.019552,0.001839,0.982327,0.959126,0.025064,-0.023372,False
AFZH725RZ23IXX5TA44V5NEM7HEQ,2716,7502,0.019699,0.000000,0.982393,0.958107,0.034234,-0.034234,False
AEYMLXBBZTZQDWFTUH3ON7PFHFSA,2717,5420,0.018932,0.000000,0.982192,0.957087,0.040319,-0.040319,False
AESMEFOVUX4NQIMYIO3HI37YBKHA,2718,9389,0.019254,0.000000,0.982380,0.960143,0.030536,-0.030536,False
AELR4ZISE4URDI56E3XVN7AP422A,2719,4586,0.017842,0.000000,0.981556,0.956015,0.043881,-0.043881,False
AETIEGYSFUDCNXOAGQBY56XHS4RQ,2720,12563,0.018763,0.000087,0.982421,0.958107,0.026455,-0.026375,False
AG2C6A2ERINH56325T6QCUWGYVJQ,2721,4767,0.018086,0.000000,0.981337,0.958107,0.042946,-0.042946,False
AEF5MB2QOBP6PBEIXIFDGRX6VJWQ,2722,4776,0.018997,0.000000,0.981899,0.959126,0.042860,-0.042860,False
AERLC2UDULN7N5FQATSWDM2U4JTA,2723,4837,0.017557,0.000000,0.980855,0.956066,0.042725,-0.042725,False
AG4SGGZO4SXO7HKIOSRWEMO76UQA,2724,5562,0.018468,0.000000,0.981610,0.958107,0.039759,-0.039759,False
AHFHKPVJJ6KZE2LDKHOX47ZPEPBA,2725,6621,0.017354,0.000000,0.981745,0.957036,0.036481,-0.036481,False
AGYAYA64QSPPDNZ43TOZSAR2IJ7Q,2726,8103,0.019436,0.000000,0.982203,0.957036,0.032977,-0.032977,False
AGSPIUWZ6JJ6N2HKLHGV7VBSN6HA_1,2727,10416,0.017968,0.000000,0.982236,0.958107,0.029053,-0.029053,False
AHSPC5CJU3KSQTDFHAYJN5Z5X5CA,2728,5995,0.017289,0.000000,0.980700,0.957087,0.038337,-0.038337,False
AEW7T5OK55DUZ4EJKRRXZYNKRT4Q,2729,8270,0.017381,0.000000,0.981697,0.957087,0.032641,-0.032641,False
AGWY342JFDA3VD4A5DN3RHKLIBGQ,2730,18180,0.019269,0.003743,0.982417,0.960143,0.021945,-0.018494,False
AEORT2SOUGKL76PYWWGS4SUL3OSA_1,2731,24722,0.018423,0.005109,0.981733,0.956015,0.018900,-0.014230,False
AE4DMDCBOZ5DGWBQF3KCY5337JGQ,2732,6674,0.019462,0.000000,0.982243,0.958107,0.036296,-0.036296,False
AHDNIUCTSZAY4XEMCN3QKD6NHY4Q,2733,8383,0.018620,0.000000,0.982363,0.959126,0.032351,-0.032351,False
AFEP23NFXJI3T44Q4XC55NT6COAQ,2734,35154,0.017823,0.006658,0.981858,0.958107,0.015815,-0.009703,False
AG2EJPIALRKZQWAF3Q4ZNDYTQMWA,2735,13022,0.017524,0.000000,0.981246,0.957087,0.026012,-0.026012,False
AGQ2HP6PMIPJLLOX2I3VVYRK2HCA,2736,10091,0.019033,0.000000,0.981844,0.957087,0.029549,-0.029549,False
AEL6YYPDTZAOPQKOJSBXY537NH3Q,2737,14169,0.019289,0.001703,0.982176,0.959075,0.024885,-0.023319,False
AFZBRVQRMNE3RV6MZUYG4E5MZP2Q,2738,17943,0.018071,0.002444,0.982225,0.957087,0.022160,-0.019921,False
AH2IB5VEDFNG2HMMS3WYXO4JYZMQ,2739,17219,0.019497,0.003544,0.982732,0.959126,0.022573,-0.019312,False
AG4GOFNGMDU36UFD2CH5PGWIEW7A,2740,10382,0.020956,0.000411,0.982618,0.959126,0.029070,-0.028692,False
AFGBSQKH7ZHHGPLJNNOSXFJCR7XQ,2741,5074,0.017354,0.000000,0.981477,0.958107,0.041627,-0.041627,False
AHIRNZR35OCJEU4K2TYROGUQAKBA,2742,12343,0.018640,0.000000,0.982375,0.960092,0.026634,-0.026634,False
AEN5LX5777LX2H7KYOC3ZV7BHW7A,2743,13241,0.019325,0.001133,0.981868,0.958056,0.025770,-0.024730,False
AHDMAL5TGFYGKX66YVPSBYEVDXVQ,2744,5418,0.019269,0.000000,0.981859,0.956066,0.040370,-0.040370,False
AGI53IW32Q3RJYKUFQGA36JMCOKQ,2745,4290,0.018141,0.000000,0.981252,0.955044,0.045416,-0.045416,False
AE3TR2XUR4PAO3IQAZLPQ254OTXQ,2746,4616,0.019386,0.000000,0.981282,0.958056,0.043645,-0.043645,False
AF6UTAVRR3K743WXQGBER7HSAAPQ,2747,8816,0.018239,0.000000,0.980908,0.957087,0.031614,-0.031614,False
AGOHBDT4ITFA6OJ6FYEPZ7MV5YUA,2748,7550,0.018890,0.000000,0.982405,0.958056,0.034127,-0.034127,False
AHSQMVRKFLYTKXI5UHFXISLOE46Q,2749,14559,0.020174,0.002825,0.982605,0.959126,0.024548,-0.021950,False
AEVT7G4YZM2E5MI3SGA6J6EZZR4A,2750,42123,0.019258,0.009059,0.982088,0.958107,0.014447,-0.006132,False
AGQYTLVJV3COS6QCEYBO3G3ZENMA,2751,6520,0.018539,0.000000,0.981544,0.959126,0.036683,-0.036683,False
AHKMODQX6CK23H2UIZ43KP5QZR6A,2752,6465,0.018665,0.000000,0.981530,0.957087,0.036917,-0.036917,False
AE2APNKX4UAEBYWYZWY5ZADN32KQ,2753,16457,0.018150,0.001832,0.982117,0.957087,0.023138,-0.021460,False
AFIRDXKIWQG5TK6XGGUKG44Q3QNA,2754,12212,0.018664,0.000000,0.982139,0.957087,0.026861,-0.026861,False
AEYVPPWR4CIKWX4BGYKCBCDL2CZQ,2755,31508,0.017637,0.005844,0.981804,0.959126,0.016687,-0.011311,False
AHPA33UDNJSFMAC4434RUVHWNP6Q,2756,11633,0.019319,0.000000,0.982042,0.958107,0.027492,-0.027492,False
AEDVKDAZN7FTLWSG3VSXZNTW2IDQ,2757,4424,0.019108,0.000000,0.981761,0.959075,0.044535,-0.044535,False
AFHLKSW47AKUWYYBLAFNOF2GRAKA,2758,6069,0.018401,0.000000,0.982187,0.958107,0.038062,-0.038062,False
AGXBLKRDWSQC22LUPEBX5SIOQVWA,2759,5241,0.018450,0.000000,0.982149,0.958107,0.040958,-0.040958,False
AG255AWDO6UOCZ3NZA33DO6ERRYA,2760,4939,0.018755,0.000000,0.981762,0.957954,0.042199,-0.042199,False
AF2KNUSGFTIR5ZXKSEEXHTXIPR7A,2761,5236,0.019636,0.000000,0.981779,0.958107,0.040978,-0.040978,False
AG7NM7QU4MXV6SMECCFOS63VGV4Q,2762,7069,0.018144,0.000000,0.981669,0.960092,0.035194,-0.035194,False
AH6Z2YQWTP6LAMLX7VN2IXJKNVAQ,2763,5618,0.018783,0.000000,0.982403,0.959075,0.039520,-0.039520,False
AHXUXID2G63V7G4W6A4WIN7CCRJQ,2764,8196,0.018706,0.000000,0.981849,0.958107,0.032753,-0.032753,False
AFAHPCAHU3XBWSPWWBNPZSRZJK5Q,2765,6013,0.018102,0.000000,0.981381,0.957087,0.038279,-0.038279,False
AGTHAKGKUYJALL7LV2B3EVSM2XYA,2766,5288,0.019048,0.000000,0.982052,0.958107,0.040776,-0.040776,False
AH3GCL77XMMH23DYJBWV3QBRNH6Q,2767,8371,0.018410,0.000000,0.981597,0.957087,0.032443,-0.032443,False
AH7LDXK3GT67FZKMRW7MP477DJVQ,2768,4885,0.016771,0.000000,0.981414,0.957087,0.042470,-0.042470,False
AGECX44JOL7NOUX2N3F5WXVXVBRA,2769,7172,0.019856,0.000000,0.982470,0.959126,0.034976,-0.034976,False
AGM4UVNEXQXLBLSH5AGUZGXAFIWA,2770,7424,0.018551,0.000000,0.981806,0.960143,0.034340,-0.034340,False
AEPPREPGXD2Z3K45LGEW2ZSCJBIA,2771,5146,0.018491,0.000000,0.982376,0.960143,0.041247,-0.041247,False
AGOJFLBADU7CZEM5EIKOHQHT7LVA,2772,7443,0.018929,0.000000,0.981969,0.959075,0.034335,-0.034335,False
AEAUD2E4XHJI6XJDY4TNECNQ4EEA,2773,6151,0.016062,0.000000,0.980815,0.957087,0.037847,-0.037847,False
AEJJ4HTWBXN5WXB2X2NXUCIS2LFQ,2774,6505,0.017261,0.000000,0.981690,0.958107,0.036764,-0.036764,False
AEWUN4XMRUYX4XWVL5WRLMEMAFOA,2775,7833,0.018997,0.000000,0.981589,0.956066,0.033574,-0.033574,False
AESYTHEUCGQZR4QSELPK5RI6CSLA,2776,5961,0.018331,0.000000,0.981612,0.958107,0.038405,-0.038405,False
AHODD3PARPO54FNRADPLKP4TZUGQ,2777,17050,0.018847,0.002816,0.981802,0.956066,0.022757,-0.020183,False
AG24EM535WK2WEPXRFRBS7QRO46Q,2778,4875,0.018727,0.000000,0.982015,0.958056,0.042470,-0.042470,False
AHRBCL6MNOKHCF3ZMWV2PQRB4Q7A,2779,5433,0.020067,0.000000,0.982386,0.957036,0.040273,-0.040273,False
AHPG65LKS3QKRWDUWAKZNLEK5RZQ_1,2780,11585,0.017301,0.000000,0.980732,0.956015,0.027609,-0.027609,False
AE5PTCZIZG7X65BFIM6EYRABNXDA,2781,6430,0.018910,0.000000,0.981797,0.959075,0.036941,-0.036941,False
AFNYWDUPWKPQD4ZDLWBWZCJKLNDA,2782,5274,0.017993,0.000000,0.981901,0.958107,0.040830,-0.040830,False
AFIQLHOXJGGFHI3ZMEJROMHZMEZQ,2783,6957,0.018920,0.000000,0.982331,0.957087,0.035588,-0.035588,False
AFU3XTWCLLCF5Z4YWDJ7HHPAZWMA,2784,5687,0.018961,0.000000,0.982771,0.959126,0.039278,-0.039278,False
AHDNLOQPOEQ2L6YXCCCNUWKK7SJA,2785,5747,0.018629,0.000000,0.981835,0.959126,0.039072,-0.039072,False
AGKSBZKWZHGJKCNMBMM6AYTX3WHQ,2786,3786,0.016425,0.000000,0.980970,0.958107,0.048190,-0.048190,False
AFTCL2WPSSUILPX4AGK2KFG2X7FQ,2787,5533,0.019310,0.000000,0.982354,0.959126,0.039820,-0.039820,False
AFFW7M4JEAYPLMOFNGXJZZQLUYEA,2788,5710,0.017344,0.000000,0.981139,0.956066,0.039324,-0.039324,False
AFLHUBPZV67L3BLVWGVDMKU5D7UA,2789,10954,0.020423,0.000422,0.982452,0.958107,0.028331,-0.027943,False
AHN56ECOG54ZI4HWWGEMUQMZ6TUQ,2790,6993,0.019966,0.000000,0.982421,0.960143,0.035383,-0.035383,False
AEG7ZYNIXB5WKB7YXNU6BBNUAS4A,2791,7623,0.020371,0.000000,0.982877,0.959126,0.033925,-0.033925,False
AHPPU4M3N2FIOENT7SXDUJPDS6PQ,2792,8385,0.018501,0.000000,0.982350,0.960143,0.032313,-0.032313,False
AFKH5JGQRU3U7FWUGDPYDQFRHNJA,2793,4343,0.018223,0.000000,0.982013,0.959024,0.044951,-0.044951,False
AHEGS5VUBXZIZNQ3YLHKH6RCMJZQ,2794,5451,0.018881,0.000000,0.981978,0.958107,0.040161,-0.040161,False
AECNJEZHUGFLNU7Z6VNYLVUQQQDQ,2795,6817,0.019053,0.000000,0.982282,0.958107,0.035913,-0.035913,False
AEZG2W4TRMMNFFAWS2BPQE676K4Q,2796,31697,0.019473,0.007716,0.982104,0.958107,0.016655,-0.009572,False
AFABYMP565JRM7UTWNGXF6E6GL2A,2797,6127,0.018244,0.000000,0.981415,0.956066,0.037962,-0.037962,False
AFP5VNL55CIHTDHYPHBIPBYP4EHA,2798,7700,0.018738,0.000000,0.981520,0.957087,0.033827,-0.033827,False
AEGNC24TVTS47JL4ME36RXAMQTVA,2799,7003,0.020117,0.000000,0.982233,0.958107,0.035433,-0.035433,False
AFWG3VCBDRXV4MMDNVOFWS7J4TDA,2800,15266,0.018315,0.001373,0.982233,0.959126,0.023973,-0.022710,False
AFHLPILVTINGBE6RHVWNPB35YE6Q,2801,4958,0.018997,0.000000,0.982233,0.959126,0.042066,-0.042066,False
AF4GPEBQRCGMFH6VAESYFQCFL5ZQ,2802,11074,0.019013,0.000000,0.982252,0.961160,0.028088,-0.028088,False
AGOA7BWDPVRUG5K4HHKQFHALDRHA,2803,7897,0.019679,0.000000,0.982019,0.959126,0.033331,-0.033331,False
AESVJJ7VSHXGXUARIQSRC5UM3XVA,2804,6421,0.019373,0.000000,0.981887,0.958107,0.037004,-0.037004,False
AEAYK5TRLFC5J5MMW2VZ5UOVYJUA,2805,18372,0.018843,0.003399,0.982217,0.960143,0.021830,-0.018696,False
AHT5WSGAZBECQVESCGDK6ORYKORA,2806,4359,0.015972,0.000000,0.980605,0.955044,0.045055,-0.045055,False
AGFNIYBZ7EMW3CTBLV2E75KRRI3Q,2807,4960,0.018391,0.000000,0.981934,0.957087,0.042147,-0.042147,False
AGFLWZC4BBYYE2ZY3NXNOSHSJJNA,2808,3754,0.018150,0.000000,0.981325,0.956066,0.048498,-0.048498,False
AFPWTVLO64OEI2HXO3IOS7AEKV3A,2809,8347,0.019886,0.000000,0.982626,0.960092,0.032388,-0.032388,False
AEFLSA4IAQRPF6G3BH23PYA2YYKQ,2810,27149,0.019279,0.006575,0.981835,0.957087,0.018015,-0.011993,False
AEVA6FDG4VQRP2P7IE352ZSPSKAA,2811,9350,0.019698,0.000000,0.982328,0.958056,0.030667,-0.030667,False
AFN7XJ2HUAS7DU7XELUZKDIORBTA,2812,6002,0.019515,0.000000,0.982549,0.960092,0.038194,-0.038194,False
AELBFSL7STN2GUP3BAWKSOXJWYUQ,2813,5012,0.018440,0.000000,0.981767,0.958107,0.041883,-0.041883,False
AGH3O5QKKBVBNPHPAP6DQ63HBYKQ,2814,6911,0.018994,0.000000,0.982096,0.958056,0.035670,-0.035670,False
AGQNPHVDHICIZIBMSI3ECYO4RTDA,2815,5392,0.018615,0.000000,0.981968,0.956015,0.040469,-0.040469,False
AGEQPZPPIJOYSM3X77DQ3IQ5TD4A,2816,4564,0.017586,0.000000,0.981747,0.957087,0.043938,-0.043938,False
AFMUOWZ4DDFQQNW3TT4PW24PWDRQ,2817,7687,0.019305,0.000000,0.981520,0.957087,0.033856,-0.033856,False
AH4D76SJ2Y3VOVHEZKVVPWO3IKIQ,2818,4222,0.018242,0.000000,0.982296,0.959126,0.045585,-0.045585,False
AFD4FZHNXGOHCVTAPB7HOJSCP2EQ,2819,7618,0.018382,0.000000,0.981687,0.957087,0.034009,-0.034009,False
AGGQPSSYKEUIDKQK5CJSZHWVU7CQ,2820,11161,0.017490,0.000000,0.981161,0.957087,0.028097,-0.028097,False
AHMYTQHNWTWG3H2BDSA3GTVKPIHQ,2821,4633,0.018018,0.000000,0.981319,0.956015,0.043658,-0.043658,False
AFYF3RMBXF63VL5WHFNQCOFOWTHQ,2822,24115,0.018485,0.005004,0.981952,0.957036,0.019116,-0.014532,False
AGAC4A4L6I7B6AU2Y674LRSKYHLQ,2823,9434,0.020706,0.000000,0.982573,0.960143,0.030463,-0.030463,False
AETJVSLQFY2F7D5AZ7H4ONORPQEQ_1,2824,4156,0.020339,0.000000,0.982835,0.960143,0.045897,-0.045897,False
AECUQNTYGADM6XKCDKWEJPDQGNVQ,2825,5880,0.016487,0.000000,0.981058,0.958056,0.038671,-0.038671,False
AHHPMD6V4I2Z4SM3MIEMROX44JUQ,2826,12091,0.018029,0.000000,0.981336,0.960092,0.026910,-0.026910,False
AGYAFULM2L6YNLWUQWAM6SKXYGVA,2827,10449,0.016498,0.000000,0.982108,0.959126,0.028977,-0.028977,False
AFWZ7MZXTZ4GG6AP2LLNEOTBDA7Q,2828,4696,0.018639,0.000000,0.981924,0.957036,0.043318,-0.043318,False
AEOWGUSJMRLKRYP56M43YT5C2TSA,2829,9928,0.018810,0.000000,0.981737,0.957087,0.029791,-0.029791,False
AFGCJIO7DNVCCZPG4KVMKKXVPJLQ,2830,11513,0.018427,0.000000,0.981727,0.957087,0.027664,-0.027664,False
AH3OA7UZZDPP45TKL3XYPE6SALPA,2831,9048,0.017407,0.000000,0.980666,0.956066,0.031239,-0.031239,False
AG4I7OL7GICMY4PRESVKVW4HK6TQ,2832,20758,0.019879,0.005350,0.982410,0.957087,0.020602,-0.015702,False
AFZ6AFS7QH2XQJ5YVAIAIIQOMJYQ,2833,3795,0.016393,0.000000,0.980745,0.956015,0.048238,-0.048238,False
AHM6PNKJS3K3GYC6MXUYVD62KUMQ,2834,5892,0.018892,0.000000,0.981853,0.956066,0.038712,-0.038712,False
AF7YD2GMNDP6KUR7MGO5QK6ISZNQ,2835,6913,0.017837,0.000000,0.981835,0.957087,0.035701,-0.035701,False
AHRKSR7YAA6TGQGDO6CA5GDTRXDA,2836,5302,0.018268,0.000000,0.982159,0.958107,0.040722,-0.040722,False
AEVLDOXJ3ZE2JLNGWBT2FOPRMB3A,2837,8445,0.018868,0.000000,0.982243,0.957087,0.032301,-0.032301,False
AEEX2WRVPIRNRDB44DF22VTO2DUA,2838,9764,0.019786,0.000000,0.982015,0.957087,0.030040,-0.030040,False
AHYA2FWSOMURLKEWO6ETKYQTRSIQ,2839,5914,0.019536,0.000000,0.982011,0.958056,0.038559,-0.038559,False
AGPIQK2GLZQLAF3BOENG2KHDXFVA,2840,7252,0.017958,0.000000,0.981327,0.956015,0.034895,-0.034895,False
AEIM3OP6ADOPSM4W7OXP2CM6G65A,2841,5580,0.018979,0.000000,0.981856,0.955044,0.039822,-0.039822,False
AEBHOB3LZW4G2YKOR5DY4MQIVNFA,2842,6298,0.020104,0.000000,0.982313,0.958056,0.037365,-0.037365,False
AFBYL2QEG462L2MLUCBRDZS7VWTA,2843,8920,0.018554,0.000000,0.981443,0.957087,0.031429,-0.031429,False
AHBMKXIATNDG7I4FAAAQKWVLQMIQ,2844,9308,0.019239,0.000000,0.981976,0.958056,0.030736,-0.030736,False
AH5DLRT53GUF654APBPQDBSTSD6Q,2845,6508,0.020073,0.000000,0.982471,0.958107,0.036756,-0.036756,False
AETG6PGRERJL3MQCD6DI3OQGFSXQ,2846,6677,0.020225,0.000000,0.982208,0.957087,0.036326,-0.036326,False
AHJPNFZDSQAACCYT5XMAVO7WAFRQ,2847,18789,0.018884,0.003612,0.982241,0.959126,0.021609,-0.018286,False
AGA5ERKYNHM6AHCZ2UTS5XZLU5QA,2848,5434,0.018283,0.000000,0.982231,0.958107,0.040224,-0.040224,False
AE4ACJAS2JESKVSTFEGR77WFC2NQ,2849,21441,0.018987,0.004691,0.982277,0.958056,0.020251,-0.015945,False
AGMGJENGFBLDLGUGIJXQ7V4NPVMQ,2850,27148,0.018258,0.005554,0.981405,0.957087,0.018015,-0.012928,False
AHCRCBG3L7SZB5GU4VMFUFEJH5TQ,2851,23193,0.019931,0.006185,0.982342,0.959126,0.019449,-0.013759,False
AEDJ3ICA5LN4Y5LZADKSRIS6IHCA,2852,6308,0.019399,0.000000,0.981905,0.958056,0.037336,-0.037336,False
AHQ7EPM5HNCDGNFWSFJU5JPIEDGA,2853,5350,0.017893,0.000000,0.981490,0.957087,0.040582,-0.040582,False
AEAQOM2CZ2I3USZR4CE6XHTZZHIA,2854,5563,0.018401,0.000000,0.981532,0.957036,0.039800,-0.039800,False
AFZIHXLLRIZYAZDRCGC3Z4DYUMQQ,2855,5827,0.017659,0.000000,0.981963,0.957036,0.038888,-0.038888,False
AEVOB3QCKW4D2YH3C5EFJXAIXHEA,2856,5829,0.018842,0.000000,0.981658,0.958056,0.038839,-0.038839,False
AHZGQXTGR3WB6CQR3PP2TB2YPTUA,2857,208863,0.018089,0.013509,0.981910,0.958107,0.006488,0.005912,True
AGQN2DS4NE27V7DWAQT3242BBYPA,2858,6686,0.018232,0.000000,0.981943,0.959075,0.036226,-0.036226,False
AG4PLMF3U4KFWVAOV4NDVOIJNPDQ,2859,7539,0.019123,0.000000,0.981990,0.959126,0.034114,-0.034114,False
AGY45ZXEHMDKRWNHJNWN46VOJ54A,2860,7439,0.017757,0.000000,0.981595,0.958056,0.034381,-0.034381,False
AHN22PZT5J4PWUTUG7K32KIROH6Q,2861,10232,0.018789,0.000000,0.982035,0.959126,0.029282,-0.029282,False
AFTRM6DYEBLY6WCVATTSENTHPZJQ,2862,6917,0.019776,0.000000,0.981667,0.958107,0.035652,-0.035652,False
AHMMBO7EE3UMGYHT5K5P54ND6DWA,2863,15865,0.018666,0.002047,0.982042,0.958107,0.023541,-0.021662,False
AFDES52WQO3FHH7LGY7EUH7BDCNA,2864,5646,0.019620,0.000000,0.982099,0.959075,0.039422,-0.039422,False
AGT3Z52Z65ZKWWMPHD2KZLT6VXLQ,2865,33367,0.018776,0.007316,0.981619,0.957036,0.016251,-0.009550,False
AGYOOOF3X6KSMLZIWBPMMQGAC5FQ,2866,7250,0.019009,0.000000,0.982350,0.959126,0.034787,-0.034787,False
AGU7PXXOM24XC55U2CFUTD7X6FFA,2867,23612,0.019360,0.005737,0.982374,0.958056,0.019298,-0.014032,False
AF42AMQFGUQVL5HUY4OH3JTLAOCA,2868,4861,0.017391,0.000000,0.981737,0.957036,0.042577,-0.042577,False
AHHLGWPDHJGZGN5UM2UO76AJQJ4A,2869,8913,0.017974,0.000000,0.981308,0.956066,0.031475,-0.031475,False
AEBZJGN6VG5Z2E7AVXBGXHOU5KPA,2870,7035,0.018615,0.000000,0.981837,0.957087,0.035390,-0.035390,False
AGFOX4T5F4APNS74FHDC2FHKE5IA,2871,4273,0.019169,0.000000,0.981652,0.957087,0.045409,-0.045409,False
AGLIK7JF7BZWNBTMOGOR5VG7JMGA,2872,6192,0.018768,0.000000,0.982384,0.959126,0.037642,-0.037642,False
AE4BY225FXPK32UJ5I67YPNQLIPQ,2873,23731,0.019072,0.005483,0.982469,0.960041,0.019209,-0.014156,False
AGVVVALPBNHRSEC7AGSVYAD33YUQ,2874,5428,0.018908,0.000000,0.982235,0.959126,0.040204,-0.040204,False
AHYDKUH62SQ4OWDEOYEEE5PL5AJQ,2875,5886,0.016393,0.000000,0.980914,0.954021,0.038814,-0.038814,False
AEZP6Z2C5AVQDZAJECQYZWQRNG3Q,2876,12984,0.018568,0.000197,0.982134,0.958107,0.026022,-0.025842,False
AFKDMH3LF6HWDMSG7JGPQA6M4SVA,2877,5792,0.017741,0.000000,0.981437,0.955044,0.039086,-0.039086,False
AGV5NQ4JDQD6NHXVF6AVZPVDX66Q,2878,47024,0.018839,0.009186,0.981666,0.958107,0.013674,-0.005241,False
AFFU7MCUYCZCDWNRLM2S46JEI2EA,2879,10240,0.018623,0.000000,0.981942,0.959126,0.029271,-0.029271,False
AGBZTDO6WLH4VW2YCOC7CKGJQNJA,2880,16071,0.018627,0.002115,0.982492,0.956066,0.023440,-0.021507,False
AGWS5WAG4X34YIKBNI44UVEZJGQA,2881,10044,0.019533,0.000000,0.982327,0.958107,0.029587,-0.029587,False
AGP7S3IRJ5QNJL5TMST6OPENPQRQ,2882,7557,0.017567,0.000000,0.981893,0.957087,0.034146,-0.034146,False
AF6UXJKNCDIFZCL3JPDPIZ3Q5ZEQ,2883,5166,0.018005,0.000000,0.980715,0.956066,0.041342,-0.041342,False
AE5BCIMWYXN2F3HE5SIGCLTU277Q,2884,6383,0.018574,0.000000,0.982528,0.957087,0.037153,-0.037153,False
AENF3YG6JBULQGMMIJPFCOB3CHSA,2885,5613,0.020223,0.000000,0.982023,0.958056,0.039580,-0.039580,False
AHMD4J7GTK2NSI7CQVL764KXO2MA,2886,5434,0.018773,0.000000,0.982570,0.958056,0.040226,-0.040226,False
AF42FV7ZU224XIHCU47NMD6SK4AQ,2887,3856,0.018797,0.000000,0.982174,0.956066,0.047853,-0.047853,False
AGLL7CPD56HB3XKAZGNJ5IP27FNQ,2888,28254,0.017955,0.005501,0.981449,0.958107,0.017640,-0.012591,False
AHRGDPUQS3UBFH4H2OZD3NWA3RGA,2889,8665,0.019095,0.000000,0.981946,0.958107,0.031854,-0.031854,False
AEYL7IITMEHHN64SHXTR4H2R6EQQ,2890,5616,0.019330,0.000000,0.982025,0.957087,0.039609,-0.039609,False
AG7SVRGJ5BM4KRSN354GSHDUY35Q,2891,11421,0.019342,0.000000,0.982342,0.960092,0.027688,-0.027688,False
AFMTB6XAI3YBCJVTOGKOFJU3LUOQ,2892,18523,0.017645,0.002264,0.981126,0.956015,0.021834,-0.019765,False
AHF2Q6IQXQWNW2QUZ6CQTYQB6EQA,2893,6292,0.020368,0.000000,0.982475,0.957087,0.037421,-0.037421,False
AEAXTXXZ4NLDZW6B6FI4U2SOZOWA,2894,5273,0.018815,0.000000,0.982257,0.959126,0.040790,-0.040790,False
AFN7GACKXTF3AWN6DOGFNLEOQ2OA,2895,20506,0.017272,0.002654,0.981265,0.956066,0.020751,-0.018325,False
AEPEDW5FBBJ2XYR2BIJAKUPHCMHA,2896,7306,0.019653,0.000000,0.982375,0.958107,0.034690,-0.034690,False
AHR3H2GGG6JCM5CECI3QMWKSTE3Q,2897,4711,0.018490,0.000000,0.982155,0.959126,0.043155,-0.043155,False
AE4RIJOVOVA2YZLFX775C4UZQNAQ,2898,7449,0.018557,0.000000,0.982136,0.958107,0.034356,-0.034356,False
AHC5J6N2P7OVOYZZUFMNTOIWIJ4A,2899,3657,0.018340,0.000000,0.981731,0.958107,0.049033,-0.049033,False
AFYAG7CSWHL2WLV52JBRW462JJFQ,2900,5620,0.018439,0.000000,0.981422,0.957087,0.039595,-0.039595,False
AE7EIS6XYV4XXJ66AZVESUQ2QF6A,2901,5230,0.018868,0.000000,0.981740,0.957087,0.041045,-0.041045,False
AGQSAGRYAUXXM5Z6PVFBYYFFU5QQ,2902,5949,0.019429,0.000000,0.982011,0.959126,0.038403,-0.038403,False
AH3BXW7KLIS2VAE56UXJS2NS7I5A,2903,13563,0.019345,0.001371,0.982352,0.960092,0.025408,-0.024145,False
AFKBUQBOWYAUFRGZAHKTTDF4LH3A,2904,7550,0.019618,0.000000,0.982198,0.956066,0.034198,-0.034198,False
AE2J5DDVCHVMRBD7BJ24ETJFQSOA,2905,5569,0.018349,0.000000,0.982031,0.958107,0.039734,-0.039734,False
AHSEGNS77TLPYIWMD7JKHV4VPTBA,2906,21370,0.018730,0.004410,0.982012,0.958056,0.020285,-0.016237,False
AE3H7UXU4IIC7QDBIVKZVKHXBCAA,2907,7677,0.018009,0.000000,0.982012,0.958107,0.033842,-0.033842,False
AHSJMJWY5FSOQKO7FRKLE5KRD24A,2908,11715,0.019566,0.000225,0.982103,0.958107,0.027395,-0.027188,False
AEAZ4ALBHH42OZPTZP3JSVAQMNXA,2909,4010,0.016667,0.000000,0.982654,0.958107,0.046825,-0.046825,False
AGJCYVCTN7GIENR7XGKY5LQSEXDQ,2910,7317,0.021622,0.000000,0.982615,0.959075,0.034629,-0.034629,False
AEOX46QIOAQYLU3KJ7TMIPVBMVIA,2911,5725,0.018566,0.000000,0.981427,0.958107,0.039189,-0.039189,False
AHGPQ37FYIJYULFHMF6MS5KX6VJQ,2912,9508,0.017002,0.000000,0.981357,0.954021,0.030539,-0.030539,False
AGK7LQIMYOFD5UR6JTJYQNQHIP4Q,2913,6205,0.017780,0.000000,0.981023,0.956066,0.037723,-0.037723,False
AEALOAGLZ4HTFWFPB2X2NOH5OYNA,2914,6855,0.017172,0.000000,0.981970,0.957036,0.035853,-0.035853,False
AHB545NIBWW4DV23YOF6NKYQ6NBA,2915,22656,0.016957,0.003050,0.981409,0.958056,0.019701,-0.016901,False
AHARXOYR2HZCCPJ7IZSV4WTXQMXQ,2916,6133,0.019672,0.000000,0.982209,0.957087,0.037903,-0.037903,False
AGPGG7WGGS5HXQ6L6SMPXADKKOCA,2917,7577,0.018216,0.000000,0.982021,0.959075,0.034030,-0.034030,False
AF5T5YATPPSFCEM3UK5YTVOU4IZQ,2918,9752,0.018852,0.000000,0.981845,0.958107,0.030026,-0.030026,False
AE7ASEVRPJIQKV5PTPOX4AIDSYPQ,2919,6955,0.018581,0.000000,0.981417,0.957036,0.035595,-0.035595,False
AGX3AJ2D4XNUU6YESJ4G2HZK547A,2920,6067,0.018634,0.000000,0.981698,0.958056,0.038070,-0.038070,False
AHC6HHDXZRRMMNA4RTWJLDTVRANA,2921,5166,0.019172,0.000000,0.982521,0.959126,0.041211,-0.041211,False
AGGPYEPHVLFMAZK5MQMZQUX6FWGA,2922,6211,0.020506,0.000000,0.982399,0.958107,0.037624,-0.037624,False
AFWMAREYRP3DEKOE3DHJJQ6UNXYA,2923,4327,0.018476,0.000000,0.980829,0.956066,0.045173,-0.045173,False
AEICWNHLXQDGNO2XLQ7DKMJCSXZA,2924,4530,0.018033,0.000000,0.981739,0.959075,0.044011,-0.044011,False
AESDODWKLW32QTRNWQYWHJSO7C7A,2925,5955,0.019455,0.000000,0.982412,0.958056,0.038426,-0.038426,False
AH4TDMQHUBY3D4BX2QO3SRHEIGQA,2926,8337,0.018700,0.000000,0.982015,0.957036,0.032511,-0.032511,False
AFP6MGUZJXZS2CEMNEDE6OSI4ZFQ,2927,6728,0.018960,0.000000,0.982369,0.960143,0.036073,-0.036073,False
AGDKEE5KR5ZW4PBRXPSLGSMK2MKA,2928,4596,0.018011,0.000000,0.981958,0.954993,0.043880,-0.043880,False
AG73KPN6A7OHE4TDURUPA23EKGPA,2929,7493,0.019043,0.000000,0.981908,0.959126,0.034218,-0.034218,False
AG3PBRFNWNXXDVXAT67MRO7J3KYA,2930,10137,0.019237,0.000000,0.982463,0.959126,0.029419,-0.029419,False
AEPBTWL72RD6XOTW3HFIACUBIPSQ,2931,5060,0.017372,0.000000,0.980905,0.956066,0.041773,-0.041773,False
AH3ODUOFNNVKUICPVY6X7UK5IWYQ,2932,5055,0.018560,0.000000,0.981684,0.957087,0.041749,-0.041749,False
AFZLBERQPA3V4XA4BCQ4Z4KYYLFQ,2933,9268,0.018225,0.000000,0.982200,0.958107,0.030800,-0.030800,False
AH76RNVXZKA5VFZFH76O6U6QEVGQ,2934,7922,0.018858,0.000000,0.982062,0.957087,0.033350,-0.033350,False
AGGYFVQ524L62PL5GEEHV3NGKT2Q,2935,4941,0.017806,0.000000,0.981244,0.957087,0.042228,-0.042228,False
AHNZQLIFT6OIXVVS6MS5SCMLWCBQ,2936,4586,0.018312,0.000000,0.982151,0.957087,0.043832,-0.043832,False
AH6KH3PEADMEAN2IR5QMAAA5YKTQ,2937,8724,0.018257,0.000000,0.981369,0.956066,0.031814,-0.031814,False
AFEAADP4WF3WCCCWDJBVZOSBXCVA,2938,13301,0.020006,0.001855,0.982447,0.960143,0.025656,-0.023945,False
AEKMZRFI24IXTBXMZOKENNL3VFBQ,2939,5747,0.020722,0.000000,0.982713,0.961109,0.038991,-0.038991,False
AHXY7OKWZZA2AMR6HYTRAN2ZIL7Q,2940,24673,0.019595,0.006268,0.982195,0.958107,0.018877,-0.013123,False
AFHRGIQHOS75DP7CP4ILF6RTMYIQ,2941,5734,0.018170,0.000000,0.982447,0.959126,0.039116,-0.039116,False
AEH6WQXNWZQA3ZL4T4LMXZ4OGW4A,2942,7709,0.018816,0.000000,0.982072,0.958107,0.033771,-0.033771,False
AEXBAGK42T4VUE6DK5APFV5ZJQKA,2943,6873,0.019473,0.000000,0.982008,0.958107,0.035766,-0.035766,False
AGZZU4U7G74SBKXOUAH57MWALSOQ,2944,9697,0.018651,0.000000,0.982251,0.957087,0.030143,-0.030143,False
AE5INRAIGFDNXPWT5LNVJEEAAHBQ,2945,57575,0.019771,0.011047,0.981819,0.956015,0.012385,-0.002288,False
AHS5OQLOPMP2YCRIWK3W6WDJ7BLQ,2946,6117,0.019521,0.000000,0.982183,0.958107,0.037912,-0.037912,False
AELCQ4XXBVXQGVV6ZKPSMATY5VFA,2947,8280,0.020478,0.000000,0.982800,0.959075,0.032553,-0.032553,False
AG7BPICCM3LVR4A52RQBYS5JLYPQ,2948,3830,0.016889,0.000000,0.980829,0.953970,0.048120,-0.048120,False
AH2D3DFBV7M72TOCB36TKOOPCY7Q,2949,5518,0.019297,0.000000,0.981627,0.960143,0.039832,-0.039832,False
AEAD7ZP6VV4IJL2Z2HVIRVEBHZJA,2950,5443,0.018068,0.000000,0.981651,0.957036,0.040236,-0.040236,False
AGSGIJR2WQ6XRRRYNMSVCJLOH3CQ,2951,5689,0.017599,0.000000,0.981355,0.955044,0.039438,-0.039438,False
AGVTEUBWUZ6IKQF5XWBICOPTM2LQ,2952,6035,0.020083,0.000000,0.982068,0.958107,0.038169,-0.038169,False
AEVNAOGKLGUNEKB6IGX3GZFFWBJQ,2953,6336,0.019075,0.000000,0.982144,0.960143,0.037172,-0.037172,False
AFD3QKEFR4QC5A77SE52O634AH6Q,2954,9463,0.018322,0.000000,0.981700,0.956015,0.030548,-0.030548,False
AFWICO7S6CSLJETX6O4DTDQIWUGQ,2955,7084,0.019312,0.000000,0.982418,0.958107,0.035230,-0.035230,False
AFQRNCF4VRLK654LPYWZYBZM3MVQ,2956,7516,0.018062,0.000000,0.981838,0.958107,0.034202,-0.034202,False
AEG6ASBOHNKM2H5ZOADIGDHRMUOQ,2957,4870,0.017606,0.000000,0.981359,0.958107,0.042490,-0.042490,False
AGSP5T6QDRZHHZZ4V5DFE62ZVXOQ,2958,8254,0.020197,0.000000,0.982440,0.960092,0.032570,-0.032570,False
AG2TLPRRHQWYTBYVTE35TFE4WAOQ,2959,7936,0.019724,0.000000,0.982212,0.958056,0.033287,-0.033287,False
AH4IUUFWBACGOJCLV5HWBJBLHKQQ,2960,5891,0.019217,0.000000,0.981729,0.958107,0.038632,-0.038632,False
AFC5ELAF3WQ726FJEUQZSOWDKVZQ,2961,9457,0.019859,0.000000,0.982002,0.959126,0.030459,-0.030459,False
AHNGXLYEOGW5COA66X5ZXJOOCQ3A,2962,4770,0.018156,0.000000,0.981689,0.957087,0.042978,-0.042978,False
AFV23FOLCTY6JC6Q7P3GSJ5AABJA,2963,7253,0.018364,0.000000,0.982136,0.958107,0.034817,-0.034817,False
AFJAB5S4BMMXACJU7CEK356C2AYQ,2964,55684,0.018071,0.009200,0.982163,0.959126,0.012552,-0.004089,False
AE4JPPM4YPZ4EONHBXME6VWPVS2Q,2965,8043,0.018978,0.000000,0.982178,0.959075,0.033029,-0.033029,False
AFFV2L7G7ZRITBQ7GVVKMO4J26XA,2966,7048,0.019053,0.000000,0.982237,0.958107,0.035319,-0.035319,False
AG4WSKK6TG3LFCXZ5ZM4KEWLBNRQ,2967,10776,0.018170,0.000000,0.981457,0.957087,0.028594,-0.028594,False
AE75H4JVORAPLLQO3MAC3FRN4MAA,2968,6618,0.019704,0.000000,0.982270,0.959075,0.036412,-0.036412,False
AEXYYBY3TRVAAGBXZWZP3EYCHXAQ,2969,7150,0.017602,0.000000,0.980873,0.955044,0.035179,-0.035179,False
AHXFDISHJCHQZRESFA3SIAR6GVMA,2970,6273,0.018077,0.000000,0.982293,0.958107,0.037438,-0.037438,False
AGO22BUOE6AX3PRTYLVVQKPR4R7A,2971,43589,0.018371,0.008344,0.982411,0.958107,0.014202,-0.006542,False
AGB7ZKRLJLQ5KJYNFCNXXMN4G36Q,2972,10188,0.019790,0.000000,0.982229,0.958973,0.029350,-0.029350,False
AGPFJ4F4XFOHAKDDX3AITBNIOCMQ,2973,63805,0.017933,0.009646,0.981889,0.958056,0.011739,-0.002885,False
AF3QJNS6XCODZPL6SVDDITEDSIIQ,2974,11011,0.018425,0.000000,0.982409,0.960143,0.028198,-0.028198,False
AF4P3SU3FCXKY52PIF5MDE43N4IQ,2975,6300,0.018911,0.000000,0.982545,0.958107,0.037357,-0.037357,False
AHY5L4NFQJZOERBXDM7EHXZWQMBA,2976,3861,0.017872,0.000000,0.982004,0.958056,0.047722,-0.047722,False
AGOJALZXRUHUYIYJO43DNE46PZGA,2977,7757,0.017941,0.000000,0.981396,0.955044,0.033775,-0.033775,False
AF4AYT2KDUA3BZUYDOV54XGILQ2A,2978,4279,0.018119,0.000000,0.981950,0.958107,0.045329,-0.045329,False
AFKZ5EC56OPE56AE57EWADWTQFXQ,2979,7018,0.020035,0.000000,0.982615,0.958107,0.035395,-0.035395,False
AFGM3WALHHNWCL3WI75IQQTENANA,2980,31167,0.019949,0.008091,0.982222,0.959075,0.016779,-0.009336,False
AFVTHPT46GLPZLSL64FJFXT2535A,2981,4536,0.018868,0.000000,0.981985,0.955044,0.044167,-0.044167,False
AFRDP7XVDBRVHJV2BCP76MI355RA,2982,12119,0.018301,0.000000,0.982210,0.959126,0.026906,-0.026906,False
AG3IKRZQLJKKTTUCRSNS2GIXKOSA,2983,10256,0.018962,0.000000,0.981579,0.957036,0.029312,-0.029312,False
AEUPV47K3MID5ZL4QXGIED3GRZIA,2984,6849,0.019499,0.000000,0.981809,0.957087,0.035867,-0.035867,False
AEOOFIVJLXKVNYX6NM5PGAEKONVQ,2985,9763,0.018571,0.000000,0.982123,0.959126,0.029977,-0.029977,False
AEYFIW5EZMPHAQ3GIKWEZCYEHP5Q,2986,4363,0.017671,0.000000,0.981755,0.956066,0.044986,-0.044986,False
AHDDDUNFUZVAR3R2PD4HABZCJMBA,2987,4135,0.017309,0.000000,0.981090,0.957036,0.046163,-0.046163,False
AHNTAHDGESFMTOVBMCCCO3R5ZYUQ,2988,7198,0.019525,0.000000,0.982222,0.960092,0.034877,-0.034877,False
AG2SIW25DLCWFWTLS4CFAAREW5WQ,2989,7087,0.018970,0.000000,0.982107,0.958107,0.035222,-0.035222,False
AGEN4RIQ7PSB74XHK5AG7LJMNCSA,2990,9738,0.018839,0.000000,0.982026,0.959075,0.030017,-0.030017,False
AEUNG334KUZWXHHAIRMJXCBT5FYA,2991,14195,0.018548,0.000978,0.982070,0.958056,0.024889,-0.023991,False
AHZKXDFUNNEGHAIB7N7UJSWGFOLQ,2992,5945,0.019632,0.000000,0.982226,0.958056,0.038459,-0.038459,False
AHRMJPYIRMJZNMUCT2TEOTEYUICA,2993,10487,0.018365,0.000000,0.981661,0.959075,0.028926,-0.028926,False
AH4XFUJHJBD23NTO5F774MBO3O6Q,2994,5247,0.018464,0.000000,0.981698,0.957087,0.040978,-0.040978,False
AEOCAUXMWWWC2TDXR7OX2DGORO7A,2995,6645,0.019910,0.000000,0.982089,0.959075,0.036338,-0.036338,False
AHHJ4BPQ5TYIUPESYDW6HDSKNIAA,2996,5742,0.018430,0.000000,0.982166,0.959075,0.039091,-0.039091,False
AG7GB4YT6G3ZDXENSCTMLVRMIN2A,2997,4246,0.019231,0.000000,0.981536,0.958056,0.045507,-0.045507,False
AFPIVFTKD2B5U365NQ2PSOOZZBFA,2998,8963,0.018101,0.000000,0.982140,0.960092,0.031255,-0.031255,False
AE6ZACDI7GDCKS5MTEQZVYT4DORQ,2999,8867,0.017878,0.000000,0.981124,0.954993,0.031592,-0.031592,False
AF3QJUZMINQU5V6DCZIN4CPGLCOQ,3000,5364,0.018605,0.000000,0.981918,0.958056,0.040488,-0.040488,False
AECTZ66656CDAFHMJI3PIJVIN3UQ,3001,5900,0.018890,0.000000,0.982161,0.959075,0.038564,-0.038564,False
AHSRXEAKIZWDKIKTZF2HOG6NF2CQ,3002,5576,0.019346,0.000000,0.981899,0.958107,0.039709,-0.039709,False
AGZFC4267K7DXCAQPVQEXJHFUEWA,3003,9352,0.019165,0.000000,0.982114,0.959075,0.030631,-0.030631,False
AHSGGWMLBEVI573TDJAKIUGRFKFA,3004,4698,0.016680,0.000000,0.981624,0.957087,0.043307,-0.043307,False
AGLRX3SNKMVXT7LB4CNMLQOZBD3A,3005,7536,0.019388,0.000000,0.982269,0.958056,0.034159,-0.034159,False
AHBWJLR2FWXYGPSSCWWU7DRXBSIA,3006,7910,0.018075,0.000000,0.981692,0.958107,0.033339,-0.033339,False
AEA4I6B4EUGTHM2PEZYDRNXONDIA,3007,6545,0.018652,0.000000,0.982411,0.958107,0.036652,-0.036652,False
AGYGB42MVBQ4X2XNEX45VHJD7GOA,3008,4855,0.018349,0.000000,0.981590,0.958056,0.042557,-0.042557,False
AGRH5XIRBBJTYZ75VD73TU7JG5LQ,3009,6524,0.018585,0.000000,0.982251,0.958107,0.036710,-0.036710,False
AEJUZT6ZKPG4ATV7G4D3LNC624XQ,3010,5565,0.019337,0.000000,0.982222,0.959126,0.039706,-0.039706,False
AFLI33M7ADMQ2B3DSIJLODWUHTAA,3011,5535,0.018355,0.000000,0.982207,0.958107,0.039856,-0.039856,False
AERXVEPEZCQKJBVO6ALDYGWDSQYA,3012,6277,0.018746,0.000000,0.982300,0.959126,0.037386,-0.037386,False
AEMUDVQWVGL2U7M52PFGDRO3DQTQ,3013,4900,0.017618,0.000000,0.981785,0.959075,0.042317,-0.042317,False
AHJBJXPD5RRVYSGZ2KTEM6WLXGXQ,3014,6393,0.016693,0.000000,0.981346,0.957036,0.037126,-0.037126,False
AE5RI4JTP6U32UO6VJY3MS4OLORQ,3015,5585,0.018330,0.000000,0.981566,0.957036,0.039721,-0.039721,False
AE3QO7L7NG7AUKZEYEOLHM2Q7M3Q,3016,7550,0.018636,0.000000,0.981918,0.956015,0.034200,-0.034200,False
AEGSMK2RONJ4PU4US54TRRMINDIA,3017,7659,0.018248,0.000000,0.982110,0.958056,0.033883,-0.033883,False
AGDJ4U4GGIQ6AJLIBE6RSDPL2VYA,3018,5193,0.017943,0.000000,0.982202,0.958056,0.041149,-0.041149,False
AFQM4LM7JQGYBETRKRKNTUP5CVNA,3019,17943,0.019368,0.003740,0.981651,0.957087,0.022160,-0.018733,False
AGBE4G65WDC55OINI4OQKENARLJQ,3020,6515,0.018530,0.000000,0.981907,0.959075,0.036699,-0.036699,False
AEJYZEXHGRPOQ7JWTECOBUIRSEDA,3021,23791,0.018409,0.004837,0.982191,0.959126,0.019203,-0.014754,False
AERPMHQCRO2J4KJSGXXXOO7EOD3Q,3022,5332,0.017579,0.000000,0.982284,0.959075,0.040566,-0.040566,False
AFDFF7MGLO3PBKMESF6JCR4EW3FQ,3023,4240,0.017588,0.000000,0.981403,0.957087,0.045586,-0.045586,False
AEMT3I6AICC5YI7Z5G2V4LEGYKPA,3024,20700,0.018533,0.003983,0.982588,0.958107,0.020609,-0.016953,False
AHJYWQZ5PICKUZPXVE4HU7L5PE7A,3025,32942,0.019010,0.007476,0.981947,0.958056,0.016338,-0.009476,False
AHJ5GJR24U6AOMQL3ZKAFOXXS7MA,3026,4637,0.017319,0.000000,0.980983,0.958107,0.043544,-0.043544,False
AEYKTZXAWOPJG5MGGMKBLRJR6Q3A_1,3027,6102,0.019986,0.000000,0.982855,0.958056,0.037961,-0.037961,False
AENVDZJEJQBHTA5X3JB45EG6XXEA,3028,9094,0.018755,0.000000,0.981809,0.959075,0.031062,-0.031062,False
AHCY5HIXEHYPRIU7NPMXKPLPJR7A,3029,4527,0.018593,0.000000,0.981789,0.955044,0.044211,-0.044211,False
AFQGXKKBN5V3V5V7CY42FCQTAYHQ,3030,12940,0.018891,0.000489,0.982378,0.960092,0.026012,-0.025562,False
AHYOB7J3MRXOLCQ67KGALUH7TY6Q,3031,3703,0.017590,0.000000,0.980927,0.954021,0.048936,-0.048936,False
AEVZGLYUEQEYH3ACTQCPBU65KIKQ,3032,10445,0.018250,0.000000,0.982059,0.957036,0.029045,-0.029045,False
AH3T7SU7USHPJ26STB3EGNFTDPSA,3033,47371,0.018457,0.008839,0.981542,0.958056,0.013624,-0.005511,False
AFPAS6247PI447QH57WTGC7RUU3Q,3034,5399,0.019217,0.000000,0.982159,0.959126,0.040312,-0.040312,False
AHLZZ3NGM3Y4NBNDW26J4WAPV6WQ,3035,8176,0.019455,0.000000,0.982277,0.959075,0.032760,-0.032760,False
AEP5JNRRA4BXDGRZC5ZXWRKCZR2Q,3036,7584,0.017875,0.000000,0.981890,0.960143,0.033976,-0.033976,False
AEN6VLVSAZEINQOVKNFAL6IG65OA,3037,3895,0.016598,0.000000,0.981435,0.957087,0.047562,-0.047562,False
AEPPEVO52IBP32OZJXPDIPPQ5TZA,3038,4888,0.017910,0.000000,0.981413,0.955044,0.042547,-0.042547,False
AGXJG6MR7XYFSA2J6RX753MSFVXQ,3039,3890,0.018083,0.000000,0.981409,0.957087,0.047592,-0.047592,False
AGDBVEKDSVUHJRPRIVHNADY3L6IQ,3040,4695,0.017002,0.000000,0.981573,0.956015,0.043369,-0.043369,False
AF6M3QM4HCJWGINCDUKAAH5IQ5XQ,3041,5016,0.019432,0.000000,0.982378,0.958107,0.041867,-0.041867,False
AFVFWYK7J23ISMRK3ZI5DCKFXBPA,3042,18564,0.017931,0.002567,0.982226,0.957087,0.021786,-0.019435,False
AEMG5P4JZXUEK35T56CZ3O4GOP5A,3043,4716,0.018663,0.000000,0.981255,0.957087,0.043224,-0.043224,False
AFVCWOFPUHU3ADTPTITP26RGLF5Q,3044,5885,0.017992,0.000000,0.981684,0.958107,0.038652,-0.038652,False
AFQ5IKV6BEJT7H6BIRHADAGRF27A,3045,6743,0.019248,0.000000,0.982031,0.958107,0.036109,-0.036109,False
AF57NVU57KDQAEHYO4DFKEI65IRQ,3046,10816,0.018701,0.000000,0.982462,0.959126,0.028481,-0.028481,False
AGGYJVZ522UT2OJM4FFKRRVTIX5Q,3047,6819,0.018060,0.000000,0.982185,0.958107,0.035908,-0.035908,False
AHCFLUHDCLAHZU6AHAJ4C7MPA4EA,3048,6209,0.019737,0.000000,0.982367,0.957087,0.037670,-0.037670,False
AGYRMITUSD6IEQMJDPHYMA7CJI2Q,3049,5576,0.018964,0.000000,0.981905,0.958107,0.039709,-0.039709,False
AHVK6E5LV26567B2Z6JNDM336G2A,3050,14804,0.018455,0.001250,0.981383,0.957087,0.024396,-0.023251,False
AEHQSCXIJY2GACS7FBGDVSHOP5GA,3051,11418,0.019140,0.000000,0.981745,0.956015,0.027810,-0.027810,False
AH27HGQKIHLIJMZEZKPFNGOU35EQ,3052,8414,0.020804,0.000000,0.982500,0.959075,0.032293,-0.032293,False
AHKKFCPXS6OQMUSMNSNXXU2JKTHQ,3053,10641,0.019231,0.000000,0.982096,0.960143,0.028684,-0.028684,False
AEXYLV5YOYWSLGG47VVECVURA7XQ,3054,5647,0.017883,0.000000,0.982166,0.958107,0.039458,-0.039458,False
AE34VVFABKBA5ZFYOCL3BRUN7QVQ,3055,5061,0.017643,0.000000,0.981498,0.958107,0.041680,-0.041680,False
AH5NA6LIKHFQO3CDP6LULJT6VLYA,3056,5949,0.018114,0.000000,0.982386,0.959075,0.038405,-0.038405,False
AFYZMA72W5SMBGZVYUP4EX5O7RQQ,3057,5135,0.018983,0.000000,0.982087,0.956066,0.041467,-0.041467,False
AFWMG7UFWQJPALHSIATX2G6YNOXA,3058,5088,0.019316,0.000000,0.982200,0.957087,0.041614,-0.041614,False
AGPH4RMR4EOTWJJKC2T6CUBIHAJQ,3059,5620,0.018773,0.000000,0.981945,0.956015,0.039640,-0.039640,False
AHLA24J43UD2AKTINUBUWKEDPQHQ,3060,16044,0.019538,0.003011,0.982032,0.957087,0.023434,-0.020676,False
AGI2PC6YMBH3TM6UEQRAOOFZ77IQ,3061,6222,0.019755,0.000000,0.982274,0.960143,0.037511,-0.037511,False
AE6GBO7A4LHI7GQULR64DPYFYJ4A,3062,4397,0.019608,0.000000,0.981733,0.961109,0.044577,-0.044577,False
AEOLORJKMS44IUJWCYBJGYDLCD4A,3063,6230,0.017878,0.000000,0.982043,0.957087,0.037607,-0.037607,False
AFWAC4NJFZ55V55ESCI65QLDZOSQ,3064,6179,0.018944,0.000000,0.981818,0.957036,0.037764,-0.037764,False
AF4E3NZ5US36XUBBPFET6A66OG3A,3065,4144,0.018957,0.000000,0.982210,0.959126,0.046012,-0.046012,False
AHL3FVIBAL4FQFWRBAAJJLYPZ5DQ,3066,5894,0.017720,0.000000,0.982211,0.957036,0.038666,-0.038666,False
AGIYFVQRH6FEXW2M4OJMT3NEUTQA,3067,4828,0.018088,0.000000,0.982347,0.958107,0.042674,-0.042674,False
AHYCWHEN55G5GAMWHMI3UJHQ3T6A,3068,8743,0.020009,0.000000,0.982418,0.960092,0.031646,-0.031646,False
AGKMSOLXXD3VWLQXUFEF7RG2PYZQ,3069,9696,0.020125,0.000000,0.982466,0.960092,0.030051,-0.030051,False
AFVV7CLXY43P3Z3F7SROBZATZVSQ,3070,8477,0.019276,0.000000,0.982092,0.958107,0.032205,-0.032205,False
AHFWDMP5HXQ3A3NTN5T4S7B7BDZA,3071,5839,0.019621,0.000000,0.982245,0.959075,0.038765,-0.038765,False
AELDDMYRH6UVEDUIQGRSHZWQM2LA,3072,5248,0.018405,0.000000,0.981397,0.956066,0.041018,-0.041018,False
AEFUPXKTX6C4GW2B77FHBRTDCLUA,3073,7473,0.019922,0.000000,0.982651,0.960143,0.034228,-0.034228,False
AFC47ZK3Z2BFXSQPRI5DNSQCY2BQ,3074,4157,0.016308,0.000000,0.980703,0.958056,0.045992,-0.045992,False
AFO4JFVHP2IUNIAM3R2HWEHDEUJA,3075,13164,0.018408,0.000163,0.981605,0.959075,0.025818,-0.025667,False
AEAY2WGERHFFEDTKJDKID4D3RW3Q,3076,8593,0.016273,0.000000,0.981069,0.956066,0.032055,-0.032055,False
AFBJTBLXC6U3IMQB4RIPPSBCORLQ,3077,4237,0.017254,0.000000,0.980377,0.956066,0.045650,-0.045650,False
AFRANYYHRL3ZMJ4F5GAGDECQ5GNQ,3078,9004,0.020917,0.000000,0.982495,0.959126,0.031215,-0.031215,False
AHCMBEGSVFSUHRNRYBQ7L5URHCYA,3079,7659,0.018491,0.000000,0.981813,0.958107,0.033881,-0.033881,False
AEMB7SD3UGIGU5NDJYV2OAIABJIA,3080,8204,0.018303,0.000000,0.982199,0.958107,0.032737,-0.032737,False
AFOTHO5QENS65RZSHAUT6TP7CIMQ,3081,5307,0.017813,0.000000,0.981101,0.957087,0.040746,-0.040746,False
AEMN5QZGZ2LV4QGL7SURX33C2NHA,3082,8370,0.019877,0.000000,0.982707,0.960143,0.032342,-0.032342,False
AGX3ICN3W5V2XY47PLFK5NOTH5DA,3083,8634,0.018601,0.000000,0.982291,0.957087,0.031945,-0.031945,False
AEB2MNEEUALSUMA7CAEQJSFGTJDA,3084,5613,0.019100,0.000000,0.982137,0.956066,0.039662,-0.039662,False
AG5HSUEH4BYPTBNEMPSDL4L3DRNQ,3085,6722,0.018412,0.000000,0.982395,0.959126,0.036127,-0.036127,False
AHTV22XCEITN6NDZ6XFFB3P4SW2A,3086,7468,0.020468,0.000000,0.982731,0.959075,0.034277,-0.034277,False
AGBIP7TJWZYYCSCBNLFJMOPGOUGA,3087,11056,0.019117,0.000000,0.982022,0.959075,0.028171,-0.028171,False
AHIG7XX4LPDHSXX7MCQYVSJWX4EQ,3088,6237,0.019029,0.000000,0.982413,0.957087,0.037586,-0.037586,False
AHNZSE3QYPIWIB537LY2Y74GBTCQ,3089,4911,0.016455,0.000000,0.981039,0.957036,0.042359,-0.042359,False
AFVP6OSQJHBZCGMJFIRKZANPJ6EQ,3090,6802,0.019331,0.000000,0.981961,0.957087,0.035991,-0.035991,False
AG4XQOAMUDUVDASKTPIIDLDX3BSA,3091,4543,0.018405,0.000000,0.981520,0.957087,0.044039,-0.044039,False
AHORWDUASCJWOSOEZPQHAF7I6OFQ,3092,4919,0.019174,0.000000,0.981549,0.955044,0.042413,-0.042413,False
AFRY3KL45NKPPE4WDGWARUKBI54Q,3093,8904,0.019917,0.000000,0.982682,0.961109,0.031325,-0.031325,False
AF7ONCCYEZYUVOL3GHBGUNXRISOA,3094,13451,0.019548,0.001499,0.982107,0.957036,0.025595,-0.024222,False
AHC4NS2FA5Q6SDVKCXSPEIPRB4GQ,3095,7275,0.018163,0.000000,0.981796,0.957036,0.034803,-0.034803,False
AFJCRMSGWYMAVOASYUUBR63OTLQQ,3096,4827,0.020408,0.000000,0.982431,0.957087,0.042724,-0.042724,False
AGQLKAQYWNXSQC6BXMKLU7HA5EGQ,3097,4127,0.019211,0.000000,0.981400,0.957087,0.046205,-0.046205,False
AH36N5HJJQCBDAURJUTFAIB4GRFA,3098,14588,0.017459,0.000127,0.981034,0.955044,0.024629,-0.024512,False
AH5YBY5VBPNDMBGHVQYEMMQNPDEQ,3099,9356,0.017835,0.000000,0.981657,0.956066,0.030720,-0.030720,False
AEFO4YEMPTW2MIA2FZ3TSMYOUHNQ,3100,4953,0.018068,0.000000,0.982115,0.957087,0.042177,-0.042177,False
AG5D7S6MKAW6SARHXXJSXSX4ML6Q,3101,8068,0.019537,0.000000,0.982340,0.959126,0.032976,-0.032976,False
AGXZMIBFXPDAOZQXMMBUAPSK2TLQ,3102,4784,0.018419,0.000000,0.981745,0.960143,0.042779,-0.042779,False
AEUITNFQ5YAJ5BGEKIEQK4REHFDQ,3103,5151,0.017772,0.000000,0.981339,0.958056,0.041317,-0.041317,False
AE6MQHV66OK34BGN2TADAYGZJDVQ,3104,8196,0.018868,0.000000,0.982183,0.959126,0.032718,-0.032718,False
AHF7W2GQAELHFR4T4J24EYR4I4ZA,3105,8596,0.018502,0.000000,0.982132,0.958107,0.031982,-0.031982,False
AHQWSREBML5RH7GZCFX6L57DDMHQ,3106,5755,0.018131,0.000000,0.981543,0.957087,0.039128,-0.039128,False
AHNGXSJ44HVTEJAF4G6XHN4MJA7Q,3107,21779,0.018553,0.004368,0.982185,0.959075,0.020072,-0.016054,False
AEK6SR63YICRLQH7KO6MHRF73RMQ,3108,6700,0.018935,0.000000,0.982493,0.956015,0.036304,-0.036304,False
AEMDWYLUJDA7LTRQSX6BOJDVTF7A,3109,4994,0.019853,0.000000,0.981430,0.956066,0.042048,-0.042048,False
AF7K2QWRCP3F5JP2VHS2RBUIUUCQ,3110,5177,0.018578,0.000000,0.982139,0.958056,0.041213,-0.041213,False
AHJ5UYB6WIQRWXQJ2B5MUV564TAA,3111,6445,0.018834,0.000000,0.982244,0.959126,0.036896,-0.036896,False
AFM5EFJ3XC66O732Q2CPS2TKMG4A,3112,6344,0.018641,0.000000,0.981670,0.959075,0.037190,-0.037190,False
AFY5ZS4KYYBPX5IAUVPK5JG6AOCA,3113,5817,0.018519,0.000000,0.981831,0.958107,0.038877,-0.038877,False
AGVNQCF2GD4RYDYJQWD3CFBT3RRA,3114,26133,0.018782,0.005833,0.981866,0.956066,0.018381,-0.013050,False
AGFGISQL32VM4G2ZDX2JUXXYTJXA,3115,7147,0.016644,0.000000,0.980352,0.956015,0.035151,-0.035151,False
AGPBLK2TIZU42KPLDX2ALX6CPFOQ,3116,22170,0.019494,0.005435,0.982414,0.958107,0.019914,-0.014926,False
AG644AQBRT56BVFDCJMISCNTSRMA,3117,34721,0.018906,0.007671,0.982076,0.958056,0.015914,-0.008872,False
AFIL2IVD4EMGED6B55QB73O5N7FA,3118,19146,0.020084,0.004955,0.982820,0.958107,0.021429,-0.016880,False
AF6SM2ESLD534XWS7P6PFSL257CA,3119,23764,0.018641,0.005062,0.982044,0.957036,0.019256,-0.014620,False
AECCWTWRVTRL36SUIZOJ5OYQDYGQ,3120,8503,0.018642,0.000000,0.981658,0.958107,0.032156,-0.032156,False
AF3OWPUMBCPUFZE3ICY25MOCL2BA,3121,31559,0.019089,0.007305,0.981484,0.957087,0.016709,-0.010017,False
AF2S7MHKYEU5DFVE7DSDOXF67ETQ,3122,4510,0.018409,0.000000,0.981495,0.958107,0.044153,-0.044153,False
AGDMXN47VMOK7TB4EGSCLWJ43QRA,3123,10928,0.019816,0.000000,0.982378,0.959126,0.028334,-0.028334,False
AHPYUJKVXMGAHDVKLVYCQ7IKAGTQ,3124,6528,0.020250,0.000000,0.982370,0.958056,0.036701,-0.036701,False
AEQY37KSVMAVV6AUETJFVEXSYPQA,3125,4570,0.018257,0.000000,0.981455,0.957087,0.043909,-0.043909,False
AFVS7ICCOISHBTZBGXJBWKYRBEDQ,3126,10302,0.018849,0.000000,0.981991,0.958107,0.029214,-0.029214,False
AEQCVAHIOLXISDG5N77DBCMIX46Q,3127,7239,0.019953,0.000000,0.981909,0.959126,0.034813,-0.034813,False
AEDF6LSTO7L4BWZPQXJSZ3FPMX5A,3128,14254,0.019420,0.001887,0.982266,0.959075,0.024811,-0.023075,False
AHSYS7DOWAOLGVZ7ENICI4ZNK36Q,3129,12061,0.017810,0.000000,0.982385,0.958107,0.026999,-0.026999,False
AH2XZBSDLT2QDYEFM5MQQPWDQDAA,3130,8437,0.018405,0.000000,0.981480,0.958056,0.032283,-0.032283,False
AELUXKVLA6MVN4POAMLJIP3CL3ZQ,3131,5570,0.019310,0.000000,0.982003,0.956066,0.039815,-0.039815,False
AGH5MIN6VJSDWJF5XACS6K4ZX6QQ,3132,6063,0.017601,0.000000,0.981870,0.959126,0.038040,-0.038040,False
AE75RQ5THMDYEJUAYOJZHODWFMMQ,3133,13414,0.019406,0.001332,0.982761,0.961160,0.025520,-0.024290,False
AGWNDI4F6STGUPVPJMHGTCLEHHJQ,3134,5846,0.017666,0.000000,0.981678,0.957087,0.038822,-0.038822,False
AHNSZCP3JIOZZVYXFJRGQEKRSTFA,3135,12036,0.018343,0.000000,0.981710,0.959126,0.026999,-0.026999,False
AHUKSS2YODCRG5GLY5APDL62IC7Q,3136,5639,0.018746,0.000000,0.981614,0.957087,0.039528,-0.039528,False
AEUX5GR2YXV6MFH6SIDE3DMLPZGQ,3137,6480,0.016763,0.000000,0.980985,0.956066,0.036914,-0.036914,False
AE3QC4R3QMSHINRTN3L7YFNSC3XA,3138,8125,0.018100,0.000000,0.981621,0.956015,0.032967,-0.032967,False
AEJBJGF6POXHQ77KUHQNO7Z5WEBA,3139,7236,0.018801,0.000000,0.982048,0.958107,0.034858,-0.034858,False
AHBV4TCOJOKIL4BC7GHVCIAG7ZEA,3140,4300,0.018634,0.000000,0.982043,0.958107,0.045218,-0.045218,False
AFYDI5PL5YM5JKTHFCREJ7KVWVLA,3141,4507,0.017174,0.000000,0.980804,0.954021,0.044357,-0.044357,False
AFHVL3J6IJCOWM5SQRSXLTUPW3MA,3142,4687,0.019119,0.000000,0.981622,0.958056,0.043313,-0.043313,False
AFQPRBK7XJNB4IT6Z6KZYWEZUF3Q,3143,7963,0.019906,0.000000,0.982598,0.959126,0.033193,-0.033193,False
AECMBFXDJHHNGEBXIOVY5M3V2PKA,3144,12024,0.018673,0.000000,0.982188,0.957036,0.027071,-0.027071,False
AEHPITA5Q7OHED7NAZLRHUTOXDQA,3145,8429,0.018009,0.000000,0.981665,0.958107,0.032297,-0.032297,False
AHQUWJNO5Q6WUGHOV266SGGIDTIQ,3146,13340,0.020058,0.001934,0.981886,0.956066,0.025727,-0.023960,False
AEAEB25YC6CS7TKQ7EK5GKHJOBAA,3147,8118,0.020891,0.000000,0.982471,0.958107,0.032910,-0.032910,False
AETN2CVMM7M6VM2TZPWV7ASPULRA,3148,6040,0.018626,0.000000,0.981385,0.957036,0.038196,-0.038196,False
AGUSJIO3JXYYZMXZ7D6IC7OQCP5Q,3149,7804,0.018489,0.000000,0.981847,0.958056,0.033567,-0.033567,False
AGVEMZDSO4JB4BLEQGXF276DYASA,3150,5550,0.018554,0.000000,0.981524,0.959075,0.039761,-0.039761,False
AEJAUXEATYKRII4CIPIRJ7BQTBSA,3151,4439,0.018504,0.000000,0.980838,0.957087,0.044552,-0.044552,False
AHF575RNOU3ATD7PN73Y6ML7QD4Q,3152,7012,0.018868,0.000000,0.981841,0.956066,0.035486,-0.035486,False
AE77RHC2LWRCCGDDENZO3HG6LH5Q,3153,9804,0.019530,0.000000,0.982392,0.958107,0.029946,-0.029946,False
AH5ESWZG6Q5ZEBQTOVP3NMJ5XYWA,3154,10890,0.016971,0.000000,0.981240,0.957087,0.028444,-0.028444,False
AGXME2AH33KRTXNBZYFTN53CTZIA,3155,6341,0.018123,0.000000,0.981626,0.956015,0.037318,-0.037318,False
AGPY6LHJBO532DRNAIMK2LGZM7SA,3156,9059,0.020590,0.000000,0.982033,0.957087,0.031187,-0.031187,False
AEKR5LXGQQGEXVFZYE6B3FVEIJJA,3157,4507,0.016820,0.000000,0.981470,0.956015,0.044264,-0.044264,False
AFEJ2BL4NFODGY5LNUZO7J65NNMA,3158,9386,0.019171,0.000000,0.982662,0.960143,0.030541,-0.030541,False
AF4II6OQKIGB4UOP5PTISI32N5XA,3159,6643,0.019183,0.000000,0.981852,0.958107,0.036380,-0.036380,False
AGL72EW24IMRO4K5EJ6S3QGG365Q,3160,5068,0.018643,0.000000,0.982331,0.958107,0.041651,-0.041651,False
AHRQVI734AF32IXI37RUF7P56KMQ,3161,14174,0.019023,0.001440,0.982415,0.958107,0.024906,-0.023584,False
AHGLOADA5HFF7PC5TMVKWHSXTAAA,3162,7624,0.019038,0.000000,0.982126,0.958107,0.033959,-0.033959,False
AGF3WT5EJRTCRVYOYADQDZ6DNKMA,3163,5592,0.020167,0.000000,0.982251,0.958056,0.039654,-0.039654,False
AHYH7TLFGKACRF6RHZO4QBIICATQ,3164,7296,0.020154,0.000000,0.982441,0.957087,0.034751,-0.034751,False
AFGI5DGPZLP4CPYUGFNARKBQ2UTA,3165,4070,0.017964,0.000000,0.981790,0.959126,0.046429,-0.046429,False
AHMEWSYXEUHS2P3EEHMYAXRGZXXQ,3166,7000,0.019370,0.000000,0.982347,0.960143,0.035365,-0.035365,False
AH7L74WHVFDSZLRLK3R7IX4U6IPQ,3167,5886,0.019802,0.000000,0.982320,0.958056,0.038651,-0.038651,False
AH767XBPUFJVSH3CXBUGWG7RWLKQ,3168,9491,0.018094,0.000000,0.981890,0.956066,0.030501,-0.030501,False
AGHL4KJXMKZQKJUU5YIBPEM33YUQ,3169,37957,0.017806,0.007062,0.980960,0.958005,0.015221,-0.008740,False
AFP2H5S2KB4WGAOIEEDTQBUMG5ZQ,3170,7744,0.020127,0.000000,0.982642,0.958107,0.033695,-0.033695,False
AFYHJ4RVLCJG7YH65BQX6JZXGQRA,3171,7077,0.017250,0.000000,0.981871,0.959126,0.035210,-0.035210,False
AHNTFF22LTGAUNSLSBEKMULD3UGQ,3172,6340,0.016949,0.000000,0.981671,0.956066,0.037319,-0.037319,False
AEGFD2YDVUT5DPJLMPJIA5IA7NWA,3173,18264,0.020581,0.005091,0.982845,0.960092,0.021895,-0.017202,False
AG2APLJTY4VQ2QPC4XSEZLXCXZKA,3174,5020,0.019231,0.000000,0.981925,0.959075,0.041808,-0.041808,False
AFEC6YQLSK7BNTVCOWWE255V4Q7A,3175,7905,0.018126,0.000000,0.981660,0.957087,0.033386,-0.033386,False
AFJ6SABJN4EEXL6FRBTZOKPHEUVA,3176,14135,0.017131,0.000000,0.981248,0.956066,0.024993,-0.024993,False
AFVRRXH7SFVMLOH3E72LOV7MVOEA,3177,7351,0.018141,0.000000,0.982339,0.959126,0.034547,-0.034547,False
AERPJIRYSKZ6OJ4IEFQGXXQL2UZA,3178,5254,0.017450,0.000000,0.981567,0.957036,0.040953,-0.040953,False
AFZIFPT5R7CPKTJ7WYZYW2N672PA,3179,4955,0.018773,0.000000,0.980989,0.955044,0.042259,-0.042259,False
AGEG5UCY42IYI2H4J5X5XNDZPENA,3180,6950,0.019585,0.000000,0.982642,0.960092,0.035494,-0.035494,False
AGYITYRAKLJ2Y6B36QH5XC3MH7EQ,3181,7044,0.020421,0.000000,0.982098,0.957087,0.035367,-0.035367,False
AHYAYKJBZNE53SC6362TOSCTH35A,3182,5929,0.018433,0.000000,0.982305,0.958107,0.038508,-0.038508,False
AGURLNZQXE2V5LK2UUQ4DVPUUE6Q,3183,5623,0.016393,0.000000,0.981219,0.957087,0.039585,-0.039585,False
AHZGUAU2CB7EFW4YU6H3JHGV4IIQ,3184,27835,0.019412,0.006865,0.982087,0.958107,0.017773,-0.011471,False
AHARWQINLE3C6ZTBQ5YVJO3OHSIA,3185,4715,0.018288,0.000000,0.981731,0.957036,0.043231,-0.043231,False
AGNJKAAP3I5HJLLJVIPCAAHIINMQ,3186,8256,0.020903,0.000000,0.982839,0.959126,0.032599,-0.032599,False
AHIKLYXTQALJIG5VF4M52VBALJQQ,3187,23857,0.018061,0.004508,0.982160,0.957036,0.019219,-0.015090,False
AGTHCG4NELYQSLQC7AUYHHTNLL7Q,3188,10729,0.018750,0.000000,0.982140,0.959126,0.028596,-0.028596,False
AH4FH5YNNEBXKGQAXBWD5GZS6SDA,3189,13453,0.019950,0.001902,0.981630,0.959075,0.025539,-0.023789,False
AEILG76DNJ24BKXXDGEOZYMTM6FQ,3190,4551,0.019417,0.000000,0.981303,0.952997,0.044189,-0.044189,False
AHHTQUZDCFOPDNKV3T7MW5P22RCQ,3191,4254,0.018896,0.000000,0.982338,0.958107,0.045462,-0.045462,False
AHL64ZUDNJXWVP3ZAI24IY6LV26A,3192,6187,0.018951,0.000000,0.982277,0.959126,0.037657,-0.037657,False
AGIACQKEOAZQJAG5NTO54MSCQE2Q,3193,5251,0.019636,0.000000,0.982015,0.959075,0.040878,-0.040878,False
AFF4JUFLAGINJQPJ3VT374YA3NRQ,3194,6657,0.018477,0.000000,0.981583,0.957087,0.036381,-0.036381,False
AGKCPEL4BVM2GGWLPE6I7NQRGCVQ,3195,5009,0.018427,0.000000,0.982010,0.956015,0.041988,-0.041988,False
AF5RQRYTKQECVSWP76KTOB4B2EVQ,3196,12273,0.019051,0.000155,0.982192,0.959075,0.026738,-0.026595,False
AEUUKCBNLSPNQ2ZY6H7XHVATUDCQ,3197,4041,0.017668,0.000000,0.981137,0.956066,0.046744,-0.046744,False
AEDT5EC7SLKP3WBVF6YQQWFM4OPQ,3198,7465,0.020928,0.000000,0.982342,0.958056,0.034321,-0.034321,False
AET77DOZUE7O4A2BW5TN3VQRENGA,3199,5798,0.018786,0.000000,0.981631,0.956066,0.039024,-0.039024,False
AEIFF4UKBMMHMIA3F5OUJLVN22OA,3200,4607,0.017671,0.000000,0.981631,0.958107,0.043686,-0.043686,False
AE5NAUQACM24472YWOZQ5B2FOZ2Q,3201,6746,0.018395,0.000000,0.982188,0.958107,0.036101,-0.036101,False
AHK7S4HWRWXSEHYJB534QN6XQ7QQ,3202,13879,0.018758,0.000989,0.981576,0.959126,0.025142,-0.024232,False
AFZNDWQKFM23I4GJ4QYLE6WXIMQA,3203,6255,0.017923,0.000000,0.982004,0.960092,0.037414,-0.037414,False
AHH5FOFTTVL6KPZAWAG626EVAWLQ,3204,6494,0.018692,0.000000,0.981978,0.960143,0.036717,-0.036717,False
AGILOAAIB2PZQIR6P7LL3OEUNZ6A,3205,4116,0.018242,0.000000,0.980916,0.956015,0.046319,-0.046319,False
AHRVF5XWCSVGJ2EVNYGSGKATVULA,3206,8939,0.019642,0.000000,0.981665,0.958107,0.031362,-0.031362,False
AFPFWRMIROG7L7JVP62R34326YOA,3207,4762,0.017671,0.000000,0.981870,0.957087,0.043015,-0.043015,False
AE3MEONE3CIG3KAFE4NLA2VKDC2Q,3208,6851,0.017544,0.000000,0.982424,0.958107,0.035824,-0.035824,False
AHPGKGJFZMAVMDP7FWXXCWRXYD7Q,3209,8672,0.019940,0.000000,0.982572,0.959126,0.031807,-0.031807,False
AGBWV3ZQCJ5OT6OXJCN7WO777UOQ,3210,55483,0.017847,0.008960,0.981300,0.957087,0.012602,-0.004394,False
AFCLMP3NJA4M2KK7VX4QOA5Q3RDA,3211,14387,0.017306,0.000000,0.981679,0.957087,0.024747,-0.024747,False
AFFQUYFZ7LGZ22ADJP2Y5WR7UURA,3212,20019,0.019689,0.004894,0.982536,0.958107,0.020957,-0.016464,False
AFDOIYOQ5JU6UHGI6FFDK64SB7DA,3213,4638,0.018684,0.000000,0.981835,0.956015,0.043635,-0.043635,False
AEIRJMAT6FJDDDMQMGIC72LYXNRQ,3214,4948,0.019081,0.000000,0.981648,0.956066,0.042243,-0.042243,False
AFG7GFUNXVOCSGKUG6EOJYYDS56A,3215,3812,0.017323,0.000000,0.981142,0.956066,0.048128,-0.048128,False
AEUAL3EJKUSTNB4YY6STLYGTJALA,3216,18891,0.019264,0.004033,0.982541,0.958056,0.021575,-0.017873,False
AHLHFTYY2I2LMRIFZMTTCRRDFSEA,3217,7298,0.017838,0.000000,0.981022,0.954021,0.034858,-0.034858,False
AGO5A6WJ4WFVLUXDPRR267J26VTA,3218,5020,0.018417,0.000000,0.981124,0.957036,0.041897,-0.041897,False
AF7RCFT4WYCIWAMBXPWZFINYTFBQ,3219,4535,0.018272,0.000000,0.981159,0.956066,0.044125,-0.044125,False
AGGBDIRIMCGGYSPNMA5RIGICN6RQ,3220,6409,0.016524,0.000000,0.982141,0.960092,0.036962,-0.036962,False
AGXMWJK3YL4SV5FJ27JEJZPZHRBA,3221,4968,0.017544,0.000000,0.980755,0.956066,0.042158,-0.042158,False
AEHOR7WHZBXNWZUN4LP3DFEN5FSQ,3222,9223,0.019355,0.000000,0.981977,0.958056,0.030877,-0.030877,False
AG7X54DILTLV7MYBLOVZCC33GU2A,3223,4599,0.018211,0.000000,0.981568,0.959126,0.043677,-0.043677,False
AF2MDP33GBSNYE7QUSYXFWQR3B6Q,3224,5659,0.019244,0.000000,0.982070,0.957087,0.039458,-0.039458,False
AEEYDDE6RPPR5KIY2U2ZJBC5NS4A,3225,10785,0.018849,0.000000,0.981897,0.956066,0.028613,-0.028613,False
AGJW5INVGJR3DNGPF3U3JA2AVP4A,3226,4769,0.018208,0.000000,0.981829,0.957036,0.042985,-0.042985,False
AHG2QI6BFFMYOGYUSVB6L3MRVBPQ,3227,4894,0.018025,0.000000,0.981920,0.958056,0.042388,-0.042388,False
AGI3SL4FH4BXVEF6RABGSHGJ3QHQ,3228,6043,0.017678,0.000000,0.982063,0.959126,0.038103,-0.038103,False
AECOPBDL3PHOESNB2RXKPZSXGBOA,3229,54317,0.018341,0.009359,0.982290,0.959075,0.012710,-0.004102,False
AHT3FWUNV6WCU3WKDWAMAVDEV6ZA,3230,6661,0.020305,0.000000,0.982204,0.959126,0.036292,-0.036292,False
AGRISXOWIRNNRSJZTUH6C3E3QGSQ,3231,17470,0.018596,0.002758,0.981683,0.957036,0.022459,-0.019932,False
AHVTV6I7RHR7XDLTTTKO5BJFEFMA,3232,5048,0.017520,0.000000,0.980976,0.955044,0.041868,-0.041868,False
AHL67BK7CEZ3CEYSKYC5ZMPRZ4SA,3233,5193,0.018881,0.000000,0.981811,0.957087,0.041191,-0.041191,False
AGZNQYNYTWLN3EOYZWCG6ZP35I6Q,3234,7983,0.017568,0.000000,0.981661,0.958107,0.033187,-0.033187,False
AEF4ERFVACUREO7O325GCGDHS3AA,3235,5015,0.017943,0.000000,0.981466,0.956015,0.041962,-0.041962,False
AG4XQCP2HKDBLNIMZBA3CE6LIQPA,3236,6781,0.017523,0.000000,0.982106,0.959075,0.035972,-0.035972,False
AGS4U4TYF24NZPSIH2HMTKJF7ZHA,3237,4913,0.017844,0.000000,0.981770,0.957087,0.042348,-0.042348,False
AHVBTWB5RQY6XBD4GK6L7N5NFKUA,3238,12199,0.019601,0.000648,0.982491,0.957087,0.026875,-0.026281,False
AFP4QYATVNXK6THSST5R3Z2CEPEQ,3239,5454,0.016711,0.000000,0.980845,0.958056,0.040153,-0.040153,False
AEZIHPOKDE77G27VSJL3WA4EYPKQ,3240,9042,0.019296,0.000000,0.982501,0.958107,0.031183,-0.031183,False
AFFFO22H5N22MUDHQ5KN3K5EUZAA,3241,5903,0.017376,0.000000,0.982197,0.959126,0.038552,-0.038552,False
AHCWSSZCQBMGVHJZN4J3K2NBCBBQ,3242,13243,0.017878,0.000000,0.982210,0.958107,0.025766,-0.025766,False
AGJRXFVZAQM4Z5DYKNOKK5WF6F7Q,3243,20699,0.017833,0.003283,0.982110,0.958107,0.020610,-0.017596,False
AFTOUY6XYFZNTJGA73BV37T4NMRA,3244,5171,0.018809,0.000000,0.981414,0.954993,0.041369,-0.041369,False
AH5HSMUMRJRDWBPFDQ6G3EAAOSFQ,3245,8274,0.018528,0.000000,0.982401,0.958107,0.032598,-0.032598,False
AGW7SXB5FPGXDQKSUWGAGBTIUCKQ,3246,6497,0.018446,0.000000,0.981896,0.959075,0.036750,-0.036750,False
AH4OMBYMTGMZIWISGMIFF7B4BXYA,3247,7218,0.018203,0.000000,0.982057,0.957087,0.034938,-0.034938,False
AFXHHAY4XDFKDA4W6DFIRX3V35WQ,3248,6576,0.017589,0.000000,0.981378,0.957087,0.036604,-0.036604,False
AF3PW2SV2WOIN7LLCUD5QOPHME4A,3249,5531,0.018805,0.000000,0.982016,0.959126,0.039828,-0.039828,False
AEL4PBKFH7QOW74BY4ZYRZKKRAJA,3250,27338,0.019302,0.006642,0.982329,0.959075,0.017915,-0.011806,False
AGVYGK2OBBRQKKBBSU3ST4X235BQ,3251,6036,0.018856,0.000000,0.981774,0.958107,0.038166,-0.038166,False
AHMFFGPZCVEFM4KLP6VQHMMCQE5Q,3252,6921,0.019854,0.000000,0.981788,0.957087,0.035680,-0.035680,False
AHM7F4GRRASR5R4HCACGTBSWQWMA,3253,11055,0.017489,0.000000,0.980949,0.956066,0.028261,-0.028261,False
AGB4ADBYUVM7I3J2OQK4Z6NXR6FQ,3254,7381,0.020370,0.000000,0.982618,0.960143,0.034440,-0.034440,False
AF7V5BRBYBFIXFMZQOKSXR54MJDQ,3255,5911,0.017480,0.000000,0.981264,0.956066,0.038649,-0.038649,False
AEI6B2JWUTT6THQ5DZLER7AL37RQ,3256,6970,0.018970,0.000000,0.981565,0.957087,0.035554,-0.035554,False
AFI4CT4JFHOK3NBZOGCHC3CP7J7Q,3257,5792,0.018629,0.000000,0.982275,0.958107,0.038961,-0.038961,False
AHJ2EQIOGKETX22VMNQA5OFEXGFQ,3258,4793,0.019188,0.000000,0.981646,0.956015,0.042923,-0.042923,False
AGFCGZLKAE6D7XDIRA57POPSG4BA,3259,7034,0.020292,0.000000,0.982087,0.960092,0.035281,-0.035281,False
AEYW6QANLCJWTS4I4OQGA6WUWC7Q,3260,5062,0.017820,0.000000,0.981565,0.956066,0.041765,-0.041765,False
AFWAIE5XLG5HPKZFCCHPSZNVFSGQ,3261,7184,0.017060,0.000000,0.980838,0.957036,0.035023,-0.035023,False
AEK5RL4BLD5V4UMVB5C5EZWFWXIA,3262,4740,0.018648,0.000000,0.981470,0.959126,0.043023,-0.043023,False
AHTRYL3DQY5AJG2EO2Y6EPQMNQ7A,3263,5452,0.021038,0.000000,0.982229,0.957087,0.040201,-0.040201,False
AGQOWYU223QXK2YEHGRQ73OHNETQ,3264,4268,0.019393,0.000000,0.981925,0.958107,0.045387,-0.045387,False
AGIGXAVHVBQFXBXMOBNJ6HFY36MA,3265,50259,0.017296,0.007958,0.982138,0.958107,0.013226,-0.005921,False
AHV6V753M3GUN346PBRISQW3MMDA,3266,7682,0.018921,0.000000,0.981863,0.958107,0.033831,-0.033831,False
AHGCYIJQ6PPNWPUDGTFCTNOVRB3Q,3267,11421,0.018148,0.000000,0.981507,0.959075,0.027718,-0.027718,False
AEZVSVUS64KDDACIP3FNFBBE22AQ,3268,5031,0.017570,0.000000,0.981521,0.959126,0.041760,-0.041760,False
AGJ55KRH6CMRAY6CKMUZPV5RF4GA,3269,3328,0.013596,0.000000,0.981271,0.958107,0.051399,-0.051399,False
AGOIB5PDEMTQG4DL45T53A62R6FA,3270,10867,0.018176,0.000000,0.981733,0.956066,0.028505,-0.028505,False
AFF62QYMZF44W6JUGSSSAFG2EJQQ,3271,6036,0.017889,0.000000,0.981165,0.956066,0.038247,-0.038247,False
AEXWRXHUHQ3SC2PLX2TETAGTVG3A,3272,13149,0.018910,0.000654,0.981945,0.958056,0.025860,-0.025259,False
AF4WQGVF7WVIVMLLTIX4A6EMMBRQ,3273,9106,0.017927,0.000000,0.980897,0.957036,0.031108,-0.031108,False
AHCR53CDYDQAS6C5TZXQWB4PWTCQ,3274,108147,0.017508,0.011143,0.981332,0.956066,0.009036,0.001149,True
AHG3EKUDYEFZHWGKOO5KDZKNKGUQ,3275,5765,0.019714,0.000000,0.982492,0.959126,0.039011,-0.039011,False
AG5C7Q2ZIBXFX7I2DCT5YEWCDJCQ,3276,4765,0.019810,0.000000,0.981661,0.956066,0.043047,-0.043047,False
AEFYJKT2PY4EDAXNW3EYO2PEJZ7Q,3277,6536,0.019014,0.000000,0.981746,0.958056,0.036679,-0.036679,False
AFK4TBPNSHT4GD6JTTKWZVQGY6GQ,3278,6741,0.020383,0.000000,0.982651,0.959126,0.036076,-0.036076,False
AECTRGMRKOGAYIV3YXX73CQEQCSQ,3279,14444,0.018689,0.001271,0.982296,0.958107,0.024672,-0.023505,False
AEW3GXS55W7AHA6G6KV3RTIFV5GA,3280,19615,0.019059,0.004112,0.982273,0.959126,0.021149,-0.017366,False
AEZFFXESKDJ7V2HSHIUWIJICOUEA,3281,5162,0.018827,0.000000,0.982153,0.958056,0.041273,-0.041273,False
AGV4DZSNB45EYJUBILFMDI7O6DZA,3282,7557,0.019355,0.000000,0.982378,0.958107,0.034109,-0.034109,False
AGRCPWKLYGJTMJSPEI7YA4FEVEEA,3283,7035,0.019005,0.000000,0.981237,0.955044,0.035465,-0.035465,False
AH226IDGXDCUTFVYPYVDC3ZQRBAA,3284,10108,0.017844,0.000000,0.981858,0.958107,0.029493,-0.029493,False
AGC2RO2UFFY4Y6E477P34M3ILAOQ,3285,4296,0.018581,0.000000,0.980562,0.956066,0.045336,-0.045336,False
AFBOBB3SZOCXMTKKE23BWHDCJCGQ,3286,4819,0.019716,0.000000,0.981808,0.958107,0.042714,-0.042714,False
AGBYWW4V2ZDUCJGRQNQWLSCPPOVQ,3287,18494,0.019102,0.003709,0.981848,0.958107,0.021804,-0.018399,False
AF6R73E4HU27CLJXSTF6BBCEENRA,3288,5616,0.019190,0.000000,0.982136,0.958107,0.039567,-0.039567,False
AGLULUPQPXUOGFGKTELWMIQK7JYA,3289,5030,0.017556,0.000000,0.981443,0.956066,0.041898,-0.041898,False
AGE3URJ2ZFIGHT3FPTKYWVPSE4ZQ,3290,5921,0.017554,0.000000,0.981529,0.957087,0.038576,-0.038576,False
AF6VZKYEJNO5IW6KCGKGZBMDKORA,3291,19666,0.018292,0.003364,0.982065,0.959126,0.021122,-0.018027,False
AE3LFNXIKCQ2EU7IKXHEEZB4VHYQ,3292,25477,0.018042,0.004928,0.981782,0.958056,0.018578,-0.014055,False
AFPFSWOQKMB23WJPUFIMHEH46BCA,3293,5794,0.018720,0.000000,0.982268,0.958056,0.038957,-0.038957,False
AFJWJOZBX465TCG3ZWJRPR6QWBPA,3294,6633,0.019195,0.000000,0.981915,0.957087,0.036446,-0.036446,False
AHEOTIG232B7ZIEZXKPDWZYMUAKA,3295,5140,0.018129,0.000000,0.981720,0.957087,0.041403,-0.041403,False
AHOXXKOAGK2TNWKIIN5PTVHYI7JQ,3296,5983,0.017783,0.000000,0.981680,0.958056,0.038336,-0.038336,False
AH2YFS7V23YAFP7L2JSBZRLIVUAA,3297,5970,0.019059,0.000000,0.981953,0.958056,0.038378,-0.038378,False
AFG7DY6UWCTJR7B3UATMI2DTUEVA,3298,10745,0.019406,0.000000,0.982606,0.958056,0.028607,-0.028607,False
AHAR2ITQ3O2FJJDLIORAQ226KZHQ,3299,7186,0.018931,0.000000,0.982268,0.958056,0.034981,-0.034981,False
AG5XM7RKRNHXZU7NZAVS72AWEKQA,3300,9690,0.019592,0.000000,0.982513,0.960092,0.030060,-0.030060,False
AHPWDADCHSGEY2FHGGRJX3CQIM4Q,3301,11719,0.019954,0.000617,0.982560,0.960143,0.027333,-0.026764,False
AFUQ6SZA7L7A5VBZHUMRYR7CZVJA,3302,7548,0.018084,0.000000,0.981806,0.959126,0.034093,-0.034093,False
AH5O2IEF6BRK5ZYKXPLZBZ2RD62Q,3303,7787,0.019364,0.000000,0.981994,0.958107,0.033602,-0.033602,False
AGVDYHJ3Y6WRQZHIOUAZLPVU4GFQ,3304,4830,0.017254,0.000000,0.981871,0.957087,0.042711,-0.042711,False
AEJ4NPKOL2ATUHAR5YR6E64JN5GQ,3305,5382,0.018268,0.000000,0.981764,0.959126,0.040375,-0.040375,False
AHOHXQZCEU3KDM3TPKZRNCJ3ITVA_2_2,3306,39245,0.018949,0.008382,0.981947,0.958107,0.014968,-0.007273,False
AGRLVQDTJKVF4WP3BUF7VPGKK7QQ,3307,12822,0.018268,0.000000,0.981433,0.956066,0.026242,-0.026242,False
AGYIFIF36UAWEBK4TO7X4MGJNAPA,3308,6883,0.018488,0.000000,0.981772,0.959075,0.035704,-0.035704,False
AHO7CJSLW22GMWPFB35V3L4OFUYQ,3309,7299,0.019466,0.000000,0.981962,0.960143,0.034633,-0.034633,False
AFBDU55MQTAQLS4EL3O34AIJC65Q,3310,5011,0.018727,0.000000,0.982049,0.958107,0.041888,-0.041888,False
AF5A5PMCP3EPIOVGZSAJWNICC6UQ,3311,8684,0.018156,0.000000,0.982165,0.959075,0.031787,-0.031787,False
AGK3JFLW2HEGNIVEJAYK3NOKLMPA,3312,5466,0.018789,0.000000,0.980634,0.953970,0.040280,-0.040280,False
AG4BOVVYVCOM6NORNOYUNJGNESGQ,3313,7117,0.017563,0.000000,0.981457,0.957087,0.035185,-0.035185,False
AEVXQOJ4SDXQ4EFRY5GCSXXFIWXA,3314,11471,0.020268,0.000723,0.982237,0.959075,0.027657,-0.026992,False
AETXNLY53XQIV7O5BADK6TKM3BRQ,3315,5154,0.016959,0.000000,0.981769,0.957087,0.041346,-0.041346,False
AFGI4A27USRD2DNCLS4VIJP7GHXQ,3316,4600,0.018811,0.000000,0.981552,0.958107,0.043719,-0.043719,False
AEBP2Q4O2JGI5KXYM25VW4I6MUCA,3317,4991,0.019341,0.000000,0.982023,0.959126,0.041927,-0.041927,False
AEC6IZVI2NGFBCIYVD4X5MDGB6DQ_1,3318,7936,0.018327,0.000000,0.981652,0.957087,0.033320,-0.033320,False
AGQ3ORY46EQE7VBJEDD3SKUL536Q,3319,6610,0.018967,0.000000,0.982229,0.957087,0.036510,-0.036510,False
AH2IJABKXWIZIO2FYJXNFEXNRR6A,3320,14836,0.019568,0.002382,0.982586,0.958107,0.024344,-0.022158,False
AFEAZ3JN6U6RGEXBS5RLG3GQKPOQ,3321,12556,0.018371,0.000000,0.981377,0.956015,0.026520,-0.026520,False
AHOGSYNNITBCMLPBNOTWYUBDJGPQ,3322,5725,0.019395,0.000000,0.982207,0.958107,0.039189,-0.039189,False
AFTX63FUTUVRYZE3HYJFEELNMFSA,3323,5415,0.017857,0.000000,0.981170,0.957087,0.040338,-0.040338,False
AGH7TSBL5MHSFRRFXBEIQI6POBZQ,3324,7180,0.018173,0.000000,0.981851,0.957087,0.035031,-0.035031,False
AFYYHK3HLOWUENSICGSRAAEW7P4A,3325,5459,0.017755,0.000000,0.981472,0.956066,0.040218,-0.040218,False
AEDPBWYXW4NPHUASAVGCKNHRUJOQ,3326,6366,0.018548,0.000000,0.981882,0.957087,0.037203,-0.037203,False
AF547SASL33DEMYH3JXTB4VJ5EDQ,3327,15506,0.019269,0.002458,0.982582,0.959126,0.023787,-0.021526,False
AHMOYBDULQMZKOUODA3BNH7DWKDQ,3328,13669,0.018913,0.001008,0.981930,0.958107,0.025362,-0.024436,False
AH3KXYPNP5BP2AFQZXLETNUMFJ7Q,3329,9472,0.019055,0.000000,0.981744,0.957036,0.030501,-0.030501,False
AE4OOUOFUEJB2QEIMULD6BLVBNQQ,3330,6366,0.018650,0.000000,0.982404,0.958107,0.037163,-0.037163,False
AEQ3ACV6ULD4IUUBEBYAQHMGYBNA,3331,4984,0.017947,0.000000,0.982497,0.957087,0.042046,-0.042046,False
AG456PPH6KGFGQZYGO2ZDWYGKGAA,3332,4182,0.017199,0.000000,0.980925,0.958056,0.045854,-0.045854,False
AHKLYD5GR4BP4K65HR6EGXRNP47A,3333,5996,0.018576,0.000000,0.982123,0.957036,0.038336,-0.038336,False
AHMCRLIDH3MX77AHVUEZQOKZ55CQ,3334,5349,0.018169,0.000000,0.981841,0.956066,0.040629,-0.040629,False
AGYP5AA7QDNPIPTIVZ3246V2KALA,3335,4835,0.018783,0.000000,0.982074,0.958107,0.042643,-0.042643,False
AFAWOUAVEQOGIRBDOP5EPV7WAKFA,3336,10443,0.019034,0.000000,0.982275,0.956066,0.029078,-0.029078,False
AG63W2BMC4HRP76AMS36AYY64AHA,3337,35783,0.018665,0.007599,0.982503,0.960092,0.015643,-0.008638,False
AGTM6TECFNENFVXRGNVCFUYVL22A,3338,4541,0.017485,0.000000,0.981409,0.956066,0.044096,-0.044096,False
AGFHRN7K2FW2A4M67ZBV5VCTBL6A,3339,7240,0.019094,0.000000,0.982439,0.958107,0.034848,-0.034848,False
AHHJ5NOCY5EROHZASRCKXZBGLUKQ,3340,5354,0.018568,0.000000,0.981754,0.955044,0.040654,-0.040654,False
AEKJQLMPWARYDWN4BQXBCPML2VWQ,3341,7960,0.018827,0.000000,0.981839,0.956066,0.033306,-0.033306,False
AH73UQ5CDREGOYN6FTMXVGJUW5KA,3342,6904,0.019749,0.000000,0.982541,0.959075,0.035650,-0.035650,False
AHUOOO3WCQNZA4MQPWHAOEUEQ4YQ,3343,32494,0.018599,0.006987,0.981746,0.958056,0.016450,-0.010037,False
AGSPAJOHXDUYYHNJMRB2CTU7LBAQ,3344,17488,0.019063,0.003233,0.982346,0.958056,0.022423,-0.019456,False
AFVVHXC46GES3HXVII6FWLQ6X7TA,3345,26540,0.019632,0.006783,0.982110,0.958107,0.018201,-0.011975,False
AHLASMY7HPI5ACTI3XRP2DDHUOTA,3346,8863,0.017528,0.000000,0.981559,0.957087,0.031530,-0.031530,False
AH6EUO4QSQBUFNDUGEQEOYO3DBEA,3347,4210,0.018584,0.000000,0.981905,0.957087,0.045748,-0.045748,False
AH5BEMAKZE5RJ3JSHUYOJ7S2WKBA,3348,4487,0.018268,0.000000,0.981147,0.958107,0.044266,-0.044266,False
AGTG65FJY3OIZZZ5PU5F37M7I2PA,3349,4853,0.019802,0.000000,0.981668,0.957087,0.042609,-0.042609,False
AGWBUG2EAT2MCTDE7UPQAT6RRNMA,3350,4553,0.018868,0.000000,0.981213,0.956066,0.044038,-0.044038,False
AFSVLFSMZWWJ6VDDMHKNS4IDWJHA,3351,7634,0.019048,0.000000,0.982111,0.958107,0.033937,-0.033937,False
AHKB2DDGDMX3ISA753Q2BBM574KQ,3352,8078,0.019617,0.000000,0.981742,0.957036,0.033028,-0.033028,False
AFPRW7AHA7P7METQRELKLUIL3O6A,3353,8314,0.018476,0.000000,0.981963,0.958107,0.032519,-0.032519,False
AEOBEJMII4N2INI7GGALQWH5FTDA,3354,5739,0.018996,0.000000,0.982455,0.959126,0.039099,-0.039099,False
AEVEXKKEIOEM5OH3XGSVMUR3VGBQ,3355,12397,0.019567,0.000766,0.981731,0.956066,0.026688,-0.025988,False
AGNGAILNEEBETPBT3Z4RSSJML7VQ,3356,3517,0.018443,0.000000,0.980005,0.951972,0.050321,-0.050321,False
AHTZ3PYRZPGOTXL7T6I4ZUYY7APA,3357,4830,0.018145,0.000000,0.981322,0.956015,0.042759,-0.042759,False
AFO2SXNWPO3ZX5SFC226HLM65YRQ,3358,7251,0.019769,0.000000,0.982360,0.960092,0.034750,-0.034750,False
AEUYAGVPGKPKZU5SG3A66V5VLMRQ,3359,8666,0.019100,0.000000,0.981713,0.958107,0.031852,-0.031852,False
AG2TTN372SIFA43IEXZRPCN7B5HQ,3360,6748,0.020347,0.000000,0.982449,0.959126,0.036058,-0.036058,False
AHNHPHEADEG6JOWSHQIC7P6QGYQQ,3361,5411,0.018076,0.000000,0.981753,0.956066,0.040396,-0.040396,False
AHJATMQAWS7LNWFU7UPKS3DRSX4Q,3362,5984,0.016710,0.000000,0.981528,0.957087,0.038372,-0.038372,False
AEXABEL7SJQJOJLVQN6TTURYUYVQ,3363,6296,0.018782,0.000000,0.981615,0.958107,0.037369,-0.037369,False
AFGHGOPDUDFGC2Y6VQ7IFPONKYYQ,3364,9373,0.020074,0.000000,0.982178,0.956985,0.030663,-0.030663,False
AGHUPJ6MXDNOQUXKVRGDA3LFQM7A,3365,40662,0.018089,0.007708,0.981610,0.956066,0.014736,-0.007691,False
AHQBZUEAUUPWR3ULUNAMLB2JDKRA,3366,8398,0.018022,0.000000,0.982196,0.958107,0.032356,-0.032356,False
AG3HTYXKJA3O5SEBHW4BZZ2NQDNQ,3367,10018,0.018467,0.000000,0.982136,0.960143,0.029562,-0.029562,False
AGVQEU3XINYKGW2P3KVB5D6SZJWQ,3368,6442,0.019001,0.000000,0.981838,0.956066,0.037022,-0.037022,False
AFXRJRPJH2ASWIVLPOTZS3CCX6DQ,3369,5007,0.018574,0.000000,0.981731,0.958107,0.041904,-0.041904,False
AGFPFCL7E6DQS2BSLZK7Z6KP3LGA,3370,4277,0.017686,0.000000,0.981385,0.956015,0.045439,-0.045439,False
AF2B32XMOHK76UH3LEXDY7TH66IQ,3371,10741,0.019238,0.000000,0.982534,0.958107,0.028610,-0.028610,False
AEHGPXYD47LUNHVXIN3QKXAIRVMQ,3372,6689,0.016630,0.000000,0.981766,0.957036,0.036295,-0.036295,False
AGH4GUP66FUWHCHHVG4QP3RW3B5Q,3373,4870,0.017341,0.000000,0.981224,0.957087,0.042535,-0.042535,False
AGQWB5SVFC2T66LVVZW3LKCHGO2A,3374,10009,0.018972,0.000000,0.982179,0.958056,0.029640,-0.029640,False
AEW5WKS7J5FAU5HYG6N7VXLTGWXQ,3375,4605,0.016141,0.000000,0.981036,0.956015,0.043791,-0.043791,False
AHMMSGQM5DXTYMKO22PU3ZMUPE7A,3376,5192,0.018671,0.000000,0.981635,0.958107,0.041151,-0.041151,False
AEHS46H4OJSGKSTCUR574WZST3WA,3377,5189,0.017919,0.000000,0.981672,0.958056,0.041165,-0.041165,False
AGBCUH6OF5SMVV6ED5G66Q4QWI4Q,3378,7679,0.022409,0.000000,0.982857,0.958107,0.033837,-0.033837,False
AG3KFKJCPSYRVYN5PN5NEQJS4V3A,3379,8782,0.019645,0.000000,0.982038,0.956066,0.031709,-0.031709,False
AE6SPZALZWZRHJVUFJD2YZWQ6LXA,3380,6191,0.016909,0.000000,0.980696,0.958056,0.037687,-0.037687,False
AHATA6X6MYTC3VNBFJ3WIYVK257A,3381,14725,0.017476,0.000225,0.981668,0.953970,0.024541,-0.024336,False
AHY63DRHTWWJHOFMQKG2PEUYZ2LQ,3382,5270,0.018400,0.000000,0.982043,0.955044,0.040976,-0.040976,False
AHHMAAVNPDO67K5ASIXFCKLKUQSQ,3383,5939,0.019476,0.000000,0.982215,0.958107,0.038476,-0.038476,False
AFF6DS6NOWRIF2AROFASUVVOPYLA,3384,18039,0.021073,0.005487,0.982498,0.959126,0.022054,-0.017006,False
AGCW2JGKPSQNHBVZ4EOLOKHUOV3A,3385,4713,0.017067,0.000000,0.981179,0.957087,0.043238,-0.043238,False
AEIID43Y5VNCZCTG5VPY64SUTMUA,3386,6733,0.020466,0.000000,0.982602,0.960143,0.036060,-0.036060,False
AFW6IVJM7XDAUKLUAPUATO5REKPA,3387,7128,0.017980,0.000000,0.981469,0.958056,0.035123,-0.035123,False
AHF2R43HMV6S2J42LN6NLQTRBLJA,3388,23063,0.019291,0.005507,0.982726,0.959126,0.019504,-0.014438,False
AGUZXENJYN23GI4PEDZDI3QZEMSA,3389,5351,0.019146,0.000000,0.981465,0.957087,0.040578,-0.040578,False
AH4EDJHZW7YAGYZDZFZ5REDHE3XA,3390,20706,0.017741,0.003193,0.981568,0.956015,0.020651,-0.017733,False
AHQ6BQIVU3QKS364JCPPPYSNU22A,3391,4599,0.017913,0.000000,0.981501,0.958056,0.043726,-0.043726,False
AF2BLE54TEMGZ546U763ZHZRXC4A,3392,26871,0.018646,0.005876,0.981548,0.957036,0.018109,-0.012727,False
AE2D3KGDRDJH7G4HXN3GTND5IPLQ,3393,11855,0.017968,0.000000,0.981487,0.957087,0.027262,-0.027262,False
AG2YJWMXWKLFZGVDPSXO4LHCA3PA,3394,35827,0.020021,0.008962,0.982265,0.957036,0.015683,-0.007474,False
AH2OZFAVVLVSJS5CU7K7CURJSYOA,3395,5437,0.018222,0.000000,0.982104,0.958056,0.040215,-0.040215,False
AFBLQXZ33YGRLYPOHARWDQAWSTSA,3396,4757,0.017002,0.000000,0.980997,0.957087,0.043037,-0.043037,False
AH5BPN6MZXBEZCOH2UGKU2ZNDLDA,3397,6118,0.020075,0.000000,0.982177,0.956066,0.037990,-0.037990,False
AE4TTQEAURIY2SPMNXY5DQV4GLBQ,3398,5482,0.021231,0.000000,0.982537,0.958107,0.040048,-0.040048,False
AH6TANNCBRUNECUZORQGW2GZLQ4Q,3399,15581,0.018676,0.001905,0.981471,0.957087,0.023780,-0.022035,False
AGN5KJZU3FYSKVWXWM66LXYWL5CQ,3400,42801,0.018042,0.007924,0.981306,0.959126,0.014317,-0.007028,False
AGSGNSTI2FQVP2FA472PPANKG4DQ,3401,4261,0.019005,0.000000,0.981514,0.959126,0.045376,-0.045376,False
AFC4QRDNQDNCTDE7DA53APS6IUAA,3402,6072,0.019327,0.000000,0.982277,0.961160,0.037931,-0.037931,False
AFIOSFDSBQUVK4OMOFVNFVKMOC7A,3403,4300,0.018410,0.000000,0.981169,0.957087,0.045266,-0.045266,False
AF7KGUAKKGFQFTGJUCYUC5IKM3XA,3404,4342,0.018456,0.000000,0.981859,0.959126,0.044951,-0.044951,False
AFCFX34G3LQLDXEEBCPWSX5RRYYA,3405,4187,0.017268,0.000000,0.982469,0.960092,0.045730,-0.045730,False
AGSRIOVFCVZYN6LG2C7I374OWKEQ,3406,11451,0.018603,0.000000,0.981730,0.957087,0.027739,-0.027739,False
AHEMJ62SUJPUYNWGROPI6MUAYQ5A,3407,9223,0.018639,0.000000,0.982170,0.959126,0.030842,-0.030842,False
AFFHIWPXXKSMZKQYTTMPTHMJ6DUA,3408,6579,0.019560,0.000000,0.982586,0.959126,0.036518,-0.036518,False
AGPGXSO3TUT5DZEMWXKMOJRGT3UQ,3409,14218,0.018713,0.001157,0.982103,0.957087,0.024894,-0.023834,False
AFFAHDCNLJ7E3HVOXDMB4HUMM7HA,3410,16192,0.018139,0.001688,0.981630,0.957087,0.023327,-0.021781,False
AF5G4UJW7YODZLKQ3UBOCGXEEDJA,3411,10056,0.019886,0.000000,0.982255,0.958107,0.029569,-0.029569,False
AGM4CTJZTX4ODUQDZKC5NP6D7U3A,3412,12728,0.019139,0.000584,0.981959,0.958107,0.026283,-0.025747,False
AGK5FELCLLLNYLINWVAPXS4P2MHQ,3413,5804,0.020776,0.000000,0.982833,0.961160,0.038797,-0.038797,False
AF46LCXEZRBDTD6CBAZNXSYV7JKA,3414,7534,0.019010,0.000000,0.981870,0.958107,0.034161,-0.034161,False
AHMSYVI5H2GXDIKMFYR4Q2KRZUDQ,3415,17543,0.018427,0.002622,0.981894,0.958056,0.022388,-0.019982,False
AHRKLNYIXJER22NUIN2R37FP2Z7Q,3416,7985,0.019038,0.000000,0.981804,0.958107,0.033183,-0.033183,False
AFOQ7PCDGLQB45W67ZVPGBUBD7ZA,3417,5698,0.018131,0.000000,0.982268,0.959126,0.039240,-0.039240,False
AHI6NGJKRK3ZZPQ6IIDLMT2MFT5A,3418,9882,0.019135,0.000000,0.982600,0.959126,0.029796,-0.029796,False
AHNN7FW7ZAZASAEMMS6RJ4NAGVFA,3419,6348,0.019910,0.000000,0.982538,0.960143,0.037137,-0.037137,False
AEWA73ZOFSME3SMC6WKEDTKMDGHQ,3420,3293,0.017274,0.000000,0.981528,0.957036,0.051729,-0.051729,False
AETKA752YU5A2RYBJ4GIAKSCGOZQ,3421,6196,0.018916,0.000000,0.981663,0.956066,0.037750,-0.037750,False
AG7I652IF32AVKKXGITD3RCCT4FA,3422,6196,0.020777,0.000000,0.982516,0.959075,0.037632,-0.037632,False
AGOA64RRMXMGKXQHXBPDPA44K6PQ,3423,6934,0.019763,0.000000,0.982455,0.959126,0.035571,-0.035571,False
AHMTSDM7S76CXUULLBES6YYVYTDQ,3424,17061,0.020675,0.004649,0.982850,0.960143,0.022653,-0.018367,False
AFQDKSGTHRRSVFHQXGLW54EECG3Q,3425,5025,0.020266,0.000000,0.981479,0.955044,0.041963,-0.041963,False
AFL7UIJ6DCL3LV2K6H2FTBVGDLDQ,3426,13919,0.019774,0.002031,0.982624,0.959126,0.025106,-0.023238,False
AG5LC5HSFYGJSK3AQGHEFHKX6ZWQ,3427,150198,0.018366,0.012964,0.982444,0.959075,0.007643,0.004282,True
AHHHJ7RIH3UDF4S3N4XUGV65ANSA,3428,7939,0.017822,0.000000,0.981853,0.958107,0.033279,-0.033279,False
AGKSE7R54LFVQ4E3VXSTOX2H7B2A,3429,26151,0.018789,0.005844,0.982178,0.959126,0.018316,-0.012940,False
AHFKVOFR4GL5OD5WQOWZ7WKZLJ5Q,3430,5582,0.019635,0.000000,0.982265,0.956066,0.039772,-0.039772,False
AF3PEYDVYBSOSCDYP6LIPFZLLX2Q,3431,6002,0.018530,0.000000,0.981836,0.959126,0.038233,-0.038233,False
AH4WEBZJR7MVVWIQFUYNPKKGRCWA,3432,7984,0.018555,0.000000,0.982223,0.959126,0.033149,-0.033149,False
AG5FGCIM6PBJX3JNDRKQMITZTIMA,3433,14574,0.019555,0.002215,0.981969,0.958107,0.024562,-0.022528,False
AE75XLGPCAOWCQB4QUAFJW3KZC7A,3434,7070,0.018812,0.000000,0.981683,0.959126,0.035227,-0.035227,False
AGOUDHOTOEHTBZKBSZJOBRSFBD3A,3435,8490,0.018868,0.000000,0.981953,0.958107,0.032181,-0.032181,False
AFDR6DYNOICACU76IFDVH5KPNJQA,3436,16857,0.018195,0.002072,0.981941,0.958107,0.022838,-0.020936,False
AGIEN4NCW26MHD2EP3FPCESQPR5A,3437,8202,0.020093,0.000000,0.982026,0.956015,0.032812,-0.032812,False
AFSF7Z5BISXKOBEXL56VUKOIFOIA,3438,8399,0.019143,0.000000,0.982117,0.959075,0.032322,-0.032322,False
AHJCSM7OYYT5AC3YPOKL3VNKNMNA,3439,6990,0.018787,0.000000,0.982019,0.957036,0.035505,-0.035505,False
AGSW2VSRS3CCXUDHTZRK4OKV4LCQ,3440,6298,0.018969,0.000000,0.981743,0.956066,0.037443,-0.037443,False
AF4XJ2HKW3BUYIALQQL57SEVM2UQ,3441,4383,0.018064,0.000000,0.981338,0.958107,0.044788,-0.044788,False
AGYNBKMGX6FOEQ7BVPCGZTEGAOFA,3442,14935,0.020234,0.003105,0.982477,0.959075,0.024239,-0.021383,False
AGTI6WMI5QBD7246VKXGNA2B7WBA,3443,5261,0.018048,0.000000,0.981831,0.958056,0.040882,-0.040882,False
AFBLBHZPHEI3LN5WKJGOUACDPJXQ,3444,7018,0.018405,0.000000,0.982287,0.957087,0.035433,-0.035433,False
AEY5BQPRKCUUNW4KWKSNAWVOAIIQ,3445,7017,0.019389,0.000000,0.982186,0.957087,0.035435,-0.035435,False
AGIDY3FWTUROJLSBWP45RKRQGQDA,3446,5635,0.017473,0.000000,0.981795,0.957087,0.039542,-0.039542,False
AGMNDXKFAM4SI46VYU6WDS2EUD5Q,3447,4473,0.016897,0.000000,0.982292,0.958056,0.044337,-0.044337,False
AEJ7QQUJCU72CVRVJOF3H4TWDKCQ,3448,5704,0.019104,0.000000,0.981789,0.957087,0.039302,-0.039302,False
AHN53SUJ33S2PFQA2NFOAB2J46OA,3449,7967,0.019231,0.000000,0.982119,0.958973,0.033190,-0.033190,False
AE4CRFV46QHI3DKTUAILVQTPLEIQ,3450,4257,0.018623,0.000000,0.981416,0.956015,0.045545,-0.045545,False
AFRHCRFFRBM3RVBVDMFDB7SVPTHQ,3451,95561,0.020169,0.013397,0.982616,0.957087,0.009602,0.002670,True
AFP4VV7FHGMDUUZRR6UXBRKLQQRA,3452,5245,0.017976,0.000000,0.981286,0.957036,0.040988,-0.040988,False
AGNN4VNS5K4D4YL5UD4X3POSDMOA,3453,5615,0.018555,0.000000,0.982329,0.960092,0.039489,-0.039489,False
AHOVOKCNGKMCAEBVWTWOGCPY2XLQ,3454,8804,0.018661,0.000000,0.982218,0.958107,0.031601,-0.031601,False
AFOUH4HQ3WKELXFSOZL2X7VIKZEA,3455,29373,0.019069,0.006855,0.982248,0.958107,0.017301,-0.011008,False
AFRDKTRM3R5K6PM7HXYADVJSU6SQ,3456,5030,0.018617,0.000000,0.981241,0.956066,0.041898,-0.041898,False
AHWONVIIJ6KH2AO2G4RCTXKP3TFQ,3457,13105,0.019106,0.000820,0.982474,0.959126,0.025874,-0.025120,False
AGPG7HGPSPPUFHBJ5FY4BTX3NGAA,3458,4202,0.016594,0.000000,0.981145,0.957087,0.045791,-0.045791,False
AHX2B4DEER2QR3IU3CCNB3CWC6TA,3459,17373,0.019015,0.003133,0.981857,0.958107,0.022496,-0.019621,False
AHRQMW37TRCLFNW5QLQ4FZHPBZJQ,3460,18939,0.017594,0.002383,0.981844,0.958107,0.021546,-0.019358,False
AHDJTOPSX7M6KTZ2HQNCDDVAD43A,3461,6919,0.017887,0.000000,0.982107,0.959126,0.035609,-0.035609,False
AF4MOVQNF3RJNHPA5KU3OWOOZIFA,3462,8480,0.019717,0.000000,0.982371,0.958107,0.032200,-0.032200,False
AHIQC6XUZUUFYILUUUWSG6WYVYGA,3463,6056,0.018024,0.000000,0.982099,0.959075,0.038064,-0.038064,False
AGUSITPDSZNUNRZWBJZNIX3CK77Q,3464,7021,0.019895,0.000000,0.982476,0.959126,0.035350,-0.035350,False
AFNS5D7Q66EQPPLNEZHXBOUREOTQ,3465,4683,0.018827,0.000000,0.981282,0.957087,0.043376,-0.043376,False
AEKNPKUKD3NK3ANSAE2HPT2LIW3Q,3466,5498,0.017934,0.000000,0.981719,0.957036,0.040034,-0.040034,False
AEF3D6PGXOSS2P6KUDKVWHVUDSAA,3467,6314,0.020395,0.000000,0.982463,0.958107,0.037316,-0.037316,False
AE4SBEJSCJAWM7CRKJDBQF3O7RGA,3468,24426,0.018645,0.005251,0.982282,0.958107,0.018972,-0.014152,False
AEX6F3NHCLMPXTPAS2CVOUQMOEUA,3469,16622,0.019383,0.003146,0.982209,0.959126,0.022974,-0.020080,False
AHTUMCM7WLMQFR4ZZQY6V3DOYTGQ,3470,6684,0.017689,0.000000,0.982159,0.956015,0.036348,-0.036348,False
AF4IFF3OA55YOWXILYETWH57F7UQ,3471,26731,0.017950,0.005146,0.982054,0.959126,0.018117,-0.013382,False
AFIMONJ5LR4L5EUEJQVO4ISN43SA,3472,7274,0.020101,0.000000,0.982093,0.957036,0.034805,-0.034805,False
AEW6LYMS7YOBKV3SAOVF7RZZMBOA,3473,10598,0.018861,0.000000,0.981615,0.955044,0.028895,-0.028895,False
AH43LZPH7256CHBSEDLZL4D3XWSA,3474,5810,0.018495,0.000000,0.982378,0.959126,0.038860,-0.038860,False
AFKFAIJ6F253YS4ZYM5EEA6FG66Q,3475,7685,0.020300,0.000000,0.982283,0.958056,0.033826,-0.033826,False
AHSMLO2XZ7UYPFGD5PLPRZVKSUIA,3476,4780,0.018262,0.000000,0.981684,0.958056,0.042890,-0.042890,False
AEMF7JLOJ45VE3WDYLRTZO6ZPDUQ,3477,7912,0.019349,0.000000,0.981799,0.957087,0.033371,-0.033371,False
AGCTK2Z2ND3YCNM4ZCOI6CSEYSIQ,3478,8898,0.016956,0.000000,0.982266,0.958107,0.031434,-0.031434,False
AHSFFVE5G65JPMAA3PYUO2RWUA6Q,3479,5109,0.017556,0.000000,0.982155,0.958107,0.041484,-0.041484,False
AEGCZJGVCDX7GD3ZDWYV7UOGJHZQ,3480,19961,0.018766,0.003950,0.982145,0.958107,0.020987,-0.017362,False
AGYO7XP7YGN5MVWQT2B254GWJD2Q,3481,5463,0.017569,0.000000,0.982269,0.958107,0.040117,-0.040117,False
AEIMKGOOPJCFS55HP4VNWY4N3SVQ,3482,10159,0.020102,0.000000,0.982377,0.958107,0.029419,-0.029419,False
AEOVVAOWROFTZAWM7DP4J3ORLSQA,3483,5061,0.017477,0.000000,0.981952,0.959126,0.041636,-0.041636,False
AHNDLHG5E446HK5F4VRF6R44XYSA,3484,9681,0.019365,0.000000,0.982097,0.958056,0.030138,-0.030138,False
AFJUNF4A25PMTEFDQIHCEN2ADIXA,3485,4833,0.018504,0.000000,0.981777,0.957036,0.042700,-0.042700,False
AEP4QCX5BLOJBRHIMJCQTVIBJ4RQ,3486,14123,0.018578,0.000963,0.981987,0.960143,0.024898,-0.024010,False
AG3JQ6U7SJNCLQ2ID3BXHDJS24YQ,3487,5851,0.017813,0.000000,0.982267,0.959075,0.038725,-0.038725,False
AGPM5O2RFTK3SWT5WTNXPVF62WJQ,3488,8602,0.019344,0.000000,0.982495,0.957087,0.032004,-0.032004,False
AGR23GQ772XEO5XCZ3UDPGUIVYOA,3489,7365,0.019326,0.000000,0.982305,0.956015,0.034627,-0.034627,False
AE4E2RFS6VC4SQX6J55BNT7NM45A,3490,9693,0.017877,0.000000,0.981378,0.957087,0.030150,-0.030150,False
AHY2QS4G77WG5LI3VZ5QX4D3XMLQ,3491,5291,0.019062,0.000000,0.981787,0.958107,0.040764,-0.040764,False
AEVJRHZZOSWCWC4IVTH2QPPG775A,3492,9322,0.019470,0.000000,0.982534,0.961109,0.030615,-0.030615,False
AEIIRIHLIYKQGI7ZOCIJTRDF5NPQ_2_2_1,3493,22206,0.017662,0.003615,0.982448,0.959126,0.019877,-0.016552,False
AFJUT5BEWATK37VVRUDVOQOWLKPQ,3494,7439,0.018729,0.000000,0.982320,0.959075,0.034344,-0.034344,False
AGLX23K3YYZ4NMO3V4CRUO7DSTQQ,3495,17788,0.019269,0.003573,0.982445,0.960092,0.022186,-0.018893,False
AH7SYWBR37OYUGQZXCIBUEHGISSA,3496,4801,0.020305,0.000000,0.982418,0.956066,0.042885,-0.042885,False
AEIXEEET2JH7UHPPX4WEFRYYX7IA,3497,16946,0.018519,0.002438,0.982079,0.957087,0.022802,-0.020569,False
AHGVHBZZ3SJIXLAZYKE3BUXRBW6Q,3498,13471,0.018379,0.000343,0.982248,0.960143,0.025493,-0.025177,False
AFRPWBSVEF2BQMQTKA33SMTXJI6Q,3499,7700,0.019043,0.000000,0.981735,0.957087,0.033827,-0.033827,False
AHQXAWB3MSHU3AWTNMTW3IJRUJCA,3500,13168,0.019403,0.001161,0.982137,0.958107,0.025840,-0.024774,False
AFPT7MUXVAM4NE4IKGKSXS6G3AOQ,3501,5718,0.020422,0.000000,0.982314,0.958107,0.039213,-0.039213,False
AHOG65RHFEAC7IIYORF4NVA2ELRQ,3502,3887,0.017997,0.000000,0.981428,0.959075,0.047512,-0.047512,False
AES7PNXX6XJGBHPCE36TL35PGQ2Q,3503,4173,0.017513,0.000000,0.981380,0.958107,0.045901,-0.045901,False
AGFEBWDIGOPA2I5RFLYVRSTBXG7Q,3504,14936,0.019888,0.002759,0.982931,0.959126,0.024236,-0.021698,False
AFAKTJSLYPNT723YXA7UODJDEMFQ,3505,4328,0.018257,0.000000,0.982264,0.959126,0.045024,-0.045024,False
AHARWDOEUNRTMI542YMXT7AVCEHA,3506,6835,0.020011,0.000000,0.982455,0.958107,0.035866,-0.035866,False
AFKKNZ23TDLTOKKSP43L6UPZIEDQ,3507,9356,0.019759,0.000000,0.982304,0.959126,0.030622,-0.030622,False
AHZRHNKVY4DBGRSOIBHU2ZMTIFYQ,3508,7054,0.019857,0.000000,0.982304,0.960143,0.035230,-0.035230,False
AELHYMCYVS6T35HA3UH5UGFWTK6Q,3509,31091,0.019595,0.007723,0.982154,0.959126,0.016798,-0.009694,False
AH2SMIKK7I7T5U4AVBUQBIWP5V3Q,3510,24732,0.018284,0.004973,0.981242,0.954993,0.018916,-0.014381,False
AFKCZLML2XDKU534TBIHQXDAJWZQ,3511,8206,0.019403,0.000000,0.982033,0.957087,0.032768,-0.032768,False
AE5CXHJTPWY4NF2IIH2N5HQBYBJA,3512,6177,0.018619,0.000000,0.981955,0.959126,0.037687,-0.037687,False
AGKPBR7KJ5LDE42K7QB3UX3SIGFQ,3513,8598,0.019657,0.000000,0.982153,0.957087,0.032012,-0.032012,False
AFIWIDNKGCGYVNUZFYYRIPFIWA2Q,3514,5798,0.019303,0.000000,0.981351,0.957087,0.038983,-0.038983,False
AHM4OPQPH2VEAULTUPXDDXCTULIA,3515,13760,0.020266,0.002421,0.982104,0.957087,0.025305,-0.023087,False
AHUQ3WRTMZBW6VD6URAQHTQQZIHA,3516,5485,0.018593,0.000000,0.981158,0.957087,0.040079,-0.040079,False
AF3GBDAA4XLVPJYDWRQ5BIG7JSTA,3517,4634,0.019215,0.000000,0.981924,0.957087,0.043605,-0.043605,False
AHU6H4OZYENZIG7OGXLW6LPFPIVQ,3518,7380,0.020397,0.000000,0.982516,0.960092,0.034445,-0.034445,False
AGCYN5IKEDNDPRNNLVXPOZPLWN3A,3519,7631,0.017958,0.000000,0.982134,0.959126,0.033907,-0.033907,False
AEFKVSX3H7JBJ3AMZXSSRTL5ZKUA,3520,17242,0.018722,0.002780,0.982393,0.958107,0.022582,-0.020029,False
AF2LHYGBVJDHWNWA2HTDOOISZEYQ,3521,6436,0.018530,0.000000,0.981909,0.957087,0.037000,-0.037000,False
AHM3J77TM53S5IMGFXFHC53BJ7QQ,3522,7510,0.019004,0.000000,0.982373,0.959075,0.034181,-0.034181,False
AHSQ5K552SD4NH32WTSPO4O4PPUA,3523,23001,0.018715,0.004913,0.982049,0.957087,0.019572,-0.015072,False
AELCHJO64W7III5PDR7RURIJV5CA,3524,15806,0.016969,0.000318,0.981464,0.958107,0.023585,-0.023293,False
AGI2TAFRZNJHLDIPMIHA5DUYJFPQ,3525,9969,0.018227,0.000000,0.982172,0.958107,0.029698,-0.029698,False
AHIHAORYK52MNKEKMVQ7HI4AVONQ,3526,11049,0.019282,0.000000,0.981952,0.958107,0.028209,-0.028209,False
AESO27BUQYLOIWXWMISPD6XY2A4A,3527,20734,0.020043,0.005506,0.982068,0.958107,0.020592,-0.015538,False
AFNUK4ZREIOXG2KKXC7QXB66YQUA,3528,4254,0.018472,0.000000,0.981683,0.958056,0.045464,-0.045464,False
AE26QWXI2OZ4KCJPKNB6YZTNBR5Q,3529,14623,0.018717,0.001406,0.982150,0.958107,0.024520,-0.023229,False
AFS3ZTSIAQMOGYXILHK6MSBA2NEQ,3530,6259,0.019560,0.000000,0.982207,0.957087,0.037520,-0.037520,False
AHTKS67ZUSMEDXXG2G2EVA3EHOWQ,3531,7172,0.018225,0.000000,0.981513,0.959075,0.034977,-0.034977,False
AEIO7IC2JCLNTMWTN7NWQC2WSLVQ,3532,6763,0.018254,0.000000,0.981755,0.955044,0.036172,-0.036172,False
AFIAYD5EZYUL7P5HK4HIPGN43CTQ,3533,4285,0.018385,0.000000,0.981272,0.958107,0.045297,-0.045297,False
AEX4IPQYEQ4WPVENZW4GMACJIZGA,3534,16000,0.019841,0.003292,0.982570,0.959126,0.023417,-0.020388,False
AFKD6IIRG7SJSY2PLY4G6L7US4MA,3535,9485,0.019654,0.000000,0.982327,0.959126,0.030414,-0.030414,False
AFIGVDHYZFZAYERO26QVDKU4TAWA,3536,11156,0.018040,0.000000,0.981798,0.957036,0.028105,-0.028105,False
AFJKKKULVD462O6AJXMVUIRMZQKQ,3537,5855,0.018392,0.000000,0.982278,0.957087,0.038792,-0.038792,False
AFOOC4TGAAKXXWTRPPKD526LA7RA,3538,5734,0.018013,0.000000,0.981901,0.958107,0.039158,-0.039158,False
AFGMVOVC3JVTQIKZCWMU7GLGODOQ,3539,4340,0.018917,0.000000,0.982214,0.956066,0.045105,-0.045105,False
AHS4NPCYFLOXMQQWY5DL7H5AKLOA,3540,6407,0.017221,0.000000,0.981640,0.958107,0.037044,-0.037044,False
AHA5MSNKUQADZA6E7UAMRHJ3LOSQ,3541,8466,0.018334,0.000000,0.981245,0.956015,0.032297,-0.032297,False
AHJDX3QF4FK5G6VTSNE2SBINPO6A,3542,4910,0.018440,0.000000,0.982213,0.958056,0.042318,-0.042318,False
AFC2ORBDTHTTGKUIJ5GBTDI6ULQQ,3543,6181,0.017328,0.000000,0.980084,0.954021,0.037877,-0.037877,False
AEWI5XIZD3CS2CT3ERJCKC3NC2DQ,3544,7353,0.017989,0.000000,0.981028,0.958107,0.034579,-0.034579,False
AHJVUQE36DK4XLBZPID5LBPC6BHA,3545,26894,0.019100,0.006336,0.982531,0.959075,0.018063,-0.012235,False
AEDXXN3WREPYHF7VOGSKGJZFA7IA,3546,6351,0.018619,0.000000,0.981564,0.958056,0.037209,-0.037209,False
AFSBX5OVGYFLTYAEINDN3NGWNZ7Q,3547,5773,0.017923,0.000000,0.981888,0.958107,0.039025,-0.039025,False
AFVUNKZU6OKGHABGBKQRF3KS7WTQ,3548,6297,0.017650,0.000000,0.981463,0.958107,0.037366,-0.037366,False
AFYJ3754GI5AK5REM7E7IMYLG2OA,3549,5097,0.018504,0.000000,0.981121,0.955044,0.041666,-0.041666,False
AGAU5BH2622ISFNPF6E3FZGZ2G4Q,3550,6586,0.020317,0.000000,0.982567,0.960143,0.036460,-0.036460,False
AE3TKU2QYWGQA3RSTHN7CKZMHE4Q,3551,6533,0.018950,0.000000,0.981439,0.958056,0.036687,-0.036687,False
AFOTJXRQDUCKYFT2PPHRCVFKDN7A,3552,5987,0.018954,0.000000,0.982130,0.958056,0.038324,-0.038324,False
AES2TITGKXHZZPQ6NQQXHK5RQP3Q,3553,5362,0.018991,0.000000,0.981926,0.956015,0.040582,-0.040582,False
AFSB4OKA7PVZYWLCYU4464RHAUWA,3554,7976,0.020469,0.000000,0.982264,0.959126,0.033166,-0.033166,False
AFE3KSBVH635IKGQVCPZIMGL6ROA,3555,6161,0.017435,0.000000,0.981413,0.956066,0.037857,-0.037857,False
AF3ZQA2HLR53CZ3LCLMZUTN64BMQ,3556,5322,0.017437,0.000000,0.982371,0.957087,0.040689,-0.040689,False
AG74K4LM3CPISJHR2JAFIV7BWQKA,3557,5262,0.017458,0.000000,0.981348,0.958107,0.040876,-0.040876,False
AGYGWOTELHRTF6OJXYJLPIPVPQCA,3558,7561,0.018812,0.000000,0.981628,0.957087,0.034137,-0.034137,False
AHJC32PF2J3DSTP76N5YT5RF3T6Q,3559,11912,0.019000,0.000000,0.982140,0.959126,0.027139,-0.027139,False
AFNMR225HEQXEVOYEYDQZXMDFUQA,3560,6689,0.019729,0.000000,0.982507,0.959126,0.036216,-0.036216,False
AFNVHFWZWJWPVYNZ7MRSSP2Y6RXA,3561,11414,0.020054,0.000461,0.982293,0.959126,0.027725,-0.027301,False
AGMEEC2LLXHBMVAEVVKVQ4JPGZ2A,3562,5222,0.018544,0.000000,0.981987,0.959075,0.040991,-0.040991,False
AED44JCNUQP4Q25OI2UTBCLYVVCA,3563,4108,0.017573,0.000000,0.981395,0.958107,0.046263,-0.046263,False
AED3PQGKE2MP7OA6YA7ITROMHQEQ,3564,38558,0.019058,0.008398,0.982623,0.958107,0.015100,-0.007392,False
AHBQCIOT4JDHIT5CMKFXMLKBQ2EA,3565,6705,0.019507,0.000000,0.981901,0.957087,0.036250,-0.036250,False
AEFTTOKTYVK4P65S7TFLFZDMURJQ,3566,10839,0.019218,0.000000,0.981842,0.959126,0.028451,-0.028451,False
AGA4ZROJLSQMSIRXATGSO7LJPIKQ,3567,24962,0.020394,0.007144,0.982516,0.959075,0.018749,-0.012177,False
AHY5EQP2NXLDUS65OPMXMM3TMQNA,3568,5580,0.020101,0.000000,0.982119,0.956066,0.039779,-0.039779,False
AFCGZ22Q6PGK4CYOXTXDWUB4HTGA,3569,4209,0.015478,0.000000,0.980325,0.953970,0.045903,-0.045903,False
AE3TWUAOUGACXZQFGGAMV5ZGDQOQ,3570,4705,0.019124,0.000000,0.981380,0.957087,0.043274,-0.043274,False
AE3KLVXGZPANXE5XLXYKHTVAZ3FQ,3571,10100,0.018654,0.000000,0.981596,0.960092,0.029443,-0.029443,False
AHHLTGESVKQVOHKAURKEZBRHMF6A,3572,10725,0.019825,0.000000,0.982631,0.961109,0.028542,-0.028542,False
AEHY474ZXCBIST6LCUFKNRSXON2Q,3573,5510,0.017498,0.000000,0.981306,0.957036,0.039991,-0.039991,False
AEQXZCNKESE5KNCYCQZROO7GZRKQ,3574,17644,0.019625,0.003866,0.981977,0.959075,0.022300,-0.018744,False
AFTFDX6Q66PKOISC36VFGNRLSYUA,3575,16554,0.019393,0.003123,0.981560,0.957087,0.023071,-0.020209,False
AGHIAL5ERJJS5DLXOGU4PO4YPKDA,3576,7677,0.019617,0.000000,0.981840,0.959075,0.033807,-0.033807,False
AELJQ3VP26KANKYL3PDK5BYQLAXQ,3577,4599,0.018487,0.000000,0.981784,0.960092,0.043633,-0.043633,False
AGFN3252BBTYUJUUDQMAGYZNUT5A_1,3578,23962,0.018981,0.005458,0.982451,0.959126,0.019135,-0.014114,False
AGNYFMS6OLLMFUWWSSR5AHC5WBUQ,3579,5824,0.019139,0.000000,0.982018,0.958107,0.038854,-0.038854,False
AHFHWIE5I6WPLXLYUQCXAFOVRV5A,3580,8612,0.017387,0.000000,0.981857,0.958056,0.031953,-0.031953,False
AGXAVDHJOM2CZKJYOTOOP32KVUOQ,3581,7619,0.017544,0.000000,0.981510,0.957087,0.034006,-0.034006,False
AH5RSXUJXN5QO34BV3OF3CMG655A,3582,7906,0.019608,0.000000,0.982193,0.959126,0.033313,-0.033313,False
AEQFY32CE5CX4736RGL5MSMLV5UQ,3583,9068,0.018908,0.000000,0.981565,0.958056,0.031140,-0.031140,False
AGDQR7EYHX5Z7Q6OCXXTGHQZV7EA,3584,6212,0.018707,0.000000,0.982222,0.959126,0.037581,-0.037581,False
AESS74O6T2TUXQ3QFIPNL5KBBZKA,3585,3835,0.018182,0.000000,0.981726,0.957087,0.047932,-0.047932,False
AHCLVNN7XIIJQ6AMCQJ2VWXBDPGQ,3586,14137,0.018699,0.001093,0.982049,0.958107,0.024938,-0.023935,False
AFOI5JOKDCYBNP6G3PIGN3FPIO2A,3587,5022,0.018614,0.000000,0.981398,0.957087,0.041886,-0.041886,False
AHFCWSKACRWBMRUSHWOM7NEZLSBA,3588,4716,0.019246,0.000000,0.981762,0.958107,0.043178,-0.043178,False
AE37EGKBIZNM76LDJ2N6BGHTRZNA,3589,5300,0.019186,0.000000,0.982206,0.957087,0.040773,-0.040773,False
AFTCZPOQMEHTBI6EASOCKG5LWCKQ,3590,7454,0.018728,0.000000,0.982146,0.957036,0.034383,-0.034383,False
AE7JBM6K7UPOFSXSCXY2VAWFWD4A,3591,6200,0.020177,0.000000,0.982048,0.958107,0.037657,-0.037657,False
AH5IZV3CROHO2XHVBMBBS2MSMOWQ,3592,4147,0.017757,0.000000,0.981707,0.959126,0.045996,-0.045996,False
AHI67RO3D527NGHY3BUSNSU3MMVQ,3593,10835,0.019278,0.000000,0.982111,0.959126,0.028456,-0.028456,False
AGM2A2VZQTAS3OVZNQZ4OYO3BWHA,3594,15370,0.018125,0.001240,0.981817,0.958107,0.023917,-0.022779,False
AGLOSDW6BQHIKTVEKCI23IAZCY7A,3595,20830,0.019391,0.004886,0.982116,0.957087,0.020567,-0.016091,False
AFOMW4XMP7LLRB2UZIQGTH3HHCWQ,3596,4987,0.020850,0.000000,0.982740,0.958056,0.041990,-0.041990,False
AEKBPFBX43IZ5DPNC5JU7NSRZ7FA,3597,12845,0.019397,0.000927,0.982526,0.957087,0.026190,-0.025341,False
AGUCUEA7OM5LD66E3TZQAH475MMQ,3598,11047,0.017303,0.000000,0.981039,0.958107,0.028211,-0.028211,False
AEP4KJDGBH6XPJKFEHPYSAPUNDBQ,3599,12780,0.019375,0.000858,0.982115,0.959126,0.026201,-0.025412,False
AEDIN436FJT2VQGGITVASPGVSDUQ,3600,19232,0.018967,0.003872,0.981979,0.957087,0.021404,-0.017857,False
AGWXZA5KLFY7A3BM55VDVKNSBBHQ,3601,10092,0.019608,0.000000,0.982471,0.957087,0.029548,-0.029548,False
AHPDWNIO6GPOATZP63X3FUAQPPQA,3602,13423,0.018899,0.000831,0.982164,0.958107,0.025593,-0.024830,False
AG6XXBNJSWEZT4BFI3ZZNA52ACKA,3603,4928,0.017686,0.000000,0.980917,0.956066,0.042329,-0.042329,False
AH4OIKU2GPQPLNH7F36HQCDKR3IA,3604,4003,0.018822,0.000000,0.982170,0.958107,0.046866,-0.046866,False
AHBIJ2LIUGHYB52V33SJ5B3X7PKQ,3605,9610,0.018876,0.000000,0.982363,0.959126,0.030215,-0.030215,False
AGIIKUUJY44Y5QBXG5SFVD5IY4JA,3606,11827,0.018496,0.000000,0.981899,0.958107,0.027265,-0.027265,False
AHDKNBCGKFE7YQJCLD5CSAVGDKTA,3607,9531,0.018477,0.000000,0.981849,0.956066,0.030437,-0.030437,False
AEM6W3ILBY2U4WLIT5AOKS53I53A,3608,8247,0.018259,0.000000,0.981927,0.958107,0.032651,-0.032651,False
AF5HBFQDGPBBPLTYS4UIFO6EGHEQ,3609,4921,0.018519,0.000000,0.981085,0.954021,0.042450,-0.042450,False
AGYU37WHMPZ46LARWU6EVYEVA24A,3610,18700,0.019262,0.003954,0.982203,0.959126,0.021660,-0.018023,False
AGM4DDDEGGEVOSXIEZDCZ4I4WVMA,3611,5545,0.018206,0.000000,0.981969,0.959075,0.039779,-0.039779,False
AF6J5S76N3E52XNARY66M2ITNNZA,3612,6847,0.018405,0.000000,0.981829,0.956015,0.035913,-0.035913,False
AFYOUD6JHLIXCTM2NYWNARHGVFMQ,3613,7418,0.019443,0.000000,0.981991,0.958005,0.034431,-0.034431,False
AELJS2BCGY3MO6DUM7UABUMIR2FQ,3614,7052,0.018702,0.000000,0.982321,0.958056,0.035311,-0.035311,False
AG5M3UXGXFXQMEUI3HQFQU4GF5QA,3615,5703,0.018855,0.000000,0.982028,0.959126,0.039222,-0.039222,False
AFFSSZFCSN4TEOSSF23HO7ZOYD6Q,3616,9731,0.017957,0.000000,0.982102,0.959126,0.030027,-0.030027,False
AF4UB2PGVLHK45WF7I6OED36OQDA,3617,25411,0.018078,0.004946,0.982204,0.959126,0.018581,-0.014031,False
AGQDS36T44DAQCNPZ2JZFGS2BOFA,3618,8991,0.018877,0.000000,0.981899,0.957087,0.031304,-0.031304,False
AFONENWGNXXIUGGYZKWZ3GPZI36Q,3619,36744,0.019819,0.008898,0.982533,0.961109,0.015420,-0.007201,False
AEVTMBEF3SO72ZFYYULPKGOO6S4A,3620,4492,0.019936,0.000000,0.981879,0.956066,0.044336,-0.044336,False
AGX2Z5MHU534F6QN446JLSQKZ4VQ,3621,28253,0.019712,0.007259,0.982275,0.958056,0.017642,-0.010979,False
AFAZ7BYC4253DDBXQSHTLJ34PBDA,3622,7002,0.020230,0.000000,0.981978,0.958107,0.035435,-0.035435,False
AFVOZ4UNUZKEQ7GTQ3IHQY7PZ5FA_1,3623,33553,0.018254,0.006826,0.981929,0.958107,0.016188,-0.009921,False
AGLI2MZXMBJZN2LUL3A23ATGMRPA,3624,16001,0.018548,0.002000,0.981804,0.958107,0.023441,-0.021605,False
AGQYXWUJLYNMIMVTCD5MBB5E6TKA,3625,5651,0.018939,0.000000,0.981739,0.952946,0.039658,-0.039658,False
AF4DRNWYQUORJOPAVYG7FNYK236A,3626,5133,0.017796,0.000000,0.982430,0.957036,0.041433,-0.041433,False
AELDRQNEHJKEJ3QZM6SVNWUF2UTQ,3627,14016,0.018907,0.001225,0.981827,0.959126,0.025019,-0.023892,False
AGLRCLAE5XJSLRKSM47RCFY5O2JA,3628,8304,0.018669,0.000000,0.982265,0.958107,0.032539,-0.032539,False
AETFWHTO6X2T3ADRTRUXJJDEXWBQ,3629,6837,0.019321,0.000000,0.982681,0.960143,0.035784,-0.035784,False
AGX35ESQFFIHQKVWS2TWSF6BZYTQ,3630,5014,0.019244,0.000000,0.981590,0.956066,0.041964,-0.041964,False
AF3YCUIIEWLKFZUPK75OBCSMB3QQ,3631,9152,0.018803,0.000000,0.982007,0.958107,0.030995,-0.030995,False
AFCQFWUU42HNXPDDY72QCVHDPBHA,3632,4989,0.019623,0.000000,0.982203,0.958107,0.041980,-0.041980,False
AGCVOYO6WC6M4KYGVG4NC5VNNZPQ,3633,6144,0.018018,0.000000,0.981191,0.957087,0.037869,-0.037869,False
AEDDFVC2YXEZOQDIVJL5N2CQB4DA,3634,7049,0.018819,0.000000,0.981772,0.957087,0.035355,-0.035355,False
AEESOLSSR4LALOZ372WQ2PZBLLSA,3635,25480,0.019201,0.006087,0.982069,0.958107,0.018576,-0.012988,False
AG76OCDIX3F6A2HVEF6RKQKMMYUA,3636,4619,0.018803,0.000000,0.982147,0.958107,0.043629,-0.043629,False
AHY2TURQPNIDXZGH2CMQLZ343YMQ,3637,10379,0.018253,0.000000,0.981708,0.957087,0.029136,-0.029136,False
AEFDMVDBTPVJ54OUWN5S5UAEQL2Q,3638,5428,0.017932,0.000000,0.981550,0.959075,0.040206,-0.040206,False
AEA3ZE7FWZ4HS7Y7XTMWH5VY2L3Q,3639,7380,0.018047,0.000000,0.982152,0.959126,0.034479,-0.034479,False
AGDFPMZUWIYJBX3DTVC2ZPJPALGA,3640,10441,0.017993,0.000000,0.981320,0.957087,0.029049,-0.029049,False
AHX25MN3P7B6FZCQIZDBLBNIGKZQ,3641,12114,0.020580,0.001561,0.982363,0.958107,0.026940,-0.025507,False
AGF5RVFM6B7LTHYFA2BZBRWO33OA,3642,8213,0.018091,0.000000,0.981723,0.959075,0.032686,-0.032686,False
AEQW3WUE2MBP5LKAK4KNN7ER2VIA,3643,5748,0.019417,0.000000,0.982078,0.959126,0.039069,-0.039069,False
AE374LLQ4N5HUWHFHZCUVTA6K37Q,3644,6085,0.018118,0.000000,0.981439,0.957087,0.038052,-0.038052,False
AHY6GBYQX3XLNDQN6X2FOV3UGKVA,3645,5577,0.018992,0.000000,0.982061,0.959126,0.039663,-0.039663,False
AHROI4P63GJBWUL457XH2BOLUT4Q,3646,6534,0.019142,0.000000,0.982282,0.957087,0.036721,-0.036721,False
AHXHAZ4EW6MVBQFMWLQ3OOVRSCIA,3647,6334,0.019242,0.000000,0.982107,0.958056,0.037259,-0.037259,False
AED23W2XZJFEV4S4RBIYPAYTMZDA,3648,4470,0.017341,0.000000,0.981811,0.958107,0.044350,-0.044350,False
AEQKDH33QLWB7DAQYYFQQ3WJLFWQ,3649,6607,0.019315,0.000000,0.982583,0.958107,0.036479,-0.036479,False
AG247MO6LCT6AVOQPX5N4TXUVP4Q,3650,7881,0.018609,0.000000,0.982010,0.957087,0.033436,-0.033436,False
AHPPNXBRVHYJ4U5ULMVS62PKMWWA,3651,3496,0.017418,0.000000,0.981865,0.958107,0.050149,-0.050149,False
AFACZSTCNX6VMUJQGUK3YVE6CK5Q,3652,15469,0.018061,0.001230,0.981293,0.957036,0.023867,-0.022740,False
AETBVLWLQTJUDMRM2MROJ3JFBTPQ,3653,9368,0.019694,0.000000,0.982011,0.954021,0.030767,-0.030767,False
AEYRVFKM3PK3OWJQEK3U6RMFZ5ZQ,3654,18051,0.019938,0.004357,0.981770,0.956015,0.022118,-0.018136,False
AEIK5CF6YXQFSLAAHDXNGHNVKPRQ,3655,6922,0.018847,0.000000,0.982429,0.960092,0.035566,-0.035566,False
AEKC7ZX3MTZLRSZMDQG7MGDAZTNQ,3656,4941,0.016807,0.000000,0.981585,0.959126,0.042138,-0.042138,False
AFPDURRPOTJU7UIJXEEQ66K3CWSQ,3657,4326,0.018018,0.000000,0.981713,0.956066,0.045178,-0.045178,False
AGGF56HQRPIWUGGVP4M3FY3EXYOQ,3658,4421,0.019188,0.000000,0.981582,0.957036,0.044645,-0.044645,False
AERPI4FAV5T5IFS2QYG3B5Y6IPAA,3659,10336,0.017630,0.000000,0.981569,0.957036,0.029198,-0.029198,False
AFQ6DHE7IBI76LX6VHJQHQTGNCLQ,3660,13584,0.018425,0.000465,0.982036,0.958107,0.025441,-0.025014,False
AFSH2ADUKP7QBX2P6BCWUKZYE5NQ,3661,5727,0.018060,0.000000,0.981561,0.958107,0.039182,-0.039182,False
AHDDU73MUBMMU54XRAZN2YX3KGAA,3662,7976,0.018119,0.000000,0.981794,0.957087,0.033237,-0.033237,False
AFTPYOWXMACLVYLUMVFHD4TYLIFQ,3663,8242,0.018333,0.000000,0.981577,0.958056,0.032663,-0.032663,False
