uid,n_u,n_sents_user,rank_Y_c,n_u_minus_1,rank_deficient,sigma_max,energy_top1,energy_top2,energy_top4,energy_top8,energy_top16
AFAQQZSNUGEJP2RYTXHYJKFVG32A,1,113,0,0,False,0.0,0.0,0.0,0.0,0.0,0.0
AE6ZY3SJW5ATJ6TR3R6HZQKB3FWA,1,102,0,0,False,0.0,0.0,0.0,0.0,0.0,0.0
AGOS3WGMVUTD6PZN6IKWBYIZEKFA,1,105,0,0,False,0.0,0.0,0.0,0.0,0.0,0.0
AH3GEAL2D3RSOPPT4PUQ3MZ3R7EQ,1,193,0,0,False,0.0,0.0,0.0,0.0,0.0,0.0
AFURFNCCY2Y6D3ZRTC4VBPTIHC6A,1,120,0,0,False,0.0,0.0,0.0,0.0,0.0,0.0
AH5EINB35PM6FR4BXP2PIIEYSQIA,1,106,0,0,False,0.0,0.0,0.0,0.0,0.0,0.0
AG73KPN6A7OHE4TDURUPA23EKGPA,1,168,0,0,False,0.0,0.0,0.0,0.0,0.0,0.0
AHIAQ67BVQTUF6HVWOF35GUQW3XQ,1,100,0,0,False,0.0,0.0,0.0,0.0,0.0,0.0
AGOMZXBPLC3ZTMGI34RLOE7BAFFA,1,102,0,0,False,0.0,0.0,0.0,0.0,0.0,0.0
AH4LDUPSQSGBBAV62MV7JZDD3C3Q,1,357,0,0,False,0.0,0.0,0.0,0.0,0.0,0.0
AHOTRV7O3LMRFLM3D3AFTMUZQZUA,1,239,0,0,False,0.0,0.0,0.0,0.0,0.0,0.0
AHS5OQLOPMP2YCRIWK3W6WDJ7BLQ,1,129,0,0,False,0.0,0.0,0.0,0.0,0.0,0.0
AGBWD5VMK2NVIAIXF7OINPOSC46A,1,849,0,0,False,0.0,0.0,0.0,0.0,0.0,0.0
AHG5OUYNZPXAKJULNIA667MM5SJA,1,263,0,0,False,0.0,0.0,0.0,0.0,0.0,0.0
AG2XHVLDSJXRCWTFNXKHL7B5KS3A,1,223,0,0,False,0.0,0.0,0.0,0.0,0.0,0.0
AG375WAXLZ7PIOQKIQ6KQB4J3JVQ,1,2883,0,0,False,0.0,0.0,0.0,0.0,0.0,0.0
AFN7XJ2HUAS7DU7XELUZKDIORBTA,1,108,0,0,False,0.0,0.0,0.0,0.0,0.0,0.0
AHGKNCWJ5LPSAJKK6ZBZF3W3AQ6Q,1,170,0,0,False,0.0,0.0,0.0,0.0,0.0,0.0
AEA2HDZHGSH7YNGJRXBU7V3PYNOA,1,101,0,0,False,0.0,0.0,0.0,0.0,0.0,0.0
AHBWIJ4QQRF42MJW4FKDCG7TOTJQ,1,106,0,0,False,0.0,0.0,0.0,0.0,0.0,0.0
AFREJADSLSLEMNNNUOEU33ID2XTQ,1,132,0,0,False,0.0,0.0,0.0,0.0,0.0,0.0
AF3Q54U7ZTVZEF7QJ6QATK7QNDLA,1,132,0,0,False,0.0,0.0,0.0,0.0,0.0,0.0
AH7BKWN5OQPMQXJ4ID2CDIUSZ5CA,1,109,0,0,False,0.0,0.0,0.0,0.0,0.0,0.0
AGJCYVCTN7GIENR7XGKY5LQSEXDQ,1,115,0,0,False,0.0,0.0,0.0,0.0,0.0,0.0
AGPFJ4F4XFOHAKDDX3AITBNIOCMQ,1,1555,0,0,False,0.0,0.0,0.0,0.0,0.0,0.0
AFBE65EUNTT4L5B2OFQTKZMMNTCQ,1,108,0,0,False,0.0,0.0,0.0,0.0,0.0,0.0
AHCLVNN7XIIJQ6AMCQJ2VWXBDPGQ,1,262,0,0,False,0.0,0.0,0.0,0.0,0.0,0.0
AHOBH5YUOKWV6LVGXXGFQAMMXPZA,1,117,0,0,False,0.0,0.0,0.0,0.0,0.0,0.0
AFVVHXC46GES3HXVII6FWLQ6X7TA,1,520,0,0,False,0.0,0.0,0.0,0.0,0.0,0.0
AE33DCBS6ZICG66ETAHGQSZ5O7HQ,1,108,0,0,False,0.0,0.0,0.0,0.0,0.0,0.0
AH4FH5YNNEBXKGQAXBWD5GZS6SDA,1,279,0,0,False,0.0,0.0,0.0,0.0,0.0,0.0
AH6DBXMDH5UDRAIGDG25KSJ7JMNQ,1,111,0,0,False,0.0,0.0,0.0,0.0,0.0,0.0
AHMHS45MRB6MBCZJ7AWU2QSHHENQ,1,340,0,0,False,0.0,0.0,0.0,0.0,0.0,0.0
AGI7VGGY6KHYC3RL2LFTHFYHLSGQ,1,153,0,0,False,0.0,0.0,0.0,0.0,0.0,0.0
AHPDTZPJURZALWCECXNGOSQYBZXQ,1,238,0,0,False,0.0,0.0,0.0,0.0,0.0,0.0
AEYFIW5EZMPHAQ3GIKWEZCYEHP5Q,1,110,0,0,False,0.0,0.0,0.0,0.0,0.0,0.0
AFVAHM7UHYS562TQASNXXH6OJNTQ,1,121,0,0,False,0.0,0.0,0.0,0.0,0.0,0.0
AGTRTIJIHBZVKSNXJS5M3BNYECVQ,1,177,0,0,False,0.0,0.0,0.0,0.0,0.0,0.0
AFNQKIF2ZSCH77LETKAKK2UWY5GA,1,149,0,0,False,0.0,0.0,0.0,0.0,0.0,0.0
AFFISBC4NXQ7B3S6ZYXBEMUVEMTQ,1,139,0,0,False,0.0,0.0,0.0,0.0,0.0,0.0
AFLDVQ2MD27WFGPH5HJ66GI7PO2Q,1,453,0,0,False,0.0,0.0,0.0,0.0,0.0,0.0
AFKOZVHBJBVDHY7BNYKA25EIUCUA,1,119,0,0,False,0.0,0.0,0.0,0.0,0.0,0.0
AEBFU6CCF4JOJKGQSSZWLZWMFEEQ,1,182,0,0,False,0.0,0.0,0.0,0.0,0.0,0.0
AEMT3I6AICC5YI7Z5G2V4LEGYKPA,1,378,0,0,False,0.0,0.0,0.0,0.0,0.0,0.0
AF42C7Q3JVLKUYBZI5GOCV5MALTA,1,142,0,0,False,0.0,0.0,0.0,0.0,0.0,0.0
AEIMKGOOPJCFS55HP4VNWY4N3SVQ,1,179,0,0,False,0.0,0.0,0.0,0.0,0.0,0.0
AERLC2UDULN7N5FQATSWDM2U4JTA,1,104,0,0,False,0.0,0.0,0.0,0.0,0.0,0.0
AFYDI5PL5YM5JKTHFCREJ7KVWVLA,1,117,0,0,False,0.0,0.0,0.0,0.0,0.0,0.0
AHU3PHXO5ROPM42MGBGX2WN6IX6Q,1,680,0,0,False,0.0,0.0,0.0,0.0,0.0,0.0
AHJSQA5D46FZG52CO4WPJTGRMIBQ,1,131,0,0,False,0.0,0.0,0.0,0.0,0.0,0.0
AFXP3NUDK7W54E34YKGYXRUTQAMA,1,165,0,0,False,0.0,0.0,0.0,0.0,0.0,0.0
AHXL5367RETZF2BEVUQMHY7E2LPQ,1,127,0,0,False,0.0,0.0,0.0,0.0,0.0,0.0
AGRPLHGW2CR6WWOHT5TOWXDGIZEQ,1,107,0,0,False,0.0,0.0,0.0,0.0,0.0,0.0
AF42FV7ZU224XIHCU47NMD6SK4AQ,1,107,0,0,False,0.0,0.0,0.0,0.0,0.0,0.0
AGWIS5A24VOTIOS7K7TYJCV6JG6A,1,154,0,0,False,0.0,0.0,0.0,0.0,0.0,0.0
AHXZMLMYFGJSSWQU3TWWU5MBYMCA,1,265,0,0,False,0.0,0.0,0.0,0.0,0.0,0.0
AFDNV3WLJUPSGQ75XDJL5MPTQBGQ,1,160,0,0,False,0.0,0.0,0.0,0.0,0.0,0.0
AGHYDPVLKBYDXTPJQCLDQLESK7LQ,1,103,0,0,False,0.0,0.0,0.0,0.0,0.0,0.0
AEW7VB43WF43JBV6TA6RIKOYLWRA,1,105,0,0,False,0.0,0.0,0.0,0.0,0.0,0.0
AFWVQJYN5QXGDXIGEQDKTJIAOFQQ,1,144,0,0,False,0.0,0.0,0.0,0.0,0.0,0.0
AGZYQI6JEAM6SRESPT47MFZTH5YQ,1,107,0,0,False,0.0,0.0,0.0,0.0,0.0,0.0
AGOA7BWDPVRUG5K4HHKQFHALDRHA,1,133,0,0,False,0.0,0.0,0.0,0.0,0.0,0.0
AGSYWLPDRPAHVHKQ7W722ZFI5BTQ,1,124,0,0,False,0.0,0.0,0.0,0.0,0.0,0.0
AGNN4VNS5K4D4YL5UD4X3POSDMOA,1,105,0,0,False,0.0,0.0,0.0,0.0,0.0,0.0
AEODJ4NGAI3BVHZK43GVLOLQZ22Q,1,117,0,0,False,0.0,0.0,0.0,0.0,0.0,0.0
AGYRMITUSD6IEQMJDPHYMA7CJI2Q,1,111,0,0,False,0.0,0.0,0.0,0.0,0.0,0.0
AGZ2367HI7GZ5GRNZJFGG3VMPZLA,1,1007,0,0,False,0.0,0.0,0.0,0.0,0.0,0.0
AGDUOQYQSAWFBXRWZ4Z4BV4CGRUQ,1,258,0,0,False,0.0,0.0,0.0,0.0,0.0,0.0
AF3IMSGEUBADYHCWVA2GMLOLGLRQ,1,185,0,0,False,0.0,0.0,0.0,0.0,0.0,0.0
AE6PDNPNIWCIEH24Z65XBYYTDTTA,1,110,0,0,False,0.0,0.0,0.0,0.0,0.0,0.0
AF4UB2PGVLHK45WF7I6OED36OQDA,1,498,0,0,False,0.0,0.0,0.0,0.0,0.0,0.0
AFGSQ5BSAABOI3U6EISFYY36GDPQ,1,118,0,0,False,0.0,0.0,0.0,0.0,0.0,0.0
AHM3J77TM53S5IMGFXFHC53BJ7QQ,1,144,0,0,False,0.0,0.0,0.0,0.0,0.0,0.0
AGGPFZDUFMEICMMF73QJCIO7CGLQ,1,171,0,0,False,0.0,0.0,0.0,0.0,0.0,0.0
AFTCOHCMM4Q633XYBEWYEWS7H46Q,1,125,0,0,False,0.0,0.0,0.0,0.0,0.0,0.0
AE4YLXZ3JT2F75TQTRY6BL6UD6UA,1,153,0,0,False,0.0,0.0,0.0,0.0,0.0,0.0
AES2TITGKXHZZPQ6NQQXHK5RQP3Q,1,125,0,0,False,0.0,0.0,0.0,0.0,0.0,0.0
AETFWHTO6X2T3ADRTRUXJJDEXWBQ,1,121,0,0,False,0.0,0.0,0.0,0.0,0.0,0.0
AHR3ON2IRYSXJZZP5FVCLIESBSAQ,1,100,0,0,False,0.0,0.0,0.0,0.0,0.0,0.0
AEVZZ2TAOV3HJQD2FJ6NPFFLIQQQ,1,116,0,0,False,0.0,0.0,0.0,0.0,0.0,0.0
AFAZ7BYC4253DDBXQSHTLJ34PBDA,1,140,0,0,False,0.0,0.0,0.0,0.0,0.0,0.0
AEEX3WVJK5TGMRJ43V7IOI63JOFA,1,134,0,0,False,0.0,0.0,0.0,0.0,0.0,0.0
AEHM3SNZYPQT72AV2L3KF2SQ6E2A,1,1218,0,0,False,0.0,0.0,0.0,0.0,0.0,0.0
AHI67RO3D527NGHY3BUSNSU3MMVQ,1,193,0,0,False,0.0,0.0,0.0,0.0,0.0,0.0
AERPQTYQJN42DMIPT36TPBU2HBCA,1,200,0,0,False,0.0,0.0,0.0,0.0,0.0,0.0
AHIBPWWDWSLYAJHNE4DCSRZAO34Q,1,128,0,0,False,0.0,0.0,0.0,0.0,0.0,0.0
AG5VNBFYVTWZQL6URTMWJSJIS7PQ,1,134,0,0,False,0.0,0.0,0.0,0.0,0.0,0.0
AE2ED6WSUDMW3NGBDG4NWQCYNOMQ,1,107,0,0,False,0.0,0.0,0.0,0.0,0.0,0.0
AFQRJNI4BPKEGI5M64VF4JYGVU4A,1,114,0,0,False,0.0,0.0,0.0,0.0,0.0,0.0
AGXZMIBFXPDAOZQXMMBUAPSK2TLQ,1,100,0,0,False,0.0,0.0,0.0,0.0,0.0,0.0
AG52X72BAAVOKEU3MWXPG5CQJOAA,1,192,0,0,False,0.0,0.0,0.0,0.0,0.0,0.0
AGEJ7CYCLW75IWZY3M74MRFW3CYQ,1,145,0,0,False,0.0,0.0,0.0,0.0,0.0,0.0
AEB45G7B26CZ6NV5SNZKP5MZBWIQ,1,257,0,0,False,0.0,0.0,0.0,0.0,0.0,0.0
AEXE6DSTVGL4MNBOFEPICPJLNPKA,1,286,0,0,False,0.0,0.0,0.0,0.0,0.0,0.0
AHS76Z2GPIHBUHEAIIRXUEPHYMUQ,1,141,0,0,False,0.0,0.0,0.0,0.0,0.0,0.0
AHE2JHVJEQAFTJVE5RWEYBYJQUBQ,1,107,0,0,False,0.0,0.0,0.0,0.0,0.0,0.0
AHT5JNOJYQIE43OCNK2FY3I2P3GQ,1,140,0,0,False,0.0,0.0,0.0,0.0,0.0,0.0
AFAPFV4YW5JPXMWF3GHU7GHVAPSQ,1,139,0,0,False,0.0,0.0,0.0,0.0,0.0,0.0
AFH6N5LK3FTDXNGDCZTIFLRWRNSA,1,512,0,0,False,0.0,0.0,0.0,0.0,0.0,0.0
AHCNUR6GBCWEDOXLS33U5TD7O4MQ,1,130,0,0,False,0.0,0.0,0.0,0.0,0.0,0.0
AFRY3KL45NKPPE4WDGWARUKBI54Q,1,144,0,0,False,0.0,0.0,0.0,0.0,0.0,0.0
AGADKXWLAJJ4FGWIDIWAPJL5A6HA,1,315,0,0,False,0.0,0.0,0.0,0.0,0.0,0.0
AFB3CZEZQWZ33YHIGZPKBXXBZQJQ,1,100,0,0,False,0.0,0.0,0.0,0.0,0.0,0.0
AF4II6OQKIGB4UOP5PTISI32N5XA,1,128,0,0,False,0.0,0.0,0.0,0.0,0.0,0.0
AF35KUQK45LLCSVCNP7SWL7THESA,1,109,0,0,False,0.0,0.0,0.0,0.0,0.0,0.0
AH53UQYKESG5SJQD63N4KYJXUEHA,1,114,0,0,False,0.0,0.0,0.0,0.0,0.0,0.0
AFCXZMRKPFASNFASWKYGQA3KOFSA,1,124,0,0,False,0.0,0.0,0.0,0.0,0.0,0.0
AF4DYER3RDNQZKAOZABAI6FX6XQA,1,118,0,0,False,0.0,0.0,0.0,0.0,0.0,0.0
AGUWB3V7ZYWO5A2KGSBIFP46C5GA,1,113,0,0,False,0.0,0.0,0.0,0.0,0.0,0.0
AGRC7GGSEM62JUMADAPRDMWK63TA,1,123,0,0,False,0.0,0.0,0.0,0.0,0.0,0.0
AEZFU44YV2CAGFRDA5MTGEP7LWGQ,1,118,0,0,False,0.0,0.0,0.0,0.0,0.0,0.0
AGSTQ3JDGW2TZB5XKBF7PD2DJOKQ,1,232,0,0,False,0.0,0.0,0.0,0.0,0.0,0.0
AGLSDR7Y4E3V4XVRFSFQPOUW5IXA,1,102,0,0,False,0.0,0.0,0.0,0.0,0.0,0.0
AG5XOIPAFARFQZWOMMNCV5YJR2HA,1,371,0,0,False,0.0,0.0,0.0,0.0,0.0,0.0
AF4IFF3OA55YOWXILYETWH57F7UQ,1,531,0,0,False,0.0,0.0,0.0,0.0,0.0,0.0
AH467Z3742JS32I7V6C2OECMHXQA,1,126,0,0,False,0.0,0.0,0.0,0.0,0.0,0.0
AFS4R5CFAR5YLMH7GSJHMIBE6BMQ,1,101,0,0,False,0.0,0.0,0.0,0.0,0.0,0.0
AGAQBOI26SMK7M5KPF4PFK2S4OKQ,1,394,0,0,False,0.0,0.0,0.0,0.0,0.0,0.0
AHMTSDM7S76CXUULLBES6YYVYTDQ,1,337,0,0,False,0.0,0.0,0.0,0.0,0.0,0.0
AFH7RVQUMZVDTAOF7P62ZUL5BAVQ,1,105,0,0,False,0.0,0.0,0.0,0.0,0.0,0.0
AGMYNBZZ5SD2SPX4KEJSQE6YPIQA,1,113,0,0,False,0.0,0.0,0.0,0.0,0.0,0.0
AED3HJLTUSJQBBK6H6726ARBBH6Q,1,436,0,0,False,0.0,0.0,0.0,0.0,0.0,0.0
AFXHHAY4XDFKDA4W6DFIRX3V35WQ,1,149,0,0,False,0.0,0.0,0.0,0.0,0.0,0.0
AEZA72MOZXB4K4VQUOROOHAVECOQ,1,347,0,0,False,0.0,0.0,0.0,0.0,0.0,0.0
AHJATMQAWS7LNWFU7UPKS3DRSX4Q,1,130,0,0,False,0.0,0.0,0.0,0.0,0.0,0.0
AH35V4IYG4OQVPZ3KO2Z6AN2ET4Q,1,235,0,0,False,0.0,0.0,0.0,0.0,0.0,0.0
AGM7QZOUXUAKEPGNXQNR6UVFVHPA,1,249,0,0,False,0.0,0.0,0.0,0.0,0.0,0.0
AEATS3SIIP2OTQBJ4LHYHQOG3I4Q,1,145,0,0,False,0.0,0.0,0.0,0.0,0.0,0.0
AF4DEGIQ6C7TB4CHIWRXZACZOH5Q,1,524,0,0,False,0.0,0.0,0.0,0.0,0.0,0.0
AF4GIVSP5XNFHPDX2IOFMUQ3EAIQ,1,186,0,0,False,0.0,0.0,0.0,0.0,0.0,0.0
AEOAK4Q3UKTDY5H2WPVJBXGSZ4DA,1,171,0,0,False,0.0,0.0,0.0,0.0,0.0,0.0
AFYBVGFQ6ZCI54XQFD3O2YJM5W6Q,1,183,0,0,False,0.0,0.0,0.0,0.0,0.0,0.0
AEYVBSVXB2M76M3HEX4PNF7GWK2A,1,115,0,0,False,0.0,0.0,0.0,0.0,0.0,0.0
AEQOF6IINLJ7YDIGCTZUORSL3G3Q,1,172,0,0,False,0.0,0.0,0.0,0.0,0.0,0.0
AF4P6A3SEKS2HCISWAKFZVIFM7NQ,1,204,0,0,False,0.0,0.0,0.0,0.0,0.0,0.0
AHPVH5MVTFKNQ4CYTSO36ONH4HEQ,1,239,0,0,False,0.0,0.0,0.0,0.0,0.0,0.0
AHQR5RU4UKE2S65XWC5WMU2JZS7A,1,318,0,0,False,0.0,0.0,0.0,0.0,0.0,0.0
AHISU6WTZZJNNVYK5A5UITDIWCNQ,1,160,0,0,False,0.0,0.0,0.0,0.0,0.0,0.0
AEMDWYLUJDA7LTRQSX6BOJDVTF7A,1,115,0,0,False,0.0,0.0,0.0,0.0,0.0,0.0
AHMFFGPZCVEFM4KLP6VQHMMCQE5Q,1,148,0,0,False,0.0,0.0,0.0,0.0,0.0,0.0
AGHCMB24BP3XPSVIJJ24BNYUF3KQ,1,184,0,0,False,0.0,0.0,0.0,0.0,0.0,0.0
AF6VJYLVYJCQIXUEIBSVKZGRUGVA,1,130,0,0,False,0.0,0.0,0.0,0.0,0.0,0.0
AFSUY5CW67K7ZLKUOEWM7QFRKJ2A,1,134,0,0,False,0.0,0.0,0.0,0.0,0.0,0.0
AHSCNOTMQI2WQ4YUTXSOBJ3OFG7Q,1,348,0,0,False,0.0,0.0,0.0,0.0,0.0,0.0
AENEBO2ESDZSB3GSHROPTRBAN2VA,1,298,0,0,False,0.0,0.0,0.0,0.0,0.0,0.0
AEDIN436FJT2VQGGITVASPGVSDUQ,1,410,0,0,False,0.0,0.0,0.0,0.0,0.0,0.0
AHJGZUKX76JHUDT6MKANUXRC5R7A,1,640,0,0,False,0.0,0.0,0.0,0.0,0.0,0.0
AE6F3WJIUZRLTBQIA2M4X3LERYJA,1,146,0,0,False,0.0,0.0,0.0,0.0,0.0,0.0
AHZTEZKKMQTPNZW3AYURV4YDN42Q,1,692,0,0,False,0.0,0.0,0.0,0.0,0.0,0.0
AEL77HR7DJEAEUFEHUHXS4ITQ3CA,1,112,0,0,False,0.0,0.0,0.0,0.0,0.0,0.0
AH7L74WHVFDSZLRLK3R7IX4U6IPQ,1,110,0,0,False,0.0,0.0,0.0,0.0,0.0,0.0
AEUOFJ7IEGXHNGNVGLC4BQQ7XOIA,1,223,0,0,False,0.0,0.0,0.0,0.0,0.0,0.0
AHSVSD5BR67JQAYQKHTKVINJBQMQ,1,139,0,0,False,0.0,0.0,0.0,0.0,0.0,0.0
AF6HB66K65MYYKBU7CWZ5OBSEAUA,1,262,0,0,False,0.0,0.0,0.0,0.0,0.0,0.0
AEGKJTQWHGBIOTO34OB3GKIGCN7A,1,304,0,0,False,0.0,0.0,0.0,0.0,0.0,0.0
AERIK7GJLZAGV7WSQ27O6LPAEVHQ,1,199,0,0,False,0.0,0.0,0.0,0.0,0.0,0.0
AESO27BUQYLOIWXWMISPD6XY2A4A,1,367,0,0,False,0.0,0.0,0.0,0.0,0.0,0.0
AEGCZJGVCDX7GD3ZDWYV7UOGJHZQ,1,464,0,0,False,0.0,0.0,0.0,0.0,0.0,0.0
AE4CRFV46QHI3DKTUAILVQTPLEIQ,1,102,0,0,False,0.0,0.0,0.0,0.0,0.0,0.0
AHOBK4UZRRWCWEHSRSQOZXPHWS7A,1,104,0,0,False,0.0,0.0,0.0,0.0,0.0,0.0
AFDR6DYNOICACU76IFDVH5KPNJQA,1,323,0,0,False,0.0,0.0,0.0,0.0,0.0,0.0
AFXS2DNVD3WRLMLSJLP2UXL2OQ6A,1,172,0,0,False,0.0,0.0,0.0,0.0,0.0,0.0
AE5ENPQDNKIJMBAKVDSJOTU573YA,1,279,0,0,False,0.0,0.0,0.0,0.0,0.0,0.0
AHWLCORU3EXTEQERFU5MOBF63CTA,1,102,0,0,False,0.0,0.0,0.0,0.0,0.0,0.0
AFMDKDPTKFZNV63MUQS6N6RTXG3Q,1,101,0,0,False,0.0,0.0,0.0,0.0,0.0,0.0
AEAF6UYWPYXXF2MOOTGNJT4OZV6A,1,102,0,0,False,0.0,0.0,0.0,0.0,0.0,0.0
AF5A5PMCP3EPIOVGZSAJWNICC6UQ,1,180,0,0,False,0.0,0.0,0.0,0.0,0.0,0.0
AH3KSDVIGFMOTWIYHMGW2TQAOTRQ,1,210,0,0,False,0.0,0.0,0.0,0.0,0.0,0.0
AGRY5TWPJIIYA77EQRWDAR4KEOIA,1,227,0,0,False,0.0,0.0,0.0,0.0,0.0,0.0
AGYU37WHMPZ46LARWU6EVYEVA24A,1,292,0,0,False,0.0,0.0,0.0,0.0,0.0,0.0
AG7NHAT2HSVNIBI6LH5QM6YFK4JQ,1,1383,0,0,False,0.0,0.0,0.0,0.0,0.0,0.0
AGRTXUUEFPETZQT2722PETQGPAKQ,1,206,0,0,False,0.0,0.0,0.0,0.0,0.0,0.0
AHIYDVWOJNUPCTAMT4RB43P473JA,1,107,0,0,False,0.0,0.0,0.0,0.0,0.0,0.0
AFZNDWQKFM23I4GJ4QYLE6WXIMQA,1,128,0,0,False,0.0,0.0,0.0,0.0,0.0,0.0
AF4XJ2HKW3BUYIALQQL57SEVM2UQ,1,111,0,0,False,0.0,0.0,0.0,0.0,0.0,0.0
AFW36RMWRTV7OWBDGSOSZSUIGELA,1,113,0,0,False,0.0,0.0,0.0,0.0,0.0,0.0
AF4I2VKLJG2HLYYJEVJP3KULCHEA,1,104,0,0,False,0.0,0.0,0.0,0.0,0.0,0.0
AGIACQKEOAZQJAG5NTO54MSCQE2Q,1,106,0,0,False,0.0,0.0,0.0,0.0,0.0,0.0
AHIS5MNAQJU5EVZAMG4FG7DEFJVQ,1,123,0,0,False,0.0,0.0,0.0,0.0,0.0,0.0
AGGMJWZGH5H45UG3JGME24PISUZA,1,149,0,0,False,0.0,0.0,0.0,0.0,0.0,0.0
AEIO7IC2JCLNTMWTN7NWQC2WSLVQ,1,141,0,0,False,0.0,0.0,0.0,0.0,0.0,0.0
AFAUF3KITTRYFEHRBT7TECXPB4PQ,1,154,0,0,False,0.0,0.0,0.0,0.0,0.0,0.0
AHUCMSY4AYIOE6HKJH5XXJHTUPVA,1,100,0,0,False,0.0,0.0,0.0,0.0,0.0,0.0
AHWS6KEYMVXJ2QBO7XVMWYTEO2GA,1,155,0,0,False,0.0,0.0,0.0,0.0,0.0,0.0
AEBECS4OEJWMFQPDJGEC52HMUMQA,1,124,0,0,False,0.0,0.0,0.0,0.0,0.0,0.0
AFVS7ICCOISHBTZBGXJBWKYRBEDQ,1,231,0,0,False,0.0,0.0,0.0,0.0,0.0,0.0
AHAL3GJ5CESLYFHGFIS7X7L2OU6A,1,126,0,0,False,0.0,0.0,0.0,0.0,0.0,0.0
AGKMSOLXXD3VWLQXUFEF7RG2PYZQ,1,146,0,0,False,0.0,0.0,0.0,0.0,0.0,0.0
AHPRTK5ES5L3TUUAGGW7AQBGRKYA,1,142,0,0,False,0.0,0.0,0.0,0.0,0.0,0.0
AFERLCOSLAZPD4FOKHKCBC5PM5UA,1,165,0,0,False,0.0,0.0,0.0,0.0,0.0,0.0
AEMOSR6PPH6SLWWH3FTRNSCEFJSA,1,115,0,0,False,0.0,0.0,0.0,0.0,0.0,0.0
AHAUPRV26D4WPQN2JIJUWUZQM7WA,1,387,0,0,False,0.0,0.0,0.0,0.0,0.0,0.0
AGJDDGXMJFWUVAPWYWT6452FFQSA,1,236,0,0,False,0.0,0.0,0.0,0.0,0.0,0.0
AFVFWYK7J23ISMRK3ZI5DCKFXBPA,1,303,0,0,False,0.0,0.0,0.0,0.0,0.0,0.0
AHGGEBG6ULZ4CC4XTUVH7JCO2ZRQ,1,169,0,0,False,0.0,0.0,0.0,0.0,0.0,0.0
AFL6PHUW2ZGMWBAPEE3CZSHWOGZA,1,155,0,0,False,0.0,0.0,0.0,0.0,0.0,0.0
AFC3Z3QQ3D36SYHAL3MKGJMP4ZBQ,1,142,0,0,False,0.0,0.0,0.0,0.0,0.0,0.0
AFUW2GXCX7JQHWKDVTGDPJMHH3MA,1,116,0,0,False,0.0,0.0,0.0,0.0,0.0,0.0
AHPQFIVYXQZH6JMFAXRDI3FUFEZQ,1,360,0,0,False,0.0,0.0,0.0,0.0,0.0,0.0
AFVTHPT46GLPZLSL64FJFXT2535A,1,105,0,0,False,0.0,0.0,0.0,0.0,0.0,0.0
AH4TDMQHUBY3D4BX2QO3SRHEIGQA,1,228,0,0,False,0.0,0.0,0.0,0.0,0.0,0.0
AEHVQEYFL5WYB5PC6CUCUJPZEJJQ,1,106,0,0,False,0.0,0.0,0.0,0.0,0.0,0.0
AENOZSUXFOYQPREH4REHHU7JED2A,1,115,0,0,False,0.0,0.0,0.0,0.0,0.0,0.0
AEHC3WKW7WCNNPC5S23T4COBVADA,1,114,0,0,False,0.0,0.0,0.0,0.0,0.0,0.0
AHTJ5KL3HAI5QMHSVCIAZUVK47IQ,1,141,0,0,False,0.0,0.0,0.0,0.0,0.0,0.0
AH34XZLFFNGG35PVAA5P35T6FMMQ,1,273,0,0,False,0.0,0.0,0.0,0.0,0.0,0.0
AESVJJ7VSHXGXUARIQSRC5UM3XVA,1,138,0,0,False,0.0,0.0,0.0,0.0,0.0,0.0
AHBEI6Q4F4WHRIFK5CWQMRVPOQMA,1,291,0,0,False,0.0,0.0,0.0,0.0,0.0,0.0
AFW2XSJVKJ2VVRQVD3IR2ZKCK2XQ,1,135,0,0,False,0.0,0.0,0.0,0.0,0.0,0.0
AHUQ3WRTMZBW6VD6URAQHTQQZIHA,1,101,0,0,False,0.0,0.0,0.0,0.0,0.0,0.0
AHIQKES2DS4GEDPKHAZMGCS2HHMQ,1,108,0,0,False,0.0,0.0,0.0,0.0,0.0,0.0
AEA6QOWQBEDUOOAFVVJ7VWXATEEA,1,116,0,0,False,0.0,0.0,0.0,0.0,0.0,0.0
AGVZL5MSRHWZ74DPTM6PFQYFVTAQ,1,1051,0,0,False,0.0,0.0,0.0,0.0,0.0,0.0
AE75RQ5THMDYEJUAYOJZHODWFMMQ,1,220,0,0,False,0.0,0.0,0.0,0.0,0.0,0.0
AHNSZCP3JIOZZVYXFJRGQEKRSTFA,1,306,0,0,False,0.0,0.0,0.0,0.0,0.0,0.0
AGDFPMZUWIYJBX3DTVC2ZPJPALGA,1,237,0,0,False,0.0,0.0,0.0,0.0,0.0,0.0
AGF4BUNATUPXTAIBIMBR7DBCSA5Q,1,806,0,0,False,0.0,0.0,0.0,0.0,0.0,0.0
AH736FR3FOS2Y64G5QQQ6JPPKAUA,1,177,0,0,False,0.0,0.0,0.0,0.0,0.0,0.0
AEFX6HLMILKKZQ6UOAGIINMLKXGA,1,129,0,0,False,0.0,0.0,0.0,0.0,0.0,0.0
AF2ADBMCXOYFWR4FENJGSO5NBRBQ,1,184,0,0,False,0.0,0.0,0.0,0.0,0.0,0.0
AF4JOAZRTKNCU6J2LPPYZ56KEXKA,1,250,0,0,False,0.0,0.0,0.0,0.0,0.0,0.0
AGZC734FUDTRUS54AWY5NO7XHCIQ,1,410,0,0,False,0.0,0.0,0.0,0.0,0.0,0.0
AEARZR2FUPD7O6LU3TTTRD4NCU3Q,1,148,0,0,False,0.0,0.0,0.0,0.0,0.0,0.0
AFCBVSLZEW3N4WTHKN7YCQA7DHSA,1,145,0,0,False,0.0,0.0,0.0,0.0,0.0,0.0
AGLOSDW6BQHIKTVEKCI23IAZCY7A,1,391,0,0,False,0.0,0.0,0.0,0.0,0.0,0.0
AHNMPBI327EOW3J2G7EY2PHVPZLA,1,108,0,0,False,0.0,0.0,0.0,0.0,0.0,0.0
AGLW4V36VALHKI723PRQCKH2S7TA,1,101,0,0,False,0.0,0.0,0.0,0.0,0.0,0.0
AG4D7B2B6JZP6LIZXRPCYFWODKKQ,1,121,0,0,False,0.0,0.0,0.0,0.0,0.0,0.0
AFN7HNPPSFSTLXI3SWA6FNWKV6SA,1,235,0,0,False,0.0,0.0,0.0,0.0,0.0,0.0
AGWY342JFDA3VD4A5DN3RHKLIBGQ,1,292,0,0,False,0.0,0.0,0.0,0.0,0.0,0.0
AF3QJUZMINQU5V6DCZIN4CPGLCOQ,1,101,0,0,False,0.0,0.0,0.0,0.0,0.0,0.0
AF2KWXX365N4EN25OGZ2J3AJ46UQ,1,110,0,0,False,0.0,0.0,0.0,0.0,0.0,0.0
AGH5MIN6VJSDWJF5XACS6K4ZX6QQ,1,109,0,0,False,0.0,0.0,0.0,0.0,0.0,0.0
AH4EDJHZW7YAGYZDZFZ5REDHE3XA,1,498,0,0,False,0.0,0.0,0.0,0.0,0.0,0.0
AF6UXJKNCDIFZCL3JPDPIZ3Q5ZEQ,1,127,0,0,False,0.0,0.0,0.0,0.0,0.0,0.0
AGSCLYM6ICDUYZPNL2EVMDECTYVA,1,122,0,0,False,0.0,0.0,0.0,0.0,0.0,0.0
AEDJRZNH4XDXHVSXYQOBNR4X2PAA,1,119,0,0,False,0.0,0.0,0.0,0.0,0.0,0.0
AF7AJKISXNRQBAZKQPSXNAZ22QEA,1,200,0,0,False,0.0,0.0,0.0,0.0,0.0,0.0
AHNKWCHSFDBX35B3EY6HNRBM5KNA,1,383,0,0,False,0.0,0.0,0.0,0.0,0.0,0.0
AHKYX34JVRX4ZPC6FKCYHDPQTW3Q,1,148,0,0,False,0.0,0.0,0.0,0.0,0.0,0.0
AEYUU6URP6TMM4B4MY2Q4DSPSRZA,1,104,0,0,False,0.0,0.0,0.0,0.0,0.0,0.0
AEVNT7PL2427YXOIWWPUDB53VYUQ,1,109,0,0,False,0.0,0.0,0.0,0.0,0.0,0.0
AGH2BA6TQ43WVJL2HXW53TOBIWPA,1,434,0,0,False,0.0,0.0,0.0,0.0,0.0,0.0
AGOHBDT4ITFA6OJ6FYEPZ7MV5YUA,1,121,0,0,False,0.0,0.0,0.0,0.0,0.0,0.0
AEFLXPJNI6KE4H7FSER3QVORYN3Q,1,118,0,0,False,0.0,0.0,0.0,0.0,0.0,0.0
AH4D76SJ2Y3VOVHEZKVVPWO3IKIQ,1,116,0,0,False,0.0,0.0,0.0,0.0,0.0,0.0
AGENXWWALUHJKAUVANBE4SANON4Q,1,270,0,0,False,0.0,0.0,0.0,0.0,0.0,0.0
AF4YK6ETKIRQ36LYVR4YY3ZS4ANQ,1,366,0,0,False,0.0,0.0,0.0,0.0,0.0,0.0
AG456PPH6KGFGQZYGO2ZDWYGKGAA,1,124,0,0,False,0.0,0.0,0.0,0.0,0.0,0.0
AG3IOEGF2MNX7OC7JSUPYV2Z3ITQ,1,298,0,0,False,0.0,0.0,0.0,0.0,0.0,0.0
AEQW2UTAF5VA3M24DLBFQG4P5RTQ,1,146,0,0,False,0.0,0.0,0.0,0.0,0.0,0.0
AEOMTF2KGPGBSLSLN4YCFUVTAQ6A,1,104,0,0,False,0.0,0.0,0.0,0.0,0.0,0.0
AGWBBHNEZXSET4S7T4Q7WC2AFY5Q,1,146,0,0,False,0.0,0.0,0.0,0.0,0.0,0.0
AHV65Z27776ECWFAT6I7YHKHOXRQ,1,223,0,0,False,0.0,0.0,0.0,0.0,0.0,0.0
AGSW2VSRS3CCXUDHTZRK4OKV4LCQ,1,117,0,0,False,0.0,0.0,0.0,0.0,0.0,0.0
AE2RWATLMMUSX7TMKKCP2DYHDCWQ,1,451,0,0,False,0.0,0.0,0.0,0.0,0.0,0.0
AE77RHC2LWRCCGDDENZO3HG6LH5Q,1,170,0,0,False,0.0,0.0,0.0,0.0,0.0,0.0
AEQLRFSCJIRIKSYQ2KQJCIBP4RHQ,1,364,0,0,False,0.0,0.0,0.0,0.0,0.0,0.0
AEYW6QANLCJWTS4I4OQGA6WUWC7Q,1,115,0,0,False,0.0,0.0,0.0,0.0,0.0,0.0
AGHZXVOSR6BUBEGP6K3BDYLSOJ3Q,1,137,0,0,False,0.0,0.0,0.0,0.0,0.0,0.0
AH4CNF7LKO5RQ6NTJPKW3RQ3MZRQ,1,154,0,0,False,0.0,0.0,0.0,0.0,0.0,0.0
AGT6SMFGOSFI3BRCY6DTOO4RCACQ,1,101,0,0,False,0.0,0.0,0.0,0.0,0.0,0.0
AHI7A36FSQATGRO2CDS6VNSVC4DA,1,128,0,0,False,0.0,0.0,0.0,0.0,0.0,0.0
AFCAOJBDIAIIQUFMWEPZ4NCEL2PQ,1,782,0,0,False,0.0,0.0,0.0,0.0,0.0,0.0
AGGPYEPHVLFMAZK5MQMZQUX6FWGA,1,103,0,0,False,0.0,0.0,0.0,0.0,0.0,0.0
AHMCRLIDH3MX77AHVUEZQOKZ55CQ,1,115,0,0,False,0.0,0.0,0.0,0.0,0.0,0.0
AGXKSKQILCBPSNPGMZ6K3AXTHBSA,1,266,0,0,False,0.0,0.0,0.0,0.0,0.0,0.0
AE7GA3U6Y32ZKNKWN3B32YIN7P7A,1,200,0,0,False,0.0,0.0,0.0,0.0,0.0,0.0
AET4MQOLSTJDNAS27VF6JATZECGA,1,187,0,0,False,0.0,0.0,0.0,0.0,0.0,0.0
AFGM6B54XANJUD63MYIAYPXTR23A,1,118,0,0,False,0.0,0.0,0.0,0.0,0.0,0.0
AE7VDEI2MEZDY7YGDKQSSZ4CU4LA,1,114,0,0,False,0.0,0.0,0.0,0.0,0.0,0.0
AFLWUZCVK4MXLWIB6H2PWSQKHJTA,1,166,0,0,False,0.0,0.0,0.0,0.0,0.0,0.0
AGBZTDO6WLH4VW2YCOC7CKGJQNJA,1,282,0,0,False,0.0,0.0,0.0,0.0,0.0,0.0
AEVXQOJ4SDXQ4EFRY5GCSXXFIWXA,1,192,0,0,False,0.0,0.0,0.0,0.0,0.0,0.0
AEHXKS3UWSNEK2WDJQQH54O7ZAZQ,1,124,0,0,False,0.0,0.0,0.0,0.0,0.0,0.0
AHR3H2GGG6JCM5CECI3QMWKSTE3Q,1,111,0,0,False,0.0,0.0,0.0,0.0,0.0,0.0
AG7JCEMC64AM7JPATDVGP6YZOTXA,1,270,0,0,False,0.0,0.0,0.0,0.0,0.0,0.0
AGK5FELCLLLNYLINWVAPXS4P2MHQ,1,102,0,0,False,0.0,0.0,0.0,0.0,0.0,0.0
AF6J5S76N3E52XNARY66M2ITNNZA,1,139,0,0,False,0.0,0.0,0.0,0.0,0.0,0.0
AFTZWAK3ZHAPCNSOT5GCKQDECBTQ,1,334,0,0,False,0.0,0.0,0.0,0.0,0.0,0.0
AGI7Q67LEC564DC6HJQ3FAVIYCVQ,1,169,0,0,False,0.0,0.0,0.0,0.0,0.0,0.0
AGSIU3JOYC6CJLFFB7APDN3UGSHQ,1,608,0,0,False,0.0,0.0,0.0,0.0,0.0,0.0
AHASI5YMJXXINTYKBGRHH6TYJF3Q,1,228,0,0,False,0.0,0.0,0.0,0.0,0.0,0.0
AE7ZWVM3BUBG5OFF37ALYQHHVHVQ,1,197,0,0,False,0.0,0.0,0.0,0.0,0.0,0.0
AECJOZHQ7KWXIFZHPSOEQYHOK3IQ,1,212,0,0,False,0.0,0.0,0.0,0.0,0.0,0.0
AGBNDXZPUN3OWN66TYCOMCBBDU5A,1,237,0,0,False,0.0,0.0,0.0,0.0,0.0,0.0
AELUXKVLA6MVN4POAMLJIP3CL3ZQ,1,110,0,0,False,0.0,0.0,0.0,0.0,0.0,0.0
AGYRQBBCTRZP22B2FN4S6YUQ7WBA,1,119,0,0,False,0.0,0.0,0.0,0.0,0.0,0.0
AEUFFWKPFIARZOLN34A72F3X4VEA,1,101,0,0,False,0.0,0.0,0.0,0.0,0.0,0.0
AHOHLNMGSXJLXSG7BSIJDLQLMQAQ,1,102,0,0,False,0.0,0.0,0.0,0.0,0.0,0.0
AEXCRWZRJLGRZPCVD3YGA5QMMVKQ,1,156,0,0,False,0.0,0.0,0.0,0.0,0.0,0.0
AEQCVAHIOLXISDG5N77DBCMIX46Q,1,124,0,0,False,0.0,0.0,0.0,0.0,0.0,0.0
AETKRATU4ECDMBCIQVTPGFWAI7WA,1,229,0,0,False,0.0,0.0,0.0,0.0,0.0,0.0
AFRMOOG7VG4WSGTOQCQMGLIGC5LA_1,1,196,0,0,False,0.0,0.0,0.0,0.0,0.0,0.0
AH2EBJFQ2TGA23CPYUEFFK4YTANQ,1,261,0,0,False,0.0,0.0,0.0,0.0,0.0,0.0
AHDJUFVTKDJUUBAIFGT4WVU2YGOA,1,164,0,0,False,0.0,0.0,0.0,0.0,0.0,0.0
AELWTO2FDWKKXJRJTUVK67V4PCBA,1,107,0,0,False,0.0,0.0,0.0,0.0,0.0,0.0
AETU6ITSYPQHDV2VJCBWRLKFGYYQ,1,1130,0,0,False,0.0,0.0,0.0,0.0,0.0,0.0
AFJ6BZFH6T6LBXYN5NKMBPTHRGDA,1,341,0,0,False,0.0,0.0,0.0,0.0,0.0,0.0
AHCRGCRHE5P67RFURJVV6QDQDGOA,1,133,0,0,False,0.0,0.0,0.0,0.0,0.0,0.0
AFXKCGO537IZNJ7PULRMGKGU67RQ,1,242,0,0,False,0.0,0.0,0.0,0.0,0.0,0.0
AFKDMH3LF6HWDMSG7JGPQA6M4SVA,1,137,0,0,False,0.0,0.0,0.0,0.0,0.0,0.0
AHSA2ZQUYBCXFXDXJXDJM6LRS2GQ,1,100,0,0,False,0.0,0.0,0.0,0.0,0.0,0.0
AFREEUPTDM4GQPYLVA2EU546ZNNQ,1,117,0,0,False,0.0,0.0,0.0,0.0,0.0,0.0
AHWT25SVYZLTMOVG6O2EG7QZHL2Q,1,225,0,0,False,0.0,0.0,0.0,0.0,0.0,0.0
AHGKWZSYITWDZWG2XG6OYGGD423Q,1,271,0,0,False,0.0,0.0,0.0,0.0,0.0,0.0
AH6LMTIYS5FSMP5YFOO4DGNBVCLQ,1,109,0,0,False,0.0,0.0,0.0,0.0,0.0,0.0
AGB3YZIRHOSAZGQF3NRHKQJWWQTA,1,165,0,0,False,0.0,0.0,0.0,0.0,0.0,0.0
AHJC32PF2J3DSTP76N5YT5RF3T6Q,1,213,0,0,False,0.0,0.0,0.0,0.0,0.0,0.0
AEPPMFJUVGGQXIB64J6C5DNF7CJA,1,114,0,0,False,0.0,0.0,0.0,0.0,0.0,0.0
AH5DFCQHCPC3QBPK3KR6CNP4YLOA,1,154,0,0,False,0.0,0.0,0.0,0.0,0.0,0.0
AFREQVSUT5EV2MKBLWJLEPHYW5HQ,1,130,0,0,False,0.0,0.0,0.0,0.0,0.0,0.0
AGOVZTWAXGQ4KG3F2LFWT6DS6TKQ,1,105,0,0,False,0.0,0.0,0.0,0.0,0.0,0.0
AGLTT73PZMVDSUJFFTYEF5HVSJJQ,1,237,0,0,False,0.0,0.0,0.0,0.0,0.0,0.0
AHDHCALBCB7CJPXRW7KYVDF2KKQQ,1,313,0,0,False,0.0,0.0,0.0,0.0,0.0,0.0
AELJS2BCGY3MO6DUM7UABUMIR2FQ,1,136,0,0,False,0.0,0.0,0.0,0.0,0.0,0.0
AHMD4J7GTK2NSI7CQVL764KXO2MA,1,118,0,0,False,0.0,0.0,0.0,0.0,0.0,0.0
AHLZVZPQ5TWJ6KXNLADJBDZAT7EA,1,2197,0,0,False,0.0,0.0,0.0,0.0,0.0,0.0
AGKBFSXT5MSPV2DLOXJ52CES22EA,1,656,0,0,False,0.0,0.0,0.0,0.0,0.0,0.0
AEIIRIHLIYKQGI7ZOCIJTRDF5NPQ,1,2062,0,0,False,0.0,0.0,0.0,0.0,0.0,0.0
AGH4GUP66FUWHCHHVG4QP3RW3B5Q,1,133,0,0,False,0.0,0.0,0.0,0.0,0.0,0.0
AGGSZYRA42CYQHGYK2WLFZW4PNVA,1,169,0,0,False,0.0,0.0,0.0,0.0,0.0,0.0
AHBZK7HDHJL4257LJI5UDHQIS4JA,1,127,0,0,False,0.0,0.0,0.0,0.0,0.0,0.0
AG7E7S3UCX7TSIX5T2XBQIJSGUBA,1,105,0,0,False,0.0,0.0,0.0,0.0,0.0,0.0
AFRPIQB4EY3I33OXHAWYPDLRKHQQ,1,156,0,0,False,0.0,0.0,0.0,0.0,0.0,0.0
AHSJLMX6XBUJSJ4HKZQ7TXSMAA5Q,1,117,0,0,False,0.0,0.0,0.0,0.0,0.0,0.0
AHGPQ37FYIJYULFHMF6MS5KX6VJQ,1,250,0,0,False,0.0,0.0,0.0,0.0,0.0,0.0
AFO2SXNWPO3ZX5SFC226HLM65YRQ,1,139,0,0,False,0.0,0.0,0.0,0.0,0.0,0.0
AEW6LYMS7YOBKV3SAOVF7RZZMBOA,1,209,0,0,False,0.0,0.0,0.0,0.0,0.0,0.0
AG5ALUCP2JUPUPJZQEGVYBWBSVZA,1,120,0,0,False,0.0,0.0,0.0,0.0,0.0,0.0
AGVRVBSW33TUHVPWX63GSGYVZQ6Q,1,121,0,0,False,0.0,0.0,0.0,0.0,0.0,0.0
AGHOTW5ZUB27GJG5FYONY4UA4W7A,1,205,0,0,False,0.0,0.0,0.0,0.0,0.0,0.0
AEP4KJDGBH6XPJKFEHPYSAPUNDBQ,1,257,0,0,False,0.0,0.0,0.0,0.0,0.0,0.0
AFAFPVBZWY74XHOKAX7AYGC77YUQ,1,108,0,0,False,0.0,0.0,0.0,0.0,0.0,0.0
AGM2IQT4E4RJBGCM5LJRAGVM6MBQ,1,180,0,0,False,0.0,0.0,0.0,0.0,0.0,0.0
AF2B2EWI4N5H3KRSBJFWCZI4CWLQ,1,104,0,0,False,0.0,0.0,0.0,0.0,0.0,0.0
AGFNIYBZ7EMW3CTBLV2E75KRRI3Q,1,106,0,0,False,0.0,0.0,0.0,0.0,0.0,0.0
AHBQYAFF3P7663IHYQ7KCE75NQBA,1,326,0,0,False,0.0,0.0,0.0,0.0,0.0,0.0
AGATU6QOCPNIZ3BFMXICJCKNGN2A,1,100,0,0,False,0.0,0.0,0.0,0.0,0.0,0.0
AFGKTVFPZXYS23VORHBJSTSTFAOQ,1,108,0,0,False,0.0,0.0,0.0,0.0,0.0,0.0
AETJVSLQFY2F7D5AZ7H4ONORPQEQ_1,1,119,0,0,False,0.0,0.0,0.0,0.0,0.0,0.0
AEWHLGO6FWZ4ZO7N6TX7I2FYO6EA,1,154,0,0,False,0.0,0.0,0.0,0.0,0.0,0.0
AFV23FOLCTY6JC6Q7P3GSJ5AABJA,1,136,0,0,False,0.0,0.0,0.0,0.0,0.0,0.0
AG4CEAFRHGDNLJ6FREM7SVHAEOWQ,1,462,0,0,False,0.0,0.0,0.0,0.0,0.0,0.0
AHEOTIG232B7ZIEZXKPDWZYMUAKA,1,122,0,0,False,0.0,0.0,0.0,0.0,0.0,0.0
AEFDMVDBTPVJ54OUWN5S5UAEQL2Q,1,137,0,0,False,0.0,0.0,0.0,0.0,0.0,0.0
AE3QO7L7NG7AUKZEYEOLHM2Q7M3Q,1,177,0,0,False,0.0,0.0,0.0,0.0,0.0,0.0
AHRNMCEMAIL7GCJZV7KUAO4FJPTQ,1,158,0,0,False,0.0,0.0,0.0,0.0,0.0,0.0
AFLNZ43COHJWS2PKMQHVOIM6FYEQ,1,221,0,0,False,0.0,0.0,0.0,0.0,0.0,0.0
AG2TLPRRHQWYTBYVTE35TFE4WAOQ,1,143,0,0,False,0.0,0.0,0.0,0.0,0.0,0.0
AEG6ASBOHNKM2H5ZOADIGDHRMUOQ,1,111,0,0,False,0.0,0.0,0.0,0.0,0.0,0.0
AFBLBHZPHEI3LN5WKJGOUACDPJXQ,1,128,0,0,False,0.0,0.0,0.0,0.0,0.0,0.0
AH5HSMUMRJRDWBPFDQ6G3EAAOSFQ,1,147,0,0,False,0.0,0.0,0.0,0.0,0.0,0.0
AGLDJAFXAECQPHKDFOYDLI42RKDA,1,114,0,0,False,0.0,0.0,0.0,0.0,0.0,0.0
AE5VT32F7URDDGWM4KOVJ4LLBASQ,1,742,0,0,False,0.0,0.0,0.0,0.0,0.0,0.0
AHGHHV4OE2IHKOASESVYGYYBGKJA,1,153,0,0,False,0.0,0.0,0.0,0.0,0.0,0.0
AE2HIN4P37JPH3GCTZNNNWCK62DA,1,101,0,0,False,0.0,0.0,0.0,0.0,0.0,0.0
AEOGGJJ6BOOK4G6I4XVUWGRIFHLQ,1,135,0,0,False,0.0,0.0,0.0,0.0,0.0,0.0
AHCUI3MCE2AGX2HLG2YSWG3Z3OFA,1,112,0,0,False,0.0,0.0,0.0,0.0,0.0,0.0
AE4SBEJSCJAWM7CRKJDBQF3O7RGA,1,449,0,0,False,0.0,0.0,0.0,0.0,0.0,0.0
AGFRYMX6TRFD2SEB3OTD53KBO2QA,1,114,0,0,False,0.0,0.0,0.0,0.0,0.0,0.0
AGGNRJ4XCEU5NKTGXONSYA5V64QQ,1,116,0,0,False,0.0,0.0,0.0,0.0,0.0,0.0
AGT2J5VMSZM5773CHEA75GYTC27A,1,208,0,0,False,0.0,0.0,0.0,0.0,0.0,0.0
AEQWHFILX4XRKJX5WYHP7KDYLVJA,1,219,0,0,False,0.0,0.0,0.0,0.0,0.0,0.0
AGQFUBXP54N5SB54U5LRPL62B2NQ,1,452,0,0,False,0.0,0.0,0.0,0.0,0.0,0.0
AEX7JBOSL6HLYWFY33P5XD3ZPOYA,1,101,0,0,False,0.0,0.0,0.0,0.0,0.0,0.0
AEXWRXHUHQ3SC2PLX2TETAGTVG3A,1,232,0,0,False,0.0,0.0,0.0,0.0,0.0,0.0
AEUZDXOGNYGM7FLLBEFXJB5TPG5Q,1,165,0,0,False,0.0,0.0,0.0,0.0,0.0,0.0
AEAXAJACFMXIAAH4WOHRMXPSZWFA,1,269,0,0,False,0.0,0.0,0.0,0.0,0.0,0.0
AGUZIRNJXRWDW42Y6CFVVYV3XLDA,1,154,0,0,False,0.0,0.0,0.0,0.0,0.0,0.0
AG756GNHN6RVTR5NPNPOI7MQEQHA,1,112,0,0,False,0.0,0.0,0.0,0.0,0.0,0.0
AHM43UJO6V5U6IEDARDC7LS2ENOA,1,113,0,0,False,0.0,0.0,0.0,0.0,0.0,0.0
AGUR5Z5USANA2XCROX4ZCIDN3CYQ,1,100,0,0,False,0.0,0.0,0.0,0.0,0.0,0.0
AFF5UFFS2BI64ZOE7DNVJAUS5BZA,1,111,0,0,False,0.0,0.0,0.0,0.0,0.0,0.0
AGDHEVKQUYELZMDFFGG5UZF66JFA,1,193,0,0,False,0.0,0.0,0.0,0.0,0.0,0.0
AG4RGSE4RABZVOY2VKPPY4IEIEIQ,1,139,0,0,False,0.0,0.0,0.0,0.0,0.0,0.0
AFR6N2JHAAWJLI5EJFQDENFMVVAQ,1,356,0,0,False,0.0,0.0,0.0,0.0,0.0,0.0
AEXHGP5FTG3WZPUIVPEFZREQWFEA,1,130,0,0,False,0.0,0.0,0.0,0.0,0.0,0.0
AEUPGVS25SRCGTJDEU7ZZR4PLQTA,1,158,0,0,False,0.0,0.0,0.0,0.0,0.0,0.0
AGBMWG5RST3LJWQ2YSOEISPVKSBQ,1,192,0,0,False,0.0,0.0,0.0,0.0,0.0,0.0
AEJYZEXHGRPOQ7JWTECOBUIRSEDA,1,531,0,0,False,0.0,0.0,0.0,0.0,0.0,0.0
AFEIXWQVYO322QGI3W2CAAJUQSXA,1,456,0,0,False,0.0,0.0,0.0,0.0,0.0,0.0
AHJNTPTXK4IF4IPSOROYUNCEBVTA,1,164,0,0,False,0.0,0.0,0.0,0.0,0.0,0.0
AHCHV7T4WWVWJNFINVG57LX5J4GA,1,124,0,0,False,0.0,0.0,0.0,0.0,0.0,0.0
AFF62QYMZF44W6JUGSSSAFG2EJQQ,1,153,0,0,False,0.0,0.0,0.0,0.0,0.0,0.0
AFKZESU3PTCQ2UVDBDSFVFTXBFNQ_1,1,1177,0,0,False,0.0,0.0,0.0,0.0,0.0,0.0
AHLW5VGKONX6PWSM3OSXDJ2DM5XA,1,103,0,0,False,0.0,0.0,0.0,0.0,0.0,0.0
AEQ6P4YGW6NO3JICID7U73FG6HLQ,1,163,0,0,False,0.0,0.0,0.0,0.0,0.0,0.0
AF3OZUPLSOGYWBRID7H2XCCD3UAQ,1,212,0,0,False,0.0,0.0,0.0,0.0,0.0,0.0
AHGIDR4IJFS23Q4GTZ33FI5LYDSQ_1,1,3928,0,0,False,0.0,0.0,0.0,0.0,0.0,0.0
AGBXYTIEHHTQW3KCY5UYSSGMIPHA,1,137,0,0,False,0.0,0.0,0.0,0.0,0.0,0.0
AFNYWDUPWKPQD4ZDLWBWZCJKLNDA,1,108,0,0,False,0.0,0.0,0.0,0.0,0.0,0.0
AFP2CXPW657I6PLKLC7XRPJWUFJQ,1,569,0,0,False,0.0,0.0,0.0,0.0,0.0,0.0
AGJITMTUCLDSYTUOSC2Z7OGJWXVA,1,156,0,0,False,0.0,0.0,0.0,0.0,0.0,0.0
AGIITTS3YV4B3OCJENLDRWU4GXFQ,1,127,0,0,False,0.0,0.0,0.0,0.0,0.0,0.0
AEUKAPRTGFNNOHLUKOQXBYOPOIXQ,1,120,0,0,False,0.0,0.0,0.0,0.0,0.0,0.0
AE6Z6YWXXT2RBZNC2E2OT66IOWUA,1,144,0,0,False,0.0,0.0,0.0,0.0,0.0,0.0
AGSGNSTI2FQVP2FA472PPANKG4DQ,1,101,0,0,False,0.0,0.0,0.0,0.0,0.0,0.0
AG4Q6YXM5RL7XTQGDEETLNSXBBIA,1,187,0,0,False,0.0,0.0,0.0,0.0,0.0,0.0
AF5FVSH64VFIXMJXQUVRYMZSFHAQ,1,101,0,0,False,0.0,0.0,0.0,0.0,0.0,0.0
AGU7PXXOM24XC55U2CFUTD7X6FFA,1,408,0,0,False,0.0,0.0,0.0,0.0,0.0,0.0
AE25OEQL7PJ54QK4BI34RVGGGTZA,1,105,0,0,False,0.0,0.0,0.0,0.0,0.0,0.0
AHH3ASURHRSUP4F6CXG6KWFMAT2A,1,200,0,0,False,0.0,0.0,0.0,0.0,0.0,0.0
AETBVLWLQTJUDMRM2MROJ3JFBTPQ,1,180,0,0,False,0.0,0.0,0.0,0.0,0.0,0.0
AGU7TAN3F323XBPIBTEW3TDAF32A,1,120,0,0,False,0.0,0.0,0.0,0.0,0.0,0.0
AH5NA6LIKHFQO3CDP6LULJT6VLYA,1,126,0,0,False,0.0,0.0,0.0,0.0,0.0,0.0
AGPV5HNR6FT7NS2WMURJXRN2PFTQ,1,252,0,0,False,0.0,0.0,0.0,0.0,0.0,0.0
AGCOHP26FKOWWUEPWYPWBI6SVTMQ,1,143,0,0,False,0.0,0.0,0.0,0.0,0.0,0.0
AHPDWNIO6GPOATZP63X3FUAQPPQA,1,299,0,0,False,0.0,0.0,0.0,0.0,0.0,0.0
AHSL6SPJ3F6JQU4TG2UFMHVVQCKA,1,161,0,0,False,0.0,0.0,0.0,0.0,0.0,0.0
AGFLWZC4BBYYE2ZY3NXNOSHSJJNA,1,107,0,0,False,0.0,0.0,0.0,0.0,0.0,0.0
AHKMCJ5V6ZXMMU7XSNAL5ST74WYQ,1,108,0,0,False,0.0,0.0,0.0,0.0,0.0,0.0
AEF6XHHY4L4AP7SECFHSOBQMAMTQ,1,117,0,0,False,0.0,0.0,0.0,0.0,0.0,0.0
AH4QDXAQ7DM5K24NANQ3KW2YZCZA,1,122,0,0,False,0.0,0.0,0.0,0.0,0.0,0.0
AHHBH4VPAVBILY6UAS4LQVX2ZTKA,1,119,0,0,False,0.0,0.0,0.0,0.0,0.0,0.0
AEVKA3YV63VVVWAEGQZOMUGMLM6Q,1,113,0,0,False,0.0,0.0,0.0,0.0,0.0,0.0
AFC7BRIIFXRLEECQLEDHJT2A55VA,1,137,0,0,False,0.0,0.0,0.0,0.0,0.0,0.0
AGE6JTC6BUGXNMZONP632XOJH2NA,1,109,0,0,False,0.0,0.0,0.0,0.0,0.0,0.0
AEOR7D5V3JGWQKFFSVO4DI44VK3A,1,106,0,0,False,0.0,0.0,0.0,0.0,0.0,0.0
AGTXKBHHGPNQTA7DOWDBCV4W4KXA,1,107,0,0,False,0.0,0.0,0.0,0.0,0.0,0.0
AFAK7NZ77T2ZVYBFTUDUE6SA3O2A,1,110,0,0,False,0.0,0.0,0.0,0.0,0.0,0.0
AH65J4QJTJGMTAIOUDUUQHCCHZCQ,1,142,0,0,False,0.0,0.0,0.0,0.0,0.0,0.0
AFKBVRDWS2ZPNM6EAEA2GRYRXFPA,1,468,0,0,False,0.0,0.0,0.0,0.0,0.0,0.0
AHKJSKH6YVZBHB4RWPMNZ35XTSWA,1,121,0,0,False,0.0,0.0,0.0,0.0,0.0,0.0
AFA367Z5MOI5XVW7IAQJS7OGXKMA,1,222,0,0,False,0.0,0.0,0.0,0.0,0.0,0.0
AGLS5B4FURLQYA2KPZ5GBEESTIVQ,1,105,0,0,False,0.0,0.0,0.0,0.0,0.0,0.0
AFD4FZHNXGOHCVTAPB7HOJSCP2EQ,1,159,0,0,False,0.0,0.0,0.0,0.0,0.0,0.0
AFO7DHIAAH6SJFY27S7ANI2NIZ6Q,1,181,0,0,False,0.0,0.0,0.0,0.0,0.0,0.0
AGALVS634GMESOLR3NZPTBMQA2MQ,1,104,0,0,False,0.0,0.0,0.0,0.0,0.0,0.0
AHED6ETFQH7SFT7MO23RR6TCU4HQ,1,151,0,0,False,0.0,0.0,0.0,0.0,0.0,0.0
AFZBRVQRMNE3RV6MZUYG4E5MZP2Q,1,430,0,0,False,0.0,0.0,0.0,0.0,0.0,0.0
AHMEWSYXEUHS2P3EEHMYAXRGZXXQ,1,124,0,0,False,0.0,0.0,0.0,0.0,0.0,0.0
AHUQHUKMW2VDHUHTAWQVVYYNER4Q,1,104,0,0,False,0.0,0.0,0.0,0.0,0.0,0.0
AHQYNYYZWPQ6F42O5XVCA54P7ACA,1,133,0,0,False,0.0,0.0,0.0,0.0,0.0,0.0
AGGJ35ARTZU3L4H6RASY3M7CTE6A,1,199,0,0,False,0.0,0.0,0.0,0.0,0.0,0.0
AGPZKGHFWRKC2JEEYPISHATYF52A,1,196,0,0,False,0.0,0.0,0.0,0.0,0.0,0.0
AFKXEFXBBZXYWYNL7772ZQN5LSHQ,1,235,0,0,False,0.0,0.0,0.0,0.0,0.0,0.0
AEGABBE6I2JG6OBOSWBDN2UEZ6QA,1,102,0,0,False,0.0,0.0,0.0,0.0,0.0,0.0
AHC5EUL7VWF7722WN7C3PFQSU3LA,1,142,0,0,False,0.0,0.0,0.0,0.0,0.0,0.0
AGJRMIF3LHVDBHMCEYRL7GWCVMRA,1,230,0,0,False,0.0,0.0,0.0,0.0,0.0,0.0
AH2IJABKXWIZIO2FYJXNFEXNRR6A,1,255,0,0,False,0.0,0.0,0.0,0.0,0.0,0.0
AELUTBS3LRR5WHUB7JJ4UXR3QHPA,1,802,0,0,False,0.0,0.0,0.0,0.0,0.0,0.0
AEOROIOBPBERU4MECH4D67LANECQ,1,105,0,0,False,0.0,0.0,0.0,0.0,0.0,0.0
AE6GBO7A4LHI7GQULR64DPYFYJ4A,1,106,0,0,False,0.0,0.0,0.0,0.0,0.0,0.0
AHQOIFJGCVRXQSUD3LDINCGNX7IQ,1,104,0,0,False,0.0,0.0,0.0,0.0,0.0,0.0
AE23NZUELB4BYWLHKWJXAS73PTSQ,1,504,0,0,False,0.0,0.0,0.0,0.0,0.0,0.0
AFTOUY6XYFZNTJGA73BV37T4NMRA,1,139,0,0,False,0.0,0.0,0.0,0.0,0.0,0.0
AELYFHJ4GGQO4WLCHWVK7VLBXV6Q,1,133,0,0,False,0.0,0.0,0.0,0.0,0.0,0.0
AEY4MJXI33M7Z5PXZG7QI76OJFCA,1,111,0,0,False,0.0,0.0,0.0,0.0,0.0,0.0
AE3CPW5S56VZJEQR6IFNX7WNQ2OQ,1,140,0,0,False,0.0,0.0,0.0,0.0,0.0,0.0
AGFXY5HVXFJFJ2SJDGZL5YLGR6RA,1,169,0,0,False,0.0,0.0,0.0,0.0,0.0,0.0
AGDJ4U4GGIQ6AJLIBE6RSDPL2VYA,1,132,0,0,False,0.0,0.0,0.0,0.0,0.0,0.0
AHCFLUHDCLAHZU6AHAJ4C7MPA4EA,1,116,0,0,False,0.0,0.0,0.0,0.0,0.0,0.0
AHDCIBI6MNNC2NPX7YA5LKQ65ZIA,1,129,0,0,False,0.0,0.0,0.0,0.0,0.0,0.0
AHL67BK7CEZ3CEYSKYC5ZMPRZ4SA,1,123,0,0,False,0.0,0.0,0.0,0.0,0.0,0.0
AGWK5TRRULB7JGEHV6EM7D7JAU4Q,1,271,0,0,False,0.0,0.0,0.0,0.0,0.0,0.0
AHNQ42N546NAAKT43DUOXVS6U6NQ,1,105,0,0,False,0.0,0.0,0.0,0.0,0.0,0.0
AEC4YXC4GCBMXC2KGNFZ4EYPRT5A,1,131,0,0,False,0.0,0.0,0.0,0.0,0.0,0.0
AFSVUC3CTCPDM4Z426H4QXIBBDIQ,1,100,0,0,False,0.0,0.0,0.0,0.0,0.0,0.0
AG3JQ6U7SJNCLQ2ID3BXHDJS24YQ,1,132,0,0,False,0.0,0.0,0.0,0.0,0.0,0.0
AGTHAKGKUYJALL7LV2B3EVSM2XYA,1,118,0,0,False,0.0,0.0,0.0,0.0,0.0,0.0
AHIPIFF4MMM27YSKYX6TIGJ4DNOQ,1,117,0,0,False,0.0,0.0,0.0,0.0,0.0,0.0
AE3GOLU5565IGELCLCMXSDAJBHYA,1,106,0,0,False,0.0,0.0,0.0,0.0,0.0,0.0
AE7JBM6K7UPOFSXSCXY2VAWFWD4A,1,120,0,0,False,0.0,0.0,0.0,0.0,0.0,0.0
AG5O64JBMX5QU6JZJMV6A7JVA4FQ,1,193,0,0,False,0.0,0.0,0.0,0.0,0.0,0.0
AE5QZEEWDFEG5S46RP5DHOGQFFPQ,1,139,0,0,False,0.0,0.0,0.0,0.0,0.0,0.0
AG2SIW25DLCWFWTLS4CFAAREW5WQ,1,132,0,0,False,0.0,0.0,0.0,0.0,0.0,0.0
AEC6IZVI2NGFBCIYVD4X5MDGB6DQ_1,1,167,0,0,False,0.0,0.0,0.0,0.0,0.0,0.0
AEWGIJRJ6FJANQOIJPTMSNJ6EIAA,1,153,0,0,False,0.0,0.0,0.0,0.0,0.0,0.0
AFFNF7ZL5LKLILX23E3OFK3VABKQ,1,130,0,0,False,0.0,0.0,0.0,0.0,0.0,0.0
AESMEFOVUX4NQIMYIO3HI37YBKHA,1,181,0,0,False,0.0,0.0,0.0,0.0,0.0,0.0
AE6MKXHT2YWXPMZU2CJDON7RKJKA,1,162,0,0,False,0.0,0.0,0.0,0.0,0.0,0.0
AFWNPBOKTPX5C4TKH7S35X27ICSQ,1,107,0,0,False,0.0,0.0,0.0,0.0,0.0,0.0
AHFCWSKACRWBMRUSHWOM7NEZLSBA,1,110,0,0,False,0.0,0.0,0.0,0.0,0.0,0.0
AFNQHTOCHFLU75HS34DIMKZB4EXA,1,451,0,0,False,0.0,0.0,0.0,0.0,0.0,0.0
AEVEXKKEIOEM5OH3XGSVMUR3VGBQ,1,276,0,0,False,0.0,0.0,0.0,0.0,0.0,0.0
AEM7ZR6X2YIN5CBPYQXQIEPTNYJA,1,113,0,0,False,0.0,0.0,0.0,0.0,0.0,0.0
AEFELZWGKCM4FWBKEETRCVWKUYGA,1,170,0,0,False,0.0,0.0,0.0,0.0,0.0,0.0
AG23JMWXXL26P4BXUKDALHP5MKWA,1,121,0,0,False,0.0,0.0,0.0,0.0,0.0,0.0
AHUCKCTVD7WAARGGJSAVNYJ7XNQA,1,550,0,0,False,0.0,0.0,0.0,0.0,0.0,0.0
AFZ65RCGGPLY6YKWUEZD2CCDNKGQ,1,100,0,0,False,0.0,0.0,0.0,0.0,0.0,0.0
AEBXQ4RSEVDK3FFEU4TKV3Q4HFBA,1,212,0,0,False,0.0,0.0,0.0,0.0,0.0,0.0
AE4XVWBZQQW6XC7TWY7TLC6QPHKA,1,270,0,0,False,0.0,0.0,0.0,0.0,0.0,0.0
AHKTG5BKQKQSQZQZ63KNM7L53EYA,1,149,0,0,False,0.0,0.0,0.0,0.0,0.0,0.0
AEFE5XFAOEWPEBXAR3UF5TLBCB2A,1,146,0,0,False,0.0,0.0,0.0,0.0,0.0,0.0
AG2VTFCAKUE6KZH72G523COQVUOA,1,186,0,0,False,0.0,0.0,0.0,0.0,0.0,0.0
AHFDOCBR277ZUFHL2JXNNGXYALUA,1,112,0,0,False,0.0,0.0,0.0,0.0,0.0,0.0
AFHAEXH6TEITVFXH7E4RWOV6HT3Q,1,113,0,0,False,0.0,0.0,0.0,0.0,0.0,0.0
AFXFMZLAUHOG5OZQ47Q3X4OY55SQ,1,140,0,0,False,0.0,0.0,0.0,0.0,0.0,0.0
AFIHPFIZXC72VUCPMVGRLMMJTPMA,1,182,0,0,False,0.0,0.0,0.0,0.0,0.0,0.0
AH226IDGXDCUTFVYPYVDC3ZQRBAA,1,202,0,0,False,0.0,0.0,0.0,0.0,0.0,0.0
AEUYAGVPGKPKZU5SG3A66V5VLMRQ,1,172,0,0,False,0.0,0.0,0.0,0.0,0.0,0.0
AHA5MSNKUQADZA6E7UAMRHJ3LOSQ,1,199,0,0,False,0.0,0.0,0.0,0.0,0.0,0.0
AGWS5WAG4X34YIKBNI44UVEZJGQA,1,184,0,0,False,0.0,0.0,0.0,0.0,0.0,0.0
AG466BQZPTBIC3LJDRP2TUPUT5PA,1,173,0,0,False,0.0,0.0,0.0,0.0,0.0,0.0
AG7Y5UMCEMWJOXKMOJKW3WNNHG6Q,1,284,0,0,False,0.0,0.0,0.0,0.0,0.0,0.0
AGH3O5QKKBVBNPHPAP6DQ63HBYKQ,1,122,0,0,False,0.0,0.0,0.0,0.0,0.0,0.0
AGKWOIPX6ZNZULSMNYW6DTWFSG7Q,1,100,0,0,False,0.0,0.0,0.0,0.0,0.0,0.0
AHPOBCUP2UBXTXYUQWCPH2U4VGEQ,1,157,0,0,False,0.0,0.0,0.0,0.0,0.0,0.0
AE4RIJOVOVA2YZLFX775C4UZQNAQ,1,136,0,0,False,0.0,0.0,0.0,0.0,0.0,0.0
AGMEEC2LLXHBMVAEVVKVQ4JPGZ2A,1,109,0,0,False,0.0,0.0,0.0,0.0,0.0,0.0
AGVDYHJ3Y6WRQZHIOUAZLPVU4GFQ,1,120,0,0,False,0.0,0.0,0.0,0.0,0.0,0.0
AFO6QRJE7PPMBY2P66V2FPKJUIEA,1,419,0,0,False,0.0,0.0,0.0,0.0,0.0,0.0
AFHRGIQHOS75DP7CP4ILF6RTMYIQ,1,108,0,0,False,0.0,0.0,0.0,0.0,0.0,0.0
AHEYBY33U7TAJA3KWZGD7DXEZRGQ,1,117,0,0,False,0.0,0.0,0.0,0.0,0.0,0.0
AFOTJXRQDUCKYFT2PPHRCVFKDN7A,1,119,0,0,False,0.0,0.0,0.0,0.0,0.0,0.0
AFEFFFWPK6A4NTSVTBW7Q7KSOFQA,1,411,0,0,False,0.0,0.0,0.0,0.0,0.0,0.0
AGGYJVZ522UT2OJM4FFKRRVTIX5Q,1,163,0,0,False,0.0,0.0,0.0,0.0,0.0,0.0
AGAVFN7CIWVLIDLJSMFNLJWNEDUQ,1,142,0,0,False,0.0,0.0,0.0,0.0,0.0,0.0
AHPA33UDNJSFMAC4434RUVHWNP6Q,1,225,0,0,False,0.0,0.0,0.0,0.0,0.0,0.0
AG6GKCLBWFLRRC467G5VV56G7LRQ,1,117,0,0,False,0.0,0.0,0.0,0.0,0.0,0.0
AF3AVKFPHVWDV4BGILIVZW542GFQ,1,203,0,0,False,0.0,0.0,0.0,0.0,0.0,0.0
AGVJUUCFMBP6SABPIAXREELESFIA,1,143,0,0,False,0.0,0.0,0.0,0.0,0.0,0.0
AEVHHDEEO6UERLRZC3E2IYDZOEHA,1,248,0,0,False,0.0,0.0,0.0,0.0,0.0,0.0
AFGCJIO7DNVCCZPG4KVMKKXVPJLQ,1,226,0,0,False,0.0,0.0,0.0,0.0,0.0,0.0
AGUIFPJG6OOTD73G6OGOZZJKVUJA,1,109,0,0,False,0.0,0.0,0.0,0.0,0.0,0.0
AGLOXQBIOUHGR3OQ3WSGE4NP2T2A,1,155,0,0,False,0.0,0.0,0.0,0.0,0.0,0.0
AFYB7O3AY4KNFJ466V2KSOQB2ODQ,1,1105,0,0,False,0.0,0.0,0.0,0.0,0.0,0.0
AEKMZRFI24IXTBXMZOKENNL3VFBQ,1,114,0,0,False,0.0,0.0,0.0,0.0,0.0,0.0
AEHV5QSASACDSTO62UXNRM3CIOIQ,1,108,0,0,False,0.0,0.0,0.0,0.0,0.0,0.0
AFLSHORZNVM6GIFFISRTSRNYTOMA,1,413,0,0,False,0.0,0.0,0.0,0.0,0.0,0.0
AFLNBA4LFMALO4O7TDCC3DGTJGMQ,1,129,0,0,False,0.0,0.0,0.0,0.0,0.0,0.0
AGBF546BGRZAFFEIPWP3FIPE3F3A,1,108,0,0,False,0.0,0.0,0.0,0.0,0.0,0.0
AHX44ATPRIYVHL6TGP3RZN6XIK3Q,1,100,0,0,False,0.0,0.0,0.0,0.0,0.0,0.0
AFB5L26ZMR3M5IXB3TR7NBTIFEYA,1,274,0,0,False,0.0,0.0,0.0,0.0,0.0,0.0
AH5ESWZG6Q5ZEBQTOVP3NMJ5XYWA,1,275,0,0,False,0.0,0.0,0.0,0.0,0.0,0.0
AG2Z52KWWDZM2TO3FNGVUSRXKAWA,1,108,0,0,False,0.0,0.0,0.0,0.0,0.0,0.0
AECTRGMRKOGAYIV3YXX73CQEQCSQ,1,286,0,0,False,0.0,0.0,0.0,0.0,0.0,0.0
AFEUSBBGM3XTTIYAYK2GNGDGB5NQ,1,122,0,0,False,0.0,0.0,0.0,0.0,0.0,0.0
AFEIPKBIOZMB3IVXRDPT6QOGHASA,1,128,0,0,False,0.0,0.0,0.0,0.0,0.0,0.0
AF2K4N7F25NYQOH7RP7RE5A7HKXA,1,380,0,0,False,0.0,0.0,0.0,0.0,0.0,0.0
AHSASLZZLTR7E23XSOA4HW5QX7EA,1,240,0,0,False,0.0,0.0,0.0,0.0,0.0,0.0
AHNDQTIDT42KUEXE7PRP45ODX5IQ,1,140,0,0,False,0.0,0.0,0.0,0.0,0.0,0.0
AFTRM6DYEBLY6WCVATTSENTHPZJQ,1,161,0,0,False,0.0,0.0,0.0,0.0,0.0,0.0
AESKKGQWJQBWLIA7JDLXARU3Q52Q,1,119,0,0,False,0.0,0.0,0.0,0.0,0.0,0.0
AHLUM3IZPNZPLJEKYACUGH66YQLQ,1,172,0,0,False,0.0,0.0,0.0,0.0,0.0,0.0
AGV4DZSNB45EYJUBILFMDI7O6DZA,1,148,0,0,False,0.0,0.0,0.0,0.0,0.0,0.0
AE4PDGC7A45A4KDP6EMY47BGECNA,1,147,0,0,False,0.0,0.0,0.0,0.0,0.0,0.0
AG6ABWJ3MV5L42D4Y7SZZQJPGWPQ,1,103,0,0,False,0.0,0.0,0.0,0.0,0.0,0.0
AETXGCF36FY7PP3RNVGTGZVWXO7Q,1,439,0,0,False,0.0,0.0,0.0,0.0,0.0,0.0
AED23W2XZJFEV4S4RBIYPAYTMZDA,1,101,0,0,False,0.0,0.0,0.0,0.0,0.0,0.0
AFH6GLY2ND6DKFGNZD5NF2DUWP2A,1,291,0,0,False,0.0,0.0,0.0,0.0,0.0,0.0
AELULHKCHXEN3KZFXTJ6DXT2B23A,1,113,0,0,False,0.0,0.0,0.0,0.0,0.0,0.0
AF2MDP33GBSNYE7QUSYXFWQR3B6Q,1,103,0,0,False,0.0,0.0,0.0,0.0,0.0,0.0
AHUOOO3WCQNZA4MQPWHAOEUEQ4YQ,1,707,0,0,False,0.0,0.0,0.0,0.0,0.0,0.0
AEHWKRPNWNMOAJSMO2F6O7RFRTNA,1,317,0,0,False,0.0,0.0,0.0,0.0,0.0,0.0
AEZ46SSKY4A7ESP3QNEZQRLA2Y5Q,1,121,0,0,False,0.0,0.0,0.0,0.0,0.0,0.0
AFYZLLWDEK24LDVS6KZ5LDUZYVTA,1,217,0,0,False,0.0,0.0,0.0,0.0,0.0,0.0
AG5AS6HFWYJ6SLDZEWGQE4NXF6AQ,1,136,0,0,False,0.0,0.0,0.0,0.0,0.0,0.0
AGA6YFOUB2U6X6J5GVZ2DE3N4MUQ,1,117,0,0,False,0.0,0.0,0.0,0.0,0.0,0.0
AGPGFWUIGJUZTOWTD35ZDAZLF3ZQ,1,119,0,0,False,0.0,0.0,0.0,0.0,0.0,0.0
AEAQOM2CZ2I3USZR4CE6XHTZZHIA,1,144,0,0,False,0.0,0.0,0.0,0.0,0.0,0.0
AFGXHIFJHYONISJ4EZAV5G2QIZKQ,1,149,0,0,False,0.0,0.0,0.0,0.0,0.0,0.0
AHXPKRXEH44KPUX3ZJHDEOCXWOUQ,1,176,0,0,False,0.0,0.0,0.0,0.0,0.0,0.0
AGYHLJASD24NIACHNWFJ2HB3S4NA,1,121,0,0,False,0.0,0.0,0.0,0.0,0.0,0.0
AHSYS7DOWAOLGVZ7ENICI4ZNK36Q,1,250,0,0,False,0.0,0.0,0.0,0.0,0.0,0.0
AEQ5HOT4X5OKYDVOVDEIEZZTQIMA,1,142,0,0,False,0.0,0.0,0.0,0.0,0.0,0.0
AEKN6CHGDPL4TCGLZUM4V5U46QBQ,1,126,0,0,False,0.0,0.0,0.0,0.0,0.0,0.0
AF4NJ5SIZE5N2HHRXFQ44SUMUR2A,1,123,0,0,False,0.0,0.0,0.0,0.0,0.0,0.0
AEFO4YEMPTW2MIA2FZ3TSMYOUHNQ,1,107,0,0,False,0.0,0.0,0.0,0.0,0.0,0.0
AHS4PZFYYBOPFTPEMD2NEQZ4LMIA,1,204,0,0,False,0.0,0.0,0.0,0.0,0.0,0.0
AE5JVVRPCSSPCMAMVAUCAOY6X5GA,1,144,0,0,False,0.0,0.0,0.0,0.0,0.0,0.0
AHYOB7J3MRXOLCQ67KGALUH7TY6Q,1,101,0,0,False,0.0,0.0,0.0,0.0,0.0,0.0
AH7HCMRSHZCML7WGBJP3YPNTPLSA,1,130,0,0,False,0.0,0.0,0.0,0.0,0.0,0.0
AGBGZZ2UQZVNJE5J2FQD27BN5TRQ,1,100,0,0,False,0.0,0.0,0.0,0.0,0.0,0.0
AFVK356Y7WNJIYQHCHPYYGNHYKXQ,1,112,0,0,False,0.0,0.0,0.0,0.0,0.0,0.0
AFWG3VCBDRXV4MMDNVOFWS7J4TDA,1,334,0,0,False,0.0,0.0,0.0,0.0,0.0,0.0
AH4WRAMEFPMM2PVRI4QQRCUHOK5Q,1,104,0,0,False,0.0,0.0,0.0,0.0,0.0,0.0
AHNEUZEX5AYASGVMAYOS6EUNQIQQ,1,100,0,0,False,0.0,0.0,0.0,0.0,0.0,0.0
AEM3DX4EPJH4P6HSKK7FV6FTA4XA,1,116,0,0,False,0.0,0.0,0.0,0.0,0.0,0.0
AHOHXQZCEU3KDM3TPKZRNCJ3ITVA_1,1,217,0,0,False,0.0,0.0,0.0,0.0,0.0,0.0
AEQQYNZCHBT3C5MEZBUCUHBQ24EA,1,165,0,0,False,0.0,0.0,0.0,0.0,0.0,0.0
AG6XXBNJSWEZT4BFI3ZZNA52ACKA,1,132,0,0,False,0.0,0.0,0.0,0.0,0.0,0.0
AHZAEFKBL4KUA5QSEAJRANLBKJJA,1,113,0,0,False,0.0,0.0,0.0,0.0,0.0,0.0
AGVXEMIIQ2S4N7TFU62FQASJJ6ZA,1,322,0,0,False,0.0,0.0,0.0,0.0,0.0,0.0
AHM4OPQPH2VEAULTUPXDDXCTULIA,1,216,0,0,False,0.0,0.0,0.0,0.0,0.0,0.0
AG5WQAU45AHMYG3IVZXID43THTAQ,1,130,0,0,False,0.0,0.0,0.0,0.0,0.0,0.0
AETOEA7VUU2QV3ZNCRQHK33DDXZQ,1,113,0,0,False,0.0,0.0,0.0,0.0,0.0,0.0
AHFKVOFR4GL5OD5WQOWZ7WKZLJ5Q,1,113,0,0,False,0.0,0.0,0.0,0.0,0.0,0.0
AEIRJMAT6FJDDDMQMGIC72LYXNRQ,1,128,0,0,False,0.0,0.0,0.0,0.0,0.0,0.0
AGLLMUJKBGNOTCXFUGIWZIJ36DQQ,1,159,0,0,False,0.0,0.0,0.0,0.0,0.0,0.0
AH4L6APZD375POUGVMK4UYDK5OJQ,1,101,0,0,False,0.0,0.0,0.0,0.0,0.0,0.0
AGISOCHR4AI2PHPRL3J3E42JEVLA,1,108,0,0,False,0.0,0.0,0.0,0.0,0.0,0.0
AEWA73ZOFSME3SMC6WKEDTKMDGHQ,1,116,0,0,False,0.0,0.0,0.0,0.0,0.0,0.0
AF2TLLNCRHFF7QNWBFERALVO4B7Q,1,149,0,0,False,0.0,0.0,0.0,0.0,0.0,0.0
AHSFFVE5G65JPMAA3PYUO2RWUA6Q,1,113,0,0,False,0.0,0.0,0.0,0.0,0.0,0.0
AELCHJO64W7III5PDR7RURIJV5CA,1,390,0,0,False,0.0,0.0,0.0,0.0,0.0,0.0
AFU67UH3Y737FHNGIEGFH5HBUWPQ,1,155,0,0,False,0.0,0.0,0.0,0.0,0.0,0.0
AELO64EBNJW5S5KM443G2CMIUTHQ,1,113,0,0,False,0.0,0.0,0.0,0.0,0.0,0.0
AGBCUH6OF5SMVV6ED5G66Q4QWI4Q,1,111,0,0,False,0.0,0.0,0.0,0.0,0.0,0.0
AHBORN7QVR52CPM5PSTBHFLVCJUA,1,184,0,0,False,0.0,0.0,0.0,0.0,0.0,0.0
AFFKZZOUORW65WVQM46HW5MJDK5Q,1,126,0,0,False,0.0,0.0,0.0,0.0,0.0,0.0
AHJZICZVRJWDIAJ7F4KECEIFOH3A,1,549,0,0,False,0.0,0.0,0.0,0.0,0.0,0.0
AET6PG7VY34KJDBH2U2C2FHJL4TQ,1,175,0,0,False,0.0,0.0,0.0,0.0,0.0,0.0
AHTOI4KAG6UGFCU763DHZ7JR54CQ,1,308,0,0,False,0.0,0.0,0.0,0.0,0.0,0.0
AHBLQCK2VAXLH7YTETLY3R5NMFZQ,1,105,0,0,False,0.0,0.0,0.0,0.0,0.0,0.0
AGU2OU5SZRWSPMRR3WXEBTA74VCQ,1,126,0,0,False,0.0,0.0,0.0,0.0,0.0,0.0
AE4YO2ZT4TMRFFA54ZZUQGK27YZA,1,150,0,0,False,0.0,0.0,0.0,0.0,0.0,0.0
AFQQLOHJDAZ6FLE55O3J4NFZSE4Q,1,156,0,0,False,0.0,0.0,0.0,0.0,0.0,0.0
AHCZW7RP5IJYIBL3GTD7QE6TW6CQ,1,128,0,0,False,0.0,0.0,0.0,0.0,0.0,0.0
AFYVHFLDEQ2DJ37EMQ6E72CC42EA,1,100,0,0,False,0.0,0.0,0.0,0.0,0.0,0.0
AGBXCFLD75PW2V5JISYE3NKE7TKA,1,105,0,0,False,0.0,0.0,0.0,0.0,0.0,0.0
AGOVLTNJALUJABLGZQTK6HUCKIKA,1,110,0,0,False,0.0,0.0,0.0,0.0,0.0,0.0
AGVQDS3VL7L4TVNVITE7AJOANDTA,1,177,0,0,False,0.0,0.0,0.0,0.0,0.0,0.0
AEYBI3JT2E6M5WVV457G27YXXQUQ,1,124,0,0,False,0.0,0.0,0.0,0.0,0.0,0.0
AHCFYNLZXWHXARK6SJSQBIY3U5RA,1,100,0,0,False,0.0,0.0,0.0,0.0,0.0,0.0
AEUNG334KUZWXHHAIRMJXCBT5FYA,1,300,0,0,False,0.0,0.0,0.0,0.0,0.0,0.0
AFBNJCYVOQ6EX2FXLP37A2K4WJ2A,1,363,0,0,False,0.0,0.0,0.0,0.0,0.0,0.0
AFJ4YAHXPKZQSEJTCCJ5Z4KPYZKA,1,110,0,0,False,0.0,0.0,0.0,0.0,0.0,0.0
AFBQL5VDQMWEILHC7JTV2G3T3QCQ,1,208,0,0,False,0.0,0.0,0.0,0.0,0.0,0.0
AG4LXHSI4ORJEEBXGXTSQJRMFGLQ,1,110,0,0,False,0.0,0.0,0.0,0.0,0.0,0.0
AGVSGK7E4WMRETX4KHF7RKGECDFQ,1,120,0,0,False,0.0,0.0,0.0,0.0,0.0,0.0
AFIRDXKIWQG5TK6XGGUKG44Q3QNA,1,232,0,0,False,0.0,0.0,0.0,0.0,0.0,0.0
AG4SGGZO4SXO7HKIOSRWEMO76UQA,1,131,0,0,False,0.0,0.0,0.0,0.0,0.0,0.0
AFFW7M4JEAYPLMOFNGXJZZQLUYEA,1,164,0,0,False,0.0,0.0,0.0,0.0,0.0,0.0
AFE4S4MR4EUYAWDYTZKZUXZLIOJA,1,141,0,0,False,0.0,0.0,0.0,0.0,0.0,0.0
AFIWIDNKGCGYVNUZFYYRIPFIWA2Q,1,135,0,0,False,0.0,0.0,0.0,0.0,0.0,0.0
AF7R4OC3YUOI77VS55Y3B3XSN2OQ,1,274,0,0,False,0.0,0.0,0.0,0.0,0.0,0.0
AHTZ3PYRZPGOTXL7T6I4ZUYY7APA,1,125,0,0,False,0.0,0.0,0.0,0.0,0.0,0.0
AHO3ZTW4HFSGBV7UNIZN7PW74CSQ,1,218,0,0,False,0.0,0.0,0.0,0.0,0.0,0.0
AH6URM6URQ2EKVJMCPE3XZXRCIUQ,1,132,0,0,False,0.0,0.0,0.0,0.0,0.0,0.0
AFMY5CEPFKJXLHTMOJSYC4XABXOQ,1,453,0,0,False,0.0,0.0,0.0,0.0,0.0,0.0
AEDB6ZCMWZFJNB4GJ32XNQSJLGEQ,1,132,0,0,False,0.0,0.0,0.0,0.0,0.0,0.0
AHBOMGFP5PDU3LEUVNEYYC6JWFMQ,1,301,0,0,False,0.0,0.0,0.0,0.0,0.0,0.0
AFWBM3XXYYDKONNZWYBFEZGN4PUA,1,119,0,0,False,0.0,0.0,0.0,0.0,0.0,0.0
AGYWMGGQ32YMT5CZIFHLE7VLUT3A,1,207,0,0,False,0.0,0.0,0.0,0.0,0.0,0.0
AEHTOGJ2OJ5TIFG2EFMWXHXYASCA,1,129,0,0,False,0.0,0.0,0.0,0.0,0.0,0.0
AEFZSGWL3X6Z2VS65UON57NIJPMA,1,112,0,0,False,0.0,0.0,0.0,0.0,0.0,0.0
AFUHUI2URN4L3V3SJSUCBC4PMUTA,1,688,0,0,False,0.0,0.0,0.0,0.0,0.0,0.0
AH767XBPUFJVSH3CXBUGWG7RWLKQ,1,206,0,0,False,0.0,0.0,0.0,0.0,0.0,0.0
AE6IAH3TSJOSBDOJGBJHUR67WEEQ,1,125,0,0,False,0.0,0.0,0.0,0.0,0.0,0.0
AHV67OZ7EO5D6QX53S4BEXRQ6FHA,1,631,0,0,False,0.0,0.0,0.0,0.0,0.0,0.0
AGFEBWDIGOPA2I5RFLYVRSTBXG7Q,1,235,0,0,False,0.0,0.0,0.0,0.0,0.0,0.0
AEDBLGC272WA4ZTVJFCW6XAZ37LQ,1,132,0,0,False,0.0,0.0,0.0,0.0,0.0,0.0
AFLHPISWNLXE5TGFDGMJFMF2FO4Q,1,111,0,0,False,0.0,0.0,0.0,0.0,0.0,0.0
AFTX63FUTUVRYZE3HYJFEELNMFSA,1,135,0,0,False,0.0,0.0,0.0,0.0,0.0,0.0
AEQXZCNKESE5KNCYCQZROO7GZRKQ,1,393,0,0,False,0.0,0.0,0.0,0.0,0.0,0.0
AGQ3BYKSR2EWRBITM4CERV2MVJZQ,1,239,0,0,False,0.0,0.0,0.0,0.0,0.0,0.0
AFUUJZ32PGZB4TDB6D7LLE5KHSDA,1,172,0,0,False,0.0,0.0,0.0,0.0,0.0,0.0
AGR4OEGODMLQE34H55CCYHCOS77A,1,102,0,0,False,0.0,0.0,0.0,0.0,0.0,0.0
AF2QJWR4NVQROI37WX2TQXT4QRXQ,1,143,0,0,False,0.0,0.0,0.0,0.0,0.0,0.0
AHVMJWRWKAWN3HWY5EP2ZIVWW62Q,1,109,0,0,False,0.0,0.0,0.0,0.0,0.0,0.0
AFKIBYJU6XX6PZ6XKV7QZIQRH3YQ,1,117,0,0,False,0.0,0.0,0.0,0.0,0.0,0.0
AGKYFKZ54CFEXGQTDIDWBHSDLITQ,1,128,0,0,False,0.0,0.0,0.0,0.0,0.0,0.0
AFHFMYCNLONPVUHT3JZFYLIEGX6Q,1,179,0,0,False,0.0,0.0,0.0,0.0,0.0,0.0
AGF6TCJ5DIUYHXKWWLFKAY2HUIXQ,1,740,0,0,False,0.0,0.0,0.0,0.0,0.0,0.0
AFJKKKULVD462O6AJXMVUIRMZQKQ,1,105,0,0,False,0.0,0.0,0.0,0.0,0.0,0.0
AFCD4C4IPRARNMTGEHHWOWIE5KBQ,1,135,0,0,False,0.0,0.0,0.0,0.0,0.0,0.0
AEZUL3R34WWAORYARPTJG2X6KC5Q_2,1,147,0,0,False,0.0,0.0,0.0,0.0,0.0,0.0
AFSB4OKA7PVZYWLCYU4464RHAUWA,1,134,0,0,False,0.0,0.0,0.0,0.0,0.0,0.0
AG773IIH5JWYUNOQQVNEXQGDRN4Q,1,793,0,0,False,0.0,0.0,0.0,0.0,0.0,0.0
AFQPRBK7XJNB4IT6Z6KZYWEZUF3Q,1,117,0,0,False,0.0,0.0,0.0,0.0,0.0,0.0
AG6DXLQH6VDH6X4RNFXQOHYBTR2Q,1,102,0,0,False,0.0,0.0,0.0,0.0,0.0,0.0
AEIID43Y5VNCZCTG5VPY64SUTMUA,1,119,0,0,False,0.0,0.0,0.0,0.0,0.0,0.0
AEBP2Q4O2JGI5KXYM25VW4I6MUCA,1,144,0,0,False,0.0,0.0,0.0,0.0,0.0,0.0
AFXWRYKUE5QNX4J2WGCX4TNRUKHQ,1,110,0,0,False,0.0,0.0,0.0,0.0,0.0,0.0
AH6MLMA37WGURO3Z33AE7WRAI4CA,1,155,0,0,False,0.0,0.0,0.0,0.0,0.0,0.0
AE4M32TKLQAR6IQ75FGY4MD5NVEA,1,116,0,0,False,0.0,0.0,0.0,0.0,0.0,0.0
AHE2LA5UK43UFWG4KBTEWRJOW2WQ,1,119,0,0,False,0.0,0.0,0.0,0.0,0.0,0.0
AFYGKU4M4BODTPVSRIQ2UYZYEVDQ,1,304,0,0,False,0.0,0.0,0.0,0.0,0.0,0.0
AEPI4GPTILJZJGJHEPW57KTA53TA,1,106,0,0,False,0.0,0.0,0.0,0.0,0.0,0.0
AFPSXDH6U3B2ATWUBT47IKOHLLHQ,1,162,0,0,False,0.0,0.0,0.0,0.0,0.0,0.0
AFIOSFDSBQUVK4OMOFVNFVKMOC7A,1,108,0,0,False,0.0,0.0,0.0,0.0,0.0,0.0
AH6NR2Q7F323VVUTIBCZA27BPEGA,1,123,0,0,False,0.0,0.0,0.0,0.0,0.0,0.0
AFBKBWXSHQMW65V4VQMTLARY5G5A,1,117,0,0,False,0.0,0.0,0.0,0.0,0.0,0.0
AHHJ4BPQ5TYIUPESYDW6HDSKNIAA,1,111,0,0,False,0.0,0.0,0.0,0.0,0.0,0.0
AHQRUMMBNH5Z4EVFKPHDC4GJG3UQ,1,122,0,0,False,0.0,0.0,0.0,0.0,0.0,0.0
AGCYN5IKEDNDPRNNLVXPOZPLWN3A,1,162,0,0,False,0.0,0.0,0.0,0.0,0.0,0.0
AECMBFXDJHHNGEBXIOVY5M3V2PKA,1,285,0,0,False,0.0,0.0,0.0,0.0,0.0,0.0
AFVQ6XMBHSGTRAUUEYSUJ5K7WT7Q,1,349,0,0,False,0.0,0.0,0.0,0.0,0.0,0.0
AGG4ORO3HU7EEFTG7JYP7IXZ7HNA,1,153,0,0,False,0.0,0.0,0.0,0.0,0.0,0.0
AHDEQBPVWOX6GCIHAA5O55N2QJMQ,1,366,0,0,False,0.0,0.0,0.0,0.0,0.0,0.0
AGFUQU7XRXGWMT3GNAISYFQV3SUA,1,261,0,0,False,0.0,0.0,0.0,0.0,0.0,0.0
AGIATWSO4UFBJ6NLPLWCKOFZQLNA,1,122,0,0,False,0.0,0.0,0.0,0.0,0.0,0.0
AH2SLATPAAEXB3ZHYVCNYFUTTKWA,1,169,0,0,False,0.0,0.0,0.0,0.0,0.0,0.0
AGLRX3SNKMVXT7LB4CNMLQOZBD3A,1,138,0,0,False,0.0,0.0,0.0,0.0,0.0,0.0
AEDGZN5OQEJNL26DU6HSVJP3XPGA,1,101,0,0,False,0.0,0.0,0.0,0.0,0.0,0.0
AEWJY37OGM234E5CVFSXPM2MJYPQ,1,112,0,0,False,0.0,0.0,0.0,0.0,0.0,0.0
AE23ZBUF2YVBQPH2NN6F5XSA3QYQ,1,1187,0,0,False,0.0,0.0,0.0,0.0,0.0,0.0
AFSLMINZMMAJU7VPGFV5WTH2RZ3A,1,116,0,0,False,0.0,0.0,0.0,0.0,0.0,0.0
AFN7FWLATHQSECJ5A3RVB7O36UHQ,1,120,0,0,False,0.0,0.0,0.0,0.0,0.0,0.0
AEKY7KSHVOAC23ECEPRCZNZM2ZSA,1,137,0,0,False,0.0,0.0,0.0,0.0,0.0,0.0
AGIYFVQRH6FEXW2M4OJMT3NEUTQA,1,128,0,0,False,0.0,0.0,0.0,0.0,0.0,0.0
AHGDVTFSAAIENYAIAZWJG427I3EA,1,838,0,0,False,0.0,0.0,0.0,0.0,0.0,0.0
AE54F2G7I53WS3XNUHIQDZZKGAMA,1,117,0,0,False,0.0,0.0,0.0,0.0,0.0,0.0
AGRCPWKLYGJTMJSPEI7YA4FEVEEA,1,137,0,0,False,0.0,0.0,0.0,0.0,0.0,0.0
AGWKXOM5YQMBGMUEXDQSWFMWHEQA,1,127,0,0,False,0.0,0.0,0.0,0.0,0.0,0.0
AEIFF4UKBMMHMIA3F5OUJLVN22OA,1,108,0,0,False,0.0,0.0,0.0,0.0,0.0,0.0
AHQRO6CGJW7NXE5PLDR3H6A7J6GQ,1,112,0,0,False,0.0,0.0,0.0,0.0,0.0,0.0
AHAFS4E6NJTO64CTO5KBPTN7KF5A,1,461,0,0,False,0.0,0.0,0.0,0.0,0.0,0.0
AHM7F4GRRASR5R4HCACGTBSWQWMA,1,390,0,0,False,0.0,0.0,0.0,0.0,0.0,0.0
AF7UUOEIY6ZART4P6WQGG7XU2SSQ,1,159,0,0,False,0.0,0.0,0.0,0.0,0.0,0.0
AFK5U2KC2ZRRBIUBHW4E3YO3F33Q,1,102,0,0,False,0.0,0.0,0.0,0.0,0.0,0.0
AFYXFMSPOQPZCETOYAM3Z4RXDI7Q,1,117,0,0,False,0.0,0.0,0.0,0.0,0.0,0.0
AEIYLNXFUY2EADFY736TIRBD4HGQ,1,126,0,0,False,0.0,0.0,0.0,0.0,0.0,0.0
AHSTHVDE6D2AV6M5NYKF2V2ZZUDA,1,155,0,0,False,0.0,0.0,0.0,0.0,0.0,0.0
AHBFB55VJ2743CUAPFVX4LHWYZFQ,1,130,0,0,False,0.0,0.0,0.0,0.0,0.0,0.0
AEXAZTZ2QMNUW4YQMHXWRZGJLE5A,1,149,0,0,False,0.0,0.0,0.0,0.0,0.0,0.0
AFRIHIMQXJL2HQHYVFBD3CEUL4LA,1,114,0,0,False,0.0,0.0,0.0,0.0,0.0,0.0
AGZS7H74UPZU746GOWUAJW6JLLTQ,1,170,0,0,False,0.0,0.0,0.0,0.0,0.0,0.0
AGPWOAP6AQMZBGXGAMONUTG6MUPQ,1,108,0,0,False,0.0,0.0,0.0,0.0,0.0,0.0
AENEVJH3U3MYSPDNE6VBEQCW2V4Q,1,507,0,0,False,0.0,0.0,0.0,0.0,0.0,0.0
AGWGBSXM3MQKTMVXOMN35LKGXWJA,1,123,0,0,False,0.0,0.0,0.0,0.0,0.0,0.0
AGI2G6MQK6Q7FLG2ADTUAOZAVRIA,1,103,0,0,False,0.0,0.0,0.0,0.0,0.0,0.0
AGU7C7CZA56W7C3PML6C6TD2SRFA,1,145,0,0,False,0.0,0.0,0.0,0.0,0.0,0.0
AGX7PWZWK7GLPJPHIKNI4AQSSW3Q,1,168,0,0,False,0.0,0.0,0.0,0.0,0.0,0.0
AHPGKGJFZMAVMDP7FWXXCWRXYD7Q,1,134,0,0,False,0.0,0.0,0.0,0.0,0.0,0.0
AHX25MN3P7B6FZCQIZDBLBNIGKZQ,1,200,0,0,False,0.0,0.0,0.0,0.0,0.0,0.0
AHYH7TLFGKACRF6RHZO4QBIICATQ,1,119,0,0,False,0.0,0.0,0.0,0.0,0.0,0.0
AH3DXJGJAMTYSNLOUNSCV7Q6TTZQ,1,153,0,0,False,0.0,0.0,0.0,0.0,0.0,0.0
AHHGMQ5GFTU62AI3MWQFEKWHNKDA,1,126,0,0,False,0.0,0.0,0.0,0.0,0.0,0.0
AHPHBCCRZXGV5LTLHLUKWEBSMMNQ,1,108,0,0,False,0.0,0.0,0.0,0.0,0.0,0.0
AGSPAJOHXDUYYHNJMRB2CTU7LBAQ,1,332,0,0,False,0.0,0.0,0.0,0.0,0.0,0.0
AET77DOZUE7O4A2BW5TN3VQRENGA,1,100,0,0,False,0.0,0.0,0.0,0.0,0.0,0.0
AFYF3RMBXF63VL5WHFNQCOFOWTHQ,1,503,0,0,False,0.0,0.0,0.0,0.0,0.0,0.0
AHARWDOEUNRTMI542YMXT7AVCEHA,1,117,0,0,False,0.0,0.0,0.0,0.0,0.0,0.0
AEOOVIA4OZ4YXXMOX52QKRFPI44A,1,207,0,0,False,0.0,0.0,0.0,0.0,0.0,0.0
AFHTB66WP5SJY33HN6OE54C6RDXQ,1,208,0,0,False,0.0,0.0,0.0,0.0,0.0,0.0
AE26QWXI2OZ4KCJPKNB6YZTNBR5Q,1,263,0,0,False,0.0,0.0,0.0,0.0,0.0,0.0
AEIIRIHLIYKQGI7ZOCIJTRDF5NPQ_2_2_2_1,1,623,0,0,False,0.0,0.0,0.0,0.0,0.0,0.0
AFUQQLRXSVSFDBXUQZ4URHKQKRGA,1,168,0,0,False,0.0,0.0,0.0,0.0,0.0,0.0
AHVB7RJNAZ35HUAHNSYLMZDBRZBA,1,120,0,0,False,0.0,0.0,0.0,0.0,0.0,0.0
AHDMAL5TGFYGKX66YVPSBYEVDXVQ,1,124,0,0,False,0.0,0.0,0.0,0.0,0.0,0.0
AEOUAVGSFJS53WXZT7ESMQT3VMSA,1,112,0,0,False,0.0,0.0,0.0,0.0,0.0,0.0
AEDXXN3WREPYHF7VOGSKGJZFA7IA,1,121,0,0,False,0.0,0.0,0.0,0.0,0.0,0.0
AHMAGO6RME5BNQIVWP56IIWELOJA,1,148,0,0,False,0.0,0.0,0.0,0.0,0.0,0.0
AGZZU4U7G74SBKXOUAH57MWALSOQ,1,232,0,0,False,0.0,0.0,0.0,0.0,0.0,0.0
AFXSVEP3YV4X5H2YRFZJGLAFFZWQ,1,465,0,0,False,0.0,0.0,0.0,0.0,0.0,0.0
AE5HNX5HIVHJH734GBQBRKUMGYTQ,1,238,0,0,False,0.0,0.0,0.0,0.0,0.0,0.0
AGXW4GMCZS36YKWXW6UNNQVIVPDQ,1,279,0,0,False,0.0,0.0,0.0,0.0,0.0,0.0
AGSU4BF54NFDUP5SOHAAVNKQI67Q,1,389,0,0,False,0.0,0.0,0.0,0.0,0.0,0.0
AHNHPHEADEG6JOWSHQIC7P6QGYQQ,1,115,0,0,False,0.0,0.0,0.0,0.0,0.0,0.0
AEBWQ2GVFZS7DBIN4Y7TR5IYJ25Q,1,108,0,0,False,0.0,0.0,0.0,0.0,0.0,0.0
AEERPQ3ERAHDP44DLQDHLZ3G53MQ,1,107,0,0,False,0.0,0.0,0.0,0.0,0.0,0.0
AHNS4IA3FTAYFENRMTJJ2XAKO7JQ,1,466,0,0,False,0.0,0.0,0.0,0.0,0.0,0.0
AGUKKXCIG4H6Z545KTQD4RZ7KLKQ,1,136,0,0,False,0.0,0.0,0.0,0.0,0.0,0.0
AFSVLFSMZWWJ6VDDMHKNS4IDWJHA,1,146,0,0,False,0.0,0.0,0.0,0.0,0.0,0.0
AHZKXDFUNNEGHAIB7N7UJSWGFOLQ,1,108,0,0,False,0.0,0.0,0.0,0.0,0.0,0.0
AGBWV3ZQCJ5OT6OXJCN7WO777UOQ,1,1383,0,0,False,0.0,0.0,0.0,0.0,0.0,0.0
AGNVPG5LUE53WJT6YZYDOAVGNITQ,1,142,0,0,False,0.0,0.0,0.0,0.0,0.0,0.0
AHS5FPE6RHE4ITJ4SAVI67YVRNOQ,1,243,0,0,False,0.0,0.0,0.0,0.0,0.0,0.0
AFWMG7UFWQJPALHSIATX2G6YNOXA,1,120,0,0,False,0.0,0.0,0.0,0.0,0.0,0.0
AHU6H4OZYENZIG7OGXLW6LPFPIVQ,1,140,0,0,False,0.0,0.0,0.0,0.0,0.0,0.0
AHYSAAK3U3UXMVID65JHTIJMFCJQ,1,113,0,0,False,0.0,0.0,0.0,0.0,0.0,0.0
AGMP22CF4X5SCBMB2MZSZFHJ3DNA,1,194,0,0,False,0.0,0.0,0.0,0.0,0.0,0.0
AHDY5AR2HZ2ERNZYAHL4XNP6F4JQ,1,249,0,0,False,0.0,0.0,0.0,0.0,0.0,0.0
AFLXZMMB7MNWXUVL6GD3C3EOGPVA,1,109,0,0,False,0.0,0.0,0.0,0.0,0.0,0.0
AFI4OQK2W6FV2UUKOD2NTTBPJP4Q,1,124,0,0,False,0.0,0.0,0.0,0.0,0.0,0.0
AG6Q352FLUBRJFHXPWTSR6X7NU4Q,1,111,0,0,False,0.0,0.0,0.0,0.0,0.0,0.0
AGSVNZDZNPCMXG5DEFXMZNRH2LCQ,1,967,0,0,False,0.0,0.0,0.0,0.0,0.0,0.0
AE4TTQEAURIY2SPMNXY5DQV4GLBQ,1,100,0,0,False,0.0,0.0,0.0,0.0,0.0,0.0
AGYIYHWC5EJWEENTNN2IMPFEWKSQ,1,237,0,0,False,0.0,0.0,0.0,0.0,0.0,0.0
AGRQGAGROERFY6CCW4BODCENODQA,1,123,0,0,False,0.0,0.0,0.0,0.0,0.0,0.0
AHYAYKJBZNE53SC6362TOSCTH35A,1,108,0,0,False,0.0,0.0,0.0,0.0,0.0,0.0
AFFHIWPXXKSMZKQYTTMPTHMJ6DUA,1,120,0,0,False,0.0,0.0,0.0,0.0,0.0,0.0
AEAXTXXZ4NLDZW6B6FI4U2SOZOWA,1,102,0,0,False,0.0,0.0,0.0,0.0,0.0,0.0
AHGIDR4IJFS23Q4GTZ33FI5LYDSQ_2,1,165,0,0,False,0.0,0.0,0.0,0.0,0.0,0.0
AHSGXUUQSRZPYZN2AKZ2BTAMS4AQ,1,116,0,0,False,0.0,0.0,0.0,0.0,0.0,0.0
AH3RUNX6MACJRKEU5XAM4MEKQ4JA,1,135,0,0,False,0.0,0.0,0.0,0.0,0.0,0.0
AHKZOKNJHOKX6JOO3YBCV5WLUIEA,1,141,0,0,False,0.0,0.0,0.0,0.0,0.0,0.0
AH7DWQWLE3J47LT53FQ76ILLLCTQ,1,125,0,0,False,0.0,0.0,0.0,0.0,0.0,0.0
AFGJYXOLE2THZ4IF3UVLSRTECMIQ,1,181,0,0,False,0.0,0.0,0.0,0.0,0.0,0.0
AEYLTTG6BD636LJSNQICVOWDJLDA,1,510,0,0,False,0.0,0.0,0.0,0.0,0.0,0.0
AFJ6J5LH2ZHMUBNKZ2ZBCHMIBE5Q,1,355,0,0,False,0.0,0.0,0.0,0.0,0.0,0.0
AEVYDTEJFNREETYZ6Z426MY4YINQ,1,111,0,0,False,0.0,0.0,0.0,0.0,0.0,0.0
AFNLQIHXE4EPQVKXFNLHR5K6H7SA,1,105,0,0,False,0.0,0.0,0.0,0.0,0.0,0.0
AFP4QYATVNXK6THSST5R3Z2CEPEQ,1,124,0,0,False,0.0,0.0,0.0,0.0,0.0,0.0
AFSJQ4ZG3CCS4QUEKLK45U674W3Q,1,139,0,0,False,0.0,0.0,0.0,0.0,0.0,0.0
AEBZJGN6VG5Z2E7AVXBGXHOU5KPA,1,148,0,0,False,0.0,0.0,0.0,0.0,0.0,0.0
AHWLAJMDMMY3U64I5ISWYBVE3S7Q,1,217,0,0,False,0.0,0.0,0.0,0.0,0.0,0.0
AEHZBUFEOW4TY3K4IYFFR5ZU5B3Q,1,977,0,0,False,0.0,0.0,0.0,0.0,0.0,0.0
AEL6K4LBMCUFFYE27NG3DWZMV2ZQ,1,198,0,0,False,0.0,0.0,0.0,0.0,0.0,0.0
AHOVOKCNGKMCAEBVWTWOGCPY2XLQ,1,198,0,0,False,0.0,0.0,0.0,0.0,0.0,0.0
AFJYUDW2LLMAVP2L5F7FQPYGWP6Q,1,565,0,0,False,0.0,0.0,0.0,0.0,0.0,0.0
AHDNBD6BXVJE7DUHN3HPT432WRDQ,1,261,0,0,False,0.0,0.0,0.0,0.0,0.0,0.0
AEBYGDBFCD3QEOFKNHCXHUFKREGA,1,185,0,0,False,0.0,0.0,0.0,0.0,0.0,0.0
AE5R3WBD7BSSWJ4F3PE5ICQHUCDQ,1,106,0,0,False,0.0,0.0,0.0,0.0,0.0,0.0
AGM4CTJZTX4ODUQDZKC5NP6D7U3A,1,275,0,0,False,0.0,0.0,0.0,0.0,0.0,0.0
AFIIHGFEQSEL7QUGWG3BR5FWY5OQ,1,148,0,0,False,0.0,0.0,0.0,0.0,0.0,0.0
AFXQNE3PUIC6FOZ7WFZZ757LE74Q,1,175,0,0,False,0.0,0.0,0.0,0.0,0.0,0.0
AGGB33CRW5QSNM542FDVHPQ363YQ,1,260,0,0,False,0.0,0.0,0.0,0.0,0.0,0.0
AEJE3IIDZTTU3P36LWRHKGROEVIA,1,105,0,0,False,0.0,0.0,0.0,0.0,0.0,0.0
AHARWQINLE3C6ZTBQ5YVJO3OHSIA,1,112,0,0,False,0.0,0.0,0.0,0.0,0.0,0.0
AGXO3CPYK7TUTKH4BTVJD2DX43HQ,1,218,0,0,False,0.0,0.0,0.0,0.0,0.0,0.0
AE2APNKX4UAEBYWYZWY5ZADN32KQ,1,325,0,0,False,0.0,0.0,0.0,0.0,0.0,0.0
AFEFHGLDYMHLUOZMAKMO63OQ4O4A,1,104,0,0,False,0.0,0.0,0.0,0.0,0.0,0.0
AEFTTOKTYVK4P65S7TFLFZDMURJQ,1,219,0,0,False,0.0,0.0,0.0,0.0,0.0,0.0
AFKMX6JZ655VPVYHBTATZQS4IBOQ,1,432,0,0,False,0.0,0.0,0.0,0.0,0.0,0.0
AEZFFXESKDJ7V2HSHIUWIJICOUEA,1,115,0,0,False,0.0,0.0,0.0,0.0,0.0,0.0
AEKSI575UP7LPD4NUWJFI53IFV3Q,1,220,0,0,False,0.0,0.0,0.0,0.0,0.0,0.0
AFIBNLML7BE3GZIGU7SSIAGEECLA,1,136,0,0,False,0.0,0.0,0.0,0.0,0.0,0.0
AF3YEJ63COKWZNJHQ2JQP5B6AQ3A,1,935,0,0,False,0.0,0.0,0.0,0.0,0.0,0.0
AEF4ERFVACUREO7O325GCGDHS3AA,1,134,0,0,False,0.0,0.0,0.0,0.0,0.0,0.0
AGFOX4T5F4APNS74FHDC2FHKE5IA,1,111,0,0,False,0.0,0.0,0.0,0.0,0.0,0.0
AHRSEQIU4DBPAPKJDIYAWCYBYPSQ,1,127,0,0,False,0.0,0.0,0.0,0.0,0.0,0.0
AHXLT4YARSNUWKQTJSB2PMFGGCNQ,1,117,0,0,False,0.0,0.0,0.0,0.0,0.0,0.0
AFIKPLSJCM3IYFC3AAYOU4BK2DCQ,1,102,0,0,False,0.0,0.0,0.0,0.0,0.0,0.0
AHN53SUJ33S2PFQA2NFOAB2J46OA,1,142,0,0,False,0.0,0.0,0.0,0.0,0.0,0.0
AHQ7EPM5HNCDGNFWSFJU5JPIEDGA,1,121,0,0,False,0.0,0.0,0.0,0.0,0.0,0.0
AEQSZVLAFNQJY63SLGBVYWQM4IBA,1,116,0,0,False,0.0,0.0,0.0,0.0,0.0,0.0
AGAMBW4YURLNKK5KW5EDKDC2ZMOA,1,111,0,0,False,0.0,0.0,0.0,0.0,0.0,0.0
AGUQ2BPQ2A4H2QKDVJWK6X6MVBLA,1,152,0,0,False,0.0,0.0,0.0,0.0,0.0,0.0
AFP4VV7FHGMDUUZRR6UXBRKLQQRA,1,122,0,0,False,0.0,0.0,0.0,0.0,0.0,0.0
AH2DPDI4VZWHDBU2NKJUEC276CCA,1,109,0,0,False,0.0,0.0,0.0,0.0,0.0,0.0
AEKR5LXGQQGEXVFZYE6B3FVEIJJA,1,109,0,0,False,0.0,0.0,0.0,0.0,0.0,0.0
AFZJKSYKMWCFNXIVQQ33VAJIL7UA,1,142,0,0,False,0.0,0.0,0.0,0.0,0.0,0.0
AEZGGDKCIVNXHMK7P2MPDSBOEPXA,1,332,0,0,False,0.0,0.0,0.0,0.0,0.0,0.0
AHIROBPKOELF4WANNKCEDAKVRW2Q,1,211,0,0,False,0.0,0.0,0.0,0.0,0.0,0.0
AGI23OO7W75HK7RBFDU7XCVMBHRA,1,177,0,0,False,0.0,0.0,0.0,0.0,0.0,0.0
AEYL7IITMEHHN64SHXTR4H2R6EQQ,1,124,0,0,False,0.0,0.0,0.0,0.0,0.0,0.0
AFO56ALOAN5ZYK7XVV2XWOSEE6DA,1,149,0,0,False,0.0,0.0,0.0,0.0,0.0,0.0
AGYJAAK7DLCRMZJYZ7EUGPNTEDWQ,1,156,0,0,False,0.0,0.0,0.0,0.0,0.0,0.0
AFZTOZOOXODGGU6335BPSF6KABKA,1,172,0,0,False,0.0,0.0,0.0,0.0,0.0,0.0
AGBL5QAIOWK6ENWLSOW2HWUQAZ3Q,1,114,0,0,False,0.0,0.0,0.0,0.0,0.0,0.0
AE3JHU5FFAHLLPFIDRTNY2ZTWNWQ,1,108,0,0,False,0.0,0.0,0.0,0.0,0.0,0.0
AH4TRCQOWVEJNGWTTO55UINTHZIQ,1,235,0,0,False,0.0,0.0,0.0,0.0,0.0,0.0
AHPGHDFIU3BUB3RQBP56RQQA7W4Q,1,172,0,0,False,0.0,0.0,0.0,0.0,0.0,0.0
AELDRQNEHJKEJ3QZM6SVNWUF2UTQ,1,253,0,0,False,0.0,0.0,0.0,0.0,0.0,0.0
AERA2QF2GEAJIAHJVKPK5DQHB7AA,1,104,0,0,False,0.0,0.0,0.0,0.0,0.0,0.0
AG3PBRFNWNXXDVXAT67MRO7J3KYA,1,208,0,0,False,0.0,0.0,0.0,0.0,0.0,0.0
AFG3Q6HMKVB4NKWFCX6ZJ7F4Q43Q,1,107,0,0,False,0.0,0.0,0.0,0.0,0.0,0.0
AHS4NPCYFLOXMQQWY5DL7H5AKLOA,1,140,0,0,False,0.0,0.0,0.0,0.0,0.0,0.0
AFQ644U5B6FTZZEOEDUUCC24BGXQ,1,107,0,0,False,0.0,0.0,0.0,0.0,0.0,0.0
AEICWNHLXQDGNO2XLQ7DKMJCSXZA,1,106,0,0,False,0.0,0.0,0.0,0.0,0.0,0.0
AGZ77AU67Q5B24EQDU2ZPPGRICMA,1,100,0,0,False,0.0,0.0,0.0,0.0,0.0,0.0
AETGGEJL7732J4VMO6KOTNIO5I3Q,1,291,0,0,False,0.0,0.0,0.0,0.0,0.0,0.0
AFBYL2QEG462L2MLUCBRDZS7VWTA,1,205,0,0,False,0.0,0.0,0.0,0.0,0.0,0.0
AEJBSDLYHVSXPWUIDE5AA64APFZA,1,130,0,0,False,0.0,0.0,0.0,0.0,0.0,0.0
AHZQJGJ6VCSHEZ2WA3YKZVGR5IDQ,1,313,0,0,False,0.0,0.0,0.0,0.0,0.0,0.0
AGNJKAAP3I5HJLLJVIPCAAHIINMQ,1,139,0,0,False,0.0,0.0,0.0,0.0,0.0,0.0
AFL7UIJ6DCL3LV2K6H2FTBVGDLDQ,1,250,0,0,False,0.0,0.0,0.0,0.0,0.0,0.0
AFJUT5BEWATK37VVRUDVOQOWLKPQ,1,116,0,0,False,0.0,0.0,0.0,0.0,0.0,0.0
AH3JYMVUYJD36GPVGEILOX3Y2ESA,1,162,0,0,False,0.0,0.0,0.0,0.0,0.0,0.0
AE3VE2MPKBXR3OM3CJXE7FQZ5CAA,1,304,0,0,False,0.0,0.0,0.0,0.0,0.0,0.0
AGBULUCAF23WPOCKVOFW7TMRG5SQ,1,151,0,0,False,0.0,0.0,0.0,0.0,0.0,0.0
AFBLQXZ33YGRLYPOHARWDQAWSTSA,1,123,0,0,False,0.0,0.0,0.0,0.0,0.0,0.0
AEK6SR63YICRLQH7KO6MHRF73RMQ,1,128,0,0,False,0.0,0.0,0.0,0.0,0.0,0.0
AGQWB5SVFC2T66LVVZW3LKCHGO2A,1,178,0,0,False,0.0,0.0,0.0,0.0,0.0,0.0
AGUM6ILPUWROHTXCZT3IKC6Y3ZBA,1,241,0,0,False,0.0,0.0,0.0,0.0,0.0,0.0
AFSV7WVU7TBFUFBQ2I4XAJHJK5DQ,1,138,0,0,False,0.0,0.0,0.0,0.0,0.0,0.0
AFKZESU3PTCQ2UVDBDSFVFTXBFNQ_2,1,704,0,0,False,0.0,0.0,0.0,0.0,0.0,0.0
AEL6YYPDTZAOPQKOJSBXY537NH3Q,1,241,0,0,False,0.0,0.0,0.0,0.0,0.0,0.0
AGLRCLAE5XJSLRKSM47RCFY5O2JA,1,159,0,0,False,0.0,0.0,0.0,0.0,0.0,0.0
AFNIU5RTX74ILRYURZG7UGLYL2XA,1,145,0,0,False,0.0,0.0,0.0,0.0,0.0,0.0
AGL72EW24IMRO4K5EJ6S3QGG365Q,1,102,0,0,False,0.0,0.0,0.0,0.0,0.0,0.0
AESXPFPYKPBWD4SLCAZRXX22GEZA,1,103,0,0,False,0.0,0.0,0.0,0.0,0.0,0.0
AGDQR7EYHX5Z7Q6OCXXTGHQZV7EA,1,146,0,0,False,0.0,0.0,0.0,0.0,0.0,0.0
AFFTWOUQ6ME5QP2NFPUE6ETZFSEA,1,141,0,0,False,0.0,0.0,0.0,0.0,0.0,0.0
AG3AOFIHO3UGRYIVDWWB4VQQXZRQ,1,170,0,0,False,0.0,0.0,0.0,0.0,0.0,0.0
AHDMZFFHHHXJBFMS66QIGO2ZJPDQ,1,125,0,0,False,0.0,0.0,0.0,0.0,0.0,0.0
AFKEUURWVXYJOYGZOUKJQ4VOVZCQ,1,189,0,0,False,0.0,0.0,0.0,0.0,0.0,0.0
AGVYGK2OBBRQKKBBSU3ST4X235BQ,1,119,0,0,False,0.0,0.0,0.0,0.0,0.0,0.0
AETGCWXC47MSMK6B2TLZ44KCFJZQ,1,122,0,0,False,0.0,0.0,0.0,0.0,0.0,0.0
AG644AQBRT56BVFDCJMISCNTSRMA,1,685,0,0,False,0.0,0.0,0.0,0.0,0.0,0.0
AEAY2WGERHFFEDTKJDKID4D3RW3Q,1,212,0,0,False,0.0,0.0,0.0,0.0,0.0,0.0
AF27LI5BIVYEJETYOVRIMV6XPHOQ,1,101,0,0,False,0.0,0.0,0.0,0.0,0.0,0.0
AFW6IVJM7XDAUKLUAPUATO5REKPA,1,168,0,0,False,0.0,0.0,0.0,0.0,0.0,0.0
AHIQC6XUZUUFYILUUUWSG6WYVYGA,1,121,0,0,False,0.0,0.0,0.0,0.0,0.0,0.0
AFYSHCJX77N6OZHBKFSTSYZGNJWQ,1,103,0,0,False,0.0,0.0,0.0,0.0,0.0,0.0
AETKA752YU5A2RYBJ4GIAKSCGOZQ,1,116,0,0,False,0.0,0.0,0.0,0.0,0.0,0.0
AEDF6LSTO7L4BWZPQXJSZ3FPMX5A,1,235,0,0,False,0.0,0.0,0.0,0.0,0.0,0.0
AHCY5HIXEHYPRIU7NPMXKPLPJR7A,1,109,0,0,False,0.0,0.0,0.0,0.0,0.0,0.0
AF3ZPSVGI7TKJLMLH5C7PR36TE4Q,1,142,0,0,False,0.0,0.0,0.0,0.0,0.0,0.0
AF6PYKOUHORFC3TLKFYFD33N4BFA,1,362,0,0,False,0.0,0.0,0.0,0.0,0.0,0.0
AEGAARQ7APNX7X5D4XB3Z3SS6BYQ,1,109,0,0,False,0.0,0.0,0.0,0.0,0.0,0.0
AHU5CEFMHIARA3FUDNNHQJTVKEDA,1,198,0,0,False,0.0,0.0,0.0,0.0,0.0,0.0
AGZHZS4YKICTOZ3XYAYLWKA2OCDA,1,120,0,0,False,0.0,0.0,0.0,0.0,0.0,0.0
AGMAERQDDST54IVN3LOHZW5SJQYA,1,142,0,0,False,0.0,0.0,0.0,0.0,0.0,0.0
AFZRI5VBKTGRUYSTV4ZRXWGDXRUA,1,118,0,0,False,0.0,0.0,0.0,0.0,0.0,0.0
AEGSMK2RONJ4PU4US54TRRMINDIA,1,168,0,0,False,0.0,0.0,0.0,0.0,0.0,0.0
AG2RJO522NKWDGHD4TJN2QE75IWA,1,107,0,0,False,0.0,0.0,0.0,0.0,0.0,0.0
AFOWI4CZ6HGLKAU5OAJFN24AVF5Q,1,129,0,0,False,0.0,0.0,0.0,0.0,0.0,0.0
AE3PLZHW6NXWBMZ76TDVFQG2MJFA,1,312,0,0,False,0.0,0.0,0.0,0.0,0.0,0.0
AERZDTK72SST4ZOP5DP6D25SOYXA,1,130,0,0,False,0.0,0.0,0.0,0.0,0.0,0.0
AFURBA64TYZCPYT5BXLKHOIDWO4A,1,110,0,0,False,0.0,0.0,0.0,0.0,0.0,0.0
AFBR5VDMITJI24U5KZRYEPET3TJQ,1,430,0,0,False,0.0,0.0,0.0,0.0,0.0,0.0
AHBIUEEPAZGLW5RYBIN6VWBKGCTQ,1,115,0,0,False,0.0,0.0,0.0,0.0,0.0,0.0
AE2YCIHHZH57ABZB7EWDTCF3WPKA,1,593,0,0,False,0.0,0.0,0.0,0.0,0.0,0.0
AFGRAUIXGHWO224SV5YN3TNEUMJA,1,164,0,0,False,0.0,0.0,0.0,0.0,0.0,0.0
AG3BQZPT2PGT2CV2T74JPBFZQB4A,1,118,0,0,False,0.0,0.0,0.0,0.0,0.0,0.0
AGUKAMZZ3F5B77IFMMPEX2ZVJXVA,1,154,0,0,False,0.0,0.0,0.0,0.0,0.0,0.0
AHPWDADCHSGEY2FHGGRJX3CQIM4Q,1,176,0,0,False,0.0,0.0,0.0,0.0,0.0,0.0
AGMCZMRV6MJ5SCCUIEILXUKJ66WA,1,758,0,0,False,0.0,0.0,0.0,0.0,0.0,0.0
AEQ2P7WFOZXT2WM3WSFJPDWLXQAQ,1,345,0,0,False,0.0,0.0,0.0,0.0,0.0,0.0
AEKY432H6WTR5PJFVOQELAA6TQ4A,1,210,0,0,False,0.0,0.0,0.0,0.0,0.0,0.0
AFJGIE7UPS7Z37UWF4OIBCHXEQLQ,1,187,0,0,False,0.0,0.0,0.0,0.0,0.0,0.0
AGQEOPDLRRHUGN4UAU3TZFQQ6KUQ,1,118,0,0,False,0.0,0.0,0.0,0.0,0.0,0.0
AHV6QCNBJNSGLATP56JAWJ3C4G2A,1,246,0,0,False,0.0,0.0,0.0,0.0,0.0,0.0
AFIQLHOXJGGFHI3ZMEJROMHZMEZQ,1,133,0,0,False,0.0,0.0,0.0,0.0,0.0,0.0
AGM5JAMRPDLOXPSUPSBH3CN6WCMA,1,202,0,0,False,0.0,0.0,0.0,0.0,0.0,0.0
AHSZXCJL6TJGVOVCZ4SFUYWDMMZQ,1,255,0,0,False,0.0,0.0,0.0,0.0,0.0,0.0
AEILG76DNJ24BKXXDGEOZYMTM6FQ,1,110,0,0,False,0.0,0.0,0.0,0.0,0.0,0.0
AGYM4CBFO2EOLYB6DIKWZTY37BEA,1,190,0,0,False,0.0,0.0,0.0,0.0,0.0,0.0
AFBGNN7LG7RWXPFFJT4FQ7ER2RVQ,1,110,0,0,False,0.0,0.0,0.0,0.0,0.0,0.0
AGAZUDCJ2HPHTM36WELPABLEBJRA,1,139,0,0,False,0.0,0.0,0.0,0.0,0.0,0.0
AHL5W2EJFB3L67256O3TWWTPYIQQ,1,264,0,0,False,0.0,0.0,0.0,0.0,0.0,0.0
AEJULOIIS2FOHJKRJK5JLXZDWFOA,1,133,0,0,False,0.0,0.0,0.0,0.0,0.0,0.0
AGXKDBRZJ26PMB5CNUNHSDTCY7NQ,1,119,0,0,False,0.0,0.0,0.0,0.0,0.0,0.0
AHJZPHBEQY7LOHJN56LUBYXGOWSQ,1,209,0,0,False,0.0,0.0,0.0,0.0,0.0,0.0
AGX23Z72LWKSGCDMKI4NR6OVR2WA,1,106,0,0,False,0.0,0.0,0.0,0.0,0.0,0.0
AFEOGCJOFIPCVENKECNXZ4NQHKEQ,1,163,0,0,False,0.0,0.0,0.0,0.0,0.0,0.0
AFAZOFYCJDB4GHEW7TXEEYSP3TXA,1,175,0,0,False,0.0,0.0,0.0,0.0,0.0,0.0
AFFQUYFZ7LGZ22ADJP2Y5WR7UURA,1,325,0,0,False,0.0,0.0,0.0,0.0,0.0,0.0
AECLZPHQ72FZTCG2MWNAZIJXCRZQ,1,163,0,0,False,0.0,0.0,0.0,0.0,0.0,0.0
AEFDIVNWWBP2IEEPXCTIRWCIPWSA,1,113,0,0,False,0.0,0.0,0.0,0.0,0.0,0.0
AGFFCGQTNV2DUYSKVMV3QMI7MJXQ,1,2364,0,0,False,0.0,0.0,0.0,0.0,0.0,0.0
AGI6OVW7OTSY3CX2JSPK2KL2PECQ,1,100,0,0,False,0.0,0.0,0.0,0.0,0.0,0.0
AGKSE7R54LFVQ4E3VXSTOX2H7B2A,1,529,0,0,False,0.0,0.0,0.0,0.0,0.0,0.0
AF6XCN7EPYNIO24FJRNV3KOFI3QA,1,170,0,0,False,0.0,0.0,0.0,0.0,0.0,0.0
AF3OWPUMBCPUFZE3ICY25MOCL2BA,1,701,0,0,False,0.0,0.0,0.0,0.0,0.0,0.0
AG47NFTVEHSXFGQG7QKQHMQ42WJQ,1,136,0,0,False,0.0,0.0,0.0,0.0,0.0,0.0
AHHTQUZDCFOPDNKV3T7MW5P22RCQ,1,111,0,0,False,0.0,0.0,0.0,0.0,0.0,0.0
AHY5EQP2NXLDUS65OPMXMM3TMQNA,1,105,0,0,False,0.0,0.0,0.0,0.0,0.0,0.0
AH2XZBSDLT2QDYEFM5MQQPWDQDAA,1,194,0,0,False,0.0,0.0,0.0,0.0,0.0,0.0
AGSRO7NXV6VMSP7OXAONAB7F57QQ,1,366,0,0,False,0.0,0.0,0.0,0.0,0.0,0.0
AHFBYEZMBRSYTTHLR4IVF4OVME4A,1,139,0,0,False,0.0,0.0,0.0,0.0,0.0,0.0
AGUTZC4GHLTGYHA3KBEDRF6MHB6A,1,879,0,0,False,0.0,0.0,0.0,0.0,0.0,0.0
AFC2ORBDTHTTGKUIJ5GBTDI6ULQQ,1,184,0,0,False,0.0,0.0,0.0,0.0,0.0,0.0
AH4IDFVWP6NCHZFCONC4EKN63YUQ,1,107,0,0,False,0.0,0.0,0.0,0.0,0.0,0.0
AGKLWN6DDVBZBLGPZQMUJ4JPQZGQ,1,152,0,0,False,0.0,0.0,0.0,0.0,0.0,0.0
AEZUHJ6LZS4UZMCMZXUIQW4FFUZQ,1,176,0,0,False,0.0,0.0,0.0,0.0,0.0,0.0
AGZUJTI7A3JFKB4FP5JOH6NVAJIQ_1,1,474,0,0,False,0.0,0.0,0.0,0.0,0.0,0.0
AGIS3QL3LUEQWKF3YKHLLWDD5BJA,1,264,0,0,False,0.0,0.0,0.0,0.0,0.0,0.0
AESEHBT3JQXLRKIR53OCZH3P7WAQ,1,224,0,0,False,0.0,0.0,0.0,0.0,0.0,0.0
AE3VF6Z5FMD3ULQKEN2ZI3HAEKFA,1,128,0,0,False,0.0,0.0,0.0,0.0,0.0,0.0
AFDFTOOEH2YAHC3FCJUXZ6Q3E2HQ,1,187,0,0,False,0.0,0.0,0.0,0.0,0.0,0.0
AF3VJWZYBINWBUJTSNDGIO6OY5SQ,1,186,0,0,False,0.0,0.0,0.0,0.0,0.0,0.0
AEDIMIXF5LZTNHLKWWJ3SDD3KVKA,1,268,0,0,False,0.0,0.0,0.0,0.0,0.0,0.0
AEN5LX5777LX2H7KYOC3ZV7BHW7A,1,278,0,0,False,0.0,0.0,0.0,0.0,0.0,0.0
AGJCZ3TS5CHMAP4DVRV2752DQ3NA,1,934,0,0,False,0.0,0.0,0.0,0.0,0.0,0.0
AGJSTGFAERXHGQEKIBNK5DAA5A7A,1,173,0,0,False,0.0,0.0,0.0,0.0,0.0,0.0
AGE4RTB36XFI6KKPR3G5AZMDDI3A,1,141,0,0,False,0.0,0.0,0.0,0.0,0.0,0.0
AFNUHCITVPCKVVAAYVQH4JNECFWA,1,141,0,0,False,0.0,0.0,0.0,0.0,0.0,0.0
AFNUK4ZREIOXG2KKXC7QXB66YQUA,1,104,0,0,False,0.0,0.0,0.0,0.0,0.0,0.0
AHFUOAHL6VL57NG6C5OMSBVVH5RA,1,110,0,0,False,0.0,0.0,0.0,0.0,0.0,0.0
AFTQN4MTJHHVFM4FEXY5KT76OY4A,1,280,0,0,False,0.0,0.0,0.0,0.0,0.0,0.0
AFWTHSFNTWL7APIKKGQZV2B745HA,1,172,0,0,False,0.0,0.0,0.0,0.0,0.0,0.0
AEUJ4VPOPXO6FRNSQSMH23N6Y6GA,1,193,0,0,False,0.0,0.0,0.0,0.0,0.0,0.0
AHO7CJSLW22GMWPFB35V3L4OFUYQ,1,175,0,0,False,0.0,0.0,0.0,0.0,0.0,0.0
AHJ4YK5CHZQ4QJZUNNKZVOMDKTVA,1,161,0,0,False,0.0,0.0,0.0,0.0,0.0,0.0
AGGQPSSYKEUIDKQK5CJSZHWVU7CQ,1,323,0,0,False,0.0,0.0,0.0,0.0,0.0,0.0
AGEK6YV2JNA3W7VGTJ63QRZ4SPIA,1,193,0,0,False,0.0,0.0,0.0,0.0,0.0,0.0
AHEJIQT7RQLPD6YSWNECMR2ONLAQ,1,227,0,0,False,0.0,0.0,0.0,0.0,0.0,0.0
AHIG7XX4LPDHSXX7MCQYVSJWX4EQ,1,110,0,0,False,0.0,0.0,0.0,0.0,0.0,0.0
AEVVEYZF4MQDPC2BY2HBBNGZRYHA,1,382,0,0,False,0.0,0.0,0.0,0.0,0.0,0.0
AHFCHDSPGTU44DGNSEG35DZI5OPA,1,102,0,0,False,0.0,0.0,0.0,0.0,0.0,0.0
AHPKWXPGOUOKHA4FRTPB7ICIMBAA,1,159,0,0,False,0.0,0.0,0.0,0.0,0.0,0.0
AEZY3WQ5CO4DOXRNJOWWXJYKCAXQ,1,223,0,0,False,0.0,0.0,0.0,0.0,0.0,0.0
AEOOFIVJLXKVNYX6NM5PGAEKONVQ,1,212,0,0,False,0.0,0.0,0.0,0.0,0.0,0.0
AEES3UCRZO7MPY3G3HO5Q5ALSQXQ,1,114,0,0,False,0.0,0.0,0.0,0.0,0.0,0.0
AGGLWPPVEYPUYVDVXWNRACAQIPAA,1,106,0,0,False,0.0,0.0,0.0,0.0,0.0,0.0
AHTLWVDXSMG5YMVMEIWWOU6XBZMA,1,188,0,0,False,0.0,0.0,0.0,0.0,0.0,0.0
AE62PKTOZMZ6V7PSWCG64TXN3HLQ,1,102,0,0,False,0.0,0.0,0.0,0.0,0.0,0.0
AGNXAQLRAWNX6EXBB2D4LITT2WZQ,1,239,0,0,False,0.0,0.0,0.0,0.0,0.0,0.0
AGYNSON76GT77CALAB2ZU5ZUVUSQ,1,172,0,0,False,0.0,0.0,0.0,0.0,0.0,0.0
AFVOZ4UNUZKEQ7GTQ3IHQY7PZ5FA_1,1,759,0,0,False,0.0,0.0,0.0,0.0,0.0,0.0
AFRYDQVWTDEA7724F2O454CVQS6Q,1,125,0,0,False,0.0,0.0,0.0,0.0,0.0,0.0
AG2TPA2OTHKAJ2EDMS4MSWVEYEVA,1,124,0,0,False,0.0,0.0,0.0,0.0,0.0,0.0
AFJUNF4A25PMTEFDQIHCEN2ADIXA,1,103,0,0,False,0.0,0.0,0.0,0.0,0.0,0.0
AFEZSUED252I46XWARER7JQGQHDQ,1,133,0,0,False,0.0,0.0,0.0,0.0,0.0,0.0
AHHHUUZFNOKWOYZBCTWI6BVD4VFQ,1,119,0,0,False,0.0,0.0,0.0,0.0,0.0,0.0
AHN22PZT5J4PWUTUG7K32KIROH6Q,1,169,0,0,False,0.0,0.0,0.0,0.0,0.0,0.0
AFRRE6V4BFGXPS2RFRZNAMSUH2QQ,1,112,0,0,False,0.0,0.0,0.0,0.0,0.0,0.0
AEX4IPQYEQ4WPVENZW4GMACJIZGA,1,276,0,0,False,0.0,0.0,0.0,0.0,0.0,0.0
AGMRMTUJSE5BHHM3NIVFC4LDTLIQ,1,112,0,0,False,0.0,0.0,0.0,0.0,0.0,0.0
AE7GUGPHKJLCXM4O43UVKFZ6UPBA,1,133,0,0,False,0.0,0.0,0.0,0.0,0.0,0.0
AHA2VLVJNU3BGAVHMXWKO7WKCGXA,1,180,0,0,False,0.0,0.0,0.0,0.0,0.0,0.0
AFZXY3NAIABVWUCUSCVX63D3BJLA,1,134,0,0,False,0.0,0.0,0.0,0.0,0.0,0.0
AGTPYYIF2KZYACAGPMFRIBTACMSQ,1,100,0,0,False,0.0,0.0,0.0,0.0,0.0,0.0
AGHWTXXBNKD7LD5VJ5TNEM7VKMGA,1,181,0,0,False,0.0,0.0,0.0,0.0,0.0,0.0
AEALOAGLZ4HTFWFPB2X2NOH5OYNA,1,140,0,0,False,0.0,0.0,0.0,0.0,0.0,0.0
AFIV4IDDEDQJGWIH4QOPVXBM4RUA,1,113,0,0,False,0.0,0.0,0.0,0.0,0.0,0.0
AGEQPZPPIJOYSM3X77DQ3IQ5TD4A,1,105,0,0,False,0.0,0.0,0.0,0.0,0.0,0.0
AHW3QE64EJPTPOOONT2DRK2IZB3Q,1,145,0,0,False,0.0,0.0,0.0,0.0,0.0,0.0
AEQW3WUE2MBP5LKAK4KNN7ER2VIA,1,115,0,0,False,0.0,0.0,0.0,0.0,0.0,0.0
AF6VWYHPUYOKOKNW5ET3RUJ2PMVA,1,143,0,0,False,0.0,0.0,0.0,0.0,0.0,0.0
AHA67Q47N35BIULG2YNU7ZA3YEWQ,1,312,0,0,False,0.0,0.0,0.0,0.0,0.0,0.0
AECG2F34PVCOVKTTSHEAZLI7SHTQ,1,149,0,0,False,0.0,0.0,0.0,0.0,0.0,0.0
AE2ISZUYUETFXQQU3GLBP46OEPTA,1,242,0,0,False,0.0,0.0,0.0,0.0,0.0,0.0
AFBUKVT3KQFLL4X536HS4KKBBJ7Q,1,102,0,0,False,0.0,0.0,0.0,0.0,0.0,0.0
AHQAG7ATRW7YK5TUB2ZVQWWOXAMA,1,351,0,0,False,0.0,0.0,0.0,0.0,0.0,0.0
AFS2FQVHIMUXIABBO5BMHZCDWW6Q,1,107,0,0,False,0.0,0.0,0.0,0.0,0.0,0.0
AHQ2FUKL3LK7EPRG2PBVOTZYYPMQ,1,173,0,0,False,0.0,0.0,0.0,0.0,0.0,0.0
AELBVEAU2AZHSNEXVKM7C2WNQHRQ,1,235,0,0,False,0.0,0.0,0.0,0.0,0.0,0.0
AHZT5X5DWMOS44PEHTQ555CMBFKA,1,124,0,0,False,0.0,0.0,0.0,0.0,0.0,0.0
AFJ6SABJN4EEXL6FRBTZOKPHEUVA,1,370,0,0,False,0.0,0.0,0.0,0.0,0.0,0.0
AE4EVAQ7UC7KKJGWHLBHN4ZAXY2Q,1,131,0,0,False,0.0,0.0,0.0,0.0,0.0,0.0
AHIHFEX4NVBQE2EUGCR2RVX5GAKA,1,131,0,0,False,0.0,0.0,0.0,0.0,0.0,0.0
AFOUH4HQ3WKELXFSOZL2X7VIKZEA,1,548,0,0,False,0.0,0.0,0.0,0.0,0.0,0.0
AEA6LITXZF4QDOYNA7TUICM2JDNQ,1,121,0,0,False,0.0,0.0,0.0,0.0,0.0,0.0
AESCSIUHKLOQ3PVIGHOIHF2F5A3A,1,144,0,0,False,0.0,0.0,0.0,0.0,0.0,0.0
AHFMHVMMF2XKBK5PPNS24SVXP3UQ,1,194,0,0,False,0.0,0.0,0.0,0.0,0.0,0.0
AGI3DNMK5LFRQAF3CS7U2WKVPSCA,1,198,0,0,False,0.0,0.0,0.0,0.0,0.0,0.0
AELHYMCYVS6T35HA3UH5UGFWTK6Q,1,593,0,0,False,0.0,0.0,0.0,0.0,0.0,0.0
AGAFBYWPUTNDVOTUOETV53ZG5Y5A,1,136,0,0,False,0.0,0.0,0.0,0.0,0.0,0.0
AG2LPAOPEDJQZBIZX65L7QVSAHDA,1,100,0,0,False,0.0,0.0,0.0,0.0,0.0,0.0
AG6WNZI5AD2JASG4KJ6XKCEB5YBA,1,168,0,0,False,0.0,0.0,0.0,0.0,0.0,0.0
AGXMWJK3YL4SV5FJ27JEJZPZHRBA,1,114,0,0,False,0.0,0.0,0.0,0.0,0.0,0.0
AEV53RCOPMQNNAYIDOT6K26HPCGQ,1,196,0,0,False,0.0,0.0,0.0,0.0,0.0,0.0
AF32ZDFW7OEPS5CRF23FLNYR4NNA,1,188,0,0,False,0.0,0.0,0.0,0.0,0.0,0.0
AG2ENDOXZQPWVD6GBNEMEF6JTPPA,5,136,4,4,False,7.587068135838044,0.40086074441399017,0.6250593331015022,1.0,1.0,1.0
AGHOTW5ZUB27GJG5FYONY4UA4W7A,5,205,4,4,False,9.27337889425876,0.35951319446690555,0.6408731437856112,1.0,1.0,1.0
AEKMZRFI24IXTBXMZOKENNL3VFBQ,5,114,4,4,False,9.180367549161552,0.34427756673896437,0.6246655767600272,1.0,1.0,1.0
AFGTWWOJY6YDBQTS3MLKBDIU4PRA,5,155,4,4,False,8.051659103135702,0.3110806828843955,0.6077729314691269,1.0,1.0,1.0
AETK6AZH4AJT3UCNWYLAROX767XQ,5,137,4,4,False,7.903902298417919,0.3799980020859858,0.6629585614463882,1.0,1.0,1.0
AGGBDIRIMCGGYSPNMA5RIGICN6RQ,5,162,4,4,False,6.480523414506352,0.3608005474739266,0.6273071272462288,1.0,1.0,1.0
AHDYWEPU7QZTV4THNKEIDLINVXFA,5,1116,4,4,False,8.882251956078179,0.35283720845820493,0.6401928513802314,1.0,1.0,1.0
AFYOUD6JHLIXCTM2NYWNARHGVFMQ,5,144,4,4,False,7.755201898716611,0.34328285667727004,0.6086665292986555,1.0,1.0,1.0
AHNIPRAKWLONQWATDOZ73ZM4PH7Q,5,137,4,4,False,6.560390925384254,0.4044993335889479,0.6568468056153993,1.0,1.0,1.0
AHY2NSYOB26HPV3YODAA2SQE7W6A,5,112,4,4,False,7.555709072661881,0.33502781449944274,0.6235256584554463,1.0,1.0,1.0
AFMUOWZ4DDFQQNW3TT4PW24PWDRQ,5,159,4,4,False,6.650079089243416,0.3422875533528834,0.6646190378727479,1.0,1.0,1.0
AH5EINB35PM6FR4BXP2PIIEYSQIA,5,106,4,4,False,6.545558503124771,0.3668179462142893,0.6266043414705403,1.0,1.0,1.0
AGALPVA3UXLYMVRKZU4EHJ6HY3EQ,5,109,4,4,False,8.057230905419402,0.3647133138384581,0.6402835019737523,1.0,1.0,1.0
AHOB6DWWDUHGACMKP2SXX5GHTXDA,5,242,4,4,False,8.187469348918547,0.45788698319317417,0.7785851486390599,1.0,1.0,1.0
AFCGZ22Q6PGK4CYOXTXDWUB4HTGA,5,144,4,4,False,5.07762180128056,0.32067466612984613,0.6157965789600024,1.0,1.0,1.0
AGRCOIA4R2HQHWCX5ACH442GLJBA,5,244,4,4,False,7.289496971477273,0.4203858077308253,0.717149285236713,1.0,1.0,1.0
AH4TDMQHUBY3D4BX2QO3SRHEIGQA,5,228,4,4,False,6.039267071819751,0.3327805361748751,0.596060033784036,1.0,1.0,1.0
AG7E7S3UCX7TSIX5T2XBQIJSGUBA,5,105,4,4,False,7.320444818508791,0.3101210204909271,0.5920429694252954,1.0,1.0,1.0
AGB4ADBYUVM7I3J2OQK4Z6NXR6FQ,5,115,4,4,False,8.401898923384724,0.37075580629607857,0.6412523219888544,1.0,1.0,1.0
AHNX272ZGYILPMX4YYPWIWJSOATQ,5,104,4,4,False,7.801079831149298,0.3505578717279053,0.6105967506649009,1.0,1.0,1.0
AEH7RAIDBU7QALXTMWAA73PTL4JA,5,3308,4,4,False,8.07112104657112,0.3743850284390994,0.6920552648056328,1.0,1.0,1.0
AF6VJYLVYJCQIXUEIBSVKZGRUGVA,5,130,4,4,False,8.402767439158522,0.31352797795995857,0.5794874298303154,1.0,1.0,1.0
AF6EOOWDGXOGQSENWNYO4AQ77CUQ,5,446,4,4,False,6.757125108167433,0.34485452966334385,0.6073226753901834,1.0,1.0,1.0
AECLZPHQ72FZTCG2MWNAZIJXCRZQ,5,163,4,4,False,6.1434672331467395,0.33698383611381827,0.6108707380200685,1.0,1.0,1.0
AEQ3ACV6ULD4IUUBEBYAQHMGYBNA,5,100,4,4,False,7.011065479138338,0.31753901261476297,0.595136240504725,1.0,1.0,1.0
AH7E66O45SE5D4T5WCFQVFTLRGQQ,5,453,4,4,False,8.37045826177794,0.40452985861528046,0.7045980127812779,1.0,1.0,1.0
AENT7I5WTKU4GVGUL5A3XHHQ2UXA,5,156,4,4,False,6.842274932876719,0.32969525533150057,0.6236113147119159,1.0,1.0,1.0
AEJKZRNBES64Q4UGI2WK6DEPL6OA,5,269,4,4,False,7.104454637610385,0.31467129487446205,0.5884972422122268,1.0,1.0,1.0
AFSE656FI32TV5FE62DMMKINP2EA,5,128,4,4,False,6.2532008613592795,0.3774374615106605,0.6856469342594218,1.0,1.0,1.0
AEW7T5OK55DUZ4EJKRRXZYNKRT4Q,5,214,4,4,False,6.069513285984404,0.31867639730744973,0.6262691717952241,1.0,1.0,1.0
AEBEMOA4RWLGGTJNMNXBX5DT4CPQ,5,223,4,4,False,7.528340641172154,0.5513221090420657,0.7377073445267063,1.0,1.0,1.0
AFZTOZOOXODGGU6335BPSF6KABKA,5,172,4,4,False,7.419739296122983,0.5004775565675598,0.6808519772449311,1.0,1.0,1.0
AETN34MM52LZXBRETNU6O6KVTKTQ,5,180,4,4,False,5.430978398471045,0.39858819411701507,0.6284303527244336,1.0,1.0,1.0
AHRGDPUQS3UBFH4H2OZD3NWA3RGA,5,155,4,4,False,8.074275295738328,0.37727963860746694,0.6406020002329326,1.0,1.0,1.0
AGRAAXPNN63JLC3WPK44ORM3QRJQ,5,104,4,4,False,9.301236949931567,0.4317016407124364,0.718771099025375,1.0,1.0,1.0
AHKF4WFT35DXX3TL7JT776DJNUJA,5,137,4,4,False,8.46774967361626,0.38549884158617354,0.6371497525309227,1.0,1.0,1.0
AG4Q6YXM5RL7XTQGDEETLNSXBBIA,5,187,4,4,False,9.144541769589921,0.48845002439120777,0.728598634059047,1.0,1.0,1.0
AHSASLZZLTR7E23XSOA4HW5QX7EA,5,240,4,4,False,6.961267243973934,0.36935397593006447,0.6296845335288509,1.0,1.0,1.0
AEFABG7LRFZVH33RQKZ7YNXECC6A,5,111,4,4,False,6.484420976308785,0.30826770819643234,0.6040029232437613,1.0,1.0,1.0
AF3ERH3TU72TZ3MY334WSSPPPZEQ,5,272,4,4,False,7.222253840507386,0.402476470190769,0.6732607165586628,1.0,1.0,1.0
AERXVEPEZCQKJBVO6ALDYGWDSQYA,5,131,4,4,False,9.182317259088038,0.49134586390761087,0.7199763151057018,1.0,1.0,1.0
AH2IVA4E3XWUVEN2VFNZ3PNHB6FA,5,119,4,4,False,7.85665601221859,0.3181806375996419,0.6304036033122666,1.0,1.0,1.0
AGU2OU5SZRWSPMRR3WXEBTA74VCQ,5,126,4,4,False,6.980790727657635,0.3771783218525605,0.6367693141682029,1.0,1.0,1.0
AFBWBIAQAHVF5O6BY5J7AVLBPXTQ,5,110,4,4,False,7.112301202431498,0.2982596013803568,0.5780238898742244,1.0,1.0,1.0
AFFTWOUQ6ME5QP2NFPUE6ETZFSEA,5,141,4,4,False,6.612779510522542,0.3656258599898558,0.6549405822623711,1.0,1.0,1.0
AFRY3KL45NKPPE4WDGWARUKBI54Q,5,144,4,4,False,7.684629799801117,0.3672483529850209,0.6445799119970952,1.0,1.0,1.0
AHYCX7ABSJ7I6FQ24IAUWOGHIJVA,5,120,4,4,False,9.399943817898254,0.4256211164722716,0.7259186846385213,1.0,1.0,1.0
AF2IEFCJNLT3777QQ6UVOLS5SSVA,5,110,4,4,False,6.970506242988958,0.3421687132644229,0.6235394195001066,1.0,1.0,1.0
AGGYFVQ524L62PL5GEEHV3NGKT2Q,5,119,4,4,False,6.738771139393187,0.3914744523199874,0.6418263867473698,1.0,1.0,1.0
AFEJ2BL4NFODGY5LNUZO7J65NNMA,5,154,4,4,False,7.02438126665547,0.33429493346436523,0.6042708899951996,1.0,1.0,1.0
AELN4RMGNHECSTVJXJ6ZMN74AAIA,5,103,4,4,False,7.873629280313196,0.42813562184948406,0.6795326004510506,1.0,1.0,1.0
AG3PL3ZKFEYAFARQCM53WAMZWKEQ,5,128,4,4,False,7.481347266019809,0.3908558443769698,0.6755160695206359,1.0,1.0,1.0
AHE2JHVJEQAFTJVE5RWEYBYJQUBQ,5,107,4,4,False,7.355793517561564,0.4464331540676627,0.6764254662290545,1.0,1.0,1.0
AETXGCF36FY7PP3RNVGTGZVWXO7Q,5,439,4,4,False,8.52927306600943,0.5271630364822748,0.769039484528991,1.0,1.0,1.0
AETWQ4GYGV4QRMTMWGBIDVASBKHA,5,150,4,4,False,6.094541456404313,0.3364441627158587,0.6167112599378696,1.0,1.0,1.0
AGYWYDIAJ5Q2I76YTIGUYYKYEL3Q,5,412,4,4,False,7.4854560027186166,0.37454579925558923,0.6295281946671696,1.0,1.0,1.0
AGO2N635I4RNMKT5SM7XONDVKVDA,5,103,4,4,False,9.060972972736113,0.31336347791089436,0.5699163148886894,1.0,1.0,1.0
AGRX7ZI7LBRKIZEEVAJFE56T2UMA,5,199,4,4,False,6.839961949765304,0.4132957550727667,0.7001733022518253,1.0,1.0,1.0
AEXHQUNUGGXB4VZG3HB6GFU2FCDA,5,100,4,4,False,7.437053475800065,0.396201750730013,0.6606634907762005,1.0,1.0,1.0
AEH2JMQUALDX63YY5EG6XQSX55DA,5,109,4,4,False,7.897297876904928,0.4028896237504332,0.6507304780127876,1.0,1.0,1.0
AEXCRWZRJLGRZPCVD3YGA5QMMVKQ,5,156,4,4,False,8.88030490498174,0.45426160832628304,0.7322128724923751,1.0,1.0,1.0
AHJZPHBEQY7LOHJN56LUBYXGOWSQ,5,209,4,4,False,6.9289635516208765,0.424121341870058,0.6478855882080786,1.0,1.0,1.0
AFRPIQB4EY3I33OXHAWYPDLRKHQQ,5,156,4,4,False,7.42845156676906,0.3300352433004407,0.6174967833334519,1.0,1.0,1.0
AE3LJU64A7LIZRAIDLWLY7WIXKPQ,5,134,4,4,False,7.864521033471767,0.3780604589603902,0.6528014655798191,1.0,1.0,1.0
AGF6DMCC5PQTQ7FREAKLYL6T63UQ,5,186,4,4,False,8.117309908348558,0.48306979580772474,0.7025796068769533,1.0,1.0,1.0
AEBA3PHX2IZXTOVI6XDGA3Y5UR7Q,5,107,4,4,False,6.013310307628085,0.33984869225400544,0.5861053920870519,1.0,1.0,1.0
AEGJYULS445BFXWDYZURS3DII7KQ,5,184,4,4,False,6.506011285066038,0.3503988645811809,0.6101315676575724,1.0,1.0,1.0
AFEC6YQLSK7BNTVCOWWE255V4Q7A,5,175,4,4,False,6.133103950912041,0.36029659073460624,0.6402584035724919,1.0,1.0,1.0
AGSVNZDZNPCMXG5DEFXMZNRH2LCQ,5,967,4,4,False,8.417528131411961,0.41387137758826953,0.6807548081176238,1.0,1.0,1.0
AGLNOSRFRMEFOJA5DIGMB2PTCOUQ,5,161,4,4,False,6.40778026137789,0.3479631176110515,0.6337256211928007,1.0,1.0,1.0
AFCDUQVB7LESEXGR3YKKUJKIYVRA,5,139,4,4,False,6.623563669705548,0.4107827311483448,0.6502965336308906,1.0,1.0,1.0
AGE75E7SSHUQMNWXOCMOELFIFO3Q,5,101,4,4,False,9.076885053951036,0.3311488837726676,0.6177895610567672,1.0,1.0,1.0
AEFLXPJNI6KE4H7FSER3QVORYN3Q,5,118,4,4,False,7.02045151907556,0.3234038027013801,0.6271049535472683,1.0,1.0,1.0
AGENXWWALUHJKAUVANBE4SANON4Q,5,270,4,4,False,5.977597019070701,0.31453931445777217,0.5910247779543625,1.0,1.0,1.0
AFDCBHG3LHGMXH5JJB66U6RAOWGQ,5,113,4,4,False,6.822872740365211,0.3730095547373291,0.6585798368154608,1.0,1.0,1.0
AE3KLVXGZPANXE5XLXYKHTVAZ3FQ,5,220,4,4,False,7.651604473378276,0.32817853709093303,0.5754284304824743,1.0,1.0,1.0
AE6ZY3SJW5ATJ6TR3R6HZQKB3FWA,5,102,4,4,False,5.738062651912167,0.3346073475332245,0.6165939248122898,1.0,1.0,1.0
AG7ZV6UHNP2KF3CKTJ73KKZ2O3QQ,5,113,4,4,False,7.899409363212049,0.4829773087275711,0.7189550362738161,1.0,1.0,1.0
AEAD7ZP6VV4IJL2Z2HVIRVEBHZJA,5,136,4,4,False,9.373156514217834,0.5690159523317634,0.7549529708284014,1.0,1.0,1.0
AGJOIAF7JKTG64GKFWQRBD7YTYNQ,5,121,4,4,False,7.456140382469256,0.41119844233053837,0.6840585512038956,1.0,1.0,1.0
AE6G64ZJUAFLSNHPZSGGEEKYTFGQ,5,119,4,4,False,7.4226067661215405,0.32408877179101936,0.5811693620353058,1.0,1.0,1.0
AH46BCKSKE4RXYEI5Y6XQUCBCKHQ,5,187,4,4,False,7.920109588183426,0.3572217305742314,0.6605179825094373,1.0,1.0,1.0
AFNIEDCE6BLCHCFULJTN66EWSLMA,5,131,4,4,False,8.117893976803709,0.3243120207609544,0.591826645741867,1.0,1.0,1.0
AGRVLJUZPVWLC3AIHHTL4TLDL7IA,5,133,4,4,False,8.224248035019093,0.39233326996238616,0.6481273156935493,1.0,1.0,1.0
AEAUD2E4XHJI6XJDY4TNECNQ4EEA,5,173,4,4,False,6.114601940354357,0.3723939929181799,0.6729367840960218,1.0,1.0,1.0
AFLBMDZDIPCHMWWA7CXQXITPBJKA,5,209,4,4,False,7.891032010740681,0.3787614732027623,0.6416997728497207,1.0,1.0,1.0
AGP532D36STZSQSQL6H4JERCVGHQ,5,117,4,4,False,5.924365793064058,0.3865430622249726,0.6498487658905958,1.0,1.0,1.0
AHRQVI734AF32IXI37RUF7P56KMQ,5,239,4,4,False,7.642972816849483,0.3904748227212575,0.6624106181434333,1.0,1.0,1.0
AGUSITPDSZNUNRZWBJZNIX3CK77Q,5,123,4,4,False,7.819250580341201,0.33891729289449113,0.6072163711361543,1.0,1.0,1.0
AFC7BRIIFXRLEECQLEDHJT2A55VA,5,137,4,4,False,6.372073021366783,0.3048296891113396,0.556161965183527,1.0,1.0,1.0
AFVIKCEGFX2QTEQGLLM7KAGE5WRA,5,111,4,4,False,6.585358688089201,0.342010639201829,0.60054922174182,1.0,1.0,1.0
AFDNVPMB44ZS5O2CSJTL47BI2QTQ,5,584,4,4,False,7.0892640134983695,0.35293303548513344,0.6620331000508104,1.0,1.0,1.0
AGIRT2W576QSBRPEDGFNUAWVS7DA,5,140,4,4,False,4.999437822983272,0.33237205513132617,0.5790459095944388,1.0,1.0,1.0
AE3GOLU5565IGELCLCMXSDAJBHYA,5,106,4,4,False,7.600163649986196,0.4222404057497913,0.6971281437693937,1.0,1.0,1.0
AG5NBJFEFL5UEL6NKYN7LABOLQAQ,5,176,4,4,False,6.703930824345349,0.3589671605240231,0.6294599530260367,1.0,1.0,1.0
AE5ZXSOGDJVHJQZZIPWCGIOAWTUQ,5,127,4,4,False,8.365983126758998,0.36759282393495935,0.6664902680816281,1.0,1.0,1.0
AHCALY2KFPY6J65IJAZJQHIDAEGA,5,254,4,4,False,6.64589859190574,0.3356228578563427,0.594995387258383,1.0,1.0,1.0
AGD63JV4YYGI34EXAFJHEHKTQYQA,5,118,4,4,False,7.639200175519136,0.4846958415419569,0.7141767889752932,1.0,1.0,1.0
AFFETTREBYRVZ25DYQKUHBF2X2LA,5,150,4,4,False,7.283346027448092,0.34356949064471426,0.6568020369085493,1.0,1.0,1.0
AHM6CJDGT743FIJBQKAHW6KZVS3A,5,113,4,4,False,6.568781699475717,0.3838869485352942,0.6708142809859298,1.0,1.0,1.0
AFPWTVLO64OEI2HXO3IOS7AEKV3A,5,128,4,4,False,9.555956746345997,0.4083913655547208,0.6800337088728007,1.0,1.0,1.0
AHKMODQX6CK23H2UIZ43KP5QZR6A,5,136,4,4,False,6.574875318629961,0.36510967445548526,0.6357724115188531,1.0,1.0,1.0
AEK6S3VTX6ILWLZYNGHE2KH3AQUA,5,143,4,4,False,7.791559462932478,0.454404183116861,0.694268361713083,1.0,1.0,1.0
AHPPNXBRVHYJ4U5ULMVS62PKMWWA,5,106,4,4,False,5.23922860459332,0.3770537963075395,0.6303207556997703,1.0,1.0,1.0
AGSPIUWZ6JJ6N2HKLHGV7VBSN6HA_1,5,349,4,4,False,5.495310805902235,0.39320886527950344,0.7122001757948633,1.0,1.0,1.0
AFF5UAKSAMEZ3S7LK4FFPORA7FHA,5,113,4,4,False,8.138979321734844,0.3639724417561942,0.6021089905257538,1.0,1.0,1.0
AHBFB55VJ2743CUAPFVX4LHWYZFQ,5,130,4,4,False,8.015725079205005,0.3788434466120051,0.6780821169630147,1.0,1.0,1.0
AFMOMWWWDGAQLHVFQBCQVJPG46CQ,5,126,4,4,False,6.557879275838344,0.3682001763396408,0.6605827148051427,1.0,1.0,1.0
AGT2KDRLM26MXIDQTURAONUUC3YQ,5,100,4,4,False,8.78213886637201,0.4128798879456202,0.6692073373229197,1.0,1.0,1.0
AFUMSQC45PQBCIMVH52XX4YMAO7A,5,104,4,4,False,7.60390571105592,0.4289271666367123,0.6723804713924963,1.0,1.0,1.0
AEB2MNEEUALSUMA7CAEQJSFGTJDA,5,115,4,4,False,7.311326878005142,0.3197099325181842,0.5852729453672633,1.0,1.0,1.0
AGSTQ3JDGW2TZB5XKBF7PD2DJOKQ,5,232,4,4,False,5.886768393987236,0.322063588517166,0.6243733008470763,1.0,1.0,1.0
AHIWNCZZSLPVVHPPLCTJPLWTG7KQ,5,104,4,4,False,8.47087199684186,0.37295048018128674,0.6869148931282621,1.0,1.0,1.0
AHHBTX27ESJYBLDTOWDXT6ROLLIQ,5,108,4,4,False,7.933690167660192,0.37645597892600485,0.6998414605811204,1.0,1.0,1.0
AEIOYAYGE2AU7LWLFRYRX4XPOWIQ,5,209,4,4,False,6.2325837397269925,0.3518577905136712,0.6492226223111635,1.0,1.0,1.0
AHH34KMAZWX4Z6F6A2K5RSPGNIXA,5,117,4,4,False,7.696518073017228,0.43175211696997695,0.7885380489406033,1.0,1.0,1.0
AHDLM7R2LUNV4NASNZDDK3WZ4FEQ,5,133,4,4,False,6.097406601674056,0.3703024628101429,0.6346640419786772,1.0,1.0,1.0
AERYYQ2LT6B427JFUK626KQY3ESA,5,119,4,4,False,5.12217227769641,0.3623846525193593,0.611003437049746,1.0,1.0,1.0
AHM3J77TM53S5IMGFXFHC53BJ7QQ,5,144,4,4,False,8.63210170282467,0.384088555710869,0.6457285564003731,1.0,1.0,1.0
AHNN7FW7ZAZASAEMMS6RJ4NAGVFA,5,102,4,4,False,9.24636303715305,0.37829747528685914,0.6547081111817868,1.0,1.0,1.0
AEQB5R3OMKU6PARIWL7QTGAO56EQ,5,123,4,4,False,7.87906614328127,0.3851096978300323,0.6505257244414808,1.0,1.0,1.0
AHPWDADCHSGEY2FHGGRJX3CQIM4Q,5,176,4,4,False,8.033267972992524,0.35072496916254037,0.6123458511049502,1.0,1.0,1.0
AH2SMIKK7I7T5U4AVBUQBIWP5V3Q,5,571,4,4,False,6.862119897726182,0.3785264428518455,0.6605681253835863,1.0,1.0,1.0
AE3665VDHEZ2735T5HT7QFJI5SMA,5,137,4,4,False,8.111809280686495,0.39928064202810426,0.6914644308470115,1.0,1.0,1.0
AGTO42RTO6VEMPRGFQVJR2C5FO2A,5,131,4,4,False,9.130305279278897,0.4672784444665252,0.6834491857178876,1.0,1.0,1.0
AFMIIYKWWCQGBNEDPNYX5OCYE3KQ,5,105,4,4,False,7.41065939187187,0.3622550964534218,0.6093639152850788,1.0,1.0,1.0
AERFSIGUZKWIES3W3FRBVUNX4RUA,5,306,4,4,False,8.581335659034476,0.3780252653645618,0.6498358387698596,1.0,1.0,1.0
AFFOH5RTT3P6QL2UIS4KHVPO3GWQ,5,120,4,4,False,9.399081152737542,0.4128164790455426,0.7189078896252276,1.0,1.0,1.0
AGE3JQYTMBQARXIVWFQG62YSHOSQ,5,105,4,4,False,6.755610342580028,0.47738777302065105,0.7353725732924257,1.0,1.0,1.0
AEJFH5EM7LQZT6FU6WVH5WAA75TA,5,113,4,4,False,7.286916585886793,0.37184281043187695,0.6099815364241891,1.0,1.0,1.0
AH736FR3FOS2Y64G5QQQ6JPPKAUA,5,177,4,4,False,9.337447471115755,0.30961621191706684,0.6059125792299511,1.0,1.0,1.0
AEF6XHHY4L4AP7SECFHSOBQMAMTQ,5,117,4,4,False,6.632965997138124,0.3536675073889915,0.6185719876747147,1.0,1.0,1.0
AGJEUSPFRORQIAF4UIT7R4GHVDLQ,5,122,4,4,False,6.95765622970326,0.35283513273125783,0.6347188904468644,1.0,1.0,1.0
AHV7LKZELPOHGBWXQ6GLKLYHHPDA,5,170,4,4,False,9.110757757869727,0.3779868256948243,0.6366114494868863,1.0,1.0,1.0
AFW7E3SFBPFDQ6HDNEINTNMOBG5Q,5,135,4,4,False,6.7901677009669985,0.37302894342439685,0.6371103719879211,1.0,1.0,1.0
AGNXAQLRAWNX6EXBB2D4LITT2WZQ,5,239,4,4,False,8.144091285264704,0.32197195564429354,0.5928383574124909,1.0,1.0,1.0
AH4OMBYMTGMZIWISGMIFF7B4BXYA,5,124,4,4,False,8.358795640032342,0.43343340292694604,0.685588952706571,1.0,1.0,1.0
AEPPEVO52IBP32OZJXPDIPPQ5TZA,5,104,4,4,False,8.541490989872674,0.3286354429282706,0.645648994625618,1.0,1.0,1.0
AFD4FZHNXGOHCVTAPB7HOJSCP2EQ,5,159,4,4,False,7.766529898415202,0.3404006019355374,0.6169045039963563,1.0,1.0,1.0
AFYAQ5GI65F2GJEXKBTBV4JB7CEA,5,125,4,4,False,7.688628541899718,0.3485554767412439,0.64777777172015,1.0,1.0,1.0
AGZ3HGFWWX3757NYOQL22RFG7J7Q,5,111,4,4,False,6.713332952942105,0.32564190272441007,0.6328254314076367,1.0,1.0,1.0
AHQN4PR4VZLKHV6Q4JL3B3QLKJOA,5,222,4,4,False,6.077219755369418,0.38311825679514855,0.6954003027290488,1.0,1.0,1.0
AFCFX34G3LQLDXEEBCPWSX5RRYYA,5,111,4,4,False,7.562359866562599,0.4358939538978406,0.7087394601973663,1.0,1.0,1.0
AH6TANNCBRUNECUZORQGW2GZLQ4Q,5,329,4,4,False,6.6583541052381685,0.3474426284540908,0.6019683952206614,1.0,1.0,1.0
AH6OYHXQ36UUE5V47JCRS4QMF4YQ,5,136,4,4,False,6.8570144680683045,0.35946978146252334,0.6212160870328056,1.0,1.0,1.0
AF5FVSH64VFIXMJXQUVRYMZSFHAQ,5,101,4,4,False,7.271077039307183,0.43052574357931683,0.7326702251624412,1.0,1.0,1.0
AEBWQ2GVFZS7DBIN4Y7TR5IYJ25Q,5,108,4,4,False,8.992583454772802,0.343236660403453,0.6172961701849202,1.0,1.0,1.0
AEBJEFYQMDZGCOGQMVO5OUL7C6TQ,5,255,4,4,False,8.937481380527213,0.551647606541924,0.740268839428888,1.0,1.0,1.0
AE7ZWVM3BUBG5OFF37ALYQHHVHVQ,5,197,4,4,False,8.046147968095324,0.4585021042810517,0.8166023022943742,1.0,1.0,1.0
AHVRRL55VO5RWGTQCYTFWPABYK3Q,5,117,4,4,False,6.919695461388939,0.400352719718785,0.6492652226458011,1.0,1.0,1.0
AHECWYK63MH2VFO4EAJATI37O2XQ,5,116,4,4,False,7.584420842223481,0.32908146173886693,0.5893016289626124,1.0,1.0,1.0
AFGMVOVC3JVTQIKZCWMU7GLGODOQ,5,100,4,4,False,7.6392613675624,0.35934922562765614,0.6272200995139535,1.0,1.0,1.0
AHFCHDSPGTU44DGNSEG35DZI5OPA,5,102,4,4,False,9.739729113325879,0.46684214173704563,0.7392881978813579,1.0,1.0,1.0
AEKR5LXGQQGEXVFZYE6B3FVEIJJA,5,109,4,4,False,7.114249041389282,0.37997401969150396,0.6442208051064241,1.0,1.0,1.0
AETTCQ34XRYAYKLWZZJZVRQM5MSQ,5,119,4,4,False,7.0779802267779175,0.3795288188686301,0.644217085730736,1.0,1.0,1.0
AFSNEH45IGUF23MBKFH4TY4S6D6A,5,141,4,4,False,7.39752567732673,0.3525991375432234,0.6223109864263034,1.0,1.0,1.0
AF7DLIT6G4ZXHUYRJ6PMU54YOZIQ,5,176,4,4,False,8.26515054040029,0.352127388945769,0.606046665597692,1.0,1.0,1.0
AHPYUJKVXMGAHDVKLVYCQ7IKAGTQ,5,131,4,4,False,7.8357118511166926,0.37900234699833696,0.6613980899496967,1.0,1.0,1.0
AE4DGEQFZNLTIUBHZLR4UGIBPCKQ,5,125,4,4,False,7.457780717009451,0.34936239461682156,0.6234302010343473,1.0,1.0,1.0
AGNF2DGDI5VR32QJTJPKHE7LS26A,5,167,4,4,False,6.404591690320065,0.3351208718931115,0.6087073132221469,1.0,1.0,1.0
AE4RIJOVOVA2YZLFX775C4UZQNAQ,5,136,4,4,False,8.578647121039195,0.4542789285636671,0.686721189147881,1.0,1.0,1.0
AFSCJNRG4BAGAB37REW4XCDPE6XA,5,114,4,4,False,6.627800264519641,0.39503360023711015,0.650259329905628,1.0,1.0,1.0
AHBWJLR2FWXYGPSSCWWU7DRXBSIA,5,181,4,4,False,6.659904093609062,0.3683913831899564,0.6252758303116772,1.0,1.0,1.0
AG2APLJTY4VQ2QPC4XSEZLXCXZKA,5,106,4,4,False,7.156906277372646,0.34422921682188157,0.6079053793732995,1.0,1.0,1.0
AHPYMAQYN5EIXUMUTE5BLQAV5N7A,5,116,4,4,False,7.332832722326426,0.37340580370570264,0.6384669774465651,1.0,1.0,1.0
AG4BOVVYVCOM6NORNOYUNJGNESGQ,5,157,4,4,False,6.850516042178077,0.40456525900119983,0.6994005555544073,1.0,1.0,1.0
AGV4DZSNB45EYJUBILFMDI7O6DZA,5,148,4,4,False,6.890947511107557,0.4051634607580157,0.6874023408935689,1.0,1.0,1.0
AE56JGTBHHTTS4UX4GU6ONQJ7NNA,5,140,4,4,False,6.212238231457904,0.4053771412225549,0.6930530135712663,1.0,1.0,1.0
AGHL4KJXMKZQKJUU5YIBPEM33YUQ,5,922,4,4,False,6.874107232113126,0.3384910475543693,0.6348175672348326,1.0,1.0,1.0
AGX7PWZWK7GLPJPHIKNI4AQSSW3Q,5,168,4,4,False,6.388633743405912,0.3879718736443406,0.6408197513203914,1.0,1.0,1.0
AFFAHDCNLJ7E3HVOXDMB4HUMM7HA,5,332,4,4,False,8.477917419821894,0.40470204829571804,0.6789810018693119,1.0,1.0,1.0
AFUL667IIU5H4NIVQXA55KA43DNQ,5,228,4,4,False,7.915254450344377,0.3434827467856165,0.6576907033347443,1.0,1.0,1.0
AER6II7VS3FHCWLZZTNXHXBZCMEA,5,145,4,4,False,5.869095803322491,0.317770161887248,0.6050740558228694,1.0,1.0,1.0
AHSCNOTMQI2WQ4YUTXSOBJ3OFG7Q,5,348,4,4,False,6.244997998398398,0.34090909090909083,0.6119924691467485,1.0,1.0,1.0
AH3RUNX6MACJRKEU5XAM4MEKQ4JA,5,135,4,4,False,7.907621743830636,0.37668964845483777,0.640616699943896,1.0,1.0,1.0
AEDCAPZDU5DXR433NEDAE7DZHY4Q,5,103,4,4,False,6.9150203448256296,0.3293216692104156,0.6195505079678368,1.0,1.0,1.0
AGP6TIDX4WVW25J4J3BVUFTW36LQ,5,102,4,4,False,6.169126555570656,0.34598293144224596,0.6379075699342521,1.0,1.0,1.0
AFC3Z3QQ3D36SYHAL3MKGJMP4ZBQ,5,142,4,4,False,6.517625016774501,0.43524012150906566,0.6666403232751457,1.0,1.0,1.0
AEIJL24A6RZD6PE4LFOYLHMB5BOA,5,106,4,4,False,6.338690273911789,0.3034667249893045,0.5860772363133405,1.0,1.0,1.0
AFTFDX6Q66PKOISC36VFGNRLSYUA,5,317,4,4,False,7.068269266788179,0.2966771403077333,0.5768867040229877,1.0,1.0,1.0
AHSMSNNZ3CE5QC57OPYLD6QRQERQ,5,107,4,4,False,5.97114421589698,0.39616181385599947,0.6392884059880362,1.0,1.0,1.0
AHKACFCW4KYP6BJ62Q6HMKFDYHBQ,5,102,4,4,False,7.980398966193934,0.3546033834055079,0.6369998532614951,1.0,1.0,1.0
AGGPYEPHVLFMAZK5MQMZQUX6FWGA,5,103,4,4,False,6.9899480596620185,0.345052075400938,0.6341815133408344,1.0,1.0,1.0
AGLOSDW6BQHIKTVEKCI23IAZCY7A,5,391,4,4,False,9.298005872897518,0.337706692236081,0.5959299573472244,1.0,1.0,1.0
AFP2WXHZKBB7XPY4N3AJUTNU5VMA,5,101,4,4,False,8.474292950736203,0.39808004997171453,0.6567861801229496,1.0,1.0,1.0
AE6VILPJGYTNMUZJCTFQPDPOPIGQ,5,166,4,4,False,6.6861304300872675,0.3438795394472227,0.6222402835674253,1.0,1.0,1.0
AFWXUORRY42X76ZC4KAEA35KDHEQ,5,121,4,4,False,6.315557274338665,0.34865615109660864,0.6694071644367319,1.0,1.0,1.0
AFPRW7AHA7P7METQRELKLUIL3O6A,5,170,4,4,False,5.952560034916816,0.33681531339628207,0.5921142336561478,1.0,1.0,1.0
AHIVOEPP5OY7GCRETCWT5EQF7GRQ,5,114,4,4,False,7.163287987044353,0.299723684493773,0.5796086710729556,1.0,1.0,1.0
AGJTKP2RZ6PKYQYHQD5RWTFCAN6A,5,152,4,4,False,6.829498047968804,0.36900350939248183,0.6466618697592957,1.0,1.0,1.0
AHV3RB5O4GME6B7NTVO4YBPSNZ3Q,5,192,4,4,False,8.580661045880415,0.37412471536732506,0.6530403318476355,1.0,1.0,1.0
AHRL4LYXD7XNEBSXATXTYL3VQO3Q,5,392,4,4,False,7.012838654166222,0.3533039223374133,0.6412192436378708,1.0,1.0,1.0
AGH6XOPLYMOYQG3SUZB72TDMRGZQ,5,152,4,4,False,6.250554241834523,0.3223550192253758,0.5854826827872236,1.0,1.0,1.0
AE756PEH3Q7CWIDVLOGLUM6KIEPA,5,118,4,4,False,7.546188127426511,0.40102081165149867,0.6886863612855146,1.0,1.0,1.0
AHSVSD5BR67JQAYQKHTKVINJBQMQ,5,139,4,4,False,8.44682140950782,0.3647688748676876,0.7003771892989762,1.0,1.0,1.0
AETNNBJAVBJBCISV56OOOWLPJMIA,5,257,4,4,False,7.883937183748984,0.36221716501923007,0.6788818536782862,1.0,1.0,1.0
AEBFU6CCF4JOJKGQSSZWLZWMFEEQ,5,182,4,4,False,8.334033380983287,0.4047558997397654,0.6665999536965328,1.0,1.0,1.0
AGUZIRNJXRWDW42Y6CFVVYV3XLDA,5,154,4,4,False,7.960278041569154,0.32934525207426224,0.6228906051017133,1.0,1.0,1.0
AGBIP7TJWZYYCSCBNLFJMOPGOUGA,5,211,4,4,False,8.646155938066101,0.37378006252677853,0.6950890510597163,1.0,1.0,1.0
AEK6SR63YICRLQH7KO6MHRF73RMQ,5,128,4,4,False,7.585404290751099,0.3726577607133754,0.6323299028603597,1.0,1.0,1.0
AGN2JLIYFC6OP4HCXZGYIACLV4JA,5,122,4,4,False,8.268966208844086,0.38586795803050417,0.6571862338772901,1.0,1.0,1.0
AFKBVRDWS2ZPNM6EAEA2GRYRXFPA,5,468,4,4,False,6.761262354917997,0.3571458486877442,0.6195502798805381,1.0,1.0,1.0
AE5IOP6QCVK6HFXARBV7LRNR7ELA,5,103,4,4,False,7.45786570089205,0.3424862118998897,0.6321513953272282,1.0,1.0,1.0
AFAULPBMUOOX3XXRPXYWEN5MFTLA,5,125,4,4,False,9.455376821176792,0.3820690206429371,0.6660361680577479,1.0,1.0,1.0
AGOHBDT4ITFA6OJ6FYEPZ7MV5YUA,5,121,4,4,False,9.895981656373161,0.40400351874287993,0.6682205054971855,1.0,1.0,1.0
AFYF3RMBXF63VL5WHFNQCOFOWTHQ,5,503,4,4,False,7.2937090852859345,0.33001359938450725,0.6128509719673505,1.0,1.0,1.0
AGAU5BH2622ISFNPF6E3FZGZ2G4Q,5,106,4,4,False,9.462296609818319,0.4371828961532191,0.6806810519010899,1.0,1.0,1.0
AHOHXQZCEU3KDM3TPKZRNCJ3ITVA_2_2,5,790,4,4,False,7.4794001602174855,0.3973112695785607,0.670826093005277,1.0,1.0,1.0
AGBCUH6OF5SMVV6ED5G66Q4QWI4Q,5,111,4,4,False,10.251761917684357,0.3416730247622993,0.606882226341268,1.0,1.0,1.0
AEEX2WRVPIRNRDB44DF22VTO2DUA,5,174,4,4,False,10.142402668670277,0.40120254248615433,0.6625421838110621,1.0,1.0,1.0
AFVRIBVLKBXRJIQ7RM23F7ECXHQA,5,129,4,4,False,7.6594900662013625,0.41667463120907205,0.6793735145945771,1.0,1.0,1.0
AGAFAPQHCHOS6ZLKAVAPECFA255Q,5,107,4,4,False,7.315777959687113,0.41424618541365116,0.6671079782261865,1.0,1.0,1.0
AE6Z6YWXXT2RBZNC2E2OT66IOWUA,5,144,4,4,False,8.437708444345176,0.3429427928312809,0.6243641691867617,1.0,1.0,1.0
AGAMBW4YURLNKK5KW5EDKDC2ZMOA,5,111,4,4,False,8.25600312499722,0.316736001858568,0.5957577840345744,1.0,1.0,1.0
AGYWMGGQ32YMT5CZIFHLE7VLUT3A,5,207,4,4,False,9.678027808660877,0.4426475532382477,0.7506051587533027,1.0,1.0,1.0
AGAVE3RJU2Q3N3WVKPORQ2PYU26A,5,392,4,4,False,9.853479479506134,0.4093214917919412,0.6617551613188017,1.0,1.0,1.0
AHPOBCUP2UBXTXYUQWCPH2U4VGEQ,5,157,4,4,False,8.582745007121213,0.41664882272208204,0.7509727684074162,1.0,1.0,1.0
AFGSQ5BSAABOI3U6EISFYY36GDPQ,5,118,4,4,False,7.973787173650732,0.43429837357019746,0.6838672626817288,1.0,1.0,1.0
AHEK757U7544PNGSDFCIKFN7NZDQ,5,435,4,4,False,7.331404649590988,0.4023165728745834,0.646971153838916,1.0,1.0,1.0
AGCQMKREJ7MZWNOKELGVDQ4F6HLA,5,121,4,4,False,5.517851583717789,0.32950958982615697,0.6110172357397916,1.0,1.0,1.0
AF4AYT2KDUA3BZUYDOV54XGILQ2A,5,100,4,4,False,7.994286238493668,0.3647751852909203,0.606615760590645,1.0,1.0,1.0
AE75H4JVORAPLLQO3MAC3FRN4MAA,5,148,4,4,False,6.433260810515128,0.4089609155742071,0.6491075562389599,1.0,1.0,1.0
AGI2G6MQK6Q7FLG2ADTUAOZAVRIA,5,103,4,4,False,8.044609038572917,0.38338705321972194,0.6454560074469265,1.0,1.0,1.0
AHCBHETWEWAL5ZJTZHD4GA36CU3A,5,429,4,4,False,8.003926677283273,0.4809522691841357,0.7017658223133274,1.0,1.0,1.0
AFOTHO5QENS65RZSHAUT6TP7CIMQ,5,130,4,4,False,5.864963233728226,0.3453593748291549,0.648065521873139,1.0,1.0,1.0
AE2SNL25YBYOP6LTXBYYJKYCOZVQ,5,114,4,4,False,7.26511350587762,0.40601441733296467,0.6172992234812964,1.0,1.0,1.0
AGSU4BF54NFDUP5SOHAAVNKQI67Q,5,389,4,4,False,6.905121344165033,0.3713450216327377,0.6350565306874641,1.0,1.0,1.0
AEO2VNOT5LNZJ5ROFECRFQWPD6JA,5,161,4,4,False,6.34271355550133,0.34681047626845096,0.5903992848834295,1.0,1.0,1.0
AFPSXDH6U3B2ATWUBT47IKOHLLHQ,5,162,4,4,False,6.9654454214282655,0.36207037252907454,0.6423882520714298,1.0,1.0,1.0
AFJTTFFMPZ4BUCY6UE4WHHR24CEA,5,147,4,4,False,6.717472304282621,0.3116328325884259,0.5618661867333775,1.0,1.0,1.0
AGUKR7YSLH7M3MNLWSCBRHKITO2Q,5,230,4,4,False,7.600630053784324,0.46739140141172725,0.6961467313330407,1.0,1.0,1.0
AFWZ7MZXTZ4GG6AP2LLNEOTBDA7Q,5,107,4,4,False,6.805311380025555,0.3722850721793032,0.6816861004074207,1.0,1.0,1.0
AELHJGJ7U27236OSGNIRZI7ZJDCQ,5,312,4,4,False,7.945064968000972,0.3985104630413907,0.7706181201973008,1.0,1.0,1.0
AEBVIJZLUXIBEZ25ZQLG4SPFVMVQ,5,153,4,4,False,7.950186661709419,0.3480477310353654,0.5979616999254077,1.0,1.0,1.0
AETAXONPW5QZSZF725MMFCYQU52Q,5,127,4,4,False,7.714932947710908,0.4455104070933782,0.7092225333282103,1.0,1.0,1.0
AF4QNP7565O67RE7CFPRZBS5D6LA,5,711,4,4,False,6.559819056409384,0.39405884663765295,0.6685281602088204,1.0,1.0,1.0
AEQKWYUMGE4XQ2LIM43ACOBFGRKA,5,137,4,4,False,7.497480021452568,0.343595395306115,0.6243281487572566,1.0,1.0,1.0
AELYFHJ4GGQO4WLCHWVK7VLBXV6Q,5,133,4,4,False,7.947711827352857,0.34630550049695435,0.6215277186901573,1.0,1.0,1.0
AHM57VOLLXXAKPBFJV3KGMYRLBZQ,5,130,4,4,False,9.70276205185341,0.3864679451350024,0.6389178565893735,1.0,1.0,1.0
AE2662WNZYL2ZMFHDKGGCCHMGMGQ,5,114,4,4,False,8.084259969488087,0.37909083094122686,0.6537679629724126,1.0,1.0,1.0
AG3RPMHL2RU5CPZSOAJ5CFNKXUDA,5,105,4,4,False,7.655664811914307,0.36089411152945156,0.6671358154957274,1.0,1.0,1.0
AGLTAZDPS4TNATVZ4CP5VWORPOJQ,5,115,4,4,False,6.207611137132118,0.43989082225852405,0.7145517943901074,1.0,1.0,1.0
AGL72EW24IMRO4K5EJ6S3QGG365Q,5,102,4,4,False,8.788385194268894,0.46980361510246177,0.7053184733766639,1.0,1.0,1.0
AHM7F4GRRASR5R4HCACGTBSWQWMA,5,390,4,4,False,6.154157384918009,0.3880497245731646,0.6800197440718362,1.0,1.0,1.0
AGBXCFLD75PW2V5JISYE3NKE7TKA,5,105,4,4,False,5.965269669963728,0.36310655342233833,0.6204220518434612,1.0,1.0,1.0
AHL7DPZZJTW4Z4VZ6TKCRSXWZXJQ,5,140,4,4,False,7.890865360526728,0.4538320418218702,0.706088484683535,1.0,1.0,1.0
AE5NL2CCHI2JLN2OHFGQW7OAN5AQ,5,239,4,4,False,7.67995793333155,0.3171062035362484,0.584933857812499,1.0,1.0,1.0
AHGIDR4IJFS23Q4GTZ33FI5LYDSQ_1,5,3928,4,4,False,6.188131981360777,0.3468566795175729,0.5966863703568737,1.0,1.0,1.0
AEEVEI7O66NCAIZN4VGVZHYLJPOQ,5,101,4,4,False,8.115802092243053,0.3725466266994159,0.6480610959150752,1.0,1.0,1.0
AECTRGMRKOGAYIV3YXX73CQEQCSQ,5,286,4,4,False,7.018167300429918,0.42755791889603967,0.6960689582636335,1.0,1.0,1.0
AFW6IVJM7XDAUKLUAPUATO5REKPA,5,168,4,4,False,6.655903300462243,0.3779952964599333,0.6416734983692076,1.0,1.0,1.0
AG6CLWE35G65YRYXAUFEC7JN5YRQ,5,323,4,4,False,6.65287677519966,0.41442667964411073,0.6746399700248465,1.0,1.0,1.0
AHTRYL3DQY5AJG2EO2Y6EPQMNQ7A,5,107,4,4,False,7.004616273019149,0.3694627193693122,0.6668070587234073,1.0,1.0,1.0
AELUTBS3LRR5WHUB7JJ4UXR3QHPA,5,802,4,4,False,8.327095054810108,0.34057225958665516,0.6590195048701079,1.0,1.0,1.0
AHIBPWWDWSLYAJHNE4DCSRZAO34Q,5,128,4,4,False,6.9909564678547795,0.3223843821598982,0.5918102104137003,1.0,1.0,1.0
AEEI3VXIPT4LELQZ5JRMUJGAUJSQ,5,107,4,4,False,8.676094676587406,0.35709022218742087,0.6521572832172501,1.0,1.0,1.0
AF3Q54U7ZTVZEF7QJ6QATK7QNDLA,5,132,4,4,False,9.513995252447613,0.4845615934881997,0.7451858544535696,1.0,1.0,1.0
AHFC4BD2K2H3IE3ACGN55PEWZ6ZA,5,225,4,4,False,5.283312683835786,0.33711827192246485,0.5842369016013856,1.0,1.0,1.0
AESC5REXK7R6DR5ODABVECWGNJCA,5,134,4,4,False,8.31438129924484,0.4164393758387488,0.7060223940286835,1.0,1.0,1.0
AEI4GU653P6LRUUM7MLI3BHS6HGA,5,117,4,4,False,7.402605405552729,0.3325155751839714,0.5978538709838501,1.0,1.0,1.0
AEVEXKKEIOEM5OH3XGSVMUR3VGBQ,5,276,4,4,False,7.109711517910556,0.393675995855997,0.6654480506214876,1.0,1.0,1.0
AHG3EKUDYEFZHWGKOO5KDZKNKGUQ,5,109,4,4,False,9.006470840415194,0.3532949346657194,0.5967836445216836,1.0,1.0,1.0
AEXYYBY3TRVAAGBXZWZP3EYCHXAQ,5,194,4,4,False,7.401866796533125,0.38474460725856424,0.6364362821116203,1.0,1.0,1.0
AEBHOB3LZW4G2YKOR5DY4MQIVNFA,5,115,4,4,False,7.842112406503825,0.3118596703663348,0.5786473260981375,1.0,1.0,1.0
AERWHKQXGI2WUUV5SSKYIAQQFJGA,5,105,4,4,False,10.054030020746374,0.4464819772882921,0.7108148862567369,1.0,1.0,1.0
AFZDZGZNCOO4L3E2TKHL4JP4YS3Q,5,127,4,4,False,7.567810197306326,0.35352932828675065,0.6617377048960769,1.0,1.0,1.0
AEBUDJVUNDEIPQDCVSN76SAKUL2A,5,123,4,4,False,8.505381867652263,0.3992357655330458,0.6801259199127548,1.0,1.0,1.0
AGYGB42MVBQ4X2XNEX45VHJD7GOA,5,159,4,4,False,5.90166983468663,0.329826769295929,0.6349766077481898,1.0,1.0,1.0
AHMGXQ4SWFPAMMIL7HMV2B5JXRRA,5,135,4,4,False,6.407471136253465,0.3310942448542037,0.5901982172209591,1.0,1.0,1.0
AFJPOTNIECXIDZ35M6PDCFEVQQEA,5,334,4,4,False,7.206467049211379,0.4571581631282515,0.741320781639108,1.0,1.0,1.0
AHKSD37M6YINFJE4K4K4QAAWWCRA,5,106,4,4,False,7.4095941019796925,0.3669925451610446,0.6045949930386953,1.0,1.0,1.0
AFUQBLHWSNJSWDEXPNYV36DODBXQ,5,347,4,4,False,7.014825944656331,0.355547565273292,0.6465407493516792,1.0,1.0,1.0
AES77I2GEGGTHPYTW2YXN6T5VGXA,5,179,4,4,False,6.560499163709268,0.3352036548055297,0.6184882229635467,1.0,1.0,1.0
AHSJV4Z2EO6XENPW32PHQA7PB4RQ,5,108,4,4,False,6.831684379664714,0.32231983054803065,0.5812254510803875,1.0,1.0,1.0
AFRMOOG7VG4WSGTOQCQMGLIGC5LA_1,5,196,4,4,False,7.594047816759571,0.32471600362179504,0.5851346961742455,1.0,1.0,1.0
AGHWTXXBNKD7LD5VJ5TNEM7VKMGA,5,181,4,4,False,8.387141208094723,0.3375438466627669,0.625577360377689,1.0,1.0,1.0
AHJYOD56GVUHGUW6NV4US7JR6NDA,5,341,4,4,False,7.142566444847049,0.31805645523101617,0.5731205854201109,1.0,1.0,1.0
AELJS2BCGY3MO6DUM7UABUMIR2FQ,5,136,4,4,False,8.458361121850835,0.420846310986104,0.6535187595860348,1.0,1.0,1.0
AETGCWXC47MSMK6B2TLZ44KCFJZQ,5,122,4,4,False,6.741276847322118,0.33513874286313594,0.6286574539854893,1.0,1.0,1.0
AEXDR7GGRBNNHQKSTHBAHBVACTSA,5,148,4,4,False,7.069542411603844,0.3569887850676106,0.6316028379064438,1.0,1.0,1.0
AF3KNIB6JUAQDSP7HZEVB44DHMKQ,5,140,4,4,False,7.024844367497487,0.39415685613068024,0.6316473273684476,1.0,1.0,1.0
AFF6DS6NOWRIF2AROFASUVVOPYLA,5,396,4,4,False,7.388585655736585,0.3739123150147699,0.6796584494062566,1.0,1.0,1.0
AGGHIRS7NROMQU4N6PDJCNH26ZEQ,5,152,4,4,False,6.075924304307579,0.3944108563213196,0.6552010512640996,1.0,1.0,1.0
AF3QJUZMINQU5V6DCZIN4CPGLCOQ,5,101,4,4,False,8.213245576041379,0.33728701446181636,0.5935729473322259,1.0,1.0,1.0
AED3R7P5VL5PEBNPLOMFMC6OLNUA,5,133,4,4,False,7.862272846423672,0.3512234904068808,0.6590546528714176,1.0,1.0,1.0
AFJ76HHRRYYJG5EHTQOAZTGCQOAQ,5,184,4,4,False,7.62060670784313,0.33452561403009057,0.6419493910492432,1.0,1.0,1.0
AFBE65EUNTT4L5B2OFQTKZMMNTCQ,5,108,4,4,False,8.261189706688043,0.34608141668300435,0.6682514536883665,1.0,1.0,1.0
AEK3Q3YE25YBBW4NBUGXY3LP3JEA,5,115,4,4,False,8.178691876443601,0.37327567416185586,0.6303348461522851,1.0,1.0,1.0
AG2KE7ABGFVP4P5X4ONOVUGNLUGQ,5,164,4,4,False,7.034385579491328,0.3455487463753878,0.6075892841770658,1.0,1.0,1.0
AGGYJDBFHKHKTL7YZ5QA4RYUZDTQ,5,105,4,4,False,7.889762339904054,0.3705258915486208,0.6240670568542175,1.0,1.0,1.0
AHFPHVUL2MZM4YYUYE2ZQOTRVV5A,5,171,4,4,False,7.464186380334211,0.36557794173468977,0.6346381246284496,1.0,1.0,1.0
AEOUNGYXHQECUPRUCSZUSVXUGP2Q,5,128,4,4,False,6.824845564915321,0.31135372316139254,0.5755589841183462,1.0,1.0,1.0
AHLQMVNQZZI5XL45I27JQFK3VC2A,5,126,4,4,False,7.859915177642369,0.38323986724400044,0.6535672616380009,1.0,1.0,1.0
AEXHGP5FTG3WZPUIVPEFZREQWFEA,5,130,4,4,False,6.159737467708404,0.38094744649689516,0.6829169067950126,1.0,1.0,1.0
AEP3IOWKDRLXJ66COSHMNNKUDU6Q,5,102,4,4,False,6.309992301306756,0.39035296904461303,0.6382416540510227,1.0,1.0,1.0
AF7BG2NE2SR2QAXCRW7TKYFW5I6A,5,154,4,4,False,8.019531811271701,0.3828148242380878,0.6640010316126699,1.0,1.0,1.0
AEID2J5IAK3LDPXXEDHH4T3JV3VQ,5,190,4,4,False,5.836836237936735,0.33798271099693905,0.6154683541827297,1.0,1.0,1.0
AHCKJN7BM7AH67UDRPN3CVNHHRTA,5,109,4,4,False,5.927321872386485,0.4047597301713273,0.673355478603048,1.0,1.0,1.0
AELWQN5ALO4SNKDDGYXQOO5OAESQ,5,182,4,4,False,7.989638065569651,0.3790636366912087,0.6406494387171587,1.0,1.0,1.0
AFFNS3Q4QAGF76NDEIMZ2MTFSB7A,5,205,4,4,False,7.471135410144518,0.31859511596298673,0.6102910561081343,1.0,1.0,1.0
AGUYOGXDDUBFRS6KQ7VIVA43VVNQ,5,167,4,4,False,7.005745714569123,0.3870699764763693,0.6466756143933029,1.0,1.0,1.0
AFZUC23U6UM5PQGWTWF3DEYO2YYA,5,180,4,4,False,7.009594923085447,0.36342027356320455,0.5939238564422582,1.0,1.0,1.0
AGD3WE6VAWDOBMVDUHA7WCTF4SQQ,5,173,4,4,False,6.917800674854856,0.4398526303035138,0.6519436454725603,1.0,1.0,1.0
AFCBVSLZEW3N4WTHKN7YCQA7DHSA,5,145,4,4,False,6.054824300508538,0.374090788877844,0.6415657401039272,1.0,1.0,1.0
AHRVF5XWCSVGJ2EVNYGSGKATVULA,5,198,4,4,False,9.488152055248047,0.474815556031159,0.7441456563783273,1.0,1.0,1.0
AE2FWGSXDSXHVR2CBU2NZN4QVK6A,5,176,4,4,False,5.882595255354751,0.31805999024193216,0.605896275937112,1.0,1.0,1.0
AHBSAEV65SZJFHDTPWDS47KKC2YA,5,246,4,4,False,7.056557735278203,0.38303851593318977,0.6092853930407771,1.0,1.0,1.0
AF7X7NCBSFLSVVLZZELHBCBSYPUQ,5,107,4,4,False,8.24555290163973,0.3962071250217913,0.6205788761857107,1.0,1.0,1.0
AEF4ERFVACUREO7O325GCGDHS3AA,5,134,4,4,False,6.242362930273279,0.36486043963717235,0.6438648623823053,1.0,1.0,1.0
AETTD4RUL7QCIOVIRKNYKIVGKMIA,5,288,4,4,False,8.272877679758436,0.35571988099919605,0.6359368657126803,1.0,1.0,1.0
AHWISDI4G4W75Z7TT3X25MOARQUA,5,120,4,4,False,6.48252559193893,0.30718668165309326,0.592260680764155,1.0,1.0,1.0
AF4LDZM3ZB3BISP6ZDDXMVEZDL4A,5,105,4,4,False,7.113674674832376,0.4392740223902042,0.6746304337607966,1.0,1.0,1.0
AELUXKVLA6MVN4POAMLJIP3CL3ZQ,5,110,4,4,False,9.124161444471428,0.4049140178248002,0.6872268016298319,1.0,1.0,1.0
AELBPKLT4D4UEWZC4G6ZRKHRAXKA,5,197,4,4,False,8.677787872193957,0.3971730082004036,0.6779334750368864,1.0,1.0,1.0
AF7KGUAKKGFQFTGJUCYUC5IKM3XA,5,122,4,4,False,7.53981872377247,0.35980295181867034,0.632347156614324,1.0,1.0,1.0
AGIKKF3C6ZIR7OPIRG54DDZV4ZOA,5,144,4,4,False,7.204450954973354,0.31343063745541344,0.5992773765328205,1.0,1.0,1.0
AGIMYCA3OW5YGXP4MMNUGWOWLWXQ,5,207,4,4,False,5.393182539969145,0.3320367341258909,0.5874463307361825,1.0,1.0,1.0
AFWGSI3AV3UORK7AHCCYA763KEYA,5,112,4,4,False,8.709616509543634,0.38157655806496504,0.6758250668507134,1.0,1.0,1.0
AEC6IZVI2NGFBCIYVD4X5MDGB6DQ_1,5,167,4,4,False,7.680872737550687,0.32630423678345905,0.6354452431988534,1.0,1.0,1.0
AGLMHJEWZBMXWLRX25ETEEYVKINA,5,234,4,4,False,6.260552102734331,0.3629121539912151,0.6643469015562228,1.0,1.0,1.0
AHGPQ37FYIJYULFHMF6MS5KX6VJQ,5,250,4,4,False,7.117964357156568,0.37036123238122287,0.6510202739845966,1.0,1.0,1.0
AF4MOVQNF3RJNHPA5KU3OWOOZIFA,5,134,4,4,False,8.126418019429316,0.30974985847329023,0.59035133119516,1.0,1.0,1.0
AHCY5HIXEHYPRIU7NPMXKPLPJR7A,5,109,4,4,False,6.20976538852807,0.31198370696246913,0.5715348201294522,1.0,1.0,1.0
AEOVVAOWROFTZAWM7DP4J3ORLSQA,5,100,4,4,False,7.533452265710905,0.32319420865458287,0.6225059907346963,1.0,1.0,1.0
AET6PG7VY34KJDBH2U2C2FHJL4TQ,5,175,4,4,False,6.090314557753762,0.2827128918627087,0.5432546351437582,1.0,1.0,1.0
AFNQKIF2ZSCH77LETKAKK2UWY5GA,5,149,4,4,False,7.63814311322305,0.3205562099894324,0.590059023608461,1.0,1.0,1.0
AGNGAILNEEBETPBT3Z4RSSJML7VQ,5,101,4,4,False,6.90110253245537,0.35018541296663197,0.6582744151531396,1.0,1.0,1.0
AER25UISEZP2EFBRSKVVI7SCVY3A,5,101,4,4,False,8.537415007709184,0.40493030563254434,0.664845059349135,1.0,1.0,1.0
AHSFFVE5G65JPMAA3PYUO2RWUA6Q,5,113,4,4,False,6.713576967175927,0.3456450590045638,0.6656706813635965,1.0,1.0,1.0
AEM7ZR6X2YIN5CBPYQXQIEPTNYJA,5,113,4,4,False,7.147013454424309,0.36485572369801506,0.6064584159805854,1.0,1.0,1.0
AHSQ5K552SD4NH32WTSPO4O4PPUA,5,607,4,4,False,6.054331541400647,0.40368866093831235,0.7141789526945029,1.0,1.0,1.0
AE5FJLSPXITRDBGBSCKGWOZ3ZCOQ,5,119,4,4,False,6.76703495580523,0.4507161623335621,0.7095694680245088,1.0,1.0,1.0
AEDXXN3WREPYHF7VOGSKGJZFA7IA,5,121,4,4,False,6.620423469306768,0.31129266273400485,0.6066095378111429,1.0,1.0,1.0
AGARAGBTDWJVZAZH2DJZDDS4CQQQ,5,126,4,4,False,8.93478056196713,0.3519854660075205,0.6431822833715015,1.0,1.0,1.0
AGOMZXBPLC3ZTMGI34RLOE7BAFFA,5,102,4,4,False,7.36362755152036,0.3975294040873148,0.6306529009643849,1.0,1.0,1.0
AFUEDRMVN3NGRUCH6QBYJ5ERROSQ,5,141,4,4,False,9.157044071069546,0.38534676525510075,0.6446615935661193,1.0,1.0,1.0
AGHHCLYVRWDCHRLU5XLZYZICDNBQ,5,101,4,4,False,7.292187200497373,0.3682548072513693,0.6605720745368352,1.0,1.0,1.0
AGAJHXN5EQE4AAKAJQBTWVFBHUZA,5,283,4,4,False,8.310660460457031,0.39421847767696266,0.6928618018540705,1.0,1.0,1.0
AFONENWGNXXIUGGYZKWZ3GPZI36Q,5,527,4,4,False,8.685604456073923,0.35186438790751484,0.6688853165388723,1.0,1.0,1.0
AH3OA7UZZDPP45TKL3XYPE6SALPA,5,219,4,4,False,6.209461131902589,0.34549648341047473,0.6477342495463955,1.0,1.0,1.0
AETJVSLQFY2F7D5AZ7H4ONORPQEQ_1,5,119,4,4,False,6.304905823356972,0.35877109604152224,0.6523068770522399,1.0,1.0,1.0
AH7SYWBR37OYUGQZXCIBUEHGISSA,5,113,4,4,False,6.060547872087078,0.357298059434428,0.6416860985130459,1.0,1.0,1.0
AEZ46SSKY4A7ESP3QNEZQRLA2Y5Q,5,121,4,4,False,6.744414994677468,0.29769066505517194,0.5810676437005758,1.0,1.0,1.0
AGMYHXQI54TNRM34W7SIRAZ2LPNA,5,120,4,4,False,8.060805952202953,0.384022414888124,0.6331595564894531,1.0,1.0,1.0
AGURLNZQXE2V5LK2UUQ4DVPUUE6Q,5,140,4,4,False,6.264846889193295,0.3454956562062932,0.6330849540788669,1.0,1.0,1.0
AEM67ZLSNV2TH3O4MC7VM7GCXQBA,5,240,4,4,False,9.461797143486205,0.4940706687885412,0.7119286651393453,1.0,1.0,1.0
AGYU37WHMPZ46LARWU6EVYEVA24A,5,292,4,4,False,8.872770995331127,0.373463307094826,0.6777565803924671,1.0,1.0,1.0
AF7YPDDSITOLXXOX6JM7HYLUXK4Q,5,138,4,4,False,7.477050140537439,0.4628003212260836,0.6881822701896239,1.0,1.0,1.0
AHMFFGPZCVEFM4KLP6VQHMMCQE5Q,5,148,4,4,False,7.150841911553556,0.3716172968316201,0.7215028977308106,1.0,1.0,1.0
AGJK5FXDLTSWLFE6BG4BU5QKONMQ,5,171,4,4,False,5.891576565983035,0.355642156074185,0.6393648678535656,1.0,1.0,1.0
AEFDMVDBTPVJ54OUWN5S5UAEQL2Q,5,137,4,4,False,7.963949263452843,0.4368077677055858,0.7446626653191558,1.0,1.0,1.0
AGDJL2BHGWTC3WWWE7UKNMLF6AZQ,5,140,4,4,False,7.6847076244126,0.3325153787877542,0.6020376702264065,1.0,1.0,1.0
AFYSEQVHWTVMWWCX7CT7PA7VNU6A,5,122,4,4,False,7.847922092283547,0.5098500096568889,0.7499418869613981,1.0,1.0,1.0
AE7L6TFFDGW4ABGV4TQ4ZBOABXTQ,5,132,3,4,True,6.94012631911251,0.43786684841125606,0.7418751166996389,1.0,1.0,1.0
AGJE532DIAJ6GFNAYUKVWWIDVT4Q,5,104,4,4,False,8.174641679325443,0.3849352913903496,0.6316343671265748,1.0,1.0,1.0
AEDVEEUD4NZX7NYETDDN5N3HBJEA,5,1486,4,4,False,6.5428801791079705,0.353211889753828,0.6379632789800173,1.0,1.0,1.0
AEOCAUXMWWWC2TDXR7OX2DGORO7A,5,116,4,4,False,6.236812432197814,0.3669606539095963,0.6593399921715489,1.0,1.0,1.0
AF6UXJKNCDIFZCL3JPDPIZ3Q5ZEQ,5,127,4,4,False,7.045487681754976,0.38183766672123926,0.6205308932345234,1.0,1.0,1.0
AETOEA7VUU2QV3ZNCRQHK33DDXZQ,5,113,4,4,False,7.272347262492161,0.4590888429364343,0.7109984894068041,1.0,1.0,1.0
AGJW5INVGJR3DNGPF3U3JA2AVP4A,5,119,4,4,False,6.701919663323277,0.3622236062390258,0.6695796268348463,1.0,1.0,1.0
AH76RNVXZKA5VFZFH76O6U6QEVGQ,5,154,4,4,False,6.833729030391375,0.3840448393159033,0.6630650363682965,1.0,1.0,1.0
AHCFYNLZXWHXARK6SJSQBIY3U5RA,5,100,4,4,False,8.78651960781591,0.37477148941035654,0.6286089327821034,1.0,1.0,1.0
AGMD2HXCJJ4AGXVO5KGN7WQOQV6A,5,124,4,4,False,8.227437741123648,0.35777342380584454,0.657906993421605,1.0,1.0,1.0
AED3HJLTUSJQBBK6H6726ARBBH6Q,5,436,4,4,False,9.238843962303838,0.44363948939604,0.713734599041963,1.0,1.0,1.0
AFJ6BZFH6T6LBXYN5NKMBPTHRGDA,5,341,4,4,False,7.209870641879399,0.3640212512089246,0.6094378525999045,1.0,1.0,1.0
AGIGZYOXSFZD5ARXBWU2HYCEMV3A,5,100,4,4,False,9.111750552756757,0.4315176618277705,0.6757089284089234,1.0,1.0,1.0
AG2KYQ7Q2HUUJJDQ5QNJ5VDDNYHQ,5,108,4,4,False,7.852866886351709,0.3932877444818825,0.671327816628644,1.0,1.0,1.0
AGLOXQBIOUHGR3OQ3WSGE4NP2T2A,5,155,4,4,False,7.613456945329152,0.3992061064626769,0.6684867892425543,1.0,1.0,1.0
AFABYMP565JRM7UTWNGXF6E6GL2A,5,157,4,4,False,7.25886637487121,0.4003886097890267,0.6511710013386338,1.0,1.0,1.0
AECSGWJW72T7RFUOONY27ZIESABQ,5,107,4,4,False,6.173673228222464,0.30153671779169916,0.560103877460109,1.0,1.0,1.0
AGGQPSSYKEUIDKQK5CJSZHWVU7CQ,5,323,4,4,False,6.122130030596831,0.38402127163458566,0.6706881346824948,1.0,1.0,1.0
AF4JG6AGQZ26FUBADCRC6CZ4Z26A,5,177,4,4,False,6.686916881233523,0.2980990491768392,0.5777204734832058,1.0,1.0,1.0
AFY5ZS4KYYBPX5IAUVPK5JG6AOCA,5,105,4,4,False,9.359198429116143,0.4344970001764387,0.6865458542157683,1.0,1.0,1.0
AHRNMCEMAIL7GCJZV7KUAO4FJPTQ,5,158,4,4,False,6.335435632466316,0.3205890148013088,0.5870757315821936,1.0,1.0,1.0
AHFKVOFR4GL5OD5WQOWZ7WKZLJ5Q,5,113,4,4,False,7.806096795510728,0.3510089123322744,0.6443946686007448,1.0,1.0,1.0
AG3UP7TMMLHF24OD3JKE4UMYLG7Q,5,127,4,4,False,7.3923221172827365,0.4743613392853082,0.7138661457997044,1.0,1.0,1.0
AGC2S4H5UCCL24WP7V3YJVMQN6XA,5,112,4,4,False,8.155874782969125,0.32929848255183986,0.594950395107353,1.0,1.0,1.0
AHYBD5HSNVWNAUIMWXPEAELXPE6Q,5,103,4,4,False,6.190548363698194,0.3656764221687633,0.6238427196062113,1.0,1.0,1.0
AFR6N2JHAAWJLI5EJFQDENFMVVAQ,5,356,4,4,False,7.2415689783371855,0.43993558110751224,0.6977072392618072,1.0,1.0,1.0
AEF4A5PLYVU67SYR67JR3227YS4A,5,350,4,4,False,7.00976251017805,0.30942550660640855,0.562800483067849,1.0,1.0,1.0
AGF4BUNATUPXTAIBIMBR7DBCSA5Q,5,806,4,4,False,8.405023545722015,0.33833534867883835,0.6161606919276998,1.0,1.0,1.0
AH4NV5I7WLS5GYM5NTQVV6KHSVNQ,5,105,4,4,False,7.084653016160988,0.3447273925782897,0.6091919172686923,1.0,1.0,1.0
AGIA3ZNA7OJDRHNPWVATX5FDCEHQ,5,301,4,4,False,7.307996541747113,0.36781551965694054,0.6833431744761093,1.0,1.0,1.0
AHEJIQT7RQLPD6YSWNECMR2ONLAQ,5,227,4,4,False,7.331671745521249,0.36221974787112277,0.6326873027660601,1.0,1.0,1.0
AGWXZA5KLFY7A3BM55VDVKNSBBHQ,5,173,4,4,False,8.422794604890123,0.34708155066617474,0.6206579620847923,1.0,1.0,1.0
AH7DWQWLE3J47LT53FQ76ILLLCTQ,5,125,4,4,False,7.126681518618943,0.39310827761474304,0.7009774460652548,1.0,1.0,1.0
AHC4UURWTZDM66EK3QASG2PNSFPQ,5,228,4,4,False,9.284103212561037,0.5204986259751581,0.7186043261362487,1.0,1.0,1.0
AGDKEE5KR5ZW4PBRXPSLGSMK2MKA,5,100,4,4,False,8.04144327496516,0.3641036595973109,0.6144857483815512,1.0,1.0,1.0
AFRHCRFFRBM3RVBVDMFDB7SVPTHQ,5,1524,4,4,False,7.068535443002347,0.3728671142461221,0.6766581677551782,1.0,1.0,1.0
AH5W6LHK6CY3XNMTSIMU6PKFUBIA,5,103,4,4,False,6.485261765533927,0.320568751276648,0.6159414469111937,1.0,1.0,1.0
AFWZFWJVNKWBDPG2IO3WNXEQZVJQ,5,190,4,4,False,8.502807743846985,0.4386998757817009,0.7431455099400021,1.0,1.0,1.0
AGRTXUUEFPETZQT2722PETQGPAKQ,5,206,4,4,False,5.311026692060076,0.30928733030454586,0.5851373707961669,1.0,1.0,1.0
AF3AVKFPHVWDV4BGILIVZW542GFQ,5,203,4,4,False,7.606292684513991,0.3221363496797942,0.5993280142981003,1.0,1.0,1.0
AHNRKRI4TADX6D5B32WFKOWYSWZQ,5,170,4,4,False,9.158801345676142,0.39271368019456504,0.6674846331505764,1.0,1.0,1.0
AFACZSTCNX6VMUJQGUK3YVE6CK5Q,5,356,4,4,False,5.365123968787763,0.31841322124403715,0.5912653190750674,1.0,1.0,1.0
AEOROIOBPBERU4MECH4D67LANECQ,5,105,4,4,False,7.917729396430321,0.3251578775679297,0.6202367169674722,1.0,1.0,1.0
AERDUT2WHMABWRNMPOCVXM7V5OVA,5,123,4,4,False,9.070985675687586,0.4471890278724422,0.7005775656602887,1.0,1.0,1.0
AEZUL3R34WWAORYARPTJG2X6KC5Q_2,5,147,4,4,False,7.822126457794537,0.35083521973468645,0.6560083819252746,1.0,1.0,1.0
AFTRZYHACSFQKBN65BYGGZ3II2MA,5,103,4,4,False,7.769225989689812,0.3559013707480637,0.6485376245395424,1.0,1.0,1.0
AHP3RMY24RUHJWKGGHY4XRXEA7TQ,5,121,4,4,False,6.691515036453062,0.34764265126612903,0.6655783321201836,1.0,1.0,1.0
AF32ZDFW7OEPS5CRF23FLNYR4NNA,5,188,4,4,False,9.064667339297225,0.412490933594989,0.6638989947454756,1.0,1.0,1.0
AGBF546BGRZAFFEIPWP3FIPE3F3A,5,108,4,4,False,10.883440621205533,0.4985239046940518,0.7158332684132743,1.0,1.0,1.0
AE2SW5HC66P6DJEXCZJN7IID6ZIA,5,262,4,4,False,7.2923927717240415,0.34894351927226425,0.6364725266233278,1.0,1.0,1.0
AEJUY5D3YNQ3FAOIZP3FBOJMPCCQ,5,186,4,4,False,8.010475736538748,0.31703419726124504,0.5841097605098318,1.0,1.0,1.0
AEUX5GR2YXV6MFH6SIDE3DMLPZGQ,5,170,4,4,False,6.938691038765627,0.32530698196923247,0.6087504966144546,1.0,1.0,1.0
AHYA2FWSOMURLKEWO6ETKYQTRSIQ,5,116,4,4,False,8.735468921828772,0.41471965915345826,0.6677606206865512,1.0,1.0,1.0
AEG6ASBOHNKM2H5ZOADIGDHRMUOQ,5,111,4,4,False,7.938013981096254,0.36213831013838843,0.6655892537835197,1.0,1.0,1.0
AGEQPZPPIJOYSM3X77DQ3IQ5TD4A,5,105,4,4,False,5.530472747653889,0.3676217405353647,0.6877474622449475,1.0,1.0,1.0
AF5JGDC5GYAXYUAXT4TMKIA73LYA,5,196,4,4,False,6.6707660717543265,0.3635549018306262,0.6384302285440837,1.0,1.0,1.0
AF7P3N4WIHMAVATNPD5MCDI5Y2KQ,5,668,4,4,False,8.079363346252334,0.405945970651528,0.6365508993383223,1.0,1.0,1.0
AFJGIE7UPS7Z37UWF4OIBCHXEQLQ,5,187,4,4,False,7.091704276915502,0.37985097848354704,0.6658945081769948,1.0,1.0,1.0
AEOEUEZINH6432YDLXJENERMAR3A,5,287,4,4,False,8.235405316118236,0.40083865674201224,0.6951644190859602,1.0,1.0,1.0
AGEIYPBPLIGXZSL4XER545GA3BPA,5,149,4,4,False,7.87267112349284,0.39628485050305645,0.6547338321019889,1.0,1.0,1.0
AHEKQAHVNYETC2ZEUGADNIQ5Q2FQ,5,242,4,4,False,6.485490730298218,0.3851793957214662,0.6390484231501888,1.0,1.0,1.0
AGFLDIUYV2PKF5Q7IEMULR52GW2Q,5,146,4,4,False,8.605097649344907,0.42072559974296153,0.747956503219481,1.0,1.0,1.0
AHP53RQRBGPN4HDCVNYBSEOHRCZQ,5,168,4,4,False,7.244635679063763,0.3443880979157721,0.6510522908918875,1.0,1.0,1.0
AE342HUMEILY6AYRPTDSYOCVVATA,5,124,4,4,False,9.046237435944981,0.3802714300534035,0.6169866961781856,1.0,1.0,1.0
AG3IKRZQLJKKTTUCRSNS2GIXKOSA,5,240,4,4,False,5.750807683079109,0.3674643223084635,0.6233777578206254,1.0,1.0,1.0
AHK22RUTPDKFZIFHCLL3NL765XCA,5,240,4,4,False,6.963401317343595,0.34243614340665607,0.6089740462165056,1.0,1.0,1.0
AEXQED3KRQKIMV6WOUKR3HJ5HKDQ,5,240,4,4,False,9.499145175177024,0.35137756642947393,0.6010196173314891,1.0,1.0,1.0
AFNY6ZUUEAODUAPRL47MDRCWIECA,5,104,4,4,False,6.08066677471828,0.31440908524798294,0.5592395699318666,1.0,1.0,1.0
AGWHH6O3SXS3YP745RRQEY6KVDVQ,5,104,4,4,False,6.862031536044602,0.4204239000149165,0.6901209946886966,1.0,1.0,1.0
AFR7G3N4UVC76GTHQP63TKQLX4TQ,5,114,4,4,False,7.035992054862239,0.36944167310510856,0.6459694695754111,1.0,1.0,1.0
AHOEMNCGNZJMIS5RHBTTKMDDQU3A,5,188,4,4,False,5.1723086921077766,0.2972530800717073,0.5861419689605962,1.0,1.0,1.0
AFRPPMLQA6US5AGWTNF6IFGMBHJA,5,169,4,4,False,8.76833578615213,0.3806124379144361,0.6501114639728485,1.0,1.0,1.0
AGFXY5HVXFJFJ2SJDGZL5YLGR6RA,5,169,4,4,False,5.795034935168822,0.39231810630639147,0.6688858494029536,1.0,1.0,1.0
AGZ2SJY5T7K22CPGLYIFZBBRTBXA,5,166,4,4,False,8.034989099335577,0.3434098395023487,0.6461410526104213,1.0,1.0,1.0
AHTIHA4JQEANT2PJ2L764YT5JBEQ,5,121,4,4,False,7.56151150654407,0.3894853968909971,0.674717567077624,1.0,1.0,1.0
AHV6V753M3GUN346PBRISQW3MMDA,5,178,4,4,False,8.856018397897671,0.3993333088793382,0.6474460008754658,1.0,1.0,1.0
AF547SASL33DEMYH3JXTB4VJ5EDQ,5,283,4,4,False,7.997869592425449,0.3718948721944396,0.6619808300409495,1.0,1.0,1.0
AEPI4GPTILJZJGJHEPW57KTA53TA,5,106,4,4,False,6.9550847364346975,0.45982132786109225,0.6956174159950254,1.0,1.0,1.0
AHTKS67ZUSMEDXXG2G2EVA3EHOWQ,5,128,4,4,False,10.053593019461198,0.4261160733598607,0.6761897996810999,1.0,1.0,1.0
AEL6K4LBMCUFFYE27NG3DWZMV2ZQ,5,198,4,4,False,7.294627970486076,0.37055429824371733,0.6460303368542685,1.0,1.0,1.0
AGN5R4K2X2CIV3WBSWHNDRUWTWQA,5,122,4,4,False,8.166119000697678,0.5098279780852879,0.6946406639323274,1.0,1.0,1.0
AFTEW2R2HDET5LSDLLGDTYCIZXUQ,5,207,4,4,False,8.291384467368689,0.40630647982105644,0.6319057639244356,1.0,1.0,1.0
AH7OXGKTTNO2MZQZU3FYKVJBRD6Q,5,107,4,4,False,7.349066862486961,0.34182774524875914,0.6235460350651083,1.0,1.0,1.0
AGBE4G65WDC55OINI4OQKENARLJQ,5,131,4,4,False,7.683073187651666,0.3652822624183905,0.6026292424107101,1.0,1.0,1.0
AGFIWQCX7U3W3KI5I35ZLWM3U5UA,5,115,4,4,False,7.740026519023997,0.43411601822604856,0.693146732146491,1.0,1.0,1.0
AGV7MJIYWVS7UVMOHQW5FYIEQC3A,5,320,4,4,False,7.396737952790525,0.3498192605003309,0.649183545557894,1.0,1.0,1.0
AE6KH7MCDOWZY7BEPTRSGJYRHLPA,5,102,4,4,False,7.9354557563710975,0.47850652022282064,0.7236796580001722,1.0,1.0,1.0
AE4YA7ZSIYTFM2JSMNXZMBJ4A2VA,5,187,4,4,False,8.766139169919812,0.34244739726560797,0.6254282690695769,1.0,1.0,1.0
AHCMDOQM5XKXD3ZUPCQR7WTPELWQ,5,202,4,4,False,8.09638894852075,0.3271033633020405,0.6082375917650588,1.0,1.0,1.0
AH4EDJHZW7YAGYZDZFZ5REDHE3XA,5,498,4,4,False,6.873407609444902,0.3393946276262578,0.6293912649793982,1.0,1.0,1.0
AFH3T3A3DVGLLVJPET6OAEHNWPQA,5,126,4,4,False,10.16652518870789,0.36038435987668066,0.6574645541440584,1.0,1.0,1.0
AE5HNX5HIVHJH734GBQBRKUMGYTQ,5,238,4,4,False,8.163057378228103,0.355958898291903,0.6572598159346968,1.0,1.0,1.0
AEC7QNP6ZG7H265GOPXAP6HCYR6A,5,144,4,4,False,6.208464199706868,0.3650097321878962,0.6447099985133037,1.0,1.0,1.0
AG2TTN372SIFA43IEXZRPCN7B5HQ,5,122,4,4,False,8.17997854825062,0.3035936889738671,0.586215435716085,1.0,1.0,1.0
AHG5KKQMMZJA46LDH73IZ4QUHYXA,5,114,4,4,False,7.274990942700062,0.33078433260229956,0.5923176668241927,1.0,1.0,1.0
AGDU4N5YF4PWUEJSUPMJUGYYJLSQ,5,273,4,4,False,6.867715771499967,0.4052020611521424,0.6675951877280341,1.0,1.0,1.0
AE5ENPQDNKIJMBAKVDSJOTU573YA,5,279,4,4,False,9.32207572284579,0.3459438526372247,0.6415358657772847,1.0,1.0,1.0
AEUEV2RK2DDJASJJ3HRCQMZVC5CA,5,114,4,4,False,8.164078159706477,0.34427774895555935,0.6764729772695223,1.0,1.0,1.0
AG6R6E7V6BAR3QP5LEY7RNMGDLOQ,5,114,4,4,False,7.748022165830252,0.4440225405487936,0.7214778076153445,1.0,1.0,1.0
AFG5DA7NUVP7FVG6MJWNXLGGO2LA,5,128,4,4,False,9.45466443405825,0.3948351570699911,0.6820524713301379,1.0,1.0,1.0
AGDUOQYQSAWFBXRWZ4Z4BV4CGRUQ,5,258,4,4,False,7.259245908079684,0.40287959597837664,0.6568684442550617,1.0,1.0,1.0
AHXOZZ24EUCFZQ4UJMJAM3P2YMUQ,5,447,4,4,False,6.715469584911475,0.3030748101201014,0.5755377504419944,1.0,1.0,1.0
AGDBVEKDSVUHJRPRIVHNADY3L6IQ,5,105,4,4,False,7.549401652406334,0.42659779423170274,0.7018502274971543,1.0,1.0,1.0
AHNI5KVLUYWSR74DWFGJIO2DUFGQ,5,102,4,4,False,9.169147009495187,0.5028304837424313,0.6937809894345686,1.0,1.0,1.0
AGIUGX2NKR2P7AQMYF4VH7HUF2TA,5,122,4,4,False,7.549645659133393,0.3625772873948582,0.6179840473902722,1.0,1.0,1.0
AHUQHUKMW2VDHUHTAWQVVYYNER4Q,5,104,4,4,False,5.886999170343753,0.39562510538388157,0.6863059961868598,1.0,1.0,1.0
AEXE6DSTVGL4MNBOFEPICPJLNPKA,5,286,4,4,False,6.558583562728198,0.3773247223621799,0.6722737591763898,1.0,1.0,1.0
AH4WRAMEFPMM2PVRI4QQRCUHOK5Q,5,104,4,4,False,7.601650968454398,0.3532096420917095,0.6090722024760586,1.0,1.0,1.0
AEH6WQXNWZQA3ZL4T4LMXZ4OGW4A,5,140,4,4,False,7.373513904431604,0.37861216781926327,0.6668971476839424,1.0,1.0,1.0
AG2XUDCCLTNCSR4AEIZ4UHZRFOSQ,5,303,3,4,True,9.936745952664285,0.5366245659119027,0.8271360889956111,1.0,1.0,1.0
AHBZUJHBQTT2XLRRAJMAIQ6SDWYQ,5,166,4,4,False,7.52488694269575,0.3292088575601918,0.5862437071894433,1.0,1.0,1.0
AHRQMBNY7MR2QI6KP5AZC4JFT6UA,5,104,4,4,False,8.96456358294384,0.41595962853334834,0.6433305906973815,1.0,1.0,1.0
AHBK4QU2FQD5MPSCIITINHM2TAPA,5,154,4,4,False,6.94926150390524,0.3391308669217648,0.6023196225901184,1.0,1.0,1.0
AHXBO4WJP7MRUNRXFGDL3KWYWPXQ,5,232,4,4,False,6.714202092008568,0.32478753409461275,0.5988054904892225,1.0,1.0,1.0
AH53UQYKESG5SJQD63N4KYJXUEHA,5,114,4,4,False,6.48840058288331,0.37588698324964726,0.6516151704650733,1.0,1.0,1.0
AEV7Q27IHW3CU2NGA5NMHVHTLIAQ,5,223,4,4,False,6.499208127106363,0.3341748914513086,0.6048144242914837,1.0,1.0,1.0
AHFT6NAJRZVRAUKTORFBSQNEVZ7A,5,109,4,4,False,8.35434586053281,0.4235139244987967,0.7142466392409702,1.0,1.0,1.0
AEVHSN37PYEPB3FVHZPD3KB4FIGA,5,117,4,4,False,7.172830422772478,0.29912497833633955,0.5757480338858102,1.0,1.0,1.0
AFAOHY7AXIO57KZQD2WMWPAVEHCA,5,108,4,4,False,7.098119410152952,0.4011409168852715,0.7379699659614993,1.0,1.0,1.0
AEZFFXESKDJ7V2HSHIUWIJICOUEA,5,115,4,4,False,7.531140911072202,0.37119164543472155,0.6884616070895794,1.0,1.0,1.0
AHXUXID2G63V7G4W6A4WIN7CCRJQ,5,148,4,4,False,7.3533006093807485,0.3210868756052214,0.6101458270153791,1.0,1.0,1.0
AE2ZVBITK4WG7SXTTLG2YFLRTUSQ,5,164,4,4,False,7.462031014369871,0.40232591661429074,0.6503998855483439,1.0,1.0,1.0
AH5IN5WFTJNFLLSMR642MIW4AVBQ,5,110,4,4,False,6.44598972903353,0.3100804745284012,0.5877927278754681,1.0,1.0,1.0
AEESMMTHKZCT2BBJNQ552MGSQ7ZA,5,235,4,4,False,7.148222160529791,0.3209615581425201,0.5924077881520491,1.0,1.0,1.0
AEHPITA5Q7OHED7NAZLRHUTOXDQA,5,174,4,4,False,7.54153210089004,0.3771532256548735,0.6472628491120131,1.0,1.0,1.0
AFYTU4ZZEHT5QTOIQJW2RYEWPWBQ,5,115,4,4,False,7.407969849648065,0.3499873551868289,0.6731269028146726,1.0,1.0,1.0
AHQWSREBML5RH7GZCFX6L57DDMHQ,5,109,4,4,False,9.665904651971063,0.4223766398779197,0.6739211850303651,1.0,1.0,1.0
AEYQ5YP2XQD6ABDBCVPECI6LFO2Q,5,167,4,4,False,6.983323252303565,0.35338263511712786,0.6446772762401201,1.0,1.0,1.0
AHQRX6QQ63E5PMU3ZHS7DFO2D3ZA,5,358,4,4,False,8.226983208305082,0.3577338938146606,0.625296438660161,1.0,1.0,1.0
AELBVEAU2AZHSNEXVKM7C2WNQHRQ,5,235,4,4,False,8.770516684054433,0.3800492238403022,0.6318731026649647,1.0,1.0,1.0
AHYCWHEN55G5GAMWHMI3UJHQ3T6A,5,170,4,4,False,6.597250262500527,0.33896971204099113,0.6056310709997842,1.0,1.0,1.0
AGK7DEPABLFQZEYK6ZY4MD7EW53Q,5,378,4,4,False,6.2204495805848525,0.3778710252402175,0.6201053795136395,1.0,1.0,1.0
AEQHIVYS4WSENWROXLUYDDV52QQQ,5,140,4,4,False,6.970739959362924,0.355198944305987,0.6484829672526135,1.0,1.0,1.0
AHY63DRHTWWJHOFMQKG2PEUYZ2LQ,5,101,4,4,False,8.244767655751868,0.42914263697810695,0.7021126360262678,1.0,1.0,1.0
AEOQK5R2VIF372OSXLIWC6GQMVVA,5,136,4,4,False,7.012639779783587,0.3890594674130002,0.7199096817497532,1.0,1.0,1.0
AGXJG6MR7XYFSA2J6RX753MSFVXQ,5,110,4,4,False,6.869193674820306,0.4336932145421995,0.651993020887963,1.0,1.0,1.0
AG35UADO45DOVFVQMOZH6RXPZLMA,5,780,4,4,False,7.072413876785021,0.4182193816433222,0.6417335996253729,1.0,1.0,1.0
AH34XZLFFNGG35PVAA5P35T6FMMQ,5,273,4,4,False,7.831309310476462,0.5287017716927183,0.7290212667215441,1.0,1.0,1.0
AFMOYMIUNUZZKVZXHRPX5B5XUH3Q,5,477,4,4,False,6.672016264778528,0.3660838901107665,0.626770596588318,1.0,1.0,1.0
AFVCWOFPUHU3ADTPTITP26RGLF5Q,5,152,4,4,False,5.894065652327101,0.3727468874886492,0.6493487953384105,1.0,1.0,1.0
AFSYMONH73DKQ7MKQPZVDAIRNSHQ,5,136,4,4,False,8.007119753619575,0.3834567389282583,0.6298358481592473,1.0,1.0,1.0
AH7HCMRSHZCML7WGBJP3YPNTPLSA,5,130,4,4,False,6.926650784544803,0.37957667002401213,0.6134110911227066,1.0,1.0,1.0
AETN2CVMM7M6VM2TZPWV7ASPULRA,5,121,4,4,False,7.3436780318181505,0.35019225347408117,0.6181214458027112,1.0,1.0,1.0
AF5A5PMCP3EPIOVGZSAJWNICC6UQ,5,180,2,4,True,9.932285393145378,0.7169352698465772,1.0,1.0,1.0,1.0
AHARNUEGZ7Z2HOOX36AUNGBYUDWQ,5,102,4,4,False,6.2277482443632675,0.33092873886663626,0.5808363269992102,1.0,1.0,1.0
AEBQCCHFNT4D4HKLOU64IBWYX4IQ,5,117,4,4,False,10.208885682395765,0.4686211640118042,0.6657356740308318,1.0,1.0,1.0
AHTPMTGKDKEHK2LICVISESYKFCSA,5,394,4,4,False,7.482229462025858,0.34643414432183023,0.6337359151502008,1.0,1.0,1.0
AHT7LA5WBAB4ROGSGGDPSOYFORHQ,5,173,4,4,False,6.9759361740097425,0.3064463822661064,0.604827806555399,1.0,1.0,1.0
AGDCRCVUB6LYO6CXHSVPT5XZMCJA,5,157,4,4,False,7.222441774866265,0.36427140496741156,0.6228199814835601,1.0,1.0,1.0
AEIID43Y5VNCZCTG5VPY64SUTMUA,5,119,4,4,False,7.239700458620041,0.3385869685435609,0.6106596008516363,1.0,1.0,1.0
AEYVBSVXB2M76M3HEX4PNF7GWK2A,5,115,4,4,False,7.866447187674611,0.3548221981449187,0.6693915431719547,1.0,1.0,1.0
AFATNFWGYVVMEZWGDNLDUXRBRFLQ,5,138,4,4,False,7.610384745820686,0.33989410786044716,0.5996401179944642,1.0,1.0,1.0
AFLI33M7ADMQ2B3DSIJLODWUHTAA,5,132,4,4,False,5.350069439284916,0.4065801563234435,0.6666545811908717,1.0,1.0,1.0
AF23OKJG2XO5CML2E4WV5YTOVGHA,5,248,4,4,False,6.607983066247207,0.35674379251478616,0.6358079422511003,1.0,1.0,1.0
AFVUNKZU6OKGHABGBKQRF3KS7WTQ,5,171,4,4,False,6.493399177587902,0.34447902679329434,0.6397264803272604,1.0,1.0,1.0
AEFQZUFCOB6RLGQQERSPS4P5GDSQ,5,130,4,4,False,8.221105375562932,0.35274829643063527,0.6177032620844087,1.0,1.0,1.0
AFIQLHOXJGGFHI3ZMEJROMHZMEZQ,5,133,4,4,False,7.295759727548114,0.34120583334687765,0.6159606727102784,1.0,1.0,1.0
AEYL7IITMEHHN64SHXTR4H2R6EQQ,5,124,4,4,False,8.618357775200765,0.3976236121058002,0.6531295866800939,1.0,1.0,1.0
AEB45G7B26CZ6NV5SNZKP5MZBWIQ,5,257,4,4,False,7.606105456856092,0.36523257715161606,0.6672128951528373,1.0,1.0,1.0
AFH6N5LK3FTDXNGDCZTIFLRWRNSA,5,512,4,4,False,6.990995575423035,0.3511064593073596,0.6412477733121846,1.0,1.0,1.0
AHWAVTDTHEKLCOWMFZ2MCLGVYZUA,5,113,4,4,False,6.703796496804676,0.39011187040425915,0.696592735013927,1.0,1.0,1.0
AGXW4GMCZS36YKWXW6UNNQVIVPDQ,5,279,4,4,False,8.170080701382284,0.34266026009804534,0.601119040175227,1.0,1.0,1.0
AEP4KJDGBH6XPJKFEHPYSAPUNDBQ,5,257,4,4,False,6.286208640858483,0.36589276922596153,0.6167636484211224,1.0,1.0,1.0
AGI2TAFRZNJHLDIPMIHA5DUYJFPQ,5,173,4,4,False,8.052342796732844,0.37350359744294537,0.6798393841989459,1.0,1.0,1.0
AGBULUCAF23WPOCKVOFW7TMRG5SQ,5,151,4,4,False,6.120384827801286,0.5444638145404096,0.7847686393720424,1.0,1.0,1.0
AHBFC5KHUWMYAUZZOWESXOC5YGHA,5,108,4,4,False,6.663649008961815,0.3512991939449191,0.6031222499510901,1.0,1.0,1.0
AFTAXGFUHVRCHPOVABUAO25E7XUA,5,659,4,4,False,6.942128494605168,0.4287646622385143,0.6904943927353373,1.0,1.0,1.0
AF3GEGWGFHF5BHOAKC3BMXO6TVKA,5,113,4,4,False,5.996682252306715,0.35393895703868433,0.628614370039064,1.0,1.0,1.0
AFAKTJSLYPNT723YXA7UODJDEMFQ,5,103,4,4,False,6.209295539971334,0.3492332527419194,0.6244175870634617,1.0,1.0,1.0
AHEYRB3QDEKKFTZ3B7FU3UAEJASA,5,119,4,4,False,6.301274144210164,0.3265300644777263,0.6046216868683185,1.0,1.0,1.0
AF42I4ERCBTGOVGQZS2HVNAUV6EA,5,114,4,4,False,7.451950525303328,0.3541553994360239,0.6478586513635606,1.0,1.0,1.0
AF2JKSIENLMZEGLO64PRL4FDTJ6A,5,166,4,4,False,7.233062465012126,0.35541571075249523,0.6535248981696329,1.0,1.0,1.0
AGH5MIN6VJSDWJF5XACS6K4ZX6QQ,5,109,4,4,False,8.73757599245184,0.4149197512166888,0.6744908325241222,1.0,1.0,1.0
AHSJMJWY5FSOQKO7FRKLE5KRD24A,5,247,4,4,False,7.5630507151037225,0.36479423545427886,0.6649525495603894,1.0,1.0,1.0
AEMPTSYMS4DJSHZ6NQVAHOXJLJCQ,5,157,4,4,False,6.265283565882751,0.3878831834083052,0.6723514343174852,1.0,1.0,1.0
AFVEDH6Q5TC7HN2NVMMZPJH2HPDA,5,160,4,4,False,5.9084174333734145,0.3083868954681174,0.5784275851546257,1.0,1.0,1.0
AHQYNYYZWPQ6F42O5XVCA54P7ACA,5,133,4,4,False,7.677100206105746,0.3656195258969534,0.6294954746516225,1.0,1.0,1.0
AENOZSUXFOYQPREH4REHHU7JED2A,5,115,4,4,False,6.57518892525635,0.3377586672094824,0.5924618157821658,1.0,1.0,1.0
AG2BRLCY7NVOZ33KD33PGIIJF4LA,5,121,4,4,False,6.930631768715727,0.335430563641981,0.5977145044459384,1.0,1.0,1.0
AGKYNKDZKGZJONU6HPIMXMUTCFSQ,5,121,3,4,True,10.749704360243125,0.49382967449841897,0.7952927262316488,1.0,1.0,1.0
AGCVOYO6WC6M4KYGVG4NC5VNNZPQ,5,133,4,4,False,6.870777791194971,0.34508470362557037,0.620827570061636,1.0,1.0,1.0
AH2FH5HWGIPPLROS6BUREDV4QRSA,5,127,4,4,False,8.570259548225902,0.39831534015161196,0.6752864713427604,1.0,1.0,1.0
AEPUMWKGBOVGCCEZFLLWZHXWYXUA,5,258,4,4,False,9.339408358900492,0.4098897955559227,0.6605870138836123,1.0,1.0,1.0
AFCFTNVNJDT7S4K7OM2ZGRHSVDWA,5,102,4,4,False,7.439294221377431,0.322512229092189,0.6099466325865442,1.0,1.0,1.0
AHPVH5MVTFKNQ4CYTSO36ONH4HEQ,5,239,4,4,False,8.208645173636285,0.4602585764116275,0.7136088486034116,1.0,1.0,1.0
AH6AELLIKYB4TELTHF6E6EEATWUA,5,104,4,4,False,9.062134405128432,0.4698070936877142,0.6870357180263984,1.0,1.0,1.0
AH4LWUDVLJBW6O7EAZB3UF6VZWOA,5,232,4,4,False,9.08983480689494,0.3846605997050222,0.6424978389546021,1.0,1.0,1.0
AF4DEGIQ6C7TB4CHIWRXZACZOH5Q,5,524,4,4,False,7.285940398797435,0.40461072785692476,0.7062631810484642,1.0,1.0,1.0
AHEOTIG232B7ZIEZXKPDWZYMUAKA,5,122,4,4,False,6.533824580324811,0.32146734673536653,0.5635926812745133,1.0,1.0,1.0
AHFWDMP5HXQ3A3NTN5T4S7B7BDZA,5,112,4,4,False,7.443936464469582,0.3684321149405579,0.6652870936162988,1.0,1.0,1.0
AHVBTWB5RQY6XBD4GK6L7N5NFKUA,5,181,4,4,False,8.609427842024964,0.3536366782778369,0.695995359409458,1.0,1.0,1.0
AFPIVFTKD2B5U365NQ2PSOOZZBFA,5,196,4,4,False,7.064384555886642,0.3257541067457552,0.5940410839667728,1.0,1.0,1.0
AHRTKAPVYC27OK67KFWWFG2ORDHQ,5,245,4,4,False,6.108120826844507,0.40203814693245293,0.6993590204058558,1.0,1.0,1.0
AFEFFFWPK6A4NTSVTBW7Q7KSOFQA,5,411,4,4,False,8.453684312056877,0.40058732313854567,0.6574474138337358,1.0,1.0,1.0
AGYGR6FRSQWRJGITKQU6K5BWV2QA,5,107,4,4,False,7.936328389778187,0.4473388374318127,0.6978956366721992,1.0,1.0,1.0
AE7EIS6XYV4XXJ66AZVESUQ2QF6A,5,110,4,4,False,6.011333430076717,0.3795811933567007,0.6482880378412277,1.0,1.0,1.0
AG5I45ZGHHCYIAWWCVEIR6BYI3RA,5,100,4,4,False,6.918295326828387,0.4028856079900296,0.6746280387728919,1.0,1.0,1.0
AFL5UCX37X6ZDHP2Y54ZXTK4TJRQ,5,169,4,4,False,9.228155276616052,0.39135500831496634,0.6874157903555682,1.0,1.0,1.0
AGZS7H74UPZU746GOWUAJW6JLLTQ,5,170,4,4,False,7.804005438013069,0.4558570424890536,0.681512831186115,1.0,1.0,1.0
AF7R4OC3YUOI77VS55Y3B3XSN2OQ,5,274,4,4,False,7.075383068018186,0.32008341150382635,0.6085551584414011,1.0,1.0,1.0
AFWMG7UFWQJPALHSIATX2G6YNOXA,5,120,4,4,False,6.107658943507512,0.32722366465094127,0.5894162509370073,1.0,1.0,1.0
AENEVJH3U3MYSPDNE6VBEQCW2V4Q,5,507,4,4,False,8.262653057447773,0.368636261056971,0.6314744261527845,1.0,1.0,1.0
AGCJCB57J5PDFKTMK4V6ZYIMIZGA,5,164,4,4,False,6.397384892831411,0.3734172761590106,0.6700230040237622,1.0,1.0,1.0
AF2KNUSGFTIR5ZXKSEEXHTXIPR7A,5,118,4,4,False,6.439619842682438,0.3467282919587742,0.6433208023773551,1.0,1.0,1.0
AHS5OQLOPMP2YCRIWK3W6WDJ7BLQ,5,129,4,4,False,7.897205024763553,0.4168840053686545,0.6796370703745954,1.0,1.0,1.0
AHIHFEX4NVBQE2EUGCR2RVX5GAKA,5,131,4,4,False,7.565458997007064,0.39858056988436696,0.7021890482472236,1.0,1.0,1.0
AEDF6LSTO7L4BWZPQXJSZ3FPMX5A,5,235,4,4,False,9.164794445828054,0.3888585983068553,0.7052753703485373,1.0,1.0,1.0
AGFVNGZJ4XEFX2ULJNDCWJYRHQVA,5,212,4,4,False,7.538477829881942,0.4059189142258681,0.6605482676560137,1.0,1.0,1.0
AGSM75HHGVYI263VKMFQMK6GJQ7A,5,531,4,4,False,7.470161545509095,0.4471419352243816,0.6995478952225676,1.0,1.0,1.0
AF6VWYHPUYOKOKNW5ET3RUJ2PMVA,5,143,4,4,False,6.907248208030194,0.35711136083335565,0.6187402026290636,1.0,1.0,1.0
AGLRX3SNKMVXT7LB4CNMLQOZBD3A,5,138,4,4,False,8.617766698050211,0.37736739259158136,0.6469831150090966,1.0,1.0,1.0
AGWY342JFDA3VD4A5DN3RHKLIBGQ,5,292,4,4,False,10.462015253371558,0.36147213725818744,0.6290363059397401,1.0,1.0,1.0
AHFEKQZP2NQ4P2XUT6HEBM62RS5A,5,234,4,4,False,8.018551850233706,0.3644964499710114,0.6988173630724454,1.0,1.0,1.0
AHIPYT7Q7IDYXLLNNHYX5GGWMEVA,5,151,4,4,False,7.323992752711761,0.3483173366348987,0.6217494601208017,1.0,1.0,1.0
AH2DN3Q2OKAW7JAFRIYPHOUOM2ZQ,5,466,4,4,False,7.593444321594498,0.36037747915722323,0.6249083648075262,1.0,1.0,1.0
AHXZMLMYFGJSSWQU3TWWU5MBYMCA,5,265,4,4,False,7.601316573017823,0.38315658914612355,0.6839972728155543,1.0,1.0,1.0
AFX5IGBDCJTOVQYLRYGN5CIRNXQQ,5,130,4,4,False,7.8620868432734,0.35854065853348444,0.6569470725002415,1.0,1.0,1.0
AESKKGQWJQBWLIA7JDLXARU3Q52Q,5,119,4,4,False,7.123744478789805,0.29781534858619857,0.5608382026348069,1.0,1.0,1.0
AH2OZFAVVLVSJS5CU7K7CURJSYOA,5,105,4,4,False,8.668459366250516,0.4066135702615601,0.6778852359357634,1.0,1.0,1.0
AHX4ZX7A6B35GDVQWPUTLK5BYSTA,5,256,4,4,False,8.532890069687166,0.5070349090624363,0.7619964673086448,1.0,1.0,1.0
AHAUPRV26D4WPQN2JIJUWUZQM7WA,5,387,4,4,False,5.327067348433344,0.3714351640673383,0.6042026636681224,1.0,1.0,1.0
AEEY7IUIKBW7IUCBCAOVPOZOWALQ,5,114,4,4,False,6.681564557895925,0.3796199399773041,0.7056749810945432,1.0,1.0,1.0
AEMEEXPPQX5BBLYJRZWJFULUDHCQ,5,111,4,4,False,5.891118121655837,0.3456700470448385,0.6587124123301457,1.0,1.0,1.0
AGU7C7CZA56W7C3PML6C6TD2SRFA,5,145,4,4,False,6.393966832878693,0.3548855196176458,0.6521228732008992,1.0,1.0,1.0
AH7HTVJUXS4MUP3NSI3XCGE37Q2A,5,135,4,4,False,9.78009582946323,0.34307845923057406,0.6208051921704842,1.0,1.0,1.0
AHLUM3IZPNZPLJEKYACUGH66YQLQ,5,172,4,4,False,6.801912135650582,0.36835994188782367,0.6587769525120624,1.0,1.0,1.0
AHR3ON2IRYSXJZZP5FVCLIESBSAQ,5,100,4,4,False,8.29765086136384,0.3284876422571185,0.5902441029325904,1.0,1.0,1.0
AFJOLC4LQCWSFSV76IYDJMHB7I2Q,5,120,4,4,False,6.914748988344792,0.3568190565060846,0.5936843130064797,1.0,1.0,1.0
AF4NJ5SIZE5N2HHRXFQ44SUMUR2A,5,123,4,4,False,7.568721816515214,0.4461491428021289,0.6891588442199492,1.0,1.0,1.0
AEWH45WQQ2EQKJVI4CXJYZ6EO54Q,5,188,4,4,False,7.526032326741253,0.36215577099203555,0.6589521695717739,1.0,1.0,1.0
AEGJUYLQ33YRTQUTCMCJNFRQ7SMQ,5,710,4,4,False,5.583958639937059,0.40599731891312163,0.6459624511232848,1.0,1.0,1.0
AEKAJQP5IWLMHGWCYH5XDRX4QOZA,5,172,4,4,False,6.974792621707854,0.3332036446289747,0.6407385226842354,1.0,1.0,1.0
AH3UA2OVRWGWLLE4OWHRZJ6S6N6Q,5,139,4,4,False,6.928388020249461,0.3750200043682518,0.6249321475332313,1.0,1.0,1.0
AGULCZYDH3AYLJNW4UYR4SW4EHQQ,5,119,4,4,False,6.487724205169974,0.3309006710876443,0.6147374947580116,1.0,1.0,1.0
AHASI5YMJXXINTYKBGRHH6TYJF3Q,5,228,4,4,False,8.000387406430365,0.3828121929005357,0.6969338116955848,1.0,1.0,1.0
AE66JYJL4LIJZ73LXTOCMCNY7RUA,5,100,4,4,False,9.07327191216201,0.38469281865433674,0.7208940132100412,1.0,1.0,1.0
AGX2Z5MHU534F6QN446JLSQKZ4VQ,5,502,4,4,False,6.637866740193751,0.3906141388348441,0.6391769094490097,1.0,1.0,1.0
AF5T5YATPPSFCEM3UK5YTVOU4IZQ,5,187,4,4,False,8.029466443686138,0.401947203056619,0.6968616999965018,1.0,1.0,1.0
AEMYUGKFRP2UUSRF467XWHUSJQKA,5,168,4,4,False,9.46599049514497,0.4283220652685225,0.6914310158969074,1.0,1.0,1.0
AFUA5LQPDJOM6TDWTOLF6N74GUKQ,5,140,4,4,False,7.493781543379457,0.3492335934073048,0.6510079190613159,1.0,1.0,1.0
AEW6MP4UK3A3VZEC2BDQN3DFEKRA,5,142,4,4,False,7.077005461655281,0.3715430734740256,0.6704711018853018,1.0,1.0,1.0
AH5DFYUNDHZLWG7YL4M6LIXUUFMQ,5,434,4,4,False,8.277458910779993,0.4495821917299942,0.7041669777798251,1.0,1.0,1.0
AE374LLQ4N5HUWHFHZCUVTA6K37Q,5,159,4,4,False,6.815947987870863,0.3923745521398722,0.6927162027071694,1.0,1.0,1.0
AFOI5JOKDCYBNP6G3PIGN3FPIO2A,5,137,4,4,False,6.578438401848151,0.3308551361384591,0.5803828811298753,1.0,1.0,1.0
AHUQ3WRTMZBW6VD6URAQHTQQZIHA,5,101,4,4,False,10.663395434469058,0.38259758476398203,0.6994889882383606,1.0,1.0,1.0
AF4P6A3SEKS2HCISWAKFZVIFM7NQ,5,204,4,4,False,8.721740607947048,0.4125203862923674,0.6649052304717763,1.0,1.0,1.0
AETQ662T5IP4NC524RTVV6ZWNOBQ,5,132,4,4,False,6.455063320944908,0.3156654733136992,0.5810288497988523,1.0,1.0,1.0
AEEYDDE6RPPR5KIY2U2ZJBC5NS4A,5,230,4,4,False,6.387164681058646,0.35168855743933614,0.6212243348773825,1.0,1.0,1.0
AHRKLNYIXJER22NUIN2R37FP2Z7Q,5,155,4,4,False,7.730403139947207,0.336481603074919,0.6147582616547199,1.0,1.0,1.0
AHZ6BIV3PNMZA33V3QM2AX75PCYQ,5,127,4,4,False,7.180761558791255,0.32801104684614657,0.6129017751085591,1.0,1.0,1.0
AHJGZUKX76JHUDT6MKANUXRC5R7A,5,640,4,4,False,8.046901574589294,0.3244119486529442,0.6154697305359653,1.0,1.0,1.0
AE2GO5B2SWCBHIYMOE45YWL7RQHA,5,554,4,4,False,9.667185040409,0.5273954097376273,0.738289629003721,1.0,1.0,1.0
AGU7PO73VGUO6TWDTPEEAP7JGC5Q,5,222,4,4,False,8.233107572484611,0.4897692218215566,0.7521215851599131,1.0,1.0,1.0
AHNDQTIDT42KUEXE7PRP45ODX5IQ,5,140,4,4,False,6.330633489675745,0.34079013929085106,0.6477154396207744,1.0,1.0,1.0
AHV65Z27776ECWFAT6I7YHKHOXRQ,5,223,4,4,False,6.781978690684371,0.37092931420078123,0.6288396767293184,1.0,1.0,1.0
AH5DZ3X7JLNNTZU6QNP72JXJ5NQQ,5,292,4,4,False,8.67740104905383,0.4602523775435237,0.7126681514706148,1.0,1.0,1.0
AFFRCOTU354SFF2TWTMJSVJ3T5HA,5,183,4,4,False,8.129126968788462,0.33240797421873175,0.6355406307523204,1.0,1.0,1.0
AHPJJGKSFFTOQBOIMVPHKXLU4LDA,5,126,4,4,False,8.565771676404534,0.38780361740113206,0.635111552154447,1.0,1.0,1.0
AEL77HR7DJEAEUFEHUHXS4ITQ3CA,5,112,4,4,False,7.595609300309191,0.4006477822426632,0.7057081979739266,1.0,1.0,1.0
AFIGVDHYZFZAYERO26QVDKU4TAWA,5,265,4,4,False,6.98525996693765,0.3753373600438598,0.6173357734522393,1.0,1.0,1.0
AEIIRIHLIYKQGI7ZOCIJTRDF5NPQ_2_2_2_1,5,623,4,4,False,6.200667002980836,0.3495297389259576,0.6686003612976444,1.0,1.0,1.0
AEHH3ZK5OPHYILGVM6NIOAQG7MEQ,5,110,4,4,False,9.533483385550033,0.3806001066271297,0.6830064216250742,1.0,1.0,1.0
AGFIRKQTHCHHQAUS5MANZ7YYIL5A,5,113,4,4,False,8.261877798646054,0.37340604354354795,0.6712762154928864,1.0,1.0,1.0
AEI6B2JWUTT6THQ5DZLER7AL37RQ,5,147,4,4,False,8.09016446915089,0.3588309272911813,0.6583053085573447,1.0,1.0,1.0
AHSYQZJEGKCFTMBUTH6K47V5OU6A,5,238,4,4,False,6.804067341222018,0.32973883464304876,0.6229277595354262,1.0,1.0,1.0
AFZIFPT5R7CPKTJ7WYZYW2N672PA,5,116,4,4,False,8.127094458160078,0.3052202603135686,0.5922874543507183,1.0,1.0,1.0
AHOFNQHMKWRZQRBRYSCN2NFWGEZA,5,159,4,4,False,6.515475608911452,0.3916182879180815,0.6961605300762425,1.0,1.0,1.0
AFTUMJDQW4LZKXAPCB64N7R66REQ,5,201,4,4,False,7.9492621937862005,0.3648427795932944,0.6467727175604483,1.0,1.0,1.0
AGCZHQWQNF6QRKDO7T5NQWR7GQAQ,5,165,4,4,False,8.073389515820415,0.3597109176278089,0.607411761571944,1.0,1.0,1.0
AHYOB7J3MRXOLCQ67KGALUH7TY6Q,5,101,4,4,False,6.662039872668274,0.3556312120594705,0.6006643907009183,1.0,1.0,1.0
AHLAFGAYRM6P5V2ZPCAQHUHJF6ZQ,5,183,4,4,False,6.967536925005929,0.29035030383565236,0.5679069437013278,1.0,1.0,1.0
AECPXFEX6RCWCRBOIJKTR5LFXW6Q,5,132,4,4,False,5.41164851805906,0.33584793214461944,0.6162892201324841,1.0,1.0,1.0
AEWRGEQPEOZTEW36VJLDOK6B4KVA,5,100,4,4,False,7.720115174381605,0.3850140717423587,0.6553673599990464,1.0,1.0,1.0
AHK246ZALZYM5VHTAYNN3NZNDPIA,5,108,4,4,False,9.431996727143899,0.3861222320349532,0.6797072710767718,1.0,1.0,1.0
AGTXKBHHGPNQTA7DOWDBCV4W4KXA,5,107,4,4,False,8.410989048206908,0.3956640758895781,0.7081451815650481,1.0,1.0,1.0
AH226IDGXDCUTFVYPYVDC3ZQRBAA,5,202,4,4,False,7.102184550296498,0.3318488512267781,0.6473931738080473,1.0,1.0,1.0
AFPF2CONJ33FNFKOEQ2TUNWQJTFQ,5,465,4,4,False,8.744603350478117,0.3284711673418948,0.6228525766203,1.0,1.0,1.0
AFE4VGX7IE642QV66ISXHCLEJ72Q,5,154,4,4,False,6.660846042905004,0.3709604515659135,0.6328488084948909,1.0,1.0,1.0
AGODPCBFEQIVP5IXCBODQQHHDTUQ,5,155,4,4,False,8.356164987451912,0.34362939614919874,0.6579224918607769,1.0,1.0,1.0
AGXKDBRZJ26PMB5CNUNHSDTCY7NQ,5,119,4,4,False,7.388358002431678,0.35725022233047243,0.6358120709859048,1.0,1.0,1.0
AGGF56HQRPIWUGGVP4M3FY3EXYOQ,5,125,4,4,False,6.264062532695271,0.3503435661921134,0.6089990904361318,1.0,1.0,1.0
AELWTO2FDWKKXJRJTUVK67V4PCBA,5,107,4,4,False,6.8082233951105975,0.41833849997952416,0.6939489373488436,1.0,1.0,1.0
AEVJRHZZOSWCWC4IVTH2QPPG775A,5,174,4,4,False,7.76435977195044,0.42216584501598226,0.6960145310627799,1.0,1.0,1.0
AGGR3VHAMSJ4OSO3D6ZPVQI4GPSA,5,100,4,4,False,7.106851130915957,0.38971707559414687,0.6755970452412803,1.0,1.0,1.0
AHKOEEKH4SLCLEMAR5YCS4FKMS6A,5,294,4,4,False,6.324570786221952,0.3610125959380158,0.6096914200542849,1.0,1.0,1.0
AF4YK6ETKIRQ36LYVR4YY3ZS4ANQ,5,366,4,4,False,7.504878214622812,0.3459655836383297,0.6396028419257512,1.0,1.0,1.0
AFKJIGE3HZAFTL4FSPSSCIRIXUWQ,5,128,4,4,False,6.754305692442196,0.3866156388725173,0.6453874227215204,1.0,1.0,1.0
AE3QO7L7NG7AUKZEYEOLHM2Q7M3Q,5,177,4,4,False,7.2724490561208865,0.37669882673699134,0.6139537487006732,1.0,1.0,1.0
AEIJRGC7EM6SJ5YWBEUFD4KZRB5A,5,113,4,4,False,7.0776121106926535,0.41059502614281423,0.645311936807863,1.0,1.0,1.0
AGDWW6FZQJQVOH4J3TEIA3SIL45Q,5,222,4,4,False,9.073209575802489,0.29784056442269885,0.5810182889168928,1.0,1.0,1.0
AFQJOI3SFAS5PBT2QVK5NYBW26TA,5,165,4,4,False,6.681731140222586,0.3543296113509541,0.671479890695212,1.0,1.0,1.0
AGT6E6L72BKLEEJGX4MPM2BW5IDA,5,308,4,4,False,8.071636504583118,0.3972641211104802,0.67096017734429,1.0,1.0,1.0
AEHM3SNZYPQT72AV2L3KF2SQ6E2A,5,1218,4,4,False,7.2702835907388605,0.38638175065618957,0.6673988296868899,1.0,1.0,1.0
AF2ACCKOTUKHIGCZHGHSZXMJDTKQ,5,288,4,4,False,7.813190025506513,0.3815371148417153,0.6861281809523613,1.0,1.0,1.0
AE7QGCNFEZNNTW2AS7G73PQNROQQ,5,184,4,4,False,10.027776674291193,0.42038589059138165,0.6849057855390401,1.0,1.0,1.0
AHA67Q47N35BIULG2YNU7ZA3YEWQ,5,312,4,4,False,6.8711867355926115,0.3598567618550597,0.6260075383600834,1.0,1.0,1.0
AFOWI4CZ6HGLKAU5OAJFN24AVF5Q,5,129,4,4,False,5.319342806231044,0.37230799855528895,0.6809309920435471,1.0,1.0,1.0
AENQKTHHXVJF6M44GGC7Y3II3M5Q,5,295,4,4,False,7.924650466852883,0.41534447765735183,0.7583533189467015,1.0,1.0,1.0
AHAS2LMQPE7IIOHNA4T7VMF7X7PQ,5,157,4,4,False,8.842224417081605,0.3701938098581161,0.6578712410619109,1.0,1.0,1.0
AF42C7Q3JVLKUYBZI5GOCV5MALTA,5,142,4,4,False,9.52370557486844,0.3876109738323939,0.6694713455723964,1.0,1.0,1.0
AGGSZYRA42CYQHGYK2WLFZW4PNVA,5,169,4,4,False,6.321383028371708,0.31815193782950524,0.6262760451792309,1.0,1.0,1.0
AFAQQZSNUGEJP2RYTXHYJKFVG32A,5,113,4,4,False,6.258246059167738,0.4351738193009836,0.711900107786817,1.0,1.0,1.0
AF2KWXX365N4EN25OGZ2J3AJ46UQ,5,110,4,4,False,7.064084828080457,0.3746343427801538,0.6345336125168568,1.0,1.0,1.0
AG2ALPFAOZDJ55V4WDSRTQR4GLWQ,5,175,4,4,False,6.722756385865232,0.4279872483304144,0.6934026797421129,1.0,1.0,1.0
AEWBDV24CDYDHTTTR7TIPKX5HUAQ,5,137,4,4,False,8.843859071924308,0.3574672910605937,0.6046647938387401,1.0,1.0,1.0
AH3JYMVUYJD36GPVGEILOX3Y2ESA,5,162,4,4,False,7.772376171192393,0.36044052116061653,0.674491790836998,1.0,1.0,1.0
AFQM4LM7JQGYBETRKRKNTUP5CVNA,5,362,4,4,False,9.010509919440311,0.3815286137609599,0.6590786603046999,1.0,1.0,1.0
AHFVHAHPJP5BUZNM77UCYE7BXBXA,5,162,4,4,False,6.95349423151796,0.3963203444897831,0.6391557804404729,1.0,1.0,1.0
AFCVDGS5MKTBWYIAXTFX2QVL7VAA,5,115,4,4,False,7.362122165763273,0.34655270322009524,0.6350834150872559,1.0,1.0,1.0
AGZS56ZTPGFUCMXBRIJ3OAGH3KZQ,5,131,4,4,False,6.832830136643889,0.3334826262587781,0.5871801200933461,1.0,1.0,1.0
AGQNPHVDHICIZIBMSI3ECYO4RTDA,5,111,4,4,False,8.335207602910307,0.409644373724138,0.6680256809674618,1.0,1.0,1.0
AHMUT4NECOL57PONZ5IDTHOM5H2Q,5,116,4,4,False,8.185703565086467,0.34682061519394036,0.6122623154950677,1.0,1.0,1.0
AGYHL3IB24KMNYTUPVV4HYGB2GGA,5,115,4,4,False,7.687226034923178,0.3612068711002489,0.6149290263725525,1.0,1.0,1.0
AHXEK642UJNWCB3LIGZZAKTONXQQ,5,130,4,4,False,7.640140537136023,0.34745087754279225,0.591894216813754,1.0,1.0,1.0
AHKO56KDFQSMLU3ZSCOZ4SWB6A4Q,5,139,4,4,False,8.650103843195494,0.33644018209561805,0.5919363281971347,1.0,1.0,1.0
AFPM4D74WWLFUJC7UGYUBK5FY4KQ,5,278,4,4,False,7.04453892360831,0.3446217267099482,0.5863509045850747,1.0,1.0,1.0
AFNUK4ZREIOXG2KKXC7QXB66YQUA,5,104,4,4,False,7.469348102311606,0.3985082933821858,0.64902586423145,1.0,1.0,1.0
AEFDGIRF3LYGCBIDRYDTH432OCSA,5,121,4,4,False,7.14387958304329,0.5475860031869398,0.8371853438443856,1.0,1.0,1.0
AEF3D6PGXOSS2P6KUDKVWHVUDSAA,5,107,4,4,False,8.684752117353861,0.3537754190426002,0.6764329837701493,1.0,1.0,1.0
AEOYWMLWQX43VA3EE4SZAZK4AOMA,5,189,4,4,False,5.788097147807703,0.38070532491431436,0.6756675450559452,1.0,1.0,1.0
AHH6AER673CJ3MCKK7RSIB6RX3YA,5,108,4,4,False,7.778140618116343,0.3361081748621737,0.6037665092838481,1.0,1.0,1.0
AGNSZL5KXPO5FABO6EJR3T2ELWSQ,5,167,4,4,False,6.0465029877140175,0.34232395487298256,0.6518500198042916,1.0,1.0,1.0
AE2B5CUQIA5ULZCR34UOPOXROEPA,5,1400,3,4,True,9.220468393494658,0.5520586843859348,0.816575762758696,1.0,1.0,1.0
AECF2YX7HBNFG7GE4SDPVTLHGI3A,5,105,4,4,False,6.874962939748559,0.37275327620596327,0.6589207063357105,1.0,1.0,1.0
AGLQET6T4ZX4C4UXTNEMYHIWLFHA,5,383,4,4,False,9.443877980541235,0.3898025844027602,0.6873309766160449,1.0,1.0,1.0
AFU5DVHILPAGOOMK7QCVQJI7ELZQ,5,106,4,4,False,8.07451130195704,0.4024551405273578,0.6873335790490782,1.0,1.0,1.0
AETLOI346AO5NNO4K4BLOUGSHFQA,5,112,4,4,False,6.539395413200709,0.36612750316943893,0.595779986594251,1.0,1.0,1.0
AGW5RTGKZVYINWJK7KO7JCL45QBA,5,147,4,4,False,7.2254889170949435,0.3489818856354403,0.5999992893214994,1.0,1.0,1.0
AGUWB3V7ZYWO5A2KGSBIFP46C5GA,5,113,4,4,False,6.455247329883513,0.3707314776687565,0.6658704413230603,1.0,1.0,1.0
AG46DXNFU65ZZXWRTQ3R5N7Y2IMQ,5,141,4,4,False,7.7413285378317305,0.3851424648499226,0.6976457421992647,1.0,1.0,1.0
AECMBFXDJHHNGEBXIOVY5M3V2PKA,5,285,4,4,False,8.344887096692013,0.5135482349302125,0.7108534242552388,1.0,1.0,1.0
AEOED2TZEJUJI7XNJWMP4S5I5TSQ,5,178,4,4,False,8.478603621787828,0.38319146788589376,0.6891516313859066,1.0,1.0,1.0
AE5IMGWRBJA7JQFBQTBK25HDYGVA,5,425,4,4,False,6.415252954226297,0.3308317561632575,0.643329470946496,1.0,1.0,1.0
AFUQ6SZA7L7A5VBZHUMRYR7CZVJA,5,146,4,4,False,7.327348146599138,0.4155575144076613,0.7191062536378561,1.0,1.0,1.0
AHXY7OKWZZA2AMR6HYTRAN2ZIL7Q,5,469,4,4,False,7.8508093055725645,0.4131046028985573,0.6597058861592899,1.0,1.0,1.0
AGSGNSTI2FQVP2FA472PPANKG4DQ,5,101,4,4,False,10.496781412368806,0.46846267014902754,0.7538117677419905,1.0,1.0,1.0
AF6UTAVRR3K743WXQGBER7HSAAPQ,5,228,4,4,False,7.416372774540057,0.39856945747057226,0.6445467884921245,1.0,1.0,1.0
AGCMMNN6UP6PEIA2CUIEWOPS2YNA,5,145,4,4,False,8.140084989669377,0.3782019614100496,0.6588392340196776,1.0,1.0,1.0
AHIYDVWOJNUPCTAMT4RB43P473JA,5,107,4,4,False,8.733809002684872,0.3653228912613953,0.6331148603562966,1.0,1.0,1.0
AHL3R5T5CBXKOFV74ODDPJLNQYIA,5,145,4,4,False,8.24535958112587,0.33523646263345247,0.6484626058122211,1.0,1.0,1.0
AE37EGKBIZNM76LDJ2N6BGHTRZNA,5,109,4,4,False,7.037984024625874,0.3402006808440179,0.6202354739479435,1.0,1.0,1.0
AGJSTGFAERXHGQEKIBNK5DAA5A7A,5,173,4,4,False,7.789088034723842,0.4088267682795021,0.6664735011291854,1.0,1.0,1.0
AFKCZLML2XDKU534TBIHQXDAJWZQ,5,141,4,4,False,8.808901666312076,0.5200854461578798,0.7422754125538991,1.0,1.0,1.0
AFWNPBOKTPX5C4TKH7S35X27ICSQ,5,107,4,4,False,7.275812367535748,0.3482726684709615,0.6523467501806127,1.0,1.0,1.0
AE5QZEEWDFEG5S46RP5DHOGQFFPQ,5,139,4,4,False,7.4532366735298154,0.36260272135541627,0.6316698236744667,1.0,1.0,1.0
AFLYZHMSKHIH5M3WYCVGHI7TZUOA,5,144,4,4,False,9.441985210381397,0.39101352944324985,0.7003266551029532,1.0,1.0,1.0
AGSRIOVFCVZYN6LG2C7I374OWKEQ,5,221,4,4,False,5.915156189392573,0.34849674048714385,0.6191855492887833,1.0,1.0,1.0
AGPMIOI4VJG34LTTSDK7SR4PHQLA,5,104,4,4,False,5.894389945330052,0.32653978221436103,0.6084430213315881,1.0,1.0,1.0
AEFNW54XK3ARD4OBRWBS5TXURUQA,5,116,4,4,False,5.2269101279411965,0.32680130963605575,0.6301658305097726,1.0,1.0,1.0
AH73UQ5CDREGOYN6FTMXVGJUW5KA,5,113,4,4,False,7.544914981473238,0.3531373578018569,0.6013955457663128,1.0,1.0,1.0
AF4FBX7TMLQVLJB45TOQ2EJTXVYA,5,139,4,4,False,6.625576381034305,0.3670423275996624,0.6398681362296413,1.0,1.0,1.0
AGF36XKODXVUO37SKAH2L7ZBCKDA,5,123,4,4,False,6.703267863149903,0.3983492911803039,0.651105175717123,1.0,1.0,1.0
AHX27EH23JDXSDH723OOHC2YDF3A,5,105,4,4,False,7.903391766887812,0.3718071513149408,0.6355617697996934,1.0,1.0,1.0
AFMUA7K3BRXWB4XO6QARYIEBI42Q,5,521,4,4,False,7.512490349856509,0.3527344453542949,0.6087707478711122,1.0,1.0,1.0
AF6AHZOP3ARBRLR7M7BAFEYHMHDA,5,124,4,4,False,8.761319826649801,0.41808673804382845,0.7221999762364306,1.0,1.0,1.0
AGQANC4MDXQAMK5QBH42MAM3KKXQ,5,101,4,4,False,7.944601269403234,0.42531461812536053,0.7116666274521778,1.0,1.0,1.0
AFBQL5VDQMWEILHC7JTV2G3T3QCQ,5,208,4,4,False,9.215213143822476,0.40905661505818164,0.6355015768158734,1.0,1.0,1.0
AGLFSVQY3A3EQH34RY46DDTRFAAQ,5,257,4,4,False,9.41911695973296,0.36540265362903246,0.6155353509651469,1.0,1.0,1.0
AGZZURKYSVGYT53XSNBL7GVIL4GA,5,137,4,4,False,7.381972380382555,0.3431581626242499,0.5998781262869949,1.0,1.0,1.0
AEAUDYX2GGJJYZ5GLKTG3UESI7WQ,5,109,4,4,False,6.167194015420611,0.36571425022922877,0.6751707542072649,1.0,1.0,1.0
AGI4ZZIMFVNCXGV2BVIU6JZ4TPIQ,5,111,4,4,False,5.39125765678042,0.36514647137931533,0.6384952665359347,1.0,1.0,1.0
AGK6P7T6FVUJW7W7Q5UJKJWF3NGA,5,307,4,4,False,6.036165911938528,0.34766506599664804,0.6523090023434008,1.0,1.0,1.0
AGVBR47VU2BE4EVWFAXOO26SOWSA,5,207,4,4,False,6.273504077693242,0.38585150404738966,0.6459237282601153,1.0,1.0,1.0
AFYDI5PL5YM5JKTHFCREJ7KVWVLA,5,117,4,4,False,7.25772888171299,0.3135394554788743,0.5880732608181608,1.0,1.0,1.0
AHPAZHQXXDK2T4ITHUTDY3PKZS5A,5,153,4,4,False,8.69054548194295,0.46052183398609153,0.7280772150890019,1.0,1.0,1.0
AE6F3WJIUZRLTBQIA2M4X3LERYJA,5,146,4,4,False,8.151341116295017,0.33355603410743817,0.604733081051382,1.0,1.0,1.0
AFTSNLQBX4R6BYTB337XHJIYS4SQ,5,230,4,4,False,6.918580327181955,0.3333339397191445,0.6055648035024305,1.0,1.0,1.0
AFZ5I65JJHDHGEYLJTJK6AZNQ5BA,5,105,4,4,False,5.463686578393808,0.339225807124098,0.6304794631584306,1.0,1.0,1.0
AGYIQYQKJSRVSDJUPW6Z5KNI3GRQ,5,199,4,4,False,8.850916855985371,0.3870490572705829,0.6698536637540891,1.0,1.0,1.0
AHMM4IE5PPFSNOXOOPDBW37GB36A,5,159,4,4,False,6.076518940218447,0.415811739085963,0.6628024981219236,1.0,1.0,1.0
AHLHFTYY2I2LMRIFZMTTCRRDFSEA,5,156,4,4,False,8.866112543281389,0.47127069322620846,0.6741638530024725,1.0,1.0,1.0
AFNI2C3GRBCPIQOT3H66FUQYRPJQ,5,181,4,4,False,5.711350303981057,0.35302513306043837,0.5914737197975644,1.0,1.0,1.0
AEGCGUV3UYD44P4JPEJ2RAKX7A4Q,5,101,4,4,False,7.000591602042388,0.34708415565571116,0.6277595343607583,1.0,1.0,1.0
AE3QC4R3QMSHINRTN3L7YFNSC3XA,5,173,4,4,False,8.54950493701839,0.4181580930669441,0.6707881041081701,1.0,1.0,1.0
AFU67UH3Y737FHNGIEGFH5HBUWPQ,5,155,4,4,False,9.464899435115953,0.39709362285841443,0.6480572140413743,1.0,1.0,1.0
AFYBA6767QO3ATXOR26WHUPMORGQ,5,204,4,4,False,6.457037955455512,0.4289438184999289,0.7154244926391458,1.0,1.0,1.0
AEX7JBOSL6HLYWFY33P5XD3ZPOYA,5,101,4,4,False,7.735771710417242,0.35962838915680123,0.621575323008241,1.0,1.0,1.0
AHEPLA43HWNAN5VRVBK457ILTEVQ,5,107,4,4,False,7.298231279904041,0.3729984580880237,0.6363611107313994,1.0,1.0,1.0
AEAXTXXZ4NLDZW6B6FI4U2SOZOWA,5,102,4,4,False,6.704638051039027,0.3601936810532084,0.6764237672508998,1.0,1.0,1.0
AHJATMQAWS7LNWFU7UPKS3DRSX4Q,5,130,4,4,False,6.383878505372075,0.365178358166233,0.6687044168751829,1.0,1.0,1.0
AFND6MK3CIEWNMQ4F2YISGPWTX6Q,5,130,4,4,False,7.081591518585661,0.33522017671192744,0.5929392707109322,1.0,1.0,1.0
AHHXS2WOM4LZ5TYTWGBU4BAWTRSA,5,271,4,4,False,7.74393944733437,0.33690223687629967,0.5992009569471919,1.0,1.0,1.0
AEKZDFPVCEDQWPDXT7PQGNQ5XZQA,5,102,4,4,False,6.003325153284878,0.32763557178238994,0.6150325387270656,1.0,1.0,1.0
AG2CAO33QCYTZDINR5MZZGTU2KMQ,5,118,4,4,False,6.45047334402286,0.40792751335244565,0.6594707337263467,1.0,1.0,1.0
AEBPXYZA7YGK5FLY5IC5XQ2RV34Q,5,123,4,4,False,9.381131960463318,0.3595001505703688,0.6365815753775703,1.0,1.0,1.0
AHFYDVMWJ6LVAVVVVTQI2IBFRTRQ,5,138,4,4,False,8.047534858854226,0.3387176637263279,0.6263818082057893,1.0,1.0,1.0
AG4WSKK6TG3LFCXZ5ZM4KEWLBNRQ,5,256,4,4,False,7.641921125932958,0.3535045913739736,0.6065312048389486,1.0,1.0,1.0
AE5DKX6S7IETZBJZB6XSNNSSWKLA,5,139,4,4,False,8.588344577463403,0.4587043692863498,0.6719640525796109,1.0,1.0,1.0
AHGIDR4IJFS23Q4GTZ33FI5LYDSQ_2,5,165,4,4,False,8.466864223719766,0.35418868469815074,0.6354354425539402,1.0,1.0,1.0
AEDBLGC272WA4ZTVJFCW6XAZ37LQ,5,132,4,4,False,6.873380502273139,0.32899275438042164,0.6067207070457012,1.0,1.0,1.0
AFO6QRJE7PPMBY2P66V2FPKJUIEA,5,419,4,4,False,8.578340498526424,0.38010292204885643,0.6461153308488369,1.0,1.0,1.0
AGPM5O2RFTK3SWT5WTNXPVF62WJQ,5,129,4,4,False,9.384573476765535,0.4635274702147955,0.696331478844621,1.0,1.0,1.0
AFVBUYR2KLGZ4SFVK6XGBKVZ5CTA,5,144,4,4,False,7.515299441401838,0.34950325305652713,0.6401829011866476,1.0,1.0,1.0
AFL2ZDLKD6WRY5AG35RAWWKQTJFA,5,108,4,4,False,8.148132366990797,0.35465844588676837,0.6626693433815667,1.0,1.0,1.0
AEG7ZYNIXB5WKB7YXNU6BBNUAS4A,5,105,4,4,False,8.275766897253398,0.3452032144036045,0.5963643005359454,1.0,1.0,1.0
AHFHWIE5I6WPLXLYUQCXAFOVRV5A,5,186,4,4,False,7.473865631316627,0.38050863402572127,0.6739047984395731,1.0,1.0,1.0
AFOCBFH7KGNBKSQGCSCMN6JDZ5QQ,5,159,4,4,False,6.757473205402493,0.2980642566692731,0.5618496234798989,1.0,1.0,1.0
AEC4WROC543KSOU7GOBC2DDXND7Q,5,123,4,4,False,7.412478707156257,0.42006758856303433,0.6541743999810834,1.0,1.0,1.0
AESDV676IPKF5Z2C2JJHNZDXZ4NA,5,127,4,4,False,6.8346225580399,0.38039141295495,0.6504699885518903,1.0,1.0,1.0
AH665SQ6SQF6DXAGYIQFCX76LALA,5,1054,4,4,False,6.093269155320262,0.3683326289600922,0.5929830998880992,1.0,1.0,1.0
AEGCZJGVCDX7GD3ZDWYV7UOGJHZQ,5,464,4,4,False,6.177752405488776,0.3520721843498372,0.6122929963484989,1.0,1.0,1.0
AH76HZ6TQ3JIMFX3SIWCFBPX2JZA,5,150,4,4,False,7.849862073451063,0.35091306703989417,0.614935808348046,1.0,1.0,1.0
AEYDWBTKRXYIOW2ATGJ7YV4FXGWQ,5,129,4,4,False,6.326877696367561,0.3734084084402359,0.677776435130828,1.0,1.0,1.0
AHCMBEGSVFSUHRNRYBQ7L5URHCYA,5,175,4,4,False,7.1462028607344115,0.32569014876765756,0.5881050326025494,1.0,1.0,1.0
AEFTTOKTYVK4P65S7TFLFZDMURJQ,5,219,4,4,False,6.567490216554372,0.413141070349975,0.6417021189599776,1.0,1.0,1.0
AFC5MFTGAM4N2SK3QGBSMPC6ICQA,5,175,4,4,False,8.850129630190528,0.4332123588007542,0.7069288326234368,1.0,1.0,1.0
AFH7RVQUMZVDTAOF7P62ZUL5BAVQ,5,105,4,4,False,4.761839401171089,0.32958015236257926,0.6159710625450193,1.0,1.0,1.0
AE2KBNJCWB2VD4YFHYXZKNQWKTHQ,5,112,4,4,False,7.558781050178496,0.3809011397635835,0.6460166175036021,1.0,1.0,1.0
AHKZOKNJHOKX6JOO3YBCV5WLUIEA,5,141,4,4,False,6.537386936232164,0.4290906421086241,0.6841808048509909,1.0,1.0,1.0
AGZ2367HI7GZ5GRNZJFGG3VMPZLA,5,1007,4,4,False,6.829258741929939,0.4399884430587407,0.6672296574336248,1.0,1.0,1.0
AFXSVEP3YV4X5H2YRFZJGLAFFZWQ,5,465,4,4,False,5.955193001287435,0.3838130268677797,0.6416062632618269,1.0,1.0,1.0
AHFBYEZMBRSYTTHLR4IVF4OVME4A,5,139,4,4,False,8.181459537308033,0.4142096544592115,0.6927607875027743,1.0,1.0,1.0
AHFEKMQNEZ6JCHJITYOZAYAYSPKQ,5,115,4,4,False,7.752926287239832,0.3384451915280091,0.661445618217723,1.0,1.0,1.0
AFZUG6V6C5UTP3V3TZJJSJGJTCJA,5,210,4,4,False,5.9881548766349395,0.3145438493558492,0.5860508727409249,1.0,1.0,1.0
AHEYBY33U7TAJA3KWZGD7DXEZRGQ,5,117,4,4,False,5.748742020470059,0.35921776975998015,0.6151239863870211,1.0,1.0,1.0
AGUJGT64W3FGFMJTIJBYJFPLUDAA,5,209,4,4,False,8.35954303335201,0.3452665994390519,0.6062314881249338,1.0,1.0,1.0
AGRLVQDTJKVF4WP3BUF7VPGKK7QQ,5,310,4,4,False,6.9258436751034695,0.39446801490107514,0.6842651922663464,1.0,1.0,1.0
AGUREQYPLUPVADJ46BNP2KHJT4CA,5,447,4,4,False,8.90660550852358,0.35668894642294324,0.621087890479129,1.0,1.0,1.0
AGEK6YV2JNA3W7VGTJ63QRZ4SPIA,5,193,4,4,False,6.885225336710709,0.3559033628925157,0.610604553753512,1.0,1.0,1.0
AFSBW7GPPNRSTTEWVKJZKP526T4A,5,139,4,4,False,8.928568758198344,0.34720966929388286,0.6420111210097903,1.0,1.0,1.0
AFPM67PYOOTTHZCVAYMIB3HUQT6Q,5,189,4,4,False,8.101140464619395,0.4986966324277639,0.7320229275875992,1.0,1.0,1.0
AEGE6O6QPB26V7GVK2FKFGHIXWWQ,5,121,4,4,False,7.1990409011140715,0.3427658061899027,0.6703258114216493,1.0,1.0,1.0
AERGQ6U7YCR6JZ54FFKYPUM7PFDQ,5,146,4,4,False,6.6801910225615915,0.3133774725977001,0.6063190637843554,1.0,1.0,1.0
AFEXBW33YYARGAMJZ6C4NFS7GNMA,5,244,4,4,False,7.711668546595111,0.3763913403325593,0.6263472516710237,1.0,1.0,1.0
AHAVFW4GL3ZT2A6PDDDJSJJ5GY5A,5,129,4,4,False,9.551946907882481,0.386608854792397,0.6503382297927478,1.0,1.0,1.0
AGBW6HQDAQNXGB6XOXYEC6KMWSZQ,5,118,4,4,False,8.19964203332406,0.4011582904215674,0.6721346037734953,1.0,1.0,1.0
AEPYWDCGHXUF43RCWSTXOFUWO5DA,5,108,4,4,False,7.484230461930493,0.37643619359736774,0.6729579427520076,1.0,1.0,1.0
AFPFSWOQKMB23WJPUFIMHEH46BCA,5,142,4,4,False,9.0939979869384,0.5384166626721331,0.7245747665881808,1.0,1.0,1.0
AF5F3I4YZ3UBPDG3BMFSHFNOYPCQ,5,114,4,4,False,7.037697153867792,0.35890711035912193,0.6440732661655142,1.0,1.0,1.0
AHCJBVEXBM7TIHUERG7CKWYCL65Q,5,202,4,4,False,6.73824464375601,0.349261083685435,0.6250924728047285,1.0,1.0,1.0
AEYZ5S3OU4YJPU222CDOR42FQFIA,5,109,4,4,False,6.519268551077603,0.3088725468100979,0.5962243849036509,1.0,1.0,1.0
AGTWNYPUQHU7KPQHJQ74FJJWQA6A,5,168,4,4,False,7.693549967996575,0.31484420803223456,0.6090334786462537,1.0,1.0,1.0
AG7I652IF32AVKKXGITD3RCCT4FA,5,108,4,4,False,8.878951664746292,0.4604893847248889,0.6858725618273085,1.0,1.0,1.0
AFZRI5VBKTGRUYSTV4ZRXWGDXRUA,5,118,4,4,False,8.838119987542033,0.4584058973837441,0.7075580264726361,1.0,1.0,1.0
AGWS5WAG4X34YIKBNI44UVEZJGQA,5,184,4,4,False,8.43992403816513,0.35903385972781043,0.631524817046074,1.0,1.0,1.0
AHJYWQZ5PICKUZPXVE4HU7L5PE7A,5,660,4,4,False,7.799830128624988,0.3448829367086514,0.6304014661055707,1.0,1.0,1.0
AEE33OSHYGNPVW65BJVDZQ5QWWUA,5,1009,4,4,False,10.04104888567674,0.3611126888415118,0.6688736808104386,1.0,1.0,1.0
AHW4RM32F7UDMQ5ETAMLLHIPSZHQ,5,348,4,4,False,7.5984313161140244,0.33567533991687376,0.5920166757575503,1.0,1.0,1.0
AEUZDXOGNYGM7FLLBEFXJB5TPG5Q,5,165,4,4,False,7.3643336369419465,0.3372724497275783,0.6414116755786076,1.0,1.0,1.0
AHBQYAFF3P7663IHYQ7KCE75NQBA,5,326,4,4,False,8.760350958909807,0.3325119104127901,0.5911141161719051,1.0,1.0,1.0
AEAZROFBPDU26QZJ5ICYR7AOMW5Q,5,131,4,4,False,6.466032641861246,0.3256197673334512,0.6307461424243713,1.0,1.0,1.0
AHILECHCGMOAULUWIOLFPV2XTAKA,5,151,4,4,False,7.499228380901349,0.45946426722970807,0.6920991221555053,1.0,1.0,1.0
AF7LCMKDXRTT5HLQRLC4Z7C2C2DQ,5,154,4,4,False,7.389094976976814,0.37091524849717383,0.6186598939092214,1.0,1.0,1.0
AEW353QPPVIJ25MBCZTQCQ5PS7AA,5,170,4,4,False,7.681231186855924,0.36330857479019724,0.6136169521735164,1.0,1.0,1.0
AHMD6IY6GZXL2HAI6AD7KQCPKJCQ,5,101,4,4,False,7.091873582724405,0.3698137567157667,0.6394936800831202,1.0,1.0,1.0
AHFGE4VXBOCPGICMJ2XZACGEJOAA,5,105,4,4,False,8.566658789263151,0.3468225085617182,0.6503506382068384,1.0,1.0,1.0
AHNEUZEX5AYASGVMAYOS6EUNQIQQ,5,100,4,4,False,5.59800728617318,0.3224041725930866,0.5869244667187717,1.0,1.0,1.0
AGLL7CPD56HB3XKAZGNJ5IP27FNQ,5,653,4,4,False,5.820192081954396,0.3666086133208295,0.6417254891876671,1.0,1.0,1.0
AGX3AJ2D4XNUU6YESJ4G2HZK547A,5,102,4,4,False,8.367584602566296,0.3915910071650144,0.6854696184771693,1.0,1.0,1.0
AFMDKDPTKFZNV63MUQS6N6RTXG3Q,5,101,4,4,False,7.104935838754859,0.3505563421723834,0.6052942855874809,1.0,1.0,1.0
AFCUSTNVVB4VD3APWGRY2SDFDOAA,5,295,4,4,False,9.294617416594766,0.364822267402309,0.6590020468959745,1.0,1.0,1.0
AGFCGZLKAE6D7XDIRA57POPSG4BA,5,120,4,4,False,8.535499148041357,0.4065555005927162,0.6999968370088046,1.0,1.0,1.0
AFERCDY2EFJKT7QUQ75GISNHTFOQ,5,204,4,4,False,8.807832358889623,0.4368125611616167,0.6891000793833494,1.0,1.0,1.0
AGF5AY36NH3OVZDDZ7IUBWFWJ34A,5,144,4,4,False,10.141790324668344,0.42502442557659675,0.6875427303700392,1.0,1.0,1.0
AER5LFOUF23FX3CTQAIGCVSXYU2Q,5,123,4,4,False,7.646185534018512,0.3826188037999604,0.641808250061819,1.0,1.0,1.0
AHGDK2EN4U6IYBGJ2QFFJMXAQMFQ,5,100,4,4,False,6.275498064928576,0.38609682316590505,0.6394068001147262,1.0,1.0,1.0
AEMDWYLUJDA7LTRQSX6BOJDVTF7A,5,115,4,4,False,6.575965099871339,0.3521442752013506,0.6189487452283378,1.0,1.0,1.0
AEDWDMTPRADRBCWYXX5LO4TO55BA,5,234,4,4,False,7.684437848249613,0.37659811890058126,0.6095889315325427,1.0,1.0,1.0
AHMAGO6RME5BNQIVWP56IIWELOJA,5,148,4,4,False,8.453643215208398,0.39179870400240663,0.6859149836931331,1.0,1.0,1.0
AEC6HDXIX3DNXWUVERZB4DGKFN2Q,5,116,4,4,False,7.234556593784023,0.3443342704517361,0.6155787362426802,1.0,1.0,1.0
AECSVEHBBVKZLBL45UNICW46HFLA,5,410,4,4,False,6.067173055958247,0.3228999025521555,0.5939247346998979,1.0,1.0,1.0
AEHTOGJ2OJ5TIFG2EFMWXHXYASCA,5,129,4,4,False,6.752648434034175,0.36420336161073635,0.6195423896104617,1.0,1.0,1.0
AHL5W2EJFB3L67256O3TWWTPYIQQ,5,264,4,4,False,7.3418003913377525,0.3839176138621593,0.6410166018731505,1.0,1.0,1.0
AFIIJTKBYPZW47HFORMJHZYVQIDA,5,132,4,4,False,9.156820386798326,0.4367049978962785,0.713057036289136,1.0,1.0,1.0
AH3D2AFXD6K2LDRCCTC6GCIXTSAQ,5,654,4,4,False,7.932740483319977,0.39727507307893717,0.6565093151885802,1.0,1.0,1.0
AG2OYMADQUADYDHDVGEQCQQIQU2A,5,101,4,4,False,8.770572181939826,0.4880896979607659,0.7382073920148509,1.0,1.0,1.0
AH6EWS5QFQXFL4GQD46VO22VRCLQ,5,121,4,4,False,6.915242792544177,0.35901338498374,0.6341471282033372,1.0,1.0,1.0
AEKES7KPH7KJ4KKJKT7A7A4V5ZVA,5,115,4,4,False,8.117734114285193,0.38312562296645114,0.6624110944008565,1.0,1.0,1.0
AHBXTSYI3ZKDKTL7IRBFGNSNR5YQ,5,473,4,4,False,6.757711969394494,0.29273507090575396,0.5533776824154514,1.0,1.0,1.0
AGVH2YJ3C4MC5RJ5SK26PNEQ4XSQ,5,107,4,4,False,9.49299311081425,0.4172079546387352,0.6993904390967507,1.0,1.0,1.0
AHC6HHDXZRRMMNA4RTWJLDTVRANA,5,108,4,4,False,7.459375907341832,0.31189623838022296,0.5867873692762361,1.0,1.0,1.0
AHH53Q3XLBEEPK36DLJ5UDEVZM5Q,5,244,4,4,False,8.524223803559936,0.37532226990277806,0.6948014324303993,1.0,1.0,1.0
AEVDXSTWTWY24KPOCJIDVHJNQV3Q,5,143,4,4,False,7.636320889514421,0.3940094373488805,0.6457603716078562,1.0,1.0,1.0
AFAGLQ3MJPGL5736PU4ECCH6JIDA,5,1107,4,4,False,9.485374553142615,0.42280230457427365,0.6524428469196405,1.0,1.0,1.0
AFN7GACKXTF3AWN6DOGFNLEOQ2OA,5,621,4,4,False,7.038582450380855,0.37193425608715736,0.6314281863093086,1.0,1.0,1.0
AH5VDE2Z5X2ZBRZ3IYMSCVW7ZWFQ,5,485,4,4,False,6.143679134191798,0.349488826887997,0.6342504083255259,1.0,1.0,1.0
AFYSHCJX77N6OZHBKFSTSYZGNJWQ,5,103,4,4,False,7.352908149338939,0.39177723371460127,0.7284513713172094,1.0,1.0,1.0
AH6EUO4QSQBUFNDUGEQEOYO3DBEA,5,102,4,4,False,7.630620508257988,0.4043497870906069,0.6698590804604156,1.0,1.0,1.0
AHUWQT5AKAF6WGOBNGDXSH5QLBXQ,5,192,4,4,False,6.563608796471423,0.35900800360930885,0.6626386481262281,1.0,1.0,1.0
AEYRVFKM3PK3OWJQEK3U6RMFZ5ZQ,5,377,4,4,False,8.183977198069128,0.3624322661175074,0.6544540769992778,1.0,1.0,1.0
AGM7QZOUXUAKEPGNXQNR6UVFVHPA,5,249,4,4,False,7.084064810061147,0.3372578913517922,0.6357017971634555,1.0,1.0,1.0
AGBGZZ2UQZVNJE5J2FQD27BN5TRQ,5,100,4,4,False,7.759426487826382,0.31424164624207546,0.5791529437293965,1.0,1.0,1.0
AESDODWKLW32QTRNWQYWHJSO7C7A,5,117,4,4,False,7.531086165171413,0.3207989752671734,0.6316685019497403,1.0,1.0,1.0
AFP5VNL55CIHTDHYPHBIPBYP4EHA,5,156,4,4,False,7.82724551544616,0.3545472937446299,0.6337497883002516,1.0,1.0,1.0
AFVMDYUBLUG5UUET4DW44SA4OM3A,5,112,4,4,False,7.807107783881302,0.4455477481662281,0.692157878219425,1.0,1.0,1.0
AE3CPW5S56VZJEQR6IFNX7WNQ2OQ,5,140,4,4,False,7.87795365149109,0.30602639908797735,0.5878788170308759,1.0,1.0,1.0
AFGI5DGPZLP4CPYUGFNARKBQ2UTA,5,110,4,4,False,7.0056636720030205,0.38223772184753,0.6434247359804813,1.0,1.0,1.0
AGLDJAFXAECQPHKDFOYDLI42RKDA,5,114,4,4,False,6.861793764518334,0.3033776653787545,0.5798173866808345,1.0,1.0,1.0
AE6SPZALZWZRHJVUFJD2YZWQ6LXA,5,216,4,4,False,6.132494070412621,0.368700818859274,0.6705971127538985,1.0,1.0,1.0
AGXZMIBFXPDAOZQXMMBUAPSK2TLQ,5,100,4,4,False,7.314570714539068,0.3934040054264159,0.6347884717698041,1.0,1.0,1.0
AGRBCVBFSGXC3IOJMZLUSLD75AQQ,5,101,4,4,False,8.92142529648296,0.3893925113538456,0.6260968859948349,1.0,1.0,1.0
AHPVD7QJKTTNAYZ4PFGYTOOKFUZA,5,234,4,4,False,6.842233939114822,0.32601786404996325,0.6209595919454676,1.0,1.0,1.0
AFWVN52MRBWOTIK7UGXBWGOY4HBA,5,105,4,4,False,8.724673148586485,0.3350348659756427,0.6170870371952867,1.0,1.0,1.0
AFUAKR7T37ENPSFCNQFHAAWRCVLQ,5,921,4,4,False,9.840344944973673,0.44500178601134616,0.6749637861021345,1.0,1.0,1.0
AFNLQIHXE4EPQVKXFNLHR5K6H7SA,5,105,4,4,False,8.446764636079589,0.4807805445911372,0.7335991526360294,1.0,1.0,1.0
AGJ55KRH6CMRAY6CKMUZPV5RF4GA,5,100,4,4,False,6.086519345548755,0.44313059502080443,0.6625323709402618,1.0,1.0,1.0
AE4I4MNFZ43RH4CS7YWJIXCBNDGQ,5,128,4,4,False,7.686506477237712,0.3576415364686278,0.620471261329875,1.0,1.0,1.0
AGUZXENJYN23GI4PEDZDI3QZEMSA,5,107,4,4,False,9.45865126393568,0.39447126866292787,0.7131195529839903,1.0,1.0,1.0
AHID5S4JG4RV2QIELUKZX4VYTJ3Q,5,170,4,4,False,6.184326589449163,0.30450553634528604,0.5807199232626874,1.0,1.0,1.0
AFGI4A27USRD2DNCLS4VIJP7GHXQ,5,106,4,4,False,5.542373066532459,0.3474875476088732,0.6084922362218926,1.0,1.0,1.0
AHNSZCP3JIOZZVYXFJRGQEKRSTFA,5,306,4,4,False,7.035691344318889,0.367217749944538,0.6672141167818124,1.0,1.0,1.0
AG5HSUEH4BYPTBNEMPSDL4L3DRNQ,5,126,4,4,False,7.698667957352059,0.3631708842987706,0.6311758519001607,1.0,1.0,1.0
AGTQHZCHCPOBUSBJFZSEPCWQ44ZQ,5,117,4,4,False,7.312852342938558,0.307343732124264,0.5826417053663098,1.0,1.0,1.0
AHMEG75KA5DMD36ZW3P3PTPAH4WA,5,231,4,4,False,6.113529719322902,0.31781671453269017,0.5991427576877706,1.0,1.0,1.0
AF5EMKPOFEX5D46HRWSMFMT3CIWA,5,140,4,4,False,9.366486854683497,0.4250536627856527,0.6606391510479211,1.0,1.0,1.0
AEJI7AVCH24E5LOCL7OPS5LDY5GA,5,121,4,4,False,7.78641820039074,0.34214620988361266,0.6117635018586972,1.0,1.0,1.0
AEHY474ZXCBIST6LCUFKNRSXON2Q,5,142,4,4,False,7.305151157638552,0.36253555323334186,0.6669257006624495,1.0,1.0,1.0
AH5RSXUJXN5QO34BV3OF3CMG655A,5,133,4,4,False,8.864637270308167,0.3984877988546481,0.6633509753373722,1.0,1.0,1.0
AEGBNQNP2YDBMHPTLBOYOOXXL3FQ,5,103,4,4,False,8.677639022760768,0.31799585730295793,0.5708969304902641,1.0,1.0,1.0
AHNS4IA3FTAYFENRMTJJ2XAKO7JQ,5,466,4,4,False,8.066324563342874,0.3986862252523811,0.6517399459814005,1.0,1.0,1.0
AHHGMQ5GFTU62AI3MWQFEKWHNKDA,5,126,4,4,False,9.147193273596638,0.36633601044015585,0.6516269546837742,1.0,1.0,1.0
AEMH7TBMERUXIBCKJJHAIDY5EDJQ,5,128,4,4,False,6.990771291197801,0.3190005433801263,0.5975277836019465,1.0,1.0,1.0
AH75O6O35WZKXRMLGIQQFFDA5KCA,5,185,4,4,False,8.503236851268232,0.5149931406607269,0.7462194513289644,1.0,1.0,1.0
AHL4DUQINPGMLDA37BT7ATAETDEA,5,453,4,4,False,8.50343673797122,0.3347612794290676,0.6046947356281893,1.0,1.0,1.0
AGE4RTB36XFI6KKPR3G5AZMDDI3A,5,141,4,4,False,7.332470477024553,0.3147840942414325,0.6210220258552794,1.0,1.0,1.0
AGHTBCYBCNVYNX77FWJNDWGKNPQA,5,103,4,4,False,6.213046923925314,0.36144149886608434,0.6203507765552124,1.0,1.0,1.0
AHXPKRXEH44KPUX3ZJHDEOCXWOUQ,5,176,4,4,False,6.972024888896517,0.4105500933394633,0.7038307579505463,1.0,1.0,1.0
AG2RSDSR2D3Y26RV2VO2Z76KH5ZA,5,146,4,4,False,8.193858600354897,0.41038703400128307,0.6652952359005744,1.0,1.0,1.0
AHGGEBG6ULZ4CC4XTUVH7JCO2ZRQ,5,169,4,4,False,7.264741300894145,0.38243816064432706,0.6580934002704314,1.0,1.0,1.0
AEA7GX2M4IUP4OTI7VFQ5QW35MGA,5,171,4,4,False,7.413090428487001,0.385912287225601,0.6350305264809984,1.0,1.0,1.0
AHDDU73MUBMMU54XRAZN2YX3KGAA,5,198,4,4,False,6.75590668788273,0.3365949496709336,0.6447086788851706,1.0,1.0,1.0
AEQ6P4YGW6NO3JICID7U73FG6HLQ,5,163,4,4,False,8.677622256226664,0.3531947843422156,0.6311893560126621,1.0,1.0,1.0
AEULD6UDDD7XSH2HXR2L6TNRHSNQ,5,1796,4,4,False,7.584813401471798,0.4006225232252518,0.6730979975793538,1.0,1.0,1.0
AGT3Z52Z65ZKWWMPHD2KZLT6VXLQ,5,889,4,4,False,7.771038624831896,0.3486665202576743,0.6518249676404971,1.0,1.0,1.0
AHBWAVRW22FT4GAN2VTWYNAEQFHQ,5,558,4,4,False,6.32959960633068,0.3990421431918476,0.6850009572507852,1.0,1.0,1.0
AHU3PHXO5ROPM42MGBGX2WN6IX6Q,5,680,4,4,False,8.637104094412695,0.399355284463172,0.708466506820933,1.0,1.0,1.0
AG5LC5HSFYGJSK3AQGHEFHKX6ZWQ,5,2739,4,4,False,6.678557066639287,0.4460312449235755,0.7140115889413187,1.0,1.0,1.0
AHSILE3TNQYFAN3IO2E56JHAHPLQ,5,145,4,4,False,6.806810185826067,0.339682294031272,0.5999217488819366,1.0,1.0,1.0
AG3UVJTNY4IQQSZ2FOEV6X3YAUMQ,5,153,4,4,False,8.161914348577984,0.3709178498525791,0.6741064697689056,1.0,1.0,1.0
AFWA4VQRZMFNYQDZZ44DIPKT7CHA,5,126,4,4,False,5.890583358353909,0.35846045766235557,0.5873380337087726,1.0,1.0,1.0
AHCZ6MJHUWGYWZ3SXMD3QBBOFAPA,5,341,4,4,False,5.92700342644216,0.354126709849366,0.6324221403779318,1.0,1.0,1.0
AE46WE4VZX7X436KTCVZCWXQ3VGQ,5,114,4,4,False,6.962583255270066,0.32579009130757475,0.577757237201439,1.0,1.0,1.0
AHKSGEBEMDMPRIRPKPMILMO3DDSQ,5,108,4,4,False,6.794775485079844,0.3629636312314626,0.6650239531578382,1.0,1.0,1.0
AGUIFPJG6OOTD73G6OGOZZJKVUJA,5,109,4,4,False,6.228504938328597,0.4553318517228137,0.7702928792807663,1.0,1.0,1.0
AFG7GFUNXVOCSGKUG6EOJYYDS56A,5,109,4,4,False,6.680522403556872,0.33405224239839293,0.5895002545851532,1.0,1.0,1.0
AFQPRBK7XJNB4IT6Z6KZYWEZUF3Q,5,117,4,4,False,9.07564808806003,0.30326726148125055,0.5695352412757979,1.0,1.0,1.0
AEQXZCNKESE5KNCYCQZROO7GZRKQ,5,393,4,4,False,6.84246826518086,0.365776343437556,0.6591579558550797,1.0,1.0,1.0
AF7CLYC43B3X2W6JN7OFE6AD4AIQ,5,104,4,4,False,7.123082650034461,0.38790754158426577,0.7091448110376334,1.0,1.0,1.0
AHIS5MNAQJU5EVZAMG4FG7DEFJVQ,5,123,4,4,False,9.109398591377744,0.44422453263701706,0.7075291433130373,1.0,1.0,1.0
AH4WEBZJR7MVVWIQFUYNPKKGRCWA,5,199,4,4,False,5.745849944134008,0.41063173607592995,0.6714045685715471,1.0,1.0,1.0
AGYOOOF3X6KSMLZIWBPMMQGAC5FQ,5,132,4,4,False,7.684724837249053,0.38248054290305994,0.6651927766903919,1.0,1.0,1.0
AEHOR7WHZBXNWZUN4LP3DFEN5FSQ,5,195,4,4,False,6.567738225283847,0.34018285012503635,0.5988964306585043,1.0,1.0,1.0
AHTCNFRA5SB5IVFQ2SICSGEBUILA,5,376,4,4,False,7.475179133698761,0.3591150583604457,0.6365302521394847,1.0,1.0,1.0
AHVQH6Z66TVI4B7R4NJ6XO6BAISQ,5,340,4,4,False,8.76949857357217,0.3613914719543437,0.674746202289888,1.0,1.0,1.0
AEF4QCBYMXQN3RDFNM4ZXM67UTJA,5,432,4,4,False,7.714019144122526,0.35336158762404285,0.5987771742820172,1.0,1.0,1.0
AF2AHWFRYLISW4WNTUF6OSP3BBEQ,5,182,4,4,False,7.050834898990789,0.3623489269156447,0.6410758056884734,1.0,1.0,1.0
AGRCXV4NM763VGZGD6BQ2VGNCJNA,5,555,4,4,False,7.645247108765814,0.3644002702873569,0.6157469161940341,1.0,1.0,1.0
AHFXWTBGOB75F6DFG7VUQZYQWMRQ,5,108,4,4,False,6.354053449742788,0.3852480462040861,0.6573272782299142,1.0,1.0,1.0
AHKULNJ7UQDGZ6Q2GLJHZTEEDW4Q,5,323,4,4,False,6.530960661206776,0.3395975092215799,0.6142792171704196,1.0,1.0,1.0
AF4U2EVGU45J5Z5EM2WHDZGYYWQA,5,101,4,4,False,5.967252574796981,0.36633851122861294,0.6285331268106901,1.0,1.0,1.0
AEYUU6URP6TMM4B4MY2Q4DSPSRZA,5,104,4,4,False,6.436140734038716,0.36209709395412965,0.6132180663318172,1.0,1.0,1.0
AF6XCN7EPYNIO24FJRNV3KOFI3QA,5,170,4,4,False,6.679489809216184,0.39693580170305015,0.6552355180641714,1.0,1.0,1.0
AFBXMLDI73OK56CZEJGVLCLNHRJA,5,114,4,4,False,8.362940062586446,0.382597190866594,0.6355730197785808,1.0,1.0,1.0
AEALOAGLZ4HTFWFPB2X2NOH5OYNA,5,140,4,4,False,7.3747357690812745,0.3987296749543019,0.633025599043309,1.0,1.0,1.0
AHPZG7IM7JBVYKKN6IH32JZR7A6A,5,108,4,4,False,8.09660818663875,0.45272834342503904,0.776595234311209,1.0,1.0,1.0
AHY5L4NFQJZOERBXDM7EHXZWQMBA,5,109,4,4,False,6.245994605038277,0.3736824579134795,0.6525849259246734,1.0,1.0,1.0
AE2QK2SWUQAGG54GHQDJUREN3DRA,5,207,4,4,False,7.2129368741026,0.38031036805401314,0.6248152577694446,1.0,1.0,1.0
AFMNODMYRR7Y2SZHUFX7MUNLDUGQ,5,101,4,4,False,6.203956929085385,0.3272881086560082,0.5821579103296524,1.0,1.0,1.0
AFHILCC5WFKLYGRZHHUQCLQTKNHQ,5,508,4,4,False,5.702017127299702,0.36449550807196357,0.6586053043323358,1.0,1.0,1.0
AE2RWATLMMUSX7TMKKCP2DYHDCWQ,5,451,4,4,False,8.431383505615884,0.40208273653151333,0.6722673097734734,1.0,1.0,1.0
AFJWF2QUDYVVTT5Q6UTEBR5SNENQ,5,268,4,4,False,7.290914101201271,0.4114352045750426,0.6643957090625433,1.0,1.0,1.0
AFUFF6CVQ4VVTRGIROH44A7ESUDQ,5,140,4,4,False,7.070185595153568,0.3262893234328787,0.5878770813279232,1.0,1.0,1.0
AGEECCQF4MDXAP7RJDDPHK4U54FQ,5,398,4,4,False,7.35763789662818,0.4437281591631077,0.688034447427333,1.0,1.0,1.0
AHTZM4LF7ZWBNUQNX57VJCI3UIQA,5,108,4,4,False,7.657375838714719,0.3316482168288008,0.6070923175852428,1.0,1.0,1.0
AFOQ7PCDGLQB45W67ZVPGBUBD7ZA,5,104,4,4,False,7.3804791497535485,0.3958682593019393,0.7067603984547451,1.0,1.0,1.0
AFJYUDW2LLMAVP2L5F7FQPYGWP6Q,5,565,4,4,False,7.180413789482645,0.4587041119945952,0.7155499184466148,1.0,1.0,1.0
AF52KDA2CDYLCVFEQGA3XGBA4BAQ,5,130,4,4,False,8.730359908883823,0.35091705404533136,0.6154626322502943,1.0,1.0,1.0
AHWYUSDSB2P3NV5H4FPRF6E45WQQ,5,136,4,4,False,7.059041999243411,0.33668968883163797,0.6104185448167337,1.0,1.0,1.0
AHMSYVI5H2GXDIKMFYR4Q2KRZUDQ,5,450,4,4,False,7.136372194126729,0.4160768635057609,0.6981962058620225,1.0,1.0,1.0
AHD5FXGYTDXMFJKTMQ4BINV5SG5A,5,108,4,4,False,9.242402624368472,0.3740017787694097,0.6507435279772018,1.0,1.0,1.0
AFNKQZEEGYXHXOSHESNOE3ELUACA,5,179,4,4,False,7.683929018680055,0.3497794144793449,0.6567008300081038,1.0,1.0,1.0
AF2IWZ2WIXEMCM3ZHI3FV4XZMQ6A,5,154,4,4,False,9.069392556775151,0.4179567141711817,0.673539868365317,1.0,1.0,1.0
AHULII452V6BL77K7R2CDQL6W57A,5,122,4,4,False,9.132626221516224,0.4685666387748635,0.698235766776178,1.0,1.0,1.0
AHDJUFVTKDJUUBAIFGT4WVU2YGOA,5,164,4,4,False,7.068436878868034,0.3558603982232311,0.6388709873845053,1.0,1.0,1.0
AFNYWDUPWKPQD4ZDLWBWZCJKLNDA,5,108,4,4,False,7.82237496292549,0.34687953549094996,0.5969355416805875,1.0,1.0,1.0
AFWTHSFNTWL7APIKKGQZV2B745HA,5,172,4,4,False,7.640135890475956,0.3286693492395204,0.6030150466400537,1.0,1.0,1.0
AHMVNNNXFUDT7MLQ4F7HNC66LTDQ,5,121,4,4,False,9.126241335692708,0.41979980301061615,0.6933190513305848,1.0,1.0,1.0
AHBIJ2LIUGHYB52V33SJ5B3X7PKQ,5,166,4,4,False,8.585148011272983,0.3895600759802558,0.6117874213562678,1.0,1.0,1.0
AGAV7IY4HWGYRUIAGUZRXYUJ22DA,5,158,4,4,False,7.8440427983199985,0.338071469350966,0.616416047831541,1.0,1.0,1.0
AEP5ABC7N2Q334JAL2OVM3KGKQTQ,5,181,4,4,False,7.3064023735632295,0.34754892997663017,0.6079534018394334,1.0,1.0,1.0
AGPH4RMR4EOTWJJKC2T6CUBIHAJQ,5,137,4,4,False,8.16086630543298,0.35126444543856195,0.645389570523366,1.0,1.0,1.0
AGGPU5K56BKAGOFDVYZ7MZT5CCLQ,5,177,4,4,False,7.492812231408941,0.37328613786669823,0.626817436798612,1.0,1.0,1.0
AGGA73VALFKPEIR7UR7X436FENYQ,5,135,4,4,False,7.384570770445593,0.40695436913223443,0.6824498752702401,1.0,1.0,1.0
AERPMHQCRO2J4KJSGXXXOO7EOD3Q,5,123,4,4,False,7.435346298364965,0.3290736581941046,0.6327605211957115,1.0,1.0,1.0
AGTHAKGKUYJALL7LV2B3EVSM2XYA,5,118,4,4,False,7.777655913116088,0.3541682172296818,0.6411540863919803,1.0,1.0,1.0
AELR4ZISE4URDI56E3XVN7AP422A,5,109,4,4,False,7.141334074091519,0.33729267432394566,0.6398946309749269,1.0,1.0,1.0
AGUEIZI5BONVZSNA3FBBR6DBX4JA,5,286,4,4,False,6.269943627563148,0.3201318655767079,0.5850165311635414,1.0,1.0,1.0
AEFMCW35J7YWMM7HNMTAYXRHQNUQ,5,102,4,4,False,8.896398692873188,0.3910371032734967,0.6672921209015015,1.0,1.0,1.0
AFHRBFA4AXNH4BI2WYWQNSSUXLNQ,5,116,4,4,False,8.559317100137022,0.41437731459670835,0.7136864680532196,1.0,1.0,1.0
AFVTHPT46GLPZLSL64FJFXT2535A,5,105,4,4,False,8.460468257731733,0.43434176662673685,0.7548710306965489,1.0,1.0,1.0
AEUO4WFK7DXIG3QL3N5REYFZ67DA,5,110,4,4,False,9.45726361658836,0.3848529910225729,0.6674023388335539,1.0,1.0,1.0
AECOPBDL3PHOESNB2RXKPZSXGBOA,5,1050,4,4,False,8.66413639546843,0.35342400884783776,0.6256840117365268,1.0,1.0,1.0
AGEMMF33OU43HMF3U5ZSEQZUOQ2A,5,102,4,4,False,8.58605355372985,0.36495205756196536,0.6315091260250599,1.0,1.0,1.0
AEORT2SOUGKL76PYWWGS4SUL3OSA_2,5,152,4,4,False,6.757687145879628,0.3234159742322007,0.6124614572302717,1.0,1.0,1.0
AGVEWYSBJBPUE6KH4ZC55JCNLQHA,5,110,4,4,False,6.486689719666697,0.32367033476330476,0.6040108848262657,1.0,1.0,1.0
AH7BKWN5OQPMQXJ4ID2CDIUSZ5CA,5,109,4,4,False,7.441583068801103,0.3461072410616702,0.6741286492223479,1.0,1.0,1.0
AFZIHXLLRIZYAZDRCGC3Z4DYUMQQ,5,108,4,4,False,9.159219283980704,0.43421996838532084,0.7068493417439715,1.0,1.0,1.0
AFSQAZ4GRUOGBTBB4IUKKLR4UA5Q,5,139,4,4,False,7.665753792314365,0.3523008465490532,0.6191267412902389,1.0,1.0,1.0
AHF2R43HMV6S2J42LN6NLQTRBLJA,5,356,4,4,False,8.996632134680999,0.4006900483503698,0.6827092106093087,1.0,1.0,1.0
AH5NA6LIKHFQO3CDP6LULJT6VLYA,5,126,4,4,False,8.225685867966016,0.35611530525503055,0.6172057907226985,1.0,1.0,1.0
AHARWDOEUNRTMI542YMXT7AVCEHA,5,117,4,4,False,7.856390879307387,0.29731636632208225,0.5649499118869177,1.0,1.0,1.0
AHQ5BCBPDVPYKSYZKDGQILZGV7BA,5,112,4,4,False,7.200417059134967,0.3108273730544475,0.5911621149179132,1.0,1.0,1.0
AFV5AGGMXOTTWHRUPDL7L5XQYZWQ,5,126,4,4,False,8.980013734376204,0.3754220049794471,0.6839641161847523,1.0,1.0,1.0
AGYRQBBCTRZP22B2FN4S6YUQ7WBA,5,119,4,4,False,8.213551163852534,0.3690504525231034,0.6351757845534293,1.0,1.0,1.0
AEJBSDLYHVSXPWUIDE5AA64APFZA,5,130,4,4,False,7.3429904272939766,0.33366032435229565,0.6123479837102578,1.0,1.0,1.0
AHUYAITDXGCQ5RLRZGP5C5PLRB7Q,5,306,4,4,False,6.981977092845328,0.35222546333104704,0.6498803440790324,1.0,1.0,1.0
AEXLG6VRCCCJSLIXO4UNWAZRMDRQ,5,109,4,4,False,9.000909166029638,0.4451448671160238,0.6775443163969486,1.0,1.0,1.0
AHT6AM6BNIZUHFJB5V2M6XM72G7Q,5,120,4,4,False,6.83597632517997,0.3894214359868422,0.6352956038638198,1.0,1.0,1.0
AFOFZZYF454MYIWDTFMC2U53OR6Q,5,139,4,4,False,7.225553364269722,0.3372649962526453,0.6076662766976908,1.0,1.0,1.0
AGSLLUZOGIEXU3PRJIZDI2IURLJQ,5,141,4,4,False,6.850699059008814,0.3128805173140284,0.612263740615529,1.0,1.0,1.0
AFXF3EGQTQDXMRLDWFU7UBFQZB7Q,5,2927,4,4,False,7.170514182939482,0.4029488530386855,0.6759026113536774,1.0,1.0,1.0
AEMRDONNNZBO5PQ2HEFXCB6HREDQ,5,109,4,4,False,8.108495317503243,0.3858432882275352,0.7040812640018985,1.0,1.0,1.0
AEI67WXFHB427HCYK5AMUELKVQKQ,5,190,4,4,False,9.325294535275944,0.345632425157581,0.6306907794009404,1.0,1.0,1.0
AE3MEONE3CIG3KAFE4NLA2VKDC2Q,5,133,4,4,False,6.785274725713573,0.30449704433470504,0.5804699596811036,1.0,1.0,1.0
AGOCGNCMX5ERMMXJUYIWEVHJLA5Q,5,164,4,4,False,6.768996417494143,0.3882992584749875,0.7011212888971313,1.0,1.0,1.0
AEZY3WQ5CO4DOXRNJOWWXJYKCAXQ,5,223,4,4,False,6.610931392052928,0.3331129105977962,0.6055144069785089,1.0,1.0,1.0
AF6PYKOUHORFC3TLKFYFD33N4BFA,5,362,4,4,False,7.926247305295293,0.4954684254313951,0.7413123710027792,1.0,1.0,1.0
AGV5NQ4JDQD6NHXVF6AVZPVDX66Q,5,1022,4,4,False,7.661325561560731,0.39766876260314243,0.6650176849553495,1.0,1.0,1.0
AEQKDH33QLWB7DAQYYFQQ3WJLFWQ,5,116,4,4,False,7.750975293699061,0.31753497887702553,0.6067726227393321,1.0,1.0,1.0
AG5O64JBMX5QU6JZJMV6A7JVA4FQ,5,193,4,4,False,8.938603487605182,0.3955377837060767,0.6485722472551907,1.0,1.0,1.0
AHCR53CDYDQAS6C5TZXQWB4PWTCQ,5,2622,4,4,False,7.4761909363836745,0.4026904244759754,0.6826870012155786,1.0,1.0,1.0
AEKNMPUXBMNMHDYWMLKOUTEY3LYA,5,149,4,4,False,6.530737510021122,0.3055195732435306,0.5685242664929299,1.0,1.0,1.0
AFVRLJBDC44SIHVQUUFTON77M3EA,5,109,4,4,False,7.576765412127642,0.389995748032702,0.6435319242834026,1.0,1.0,1.0
AFETPCZPQZEICIHWZTCUJUVJPALA,5,134,4,4,False,6.2701701021086995,0.34730594619591704,0.6307823156598816,1.0,1.0,1.0
AHSJS6DJLJXZS4IS72QU3PPJDDGA,5,101,4,4,False,6.9568718602155055,0.3102440133298611,0.5604185288313975,1.0,1.0,1.0
AESP437VVPHFP6RBUAMJGBJ5HWBQ,5,120,4,4,False,6.368851442883862,0.438985592007834,0.7045757313632022,1.0,1.0,1.0
AG2YJWMXWKLFZGVDPSXO4LHCA3PA,5,578,4,4,False,9.038122077502637,0.3838705389466193,0.6275137114484625,1.0,1.0,1.0
AEIY34D6GHL47CSXOINXLX437PTA,5,167,4,4,False,6.342558352181852,0.3630690112890954,0.6165439697110149,1.0,1.0,1.0
AEDGZN5OQEJNL26DU6HSVJP3XPGA,5,101,4,4,False,6.898973298996477,0.4264859550203078,0.6729044658446388,1.0,1.0,1.0
AH67QNDYAF5I7XGT55OSFK4ZWZDA,5,126,4,4,False,6.303525578104514,0.34611876928412766,0.5994252479846145,1.0,1.0,1.0
AEJJ4HTWBXN5WXB2X2NXUCIS2LFQ,5,172,3,4,True,5.629100813824494,0.5824774994889631,0.8810708801416465,1.0,1.0,1.0
AG4VLC3WRWUPR4XKG4KPOXFA6LHQ,5,201,4,4,False,8.424246306146667,0.5202927113388983,0.7795842721282026,1.0,1.0,1.0
AFKSID3IJE4NMLXBF4UZBD2XS75A,5,129,4,4,False,7.783240567471808,0.33729862879253275,0.5767224940693636,1.0,1.0,1.0
AHE23HN6PWWLKQ7NDYTGYXULFTPA,5,100,4,4,False,7.980934021393458,0.4642515149696466,0.7328761015977667,1.0,1.0,1.0
AFXXNBWCNHQALN6XKWC7Z2JMIKLA,5,104,4,4,False,6.627004224839906,0.3145930157309883,0.605980554760137,1.0,1.0,1.0
AFJBKPK5W56XWSNPQU2WW66ISWYQ,5,368,4,4,False,6.530917811033486,0.39937160537897415,0.6728991843180987,1.0,1.0,1.0
AG2Q2QBN42KMKP5OY3GPU6MLPANQ,5,100,4,4,False,6.1283571843202775,0.36676525174423796,0.6403896357333079,1.0,1.0,1.0
AEONSYQSC53SBO5NSXJ6GRSWY36A,5,131,4,4,False,6.254060611343701,0.39428703760444295,0.7390797127917491,1.0,1.0,1.0
AHRSEQIU4DBPAPKJDIYAWCYBYPSQ,5,127,4,4,False,8.65975425592983,0.32604932075258614,0.6065737560976436,1.0,1.0,1.0
AHHQSSCEFBDD5V2IMTVEPR34BVMQ,5,404,4,4,False,6.946435167331711,0.40892340283002315,0.659219425482199,1.0,1.0,1.0
AEJULOIIS2FOHJKRJK5JLXZDWFOA,5,133,4,4,False,7.674146231006068,0.3895007961300573,0.7070206083389661,1.0,1.0,1.0
AFFV2L7G7ZRITBQ7GVVKMO4J26XA,5,116,4,4,False,8.322979543690442,0.32986661183185495,0.5927538791743381,1.0,1.0,1.0
AHPDWNIO6GPOATZP63X3FUAQPPQA,5,299,4,4,False,6.977633981993632,0.3448114446648181,0.6035310415967853,1.0,1.0,1.0
AE7JBM6K7UPOFSXSCXY2VAWFWD4A,5,120,4,4,False,9.131527456626722,0.4870607108126619,0.7014653747073474,1.0,1.0,1.0
AFDOIYOQ5JU6UHGI6FFDK64SB7DA,5,111,4,4,False,6.964782031088886,0.36527250557664626,0.5997139401330657,1.0,1.0,1.0
AFTPC7XK7ZWHRGU622TBRJVDQ5MQ,5,228,4,4,False,6.091277520641812,0.3770697340800433,0.664279945064515,1.0,1.0,1.0
AGKMJKWW2AZPOJGCZGHMNYONC33Q,5,174,4,4,False,8.907843695392613,0.495935495634662,0.7640988072071659,1.0,1.0,1.0
AEMOSR6PPH6SLWWH3FTRNSCEFJSA,10,115,9,9,False,7.829003581820985,0.19124273661206176,0.36636011266144664,0.6229188589519942,0.9587318947209399,1.0
AFIRDXKIWQG5TK6XGGUKG44Q3QNA,10,232,9,9,False,9.322543596319184,0.18618213175936552,0.334709144694561,0.5863678093823499,0.9447655255965351,1.0000000000000002
AEUAL3EJKUSTNB4YY6STLYGTJALA,10,331,9,9,False,8.619428335835254,0.1944883372685856,0.3491220237409954,0.5948127496634504,0.9397217841271062,1.0000000000000002
AGDFPMZUWIYJBX3DTVC2ZPJPALGA,10,237,9,9,False,7.525441163291212,0.19494755491276342,0.35147916045987404,0.6303115217065557,0.9630620022187666,0.9999999999999998
AEXBAGK42T4VUE6DK5APFV5ZJQKA,10,127,9,9,False,9.351270416752902,0.21224820001756795,0.388564031106967,0.6531287535079298,0.9565267472302104,1.0
AHAVVDFUPNWTGLACNX7FXDKNSAKQ,10,130,9,9,False,9.25609360030751,0.18900346070517013,0.3551788637892606,0.6458214236483611,0.9494976085023888,0.9999999999999999
AGAU5BH2622ISFNPF6E3FZGZ2G4Q,10,106,9,9,False,9.739964375560536,0.202317991122176,0.3641985666356443,0.6027917376953212,0.9509360320552624,1.0
AEYZ4OQR4ZXFL4EMBZDIZ4EX7FFA,10,130,9,9,False,8.485406074417039,0.21258375036242566,0.3731470383260087,0.6175235199735428,0.9405871169918997,1.0
AEFZSGWL3X6Z2VS65UON57NIJPMA,10,112,9,9,False,9.471307536686846,0.18195875548580337,0.3258524585671209,0.5805349070061028,0.9402094984306305,1.0
AGYHZ6BEEFCJJMD5CNSRKEMJEMCA,10,197,9,9,False,8.374582058236086,0.1815052397777685,0.3347837351262455,0.5983846169272263,0.9623743924234167,1.0
AFLDVQ2MD27WFGPH5HJ66GI7PO2Q,10,453,9,9,False,8.988210165679517,0.1984473642407875,0.36381560936836993,0.6173422194359677,0.9456124742589765,1.0000000000000002
AEIMKGOOPJCFS55HP4VNWY4N3SVQ,10,179,9,9,False,9.0518864870485,0.1979146110493026,0.3480197716376787,0.6030477350654829,0.9618105697643404,1.0
AFAOLRTHKC36JVPANVADVOWZDW2Q,10,121,9,9,False,9.076363750538796,0.21036868981638077,0.3954949623589332,0.6286618973022032,0.9561347385279156,1.0000000000000002
AFREEUPTDM4GQPYLVA2EU546ZNNQ,10,117,9,9,False,7.397835235884107,0.18507935805643713,0.3540774166195832,0.6130602880967779,0.9653589295095294,0.9999999999999998
AENEBO2ESDZSB3GSHROPTRBAN2VA,10,298,9,9,False,8.277229685801007,0.19310183560176272,0.3630492210142588,0.6187086497371436,0.9598086558082962,1.0
AGA6ELHQQPZEVEG26LAAV6SFWDEA,10,154,8,9,True,8.205269098149111,0.20526353955195348,0.38563845483566306,0.7017504040007164,1.0000000000000002,1.0000000000000002
AELJQ3VP26KANKYL3PDK5BYQLAXQ,10,105,9,9,False,7.632978391838272,0.18679820176425135,0.3586155524855015,0.610031317985006,0.9398778201882992,1.0
AG4LQ3ZXJ7GLXKRNXAMOYWVEH5ZA,10,117,9,9,False,9.66924441004009,0.2699806164051156,0.40127195632807305,0.6208908324083064,0.944627791360182,1.0
AEOYWMLWQX43VA3EE4SZAZK4AOMA,10,189,9,9,False,8.245993703036687,0.25514601182184127,0.4052924815816545,0.6464185005033405,0.9562410693432004,1.0
AEIIRIHLIYKQGI7ZOCIJTRDF5NPQ_2_2_2_2,10,155,9,9,False,8.137792584093836,0.21599369909240917,0.3725184363792452,0.6267019709934135,0.9519543125826582,1.0
AFATNFWGYVVMEZWGDNLDUXRBRFLQ,10,138,9,9,False,8.37032040286037,0.18723213160486524,0.3528434171388521,0.613597300918253,0.96392698491502,1.0
AELXQXLPI44TDSYJTF7SVIJ4YHIQ,10,151,9,9,False,8.514866755490038,0.20954611521314873,0.3612545300024563,0.6114185278218174,0.9435550712587696,1.0
AHPNEEABM5OSDMOU67FIV5767RUQ,10,334,9,9,False,7.878191706642182,0.20702436479855127,0.3782170901946318,0.6753582127089727,0.9633978338396891,1.0000000000000002
AGGA73VALFKPEIR7UR7X436FENYQ,10,135,9,9,False,7.724842954121403,0.18457531291629783,0.3522738394200776,0.5953712776438083,0.958085386255364,1.0000000000000002
AHGGEBG6ULZ4CC4XTUVH7JCO2ZRQ,10,169,9,9,False,7.410782095941854,0.1848525455184528,0.3250441418833846,0.5771918153977074,0.9337445532485786,1.0
AHY5L4NFQJZOERBXDM7EHXZWQMBA,10,109,9,9,False,7.243471642903303,0.1951930113152689,0.35809091115680336,0.61560002897161,0.958766316713445,1.0
AG272WR6P7SPB7U4RJZN2KT7NJNA,10,134,9,9,False,9.257580603087288,0.2137760005553953,0.3705278520290134,0.6337568344070154,0.9603404029669025,1.0
AGSGNSTI2FQVP2FA472PPANKG4DQ,10,101,9,9,False,10.707663624741807,0.2275333603901942,0.39302164382704774,0.6659911685027027,0.9682470232126749,0.9999999999999999
AEVNAOGKLGUNEKB6IGX3GZFFWBJQ,10,124,9,9,False,8.635194614439957,0.20875304039544468,0.3585051762615185,0.6273825603070312,0.9553459141663289,0.9999999999999999
AE5R3WBD7BSSWJ4F3PE5ICQHUCDQ,10,106,9,9,False,7.121379263247648,0.19919105503147524,0.3774034587791105,0.6521353974382698,0.9596154919124505,1.0000000000000002
AEBP2Q4O2JGI5KXYM25VW4I6MUCA,10,144,9,9,False,6.3566811734343505,0.18707127565136442,0.3512309247307756,0.5961869004844392,0.9425257454489259,1.0
AHGIDR4IJFS23Q4GTZ33FI5LYDSQ_1,10,3928,9,9,False,7.50128481752966,0.21444083046379947,0.3676413934464989,0.610329667727479,0.9457492656298155,1.0
AFWMAREYRP3DEKOE3DHJJQ6UNXYA,10,113,9,9,False,7.131562070860396,0.1717055285973485,0.3265428723074522,0.5826265643408706,0.9364165400413592,1.0
AGJDDGXMJFWUVAPWYWT6452FFQSA,10,236,9,9,False,8.28492034939908,0.1819721770834755,0.35994524055615296,0.6241801440533177,0.9463642006731338,1.0
AEFNW54XK3ARD4OBRWBS5TXURUQA,10,116,9,9,False,8.078775449613287,0.2503514106838296,0.4791347298651408,0.7191167612113191,0.9620456956932993,1.0
AHXC6RWIQNNNVBU7LDEMFHY32QPA,10,100,9,9,False,7.939937251991851,0.18094891953377695,0.35855040755230316,0.671566951256497,0.9561600773418668,1.0000000000000002
AHP5AG3KQWUBZ6QRXGWPC2OK2PQA,10,793,9,9,False,6.579711627951349,0.2225840879537182,0.3901290847921,0.6206244182600299,0.9503874751405218,1.0
AG247MO6LCT6AVOQPX5N4TXUVP4Q,10,148,9,9,False,7.940980617932159,0.177581450786748,0.33521388556986453,0.5758183251248997,0.9446320082055097,1.0
AGRLVQDTJKVF4WP3BUF7VPGKK7QQ,10,310,9,9,False,7.441782946128434,0.18608915798819894,0.35966570008100185,0.6199104700252936,0.9551734137954425,1.0
AFYAG7CSWHL2WLV52JBRW462JJFQ,10,126,9,9,False,8.8527632613988,0.18798612943720877,0.33270094365200054,0.5756455971151172,0.9532414156036555,1.0000000000000002
AEO6S5KUCKRTHOYDS75RKO56ZDFQ,10,154,9,9,False,9.462819319317433,0.20646748782579485,0.34108679438408396,0.5833962865786531,0.9417912342922816,1.0
AFFKZZOUORW65WVQM46HW5MJDK5Q,10,126,9,9,False,9.296072498809805,0.2649201836392642,0.41167659637704923,0.6471613116712475,0.9545935394278341,1.0000000000000002
AESXPFPYKPBWD4SLCAZRXX22GEZA,10,103,9,9,False,9.109313140346359,0.20165148454164483,0.34700014689816583,0.6002214424250064,0.9531225007394216,1.0
AHIVOEPP5OY7GCRETCWT5EQF7GRQ,10,114,9,9,False,7.787157500985428,0.18292555639563682,0.33288636168433017,0.59987311546699,0.9427145562792321,1.0
AHJ2EQIOGKETX22VMNQA5OFEXGFQ,10,116,9,9,False,8.228964211138528,0.200758529463975,0.36717883428216413,0.6245204460095517,0.9516582367681167,1.0
AFXBZTQQFKBDOGT2NSQVEE5VHKCQ,10,108,9,9,False,5.929013952814289,0.17325385141777486,0.3453573958230813,0.6192082979282509,0.9418882844228323,1.0
AH6RO2MUQJBOTBQMME4AIDNUJYFQ,10,142,9,9,False,8.351555509731005,0.18845846914919848,0.34553146199672613,0.6082088487206732,0.9487879415876912,1.0
AGBIP7TJWZYYCSCBNLFJMOPGOUGA,10,211,9,9,False,8.737169418778826,0.20104853687765062,0.3741686603457967,0.6291971841124104,0.9564250466257525,1.0000000000000002
AELM4ZCJJNCHH5KIJAFUBUETRIZA,10,118,9,9,False,8.449879034835671,0.2638597771742625,0.41691087182060516,0.6498451143409156,0.9720391312427354,1.0
AEUYAGVPGKPKZU5SG3A66V5VLMRQ,10,172,9,9,False,8.48428576874465,0.1857628516276722,0.34794004618982505,0.615141109216805,0.9465535376136307,1.0000000000000002
AFV4TYPSM3XZC27VSC2NUVOVJ2JA,10,324,9,9,False,7.118808438845608,0.22285590848275919,0.3731311535204627,0.618326512665662,0.9499796505781624,1.0
AHN7QO7GCXIOGEEGYQ2UD7LVG7OQ,10,126,9,9,False,9.299973201106976,0.26595787681829003,0.40567681112159937,0.6484446361877745,0.9475287760949208,1.0
AF4AYT2KDUA3BZUYDOV54XGILQ2A,10,100,9,9,False,8.447980542791365,0.18470076410813016,0.3666232164966791,0.6262348421479397,0.960118710046323,1.0
AEXCRWZRJLGRZPCVD3YGA5QMMVKQ,10,156,9,9,False,9.304877127086089,0.18850585314646173,0.37008835007640856,0.6473193440016237,0.957427184238284,1.0
AHBGMVTXWTS4YMVMWUUF77UAH24A,10,107,9,9,False,9.61824349791304,0.17911056725100963,0.3445749643267177,0.609344848695433,0.9654464608944504,1.0
AEYVBSVXB2M76M3HEX4PNF7GWK2A,10,115,9,9,False,8.742163050640704,0.1795288109090617,0.3324901563279478,0.6063252742830072,0.9554431588612458,1.0
AGWITEYQTALYN73Y2AP27U5J46HQ,10,146,9,9,False,8.908473759428013,0.19318623350150316,0.36295021785075976,0.6334836749995904,0.9538799660670065,1.0
AFXRCCU4R5UMKN2P45WIQSHM3QFA,10,146,9,9,False,7.943526639404722,0.22911988188428642,0.40100898505539917,0.6299132452345346,0.9594442762437954,1.0
AFDZHJN4DODEXOLEINLGVZOWICGA,10,140,9,9,False,10.248108794758538,0.21771089110532185,0.39703739787231057,0.6288671703441728,0.9424721607072744,1.0
AFPT7MUXVAM4NE4IKGKSXS6G3AOQ,10,108,9,9,False,7.733472794994367,0.17662906518286478,0.3432652404030054,0.5801262549908035,0.9345554414036491,0.9999999999999998
AEPL634LBBKZD4WC2WJEXH4DOWLA,10,101,9,9,False,7.299975051252439,0.18632739772345472,0.344121530990712,0.6165409571737966,0.9676085649236622,1.0
AGTEJVERQWRSFLUOXMZTJLYBOYIQ,10,220,9,9,False,8.380368761610706,0.19152053608012154,0.36504175409528317,0.6216968763686057,0.9391065878723843,1.0
AHAVFW4GL3ZT2A6PDDDJSJJ5GY5A,10,129,9,9,False,9.964019459962191,0.22436538711526605,0.375985218132121,0.6372325793401897,0.963361163903571,1.0000000000000002
AH2YFS7V23YAFP7L2JSBZRLIVUAA,10,126,9,9,False,8.239993814699385,0.19703278603100444,0.36044463398683796,0.6279097012149397,0.944844378100553,1.0000000000000002
AF3VSWDL4IXSKFT7GK6MHLHJ3YCA,10,122,9,9,False,7.8077394298676515,0.2133734511890445,0.367150773498125,0.6373336747014497,0.9501281870427011,1.0000000000000002
AGOVZTWAXGQ4KG3F2LFWT6DS6TKQ,10,105,9,9,False,9.215930186055656,0.2766559257141754,0.43270358266496867,0.6535964168260946,0.9566794377661045,1.0
AFIHPFIZXC72VUCPMVGRLMMJTPMA,10,182,9,9,False,9.484267213825,0.2114511626310198,0.3842704666796555,0.646190295477097,0.9793623846442411,1.0000000000000002
AGIPMVG2HKWT5CASTZYS4TAB22BQ,10,188,9,9,False,8.48929642796211,0.1916706219197081,0.3402020801163961,0.609056381009413,0.9628249852519036,1.0000000000000002
AG3BQZPT2PGT2CV2T74JPBFZQB4A,10,118,9,9,False,8.718878914632972,0.21186970325538304,0.38017032481151003,0.6412377255464394,0.9623380193804342,1.0000000000000002
AE2K7G2RD7RULVI7EICLIIF3VZHA,10,111,9,9,False,7.3358745824389375,0.2215523091365733,0.3715511115566095,0.6304235806508768,0.9427212028563204,1.0
AEUEV2RK2DDJASJJ3HRCQMZVC5CA,10,114,9,9,False,8.498709652292026,0.17860550384263513,0.3491568645541469,0.6200357368748661,0.9566426997598267,1.0000000000000002
AFAWMUZHDWA2BUULOOOVMF3RR6QQ,10,267,9,9,False,7.392894291751585,0.21560112824068312,0.3688138631556998,0.6196360436398763,0.9511394598802756,1.0
AHSSDNEMHCJBRRMCLPGASYU2JQLQ,10,130,9,9,False,7.911052836850145,0.22343719024432251,0.4152220691753877,0.6890955601423553,0.9672843731046293,1.0
AFH7RVQUMZVDTAOF7P62ZUL5BAVQ,10,105,9,9,False,8.903078500949361,0.23753313393487166,0.4401431229932319,0.732246490543925,0.9661623282238658,0.9999999999999998
AFNUHCITVPCKVVAAYVQH4JNECFWA,10,141,9,9,False,7.969238465209007,0.1917535075947065,0.3593836643520451,0.6281673237518126,0.9542552546419676,0.9999999999999998
AG3IOEGF2MNX7OC7JSUPYV2Z3ITQ,10,298,9,9,False,6.808988252401237,0.16182311002212235,0.3223213833179325,0.5935433446053717,0.9422212764339107,1.0
AF5F3I4YZ3UBPDG3BMFSHFNOYPCQ,10,114,9,9,False,7.5169838107592195,0.17591857288672544,0.3288445155281998,0.5896081836608914,0.9504306080171399,1.0
AHJ5GJR24U6AOMQL3ZKAFOXXS7MA,10,109,9,9,False,7.654864827446336,0.19345313808674489,0.34849102105645624,0.6060768916716779,0.9489601060757192,1.0000000000000002
AFWKPVOLEYTBZNW6FRJ4C4VJ76DA,10,132,9,9,False,9.636343810410139,0.23378429514710433,0.3958849089729439,0.6298839802206356,0.9600863257521425,1.0
AHKJQPQ2NLTXMC4BL7KN5LSO5HZA,10,215,9,9,False,7.563222982264864,0.15372841139333351,0.29802217500753614,0.5603555939968002,0.9408532124776493,0.9999999999999999
AHP3RMY24RUHJWKGGHY4XRXEA7TQ,10,121,9,9,False,9.242477154962428,0.2090635926578619,0.4043344729150318,0.6537864727726961,0.9555901774464026,1.0
AHT3FWUNV6WCU3WKDWAMAVDEV6ZA,10,125,9,9,False,8.362419008542588,0.1973195589007743,0.3434977134910244,0.6101051744005299,0.9440519913230366,1.0
AEJ4NPKOL2ATUHAR5YR6E64JN5GQ,10,122,9,9,False,8.214049225274314,0.18904624453692784,0.33943863465936325,0.584374087938605,0.9376433055664994,1.0
AGSGIJR2WQ6XRRRYNMSVCJLOH3CQ,10,146,9,9,False,6.635559797774806,0.21436540326117445,0.4000153056149054,0.6526267576341555,0.9502810873695765,0.9999999999999999
AGYGWOTELHRTF6OJXYJLPIPVPQCA,10,166,9,9,False,7.932018500280586,0.23904603909116065,0.39556581335752916,0.6345088054716036,0.9574843375924587,1.0000000000000002
AHY33GMV66E2L2OGPPLIZ3IDCUYA,10,179,9,9,False,9.058946112127492,0.24186414577786558,0.4168053874971485,0.6927228726999783,0.9574562680340821,1.0
AGM2IQT4E4RJBGCM5LJRAGVM6MBQ,10,180,9,9,False,9.996352287606356,0.22531467656805598,0.3834668912940098,0.6372340845007856,0.9624156997719833,0.9999999999999999
AEF4ERFVACUREO7O325GCGDHS3AA,10,134,9,9,False,7.905513717405395,0.22075996868980874,0.3748215893542248,0.630750522119352,0.9474512142866162,1.0
AFVBUYR2KLGZ4SFVK6XGBKVZ5CTA,10,144,9,9,False,8.34166982363164,0.22388499178406276,0.40571684340793945,0.634754403747836,0.9473162835009082,1.0
AFP2H5S2KB4WGAOIEEDTQBUMG5ZQ,10,118,9,9,False,9.752010546492299,0.20540326068876247,0.3822961158506276,0.686195427335347,0.9655808647117499,1.0
AGZZB4TFHPUUSVW7DDAJWD5DJQCQ,10,110,9,9,False,9.627753473894751,0.2138754890495903,0.3597622564544585,0.6078244173702848,0.94549311517597,1.0
AGRC7GGSEM62JUMADAPRDMWK63TA,10,123,9,9,False,7.163918388122338,0.18179853585432992,0.34313929269984556,0.6207054470687218,0.9667179984918868,1.0
AH33DSGP6JD2BY4GKQOMITFCNFKA,10,298,9,9,False,8.875180728394144,0.1856441974114042,0.3543822264727454,0.6413235208372894,0.9655451233878382,1.0
AGF3WT5EJRTCRVYOYADQDZ6DNKMA,10,100,9,9,False,7.620537228572637,0.16086589377302363,0.30201434286440354,0.5502696705351507,0.9370809411184797,1.0
AGZFC4267K7DXCAQPVQEXJHFUEWA,10,188,9,9,False,10.18553103425164,0.21609048625224597,0.4043972046797973,0.7012892713486051,0.9583316769965889,0.9999999999999999
AGKSBZKWZHGJKCNMBMM6AYTX3WHQ,10,117,7,9,True,8.663109555927692,0.35823134691172154,0.5079933100567421,0.7654869755899039,1.0,1.0
AGK7LQIMYOFD5UR6JTJYQNQHIP4Q,10,190,9,9,False,6.198117915697146,0.18284943216033284,0.3387946719089016,0.5897677906508073,0.9449432758942955,1.0
AG7J2BQ42YTOXPDVY4T4JZWUDCRA,10,270,9,9,False,9.570858891949875,0.2099503550988219,0.35713103480268515,0.6141580081546977,0.9436806539413537,0.9999999999999999
AEWA73ZOFSME3SMC6WKEDTKMDGHQ,10,116,9,9,False,5.469675060797202,0.17154441095588804,0.3263643726859259,0.5862192687179157,0.9401032888644065,1.0000000000000002
AFX4KLMEDBLOCTDCNSG6HL73R6ZQ,10,163,9,9,False,9.441601580541212,0.1734653442414444,0.32903893026045455,0.6124486502473051,0.9394004042573981,1.0
AF5WMXTKZMTL3EVJMZM63ILA6H7Q,10,141,9,9,False,7.969870513959778,0.21095594822080876,0.3802554250060326,0.6531192442593511,0.9592749607030141,1.0000000000000002
AGKFAOJX4FPADTOHRIJOBP3JNL3Q,10,203,9,9,False,10.02492771967791,0.20815902192370866,0.3764064609247467,0.6300491272160476,0.9475971491355348,1.0
AFZIHXLLRIZYAZDRCGC3Z4DYUMQQ,10,108,9,9,False,9.895661596553875,0.26726014856307645,0.42492772312084237,0.6692503400658365,0.9735176322806572,0.9999999999999999
AG5ALUCP2JUPUPJZQEGVYBWBSVZA,10,120,9,9,False,9.051688984313321,0.21237188561103965,0.3607918596719005,0.6024207567058011,0.9539157733027096,1.0
AGSL2AUNWK5OOXGO57MLCI2Y4MYA,10,247,9,9,False,8.366221503184368,0.20282139159763693,0.35496248932892827,0.6116070198224021,0.9449765738369782,1.0
AF7YPDDSITOLXXOX6JM7HYLUXK4Q,10,138,9,9,False,9.676438643001832,0.25231329779514733,0.4406947610272851,0.7010535898666131,0.9679163460938859,1.0000000000000002
AG2RSDSR2D3Y26RV2VO2Z76KH5ZA,10,146,9,9,False,8.277972588140788,0.20219778745945796,0.3809553947025555,0.6555918541650828,0.9585578008093276,1.0000000000000002
AHVLJYVLQA2VXUH4OZQGICPAXJQQ,10,101,9,9,False,9.978335079343424,0.22867976792755054,0.42599649478364965,0.6945130745843308,0.9672497263449129,0.9999999999999998
AHWFAMRETIELDXF3D26JA4SRA3FA,10,421,9,9,False,9.156390205676498,0.22232692017663347,0.3779999970312157,0.6369204970881966,0.9601127729392286,0.9999999999999999
AFSNEH45IGUF23MBKFH4TY4S6D6A,10,141,9,9,False,9.723842450056607,0.21557937071026634,0.3658873312058847,0.6288996209559529,0.9532174663396461,0.9999999999999999
AHN2KLI3UWLU73E74DDQ3DWIV76Q,10,129,9,9,False,8.610156490019437,0.18598794476323088,0.34653980354836095,0.6080024978542202,0.9491393328387047,1.0
AGZRUASM5MP7E6RPWO7BBLI35YNQ,10,247,9,9,False,9.142684436865212,0.19398625832466312,0.36141102725982727,0.6152778013764632,0.945414427748245,1.0
AEGBNQNP2YDBMHPTLBOYOOXXL3FQ,10,103,9,9,False,9.183810478517977,0.16645426269061886,0.31302679147895685,0.5489412347404039,0.9389240375811913,1.0
AE7ASEVRPJIQKV5PTPOX4AIDSYPQ,10,140,9,9,False,10.067953946518449,0.21765878606230715,0.38725929218513444,0.6297452598579276,0.9487040589738789,1.0
AHILECHCGMOAULUWIOLFPV2XTAKA,10,151,9,9,False,9.26036110176622,0.25915469246027467,0.40479710090485915,0.6522351782662847,0.9593528227844896,1.0
AEW7T5OK55DUZ4EJKRRXZYNKRT4Q,10,214,9,9,False,7.084803091801231,0.17507650802091482,0.33879645615673165,0.5968579715791985,0.9418976893247764,1.0
AGSFT5XKVSEWQ45E54ANFELLSLFQ,10,124,9,9,False,7.833292227467929,0.23801577626419504,0.4044753397556867,0.6785874937308479,0.9735908056207103,1.0
AFPIVFTKD2B5U365NQ2PSOOZZBFA,10,196,9,9,False,8.824506559054868,0.19241886832419666,0.35490871305564553,0.6017610007670554,0.947218487064237,1.0
AEWFDRE37ICDKBMVGFPIC3VHE2CA,10,117,9,9,False,10.061047376250475,0.24239625073552826,0.43657732003895544,0.7110988559963007,0.9630077590966573,1.0000000000000002
AEPPMFJUVGGQXIB64J6C5DNF7CJA,10,114,9,9,False,7.724313663129567,0.2168060376686413,0.4021879890933337,0.6484393165179627,0.9579813226983501,1.0
AH5ONINJRNZ674DXUMV4RMYIFYVQ,10,516,9,9,False,7.165654206398964,0.1760857345873908,0.3377880687492801,0.6035764271998042,0.9424771595023507,1.0000000000000002
AGGHIRS7NROMQU4N6PDJCNH26ZEQ,10,152,9,9,False,7.842346811936425,0.20855341986669856,0.39111890891437123,0.6570820818506121,0.959094866165025,1.0000000000000002
AFCZXK4TAXLJ2IOARDVBTRPTGVEA,10,103,9,9,False,9.84617984951282,0.16249959374614867,0.3130384253315889,0.5792350100333743,0.9580711012337231,1.0
AEUOFJ7IEGXHNGNVGLC4BQQ7XOIA,10,223,9,9,False,7.4422247444761025,0.16865623979078073,0.3070501885578874,0.559679157163331,0.9332056506614144,1.0000000000000002
AGVJST7CASCOH7EWNENJM6VR77LA,10,213,9,9,False,8.601064300482697,0.18629641677420777,0.3358926348712512,0.5919471372339827,0.9555823718770288,1.0
AE62HSB3XTOFDCM4GRIFDT2VIBOQ,10,255,9,9,False,7.6864816292854785,0.19939925696032104,0.3670620344428812,0.6373398551022439,0.9720153933837947,1.0
AHUPEIJQN2Q4QVUFILFTMR7EMJ7Q,10,106,9,9,False,9.833238937319363,0.23440627393554817,0.39640226062132855,0.6416622435293946,0.9507596661104292,1.0
AGOIB5PDEMTQG4DL45T53A62R6FA,10,229,9,9,False,9.619961805450131,0.2586463530975947,0.43652288854014626,0.6836691256469968,0.9534056769337229,1.0
AEHVQEYFL5WYB5PC6CUCUJPZEJJQ,10,106,9,9,False,8.465534452448631,0.21605448768644772,0.38017425338939426,0.6295324716480977,0.9489261550532433,1.0
AGCQMKREJ7MZWNOKELGVDQ4F6HLA,10,121,9,9,False,6.699873869664899,0.22310293175655316,0.3888111622349921,0.6238446167407938,0.9435089230933812,1.0
AE4OOUOFUEJB2QEIMULD6BLVBNQQ,10,106,9,9,False,9.458604655913149,0.23117623265338985,0.38804350733119414,0.6386454997578894,0.9451741773004788,1.0000000000000002
AFVAUF5XDUB2H6MA2ND3VFEO5E2Q,10,162,9,9,False,7.241549465287638,0.18438832158300875,0.3545989736744772,0.607132806565211,0.9387946869842978,1.0
AFWMG7UFWQJPALHSIATX2G6YNOXA,10,120,9,9,False,7.276518577081161,0.1760230139714337,0.34491212333993737,0.5838968139391341,0.9426006601309979,1.0
AHMYTQHNWTWG3H2BDSA3GTVKPIHQ,10,107,9,9,False,7.960193375574687,0.2077530445132562,0.3881522530026195,0.645345063223176,0.943650475076697,1.0000000000000002
AEVOB3QCKW4D2YH3C5EFJXAIXHEA,10,107,9,9,False,7.892004434840961,0.16287587342978394,0.3162352260772768,0.5789231203884883,0.9451343086407172,1.0
AFJQ7PUOS5R665KP35G6XAQJ7OOA,10,190,9,9,False,9.111729850898552,0.18404704250887993,0.33893414790232895,0.5778418686497446,0.9326387678503204,1.0
AFWBM3XXYYDKONNZWYBFEZGN4PUA,10,119,9,9,False,7.296023213381653,0.19231197518137252,0.35957555949974646,0.6341464563474919,0.9586583906614019,1.0
AHWT25SVYZLTMOVG6O2EG7QZHL2Q,10,225,9,9,False,8.582101962280973,0.1760757209920797,0.34027056990327875,0.6246666368617753,0.9626126209946775,1.0
AH4THCHYAGNI4HQPYQV2AYGDJY6Q,10,162,9,9,False,9.292179992202202,0.2768342706235426,0.46035911662905993,0.7278931279811615,0.9715667487650484,1.0000000000000002
AELHJGJ7U27236OSGNIRZI7ZJDCQ,10,312,9,9,False,8.235558192932261,0.20836995007426629,0.3992930642349489,0.6815188439849159,0.9614109621613075,1.0000000000000002
AGUOEDUXBQSS2IZBV7JKYBIOK5RQ,10,194,9,9,False,8.980496029355656,0.20980569441538166,0.3694849970830372,0.6284528958254825,0.9680959953830635,0.9999999999999997
AEC4YXC4GCBMXC2KGNFZ4EYPRT5A,10,131,9,9,False,6.84862208038163,0.19740582659886702,0.3557877658183758,0.6195611958739371,0.9436635869876737,1.0
AHYTEV7JD4ZPZ6C7YQYI4CM4EMHA,10,101,9,9,False,8.87211517841035,0.20466569874929622,0.3843708339904459,0.6822973677528879,0.9599846359825625,1.0
AHEMJ62SUJPUYNWGROPI6MUAYQ5A,10,199,9,9,False,7.440800796702029,0.2501830840316382,0.4450165713875795,0.7030929338663495,0.961926101943062,1.0000000000000002
AG4CEAFRHGDNLJ6FREM7SVHAEOWQ,10,462,9,9,False,8.26702418782716,0.1905847432295574,0.3414967848803535,0.60818039485369,0.9509754195620403,1.0
AGT5GPBG4R64OTKTLJOK6YAXEA3Q,10,232,9,9,False,9.198041771997765,0.1767000259804005,0.3364854023139877,0.6043487352499014,0.9493943650969477,1.0
AG3XXUIZ3QUAZJWYZZGCELHTAFXQ,10,128,9,9,False,7.4084094783655114,0.18958387219045236,0.35063198991743844,0.6136063407518052,0.9444656944807377,1.0000000000000002
AEQHIVYS4WSENWROXLUYDDV52QQQ,10,140,9,9,False,9.781923516170314,0.21722140221613123,0.4021524637626431,0.6446236754017264,0.9528404462143346,0.9999999999999999
AHGVHBZZ3SJIXLAZYKE3BUXRBW6Q,10,401,9,9,False,7.301286299868303,0.18850347111967666,0.34134431514920766,0.610717493015249,0.947718861218011,1.0
AEHTOGJ2OJ5TIFG2EFMWXHXYASCA,10,129,9,9,False,8.27360449413859,0.220672247986558,0.3874500035986615,0.6499568543332339,0.956059030738683,1.0
AEZ67KYWZUMJKIBB2R4VYQP2DATA,10,121,9,9,False,8.000897971938349,0.18833294603520784,0.34935261612072865,0.6031194693782189,0.9299016476983527,1.0
AF6UXJKNCDIFZCL3JPDPIZ3Q5ZEQ,10,127,9,9,False,7.814807253907186,0.21037276064664268,0.3695378639134198,0.6182311453634248,0.9441649773803873,1.0
AGZS56ZTPGFUCMXBRIJ3OAGH3KZQ,10,131,9,9,False,8.38565802994387,0.19036074876871173,0.3572000458255053,0.5999632601795961,0.9432833269445302,1.0000000000000002
AFB5EMZ7KD3GDB2FX4JDT3KRS5GQ,10,165,9,9,False,8.59662021188153,0.21640374543874102,0.3791404760320905,0.6298023466594835,0.9552624639120515,1.0
AFV2ZL27BT6G3RTJTQ5DMYO242TQ,10,138,8,9,True,10.189115657297974,0.20701511042431645,0.3552535988019422,0.6099793520845688,1.0,1.0
AFRYDQVWTDEA7724F2O454CVQS6Q,10,125,9,9,False,8.359055643661328,0.1836368232689259,0.34142580626191066,0.5913119888735638,0.9561884489931758,1.0000000000000002
AHGAZLFSLXF427HSFBTRKF6J5UOQ,10,191,9,9,False,8.211994431575517,0.18577645328988238,0.35004208052760916,0.5980037772743103,0.9415668451352721,0.9999999999999999
AEOE6I2CAJM23OYGDE7V3ZZAVAIA,10,163,9,9,False,7.6593722355388865,0.15877126669159392,0.3081049127875384,0.5761448522021299,0.9441258404759545,1.0
AEJ4MQMARLF3CETRXSPSFLBPJPJQ,10,369,9,9,False,10.335375879078544,0.21253480812144568,0.3812711913183665,0.664683224668542,0.9574193979622424,1.0
AGKBFSXT5MSPV2DLOXJ52CES22EA,10,656,9,9,False,5.913451602913339,0.1778683105798491,0.3437442729552949,0.6338504752167573,0.9632243984805082,1.0000000000000002
AFN7HNPPSFSTLXI3SWA6FNWKV6SA,10,235,9,9,False,9.014964416178639,0.2264407451238981,0.3760184483772323,0.6417485171063801,0.9519426376241793,1.0
AGMP22CF4X5SCBMB2MZSZFHJ3DNA,10,194,9,9,False,8.03065195261583,0.2052557949842535,0.38064800662968884,0.6238896050735225,0.9527220195070073,1.0
AEOROIOBPBERU4MECH4D67LANECQ,10,105,9,9,False,8.378079450581758,0.17828858338902812,0.3337836054027126,0.5882277408780138,0.9418973330788007,1.0
AHUSKFUP5FOS2PY32N2OT624O6NA,10,274,9,9,False,9.07566995179684,0.18922073299781314,0.3425417734929481,0.6028949453780098,0.9564038073706947,0.9999999999999999
AGULCZYDH3AYLJNW4UYR4SW4EHQQ,10,119,9,9,False,8.463769542722536,0.21609470549718748,0.377881240403318,0.6375075437322058,0.9452054058456663,1.0
AHUYFR4DWH6WKMYTB5H7IYGH7F2A,10,302,9,9,False,9.02744921725083,0.15681131300758636,0.3011562893282422,0.5673833053535259,0.9432164931553984,1.0
AF43BDFHZRMABFFB57FXB5RVIXAA,10,181,9,9,False,10.141429553873596,0.2615681419027996,0.4239275637022726,0.6548815923218181,0.9589690407878569,1.0000000000000002
AE5HNX5HIVHJH734GBQBRKUMGYTQ,10,238,9,9,False,9.114222677197077,0.20021464210540726,0.3538996627676085,0.6202513233991788,0.962725382939362,1.0
AGMRNSQL6FRY5GP77GUBUIR2HVTA,10,105,9,9,False,8.791823704438496,0.23967802806178795,0.3830999216555692,0.6346361794722778,0.9446283307397121,0.9999999999999998
AELDRQNEHJKEJ3QZM6SVNWUF2UTQ,10,253,8,9,True,10.95159403051122,0.30203327073565606,0.4984786208022491,0.7793951755710584,1.0000000000000002,1.0000000000000002
AGM26HADKCZCTJ6Q64PRL2TQRTUQ,10,222,9,9,False,10.445850467903355,0.3084109440299512,0.4473624830322208,0.6647329766830832,0.9571409834204359,0.9999999999999999
AEEX2WRVPIRNRDB44DF22VTO2DUA,10,174,9,9,False,10.410711644296361,0.2085490031569902,0.364021087708279,0.6403125412513939,0.9522371677822121,0.9999999999999998
AGWK5TRRULB7JGEHV6EM7D7JAU4Q,10,271,9,9,False,9.51542339853303,0.20531356565385456,0.38496130981113447,0.6821794524814342,0.9775577343719017,1.0000000000000002
AFLTMIAEVQND46Q243LNEFKJ57CA,10,120,9,9,False,8.651343649091029,0.19942911520028692,0.38118109876834166,0.6428949246444204,0.9567989716902738,0.9999999999999999
AHCJBVEXBM7TIHUERG7CKWYCL65Q,10,202,9,9,False,9.762524300357823,0.2469090173965725,0.4467809002610506,0.6770385382373879,0.9599065272994408,1.0
AHSRXEAKIZWDKIKTZF2HOG6NF2CQ,10,120,9,9,False,8.955185412373154,0.19526502500604084,0.38373495848020833,0.6313199973284436,0.9463980481828235,1.0
AGOHBDT4ITFA6OJ6FYEPZ7MV5YUA,10,121,9,9,False,10.097713733719859,0.2348314662555381,0.39775700903307687,0.6793631482510608,0.9677306626339945,0.9999999999999998
AGOJHYXWDQSLYLRW7ZBV2RGMQ7FA,10,150,9,9,False,7.821544385216916,0.18691279123103652,0.35871770433230465,0.6081907601265613,0.9606700224859179,1.0
AHEPLA43HWNAN5VRVBK457ILTEVQ,10,107,9,9,False,7.5939115197508436,0.19995663026978003,0.37205257232135575,0.6211136211444472,0.9444936682440549,0.9999999999999998
AH3OA7UZZDPP45TKL3XYPE6SALPA,10,219,9,9,False,7.886957970421659,0.22752050485441744,0.415865043170368,0.6501697566384217,0.9612221918765975,1.0
AH2OZFAVVLVSJS5CU7K7CURJSYOA,10,105,9,9,False,8.90352209397692,0.18608616356322802,0.33769200823028594,0.6073394063242257,0.9587707202904316,1.0
AF5HPPMUDYGZSNCQR2QZAU3G47KA,10,200,9,9,False,9.71560595651301,0.2787743623810722,0.4591315876311924,0.6821634125341836,0.965161238248504,1.0
AGVM37ENJ7TA4BJ4LRWQKQPMH64Q,10,109,9,9,False,10.03849698513697,0.3246501988421521,0.4733258106165579,0.6831913608152264,0.9671131175168628,1.0000000000000002
AEAD7ZP6VV4IJL2Z2HVIRVEBHZJA,10,136,9,9,False,10.465526009548292,0.29442805015196716,0.5329201007988461,0.7450193334663632,0.9650569908029426,1.0
AEFLJ44YE4GTJNXRJNWEVB4BPBGA,10,489,9,9,False,9.156778108934768,0.2579101363773208,0.45252951194531615,0.7042145384119761,0.9931623695670494,1.0000000000000002
AEGXVCKJYG6A7ZIDP4MNR45XSKVQ,10,331,9,9,False,8.652283450400272,0.17987027608378287,0.3151013058628676,0.5501587549006276,0.9386552772884104,1.0
AEKJQLMPWARYDWN4BQXBCPML2VWQ,10,201,9,9,False,7.482377936918362,0.22403353177624125,0.36592341817447455,0.6122838660355653,0.9585917353924726,0.9999999999999999
AFDES52WQO3FHH7LGY7EUH7BDCNA,10,128,9,9,False,8.787938681519524,0.22834969328843024,0.3809386773544338,0.624857128714243,0.9590713682882467,0.9999999999999998
AFV7LKHKY7TF3GKWLEBIWI47JSDA,10,543,9,9,False,9.422982049491566,0.2266851945495029,0.3903306939692549,0.6587696903655437,0.9623102279843964,1.0
AEG6ASBOHNKM2H5ZOADIGDHRMUOQ,10,111,9,9,False,8.905017686252299,0.20559849622106882,0.3876387243755646,0.6766791770204168,0.9667047236934231,0.9999999999999999
AEV53RCOPMQNNAYIDOT6K26HPCGQ,10,196,9,9,False,7.759524687685277,0.1938513309040479,0.34984040124761173,0.6130885791536442,0.9455866145825341,1.0
AHJZPHBEQY7LOHJN56LUBYXGOWSQ,10,209,9,9,False,8.536726404862653,0.2399594919706264,0.4316599083739728,0.6771173431906978,0.9717682442587011,1.0
AG7I652IF32AVKKXGITD3RCCT4FA,10,108,9,9,False,9.405567759274833,0.22847289482001598,0.4228062856666234,0.6764131713699476,0.9473562133395244,1.0
AGT6E6L72BKLEEJGX4MPM2BW5IDA,10,308,9,9,False,8.323078699394163,0.18742867704629007,0.35444141560065806,0.6325210430698388,0.9480949476715224,1.0
AEKR5LXGQQGEXVFZYE6B3FVEIJJA,10,109,9,9,False,7.5627394012057305,0.23081124798446165,0.4039578102729455,0.6409270097906274,0.9499904655179402,1.0
AFRHXT7JQYG6KQYNQ52DAVG2J4CQ,10,111,9,9,False,8.596023255803146,0.25444771285918905,0.42300496920868513,0.6608369922579472,0.9646315336496503,1.0
AFSUY5CW67K7ZLKUOEWM7QFRKJ2A,10,134,9,9,False,7.429799463136992,0.22321843939519104,0.41386842376554756,0.6572760472466851,0.9509387111152896,1.0
AFNIU5RTX74ILRYURZG7UGLYL2XA,10,145,9,9,False,8.691666026057229,0.2313075882073407,0.41740102105459764,0.6910084019004831,0.9651506273005768,0.9999999999999998
AHY5FPL6HYSJSWRQ4555NGCOHSYA,10,132,9,9,False,7.6759492872512025,0.19898749564489104,0.3647601427306881,0.5974846402465772,0.9483322231936424,0.9999999999999998
AGI3DNMK5LFRQAF3CS7U2WKVPSCA,10,198,9,9,False,7.392142826812471,0.1779347950895313,0.337855168144461,0.6231915082547591,0.9618475260305369,0.9999999999999998
AE6ZY3SJW5ATJ6TR3R6HZQKB3FWA,10,102,9,9,False,7.068854985982155,0.21048319634728208,0.3754410874425385,0.6617886265216355,0.9613552797666336,1.0
AHNDRGDP4AR4B7GKGU3SEJP2YCUA,10,257,9,9,False,7.584629455654422,0.2376150515472148,0.41814054415044505,0.6568110239203014,0.9682640885155976,0.9999999999999999
AEYLTTG6BD636LJSNQICVOWDJLDA,10,510,9,9,False,7.832821233082167,0.22481893905981254,0.40723262342290967,0.6310479633833437,0.9506581107328049,1.0
AGDHEVKQUYELZMDFFGG5UZF66JFA,10,193,9,9,False,8.575621468300527,0.2074507293866766,0.3654271631694829,0.6256330467629758,0.9435398797782509,1.0
AE7QX327FYG2YS4OL27GBQABRRDQ,10,404,9,9,False,7.870071920182512,0.1927132297101595,0.3466407201989707,0.6046146137182884,0.9469987673411433,1.0000000000000002
AFRHCRFFRBM3RVBVDMFDB7SVPTHQ,10,1524,9,9,False,8.23944877733937,0.202289976622167,0.3617360003343309,0.6305908346972007,0.9532513756546159,1.0
AEM3DX4EPJH4P6HSKK7FV6FTA4XA,10,116,9,9,False,8.63570703601177,0.2262604247931529,0.37123973109041863,0.6207177741351941,0.9465594189407182,1.0000000000000002
AEICZD35OTDYVWA2KPYWN4PDZ2SA,10,1953,8,9,True,7.164620937554358,0.2449035934105071,0.47193294271861574,0.7462356235352304,1.0,1.0
AEHS46H4OJSGKSTCUR574WZST3WA,10,113,9,9,False,8.844566439621367,0.2189987556127564,0.40377927499105376,0.6909579691264188,0.967058797835438,1.0
AHPPNXBRVHYJ4U5ULMVS62PKMWWA,10,106,9,9,False,5.77658477379544,0.20973558547357202,0.3742035911571014,0.6351587844069354,0.9608008420768307,0.9999999999999997
AFWGSI3AV3UORK7AHCCYA763KEYA,10,112,9,9,False,8.918098029092626,0.19040572769094036,0.3392445132162936,0.6072263464147867,0.9535529954483772,1.0
AEJUY5D3YNQ3FAOIZP3FBOJMPCCQ,10,186,9,9,False,8.322306908317893,0.1708877184215044,0.33153546575484877,0.5883265545993025,0.9474524706832123,1.0
AFCQYGNWZ7SBWXEMYGHHVHAIQTQQ,10,111,9,9,False,7.187163195437481,0.18239871044438954,0.3381596379833485,0.6059774056090328,0.94250125243575,0.9999999999999998
AHFVHAHPJP5BUZNM77UCYE7BXBXA,10,162,9,9,False,8.826639741003492,0.2522978274529216,0.41771958692146943,0.6594238166000179,0.9527208807727762,1.0000000000000002
AFINFIT7EFE5RFVRUECSDDEWU6IA,10,159,9,9,False,9.648833496980798,0.19914435904269234,0.3639819177826431,0.6335287304398659,0.9625017526162971,1.0
AEPBTWL72RD6XOTW3HFIACUBIPSQ,10,108,9,9,False,8.382072141609632,0.18636374903752856,0.3565636495354098,0.6300542406014569,0.9573829965603138,0.9999999999999999
AHWONVIIJ6KH2AO2G4RCTXKP3TFQ,10,243,9,9,False,8.969269677235493,0.21248758199412598,0.36192202023042847,0.6088517501169619,0.9635436945896223,1.0
AFP4QYATVNXK6THSST5R3Z2CEPEQ,10,124,9,9,False,9.625548788599499,0.2863139353575689,0.44641130544344493,0.7037452157188515,0.9651604379321896,0.9999999999999998
AH665SQ6SQF6DXAGYIQFCX76LALA,10,1054,9,9,False,7.222143165103055,0.2262878607255738,0.3640620685337373,0.589082577045694,0.9339206319811383,1.0000000000000002
AH5DFCQHCPC3QBPK3KR6CNP4YLOA,10,154,9,9,False,8.740657663613842,0.18716094167685302,0.3604895382167418,0.5949959392945555,0.9379744121879543,1.0
AE3KSRSPVCHRSTTRLBNCPOY4TE4Q,10,137,9,9,False,8.618618395625777,0.21138469849009403,0.37798189440212565,0.6334660728847478,0.9625238397720022,1.0
AG4GZ4MJEIPVMN4LDCQ447EGXNBQ,10,532,9,9,False,7.469934864432413,0.21403884495152625,0.38306395809956956,0.6323949472516975,0.9503669220747235,1.0
AFSKRBKXKHREEG7DNKSLHUKREI4A,10,120,9,9,False,7.926580992496076,0.20640829904927743,0.37400620337806934,0.6306547987724074,0.9531053030659941,1.0
AGDGBICJ5Y4GAZHCEQMQA34JBJBQ,10,393,9,9,False,7.986199446129146,0.2115402374572254,0.3856996715656466,0.6619056429206291,0.9598876798697674,1.0
AE4MO7FRNNELRSJORASJOQZAPPYQ,10,144,9,9,False,9.217332285126163,0.2408823772453334,0.4077563327471017,0.6696729444024766,0.961921777263581,1.0
AH76RNVXZKA5VFZFH76O6U6QEVGQ,10,154,9,9,False,7.170293132188767,0.18192888747881594,0.35795238040818184,0.6280539779865568,0.9544913212080207,1.0
AGIATWSO4UFBJ6NLPLWCKOFZQLNA,10,122,9,9,False,8.167115415762913,0.18863623929409562,0.35061511913660626,0.6134188209495379,0.964014724046651,0.9999999999999999
AH6EWS5QFQXFL4GQD46VO22VRCLQ,10,121,9,9,False,9.53311752367609,0.22612672236929618,0.4023169232802843,0.6499926462682075,0.953374917345983,1.0
AETJVSLQFY2F7D5AZ7H4ONORPQEQ_1,10,119,9,9,False,8.171707521238417,0.22590258394000176,0.3751195406384279,0.6496166145896801,0.9702210237384936,1.0
AHPVH5MVTFKNQ4CYTSO36ONH4HEQ,10,239,9,9,False,9.168189622471381,0.2774115543022836,0.45169305718941744,0.6770786938720513,0.9584468938207618,1.0
AE3VF6Z5FMD3ULQKEN2ZI3HAEKFA,10,128,9,9,False,9.548915801641819,0.2283541021458673,0.4150383105083952,0.6406762437431802,0.9569218204416013,1.0000000000000002
AEM3CBNWLJNQVH4K7TYJKX5J7V5Q,10,145,9,9,False,7.865780887157974,0.2786959863278365,0.4272799120134416,0.6673398820529586,0.9532097816700135,1.0
AHOHXQZCEU3KDM3TPKZRNCJ3ITVA_2_2,10,790,9,9,False,8.463445755637856,0.20489105852009284,0.3741471175025309,0.6623628120620897,0.9595919460686367,1.0
AFSV7WVU7TBFUFBQ2I4XAJHJK5DQ,10,138,9,9,False,9.278720589114878,0.2509316693991966,0.4375330002154114,0.7068974456979561,0.9746236943324839,1.0
AHNN7FW7ZAZASAEMMS6RJ4NAGVFA,10,102,9,9,False,9.54128366449552,0.1867024076422663,0.3427730302017803,0.6117194814536651,0.9419494794265197,0.9999999999999999
AFREQVSUT5EV2MKBLWJLEPHYW5HQ,10,130,9,9,False,8.170796447335363,0.17363306783820073,0.3305631113420506,0.5983309234593399,0.9577372293895645,0.9999999999999999
AHBFC5KHUWMYAUZZOWESXOC5YGHA,10,108,9,9,False,7.956065477967016,0.19088955937786042,0.33406886468903646,0.5799288739982186,0.939430600690983,1.0000000000000002
AH4YB5ZEFH665NEW5CYWR3IRP5GQ,10,121,9,9,False,8.270544918689847,0.2085424184514221,0.3875480497516186,0.6765870563622471,0.9653306819024726,0.9999999999999998
AGW5RTGKZVYINWJK7KO7JCL45QBA,10,147,9,9,False,7.331423074988146,0.18061076715211238,0.3316287603972609,0.5871547553906802,0.9338599952859827,1.0000000000000002
AE4RIJOVOVA2YZLFX775C4UZQNAQ,10,136,9,9,False,9.148621981723169,0.21210665018871858,0.4038108302554144,0.6529188463807936,0.9561140420233215,1.0000000000000002
AF2B2EWI4N5H3KRSBJFWCZI4CWLQ,10,104,9,9,False,7.137414645881591,0.18357725343151363,0.33613406835841364,0.5943496871338351,0.9598597160698845,1.0
AGPZ7KMTXF7ZZSQTQ5346PUGGAFQ,10,119,9,9,False,9.075509103255346,0.25343035533314046,0.4031826802076363,0.6543221859381768,0.9675157870700776,1.0
AES77I2GEGGTHPYTW2YXN6T5VGXA,10,179,9,9,False,7.996663191689488,0.20058538959009253,0.34931016854197766,0.6103667218019122,0.9476169033401529,1.0000000000000002
AFNUK4ZREIOXG2KKXC7QXB66YQUA,10,104,9,9,False,7.735600850953858,0.18823378586120815,0.37366644438493307,0.6380099254604599,0.9504001306885514,1.0000000000000002
AFAFPVBZWY74XHOKAX7AYGC77YUQ,10,108,9,9,False,9.587477590496245,0.1922202562699032,0.3606317198975705,0.6277774166625472,0.9475985040510919,1.0000000000000002
AGWBBHNEZXSET4S7T4Q7WC2AFY5Q,10,146,9,9,False,8.393267773544935,0.18800892425521196,0.36535868650518416,0.6038653147822731,0.9473828505445402,0.9999999999999999
AHZJLFGVOQUG2HNSYI6YCCLPULSQ,10,153,9,9,False,9.605083347987891,0.18839621425728872,0.3556645510845263,0.610896314889739,0.9421821392033496,1.0000000000000002
AERLC2UDULN7N5FQATSWDM2U4JTA,10,104,9,9,False,7.9956059469273475,0.20496862602930413,0.3558822650318857,0.6220406043699724,0.9527980403669728,1.0
AGMNCSMEST5JWV7BQF3GN56FRORA,10,120,9,9,False,7.771212534236501,0.23200823761918737,0.4046437736767399,0.6371786697361521,0.9451728049156863,1.0
AHNEUZEX5AYASGVMAYOS6EUNQIQQ,10,100,9,9,False,7.234817864994054,0.24054498869318533,0.4159587155234296,0.6622747507182097,0.9710994924859447,1.0
AGTUIPPU5SQY6DTRYVR64YTJXG2A,10,151,9,9,False,7.382592399148535,0.18332549792117636,0.3589467247189911,0.620329703850882,0.9468405874151677,1.0
AHYCWHEN55G5GAMWHMI3UJHQ3T6A,10,170,9,9,False,8.144106115690288,0.22050021417428173,0.38880461004845795,0.6527313876116443,0.9617867141762576,1.0000000000000002
AFSCJNRG4BAGAB37REW4XCDPE6XA,10,114,9,9,False,7.303968524337119,0.18924425755412327,0.35620685059306834,0.6342687727027395,0.9545454275450054,0.9999999999999998
AGQ3W32M4PSLHXUBYGJUKRLME5SA,10,121,9,9,False,9.921474335242465,0.2180674634135465,0.37359601628080324,0.6041075709777611,0.9463506511044127,1.0
AHJ5UYB6WIQRWXQJ2B5MUV564TAA,10,138,9,9,False,8.958725819710715,0.2475594334137922,0.4623075772390409,0.7133614590460484,0.9642084734294543,0.9999999999999998
AGJNUMD3ZCOGO6FFB6NAVV3CYP5A,10,190,9,9,False,8.255094267561887,0.18588811065557312,0.352481488417254,0.6191201435385012,0.9506666243505667,1.0
AE3VE2MPKBXR3OM3CJXE7FQZ5CAA,10,304,9,9,False,7.167644836543376,0.20029291424104068,0.37381370106344464,0.6393530517643355,0.9492711594884119,1.0000000000000002
AF4CNAUOROUP6WQEHMP7DWVB3KFQ,10,119,9,9,False,7.361767940278823,0.1894952000227871,0.34915540277652424,0.6187148101605074,0.9452945193779332,1.0
AF3GEGWGFHF5BHOAKC3BMXO6TVKA,10,113,9,9,False,8.433911386606185,0.24468820528766938,0.42778808404990243,0.6430352155053909,0.9523483379336832,1.0
AEUNI3OFLTJG7LZNVHXLKXSOLO7A,10,112,9,9,False,7.361347357956076,0.1995192743905998,0.3845848204914621,0.6603305609811535,0.9597659840717201,1.0
AEWHLGO6FWZ4ZO7N6TX7I2FYO6EA,10,154,9,9,False,8.151057232766993,0.17759886129869853,0.3266487917721811,0.5758255220999772,0.9588753465074248,1.0000000000000002
AG5LC5HSFYGJSK3AQGHEFHKX6ZWQ,10,2739,9,9,False,6.971961977429038,0.2044081321056191,0.40081059631742466,0.6480063575847645,0.94924536051516,1.0
AGFUGF7QX5W4NIJ5NJISSMNZIILA,10,355,9,9,False,9.647419486034815,0.18955743938803313,0.3546036777303552,0.621003890356371,0.967993765683348,0.9999999999999999
AEJAZAHPHKSLBHZNUHZTSQIVHMYA,10,314,9,9,False,7.889328333927818,0.20575702995211992,0.36744663566570823,0.647941432062297,0.9691577257414903,1.0000000000000002
AGHZXVOSR6BUBEGP6K3BDYLSOJ3Q,10,137,9,9,False,8.275437845494924,0.19735697848602204,0.3571931618712517,0.6072328082008335,0.9467131569585607,1.0
AHCR53CDYDQAS6C5TZXQWB4PWTCQ,10,2622,9,9,False,8.12224048813061,0.24643552688467743,0.41953883769039413,0.662545191407923,0.9578264355398868,1.0
AHFWDMP5HXQ3A3NTN5T4S7B7BDZA,10,112,9,9,False,10.040754117043647,0.20495373701754208,0.3658022056714538,0.6360959800049102,0.9604238595233937,0.9999999999999998
AGJK5FXDLTSWLFE6BG4BU5QKONMQ,10,171,9,9,False,6.775890189580674,0.19307269916423722,0.34107241863766796,0.6144427362938916,0.9527472211316595,0.9999999999999999
AGOVEEK7OQXMIF4I4UOXGD732XWA,10,100,9,9,False,9.48625380803044,0.22186639869421113,0.3841296282265771,0.6415496184327146,0.9779071000890914,0.9999999999999999
AFGM3WALHHNWCL3WI75IQQTENANA,10,492,9,9,False,9.420765045943151,0.19810449564925053,0.35235731836251033,0.614915855281549,0.9641013867600925,1.0
AG3HIKXAMFBUKALTID3BGXXOS5NA,10,171,9,9,False,8.03202146268108,0.18770255681399337,0.33187944257464685,0.5825724204404481,0.948419044114367,1.0
AEQGZGDBYSNVHUDER7LBYGXZK3MA,10,178,9,9,False,7.497822745568482,0.21190104004509644,0.38853630331277655,0.6490242461437181,0.9553043988747019,1.0
AEW6MP4UK3A3VZEC2BDQN3DFEKRA,10,142,9,9,False,8.150796909636057,0.21017238298681645,0.3737310470880474,0.6665255848779698,0.9549655771462636,1.0
AGZ7PBBXZAOSSRC4RHDY37JQG4XQ,10,178,9,9,False,9.02805958220252,0.18311808541855476,0.36136747621956883,0.6267247259403703,0.9548805738884019,1.0
AHSCNOTMQI2WQ4YUTXSOBJ3OFG7Q,10,348,9,9,False,8.614659400739187,0.2437187408563023,0.39481713105521277,0.6295448793021454,0.9402432280999989,1.0
AGLRX3SNKMVXT7LB4CNMLQOZBD3A,10,138,9,9,False,8.878025306430517,0.19089206428098976,0.3677008190413495,0.6207307758033287,0.9552334189891722,1.0000000000000002
AH6OYHXQ36UUE5V47JCRS4QMF4YQ,10,136,9,9,False,8.370108557568408,0.188380525048346,0.3534255404253608,0.6289779115177071,0.9487819902032011,1.0
AEMWMJSVSVJLDVC3566QJKS7FX3A,10,160,9,9,False,7.678997676981432,0.17502821407861754,0.32969978499423586,0.6000390444372182,0.9577967749050325,1.0000000000000004
AGSP5T6QDRZHHZZ4V5DFE62ZVXOQ,10,129,9,9,False,8.502404232187555,0.1885029406193503,0.3340735927376791,0.6145094410382328,0.9580791125553579,0.9999999999999999
AHX44ATPRIYVHL6TGP3RZN6XIK3Q,10,100,9,9,False,10.42446565397716,0.2364950689248084,0.39251793584491523,0.6266638300483802,0.948322996802151,1.0000000000000002
AGPFJ4F4XFOHAKDDX3AITBNIOCMQ,10,1555,9,9,False,7.057565699570105,0.1874641836798964,0.3484047143797298,0.6222317041015846,0.947521266652287,1.0
AE5ENPQDNKIJMBAKVDSJOTU573YA,10,279,9,9,False,10.310680423427867,0.18089183391876584,0.3477188744189084,0.6171101412153749,0.9462555475961714,1.0000000000000002
AHLUM3IZPNZPLJEKYACUGH66YQLQ,10,172,9,9,False,7.5813630812194,0.20461753709247593,0.3875193118916728,0.6296805301543918,0.9452504750265799,1.0
AE6IAH3TSJOSBDOJGBJHUR67WEEQ,10,125,9,9,False,7.597562953052986,0.20483663174451092,0.35398351698160924,0.6195974399695989,0.9606284563664809,1.0
AF5EMKPOFEX5D46HRWSMFMT3CIWA,10,140,9,9,False,9.757602673722536,0.2111104433220336,0.35831082223464283,0.6144538130016994,0.9529202916053899,0.9999999999999999
AGH5MIN6VJSDWJF5XACS6K4ZX6QQ,10,109,9,9,False,9.160395687024263,0.218636918037657,0.4083002085916232,0.6431888370515616,0.9669263291753765,1.0000000000000002
AEIEKUH6Z6OH2GVPS35MCF6C2YNQ,10,440,9,9,False,10.168139505316269,0.22708337579524132,0.41296455473269017,0.6735519360346675,0.9636519749708897,0.9999999999999999
AH2SLATPAAEXB3ZHYVCNYFUTTKWA,10,169,9,9,False,9.74884340455278,0.22677152881530005,0.39761540998292927,0.6401429115933978,0.9425758868237059,1.0
AHPDTZPJURZALWCECXNGOSQYBZXQ,10,238,9,9,False,10.900126631585925,0.2672351790027186,0.47758677355874574,0.7497470389020978,0.9806859346373072,1.0000000000000002
AGODPCBFEQIVP5IXCBODQQHHDTUQ,10,155,9,9,False,9.132696743024297,0.19560541697947145,0.37108393471227624,0.6404434192286453,0.9514789267139155,1.0000000000000002
AHMEWSYXEUHS2P3EEHMYAXRGZXXQ,10,124,9,9,False,9.208760539797748,0.20592829208192354,0.3586775032457725,0.6016968702090277,0.9509547522816769,1.0
AFFAHDCNLJ7E3HVOXDMB4HUMM7HA,10,332,9,9,False,9.208677416561459,0.2467978456411205,0.442934414892152,0.6991949683250672,0.9818222813138047,0.9999999999999999
AGYWMGGQ32YMT5CZIFHLE7VLUT3A,10,207,9,9,False,10.069691980271337,0.21867305710058413,0.38670998949538027,0.6546054470788031,0.9661150545072784,0.9999999999999999
AHCA3FF2KQI7SRT32XBZCNHFEHOQ,10,251,9,9,False,10.928856367830479,0.28594661601309274,0.510337597055595,0.7249709239781209,0.9758033800120635,1.0000000000000002
AGNO3G5WCNMOBUUXEFO3ADGZYWEA,10,161,9,9,False,8.331671953843752,0.21591526453022264,0.37543366935329564,0.6404846960057083,0.9551797803042833,1.0
AG2YZT7UL3WX3GXGTLDVHHTQNSWQ,10,191,9,9,False,8.076573135590857,0.20584106536619728,0.38168910653671706,0.6186242834367882,0.9458828277368939,0.9999999999999998
AGGF56HQRPIWUGGVP4M3FY3EXYOQ,10,125,9,9,False,7.102845220451115,0.21661833501797015,0.3588567945722748,0.6231892169598665,0.9568428688238119,0.9999999999999999
AGBIKKQCO7YF46LVG5FMLLUAYGOA,10,438,9,9,False,8.944447360118243,0.20351854128192884,0.38991253368999645,0.654765699823537,0.955649200133695,1.0
AFCHDDQ4PQGOSYA66FSK4KUAOUDA,10,229,9,9,False,8.678389835040257,0.18966116879609685,0.3574516692612796,0.6150941274013557,0.9502757280800279,1.0000000000000002
AGPMIOI4VJG34LTTSDK7SR4PHQLA,10,104,9,9,False,6.217294230002438,0.17618389946409124,0.32845495911111133,0.5918303236678798,0.9532477246729528,1.0000000000000002
AG73BVBKUOH22USSFJA5ZWL7AKXA,10,1375,9,9,False,6.950966101185902,0.17255689192798404,0.34291812528627313,0.6209516233446186,0.9506624785267134,1.0
AFTS2ADH7XVJ5VNQCXLYVNMTJNGQ,10,349,9,9,False,9.025861551709717,0.21237272354179293,0.37626677929098845,0.6548353708830623,0.9727221848152503,1.0
AHB5KUPK5G3TCAYG5FVU6FZTZNXA,10,170,9,9,False,7.285272165911076,0.18688447370210792,0.3602553273992683,0.6264733045501499,0.948573585900198,1.0
AGZC734FUDTRUS54AWY5NO7XHCIQ,10,410,9,9,False,9.69161618195426,0.23731031889418305,0.40317110652268584,0.6763142665667379,0.9782385100726454,1.0
AEXMI4V5PBFOHJKW7HNXHVKRBRSQ,10,106,9,9,False,9.083368634178711,0.1784333601738357,0.3252378748570706,0.5785758858816475,0.957025364877955,1.0
AH6EUO4QSQBUFNDUGEQEOYO3DBEA,10,102,9,9,False,7.846028222766895,0.19419608477115033,0.3506753582202822,0.5848892413553045,0.937369793395812,0.9999999999999998
AHX7REGI74RJYU6QNM6CHKH2L3SQ,10,247,9,9,False,8.358280563770506,0.1758833181840479,0.32504679548422555,0.5736433201738561,0.938109480063186,1.0
AHVMJWRWKAWN3HWY5EP2ZIVWW62Q,10,109,9,9,False,8.972279683072454,0.23538538804466294,0.3948415789488129,0.6447119139477785,0.9603379767782748,1.0
AEXEA5OJQ2MKMKW4R2CTOAG6VHSQ,10,114,9,9,False,10.176638960043116,0.26830046767634047,0.41058383708902474,0.6576904684863623,0.9530613467239056,1.0
AFC47ZK3Z2BFXSQPRI5DNSQCY2BQ,10,117,9,9,False,6.803651538123771,0.20674262729885648,0.3693119626507174,0.6171968544585343,0.9491873813733731,1.0
AG4GOFNGMDU36UFD2CH5PGWIEW7A,10,167,9,9,False,8.948123927966723,0.19721409317795716,0.36553908388232587,0.6577147307341704,0.9568778315427996,1.0
AHM6CJDGT743FIJBQKAHW6KZVS3A,10,113,9,9,False,9.149844162704811,0.257519680719112,0.4238662332852741,0.6562976324846109,0.9743856334950137,1.0
AG2C6A2ERINH56325T6QCUWGYVJQ,10,110,9,9,False,9.409172035457281,0.2575116881699574,0.42249567944392463,0.6683413675186045,0.9666863578795079,1.0000000000000002
AF2AG6BMIQ4SQRQNP7KF3V4KT3DQ,10,113,9,9,False,8.950678374482779,0.1972781171224665,0.3667859406492667,0.6145237567734064,0.9552260900871522,1.0
AF6SM2ESLD534XWS7P6PFSL257CA,10,620,9,9,False,8.307662176724802,0.25477021352005863,0.42359162626300356,0.661063397172324,0.9621003925655295,1.0
AHMSVEFJC7AY76OCKWNTAIDUIM2Q,10,100,9,9,False,6.88535526223183,0.18205882137919957,0.3533189386304241,0.6601621988689688,0.9539793420798551,1.0000000000000002
AG2VTFCAKUE6KZH72G523COQVUOA,10,186,9,9,False,7.905408852888943,0.23556535669557055,0.4367831908000503,0.6753681818027467,0.9691746770941374,0.9999999999999998
AGN5KJZU3FYSKVWXWM66LXYWL5CQ,10,1161,9,9,False,7.959397526434062,0.23515964730439742,0.4169435594101725,0.6691717377831908,0.9555930460384934,1.0000000000000002
AGBULUCAF23WPOCKVOFW7TMRG5SQ,10,151,9,9,False,6.976190423698214,0.24996010697328538,0.4466543768722373,0.7023399146745103,0.9760083783368029,1.0
AHXL5367RETZF2BEVUQMHY7E2LPQ,10,127,9,9,False,8.378409126737266,0.22651739107774868,0.4267979645039001,0.716684505703985,0.9833076240121791,1.0
AG5VMU4VFC4EAT5K4RTG2OPCL4QA,10,175,9,9,False,7.410199483509741,0.19844978816555114,0.3548395086653181,0.6175258291727201,0.949535736896233,0.9999999999999998
AG3JQ6U7SJNCLQ2ID3BXHDJS24YQ,10,132,9,9,False,8.16402083545128,0.20130243491900512,0.37110957794426336,0.6317773738573292,0.959659360137375,0.9999999999999998
AGQYTLVJV3COS6QCEYBO3G3ZENMA,10,141,9,9,False,7.797211221412752,0.18987040234642394,0.354460015106075,0.6031974139958175,0.9443324589673364,1.0
AGYGB42MVBQ4X2XNEX45VHJD7GOA,10,159,9,9,False,6.928136880295395,0.2128562334018147,0.3860919699532032,0.6402217592046408,0.9446715101772937,0.9999999999999999
AEJP557V5GGMT74RJBHACELPQGUA,10,145,9,9,False,8.274755933566405,0.23824490521952818,0.38902689056226436,0.6250661355965015,0.9453044615443589,0.9999999999999998
AEIID43Y5VNCZCTG5VPY64SUTMUA,10,119,9,9,False,9.13350633073973,0.2147809935470202,0.37241074685284037,0.6221210358389614,0.9494279483973237,1.0
AFSBX5OVGYFLTYAEINDN3NGWNZ7Q,10,136,9,9,False,8.631390330310985,0.27521573341036565,0.4292928989921373,0.6717244000897993,0.9536497001455924,1.0
AEDADYSG6CKTSCV7XB2WIRE64ROA,10,106,9,9,False,6.5279817700655025,0.18495896697182082,0.3422626222047998,0.5925712137893588,0.9471709855398972,1.0
AGTXKBHHGPNQTA7DOWDBCV4W4KXA,10,107,9,9,False,8.755655210746092,0.19963931814964891,0.3651236770896762,0.6373802808894639,0.9639416013140374,1.0
AHA2VLVJNU3BGAVHMXWKO7WKCGXA,10,180,9,9,False,8.995016299353196,0.25612636348727336,0.41079445504886547,0.6499869102653925,0.9597851557964998,1.0
AEWGIJRJ6FJANQOIJPTMSNJ6EIAA,10,153,9,9,False,7.999742004495173,0.20296819580870423,0.36914365953529416,0.6494195738697737,0.954937799637332,1.0
AHV6ORJZ5R7D5AE4ACP6JWJJGKYA,10,246,9,9,False,9.48718156282834,0.2090260427451695,0.3945121026456746,0.662209105581787,0.9688955358011443,0.9999999999999999
AEGJUYLQ33YRTQUTCMCJNFRQ7SMQ,10,710,9,9,False,6.303320416131562,0.20780255370513065,0.3918957123716633,0.6440308578654458,0.9571231089760185,0.9999999999999999
AFAKTJSLYPNT723YXA7UODJDEMFQ,10,103,9,9,False,7.47367952841791,0.22306663615612204,0.3898591353998197,0.6304625786315373,0.9500740245590814,1.0
AGYVC7KVHP2AWM7BDCEYNHFA6F3Q,10,101,9,9,False,7.832132261446339,0.20318746525600703,0.35242653327361384,0.5853849780329713,0.9415714918460278,0.9999999999999998
AFZZTCIDEOXXQLDMOCBPTLGTGLUA,10,121,9,9,False,7.846712859879781,0.1899164179685464,0.34808477168224644,0.6063343581732233,0.9509889942715405,1.0000000000000002
AHRACJKKRNEOQ2RXRL3LJUIJEHEQ,10,178,9,9,False,9.636569984523446,0.2119686853837439,0.4034350185940913,0.6700350791666374,0.9487999487388704,1.0
AHA3DNMQOCMQGOK6RYLBYFTW7OWA,10,103,9,9,False,7.175147499012261,0.17334256441946766,0.325136763674861,0.5784584787280596,0.9500860017394464,1.0
AE2SNL25YBYOP6LTXBYYJKYCOZVQ,10,114,9,9,False,7.9706544207303835,0.2381234328887137,0.4110534397043996,0.6447018034499475,0.9545045967378124,1.0
AGPG7HGPSPPUFHBJ5FY4BTX3NGAA,10,100,9,9,False,7.759126398640542,0.2399523414510983,0.397187340372693,0.655689756293972,0.950731669649112,0.9999999999999999
AFCMHYJTBQ6PGQWDCDWX2KP4GJ5Q,10,260,9,9,False,8.028105920563457,0.25790510072743517,0.43206798292807175,0.6770619440473356,0.9628334757319618,1.0
AEKSI575UP7LPD4NUWJFI53IFV3Q,10,220,9,9,False,8.625391774614034,0.2118979870851023,0.3969657188936998,0.6667617705662598,0.9635313935092237,0.9999999999999999
AGAVFN7CIWVLIDLJSMFNLJWNEDUQ,10,142,9,9,False,6.557209142723339,0.19777825088047168,0.37528151290307,0.6397773737893939,0.9588341885108985,1.0
AEZP4MEPLS6JWVV24LLVBVZXMSNA,10,324,9,9,False,8.120087516394513,0.17020088093419203,0.3372810881393764,0.5860979428099187,0.936323904465217,1.0000000000000002
AEDIMIXF5LZTNHLKWWJ3SDD3KVKA,10,268,9,9,False,8.057848883021713,0.2206965622760512,0.3825649275361368,0.6313009909527076,0.9460673034598654,1.0
AFJ4YAHXPKZQSEJTCCJ5Z4KPYZKA,10,110,9,9,False,7.686730218714453,0.22296536398225641,0.4205445039469639,0.6668213802591773,0.9687747194210518,0.9999999999999998
AEXB6YHCSWJQC6XGL5FXCLPWBRJA,10,132,9,9,False,8.693741006336817,0.20432855551571322,0.3463563846115566,0.5873288516126708,0.9352218864212604,1.0
AE2GZYIHR7J5P2RXNBGICKOVK6LA,10,103,9,9,False,8.04079890226124,0.1855753357824499,0.33705030958460896,0.5815451285318127,0.9389568819964532,1.0000000000000002
AGPLJFWPVOR27HO3RLMML2ZWEJ5A,10,103,6,9,True,10.235541611387237,0.35928090561879167,0.5644312998410965,0.8392755994239138,1.0,1.0
AHLAFGAYRM6P5V2ZPCAQHUHJF6ZQ,10,183,9,9,False,7.892992641458083,0.18047315422396126,0.3209050735767312,0.5726163720902065,0.9447996240131713,1.0
AHVDFCOEVNZ4WGIXXFLA6RSETHRQ,10,204,9,9,False,10.510339439322752,0.20347621132765387,0.3625912615938272,0.6372459272371239,0.9606317863600893,1.0
AHS76Z2GPIHBUHEAIIRXUEPHYMUQ,10,141,9,9,False,7.762650794768074,0.21247795261464536,0.3813566778730017,0.6526162540140904,0.9498996828513908,1.0
AGI3SL4FH4BXVEF6RABGSHGJ3QHQ,10,151,9,9,False,8.770518519975568,0.242579612454224,0.42520353037186287,0.6699490375825077,0.9664789061687341,1.0
AEMMJOZ6MN462IVHK6GDTN2OWT6Q,10,185,9,9,False,6.428590121982282,0.19745232181771702,0.35422723880346507,0.6219606405956187,0.9454890103113665,1.0000000000000002
AF5OFZXBBKPHYIPULJVLJI5UITFA,10,205,9,9,False,9.773430495537502,0.20160393341304858,0.37738815186592856,0.6241035335203088,0.9607302741412861,1.0000000000000002
AERT3FM7G3AUFDK6E3JX376SL3NA,10,101,9,9,False,7.929092831027464,0.20708337655813935,0.35426927410092185,0.629113009759817,0.9623079815945941,1.0
AEZFFXESKDJ7V2HSHIUWIJICOUEA,10,115,9,9,False,9.068556832790982,0.2389965795686138,0.41959181846535776,0.6712266846094102,0.9735986349590058,0.9999999999999999
AGDOLKQB35QQ45G23MU43JANJXYA,10,124,9,9,False,10.304067910590861,0.20254447826415167,0.380196586940777,0.6418924531380219,0.9567595353572245,0.9999999999999998
AH2EBJFQ2TGA23CPYUEFFK4YTANQ,10,261,9,9,False,7.019173428748129,0.23239997935303655,0.38871157617606383,0.6395015499323674,0.968443452071944,1.0
AHRSEQIU4DBPAPKJDIYAWCYBYPSQ,10,127,9,9,False,9.874479883918058,0.19806084293703508,0.35693387264845067,0.6007775438370645,0.9334131442507849,0.9999999999999999
AHOEMNCGNZJMIS5RHBTTKMDDQU3A,10,188,9,9,False,6.435054985250925,0.19126989682772644,0.3447111287625682,0.5986628704320579,0.9455940397355009,1.0
AGJTKP2RZ6PKYQYHQD5RWTFCAN6A,10,152,9,9,False,8.46649295080169,0.24265911606626517,0.4088430677744761,0.6614446215564036,0.9502299263169083,1.0
AGG57MAZR474OPZD356G7BL2EXRQ,10,104,9,9,False,9.999512617944996,0.21126189012558885,0.39479480622281116,0.645876387787553,0.9532761961489506,1.0
AF57NVU57KDQAEHYO4DFKEI65IRQ,10,192,9,9,False,9.686788407009265,0.19040963807258346,0.34368167320068715,0.5885336018806481,0.945180780771336,1.0000000000000002
AEBUDJVUNDEIPQDCVSN76SAKUL2A,10,123,9,9,False,8.803894569064664,0.20521196606620667,0.3762712843788998,0.6448998704922194,0.9560007736051412,1.0
AEIZ3OK5TPZ7MTYXHKCHMG5MQWJQ,10,101,9,9,False,7.87164399302668,0.2186407168417538,0.41611338132877085,0.6541713517546658,0.9672960562915337,1.0
AEYSO6GNRBHDXBDQ643LNCN5W7VA,10,251,9,9,False,6.04860394070014,0.17112071857555317,0.3305756148342117,0.5966084245270366,0.9485141884639261,0.9999999999999998
AESYGQVMCPGJ65L3HVVPXJ4ZSLQQ,10,151,9,9,False,7.975875222415441,0.20337143722359516,0.36150951226144235,0.637567564068123,0.9665014456725501,1.0
AGSQN7QVGI3VRJO4LX6F5E63QJIA,10,107,9,9,False,8.788356318161227,0.20081957039772327,0.39418610206786975,0.6734087793249899,0.9779358268470515,1.0
AFCFX34G3LQLDXEEBCPWSX5RRYYA,10,111,9,9,False,8.035684348578355,0.20623514196738152,0.3812818893142591,0.631714692797963,0.9509589411426681,1.0
AF32ZDFW7OEPS5CRF23FLNYR4NNA,10,188,9,9,False,9.662080425774866,0.23090724252817657,0.39602098106555955,0.6541004545497433,0.9616722772259347,1.0
AHF2Q6IQXQWNW2QUZ6CQTYQB6EQA,10,109,9,9,False,9.142705403971817,0.1813605166062388,0.3534172071013022,0.6154917081020976,0.9563010195723456,1.0000000000000002
AE74R4MXEU5OZLFWTEMEOKFLHBHA,10,123,9,9,False,9.216162274501407,0.2806000894282886,0.4445217062087241,0.6838098331333982,0.9643562672266998,1.0
AGSL6AZFE33KNFOXBRS46SYVPOKQ,10,104,9,9,False,8.963582317452556,0.20554056782232816,0.3637192807795722,0.6085944633953296,0.9534109688985068,0.9999999999999999
AFHIQ5JHFHHIGV35KUMBBGG3DR6A,10,266,9,9,False,9.59706138252511,0.22680026392503028,0.39658734922129407,0.6632111210276057,0.9716641451921423,1.0
AHLQ7RTLYEVSPPFCUB7K7CCYOV5Q,10,117,9,9,False,7.126130679962296,0.20846362261042659,0.36997426266382805,0.6245060227212718,0.9477514222761031,1.0000000000000002
AHLQMVNQZZI5XL45I27JQFK3VC2A,10,126,9,9,False,8.649148669971657,0.20837819697847493,0.36393788820805534,0.6042064691756069,0.9563697972980507,1.0000000000000002
AG2KYQ7Q2HUUJJDQ5QNJ5VDDNYHQ,10,108,9,9,False,8.496707601720423,0.194435874142563,0.368189931132768,0.6293366410190819,0.9629368720224999,1.0
AEJYFOK4LHIS2ROVL57UXDVAHBOA,10,100,9,9,False,9.73964593818099,0.218221078907581,0.37354338007978066,0.616746564197398,0.951714640255468,0.9999999999999999
AFL7UIJ6DCL3LV2K6H2FTBVGDLDQ,10,250,9,9,False,6.983363613746343,0.16644152683206948,0.3250244616803339,0.5789180269845365,0.9477973243634672,1.0
AGLDFK6L3PSYP4RAS5XTJPWVS7FQ,10,106,9,9,False,8.742962414004527,0.21759007051720994,0.3772634394538583,0.6631243594051727,0.9507927392055905,1.0
AFOMW4XMP7LLRB2UZIQGTH3HHCWQ,10,107,9,9,False,7.487111991354445,0.2204358866342254,0.3957220348324979,0.6545085896977528,0.9520736070449157,0.9999999999999999
AFZNDWQKFM23I4GJ4QYLE6WXIMQA,10,128,9,9,False,8.9045514648661,0.2059507449102571,0.35834933383984435,0.602673568312643,0.9379306384731373,1.0000000000000002
AFLJQ7ONRNGXUCA67XWGIN4OLJAQ,10,222,9,9,False,9.588640728992212,0.20039675464186643,0.34643164362862244,0.6175345174420882,0.9542716611228261,1.0000000000000002
AGK7DEPABLFQZEYK6ZY4MD7EW53Q,10,378,9,9,False,7.682610293923122,0.20746046020489817,0.36132405518205246,0.6087063786233937,0.9490083355674568,1.0
AE4JPPM4YPZ4EONHBXME6VWPVS2Q,10,169,9,9,False,7.601181684090938,0.17750526265609692,0.33623009419730715,0.5987545153084662,0.9532738315129464,1.0
AFHLKSW47AKUWYYBLAFNOF2GRAKA,10,121,9,9,False,9.199268258655737,0.2174930262007477,0.4135465838572755,0.6668127354097214,0.9614190138399121,0.9999999999999999
AFBO6XWKZVDRE7B3ETC3AOHH5ZUQ,10,206,9,9,False,6.557440161385968,0.19843110969154423,0.3867221430231075,0.6636723505137017,0.9683743977872316,1.0
AHFKVOFR4GL5OD5WQOWZ7WKZLJ5Q,10,113,9,9,False,9.303077448851674,0.20710038291297578,0.3721833720999957,0.6244155436936519,0.9631455988383688,1.0
AEAUD2E4XHJI6XJDY4TNECNQ4EEA,10,173,9,9,False,6.5264969144838485,0.20007121641506428,0.38139003322940124,0.6380883107254883,0.9506746413260472,0.9999999999999999
AGS4U4TYF24NZPSIH2HMTKJF7ZHA,10,102,9,9,False,7.450816614711209,0.17473927675812587,0.3165124111411905,0.5683170932909015,0.9537231394082201,1.0
AEUHDKB4POKYWKAVGAUKCN4JSHSQ,10,130,9,9,False,8.296591876244532,0.2228340458432073,0.397507606340719,0.6744370199100084,0.9574738908815995,0.9999999999999998
AFP4VV7FHGMDUUZRR6UXBRKLQQRA,10,122,9,9,False,7.652097974401994,0.1699204974168517,0.32837482574713395,0.5841625476337332,0.9454614746544409,0.9999999999999999
AGBMWG5RST3LJWQ2YSOEISPVKSBQ,10,192,9,9,False,8.626718466342554,0.22891501537230285,0.4032080003909566,0.6308004510964931,0.9533597772390244,0.9999999999999998
AG7A3O55CZYL7FOM7QCRVXVP3IDA,10,129,9,9,False,8.021690948429306,0.2558549728513426,0.44284764159214846,0.6772394517429656,0.9571717079336267,0.9999999999999999
AGNWFBNXATPJXGLZ24PZ42I47Q6A,10,288,9,9,False,8.70368848818526,0.22169796107512033,0.3830856308007167,0.627065825130396,0.9552460990175,1.0
AHKMC6HKGYSGHJDP5GW6RWQSTRGQ,10,793,9,9,False,9.315371407672123,0.2105706004922963,0.3786610439047659,0.6228274157407856,0.9517552114345612,1.0
AFZLBERQPA3V4XA4BCQ4Z4KYYLFQ,10,202,9,9,False,8.193309106794313,0.20579495438221537,0.370226175067886,0.6066158335961561,0.9454697730949737,1.0
AECCWTWRVTRL36SUIZOJ5OYQDYGQ,10,178,9,9,False,9.003059355368931,0.2097698699697102,0.3600494456865983,0.621107138021661,0.9570124322400416,1.0
AFJ76HHRRYYJG5EHTQOAZTGCQOAQ,10,184,9,9,False,7.930713408688134,0.18262547958985412,0.3546585947978127,0.618047321904976,0.9498808615207543,1.0
AECKGMR6XCQLS2CKXDI6KH46UWTQ,10,313,9,9,False,8.539314203123984,0.24929875917837613,0.4631637345210609,0.7020301177827538,0.9736726342995525,1.0
AFQXJUFP4PGITLRRO6WEU3OSFWBQ,10,117,9,9,False,7.519458497535883,0.23287584883099097,0.38240060115628083,0.6324782285370211,0.9483714502046146,0.9999999999999998
AE4ATYLRRBTI6V3TLHSUHN333JQQ,10,119,9,9,False,7.557689788660191,0.23819297306763354,0.4480067801721043,0.678990801007823,0.9534246751205,1.0
AFMY5CEPFKJXLHTMOJSYC4XABXOQ,10,453,9,9,False,7.624733901738244,0.17400947941429656,0.3412983639730893,0.5834992297724011,0.946829712510921,1.0
AFGMVOVC3JVTQIKZCWMU7GLGODOQ,10,100,9,9,False,8.384236281738055,0.21898884120876252,0.3748363131672657,0.6189729669621334,0.9477316272336568,1.0
AGXRJZF4ZQCEBYQ5XBXDIHEYK2VQ,10,119,9,9,False,8.780625657823943,0.21304058287603245,0.36848891356296654,0.6226472672502248,0.9557549797701339,1.0
AFWG3VCBDRXV4MMDNVOFWS7J4TDA,10,334,9,9,False,9.16637453377722,0.19995816776173136,0.3758283296681569,0.6411982081210933,0.9569260930929302,1.0
AGZUJTI7A3JFKB4FP5JOH6NVAJIQ_1,10,474,9,9,False,7.451055426544257,0.2523555771337938,0.42683392540017384,0.6844643963028053,0.9760607855907145,1.0
AEHH3ZK5OPHYILGVM6NIOAQG7MEQ,10,110,9,9,False,9.739422427720838,0.21407436069869476,0.4035279723811895,0.660718570430727,0.9610354602746939,0.9999999999999998
AFLZUVWTQ54JZIKLCEW3YIMUGHHA,10,269,9,9,False,9.333486855583935,0.2405134646144618,0.4310001393043617,0.6840536187291079,0.9631705944896272,1.0
AE5DKX6S7IETZBJZB6XSNNSSWKLA,10,139,7,9,True,9.06421339436114,0.2683212425163812,0.5208294105076053,0.8181690316024728,1.0,1.0
AHORWDUASCJWOSOEZPQHAF7I6OFQ,10,107,9,9,False,8.613345343335377,0.24009617476879366,0.38774022409945524,0.6378007338451,0.9526690998472424,1.0
AHZQJGJ6VCSHEZ2WA3YKZVGR5IDQ,10,313,9,9,False,8.980078720175356,0.2078397263416141,0.39716024690346874,0.6825391153952783,0.9612685206395721,1.0000000000000002
AELZDJ42ZTKWK3733KORAERLI2CQ,10,277,9,9,False,8.906487534190237,0.21503258388909213,0.36518505895598596,0.617778935829573,0.9475978381418774,1.0
AFTP4CS3L7FXZ45SXX553REC3MFA,10,109,9,9,False,9.431405773706762,0.19261891482959995,0.3694872455922203,0.6421504847388343,0.950696851015065,1.0000000000000002
AFTKKVIGT534WZS2NTESMPVXC5AQ,10,114,9,9,False,8.202236260652908,0.19112693089650398,0.34209099463073506,0.591095388221285,0.9467722298030169,1.0
AGBF546BGRZAFFEIPWP3FIPE3F3A,10,108,9,9,False,11.187834588251162,0.24528246673342952,0.38859030750078255,0.6397968079288049,0.9513568562913202,1.0000000000000002
AGLULUPQPXUOGFGKTELWMIQK7JYA,10,117,9,9,False,6.895675740795988,0.22838781903075064,0.41237689167029706,0.6496233672540723,0.9653435080686664,1.0
AHPGKGJFZMAVMDP7FWXXCWRXYD7Q,10,134,9,9,False,9.847106301085539,0.17499639506384862,0.33715461083045467,0.6206030231656462,0.9663836571125648,1.0
AFI4OQK2W6FV2UUKOD2NTTBPJP4Q,10,124,9,9,False,7.704082596259171,0.21909519619779788,0.37467892973194383,0.6203433133181758,0.9449140314604516,1.0
AEIE2UJDKWR3NG3CE34PT7R3QSVQ,10,573,9,9,False,9.662993317239609,0.22194780092469057,0.36169283399840585,0.5967512930990038,0.9528908667011791,1.0000000000000002
AGI7Q67LEC564DC6HJQ3FAVIYCVQ,10,169,9,9,False,9.487762991052739,0.20851898673706282,0.3915219810835469,0.6421058006496709,0.9536722629703126,1.0
AGFFCGQTNV2DUYSKVMV3QMI7MJXQ,10,2364,9,9,False,8.058170489730374,0.1806233981684603,0.33230465818059624,0.6037086250587823,0.9400653009885205,0.9999999999999999
AGM5JAMRPDLOXPSUPSBH3CN6WCMA,10,202,9,9,False,8.643485755515544,0.24201440235115024,0.39719081209951024,0.631082114664114,0.9395001484535263,0.9999999999999998
AFWICO7S6CSLJETX6O4DTDQIWUGQ,10,111,9,9,False,8.954835408065469,0.22443066662620495,0.38634644135517343,0.6153718050227028,0.9434558895263369,1.0
AG6UA75PNCAYQ63NX7IBSZRSWIRQ,10,111,9,9,False,7.844774636739371,0.2376080660279124,0.3970260772696411,0.6638134900199603,0.9650356014784054,1.0
AEXWRXHUHQ3SC2PLX2TETAGTVG3A,10,232,9,9,False,7.87403544361426,0.18770945857491253,0.3611926062240417,0.6054230620636227,0.9516289973673157,1.0
AF7R4OC3YUOI77VS55Y3B3XSN2OQ,10,274,9,9,False,10.948040453761791,0.2710528941139862,0.43331168101583917,0.6636162509563741,0.9524178227815377,1.0
AE7VDEI2MEZDY7YGDKQSSZ4CU4LA,10,114,9,9,False,10.293264104665306,0.20665357114958316,0.38085970379615636,0.6658699905668808,0.9675077963484953,1.0
AEGNC24TVTS47JL4ME36RXAMQTVA,10,133,9,9,False,7.577209615375574,0.22837750817557703,0.3868755970388539,0.6361646930151053,0.9548537533083706,1.0000000000000002
AFMDKDPTKFZNV63MUQS6N6RTXG3Q,10,101,9,9,False,9.109293199054783,0.20564863094509472,0.35418501376280304,0.6170671852587025,0.9540536680747949,1.0
AF3HOFY5T4LHGCCWXV5TUVVIVKHQ,10,169,9,9,False,8.426342057674352,0.18248070026453775,0.34213400532739513,0.6100251234914666,0.944766859164856,1.0
AELUXKVLA6MVN4POAMLJIP3CL3ZQ,10,110,9,9,False,9.54014082831208,0.22708155445116537,0.4008319951989323,0.6608578218868018,0.9523697860880337,0.9999999999999999
AH3UA2OVRWGWLLE4OWHRZJ6S6N6Q,10,139,9,9,False,8.414878975678727,0.21634643499944964,0.37805661217058895,0.6010552073494165,0.9421354480213256,1.0
AHC2NI7LIVUJYCFAIXBPANTPTPQQ,10,137,9,9,False,7.910195971047624,0.21509522275826082,0.36828170910978625,0.6275208032700258,0.9647214891437189,1.0
AE6MQHV66OK34BGN2TADAYGZJDVQ,10,139,9,9,False,9.98544360181009,0.18312044797966945,0.34553136593912936,0.6248138989094413,0.9563049804473552,0.9999999999999998
AG4Z6BH4X6MJ6COGZACYHWG64BQQ,10,153,9,9,False,7.0944049792625865,0.23442283190398588,0.401863111449309,0.6332591111910717,0.9465772938992214,1.0000000000000002
AHV6V753M3GUN346PBRISQW3MMDA,10,178,9,9,False,8.998443428815078,0.24477625193949593,0.415918662044523,0.6642783635145384,0.9590772526823262,0.9999999999999998
AGNAAF2KPX6YQ5SWLP7O2OZH4W5A,10,196,9,9,False,7.4450852029126,0.19192968725286758,0.3600328411606345,0.6298841866292749,0.9583015019745462,1.0
AEQQFXTK3EE4OM2ZVE6MVDR4RZFQ,10,103,9,9,False,7.205330256455763,0.19466360744130817,0.35932877416581854,0.6143222802331628,0.9513859335375499,1.0
AEW7VB43WF43JBV6TA6RIKOYLWRA,10,105,9,9,False,6.758102063331925,0.18167041964364053,0.3620468403013537,0.6112863778220832,0.9598418441336873,1.0000000000000002
AFXKFLPPZZYYA3UFWVV3PRV4NVRQ,10,109,9,9,False,8.822554640858323,0.2153180370426853,0.37545930534279925,0.6389009904408138,0.9626439543874452,1.0
AHTRYL3DQY5AJG2EO2Y6EPQMNQ7A,10,107,9,9,False,7.369234980608843,0.19450438466844205,0.3673772725260517,0.6556424593890614,0.958204343238033,1.0
AEVA6FDG4VQRP2P7IE352ZSPSKAA,10,159,9,9,False,8.755813661912521,0.18934125186992828,0.3613237478899523,0.6413367022972949,0.9793681384318242,1.0
AGOEJF6OZTPVVWPJDQFFISLNMI5A,10,111,9,9,False,7.478423549324121,0.17879417769528638,0.3386186168379259,0.5923457389683474,0.9424836161507031,1.0
AFCDUQVB7LESEXGR3YKKUJKIYVRA,10,139,9,9,False,7.508473172725268,0.2304872010855889,0.3897828681070387,0.6634489602777028,0.9635444293799365,1.0000000000000002
AH226IDGXDCUTFVYPYVDC3ZQRBAA,10,202,9,9,False,8.202097550017923,0.18961218776778466,0.3370212132712049,0.6073291083372043,0.9570090701360398,1.0
AG4SGGZO4SXO7HKIOSRWEMO76UQA,10,131,9,9,False,7.115005873943562,0.23371795284511268,0.41249962728237777,0.6717144026916745,0.9627965135768322,1.0
AHGTTJLK53MVVEOESYW7QJFVHYRQ,10,126,9,9,False,8.343616095743307,0.21768583349952095,0.3861076962570677,0.6254603246619754,0.9547249536960035,0.9999999999999998
AHAS2LMQPE7IIOHNA4T7VMF7X7PQ,10,157,9,9,False,8.90967809752174,0.20040990608800455,0.35947788933348707,0.6298225474105076,0.9628799538190316,1.0000000000000002
AETLOI346AO5NNO4K4BLOUGSHFQA,10,112,9,9,False,8.83057589695642,0.23745149412882968,0.41181365600947134,0.6569479813873459,0.9551860803166723,1.0
AHL47FCIM5NLRK4WSKMZL324GQLA,10,227,9,9,False,8.307733690230071,0.21575004397556655,0.4054562728490249,0.6519070996499264,0.9548155524589521,1.0
AHR43AXAYPDVPUQIPVQBYYBBPYFA,10,128,9,9,False,9.76690366377336,0.28064844712394676,0.42643306670184294,0.6580212957248615,0.9486236204356117,1.0
AHSASLZZLTR7E23XSOA4HW5QX7EA,10,240,9,9,False,7.814762283369734,0.17747895828415614,0.33734155834217255,0.5888192945509471,0.9533784157723173,0.9999999999999999
AGNVKXHFTQ5WSP7TRRLSTH5APJNA,10,188,9,9,False,7.374489741997258,0.19155723478275027,0.3616785803557458,0.6204492511738612,0.9480884773472514,0.9999999999999998
AFCBVSLZEW3N4WTHKN7YCQA7DHSA,10,145,9,9,False,6.490458757559293,0.16208562864016213,0.3196724781403865,0.59886219614476,0.9516652357123699,1.0000000000000002
AGI7Q34LZXOCFJ5HKAPWQOJTRQSQ,10,107,9,9,False,8.563505296501459,0.19540000789557294,0.3480496113670174,0.6064091110529845,0.9485304019028976,1.0
AHBPSOB5C4LMAVHKXXYZHKWQHHKQ,10,119,9,9,False,7.6965262454501735,0.1875166706138124,0.3674630632162996,0.6160638001211397,0.9463883758131207,1.0
AFG5DA7NUVP7FVG6MJWNXLGGO2LA,10,128,9,9,False,9.840439104373731,0.23446547643314203,0.4131369606576668,0.6744780659932049,0.9566259870728352,0.9999999999999999
AGXJG6MR7XYFSA2J6RX753MSFVXQ,10,110,9,9,False,8.058933358848586,0.22884569021269394,0.39707924172013875,0.6591780558307806,0.9611320672549915,0.9999999999999998
AGNN4VNS5K4D4YL5UD4X3POSDMOA,10,105,9,9,False,10.151321693001893,0.2313116321320108,0.43139028044782063,0.6930180084615336,0.9599390663886739,0.9999999999999999
AF4P6A3SEKS2HCISWAKFZVIFM7NQ,10,204,9,9,False,9.529679596671679,0.19884999609200896,0.37990089316672127,0.6623826597473434,0.9540945948835925,0.9999999999999999
AGSW2VSRS3CCXUDHTZRK4OKV4LCQ,10,117,9,9,False,8.086021026595994,0.21173489651085667,0.3873864440918336,0.6370989581196312,0.9522109982637299,1.0000000000000002
AF4OT4JFCWDCQYYUSABLCT6E7MCQ,10,164,9,9,False,7.9670840917774495,0.23491646530515659,0.4016093258345706,0.6391437106154946,0.9670703341369382,1.0
AFBXMLDI73OK56CZEJGVLCLNHRJA,10,114,9,9,False,8.92211079540096,0.1908055154492098,0.3699057578558158,0.6199983650041678,0.9585202601282878,1.0
AG4VLC3WRWUPR4XKG4KPOXFA6LHQ,10,201,9,9,False,9.09712348614386,0.2500231290699402,0.4614670224611094,0.745923798074786,0.9809305706819116,0.9999999999999998
AE4CGVZRXIAQDALP6UN3FMJF6NSA,10,129,9,9,False,7.888951812930214,0.18678139467807597,0.3606147139798561,0.6441008896226558,0.9737471859030696,1.0
AEL77HR7DJEAEUFEHUHXS4ITQ3CA,10,112,9,9,False,8.153215385512379,0.20504293992151684,0.3985928411787495,0.6628143542705577,0.962502310517251,0.9999999999999998
AHIPYT7Q7IDYXLLNNHYX5GGWMEVA,10,151,9,9,False,8.590866647779643,0.20038824262810928,0.35833231538560784,0.6053127449840539,0.966990675582413,0.9999999999999999
AFTUMJDQW4LZKXAPCB64N7R66REQ,10,201,9,9,False,8.205839322373645,0.19868928587965043,0.3678834768610257,0.6337798199998207,0.946579613443831,1.0000000000000002
AHAEKZNVFT4GOFJOORYICTHXILVQ,10,122,9,9,False,5.87766652148362,0.1706022900630586,0.3206873594864878,0.586717487116255,0.9488214135154709,1.0
AGIGXAVHVBQFXBXMOBNJ6HFY36MA,10,1194,9,9,False,8.509861650866467,0.23884480645411527,0.3931091444312059,0.6461063311074731,0.9485357757921851,1.0000000000000002
AEX7WYICU67C57WTXC4HTJEKRYEA,10,104,9,9,False,9.339458605278356,0.18738020846338982,0.3504059458457686,0.617197008065221,0.9480788846046533,1.0000000000000002
AGXAVDHJOM2CZKJYOTOOP32KVUOQ,10,196,9,9,False,7.929941763877348,0.22157849322933823,0.39040391636253896,0.6444752713086677,0.9498831060110404,1.0000000000000002
AF7G7ICZETLURH773PBFYFN37JBQ,10,143,9,9,False,8.342870850345365,0.23443413279064465,0.4005887819130438,0.6369156190555535,0.963108767695593,1.0
AEZ75ZGNAG3HTCX7UJJ5NZYKD5HA,10,316,9,9,False,8.196379659756726,0.176977448700932,0.3292398176185453,0.6012878721756684,0.9520393938186318,0.9999999999999999
AGOTQJS3QBTH2PNPRLVQSQ4ZVPSA,10,297,9,9,False,7.718998189252308,0.2192160892041222,0.3666520688379655,0.6182606589875865,0.9534866843638846,1.0
AFKX24ALWAPX366KX6DWTOBWLQAA,10,125,9,9,False,8.300373878571959,0.23700105443439876,0.38586023340970727,0.6362570873218384,0.9447634622465513,1.0
AFWVN52MRBWOTIK7UGXBWGOY4HBA,10,105,9,9,False,9.035986564304805,0.21163570033773188,0.39601452495095163,0.6605283899086989,0.9568180275288221,1.0
AEVEXKKEIOEM5OH3XGSVMUR3VGBQ,10,276,9,9,False,7.701171323759922,0.21892964104061333,0.3704240845172396,0.6136056888169623,0.9562651306582359,0.9999999999999998
AFBDU55MQTAQLS4EL3O34AIJC65Q,10,110,9,9,False,8.651083683269059,0.19909882653611108,0.3722902650120844,0.6429430987617558,0.9718383724760407,1.0000000000000002
AGQANC4MDXQAMK5QBH42MAM3KKXQ,10,101,9,9,False,10.207152688356263,0.24636076141740018,0.4088550937381492,0.6574086116403821,0.9720435546956937,1.0
AFAPFV4YW5JPXMWF3GHU7GHVAPSQ,10,139,9,9,False,7.895005724442313,0.17627577881497986,0.32753135115505894,0.5682596643031652,0.9390992981972717,1.0
AEJQMJCRCYXTXQ2BCF3XP2KJZMRA,10,155,9,9,False,9.24802275366027,0.2338051526851233,0.39172476150637703,0.6437997160360499,0.9487843627520317,1.0
AFCD4C4IPRARNMTGEHHWOWIE5KBQ,10,135,9,9,False,9.644900072143233,0.20810760045107055,0.3905517164638133,0.6496271807155389,0.9591432485536856,1.0000000000000002
AHBDTLNWRFQMXPI3OUKYMYBYLOJQ,10,177,9,9,False,8.455336389886883,0.18053715521753874,0.31931948391791826,0.5687036602394432,0.9460876103323433,0.9999999999999999
AH2HGXKZLDJ2DKPMA2THUBS3AF2A,10,121,9,9,False,8.024100234044159,0.21110224447864773,0.3778926730108133,0.6310682943202603,0.9470522424334803,1.0
AHMUT4NECOL57PONZ5IDTHOM5H2Q,10,116,9,9,False,8.661875734199395,0.20393610012153385,0.36651843999157424,0.6453536494179837,0.9753991661965026,0.9999999999999999
AHC4NS2FA5Q6SDVKCXSPEIPRB4GQ,10,166,9,9,False,8.020693298664268,0.20948069355661972,0.34408520320908054,0.586651515940133,0.9413410571676746,1.0000000000000002
AHU3PHXO5ROPM42MGBGX2WN6IX6Q,10,680,9,9,False,8.6674961901823,0.23864514042828683,0.4414136680591907,0.6873726124402093,0.9654536585833637,0.9999999999999998
AHZTEZKKMQTPNZW3AYURV4YDN42Q,10,692,9,9,False,8.383407537437124,0.2044256019161069,0.36374390776394483,0.6254861588521428,0.9533527958159465,1.0
AF3KNIB6JUAQDSP7HZEVB44DHMKQ,10,140,9,9,False,8.718254111267147,0.21741405820545345,0.381531512335205,0.6392823813733159,0.950803200833536,1.0000000000000002
AFQ3NFIIGSWMRKJNKGBKZOFT3HOQ,10,199,9,9,False,7.698007641403315,0.19759693780294713,0.3630304208635132,0.6078524518515079,0.9431363175654714,1.0000000000000002
AFU7OPCX5SYLPSLCFPGBVX7ZDS4Q,10,120,9,9,False,7.604131818821891,0.2454279317403205,0.4139327081534229,0.6469285754589731,0.957029128724806,0.9999999999999999
AGPGG7WGGS5HXQ6L6SMPXADKKOCA,10,174,9,9,False,8.506022169800117,0.21186650996524478,0.374574049648419,0.6455962249825263,0.9608006089351221,1.0
AGWJPQ545STVURY4F7G5CCPBIQ7A,10,120,9,9,False,8.196780987374819,0.1814399636915725,0.3330983905887189,0.5916307566642094,0.950955775906425,0.9999999999999997
AFTHDT2O7A2HWCMCK6AC2R5YE37Q,10,142,9,9,False,7.8696888848422315,0.18274418159990968,0.31741798009180683,0.5584231007745272,0.922259683351163,1.0
AE3RVPQUALI4HMJUOSE6YE4VVMUA,10,310,9,9,False,10.375491837868013,0.24185762947127792,0.4205415756435462,0.6727545196482737,0.9614107850971304,1.0000000000000002
AHFXWTBGOB75F6DFG7VUQZYQWMRQ,10,108,9,9,False,7.764456985694066,0.21850957695793183,0.4001979361227085,0.6496181686057176,0.9636537234992127,0.9999999999999998
AHMAGO6RME5BNQIVWP56IIWELOJA,10,148,9,9,False,8.795617450211846,0.22740413383442434,0.39964594326059977,0.6558984572141408,0.9592543787546515,1.0
AGNKIQAYLV52WEMBY3EPNECGQH6Q,10,113,9,9,False,8.400009460845698,0.200968837773561,0.3710489934019881,0.6345807789768066,0.9585820063606757,1.0
AH254KLJJLFZUUSWU6STN7PMKS7A,10,159,9,9,False,8.110015699605656,0.18009954722850552,0.35768712606725755,0.6367228604244286,0.9608263462200431,1.0000000000000002
AHQTBZRRGQHFON63FSB2VSOIXDBQ,10,461,9,9,False,8.694908752368523,0.18230392624069142,0.35797077769176083,0.616804060388465,0.9531843284871717,1.0
AE2D3KGDRDJH7G4HXN3GTND5IPLQ,10,251,9,9,False,7.9504964785802015,0.18919603189439144,0.3440661849261761,0.6129312272618005,0.9568866775110726,1.0
AGSNKFQ67XEX7JR3KMPUONRPNGYQ,10,341,9,9,False,8.504073692558425,0.18946625456762975,0.35419218735391195,0.6055713825494022,0.9473439984457108,0.9999999999999999
AE5ZXSOGDJVHJQZZIPWCGIOAWTUQ,10,127,9,9,False,9.360612353043855,0.18650715969339546,0.3359849575356611,0.626409738495553,0.9509458920227998,0.9999999999999999
AG57XB5NOQK2IQ4V7MX5T4FHH6YQ,10,267,9,9,False,10.820646734523507,0.22108458412642412,0.40497304780068205,0.6682415300132583,0.9555220234385777,1.0000000000000002
AFJZOARCCNHDUXHCMBAHLUMBSX7A,10,110,9,9,False,8.624808652254016,0.20077550415113554,0.3422015907494644,0.5816472700153168,0.9483062393319048,0.9999999999999999
AHJPNFZDSQAACCYT5XMAVO7WAFRQ,10,360,9,9,False,8.45080818663121,0.2117916933785085,0.38622446592895654,0.6642532534088887,0.967919450744092,1.0000000000000002
AE2YCIHHZH57ABZB7EWDTCF3WPKA,10,593,9,9,False,7.237077689803574,0.21642683259608528,0.3724693148498252,0.6467611368105985,0.9599226129865064,1.0
AFFCTK6Y27DONGPEBDIGH6YXH2TQ,10,943,9,9,False,7.667684053243269,0.18581978110101494,0.3396348241154446,0.5863917809198634,0.9362224296512073,1.0
AFGJYXOLE2THZ4IF3UVLSRTECMIQ,10,181,9,9,False,8.135219833009877,0.22711668404734814,0.3671064786768507,0.6095682516945647,0.952432130220397,1.0
AH34XZLFFNGG35PVAA5P35T6FMMQ,10,273,9,9,False,8.278885583445868,0.23155387332360758,0.4013206411488253,0.6671201768106116,0.9642392259213318,1.0
AGFIRKQTHCHHQAUS5MANZ7YYIL5A,10,113,9,9,False,9.577735285371547,0.183870541584789,0.34313196010091124,0.6051672091704998,0.9578315161176112,1.0
AFIQLHOXJGGFHI3ZMEJROMHZMEZQ,10,133,9,9,False,9.299208084901784,0.20017423844051552,0.3883630776446823,0.6607133730003167,0.9639654470640586,1.0
AE2APNKX4UAEBYWYZWY5ZADN32KQ,10,325,9,9,False,7.531803764204073,0.16352859020604982,0.31948273192911986,0.5877714351581874,0.9651120035162153,1.0000000000000002
AEIFL3J3AO7DLHEUWOXRLYHM7FSA,10,104,9,9,False,8.922572072329315,0.2119038924298937,0.36263294765041976,0.6141595974059424,0.9495919985953489,1.0
AFW36RMWRTV7OWBDGSOSZSUIGELA,10,113,9,9,False,9.498712557316248,0.1925016860390812,0.3279709334508062,0.5717161578976535,0.9386020315914828,1.0
AG466BQZPTBIC3LJDRP2TUPUT5PA,10,173,9,9,False,7.321245963554228,0.23854313510840705,0.4049788970183495,0.6826699507585247,0.9781442949040517,1.0
AG5O64U2B5UFOKJRGLE4PUQPGRPA,10,205,9,9,False,8.978355563636788,0.21213386480812538,0.38165908995480957,0.6426553776999424,0.9489850986498933,1.0000000000000002
AHEGS5VUBXZIZNQ3YLHKH6RCMJZQ,10,115,9,9,False,7.00188806050731,0.18313947109404116,0.33722103556734695,0.5956710389616402,0.9437523588033485,1.0
AHTIHA4JQEANT2PJ2L764YT5JBEQ,10,121,9,9,False,7.82840293558958,0.1826099300415601,0.35364560144477153,0.6436683522501229,0.9792910680211816,1.0
AHNUSETJLQ6B2XVIZ6K46HQ7LKDQ,10,103,9,9,False,7.909539076232317,0.23076653780319423,0.41019498304394336,0.6758042358986387,0.9683488042889012,1.0
AEM7GPBL4Y7H3ZCNPJUB2OW3ATNQ,10,128,9,9,False,10.084430139112522,0.22055027375979389,0.4193388046568245,0.7051835518763501,0.978544053079655,1.0
AHL5W2EJFB3L67256O3TWWTPYIQQ,10,264,9,9,False,7.786993643022935,0.1970021767267043,0.3397875695887062,0.5894728056037599,0.9446302324823387,0.9999999999999998
AERDQD3WFTSIGCSDF6GGFCF5PPVA,10,401,9,9,False,8.468018471956839,0.18524240982020726,0.3347941720938603,0.5816878130859239,0.9409817319362599,1.0000000000000002
AHYCX7ABSJ7I6FQ24IAUWOGHIJVA,10,120,9,9,False,9.705845563854647,0.21705861315529246,0.3800580933234011,0.6541567785797455,0.9701968140956349,1.0
AGS2KXBTAM44IW7T4FPSTTO3ZISQ,10,566,9,9,False,7.276628417669239,0.2167389321687742,0.3957108623881156,0.6402671049330353,0.9505388941008155,1.0000000000000002
AG2XHVLDSJXRCWTFNXKHL7B5KS3A,10,223,9,9,False,6.699060698572197,0.1904005695509318,0.360201081372126,0.6259321898548766,0.9510343818359859,0.9999999999999999
AHZSHLSRALGTOXKEAVIKIHA37JGA,10,158,9,9,False,8.119183817831587,0.22150922670610979,0.38544617037158024,0.6326288027083674,0.9646066955965584,1.0
AF6NUKNPSTZPENLOA3BIU3HBUDIQ,10,282,9,9,False,9.836110076506758,0.19353683024036358,0.3517922799186774,0.6183696752633546,0.9573450150536983,1.0
AHDMZFFHHHXJBFMS66QIGO2ZJPDQ,10,125,9,9,False,8.475831948724078,0.20950634944010438,0.39737392993533593,0.6462800906737017,0.9597569611959123,1.0
AGRCOIA4R2HQHWCX5ACH442GLJBA,10,244,9,9,False,8.41759331716345,0.23163085077853807,0.41708584531786447,0.6862614027241216,0.9705210643412132,1.0
AGAL7TBNIA5LBEDTLYXPUVI73EGA,10,103,9,9,False,8.183184570273387,0.2535574014053784,0.43156538326016836,0.6633050931644229,0.9681143431461401,1.0
AEUJ4VPOPXO6FRNSQSMH23N6Y6GA,10,193,9,9,False,8.777328944786333,0.20349050027729523,0.3653025860694695,0.6226844395215279,0.9521225967411077,1.0
AFXKCGO537IZNJ7PULRMGKGU67RQ,10,242,9,9,False,8.514766107987322,0.24054824775623607,0.3841670444779886,0.6216816833424007,0.9569832017676839,1.0
AHEHLZUNXPCYESYZNAAJXKOIU6GQ,10,618,9,9,False,7.064285777399152,0.18353855661921273,0.3268551026522185,0.5834053668548381,0.9477534942889344,1.0
AGUWB3V7ZYWO5A2KGSBIFP46C5GA,10,113,9,9,False,7.004239803747875,0.17911418484266536,0.3468383522765276,0.6241309488909794,0.9563950379424808,1.0000000000000002
AG7CY7WL33GTS4OKJJ66WL5VM3LA,10,115,9,9,False,8.22207014932054,0.2019791979096142,0.37152347515994766,0.6574250086545536,0.9535614011360172,0.9999999999999998
AHU42PTRX7VJN2AFMA7HJZJINSQA,10,213,9,9,False,8.463510126225197,0.23516416170950905,0.3891770590981567,0.6496541054117128,0.9567029253324402,1.0000000000000002
AEBDUTDUTBCJ5DRNRYF5OE5MTPPA,10,216,9,9,False,8.932285891185826,0.20384703945293145,0.37043459421951563,0.617835888735002,0.9544445056148627,1.0
AHIHAORYK52MNKEKMVQ7HI4AVONQ,10,199,9,9,False,8.795670615501557,0.20262918170874158,0.3536836331741273,0.5917866968556362,0.9376993607159876,1.0
AHW4XT6VZ5BJUSH7LMYWFWBLZ73Q,10,133,9,9,False,9.056164127774963,0.25165421512487895,0.4276319843637555,0.6593471565135604,0.955898309024395,1.0
AG52X72BAAVOKEU3MWXPG5CQJOAA,10,192,9,9,False,7.236515476089613,0.23120157278447886,0.3818048953521142,0.6294610564689554,0.944149599956918,1.0
AHKRRX7546VO5P75KP7R7WY63JFQ,10,116,9,9,False,8.653616972539607,0.22865675330511617,0.37923132141939986,0.6150940063610337,0.9516492960156385,1.0
AGW7WEU5IG5DRNRQ7SBRRG4FYEZA,10,816,9,9,False,8.238611302172265,0.21244042625439924,0.38088873890986913,0.634077255226586,0.9500973893425549,0.9999999999999998
AFOHEGEBCTPWINNSOPTRXCJHBCMQ,10,147,9,9,False,10.32417706078338,0.221920949369989,0.37784586923543034,0.6320145029900444,0.9469483274234187,1.0
AH4IFNFCPIZXBOGTSA4ZHDMXFJMA,10,102,9,9,False,10.7392206563621,0.2961758097227387,0.46007699610106845,0.6854650108446784,0.9610208772952514,1.0
AEHZBUFEOW4TY3K4IYFFR5ZU5B3Q,10,977,9,9,False,7.097023448696602,0.20211774410653854,0.36431361562252207,0.6313397417736561,0.9524874311542865,1.0
AGPTDCDZJKJL2TCSX2FYL5MW33GA,10,109,9,9,False,9.915522321204485,0.2726499803169838,0.41258838786513197,0.6379355898280167,0.9507305675386987,0.9999999999999999
AGYJAAK7DLCRMZJYZ7EUGPNTEDWQ,10,156,9,9,False,9.222162024516884,0.2214222140235391,0.4241993957463018,0.6808444846411693,0.96315477403319,1.0
AHZOLZNKJ2RYBU6HONMMBO3K2DEA,10,124,9,9,False,7.369643027496359,0.19678129837944092,0.36524033748302304,0.6076308034882912,0.941469256312035,1.0
AGCJO6Z4BYMH27EYRFR4ZQXGAZ3A,10,169,9,9,False,8.874044513144517,0.21777839054554837,0.4064455500173632,0.6711074813378924,0.9531147400588798,1.0000000000000002
AGOA7BWDPVRUG5K4HHKQFHALDRHA,10,133,9,9,False,8.826881362545205,0.17687590144937085,0.3385720172121921,0.6164816906699325,0.9445898886242141,0.9999999999999999
AFHFMYCNLONPVUHT3JZFYLIEGX6Q,10,179,9,9,False,6.88844906362335,0.1907950563013004,0.35125682893654264,0.6040408783892813,0.9434138197983146,0.9999999999999999
AHV4TIFEIBV4GIILG6BATSJQZDUQ,10,118,9,9,False,6.204099436891176,0.19121137517552605,0.37129151613966466,0.6323142696589946,0.969221857255864,1.0
AGNFZANPQ3AFG5GSJXVDDD3Y327A,10,131,9,9,False,10.230861379259611,0.2351618165841965,0.4037186315917324,0.6496581817252676,0.9431881936285622,1.0
AGP6TIDX4WVW25J4J3BVUFTW36LQ,10,102,9,9,False,7.661506274372952,0.20610491008516893,0.3730433963971762,0.6310393953101956,0.9538046733696807,1.0
AH7OXGKTTNO2MZQZU3FYKVJBRD6Q,10,107,9,9,False,7.4302476521544465,0.18305232152634837,0.3512489869420487,0.632216037135235,0.9650957898797994,1.0000000000000002
AEVYDTEJFNREETYZ6Z426MY4YINQ,10,111,9,9,False,9.743868746495368,0.1955974003892237,0.3787084101701733,0.6281396743054839,0.9605394986801821,1.0
AEYEUF2RKNRZHFQONGVF7SHZKWJA,10,119,9,9,False,8.959484542033707,0.23749219899094953,0.39993838055991465,0.6538646657587281,0.9666164735948412,1.0000000000000002
AF5HBFQDGPBBPLTYS4UIFO6EGHEQ,10,121,9,9,False,7.870670286692808,0.21287783766951562,0.407161351407571,0.6429119839379586,0.951606462770522,1.0
AGPGHXWBOK3TRJU7WACF5AAYBBVQ,10,137,9,9,False,7.338645704997092,0.17850752662735256,0.33078749287778414,0.5998739281410472,0.9572981517881896,1.0000000000000002
AEIXEEET2JH7UHPPX4WEFRYYX7IA,10,401,9,9,False,8.728355493611936,0.21717271842322028,0.38646217638821134,0.6506362524565165,0.9659897287586506,1.0
AHCUI3MCE2AGX2HLG2YSWG3Z3OFA,10,112,9,9,False,6.5783342487953025,0.1706406998772605,0.3301733312285075,0.5891040082382561,0.937146452156764,1.0
AGH4GUP66FUWHCHHVG4QP3RW3B5Q,10,133,9,9,False,7.324374799955853,0.18685637830103918,0.3531466985281278,0.6535776840656351,0.9550299083449343,1.0
AFA5ZLUMSIGKIIL6LM3RAQIDXCNQ,10,105,9,9,False,8.023361210804973,0.18032023842871103,0.3473789088608334,0.6076036981267812,0.9463895537797349,1.0000000000000002
AEH2JMQUALDX63YY5EG6XQSX55DA,10,109,9,9,False,9.05080542176977,0.18371177121044424,0.35477228293807417,0.6181375153167058,0.9484129339581647,1.0
AHEJIQT7RQLPD6YSWNECMR2ONLAQ,10,227,9,9,False,9.031283038475022,0.22230600523588623,0.38817548525720036,0.6568282162576821,0.9473512946090914,1.0
AETMMFA57D47GC2J3TFXHF7ZEEHQ,10,196,9,9,False,6.6263811645052915,0.23734555317465134,0.4272872442897205,0.6909300732980368,0.97576421062568,0.9999999999999999
AEGW32IMIBSQUFG36RADHHKLKS4Q,10,155,9,9,False,9.64402305352804,0.19482023598026874,0.3606281307772267,0.6145048637912356,0.944909365784374,1.0
AHSQMVRKFLYTKXI5UHFXISLOE46Q,10,239,9,9,False,9.836828240419635,0.20640612165426037,0.3683225120569164,0.644943680098185,0.967505140773526,0.9999999999999999
AHCIJZ45JJ56KJQ7TJXXN3YH3M5A,10,112,9,9,False,8.598942553165719,0.21162510885129984,0.3946761188417701,0.6564025108406973,0.964024946172402,0.9999999999999999
AHYFS6FJHSRC2H26UROJC6RK2BMQ,10,131,9,9,False,7.1157040971032055,0.16650195592742956,0.3176057946006797,0.5663188794492525,0.9502838735666529,1.0
AHY63DRHTWWJHOFMQKG2PEUYZ2LQ,10,101,9,9,False,9.196799311609146,0.24789307613720524,0.41655350009729375,0.6882682613765626,0.9748929372008638,1.0
AHQ45D2CUWAGTV6DWHF6NFNHQZVA,10,111,9,9,False,7.543344842083468,0.21602904862030092,0.3657949997135213,0.6186682644690341,0.9590472405411534,1.0000000000000002
AGJOIAF7JKTG64GKFWQRBD7YTYNQ,10,121,9,9,False,8.191414121687338,0.19381647981796282,0.3571019439823867,0.6244863401598258,0.9481618679914063,1.0
AGFPFCL7E6DQS2BSLZK7Z6KP3LGA,10,103,9,9,False,7.590259346046504,0.20314540529000816,0.37932546187868055,0.640344898527013,0.951295803177551,1.0
AFCWPO23NJUDE2XHXFB6MFNJOB6A,10,136,9,9,False,9.084875242083783,0.20358894465768843,0.3497747956930815,0.5922533793402253,0.9537159858939864,1.0
AETCSIAIBEV7UTIQRBGI4FLLHYEA,10,141,9,9,False,7.868747313759168,0.23242186294216263,0.40731295765598957,0.6521785634634091,0.9500441717058783,1.0
AFRYWYTJH6VJEUFEOF4WU3ZWTF6Q,10,112,9,9,False,7.475651031677559,0.19151939118376196,0.3705671666947762,0.6695207711348001,0.9600842572680055,1.0000000000000002
AEHXKS3UWSNEK2WDJQQH54O7ZAZQ,10,124,9,9,False,7.644289112232233,0.19028054715529874,0.35830789111308375,0.6230345286793556,0.9512936187048028,1.0
AGCTK2Z2ND3YCNM4ZCOI6CSEYSIQ,10,197,9,9,False,7.363677685333659,0.19201044282394078,0.3733469712265159,0.6468320323759563,0.9633704928942732,1.0
AEP3IOWKDRLXJ66COSHMNNKUDU6Q,10,102,9,9,False,6.576282683534938,0.19127595724794988,0.34711589033916096,0.5889375334418352,0.9388644336568178,0.9999999999999999
AHQBZUEAUUPWR3ULUNAMLB2JDKRA,10,195,9,9,False,7.895597395483726,0.20642535838268014,0.3913777844145201,0.6438054155037991,0.9496688131381374,1.0000000000000002
AGRCXV4NM763VGZGD6BQ2VGNCJNA,10,555,9,9,False,7.751759715191027,0.17799105059851442,0.3464709873655371,0.6270071885885886,0.9557522616358979,1.0
AFS3ZTSIAQMOGYXILHK6MSBA2NEQ,10,127,9,9,False,7.9375830967995,0.17653467475090268,0.33794836870070205,0.6144730264124374,0.9582660430176418,1.0
AGH6XOPLYMOYQG3SUZB72TDMRGZQ,10,152,9,9,False,8.175699713692968,0.19168931978342213,0.3825527831760766,0.6331367082558577,0.9488920470676516,1.0
AFTCOHCMM4Q633XYBEWYEWS7H46Q,10,125,9,9,False,7.113808901782097,0.1663039010551239,0.32725225175357847,0.6002863129176893,0.9426060179009016,1.0
AH4XFUJHJBD23NTO5F774MBO3O6Q,10,106,9,9,False,9.091017582418226,0.21567484520834382,0.3945114151474982,0.675974580110721,0.9647716125547418,1.0
AENEYRNRPZ3TULDMG67JW5V5KFPA,10,155,9,9,False,9.001921970995783,0.19866290554522334,0.3633602690341602,0.6213105459281583,0.9489315880923007,0.9999999999999999
AFJCRMSGWYMAVOASYUUBR63OTLQQ,10,102,9,9,False,8.192990810957347,0.20679327920034357,0.3556087520087239,0.6125285531802628,0.9491168410936232,1.0
AGU35OCWVSLJ4FQ5DSUYXP3FTUFA,10,174,9,9,False,9.079304956969207,0.2344532949421091,0.3929064507237183,0.6487097123348167,0.9549933434934477,0.9999999999999999
AELWTO2FDWKKXJRJTUVK67V4PCBA,10,107,9,9,False,7.500702984767804,0.20821815420320006,0.3962605483202397,0.6501789866470361,0.9616131928872488,1.0
AGV4A5OW3D3DLCXUA732NUNSJDYQ,10,112,9,9,False,10.136479718969404,0.21764079875678474,0.4076346509326348,0.6684232404989203,0.9505043734534534,1.0
AELBDV3WKDSQE4X5KJ4K2NR7AS3A,10,115,9,9,False,8.570245815218795,0.2011753309593954,0.37502137617788134,0.6199953799871836,0.9500352506915641,0.9999999999999999
AEGJXCXNUKZK2OU2X6FUNLEE3HZQ,10,152,9,9,False,9.911960824682858,0.20762250082427663,0.3589737506063834,0.6254771222859525,0.9594600634890457,1.0
AGRTXUUEFPETZQT2722PETQGPAKQ,10,206,9,9,False,6.113965414796989,0.18755932309750986,0.3398470002618528,0.5663039028716313,0.9390836809539723,1.0
AG3RPMHL2RU5CPZSOAJ5CFNKXUDA,10,105,9,9,False,8.164890403253326,0.17786935778318638,0.33550056195748024,0.6008011766429155,0.9518137088725571,1.0
AGEN4RIQ7PSB74XHK5AG7LJMNCSA,10,222,9,9,False,8.015764465682778,0.20820635116429903,0.361249892838693,0.6111402071955319,0.949818164128912,1.0
AFGKTVFPZXYS23VORHBJSTSTFAOQ,10,108,9,9,False,9.701869629321198,0.2139719806873041,0.3720437206723207,0.6121423265022611,0.961449078652652,1.0
AFHBDFGDRJW3S3M5Q75Q6KV2URLA,10,146,9,9,False,9.24550398000031,0.2281274188529532,0.4375062509202277,0.685066756879446,0.9588505032042344,0.9999999999999999
AG46DXNFU65ZZXWRTQ3R5N7Y2IMQ,10,141,9,9,False,8.774864464257977,0.19473506921117198,0.34904439136622184,0.6360101146808267,0.9625594873525604,0.9999999999999999
AG456PPH6KGFGQZYGO2ZDWYGKGAA,10,124,9,9,False,7.761649796781414,0.19433292763831284,0.3625349576510807,0.6285590226676425,0.9440972632241121,1.0
AHKACFCW4KYP6BJ62Q6HMKFDYHBQ,10,102,9,9,False,9.20040568793482,0.1975897871675616,0.3551411145973127,0.6102487640500021,0.9583499203216175,1.0
AE42SH6RMDLHFMXLKVI4JKAMC6TQ,10,102,9,9,False,9.09233241425757,0.20070528946676097,0.3761202295772306,0.6176110397046888,0.9654488406127869,1.0
AH43LZPH7256CHBSEDLZL4D3XWSA,10,117,9,9,False,9.058227560549126,0.22333012122670592,0.43151317840914166,0.6974364958230432,0.9709894271902768,1.0
AFMIIYKWWCQGBNEDPNYX5OCYE3KQ,10,105,9,9,False,7.9876430509770096,0.20782554237726805,0.36081510443155557,0.6323533240808147,0.9462322002440686,1.0
AEFB7GQJUQWWIOK35NOMAC47PI6Q,10,218,9,9,False,9.340461047461707,0.24855901019700696,0.403547013917908,0.6654991487309367,0.9611076232633313,1.0
AGXEDCLA5ZKRRY7ZR4KYMI6PR7UQ,10,113,9,9,False,9.584112233962387,0.20805256469578146,0.35356713181696914,0.6145421001622645,0.9435817922312911,1.0
AEFO4YEMPTW2MIA2FZ3TSMYOUHNQ,10,107,9,9,False,7.594696372876759,0.20352651021943327,0.3649633416303582,0.613173775989023,0.9606490509779466,1.0
AGTG65FJY3OIZZZ5PU5F37M7I2PA,10,141,9,9,False,6.7169612727772625,0.1888554572624091,0.34132365202781273,0.6023134182088761,0.948224381050738,0.9999999999999999
AEIFF4UKBMMHMIA3F5OUJLVN22OA,10,108,9,9,False,7.345044854387286,0.1953990724844663,0.3465199757277595,0.5934344274921087,0.9445205510950686,1.0
AHIROBPKOELF4WANNKCEDAKVRW2Q,10,211,9,9,False,7.841832718599778,0.19798564193980037,0.3386356511206768,0.5830351125472533,0.9375157369479664,1.0000000000000002
AGFTTJHW3JROK22D5O7AJIWHUGUA,10,561,9,9,False,9.098950574290589,0.23268943663120595,0.4083770670244613,0.6778263054547705,0.9676481290401528,0.9999999999999999
AFXRJRPJH2ASWIVLPOTZS3CCX6DQ,10,110,9,9,False,8.166193437847884,0.18340680765772782,0.3499285039431463,0.6093047158813599,0.9491533454737862,1.0000000000000002
AFJBKPK5W56XWSNPQU2WW66ISWYQ,10,368,9,9,False,7.115311672107299,0.20513638651226238,0.37535756239641627,0.6342101248517906,0.9500167963552535,1.0
AFVTHPT46GLPZLSL64FJFXT2535A,10,105,9,9,False,9.003893681340386,0.2772575288128636,0.46027890952764217,0.6892078323843486,0.9583058969071794,1.0000000000000002
AGWKXOM5YQMBGMUEXDQSWFMWHEQA,10,127,9,9,False,9.593428796147103,0.22893999021578226,0.42471712266229616,0.6635906553404773,0.9467090357413099,1.0000000000000002
AG5SYIVIPKZ4AL56H2G4M7CENJKA,10,101,9,9,False,9.009356196587134,0.1847257603026467,0.36105038128066436,0.6364569692430005,0.9554455997241913,0.9999999999999999
AHGDVTFSAAIENYAIAZWJG427I3EA,10,838,9,9,False,8.517286285132924,0.20990788675611516,0.3704433202225145,0.5927115092427409,0.9346101830838807,1.0000000000000002
AG3QUFIVOQ2WTVK3GPE34FDES57A,10,172,9,9,False,8.042147901380062,0.20048401384895145,0.3506749866106241,0.6272561103842098,0.9654396478377772,1.0
AFCFTNVNJDT7S4K7OM2ZGRHSVDWA,10,102,9,9,False,8.366296684412998,0.1938917457385594,0.36051500065258796,0.6284031618070431,0.9539787763406626,1.0000000000000002
AFRDP7XVDBRVHJV2BCP76MI355RA,10,231,9,9,False,8.416405697072253,0.1942838312060073,0.36335394578279795,0.6591571171735587,0.9640225875376988,1.0
AFSBW7GPPNRSTTEWVKJZKP526T4A,10,139,9,9,False,9.078512828330423,0.1648387903483201,0.32489388242148187,0.5814882369329136,0.938281537989807,1.0
AHJVUQE36DK4XLBZPID5LBPC6BHA,10,445,9,9,False,8.24537051937537,0.19129469612207226,0.34960122383748526,0.6195542805052784,0.9506135823256882,1.0000000000000002
AHFEKMQNEZ6JCHJITYOZAYAYSPKQ,10,115,9,9,False,9.022047038541984,0.1703229394552505,0.3250998607344519,0.5970756230612142,0.9559276389836034,1.0
AEB2IM7SDC6STXDK4X5WO5U4GN4Q,10,205,9,9,False,6.450021831749072,0.21269315761778962,0.39883728036247795,0.6438490664816809,0.9490038355105058,0.9999999999999999
AFGSQ5BSAABOI3U6EISFYY36GDPQ,10,118,9,9,False,8.599099183624821,0.2715552947844915,0.42976191813620235,0.6790545893870655,0.9668267174866861,1.0
AEX6GC25ANZIT36EQGUAJOGXCPLQ,10,409,9,9,False,8.274427455372237,0.1854948515692708,0.35730915666032576,0.6108525548460999,0.9630103914612214,1.0
AG5LRZ72HYVRRP43W2JMFC4SYP4A,10,148,9,9,False,8.915990490944589,0.22100329840037344,0.38724142565109143,0.6540625703835858,0.9670981624956121,1.0
AE2NVW4KBIH3KX2BNLI73EIXWLLQ,10,153,9,9,False,8.779575708247643,0.21387610881479494,0.3727366068762844,0.6134997890519126,0.9476224324088555,1.0
AF23G463PQARWNZSXZQZFCNRFNNQ,10,146,9,9,False,7.538730822840989,0.1891263308460991,0.36988729226573697,0.6320398091373807,0.9445973534348121,0.9999999999999998
AHVMR24ZUNPBWQQDPHLIDKK7JEFQ,10,169,9,9,False,8.734329800824181,0.19362567784153648,0.3366110224870307,0.5759750635799016,0.9390200399203287,1.0000000000000002
AHD5FXGYTDXMFJKTMQ4BINV5SG5A,10,108,9,9,False,9.611589400649882,0.17994283367098785,0.34640249809872975,0.605341436304001,0.9435256236108986,1.0
AHLW5VGKONX6PWSM3OSXDJ2DM5XA,10,103,5,9,True,8.14403024685262,0.33096421487849476,0.61178789011882,0.9210902479826001,1.0,1.0
AE6MKX6TWGESBF2HBPH6F7YQPFWQ,10,108,9,9,False,8.338363124402289,0.20917057639708755,0.3695468064808976,0.6162117561888985,0.9559629050078496,1.0
AFFHIWPXXKSMZKQYTTMPTHMJ6DUA,10,120,9,9,False,8.6728190263556,0.1706779892532691,0.3334420645307387,0.5923131926140355,0.943545975990331,1.0
AFVDR7FS4UTDJWM5V47NDLAVYU2A,10,307,9,9,False,7.773046365578208,0.21463676661253492,0.3919956265947386,0.6657131985945494,0.9527227727499038,1.0000000000000002
AEIGI2BSHJLGSDDP6V2JO7MTABUQ,10,180,9,9,False,10.020231882027684,0.20386811567432295,0.38589923458251346,0.6208647229566482,0.9658147419370593,1.0
AFMIL52ZUYM4HYTD22N4TUTTXTKQ,10,114,9,9,False,8.791470358630983,0.17678396858803114,0.3464979257592571,0.6129118200812355,0.9529756344825405,1.0
AGH3O5QKKBVBNPHPAP6DQ63HBYKQ,10,122,9,9,False,9.104806556003737,0.17919909732435937,0.3409396624451023,0.6131529709255299,0.9625988713280877,1.0
AH5IZV3CROHO2XHVBMBBS2MSMOWQ,10,100,9,9,False,6.702166081608693,0.18119818550006464,0.34814721469684284,0.6155265126955045,0.9540070852818904,1.0
AFCMONQZTRUTDG6AETEXBRVA47IQ,10,403,9,9,False,8.106911363534309,0.19659590743703767,0.3544859376167418,0.6164312900175857,0.9503537447227047,1.0000000000000002
AFBOBB3SZOCXMTKKE23BWHDCJCGQ,10,111,9,9,False,7.8688927633948085,0.20090679208892653,0.35506477645436035,0.6042182396923914,0.9490159391612469,1.0
AEAV2UUSIOJUPEBLLZAEFDGLIAPQ,10,152,9,9,False,8.684781865681645,0.20928256396912534,0.391963865921714,0.6438248520485695,0.9520883369266699,1.0
AFIGVDHYZFZAYERO26QVDKU4TAWA,10,265,9,9,False,7.473234497846566,0.19658301253010915,0.3593061292214512,0.5930592365397254,0.946430374256806,1.0
AHPJNCCV5PGRYLDQYKBUZI55WN2Q,10,212,9,9,False,8.458251359144228,0.20493273003284207,0.363689024673871,0.61832903311751,0.9406850621520965,1.0
AGIBOWXXHX5LFZICWOIGRCRWPTDQ,10,142,9,9,False,9.357740944183048,0.17608549281809738,0.33653918633782576,0.6210411943024625,0.9493775307009503,1.0
AEL6K4LBMCUFFYE27NG3DWZMV2ZQ,10,198,9,9,False,7.783746272793486,0.17824862029781263,0.330165989729958,0.5916657160313363,0.9621451192717196,1.0
AF6XCN7EPYNIO24FJRNV3KOFI3QA,10,170,9,9,False,6.8545597792115736,0.21031776977074762,0.3859718937840476,0.6269613969651145,0.9406952131407368,1.0
AGDCRCVUB6LYO6CXHSVPT5XZMCJA,10,157,9,9,False,7.5596000602237865,0.18749197201619247,0.3605967756106872,0.6411552799579328,0.9466136208508044,0.9999999999999998
AHOHXQZCEU3KDM3TPKZRNCJ3ITVA_1,10,217,9,9,False,8.167951109032202,0.16720657974822153,0.3257517764998431,0.5929134528359723,0.9451377796082723,1.0
AETFLSAWXIVQSX4A7T52JGEH5Q2Q,10,104,9,9,False,8.35767679763092,0.1812422455984904,0.35626291229604357,0.5972210722399757,0.9521115949044228,1.0
AGFXY5HVXFJFJ2SJDGZL5YLGR6RA,10,169,9,9,False,6.45586470911396,0.21177941637389772,0.40717027923152993,0.6707831442527709,0.9820871409170169,0.9999999999999999
AGG6BKDYWE6N6DPLJJB2WGTUV5UQ,10,336,9,9,False,8.681193105371774,0.23124612989492002,0.399116176316576,0.6522667819599367,0.9543376460920299,0.9999999999999998
AGIA3ZNA7OJDRHNPWVATX5FDCEHQ,10,301,9,9,False,7.542486661618471,0.18088745640919734,0.33382353537232123,0.6006228358216706,0.9554618560643837,1.0000000000000002
AEIVZRSUIO26HLONNJVEEYPRYCNA,10,179,9,9,False,9.901987860819837,0.21866495003528857,0.3811782162372277,0.629922947021455,0.9510076816549774,1.0
AFJYUDW2LLMAVP2L5F7FQPYGWP6Q,10,565,9,9,False,7.376870892490161,0.2296127601876311,0.37727990436493414,0.6244797751835475,0.949464348466149,1.0000000000000002
AH2JKHXWYTOQT3N2FH5QPJWKSRTQ,10,475,9,9,False,7.988708331288179,0.21908500103808157,0.3833173985676185,0.6444648928313066,0.953234538597068,1.0
AH4LWUDVLJBW6O7EAZB3UF6VZWOA,10,232,9,9,False,10.371400411329217,0.19475999726981683,0.34912053873589316,0.6088948572921551,0.9522528660238387,1.0
AE77RHC2LWRCCGDDENZO3HG6LH5Q,10,170,9,9,False,9.235311919882918,0.2103353545191899,0.38947519813604586,0.6483314601265008,0.9669295911998802,1.0
AHEIY6MQYIUEKH3FLQQVRDJ2LUGQ,10,128,9,9,False,7.485257972806781,0.21750421940787065,0.39824942536138747,0.6426837955192658,0.9642732646537063,1.0
AGIYFVQRH6FEXW2M4OJMT3NEUTQA,10,128,9,9,False,8.479536633829513,0.25957596218215445,0.43342905796617454,0.7026457597278488,0.9800242374116516,1.0000000000000002
AGEESDAHFO2TR6IM66O5NG33UDNQ,10,101,9,9,False,7.1769486602187635,0.18568346096400826,0.3479065394367213,0.5800456459503083,0.9394651278699145,1.0
AEZUL3R34WWAORYARPTJG2X6KC5Q_1,10,605,9,9,False,9.275121248451148,0.19371284434467467,0.35940262309209814,0.6059409288801905,0.960732144387755,1.0000000000000002
AG4I7OL7GICMY4PRESVKVW4HK6TQ,10,379,9,9,False,8.801692586077632,0.19338440434302034,0.3353343957850715,0.5807204559331359,0.936961154124652,1.0
AHRMBLWDL7YBLD2ESB4G7DHCYDVA,10,110,9,9,False,6.513333306215445,0.1879641593170378,0.33541602197454917,0.5662255836115436,0.9360811583130398,1.0
AE47KV6GYAL37KXMPJNXFLVIHJPA,10,122,9,9,False,8.696102220695929,0.21594001665560436,0.42609959672293907,0.6528771385899216,0.9553273428105081,0.9999999999999999
AFZGTA2DJG652ZHZNYSNRPAJG2GQ,10,101,9,9,False,10.011531966444032,0.21694972362582404,0.38668135577012674,0.6396261065875989,0.9567854451002201,1.0
AFSKPY37N3C43SOI5IEXEK5JSIYA,10,320,9,9,False,8.156246649444274,0.1921003736834275,0.3451666319169557,0.6063724206845641,0.9444493437426894,1.0
AGSTDL3I5TMKBYCEXDKCEC43ETCQ,10,104,9,9,False,10.681260007412364,0.33291308825779625,0.47499775783322196,0.6755842619037462,0.9551536059516077,1.0000000000000002
AHRFTKKYKME7JFAYLW6GEGOAGKEQ,10,164,9,9,False,7.94004074569446,0.18713044536446494,0.3499771862482486,0.6091297677595031,0.9435205586563348,1.0
AGZHX5BG7HYRWGDBB47EXZHCYRLA,10,100,9,9,False,8.366134676502348,0.1935625260657496,0.35737005430095714,0.6090524359325826,0.9396736559383195,0.9999999999999999
AE2J5DDVCHVMRBD7BJ24ETJFQSOA,10,115,9,9,False,8.650997094589588,0.20708287418538318,0.36741861712121215,0.6513857905993741,0.9706499437394271,1.0
AF6BBUEAIGJA5DFFU6SJ7NMENM4Q,10,114,9,9,False,9.390044222684402,0.1853151124505438,0.3481897867800285,0.6022452704542174,0.9318204716917144,0.9999999999999998
AHL67BK7CEZ3CEYSKYC5ZMPRZ4SA,10,123,9,9,False,9.069582165376724,0.2251774449891036,0.42188846100640204,0.6811878082249623,0.9789836827425282,1.0
AF7KGUAKKGFQFTGJUCYUC5IKM3XA,10,122,9,9,False,7.84012475513028,0.22449801379111262,0.40402321534800206,0.6693550949518426,0.9596971202743931,1.0
AHH6AER673CJ3MCKK7RSIB6RX3YA,10,108,9,9,False,8.098735722551124,0.18393023080124982,0.34512606984644,0.61682655123995,0.9546000032604024,1.0000000000000002
AGABRCVDMJACNEUZQF3K5N6ASOTA,10,228,9,9,False,9.901255405579985,0.21187563995359165,0.3877970377944843,0.6536968051227698,0.9655150000256105,1.0000000000000002
AHSXYDM2OLH2JJHSW7XKDLLQARUQ,10,737,9,9,False,8.038128098259303,0.18826195607233606,0.35357341454145,0.6296655705307258,0.9606240951234388,1.0
AF3IMSGEUBADYHCWVA2GMLOLGLRQ,10,185,9,9,False,9.63878568859544,0.2142670423216612,0.37359988025548085,0.6206694572914163,0.9466656976282366,1.0
AFDZHTMGWZDKNTVB6AHPKGKJUGKA,10,189,9,9,False,8.743165046885398,0.24213790002242175,0.40527237795665116,0.6583387150026241,0.9555015577781228,1.0
AGE4RTB36XFI6KKPR3G5AZMDDI3A,10,141,9,9,False,8.006002490914911,0.1859474206107797,0.35994753426069837,0.5992235597619842,0.9449277790084359,1.0000000000000002
AFWVQJYN5QXGDXIGEQDKTJIAOFQQ,10,144,9,9,False,8.164626774092243,0.2419641755362029,0.4138310462568084,0.6452593259368449,0.951606858855235,1.0
AEC4WROC543KSOU7GOBC2DDXND7Q,10,123,9,9,False,8.096087499729009,0.22814699896717128,0.36605664894661527,0.61320624868696,0.94477479445181,1.0
AESCSIUHKLOQ3PVIGHOIHF2F5A3A,10,144,9,9,False,9.499707530342825,0.20948106583577572,0.3672496953578162,0.6394272643427058,0.9668571989525353,1.0
AE4M32TKLQAR6IQ75FGY4MD5NVEA,10,116,9,9,False,8.474588338929712,0.19295714001698935,0.34431962029249624,0.5897257386506742,0.9364848838728492,0.9999999999999999
AHDDEU5EAPT6BU7KUGVBEYRF6JOA,10,103,9,9,False,8.116014118798768,0.1923202486906304,0.36968760870586387,0.6357082547208694,0.9621005060722806,0.9999999999999999
AFPWTVLO64OEI2HXO3IOS7AEKV3A,10,128,9,9,False,9.703317836683464,0.182824033086795,0.3590937771101663,0.6322562152847093,0.9649433381617302,1.0
AFBE65EUNTT4L5B2OFQTKZMMNTCQ,10,108,9,9,False,8.482928913493964,0.17080484916067387,0.3346384217710689,0.6060156564392486,0.9658468853915883,1.0000000000000002
AE3LJU64A7LIZRAIDLWLY7WIXKPQ,10,134,9,9,False,9.834479679745339,0.2253424757020596,0.3613605750098666,0.5939037940345623,0.9457163091223786,1.0000000000000002
AGZYQI6JEAM6SRESPT47MFZTH5YQ,10,107,9,9,False,8.309568003392217,0.22389403502918187,0.38366282532783835,0.6450125310843932,0.9511322684645266,1.0
AHEYBY33U7TAJA3KWZGD7DXEZRGQ,10,117,9,9,False,8.267946183158033,0.22786311362532483,0.42616767039145914,0.6455933386345973,0.9473987059433252,1.0000000000000002
AGAZUDCJ2HPHTM36WELPABLEBJRA,10,139,9,9,False,9.557443439205883,0.25572431437183535,0.4245757043596747,0.6644280847289787,0.9534525140562572,1.0
AHBHMDGRX2RI75ZBA7OUZSS3X2RQ,10,131,7,9,True,9.862316266158597,0.25217858992412867,0.4598834690311392,0.7681594042625987,1.0,1.0
AG2YYEC55OFZYRI6WAZ4A3267W2Q,10,111,9,9,False,7.5084449396127235,0.20367321319073664,0.37355505779595727,0.6302032962694002,0.9536794227171084,0.9999999999999998
AFOCBFH7KGNBKSQGCSCMN6JDZ5QQ,10,159,9,9,False,7.011203268056908,0.15934188416859602,0.3110207034716935,0.5817629177125365,0.9480915600752746,1.0000000000000002
AEPUMWKGBOVGCCEZFLLWZHXWYXUA,10,258,9,9,False,9.593815998911294,0.18841618305213165,0.3627712776549988,0.5964715507857998,0.9456326507114999,1.0
AFUW2GXCX7JQHWKDVTGDPJMHH3MA,10,116,9,9,False,8.074456935937889,0.20763329557425309,0.3906477639264715,0.6711674674654177,0.9628606727462847,1.0
AFU3XTWCLLCF5Z4YWDJ7HHPAZWMA,10,101,9,9,False,9.631710223299441,0.22199052841735098,0.38671313581157674,0.6427931002606044,0.9581900442790069,1.0
AELADMN45VGEJ7XYNZFIHRVMEJ4Q,10,230,9,9,False,8.038197059640346,0.19729041822781895,0.36536860995887466,0.6279471671735293,0.9596529181705143,1.0
AGAYVC3Q7SCOHDCBLYQPUK3VGQYA,10,203,9,9,False,7.105219261788874,0.18601378319121467,0.34294827906009556,0.5831688411398523,0.9387354218109673,1.0
AEXUP4IYSE5EP3EGRMG33WXOLBIA,10,194,9,9,False,9.558798625340943,0.2119476482482485,0.373331973793307,0.6439602878064172,0.9593919072241652,1.0
AGRFO6O6XIYLHVIFNUTT7VGQONHQ,10,128,9,9,False,10.30565107516116,0.23234837909203762,0.38018694069613534,0.6183698724383004,0.9563106939691697,1.0000000000000002
AFRPWBSVEF2BQMQTKA33SMTXJI6Q,10,140,9,9,False,9.4909937025583,0.18864703971099755,0.3384126293081587,0.6059478950620029,0.9543687639557108,1.0000000000000002
AFF62QYMZF44W6JUGSSSAFG2EJQQ,10,153,9,9,False,7.7103858581805085,0.24832936542201325,0.4415945297164054,0.7026933531029996,0.9661521818462583,0.9999999999999999
AETOEA7VUU2QV3ZNCRQHK33DDXZQ,10,113,9,9,False,7.644795733877478,0.23395877427026132,0.3985740934313595,0.6519694067012726,0.9479686562675462,1.0
AF4DA6OA3GBNJPXYR66R5K77HI5A,10,110,9,9,False,7.915017391973786,0.21617494932797615,0.4114827980341798,0.6457942871208816,0.9540311630563134,0.9999999999999998
AEDJ3ICA5LN4Y5LZADKSRIS6IHCA,10,131,9,9,False,7.813487173887993,0.23708963812237735,0.40413578839844033,0.6628256345746556,0.9520255759117676,1.0
AGZALMFGWGTHSFB4LFXNW2AECUEA,10,319,9,9,False,8.802439641139317,0.25099754984094874,0.40591997674283575,0.6306484121335141,0.952024809230801,1.0000000000000002
AEOPWB7TDB36DERA2HILFN3CV7RA,10,104,9,9,False,8.912088701548338,0.20423071489911426,0.37058349979207195,0.6248948115732531,0.9576509624136774,1.0
AEMG5P4JZXUEK35T56CZ3O4GOP5A,10,118,9,9,False,9.830042238083973,0.22178042323276326,0.4115423260018416,0.6519693721338736,0.9609396409258916,1.0
AEMP3A7IKW37CMWFXNKXWW6HGJHA_1,10,146,9,9,False,7.068286336882218,0.2265790101594369,0.4020632248811595,0.6709621240512106,0.9670964295148685,1.0
AGUYOGXDDUBFRS6KQ7VIVA43VVNQ,10,167,9,9,False,7.876729511163334,0.17354648333435346,0.33951395973837606,0.6207869954389869,0.9580570488665828,0.9999999999999999
AH2C2OAE2Q2GOAMSCXS3QV6S52MQ,10,220,9,9,False,7.370359814400269,0.1896724992797708,0.3519461245207372,0.6329063521586757,0.9539357174579626,1.0
AG5UFUTELKFDXDVYOB6PZTL7VXXQ,10,144,9,9,False,8.113104445885059,0.19590018973166634,0.36581536496197176,0.6255222269166606,0.9478151361003451,0.9999999999999998
AFAI3A7XWPRB2BRZWPRJJO5FP45Q,10,165,9,9,False,8.008003146581958,0.19503684426905873,0.3796065640075689,0.6168435523787241,0.9430829178647792,0.9999999999999998
AGOWD5ONECVVZCFHBZI3VV36WH2Q,10,124,9,9,False,8.75605870444042,0.2417803974632823,0.422709555272182,0.6615801151162822,0.9701158023850486,1.0
AHKVDRZRDAZVNGYJ4R7H63IGTKQQ,10,110,9,9,False,8.807665144158765,0.26359145528925987,0.41434204983703005,0.6563409573419106,0.9604504832237055,0.9999999999999998
AFOOC4TGAAKXXWTRPPKD526LA7RA,10,125,9,9,False,8.151637644561394,0.20739449528161796,0.3606985001627397,0.6186947554970186,0.9442321612020511,0.9999999999999998
AHBMKXIATNDG7I4FAAAQKWVLQMIQ,10,192,9,9,False,7.811646591863128,0.18903910308601865,0.3434198523561841,0.6123848408553962,0.9536367287149744,1.0000000000000002
AFCQODXRVHWIJD5CWNND7J4GQ2MA,10,217,9,9,False,7.357190190431619,0.16825690860485928,0.31628537831876324,0.5678480583381841,0.9403124337930769,1.0
AEMDWYLUJDA7LTRQSX6BOJDVTF7A,10,115,9,9,False,7.378185496175543,0.21766341949610205,0.3640270189518045,0.5933250655403847,0.9421116547183322,1.0
AEP5ABC7N2Q334JAL2OVM3KGKQTQ,10,181,9,9,False,7.746822978965711,0.17359926603248824,0.3345220917551346,0.5995992469431316,0.9506924844177107,0.9999999999999999
AHP53RQRBGPN4HDCVNYBSEOHRCZQ,10,168,9,9,False,8.059722499746606,0.18459541566615997,0.3482573517370489,0.6256172456654616,0.9565756029931369,1.0000000000000002
AFHZYGTGYN4MY4HW2P3K5U7FMVUA,10,148,9,9,False,10.015285631718687,0.2767060587169952,0.4278549495258785,0.6582885356378733,0.9554241637388498,1.0
AFKCZLML2XDKU534TBIHQXDAJWZQ,10,141,9,9,False,9.57991367923406,0.23222354782787422,0.422798291574346,0.6860008742620017,0.9678540798615178,1.0
AER25UISEZP2EFBRSKVVI7SCVY3A,10,101,9,9,False,9.118575024288507,0.23548119647005994,0.40161336709884493,0.6464355823586996,0.9587710159983337,1.0000000000000002
AH4CNF7LKO5RQ6NTJPKW3RQ3MZRQ,10,154,9,9,False,7.343174910117377,0.2093253795053469,0.3831976214211959,0.6013720257777633,0.940787037054684,1.0
AHPYUJKVXMGAHDVKLVYCQ7IKAGTQ,10,131,9,9,False,8.268081754092789,0.20702960597323466,0.37159920096643856,0.618459366666244,0.9486893069710394,1.0
AGLGVDWNM5KVHS3PBM5HX464YVGA,10,614,9,9,False,8.970026227648514,0.18967791259948663,0.3489509660462998,0.5939833039771387,0.9471549178960299,0.9999999999999999
AEVXQOJ4SDXQ4EFRY5GCSXXFIWXA,10,192,9,9,False,8.676639772885515,0.22806445849263504,0.3883560253555501,0.6313658482113632,0.947524513336214,0.9999999999999998
AF2QJWR4NVQROI37WX2TQXT4QRXQ,10,143,9,9,False,7.344175869015678,0.1888547590862472,0.3555582298738669,0.624060585556153,0.9606015801001299,1.0000000000000002
AHBILGMJZOBQNFI6A3HKHL5AIWFA,10,105,9,9,False,8.975194308681644,0.2364370791857686,0.41128206612744217,0.6776143084488007,0.970341639057141,1.0
AE4D7ZEYV4QNO3O44AHU7NAJCYLA,10,220,9,9,False,8.476604806597068,0.20942241051362434,0.3755699439533115,0.6452275837412453,0.9630392897496195,1.0000000000000002
AGX5BXNPC6S4RNAKL2MXQXWDKE2Q,10,120,9,9,False,8.078636996710117,0.2099207967983707,0.37990124677773707,0.6408926769920593,0.9515596129110184,0.9999999999999998
AFFA2YLWVHPOFFX325YI7MITMACQ,10,104,9,9,False,7.379776032998424,0.19464293887497477,0.36050228487404734,0.6170418268239436,0.9559996376649076,1.0
AFEIPKBIOZMB3IVXRDPT6QOGHASA,10,128,9,9,False,9.643563741386018,0.23573719045418276,0.4373982105035312,0.7566576746530566,0.9783118387424289,1.0
AGIS3QL3LUEQWKF3YKHLLWDD5BJA,10,264,9,9,False,8.019582347902546,0.17586464597973778,0.3360711712464757,0.604056623280891,0.9560933218841842,1.0000000000000002
AFKDMH3LF6HWDMSG7JGPQA6M4SVA,10,137,9,9,False,8.133616809607165,0.23286069132532294,0.40026209272358354,0.6588017865414931,0.9593282202660294,1.0
AFEFYWKLBMMNZLML4322HXASDY5Q,10,307,9,9,False,10.33100702485447,0.21180731523634133,0.3917898475294429,0.6800019184264076,0.9674642352860886,1.0000000000000002
AF5T5YATPPSFCEM3UK5YTVOU4IZQ,10,187,9,9,False,8.428037603900439,0.2432596501806844,0.42349288437665794,0.6951569060138545,0.9882553169766248,1.0
AEK6S3VTX6ILWLZYNGHE2KH3AQUA,10,143,9,9,False,8.951650372112143,0.2647242959515542,0.48492670715398256,0.6991784141210493,0.9612944820274089,1.0
AGBOPM4PLYNYRDHQSSYC4VZ5OSQA,10,118,9,9,False,9.452124601478276,0.24133619525086675,0.4385526054676085,0.6813708423818292,0.9608250611126458,0.9999999999999999
AGXFF2FNG5W6EJP6H55EDLIC26BA,10,140,9,9,False,6.718775682811699,0.18470518279845255,0.3507356398717122,0.621633560816848,0.9529408302004366,0.9999999999999999
AEYVH423M6U6BG3UB4YORR6HOKHQ,10,243,9,9,False,8.880009108673582,0.18244924056021697,0.35019260090608656,0.6403242171564972,0.9613016499944387,1.0
AGT2J5VMSZM5773CHEA75GYTC27A,10,208,9,9,False,9.709054018330633,0.17712463346648286,0.3231323587643879,0.5697884026555303,0.9451735783197487,1.0
AEBKAHAB4JTXXVVDXGO3CJSLZDBQ,10,122,9,9,False,8.947649967934781,0.19465217590246373,0.35206983751171667,0.6084234301107254,0.953075195337521,1.0000000000000002
AHC5J6N2P7OVOYZZUFMNTOIWIJ4A,10,100,9,9,False,8.210054206375855,0.1840158069113564,0.3427238005142486,0.6030527055501358,0.9450227096945792,0.9999999999999999
AHL3R5T5CBXKOFV74ODDPJLNQYIA,10,145,9,9,False,8.715408933540665,0.1716960960190788,0.3248739099002957,0.5932651053411826,0.9671118480083675,1.0
AFHRGIQHOS75DP7CP4ILF6RTMYIQ,10,108,9,9,False,9.121318105695437,0.22473917878251592,0.37792757772049085,0.6402523614613386,0.9692406990663559,0.9999999999999999
AHEK757U7544PNGSDFCIKFN7NZDQ,10,435,9,9,False,7.431643663727126,0.17628256477694076,0.3313470730610897,0.5699375663927124,0.9414449772123499,1.0
AFQGXKKBN5V3V5V7CY42FCQTAYHQ,10,236,8,9,True,8.61925983481251,0.24494441180353507,0.42432303159573503,0.7171483151059997,0.9999999999999998,0.9999999999999998
AERFSIGUZKWIES3W3FRBVUNX4RUA,10,306,9,9,False,8.988228843323563,0.19415587055985015,0.3535690409082252,0.632953113653565,0.9564873708857136,1.0
AG64X4UTSQEXRNHWGWME6HL6HYXA,10,155,9,9,False,8.71301337393202,0.24752723199973345,0.42502116648987304,0.6559763705332468,0.9626899797839383,0.9999999999999998
AHMOYBDULQMZKOUODA3BNH7DWKDQ,10,277,9,9,False,8.793453608252902,0.23850964330813076,0.4219828657105137,0.651729903451721,0.9525394930251838,1.0
AGXW65JPLFRFATNRHS7W7IQJXHUQ,10,128,9,9,False,8.356488500742028,0.21192989396975345,0.3917610462819192,0.6576946276630858,0.9756296370153354,1.0
AHQR5RU4UKE2S65XWC5WMU2JZS7A,10,318,9,9,False,9.627336522217208,0.3489668995181374,0.48559678446476257,0.7054595415738208,0.9655319605767815,1.0
AF547SASL33DEMYH3JXTB4VJ5EDQ,10,283,9,9,False,8.268507034709593,0.19302148103625646,0.34597654275415746,0.6164262679299395,0.9422668049386914,0.9999999999999999
AEC6HDXIX3DNXWUVERZB4DGKFN2Q,10,116,9,9,False,8.003725614155563,0.1757465670965428,0.3353283590565534,0.5814669961130442,0.9468716675145497,1.0000000000000002
AHNZSE3QYPIWIB537LY2Y74GBTCQ,10,132,9,9,False,7.142704904790778,0.1903665423765754,0.3429943087310071,0.6079838620953878,0.962241472497238,1.0
AEKY432H6WTR5PJFVOQELAA6TQ4A,10,210,9,9,False,8.984050801914321,0.22314948524019174,0.40868899167594935,0.6782466034082156,0.9578958848162848,1.0
AFAQQZSNUGEJP2RYTXHYJKFVG32A,10,113,9,9,False,7.0676485181585,0.20141796603317758,0.3730374428969553,0.646783340084714,0.9585348201411772,0.9999999999999999
AE6WU4SFOAVPE7A33RAHPQGCKR4A,10,213,9,9,False,8.607037962747585,0.21705567680099058,0.368558958801887,0.6112681332921592,0.9493417712584029,1.0
AHPAZHQXXDK2T4ITHUTDY3PKZS5A,10,153,9,9,False,8.913473743152304,0.21731404313420552,0.37396921410811607,0.6371527464891631,0.9644855949350712,0.9999999999999999
AHT3P2X53ERZIBQSEDMVIFGDWVKA,10,167,9,9,False,8.903393464656872,0.23992256412377333,0.4165647107057612,0.662943184777149,0.9607085358768441,1.0
AHDNIUCTSZAY4XEMCN3QKD6NHY4Q,10,214,9,9,False,7.245462334865807,0.19400119898728402,0.3728836898353269,0.6450941123398226,0.9484669655138381,1.0
AH3VK3QFSAVL6IEUH5JFUATC4Z5Q,10,126,9,9,False,9.095589418953585,0.2696536730058032,0.41952696354887653,0.6498526938168843,0.9491336723070009,1.0
AE7ZKGE2DPSHLHF32BT7ME7R563A,10,111,9,9,False,8.21274382026018,0.19996786557136606,0.36707875777298443,0.6247316375741097,0.949301326176463,1.0
AHOVOKCNGKMCAEBVWTWOGCPY2XLQ,10,198,9,9,False,8.604218307249843,0.23728388679106843,0.4329557601156734,0.6933913359334606,0.9785993011231385,1.0
AE5VT32F7URDDGWM4KOVJ4LLBASQ,10,742,9,9,False,9.93724693812267,0.21924706196542712,0.35691674107153876,0.6008551414213792,0.9575526667262522,1.0
AFBUKVT3KQFLL4X536HS4KKBBJ7Q,10,102,9,9,False,6.9869330915791625,0.23424776404128583,0.41819992566355346,0.6752539212070365,0.9664641801776869,1.0000000000000002
AHHBTX27ESJYBLDTOWDXT6ROLLIQ,10,108,9,9,False,8.335590765185232,0.16905613967066013,0.3272282008458167,0.589445055853397,0.9571231983139777,1.0
AGQT4X6P3ABL3TXRTZ2HYBN6O3BA,10,132,9,9,False,7.780338414564388,0.200974986205665,0.38365509463886016,0.6637798642468755,0.9568643720606235,1.0000000000000002
AEOCAUXMWWWC2TDXR7OX2DGORO7A,10,116,9,9,False,8.525860428977234,0.21161658239999964,0.3682729514040957,0.6336547984386949,0.9571004064995495,1.0
AFZIFPT5R7CPKTJ7WYZYW2N672PA,10,116,9,9,False,8.894547959199766,0.1883194082325749,0.3506096986171565,0.6012433040640071,0.9469376174638099,1.0
AF5VJEN5GA3ZLW3R547M2DZLGRFA,10,106,9,9,False,7.698495724941593,0.1811333631630318,0.3518888392829709,0.6080695321210569,0.9530404033024344,1.0
AGGFFBBB5KFSFSSHHV7I54WUZ3NQ,10,112,8,9,True,10.7152620523424,0.3183167198513143,0.5557151940748576,0.854541807822796,1.0000000000000002,1.0000000000000002
AH7E66O45SE5D4T5WCFQVFTLRGQQ,10,453,9,9,False,8.649447607215338,0.22629444618863626,0.41164963870235055,0.6561080087478147,0.9701717115132706,1.0
AEHLNP5276SPWHNAJU2DP4X55HSA,10,102,9,9,False,7.183118764571338,0.18066244813003104,0.32471461435859966,0.5902250570527685,0.9446570296288141,1.0000000000000002
AGRBCVBFSGXC3IOJMZLUSLD75AQQ,10,101,9,9,False,9.471258382285177,0.21042630857144556,0.3665158758649045,0.6202201771145164,0.9564513152816192,1.0
AETG6PGRERJL3MQCD6DI3OQGFSXQ,10,150,9,9,False,7.468862968715164,0.20196927605157378,0.37357800470514313,0.6389360158215586,0.9628085256512944,1.0
AH7VYZN3WN5YY6N3CFLIY7426GYQ,10,147,9,9,False,7.801388440108034,0.25443838458800694,0.3870527824861082,0.6271604480363023,0.9429283768130734,1.0
AHTHCWRQ5ORZ5XVPRHSDCXVRPN2Q,10,144,9,9,False,8.458888548689513,0.22486736479934175,0.40240756371641895,0.6591359321078479,0.9517854454566751,1.0
AEYKTZXAWOPJG5MGGMKBLRJR6Q3A_1,10,101,9,9,False,9.497254611379278,0.24875302027955035,0.42737995650282257,0.6615102993188609,0.9558806474074995,1.0
AEYHM4G2YAHQL7B4PGF2FMET2V3A,10,206,9,9,False,10.241083573561777,0.2537618987676672,0.42632738673075754,0.6649366289060011,0.9685105625596463,1.0000000000000002
AFNI2C3GRBCPIQOT3H66FUQYRPJQ,10,181,9,9,False,7.2395809491111685,0.21184936264645665,0.37736870994377236,0.6171554230368559,0.9371121262148786,0.9999999999999999
AFOWI4CZ6HGLKAU5OAJFN24AVF5Q,10,129,9,9,False,6.622802529122052,0.20936283217062268,0.37133645872564286,0.6314456164348303,0.9585467856788431,1.0
AF4G7X5CE2VHHBTTPM3Y22QUCZ2Q,10,169,9,9,False,6.368345000152974,0.16594033568319713,0.31249639821464925,0.5701192219165157,0.9341367533048923,0.9999999999999998
AELJS2BCGY3MO6DUM7UABUMIR2FQ,10,136,9,9,False,8.913029476291026,0.2053828708511703,0.4012491488316957,0.6442821320791486,0.9460157234840669,1.0
AGHETJ7PN7P2EEPPQZHFVHGV7TAA,10,331,9,9,False,8.73998493227156,0.23525511738938681,0.4014613690855658,0.6318353955266917,0.950993770607564,1.0
AEOOVIA4OZ4YXXMOX52QKRFPI44A,10,207,9,9,False,10.472375911353936,0.22890974165874794,0.38411170749339435,0.6241269130704692,0.9461049838382478,1.0
AHGNBIL7SLPTHLJWQRA6XJDDRKZA,10,144,9,9,False,8.134852772452605,0.2269404308281202,0.39516850703117584,0.6487277003929914,0.944850883018676,1.0
AHIPIFF4MMM27YSKYX6TIGJ4DNOQ,10,117,9,9,False,7.928872676768576,0.20227484531662576,0.37012639076943143,0.6323366556831637,0.9471110831380538,1.0000000000000002
AH3KXYPNP5BP2AFQZXLETNUMFJ7Q,10,197,9,9,False,8.935254506152786,0.2023796529524047,0.3842695800228921,0.6507341476996978,0.9661658386547918,0.9999999999999999
AH6OKKDZTOZOHR2LVILJ74CHT2VQ,10,139,9,9,False,9.792115939968866,0.20336274566657972,0.36252625300733066,0.6164043985911111,0.9586463572107946,1.0
AHOG65RHFEAC7IIYORF4NVA2ELRQ,10,111,9,9,False,7.404958233270282,0.19362078543953853,0.3653394249394141,0.6322674513772945,0.962284008070367,1.0
AGOA64RRMXMGKXQHXBPDPA44K6PQ,10,150,9,9,False,8.28604731976202,0.191837329380652,0.355236981289898,0.595923453260057,0.9415728840995774,1.0000000000000002
AFUKCEULW4KYMWRQCVGI6K3WTVUA,10,1449,9,9,False,8.390733878954547,0.18117451113596403,0.3415830528282363,0.5920884391700227,0.9477592478042326,0.9999999999999999
AHPA33UDNJSFMAC4434RUVHWNP6Q,10,225,9,9,False,9.230954868569171,0.21469016826797915,0.35611056700741583,0.5986265863371251,0.9481944777862085,0.9999999999999999
AHMSYVI5H2GXDIKMFYR4Q2KRZUDQ,10,450,9,9,False,8.154334340744322,0.22090753667987414,0.39937285958581764,0.661139213554061,0.9494257652087622,1.0
AFKBUQBOWYAUFRGZAHKTTDF4LH3A,10,137,9,9,False,9.219502845769165,0.18299081318222973,0.3321323518697377,0.5801781203586037,0.9399761166424215,1.0
AE5INRAIGFDNXPWT5LNVJEEAAHBQ,10,1153,9,9,False,9.13842861337502,0.23165291961650838,0.41428010292489553,0.6606535447944659,0.9523280690274387,1.0
AGP2E6KQNCXVYNQM5E4WMWUTBU4Q,10,124,9,9,False,7.823128010736292,0.20564963666789907,0.3777074929310688,0.6587553915896246,0.9632940513419025,0.9999999999999998
AEX7XGYOI6YZR2LS63EGJPXVXODA,10,128,9,9,False,7.722913664168733,0.17031237996631673,0.32541258682604945,0.5861222985715724,0.9439824634981663,1.0
AHPGHDFIU3BUB3RQBP56RQQA7W4Q,10,172,9,9,False,9.74019052150682,0.2005312014272908,0.3711896441122608,0.6597948902192989,0.9608868131098752,1.0
AHDJTOPSX7M6KTZ2HQNCDDVAD43A,10,135,9,9,False,8.268573292953256,0.17991922184457856,0.3423634806559808,0.5742611263828832,0.9468246229108972,1.0000000000000002
AHIRNZR35OCJEU4K2TYROGUQAKBA,10,216,9,9,False,9.6045667819849,0.18692543681784757,0.3620900450483399,0.6325597008721,0.9721430757188307,1.0000000000000002
AH7LDXK3GT67FZKMRW7MP477DJVQ,10,127,9,9,False,6.32792542121803,0.20254243872785735,0.36384424674162513,0.6079353549017483,0.9506427927292606,1.0
AGCW2JGKPSQNHBVZ4EOLOKHUOV3A,10,107,9,9,False,6.8519739784451295,0.22453155141697353,0.395244225177525,0.6419126312361025,0.9593538773864828,0.9999999999999999
AGU7TAN3F323XBPIBTEW3TDAF32A,10,120,9,9,False,7.672667494912469,0.189535822561128,0.3494137011098348,0.6218565327819958,0.9465829588238546,0.9999999999999998
AGH2BA6TQ43WVJL2HXW53TOBIWPA,10,434,9,9,False,9.456492914546756,0.19368693576537363,0.3572665786166196,0.5963578104797256,0.9507917346760705,1.0
AHX6ND5IXNLLPE46BFRTFIWJWMGA,10,105,9,9,False,10.252759747070709,0.22228606984807234,0.39785196683255103,0.6525575493467176,0.9617158314699924,1.0000000000000002
AEKQ4KA5L7LSVKG2DEEOECYIRJQQ,10,237,9,9,False,8.466138069682156,0.16829183802517372,0.32144405113385527,0.5762814928413128,0.9539905932216141,0.9999999999999999
AGP3SV3HRCELN34OMNVEBEV75HGA,10,189,9,9,False,8.114183038533048,0.20128390823239797,0.3652674122875277,0.6413715620886042,0.9512835008905899,1.0000000000000002
AEJYZEXHGRPOQ7JWTECOBUIRSEDA,10,531,9,9,False,7.961024023118923,0.17782801205577048,0.31033035237509216,0.5612953044110096,0.933058847483937,0.9999999999999999
AGYIQYQKJSRVSDJUPW6Z5KNI3GRQ,10,199,9,9,False,9.117004136193206,0.20989839499839405,0.3781317803752145,0.6505739839729918,0.9537275760377658,1.0
AERYYQ2LT6B427JFUK626KQY3ESA,10,119,9,9,False,6.709538743776282,0.21467768313893662,0.38679964727245714,0.6508271776674567,0.9652235502098285,1.0
AHRNMCEMAIL7GCJZV7KUAO4FJPTQ,10,158,9,9,False,8.639617791236287,0.22875573269582156,0.3873192508332972,0.6366241178620284,0.9548310188633609,1.0
AFN7XJ2HUAS7DU7XELUZKDIORBTA,10,108,9,9,False,9.261333468693858,0.20167481217575595,0.3594231218825241,0.6100997521602068,0.9512202233027027,1.0
AH7ETWOPU2HH47YLRGRQFIL4NJVA,10,110,9,9,False,9.87458535081496,0.21183453367484115,0.3722673691457031,0.6222789521013495,0.9619023457906742,1.0
AHXUXID2G63V7G4W6A4WIN7CCRJQ,10,148,9,9,False,7.731565582203266,0.17049944766660047,0.32231351424055826,0.573175350077556,0.9451480550910154,1.0000000000000002
AEWC4UI7SLIRXMSCFG2OLYL5MZDQ,10,101,9,9,False,6.735561481731179,0.17591232444428348,0.33262591032151284,0.6052566698584176,0.9422143913537275,0.9999999999999998
AEEYABBPOWJ62NLOMVCVJFLHMU5Q,10,175,9,9,False,7.08181961610125,0.20758348127068077,0.37754944490419384,0.6295423350847665,0.9558983081209194,1.0
AEFELZWGKCM4FWBKEETRCVWKUYGA,10,170,9,9,False,8.969516773244846,0.24693748049576605,0.4503830916257068,0.6875869790835868,0.9687652585184818,0.9999999999999998
AETQ662T5IP4NC524RTVV6ZWNOBQ,10,132,9,9,False,7.66024533456229,0.1892882535022042,0.33043476324001675,0.5774896181443816,0.9316441486383324,1.0
AG2EJPIALRKZQWAF3Q4ZNDYTQMWA,10,279,9,9,False,8.937291757843099,0.20533466314861226,0.3907111368186275,0.6454894074881284,0.9530420499911313,1.0
AFP2WXHZKBB7XPY4N3AJUTNU5VMA,10,101,9,9,False,8.816857068599967,0.189880235877189,0.33172514363834105,0.574579771142436,0.9369399700939535,1.0000000000000002
AEBFU6CCF4JOJKGQSSZWLZWMFEEQ,10,182,9,9,False,8.683266960879898,0.18216749242306934,0.35959886775981265,0.60212412953459,0.9462453771501653,0.9999999999999999
AHT7LA5WBAB4ROGSGGDPSOYFORHQ,10,173,9,9,False,7.725239191157751,0.17154159402299413,0.32721699256110925,0.5972354552885887,0.9584297446040289,0.9999999999999999
AGQOWYU223QXK2YEHGRQ73OHNETQ,10,103,9,9,False,7.231913643748444,0.19094769971024067,0.35958260367981015,0.6220912794284148,0.9598872063633365,1.0
AFX5IGBDCJTOVQYLRYGN5CIRNXQQ,10,130,9,9,False,8.378017422518592,0.2193474247875784,0.38154068917469147,0.6527296987538366,0.9598584764005373,1.0
AGI53IW32Q3RJYKUFQGA36JMCOKQ,10,116,9,9,False,7.654338663822232,0.2045701828927511,0.3828433846242543,0.6785776777336956,0.9736035036621364,1.0
AHJATMQAWS7LNWFU7UPKS3DRSX4Q,10,130,9,9,False,7.969483543539236,0.24343682618145915,0.3960906040312547,0.6477350188243224,0.9441721915355176,0.9999999999999998
AFQVCWWD7BEUS6YTHTDLCTLWFIBA,10,321,9,9,False,7.984026372443156,0.20556168047683918,0.3852678229797693,0.6516860721889259,0.9544010925427773,1.0
AF6RAMF3HODLXIH22AWPXFB5SLTQ,10,114,9,9,False,6.727399842920603,0.19990242335038935,0.3571483576941567,0.6329777858447853,0.9477248220957678,1.0
AGRXUQPMAAWZGTKUX7I6Z5SRPNRA,10,104,9,9,False,8.720791879257213,0.18339091150547027,0.3371886496175428,0.5948095870458457,0.9508551224522708,1.0
AGUNBFGHBEUYYDPNPD437363BHWQ,10,324,9,9,False,8.8102002364688,0.1879865057076166,0.36113669353224326,0.6148140164124039,0.9497154811998256,1.0
AESMEFOVUX4NQIMYIO3HI37YBKHA,10,181,9,9,False,8.74793371120755,0.20325722235240767,0.36333677309137496,0.6159053642327288,0.9528118295787911,0.9999999999999999
AHHPTRLRAJ6EHWOAT2PLWIH3XEFQ,10,202,9,9,False,8.042616101183308,0.20698775600324149,0.37431923986483423,0.6250401081590073,0.9495295075093847,1.0
AFP6MGUZJXZS2CEMNEDE6OSI4ZFQ,10,138,9,9,False,9.826506835980656,0.2961970447778361,0.47825296048190397,0.7011546988559214,0.9769708716575469,0.9999999999999998
AHK7S4HWRWXSEHYJB534QN6XQ7QQ,10,301,9,9,False,9.0169972742938,0.22711240180061962,0.38225827366846415,0.6313559041571526,0.951257525531739,0.9999999999999999
AFE3KSBVH635IKGQVCPZIMGL6ROA,10,160,9,9,False,7.136336381293218,0.20460946945347205,0.35593346736667986,0.6172065858549545,0.9416604453722993,1.0
AFIAYD5EZYUL7P5HK4HIPGN43CTQ,10,106,9,9,False,9.703622320706433,0.30711117463441645,0.47222157860407143,0.7012815036123415,0.9615297773970489,1.0000000000000002
AE4YO2ZT4TMRFFA54ZZUQGK27YZA,10,150,9,9,False,9.19977604709727,0.2999145262818735,0.46964535973002064,0.7007102323047112,0.9602580140179334,0.9999999999999998
AEAEB25YC6CS7TKQ7EK5GKHJOBAA,10,153,9,9,False,8.707915707184613,0.20076196972049912,0.38155279688106347,0.643719436217273,0.9634995303876819,1.0
AHMG3ALUBE3FEBHODTBHP5J24YDA,10,124,9,9,False,9.498727435715525,0.2725032404047563,0.42720202832739557,0.6970877403805218,0.9700775464711554,1.0
AFUQBLHWSNJSWDEXPNYV36DODBXQ,10,347,9,9,False,7.705594523850214,0.17927592682968121,0.33366618546393434,0.5919314896457233,0.9533516444579309,1.0
AHR7J6ECPZ3Z6S5BOBLPIBN42UMQ,10,151,9,9,False,9.06975075011401,0.2109240478697273,0.40010269318381364,0.6703151953601008,0.9639260557539019,1.0
AE2S73K5525UUILYHPLCCWL3BZ4A,10,118,9,9,False,8.456006465469695,0.19273327586001426,0.335231333871762,0.5846087271038342,0.9455677431458359,1.0000000000000002
AEZP6Z2C5AVQDZAJECQYZWQRNG3Q,10,278,9,9,False,8.526741092894587,0.215742770520051,0.3753711588478129,0.643012029968334,0.9585760507391696,1.0
AEMHQN774P5NDQE4HTZQGNH33DUA,10,157,9,9,False,8.128089847735481,0.17826725464884133,0.33962917108601354,0.621608928286792,0.9480132384394542,1.0
AHNPLHSXTMSDKELBA22KMPNC3OGA,10,217,9,9,False,9.490295277876687,0.20595861985202044,0.3657128913752075,0.606906228813595,0.9420022529610024,1.0000000000000002
AETXGCF36FY7PP3RNVGTGZVWXO7Q,10,439,9,9,False,8.825321266769828,0.20719950907608356,0.3585708480764065,0.6300592257231018,0.9620807252491247,0.9999999999999997
AGYGR6FRSQWRJGITKQU6K5BWV2QA,10,107,9,9,False,8.779401359439685,0.22142455682312953,0.3886666361467976,0.6222445246188306,0.9563623887258674,1.0000000000000002
AE3PLZHW6NXWBMZ76TDVFQG2MJFA,10,312,9,9,False,8.97378494153593,0.18930140145025148,0.36111359537511006,0.6298598184021906,0.948831922094763,1.0
AFMIXKJH3NIEPKC427AQJQ2OYRIQ,10,121,9,9,False,7.376860523785121,0.20946139794988175,0.37827579143878903,0.6345716393165067,0.9527277194715295,1.0
AHW3IQYI32ISDARYDGK4KBOCBP5A,10,152,9,9,False,7.7492882065110456,0.1744667859022986,0.3419150428421583,0.6026087877808729,0.9468474821997994,0.9999999999999999
AFO7DHIAAH6SJFY27S7ANI2NIZ6Q,10,181,9,9,False,9.917736919005899,0.2174696121923781,0.37198542606210827,0.6225377483899655,0.9484026001203019,0.9999999999999999
AGO2N635I4RNMKT5SM7XONDVKVDA,10,103,9,9,False,9.23706606909091,0.15569961599407048,0.292669775662042,0.54995788143034,0.9434016988255987,0.9999999999999998
AHKZOKNJHOKX6JOO3YBCV5WLUIEA,10,141,9,9,False,7.076968310235988,0.2234871952881947,0.3888596833434698,0.6414813094180066,0.9608724837592688,0.9999999999999999
AGPABQQDRRRPUBGVBYLYI3SWQG6A,10,117,9,9,False,8.789365843176848,0.23233970503820703,0.42290264964620927,0.637125104631074,0.945309783974332,1.0
AFFEEXTDI7JMBJOWTDR2FO4NAR4Q,10,126,9,9,False,8.464553753491169,0.23716871978067333,0.4158354696040647,0.6834893146064205,0.9807334297805883,1.0
AHCBHETWEWAL5ZJTZHD4GA36CU3A,10,429,9,9,False,8.328876245047438,0.22428121404887008,0.38980949204874676,0.6388975206001555,0.949262956368377,0.9999999999999998
AF7WHR2URJM4CF6HABSVIQHNY2NQ,10,103,9,9,False,7.68076481106022,0.18107473321921708,0.3343998345729293,0.6001384718531609,0.9453825493764637,1.0
AHJHUJ3TOHAZIBPBC5R3AMAKVOZA,10,103,9,9,False,7.717848440873089,0.1982862335429001,0.3793077700663693,0.66746700689551,0.9549748916331952,1.0000000000000002
AGCPEDYIF2QXKNLBIOOEKEHJ5V2A,10,203,9,9,False,7.38161313336737,0.21359550157076299,0.36807971784889737,0.6096499894941474,0.9619315119646443,0.9999999999999998
AG4D44BNNLUEZNG7COK2CNRYUHYQ,10,226,9,9,False,8.156861400716023,0.22653860371294163,0.37569326528768465,0.6451550470696751,0.956100625913697,0.9999999999999998
AHMFFGPZCVEFM4KLP6VQHMMCQE5Q,10,148,9,9,False,7.946981346727597,0.22539083699227824,0.41174846517805247,0.6563851648598666,0.9647812647117119,0.9999999999999998
AFY5ZS4KYYBPX5IAUVPK5JG6AOCA,10,105,9,9,False,9.969722635345935,0.2491112015682433,0.39710652518799494,0.6415128694537868,0.95682821067096,1.0
AF7SHUWZHWXOG6ROPPRCJG7JASYA,10,132,9,9,False,8.080819903237872,0.17672435807460163,0.3470234372219302,0.6044979564149943,0.9444992827753222,1.0
AHP7BUI4D45CYAPTKRACMKC2XXSA,10,148,9,9,False,9.308524086975144,0.16897156918447034,0.3264039022218123,0.5960035415235009,0.9377694318269987,0.9999999999999998
AET6PG7VY34KJDBH2U2C2FHJL4TQ,10,175,9,9,False,7.238271424787522,0.1827435410495137,0.31523082004641473,0.557044391643261,0.9367406218890678,1.0
AFI4CT4JFHOK3NBZOGCHC3CP7J7Q,10,118,9,9,False,8.827492476811848,0.19618485253819182,0.37110407366044984,0.6245220586155774,0.9405519872149231,1.0000000000000002
AHPG65LKS3QKRWDUWAKZNLEK5RZQ,10,425,9,9,False,7.153527871388692,0.23801377212434807,0.421537908338082,0.6740787216613612,0.9599398592289446,1.0
AFTCL2WPSSUILPX4AGK2KFG2X7FQ,10,108,9,9,False,8.424725341649406,0.18330577758840308,0.3484059492088014,0.6110449641058147,0.9593710233253141,0.9999999999999997
AE6SPZALZWZRHJVUFJD2YZWQ6LXA,10,216,9,9,False,6.6093768507818735,0.1805864504160865,0.3433445006396771,0.614385421159072,0.9568738725190457,1.0
AHUBQHB557N4AGFHFPKDJHOXJJGA,10,100,9,9,False,8.032420623088111,0.21592965550940818,0.3765861666345811,0.646597281299058,0.9595774283948495,0.9999999999999998
AF6BAP7PONMFFA5LTZZY7SN6ANDA,10,903,9,9,False,9.461141627367589,0.20982935042922599,0.3771976320543672,0.637161498831845,0.9549790200015781,1.0
AELDDMYRH6UVEDUIQGRSHZWQM2LA,10,117,9,9,False,8.415853304533464,0.2523212926377871,0.4148718816108813,0.6487974220534188,0.9564281097647768,1.0
AFCQFWUU42HNXPDDY72QCVHDPBHA,10,104,9,9,False,7.653268654280586,0.22571299073061177,0.3796789665590231,0.6334497490262982,0.9687636932045447,0.9999999999999998
AG7ZCPDIT7UCFJYYA23SOBDVJQUA,10,196,9,9,False,6.142000892317239,0.18647639624926232,0.35837967554052286,0.6442082761414096,0.9635934208714108,1.0
AFXHLUY7QOZ325FN3H442SVNDMDA,10,205,9,9,False,9.413845678178316,0.227406955228526,0.39622999770785233,0.6674183151880989,0.9595476002779695,1.0
AGCOHP26FKOWWUEPWYPWBI6SVTMQ,10,143,9,9,False,8.222983512266763,0.21364125700793368,0.3590022819768514,0.6199743661608962,0.9525395887245706,0.9999999999999998
AGQYXWUJLYNMIMVTCD5MBB5E6TKA,10,122,9,9,False,10.011810090444564,0.2658788893557761,0.43104002378245765,0.674013838098149,0.9593483265969215,1.0
AHW4RM32F7UDMQ5ETAMLLHIPSZHQ,10,348,9,9,False,9.18390838572084,0.2009630050924794,0.3469441135261233,0.5926612481416191,0.9422305681011747,1.0000000000000002
AFNMR225HEQXEVOYEYDQZXMDFUQA,10,133,9,9,False,9.432523772134974,0.20359840895169656,0.379802354561284,0.6378314483834766,0.9489506467917036,1.0000000000000002
AEI4GU653P6LRUUM7MLI3BHS6HGA,10,117,9,9,False,8.352250751037195,0.21711824652412515,0.3842009386483307,0.630974255773474,0.971790730169397,1.0000000000000002
AEPHGBC4AGMSWWJ2TG2FOBVRJOJQ,10,104,8,9,True,8.220977633369387,0.2904360689658777,0.49985563201598504,0.731905456810044,1.0,1.0
AHXCOH4ABGDUF6PLAWTVRWDNTIVA,10,492,9,9,False,9.260909719333206,0.20241786365267936,0.3596138764245993,0.6300512636731599,0.9556459805348836,0.9999999999999999
AE5PTCZIZG7X65BFIM6EYRABNXDA,10,164,9,9,False,7.694735150023534,0.2008444675339474,0.3811826302464178,0.6163863114418451,0.9494327489124946,1.0
AH5W6LHK6CY3XNMTSIMU6PKFUBIA,10,103,4,9,True,9.171545144357763,0.32056875127664797,0.6159414469111937,1.0,1.0,1.0
AGBHFHIPZEFAMWYB754QZ6OQLJUQ,10,119,9,9,False,7.8257270234195335,0.20079345391829098,0.3618975350227824,0.6071391459350373,0.9377176546554855,1.0000000000000002
AFOTTSAZYNXVVEZ5IV24QOP5QOWQ,10,165,8,9,True,9.811240755720119,0.2288101858015295,0.4079822909356112,0.6694365230289847,1.0000000000000002,1.0000000000000002
AGWS5WAG4X34YIKBNI44UVEZJGQA,10,184,9,9,False,9.043881668349915,0.17715355345704056,0.34865010702366883,0.6246064522524638,0.9565126357104823,1.0000000000000002
AEJAUXEATYKRII4CIPIRJ7BQTBSA,10,107,9,9,False,8.480534121343355,0.1913260414558897,0.3521540791157191,0.6137102540510044,0.9435788340971442,1.0
AFEJ2BL4NFODGY5LNUZO7J65NNMA,10,154,9,9,False,7.785082413886457,0.1907095915387167,0.3560106063827191,0.6119607890523653,0.9566841399423308,1.0
AHYBVRYZF2OCONYWPPHVFP3LOCNA,10,209,9,9,False,10.866502846566545,0.2390301297863134,0.4256321586024137,0.6571008693038803,0.9576712388666605,1.0
AEBJEFYQMDZGCOGQMVO5OUL7C6TQ,10,255,9,9,False,9.66253569059129,0.30117611603854993,0.5235249515374741,0.7260660686074004,0.9658877448490965,1.0
AGOVWHWEHB2MT55YUMFKBU2MCSSQ,10,340,9,9,False,7.491266594063732,0.20677625343896539,0.39730829129819273,0.6620267710904659,0.9550135958459682,1.0
AGLGCQJ6R7DK2HOZRYGHMQ7D6BTA,10,245,9,9,False,9.408967039359252,0.23126609390738975,0.3927103660212601,0.6633968485704147,0.9653499876078859,1.0
AERBXNFQCS5OD6LJOIXMRDPTOVHQ,10,364,9,9,False,7.3307698210284,0.2409873819233218,0.3819937341632806,0.6334657125226759,0.9516138242153973,0.9999999999999999
AF4E3NZ5US36XUBBPFET6A66OG3A,10,141,9,9,False,6.159278615221552,0.1811686392546587,0.35580465305183867,0.5806496059967845,0.9461386540781614,1.0
AEB5WZLYV6NTC6TQPWVOCRS4JYBA,10,139,9,9,False,9.292602941088031,0.3160778529308856,0.45780536436878344,0.6642058398541183,0.9551972592604336,0.9999999999999998
AFWNPBOKTPX5C4TKH7S35X27ICSQ,10,107,9,9,False,8.333304914748226,0.20612636035074777,0.3717566807610748,0.6593889559654724,0.9597095269586126,1.0000000000000002
AEZ46SSKY4A7ESP3QNEZQRLA2Y5Q,10,121,9,9,False,9.522200461550714,0.23804752331309162,0.38543686316415815,0.6295867124000666,0.9498483843921348,1.0
AEX6F3NHCLMPXTPAS2CVOUQMOEUA,10,320,9,9,False,7.074088639853719,0.2098227676499265,0.370443281773774,0.6479490734790511,0.967406834645608,1.0
AGCVRCNB4FGVZI5N2Z7CLE5PUGNA,10,119,9,9,False,8.651099893865426,0.21052469584708414,0.38242769468540666,0.6685783919366797,0.9742208962521264,1.0
AFLHUBPZV67L3BLVWGVDMKU5D7UA,10,212,9,9,False,7.417500037855572,0.1779984044373583,0.33954059851332014,0.6002900880564345,0.9463060293467136,1.0000000000000002
AF5LSOLMFO3RQAH2LWPPWPYMNNWQ,10,245,9,9,False,9.226896604882823,0.23286548401859458,0.3876087407507635,0.6205719280105811,0.9546733686199271,1.0
AE2HPHSU7NQORN4TZFCDCSLZV7CQ,10,110,9,9,False,8.649386954741509,0.19807226553574953,0.37555015729269925,0.6176117438227088,0.9451287286053413,0.9999999999999999
AH6KFWUFNLCMPBOCEHR7XQ6GDRTA,10,209,9,9,False,8.551420806271048,0.20301720656836583,0.35553173776227165,0.6117644655556688,0.9522682815799677,0.9999999999999999
AE6F3WJIUZRLTBQIA2M4X3LERYJA,10,146,9,9,False,8.279326298702305,0.17675926756158747,0.3420435115540935,0.6112293381059827,0.9496432388819598,1.0000000000000002
AEOLORJKMS44IUJWCYBJGYDLCD4A,10,128,9,9,False,8.732768503909735,0.20439894329369565,0.3740699443520867,0.6378544122917973,0.9515365903913929,1.0
AEIOYAYGE2AU7LWLFRYRX4XPOWIQ,10,209,9,9,False,6.986444226903163,0.18992374683123942,0.3654229117410004,0.6122892095364246,0.9444428930534149,1.0
AHTJ5KL3HAI5QMHSVCIAZUVK47IQ,10,141,9,9,False,7.298549903600849,0.19913581568355868,0.3705575845143277,0.6372783050124246,0.953008327189489,1.0000000000000002
AH2TH7FBK2XSDKS7LCJJTLX3OBJQ,10,229,9,9,False,8.656703625018139,0.18952584130349573,0.34445158740123943,0.5848567573310877,0.9372912087745726,0.9999999999999999
AFSN2VRJ3SF7TUDX3BJNQZXGRPWQ,10,111,9,9,False,9.778229504052927,0.20646463449348126,0.3556742145786625,0.6061901642186024,0.9651919496478432,1.0000000000000002
AGITFK7R4LKOXVZZGEVWU56Q27JQ,10,110,9,9,False,7.873478055450286,0.22493344227016399,0.39318308670775487,0.6305183211163438,0.9618182922232031,1.0
AGIUGX2NKR2P7AQMYF4VH7HUF2TA,10,122,9,9,False,9.278550421777277,0.22751452941190092,0.3877978616749737,0.6466803130258854,0.9616924250428367,1.0000000000000002
AFKEUURWVXYJOYGZOUKJQ4VOVZCQ,10,189,9,9,False,9.352812731468674,0.22609228738672152,0.39094923900906026,0.6541706522391789,0.9672948223031399,1.0
AEJGUA3ZHEWFRRXF5RTYIFYG7COA,10,170,9,9,False,8.843466505401768,0.22927851020862777,0.4031769845135902,0.6353193466288427,0.9422759754499472,0.9999999999999998
AFWAQN3ITXKIYH3ZEARLO7PJLINQ,10,168,9,9,False,10.073932501016165,0.19937940281931202,0.37135389391006357,0.6065834009818077,0.957243846327495,1.0000000000000002
AHZOZPN2EH354LPYYEVTKBQ6DOZQ,10,104,9,9,False,7.60401822637886,0.18240092488044762,0.3406882669085034,0.5781492551552831,0.9354093971573902,1.0
AGV7MJIYWVS7UVMOHQW5FYIEQC3A,10,320,9,9,False,8.152137123834313,0.22837573775188164,0.4137288850009899,0.6697091295521881,0.9590477528892042,0.9999999999999996
AFE233WGE7SQATPKYXBSYCV4WGEQ,10,225,9,9,False,7.791385335995239,0.23117168870510904,0.3938792180515106,0.6719069352508776,0.9880463290748377,1.0000000000000002
AFKKNZ23TDLTOKKSP43L6UPZIEDQ,10,160,9,9,False,8.927514950675407,0.18453466819757566,0.349464076583023,0.6082669466925607,0.9488653268399947,1.0
AH4LDUPSQSGBBAV62MV7JZDD3C3Q,10,357,9,9,False,8.711122902038609,0.23262925264997414,0.3989920933615986,0.6439796421277172,0.9539517506542643,1.0
AFYAQ5GI65F2GJEXKBTBV4JB7CEA,10,125,9,9,False,7.954681424502934,0.19493825189566238,0.37625859844811915,0.6394915690466582,0.9580509204901473,1.0
AGUKKXCIG4H6Z545KTQD4RZ7KLKQ,10,136,9,9,False,8.66748654948405,0.216063626935539,0.3584638851065332,0.5962087354458661,0.9537037452568944,1.0
AGI6YCJPJXN632RE2AIFQ7SA55UA,10,109,9,9,False,7.531747808460654,0.2059812093327955,0.3621482650713819,0.6252258467958314,0.9712008910593887,1.0
AGYIFIF36UAWEBK4TO7X4MGJNAPA,10,146,9,9,False,7.6618377667363085,0.22414569669258047,0.3755487184665936,0.5989532021565208,0.9404113100689208,1.0
AFEP23NFXJI3T44Q4XC55NT6COAQ,10,765,9,9,False,8.356992289218125,0.19908586123731803,0.3500842533760212,0.6153502983579384,0.9450268914237229,1.0
AGDUOQYQSAWFBXRWZ4Z4BV4CGRUQ,10,258,9,9,False,7.641131861447648,0.21025169652153552,0.3616116163293762,0.6114721104112006,0.9534757665431093,1.0000000000000002
AGVIH2XXBIIZDXDEQJCUCY42JOOA,10,216,9,9,False,7.22578274150988,0.20166835159328714,0.3653975029189609,0.6244183018559971,0.9469530238126066,1.0
AH2MHUG2OX25OE2YQ56VPX3Y75QA,10,197,9,9,False,8.829184205744752,0.22052190590939913,0.3659403779866148,0.6148067015309113,0.9561523716359448,1.0
AHRQVI734AF32IXI37RUF7P56KMQ,10,239,9,9,False,9.009239297632814,0.21197804314967728,0.3846240266874081,0.6630944693860947,0.9570082421200959,1.0
AEI6B2JWUTT6THQ5DZLER7AL37RQ,10,147,9,9,False,8.282630190080997,0.2153907782280728,0.3925709389622931,0.6606768258541319,0.9576949889591618,0.9999999999999998
AETSH5HM7Q3ZXCTFHYOTCYVDTCAA,10,108,9,9,False,8.612541172274184,0.21376330099169447,0.36393135847778557,0.6197876439615485,0.951865055442252,0.9999999999999999
AFZJSGJLARXCYVO2NTD6IE63E2HQ,10,124,9,9,False,9.380572878374224,0.24504357428707899,0.42232344732934723,0.6468808249500019,0.9540726301523139,1.0000000000000002
AF3ZQA2HLR53CZ3LCLMZUTN64BMQ,10,108,9,9,False,9.19708914992192,0.26666597992311314,0.46433488090850195,0.6937635183966491,0.9694975861090938,1.0
AFGI5DGPZLP4CPYUGFNARKBQ2UTA,10,110,9,9,False,7.987009690684854,0.18127969252371065,0.3469706678301906,0.6117813041883747,0.9542026172047239,1.0
AF5GRAZOLOUIUPODTWQVJDYF4AZA,10,113,9,9,False,8.71637663184673,0.22195507329302877,0.3661875472460087,0.5988534396095746,0.942691505632238,0.9999999999999999
AHC6HHDXZRRMMNA4RTWJLDTVRANA,10,108,9,9,False,9.376734961971806,0.232416491004664,0.39446566830976915,0.6380438952486084,0.9648862753984336,1.0000000000000002
AEAQOM2CZ2I3USZR4CE6XHTZZHIA,10,144,9,9,False,8.105789086375765,0.2176343713574312,0.41164240135490904,0.6561367760243085,0.9603179226985307,1.0
AFYXFMSPOQPZCETOYAM3Z4RXDI7Q,10,117,9,9,False,7.568119441050529,0.21451847143822833,0.3658560082145378,0.6273809989821424,0.9543343751196585,1.0
AHDYWEPU7QZTV4THNKEIDLINVXFA,10,1116,9,9,False,9.560568396471988,0.21961669405002143,0.3960961328890796,0.6618647448617052,0.9499377177333956,0.9999999999999999
AE27M52WTNJGLONE7KTAEOHZRJIA,10,100,9,9,False,7.659749469452154,0.2064453270048296,0.3557017619488447,0.5784545714975701,0.9341334606123913,1.0000000000000002
AFDM5JSC54MIFFQ36LONQJMWI3XQ,10,113,9,9,False,8.722860757816449,0.19141710641573365,0.3766524522767559,0.6281905207194997,0.9502397954557928,1.0
AE364T67IGWVWILEHKOWYBCB2IDA,10,102,9,9,False,8.34439793458615,0.2623548488723648,0.4639592703816185,0.6951276209682634,0.9621727446046002,1.0
AGEQRBANWEFCXNDWJI7QFFHPCSRQ,10,213,9,9,False,7.022599666532517,0.17861972501406237,0.35582242489286936,0.640997094526419,0.954783138402914,1.0
AEEX3WVJK5TGMRJ43V7IOI63JOFA,10,134,9,9,False,8.559960160799498,0.2728972735734621,0.44303181045641554,0.6602431987957256,0.9662650422801289,1.0000000000000002
AH6CBXJMJL4UPDBPZRYOK2A4J4QQ,10,113,9,9,False,7.9588235387659205,0.23688433852361437,0.37041248097188295,0.6089168640759994,0.9463762079245323,1.0
AF54KH75LOEZFH7NRJUU6MBVX5RQ,10,250,9,9,False,7.587166424141834,0.21608518899258708,0.3974455452723096,0.6300864644117768,0.9512446512732279,1.0000000000000002
AGWUPUBODLPBDOKF7WR3NZLSQIXQ,10,208,9,9,False,7.703301566717526,0.19980085867943678,0.3726090014520726,0.6169791960952422,0.94591740119703,1.0
AEIIRIHLIYKQGI7ZOCIJTRDF5NPQ_1,10,368,9,9,False,7.769633618743175,0.23691996298863488,0.4064977808497848,0.6449524719008147,0.9605091224145395,1.0000000000000002
AF3QJUZMINQU5V6DCZIN4CPGLCOQ,10,101,9,9,False,8.686808658215366,0.17041699337047297,0.3274445672240696,0.5811399837632283,0.9386023071371566,1.0000000000000002
AEBZJGN6VG5Z2E7AVXBGXHOU5KPA,10,148,9,9,False,7.828949716777768,0.20741947095713947,0.37677907270578304,0.6410647068054373,0.9677817569923199,1.0
AHNQEGOLNDNC5IOKANIAOC7LW2GA,10,134,9,9,False,9.700157186532175,0.2657995746989598,0.4275255336785736,0.6584790265911065,0.9682645102386793,0.9999999999999999
AHASHJDTECMQU5NRAR7EFO2AESGA,10,230,9,9,False,7.53977453262603,0.22451895735717245,0.38290505929612445,0.6291929244985283,0.9425475640479549,1.0
AGGB33CRW5QSNM542FDVHPQ363YQ,10,260,9,9,False,8.885815668116253,0.16972854705017262,0.33217420323447683,0.5940206527717466,0.9455885468617308,1.0
AGP7S3IRJ5QNJL5TMST6OPENPQRQ,10,207,9,9,False,7.600386420654774,0.23415433215757406,0.39086927094195895,0.6435596382094183,0.9542872800964118,1.0
AF2AHWFRYLISW4WNTUF6OSP3BBEQ,10,182,9,9,False,9.795879886247107,0.26005220256309114,0.44721154484215425,0.703652335350156,0.9616373991609933,1.0
AGTMMNTVLEDXN3TWKWUOI5L5Q2TA,10,134,9,9,False,9.182830749706008,0.22173121372007942,0.3857774708964496,0.6470119329524587,0.9576732729421727,1.0
AEUWZ643QYY43HRK5MXAZ74DSCMA,10,162,9,9,False,8.59088758260625,0.2389231125185441,0.4164150149530673,0.6933932313727011,0.9666075971743358,1.0000000000000002
AEW6LYMS7YOBKV3SAOVF7RZZMBOA,10,209,9,9,False,8.280252316876547,0.19594906667944959,0.37545427457040775,0.633233709320023,0.9605322054655453,1.0
AG6PKNNRVSDAUZ3RCXHP7MHREZFQ,10,123,9,9,False,7.40426761692174,0.19756100519998543,0.36999253026554974,0.6247411217083116,0.9464929487354333,1.0
AF4YK6ETKIRQ36LYVR4YY3ZS4ANQ,10,366,9,9,False,8.079966098015722,0.18437122887625934,0.35492632003105806,0.6318048758429544,0.9560568114241272,1.0000000000000002
AHGQDSOBAIVAAKJFIVEGS344MSXA,10,1185,9,9,False,10.316693131389961,0.22587894135668252,0.375390024709813,0.6353986240490154,0.9596734227200527,1.0
AH35V4IYG4OQVPZ3KO2Z6AN2ET4Q,10,235,9,9,False,9.64017125248727,0.290960869684665,0.45401466021397624,0.7131425358966634,0.9631607461503915,1.0
AEQB5R3OMKU6PARIWL7QTGAO56EQ,10,123,9,9,False,8.593101999263242,0.22035631742686335,0.40900315166517953,0.6614904575902614,0.9683792236076477,0.9999999999999998
AH6MNHAF6CNYVR24VC2W63NQ73LQ,10,102,9,9,False,7.941468213913216,0.202008063397162,0.37593687939351617,0.6316496648671275,0.9693800204889595,1.0
AEM67ZLSNV2TH3O4MC7VM7GCXQBA,10,240,9,9,False,9.925225287901196,0.23771741557816925,0.4266562898799129,0.6491131182598572,0.9590729268328371,1.0
AHUDLM6F46QJM4BSG55J2CKT65FQ,10,924,9,9,False,10.197611704229569,0.171066432752492,0.3160407767391771,0.5746691492219752,0.9448113760588801,0.9999999999999998
AEOQK5R2VIF372OSXLIWC6GQMVVA,10,136,9,9,False,7.461925937503753,0.23613375189478905,0.44220463011961414,0.7075816280878574,0.9843687079659844,1.0000000000000002
AGFGISQL32VM4G2ZDX2JUXXYTJXA,10,189,9,9,False,7.226345436751328,0.22743932217446308,0.37716980433093283,0.6268508211268602,0.9540038688248406,1.0
AHSS6ATF4QH4GZBEQ54LTLJVJFLQ,10,123,9,9,False,9.284522646647426,0.22057922409444444,0.4015907138525846,0.6649036836424469,0.9769361204650593,0.9999999999999999
AEPSNPZWAOSASXZW6F6GJZD4RZ6Q,10,110,9,9,False,8.199250619782415,0.18091418386975858,0.34982158375814965,0.5968715751730042,0.9408812651571116,1.0000000000000002
AE4DQHMACKSMM65GRIU77B25OC4Q,10,190,9,9,False,8.560749468949531,0.20545677451673575,0.3629571385115223,0.6159847255364315,0.9457627875716543,1.0
AGPY6LHJBO532DRNAIMK2LGZM7SA,10,163,9,9,False,9.563931964046214,0.1947387579580687,0.3599602617281646,0.6342959281789856,0.9775239185574272,1.0
AHKSGEBEMDMPRIRPKPMILMO3DDSQ,10,108,9,9,False,7.453876541718759,0.1787078658706503,0.3278275587313789,0.5888854379291806,0.9588862556378588,1.0
AGENXWWALUHJKAUVANBE4SANON4Q,10,270,9,9,False,7.033834029209916,0.1837846253732222,0.3467863186003909,0.589466202337055,0.9497071928666823,1.0
AF4JG6AGQZ26FUBADCRC6CZ4Z26A,10,177,9,9,False,9.217665152052128,0.19731851104355824,0.3665097640845647,0.6224830083998256,0.955011658595352,1.0
AFTCZPOQMEHTBI6EASOCKG5LWCKQ,10,158,9,9,False,9.062818947091122,0.20647231590687237,0.3630966071343076,0.6091000552369326,0.9619652162558445,0.9999999999999999
AEBZGHDUM42UUFQGH2ZEI5QUDJ6A,10,105,9,9,False,9.533113697649677,0.21576509205203204,0.4023543431923692,0.6884968536785132,0.9686969484787763,1.0
AGZZXSMMS4WRHHJRBUJZI4FZDHKQ,10,2096,9,9,False,6.530408214364522,0.2573701354631238,0.405596378297702,0.6399122774812667,0.9474113893166337,1.0
AE3NUDU6BJXXX2VRLUSITEP7XLLA,10,101,9,9,False,8.768989392210871,0.227097386180469,0.37660297327693026,0.625174052382142,0.9596232551921906,1.0
AFEAADP4WF3WCCCWDJBVZOSBXCVA,10,204,9,9,False,9.660980733424775,0.2167546417361929,0.3770767349466522,0.6396940318762081,0.9567695450440925,1.0000000000000002
AF7JHO3LOD3C24EXXXVTSVFZCTZA,10,303,9,9,False,8.070700980279462,0.20380542651152642,0.37365543271114066,0.6331905585123322,0.9483153712537711,1.0
AFXHHAY4XDFKDA4W6DFIRX3V35WQ,10,149,9,9,False,6.860672515407666,0.17775236919815005,0.3252415832567157,0.5915979911931952,0.9684791766387792,1.0000000000000002
AFWA4VQRZMFNYQDZZ44DIPKT7CHA,10,126,9,9,False,9.244538300048617,0.29965458759139474,0.4463730122955009,0.6897342614802957,0.9617538180764593,1.0
AHSMSNNZ3CE5QC57OPYLD6QRQERQ,10,107,9,9,False,6.998380849697793,0.19852993318774542,0.3580219816489408,0.6147501824335828,0.9595843499482566,0.9999999999999999
AF3PEYDVYBSOSCDYP6LIPFZLLX2Q,10,133,9,9,False,7.902754643530043,0.20449748184622024,0.3748679859494922,0.6296448707959171,0.9619590599057907,1.0
AHUOOO3WCQNZA4MQPWHAOEUEQ4YQ,10,707,9,9,False,8.496992249330217,0.2043557239886152,0.3684820863122055,0.6465849893990676,0.9558215454537226,1.0
AF6R73E4HU27CLJXSTF6BBCEENRA,10,102,9,9,False,8.005087949632152,0.19560877008957844,0.35699642561887535,0.608987892359499,0.9467771737497896,1.0000000000000002
AF2ADBMCXOYFWR4FENJGSO5NBRBQ,10,184,5,9,True,10.699668490829414,0.3299219187713191,0.6205835399996702,0.9304383373508681,0.9999999999999999,0.9999999999999999
AHN22PZT5J4PWUTUG7K32KIROH6Q,10,169,9,9,False,9.0957474148568,0.19045262669169927,0.3643449786879405,0.6107895188321334,0.9477092449346892,1.0
AF2IWZ2WIXEMCM3ZHI3FV4XZMQ6A,10,154,9,9,False,10.526077060013906,0.1956530077226752,0.36346838735230447,0.6302256166651373,0.9565164793940057,0.9999999999999998
AHWYUSDSB2P3NV5H4FPRF6E45WQQ,10,136,9,9,False,7.222248376202809,0.19750424690482438,0.3612834483936876,0.6129897130478784,0.9402433777733192,1.0
AG466BQZPTBIC3LJDRP2TUPUT5PA,50,173,49,49,False,11.68849476041321,0.09481900376456213,0.15400305537482928,0.25825811977968605,0.4132804933187196,0.6344831763750735
AFKOASIJHRHMFC3ZM6FHBU2OIYPQ,50,142,49,49,False,11.444065910088593,0.06190344599531676,0.11958585256127488,0.21691397213285685,0.37603878478655844,0.6023570375650741
AGPGXSO3TUT5DZEMWXKMOJRGT3UQ,50,280,49,49,False,12.434109514625973,0.07937686338240449,0.1422273312745288,0.23897527645561162,0.3973495646752628,0.6239763375297218
AHHGMQ5GFTU62AI3MWQFEKWHNKDA,50,126,49,49,False,12.139210367464878,0.07205747972928003,0.1342216077078982,0.23204838036904596,0.3855142059599068,0.6011775571226853
AEVIVDBW7OKSXHS2P7KPTBSPPU7Q,50,388,48,49,True,12.558374388754395,0.1130476433862249,0.1837710163170148,0.2940484850777981,0.4658967993997683,0.6907274770926124
AGBL5QAIOWK6ENWLSOW2HWUQAZ3Q,50,114,49,49,False,13.050419582852637,0.06739588742986062,0.12365507942689244,0.21445721635239837,0.36169490185534114,0.5790606903354107
AEAZROFBPDU26QZJ5ICYR7AOMW5Q,50,131,49,49,False,11.766483472971972,0.07180278670248035,0.12858261801332252,0.22541327752599316,0.3831535404654762,0.6077649124059741
AHHBH4VPAVBILY6UAS4LQVX2ZTKA,50,119,49,49,False,13.388538221948606,0.0812187163443249,0.14171355024947005,0.2398511928283344,0.39715015613596005,0.6211310110343586
AFF3DRE7KFNNEPNE3TQZ7WYGZLEA,50,289,49,49,False,12.467057583355,0.08343041438715239,0.14266841005879588,0.2431526940382949,0.4038718568878197,0.6215535343698688
AF6R73E4HU27CLJXSTF6BBCEENRA,50,102,49,49,False,12.23998138464434,0.0706717978661446,0.1340299150131235,0.23709671771016536,0.38388020098885817,0.5941970715249612
AGQYTLVJV3COS6QCEYBO3G3ZENMA,50,141,49,49,False,11.159053564988504,0.06923103412851794,0.1280925433119394,0.23016625221742854,0.3849236381687552,0.6009623924628882
AGCPEDYIF2QXKNLBIOOEKEHJ5V2A,50,203,49,49,False,12.061354754631283,0.11370486510846065,0.18394955094459794,0.2857297612271333,0.44839968168965505,0.6614228694468579
AGI7Q34LZXOCFJ5HKAPWQOJTRQSQ,50,107,49,49,False,12.558717614025106,0.08345576867781257,0.14952730322880003,0.24506158355495666,0.4063689936940372,0.6369540551038902
AGDOLKQB35QQ45G23MU43JANJXYA,50,124,49,49,False,13.246328343605404,0.06716114774041336,0.12308032444816212,0.211373599863351,0.3539824211928997,0.574931120597661
AHTZ3PYRZPGOTXL7T6I4ZUYY7APA,50,125,49,49,False,12.392462133374986,0.09236702937926004,0.1487182656532909,0.24228589163099365,0.39558780607962846,0.6233274063023512
AGUR5Z5USANA2XCROX4ZCIDN3CYQ,50,100,49,49,False,11.100633909357162,0.060403957445867684,0.11762216050101888,0.21481296802014443,0.36896258737846305,0.5913779442552956
AGO2N635I4RNMKT5SM7XONDVKVDA,50,103,49,49,False,11.797873798202685,0.06451739415885668,0.12077433831411771,0.21530447798378308,0.376384325556241,0.6049997895843895
AFPIOO2UG44UOTC46QKKSHX4SGWQ,50,124,49,49,False,12.76068195207649,0.06943804962049716,0.12682560514498256,0.2225073032340367,0.38183043750732737,0.6069387248311018
AHKMCJ5V6ZXMMU7XSNAL5ST74WYQ,50,108,49,49,False,12.04001024695657,0.08816021817601362,0.1560804144892114,0.2557273908217492,0.41309826216395323,0.6320261804359691
AEHLNP5276SPWHNAJU2DP4X55HSA,50,102,49,49,False,11.95672028635752,0.09597161730766728,0.16429314684757404,0.2568342338160161,0.404844209259028,0.6154811976020266
AFSJQ4ZG3CCS4QUEKLK45U674W3Q,50,139,49,49,False,11.670143551369817,0.07637605318003711,0.13543329998816003,0.22990759028587662,0.3805211484755493,0.5988812073901594
AHCLCY7ATRXRQFKXEFUD7WTINBTQ,50,118,49,49,False,12.783629876113645,0.06629178916325192,0.12303710974181985,0.22559020402769703,0.3855394025605097,0.6164720948623188
AHUMWKJDDUOXMXSBLG3DPQQVJGSA,50,242,49,49,False,14.373521784613024,0.08500091687145457,0.14643371249422427,0.2488345224443532,0.3936135211236445,0.6065101657271971
AHVTV6I7RHR7XDLTTTKO5BJFEFMA,50,165,49,49,False,10.493193645837895,0.08577858937150618,0.15065980008882973,0.26646764471465284,0.42580094915184646,0.6535540806043223
AHLAFGAYRM6P5V2ZPCAQHUHJF6ZQ,50,183,49,49,False,11.566599115251707,0.07629928317646545,0.1374081465745021,0.23797402565031817,0.39027752452896597,0.6042353993841157
AGUTZC4GHLTGYHA3KBEDRF6MHB6A,50,879,49,49,False,14.055811006535734,0.10679233678456812,0.1581927396938471,0.2554690355714916,0.40901752619802606,0.624677917152189
AHSOZEZXI6YMY3LM3UAOKVNVDKPA,50,132,49,49,False,13.252691379375822,0.07749257820432846,0.12995040436984204,0.22242287006024425,0.37440278790056175,0.5987032715389276
AHIROBPKOELF4WANNKCEDAKVRW2Q,50,211,49,49,False,11.898936390825009,0.07727999958129998,0.14235224348067183,0.2370891465598089,0.39271715482107983,0.607759332849384
AFWX42STP4GA3B3ORU66C65YZJ7A,50,135,49,49,False,14.003539671608483,0.10273424315502544,0.16868361270488028,0.2691460537851144,0.4226041129562689,0.6371125467317976
AFYFUNS3ECU4J3ZRA5TP3XSMIUTA,50,105,49,49,False,12.696873076259498,0.08843632997676411,0.148040720878175,0.24879941015744875,0.4061286019692666,0.6246174026471422
AF5DN3WHPZKNRL5IEYBDTMNCVGDA,50,102,49,49,False,12.204781788161073,0.08154682832776475,0.13677188843769492,0.2364903740403433,0.3888849293333465,0.6096567670164708
AHFMHVMMF2XKBK5PPNS24SVXP3UQ,50,194,49,49,False,11.91399362029782,0.12784915332225213,0.204709964646592,0.3072121558762941,0.47394851781168007,0.6981132693660216
AFQ5IKV6BEJT7H6BIRHADAGRF27A,50,199,43,49,True,13.30446464864133,0.1366989833706188,0.2290127024998084,0.35841928057100103,0.5212208813494055,0.7335529640141236
AEIIRIHLIYKQGI7ZOCIJTRDF5NPQ_2_1,50,399,48,49,True,11.03381321228235,0.0722676856797515,0.13638077986826266,0.24758787441593746,0.40687684426717197,0.63242275034208
AEMWMJSVSVJLDVC3566QJKS7FX3A,50,160,49,49,False,12.19733213670153,0.07807985181902777,0.13775907430294748,0.2353345724160321,0.38611995069400623,0.6043535080986198
AFEUSBBGM3XTTIYAYK2GNGDGB5NQ,50,122,49,49,False,12.139959109035328,0.08462253512232992,0.14746893198104324,0.24528889917691124,0.40484388922549525,0.6209904286509534
AFGJYXOLE2THZ4IF3UVLSRTECMIQ,50,181,49,49,False,11.89777184244938,0.08780033916054562,0.1375444457367708,0.23258621322752618,0.3870135460067386,0.6091100973254452
AFSHMZJ2563DIY7KUGGH4PB2RPWA,50,108,49,49,False,11.878392395045525,0.07809868368389684,0.1375253404506116,0.24100955670858593,0.4016209257094948,0.6330216135057377
AF6XC4E3EQUHTIFENI7UCZZP2W3A,50,110,49,49,False,12.868584013335678,0.08134896177605447,0.1330039874205898,0.2247262556406142,0.37440084052289574,0.6019661458982272
AEFDIVNWWBP2IEEPXCTIRWCIPWSA,50,113,46,49,True,12.460233560579118,0.08875199811596497,0.14741850376524931,0.24622962453679495,0.4052440336030013,0.6258727249481977
AGYIYHWC5EJWEENTNN2IMPFEWKSQ,50,237,49,49,False,14.32281866776788,0.1056436856742883,0.1616464858042954,0.2650490425786674,0.4192957468301042,0.639893956480925
AHF575RNOU3ATD7PN73Y6ML7QD4Q,50,164,49,49,False,13.079864387712957,0.0981857925672974,0.16037309375037964,0.2645991633569429,0.4277703903924646,0.6551695975812671
AECCWTWRVTRL36SUIZOJ5OYQDYGQ,50,178,49,49,False,11.927666520361727,0.07555696337693078,0.13102765110404732,0.22742238493837189,0.3735967602180295,0.5892742589901132
AEYVBSVXB2M76M3HEX4PNF7GWK2A,50,115,49,49,False,12.776525129610402,0.06751687280274556,0.1186014647619927,0.20451522761822033,0.3478858127415719,0.5664124070225963
AHBWAVRW22FT4GAN2VTWYNAEQFHQ,50,558,49,49,False,13.324964118079489,0.11137121219130242,0.17522223059269607,0.27693477270099476,0.4317820571000851,0.6519030808540069
AEAQOM2CZ2I3USZR4CE6XHTZZHIA,50,144,49,49,False,12.948616902486755,0.1102751043693705,0.17303804264148154,0.26890008555501194,0.42096285729313265,0.626607954734447
AESCUI6VXJSHLUIO44Y5ERAHZE4A,50,306,47,49,True,10.628822351235497,0.08333224992190141,0.15285614769895622,0.2683883036402889,0.4305921257247104,0.6464799946411273
AGLSDR7Y4E3V4XVRFSFQPOUW5IXA,50,102,49,49,False,10.65708266006872,0.07572570397622178,0.14145475429540136,0.2436468572772971,0.3974861771042045,0.618553185494135
AFFDJZ6EHOAFLE7WS4GZMLMIWMRA,50,243,49,49,False,11.798919632105891,0.06469977435743542,0.11966560042351429,0.21003038051413497,0.36537182187057954,0.5851767270556729
AFPT7MUXVAM4NE4IKGKSXS6G3AOQ,50,108,49,49,False,13.119725665165058,0.08214527132251156,0.13956509325638505,0.23590826747466503,0.3795799300735486,0.5935931154457718
AHGVHBZZ3SJIXLAZYKE3BUXRBW6Q,50,401,49,49,False,10.524036252492351,0.07699149070847752,0.1369495952785912,0.23550778872906378,0.393179200459914,0.6103056782969238
AF4LDZM3ZB3BISP6ZDDXMVEZDL4A,50,105,49,49,False,11.222212823803149,0.08382347190714438,0.14592436532291697,0.24343738151547378,0.39517248818561673,0.6080422986020999
AE4D7ZEYV4QNO3O44AHU7NAJCYLA,50,220,49,49,False,12.10365273171308,0.08674396305786479,0.1461229532509665,0.24046292643482528,0.3879882338573787,0.6052551306245476
AES77I2GEGGTHPYTW2YXN6T5VGXA,50,179,49,49,False,11.243078422059316,0.07959024090149716,0.13719961846341497,0.23532744198325153,0.3917670765452878,0.6056771846077934
AHHLGWPDHJGZGN5UM2UO76AJQJ4A,50,188,49,49,False,11.795806098980965,0.06688186960428597,0.12303555822868614,0.22187225733210555,0.3754021606737817,0.6055866545113407
AFIBNLML7BE3GZIGU7SSIAGEECLA,50,136,49,49,False,11.89338175438157,0.07633538917425228,0.13362469629166618,0.23000200236015372,0.38225976579920157,0.6027936534381831
AFXQNAXCDTJ2SQDCNSM5ZGBKQJ7A,50,128,49,49,False,12.531503899395481,0.06920621468070025,0.13340196011545222,0.24086141083041254,0.4029892529952753,0.6208345156775177
AFS3ZTSIAQMOGYXILHK6MSBA2NEQ,50,127,49,49,False,11.994064183078255,0.07473353747535019,0.13075098027888732,0.22231471051751436,0.3751141661530745,0.6022981195377891
AHBORN7QVR52CPM5PSTBHFLVCJUA,50,184,49,49,False,12.92018666346766,0.08600180493701641,0.14626821423621564,0.2482889828557688,0.4049147737015246,0.6197400001282819
AE5BCIMWYXN2F3HE5SIGCLTU277Q,50,118,43,49,True,14.03410107385641,0.09793933015973036,0.17342890499791297,0.278083743555182,0.42774181714541354,0.6577443280492329
AGPGHXWBOK3TRJU7WACF5AAYBBVQ,50,137,49,49,False,10.830530010926953,0.07013559523437611,0.13547800298794455,0.2387389699952246,0.3945510069514382,0.6133595461167366
AERXVEPEZCQKJBVO6ALDYGWDSQYA,50,131,49,49,False,12.793510732317612,0.07809689798448592,0.13816066679457992,0.23972816138456768,0.3942242500151113,0.6178257678148791
AHCBHETWEWAL5ZJTZHD4GA36CU3A,50,429,49,49,False,13.174054297132086,0.08032532032979939,0.13511698879772505,0.2245981914787262,0.3690413789924892,0.594183421007742
AGURLNZQXE2V5LK2UUQ4DVPUUE6Q,50,140,49,49,False,11.269756537784943,0.08155197345602644,0.14235413955126527,0.24248803160110155,0.39230737244211683,0.6069238486930024
AG2XUDCCLTNCSR4AEIZ4UHZRFOSQ,50,303,45,49,True,12.74586691368447,0.08259131844502104,0.15447496187868356,0.26329472789790453,0.4295081774493631,0.6626398251350328
AGX3AJ2D4XNUU6YESJ4G2HZK547A,50,102,46,49,True,14.15332200542664,0.08876681635217266,0.155088501122168,0.26498109727304997,0.4301489706875954,0.6691718315010108
AGT6E6L72BKLEEJGX4MPM2BW5IDA,50,308,49,49,False,13.135930730723453,0.08097035098137301,0.13212667007321868,0.22351835649012003,0.36770722934668043,0.5816578591108423
AEHMQSTB6ESWFAT4AHROTV6M7VWA,50,122,47,49,True,11.102169579319575,0.10026369382593019,0.1711774788225201,0.27315603410241196,0.4364303604246354,0.6627565687531155
AGYVC7KVHP2AWM7BDCEYNHFA6F3Q,50,101,49,49,False,12.269784095798366,0.09270058358733668,0.1528189674359276,0.25778334626482163,0.4169723502922202,0.6448009056818753
AHXEK642UJNWCB3LIGZZAKTONXQQ,50,130,49,49,False,12.327460786074772,0.06811638357681883,0.12875577598863233,0.22206990081780725,0.3755770561182529,0.5867494873761776
AEC7QNP6ZG7H265GOPXAP6HCYR6A,50,144,49,49,False,10.53751844142817,0.0814393490850034,0.1465397766775759,0.2572006990570851,0.41273493643185444,0.6248279703073877
AGGYFVQ524L62PL5GEEHV3NGKT2Q,50,119,49,49,False,12.484541599298186,0.09612913466424504,0.15165062063209594,0.24764776275302386,0.4065851162354953,0.6272421089381965
AE4TJ3IWED27NYKWYQH5RTLNIX4A,50,143,49,49,False,13.380753048484484,0.08372279786420962,0.14467075479578254,0.2413052965876824,0.39482711539503407,0.6086764352212135
AE3TKU2QYWGQA3RSTHN7CKZMHE4Q,50,146,46,49,True,11.823381485604164,0.0891828602305148,0.1580384080204359,0.2785630674495881,0.4462652991690929,0.6666861558742473
AF426CEAYWNEUOCWGK7ZAAD7GYZA,50,100,49,49,False,11.611023274861958,0.08342255948998559,0.13579421758543025,0.22929468960506513,0.3889027681492947,0.6129566609269921
AHJNTPTXK4IF4IPSOROYUNCEBVTA,50,164,49,49,False,12.565550492036788,0.08475022499137212,0.13743768942987117,0.2273362450155166,0.373813193404193,0.5991175393223934
AGM4DDDEGGEVOSXIEZDCZ4I4WVMA,50,117,49,49,False,12.427847414120224,0.07965846520158372,0.14036463468033672,0.23687593447695313,0.37721746062710043,0.596149673532117
AGHWTXXBNKD7LD5VJ5TNEM7VKMGA,50,181,49,49,False,11.44534006063717,0.061837729351497873,0.12127649961272072,0.2180563652763626,0.3636205160449871,0.5826526308588779
AF3OZUPLSOGYWBRID7H2XCCD3UAQ,50,212,49,49,False,11.100681911533428,0.07095606395167996,0.1341427764156271,0.2385696058432074,0.4052427916932384,0.6308144326160451
AFWD22B7BMLKF2UX6B6MSJDVC4UQ,50,154,49,49,False,13.016820660532714,0.08073379017137652,0.14152869968759876,0.23866502753793833,0.3936133795440122,0.6151798323545061
AHK7S4HWRWXSEHYJB534QN6XQ7QQ,50,301,49,49,False,12.278520222655258,0.0771690359930357,0.141406573863057,0.2376428499495275,0.395914364073439,0.6131151360373295
AGIITTS3YV4B3OCJENLDRWU4GXFQ,50,127,49,49,False,12.840053738942752,0.07536225008407968,0.14066999256105311,0.2349986020589129,0.3880300647327965,0.6065664438387611
AELRGAHYW4A2D3SBGP3FAWJENQJA,50,123,49,49,False,10.378160724917926,0.07876025215881959,0.1408710490012139,0.2431921511048711,0.39471595659420006,0.6106710568666074
AEUO4WFK7DXIG3QL3N5REYFZ67DA,50,110,49,49,False,12.778735084191657,0.06886933083883041,0.11923991970216058,0.20961109246837437,0.35997466331226746,0.5840752291656737
AE5HOA4YXILTVNUKYPDZOADT6MPQ,50,126,49,49,False,12.623585541031748,0.09168550677867614,0.15431044325595325,0.2492432391259101,0.40316081568100165,0.6225088064152765
AG6M2OKNHLTZENAACVZFQL36XT2A,50,392,49,49,False,12.690336560533215,0.07104868883989184,0.12359438736007515,0.2155431013501629,0.3609332691455428,0.5742788264011666
AGEOZXPAYILCESAOSE2D3MWKWYLA,50,303,49,49,False,12.09868141332239,0.07931880307193555,0.14015849901439875,0.24625552174834572,0.4042201725442017,0.6232994909913181
AEBUDJVUNDEIPQDCVSN76SAKUL2A,50,123,49,49,False,13.060961118515031,0.08838060333825248,0.15203975137990222,0.2539177816626904,0.4076444681543331,0.6244804779750142
AEF4QCBYMXQN3RDFNM4ZXM67UTJA,50,432,49,49,False,11.053990587581563,0.08129679439418093,0.14184500798748684,0.2373045212913414,0.3876220109786278,0.6126852670249036
AEBPXYZA7YGK5FLY5IC5XQ2RV34Q,50,123,49,49,False,12.290495507513462,0.06404543404090965,0.124113432282599,0.22100920735925023,0.3784545851616952,0.6012908417726729
AFUL667IIU5H4NIVQXA55KA43DNQ,50,228,49,49,False,13.121997647764571,0.08488130608310275,0.1397147450188632,0.23243722223722957,0.3793972095844322,0.593587899054602
AH226IDGXDCUTFVYPYVDC3ZQRBAA,50,202,49,49,False,12.20109242279947,0.07694401124166278,0.1328911637618042,0.2251923287224519,0.37633013169317947,0.5978878957904389
AEKVYKMVVSJSJNVPRHQIN5UX6UVA,50,176,49,49,False,13.469469895143947,0.09901902548584739,0.15219918814634473,0.24137815433053805,0.3947599369857054,0.6123277629960272
AGGJ35ARTZU3L4H6RASY3M7CTE6A,50,199,49,49,False,12.502923106101546,0.10379743313397245,0.16463571822700637,0.2582484161835822,0.4109817630565346,0.6170978147047099
AHS5FPE6RHE4ITJ4SAVI67YVRNOQ,50,243,49,49,False,11.690368820474191,0.08875370053559192,0.15532070905356823,0.26132446497624295,0.419968083703833,0.6292209521041722
AFZU3UIV7FQFQL7H7TC4J6JVOYIQ,50,108,49,49,False,12.234840209122959,0.08566810977987796,0.1488323838103466,0.2441718117281761,0.3979939360125286,0.6120574007253449
AFGXHIFJHYONISJ4EZAV5G2QIZKQ,50,149,49,49,False,11.9117483632217,0.07064885582843626,0.12898024360971516,0.22170091067745004,0.37661798828045734,0.5946399105118807
AEXP2IBYPZQKMOVKNYX53XVBX5BA,50,1095,49,49,False,13.046965792606825,0.07828662980989932,0.12690204049949813,0.21450808285925252,0.36115363315537713,0.5826405149049676
AF3QJUZMINQU5V6DCZIN4CPGLCOQ,50,101,49,49,False,13.085493941156958,0.07127580865651088,0.13125596851073126,0.2187719278115375,0.3608524460649242,0.5712899774121911
AEDWDMTPRADRBCWYXX5LO4TO55BA,50,234,49,49,False,12.11293914588304,0.08328033531153692,0.14200379526860699,0.23574557241747363,0.3855186940803565,0.6031413890237185
AHBFC5KHUWMYAUZZOWESXOC5YGHA,50,108,49,49,False,11.744190914622513,0.06986284354440288,0.12715233589771735,0.2208383347399462,0.369553117922746,0.5882280008030663
AFOTHO5QENS65RZSHAUT6TP7CIMQ,50,130,49,49,False,10.240422911399175,0.0645513569406165,0.12440327057977431,0.2267492897689756,0.3887750519381157,0.6093363432767195
AER5HOHRL6LSC45EWGEBOUWZGOLA,50,326,49,49,False,10.843787210694531,0.07941145715711213,0.13578256711751976,0.2357122695982472,0.3932261216491173,0.6171981268901404
AGPWOAP6AQMZBGXGAMONUTG6MUPQ,50,108,49,49,False,11.51657694519089,0.06380381603014439,0.1188995470349455,0.21418848722478104,0.36254090570112,0.5882922491956448
AG5NBJFEFL5UEL6NKYN7LABOLQAQ,50,176,49,49,False,12.707648254736123,0.1112258235409048,0.1665284627956441,0.26832972493755736,0.42713483562196564,0.648099420617342
AETBVLWLQTJUDMRM2MROJ3JFBTPQ,50,180,49,49,False,12.456627333425384,0.07588249668621525,0.1439609721521017,0.23661469894028275,0.3908456112832475,0.6182870083831243
AFPFSWOQKMB23WJPUFIMHEH46BCA,50,142,49,49,False,12.279994738782959,0.09505330785808479,0.1754609671685192,0.2882336307976891,0.44831199507163816,0.6627950742808865
AHBZK7HDHJL4257LJI5UDHQIS4JA,50,127,49,49,False,11.258080557536472,0.07118790950448811,0.1325605137532544,0.2372655591031087,0.4008838491188189,0.6207146883252136
AGGR3VHAMSJ4OSO3D6ZPVQI4GPSA,50,100,49,49,False,12.141286123633535,0.0911845880515744,0.155098896794001,0.25790510260170557,0.4117297122916656,0.6225213248591133
AFGCUCPIKWCO4AAILF3H26QFAFUQ,50,134,49,49,False,12.85389505726544,0.095040736604768,0.16606769882204567,0.26828303792457847,0.41669031522403077,0.6271005923856491
AH53UQYKESG5SJQD63N4KYJXUEHA,50,114,49,49,False,11.405426562661168,0.07077231160911879,0.13512723087858433,0.23155673843134125,0.3881621458385529,0.6170122755650883
AHFCHDSPGTU44DGNSEG35DZI5OPA,50,102,49,49,False,12.658391294094923,0.07578266655051935,0.13069217565957383,0.2275890291159163,0.3761116688272652,0.5963285195207818
AG4XQOAMUDUVDASKTPIIDLDX3BSA,50,112,49,49,False,12.275547194338724,0.09584842441000745,0.1717382416820538,0.2819931148719823,0.44218530593787797,0.6604238904197497
AEEYDDE6RPPR5KIY2U2ZJBC5NS4A,50,230,49,49,False,12.794530708031466,0.08625596258839532,0.14532984205907495,0.24477518546115318,0.3913075023917558,0.6025138831154198
AH73XF37K7J2NQJZCZQHBH4KHPVQ,50,215,49,49,False,12.278786351159244,0.07966636420471045,0.1432975142660384,0.23827588181370143,0.3975427907413661,0.626225403687201
AFINFIT7EFE5RFVRUECSDDEWU6IA,50,159,49,49,False,12.182396962979565,0.0720454745546582,0.13180084491372715,0.23213921367714277,0.38335979874695636,0.6113005311271316
AHVK6E5LV26567B2Z6JNDM336G2A,50,333,49,49,False,12.349065023102417,0.08095049894621231,0.13578564876620475,0.22896970676514816,0.38506477520410665,0.609666332581301
AHQMCHVUHJFWMNDCPM5VNJRY7LDA,50,167,49,49,False,12.742364248348688,0.08476614041263542,0.1447795367180182,0.24087024592244563,0.391532710369788,0.6136329280893777
AH27HGQKIHLIJMZEZKPFNGOU35EQ,50,166,42,49,True,13.434465410729706,0.08439314177932161,0.16212342561076776,0.2704497143670536,0.44515229118709726,0.6760996814373481
AHN4ZDNBHA7AAMJEFPF3P42L2NTA,50,186,49,49,False,12.400765287062496,0.0755485039080394,0.13787286643747793,0.23513589117969919,0.38177277377458835,0.6019023288009284
AHM6PNKJS3K3GYC6MXUYVD62KUMQ,50,133,49,49,False,13.16839068548694,0.09658377701103892,0.15221037475721186,0.24570002704354743,0.3894266373537324,0.6050261630496315
AGIS3QL3LUEQWKF3YKHLLWDD5BJA,50,264,49,49,False,12.032471186048012,0.07475389973103307,0.12582718159020193,0.2207084954506047,0.36546572215847645,0.583025329740332
AFDDELZUNQV2UKYDUHJ27QW3IBLA,50,303,49,49,False,12.91848790306826,0.07069579847063548,0.13299464028400848,0.22314244137009168,0.36372745727812417,0.5773288428665881
AGPUNPZAPRZDR5JRZM65MSSBV77A,50,149,49,49,False,12.158107829988854,0.09887333182097886,0.16072500910436194,0.2691373597845938,0.4271669523250747,0.6511275962666118
AERT3FM7G3AUFDK6E3JX376SL3NA,50,101,49,49,False,12.113063815645438,0.07554722785833383,0.12855044146200495,0.21923623490679642,0.36939392681932365,0.5856726266929927
AHJATMQAWS7LNWFU7UPKS3DRSX4Q,50,130,49,49,False,10.661264397903421,0.06533532521038525,0.12654809224765629,0.22361039322664594,0.37795321327693326,0.591057032725163
AGB7ZKRLJLQ5KJYNFCNXXMN4G36Q,50,181,49,49,False,11.932565991529986,0.06086750245469459,0.12088486095686803,0.21725814950984174,0.3669104714404298,0.5878822818473
AHC5J6N2P7OVOYZZUFMNTOIWIJ4A,50,100,49,49,False,11.10809356971056,0.0757382594425625,0.1311740343637571,0.22907691273437703,0.38033729063621335,0.609170780621539
AFAQXBR4VC67CCGJBTSIXE2TASMQ,50,110,49,49,False,12.042958537682576,0.09439907466924957,0.15228217985331216,0.25073278950170985,0.39664775008977293,0.6149601061082381
AGUREQYPLUPVADJ46BNP2KHJT4CA,50,447,49,49,False,13.39895853800134,0.07532983531229191,0.1379255493324426,0.2246479533552186,0.37909740560043753,0.6012506404574598
AFBO6XWKZVDRE7B3ETC3AOHH5ZUQ,50,206,43,49,True,12.644824809658497,0.11598450155738962,0.21452776962684914,0.3519730980736694,0.521549212741207,0.7349925144297154
AEDBLGC272WA4ZTVJFCW6XAZ37LQ,50,132,49,49,False,10.950993926173814,0.06542299104835399,0.12514617658549818,0.2296094368155253,0.38623741121400607,0.6105315214371646
AFYVHFLDEQ2DJ37EMQ6E72CC42EA,50,100,49,49,False,11.347373632828463,0.07470144941869851,0.13699108390759163,0.2458673753824379,0.40090581294338345,0.6223301805575472
AGK5FELCLLLNYLINWVAPXS4P2MHQ,50,102,49,49,False,14.723858274154782,0.0961690661663131,0.15205778963083272,0.23895708226697554,0.38682552165965295,0.6001582054494405
AFJBKPK5W56XWSNPQU2WW66ISWYQ,50,368,49,49,False,10.234133379046813,0.07896610725603917,0.1533048803950248,0.2705882197979424,0.4344330038182742,0.6519533988146076
AHHJ4BPQ5TYIUPESYDW6HDSKNIAA,50,111,49,49,False,13.188239083394658,0.07730893862600158,0.12904347858296916,0.22555481181087694,0.3833958114323873,0.6111251467926226
AHRQERYU7ZERE3SJCC5A3X5FQDVQ,50,377,49,49,False,13.189188201037194,0.0999923465248659,0.16415313325638775,0.26505326231259557,0.41733645015984216,0.633101715253763
AEHWKRPNWNMOAJSMO2F6O7RFRTNA,50,317,49,49,False,12.073111422460954,0.08638654620942168,0.14316175950326607,0.2448690234378912,0.40870958186541495,0.6343588563665405
AEF3D6PGXOSS2P6KUDKVWHVUDSAA,50,107,49,49,False,12.821388917920215,0.06894024482472942,0.1270481213623691,0.2295805008343183,0.3744286262435609,0.5945711552323653
AHROI4P63GJBWUL457XH2BOLUT4Q,50,129,49,49,False,12.18962393019874,0.07639902284957108,0.13175040560033452,0.2293608652905433,0.3747497238615135,0.5868914988708103
AHXHAZ4EW6MVBQFMWLQ3OOVRSCIA,50,147,49,49,False,12.004443167335552,0.07398355893141523,0.1334432177154979,0.23165954882544565,0.38506062290263304,0.6064286972926016
AG6WNZI5AD2JASG4KJ6XKCEB5YBA,50,168,49,49,False,11.47681306376512,0.084089145876283,0.1438179300620168,0.24603291394294885,0.40034143140429956,0.6167304747801968
AEY2733HC2H6I25WYSD5Z4H2NQAA,50,119,49,49,False,13.72164944031656,0.10013810118013643,0.15869224387686037,0.2542279927794462,0.41087047072304633,0.6249171681384762
AF3KNCUWGV462QPTKEOS22ZXRBLA,50,105,49,49,False,11.319590070400153,0.08327145545179934,0.14637634879783776,0.24100015917151374,0.39359744162422183,0.605254222893594
AE3QO7L7NG7AUKZEYEOLHM2Q7M3Q,50,177,49,49,False,13.023635513475744,0.09312142150598791,0.15205344246202246,0.2486651396911572,0.40514209315405336,0.6386704839510583
AFERLCOSLAZPD4FOKHKCBC5PM5UA,50,165,36,49,True,15.142356700795975,0.0986749436046567,0.16892113771512055,0.2929705847164437,0.49402365188920205,0.7476380028369615
AEDGZN5OQEJNL26DU6HSVJP3XPGA,50,101,49,49,False,11.27624618879738,0.07936195737758546,0.15035250162296251,0.24752833223636891,0.3960407922580692,0.6164798247494171
AH7IMQ5YIPV6NG6C5D4QOT5L4UUA,50,155,49,49,False,13.385754331861127,0.07751540935528958,0.13536093114777004,0.2287229531265568,0.37560482630850384,0.5944564710136554
AFF5UAKSAMEZ3S7LK4FFPORA7FHA,50,113,49,49,False,13.147377375821359,0.08232375022015706,0.14886693325767864,0.24597978620674923,0.3977104728970243,0.6098749657448999
AF5TD2FIKGIYPODNQVRGRDQANF7Q,50,388,49,49,False,13.108901236806942,0.08714074483846947,0.1510596621630643,0.257987722968594,0.4241954134166972,0.6496376086868316
AEWI5XIZD3CS2CT3ERJCKC3NC2DQ,50,147,49,49,False,11.051906617210548,0.060102860793177205,0.11419047298741929,0.21519830032170817,0.37463466138869844,0.6045742387135465
AEMT3I6AICC5YI7Z5G2V4LEGYKPA,50,378,49,49,False,15.02013387626652,0.11431227599639697,0.19347215279615793,0.2902300523372248,0.45048777599389245,0.6765517023707254
AHGGZHNL3AGAKYIBU6CBUQORYUSQ,50,107,49,49,False,11.895664001508248,0.09468759420578618,0.1503776419875831,0.24614776103650848,0.3981256414866487,0.6107187815086211
AFPFWRMIROG7L7JVP62R34326YOA,50,102,49,49,False,11.399836516111309,0.07064683862859052,0.12666644887916453,0.22392566968177727,0.3799121385839975,0.5964414276444403
AHZ6BIV3PNMZA33V3QM2AX75PCYQ,50,127,49,49,False,12.605894039003262,0.08153171023815724,0.13551347132522557,0.2315856021273607,0.38529518996603807,0.6085911494793329
AEJSXAQNOBEI3CK3ZZMT5AAOCHBA,50,143,49,49,False,11.979618751806278,0.06673080323566849,0.12926693049125426,0.2271872163039044,0.3914589589342199,0.6137615052670651
AHV4TIFEIBV4GIILG6BATSJQZDUQ,50,118,49,49,False,10.917384865041722,0.0895379160216969,0.16239416380404503,0.26867763919253296,0.43216235578754947,0.6456212453556918
AE4DMDCBOZ5DGWBQF3KCY5337JGQ,50,113,49,49,False,12.890263116491493,0.06708177895984632,0.12779143997675058,0.22074238150122852,0.3640403199028008,0.582828551131067
AGG247BNLSVS5QC2V6WRHKRRA3HA,50,105,49,49,False,11.0661757868816,0.09262695642182361,0.14816783271073022,0.24683339666875928,0.3925738365601446,0.6037120126703124
AGRCXV4NM763VGZGD6BQ2VGNCJNA,50,555,49,49,False,11.355304090821768,0.0733505495164876,0.1305653895309497,0.2306018500852555,0.3858794611717408,0.6072536865599433
AFTJ7XQN2EIELHARUBBL6Y7L65DA,50,404,49,49,False,13.38246986440083,0.08026932646903635,0.13973086092475986,0.23406667683019378,0.38195161401473543,0.6064162345588573
AFAI3A7XWPRB2BRZWPRJJO5FP45Q,50,165,49,49,False,12.071980543665223,0.06713132779019912,0.12106555779198476,0.21465031988807343,0.3647851881962767,0.5930465297476228
AGF4BUNATUPXTAIBIMBR7DBCSA5Q,50,806,47,49,True,15.09093968716202,0.09120110714977564,0.15034241301303117,0.24424169963367046,0.39647725710730974,0.6124683923319404
AGYO7XP7YGN5MVWQT2B254GWJD2Q,50,111,44,49,True,14.111317704428446,0.10399373693366255,0.16618461439280574,0.26522486979718857,0.4215560705358077,0.6534568972370073
AGUSJIO3JXYYZMXZ7D6IC7OQCP5Q,50,143,49,49,False,12.17569907321292,0.06858300313725975,0.12489534511418603,0.21922249290884643,0.37080135262322705,0.5919857779175953
AHCJBVEXBM7TIHUERG7CKWYCL65Q,50,202,45,49,True,14.107157841718136,0.08741474382034466,0.1605561922011659,0.2611961574069439,0.4184820986415327,0.642587515834905
AGIRT2W576QSBRPEDGFNUAWVS7DA,50,140,49,49,False,12.7442883999887,0.09401410459839,0.1601750093746472,0.26529132599646504,0.4181682559137721,0.6260386249367988
AGMLI65AOM3CROTNHP7VVDIAP5IQ,50,100,49,49,False,13.21246614787851,0.09484057985115969,0.15678504778579538,0.2575349854511621,0.40958128407170685,0.6256799471501617
AEHOR7WHZBXNWZUN4LP3DFEN5FSQ,50,195,49,49,False,12.444025217805748,0.08678003386013841,0.15808674474073914,0.2575200590922513,0.41529729755239103,0.6308076154020352
AEFVTTFB7NFHCAZVLUULL3YC7WMA,50,267,48,49,True,10.99554021388886,0.07510741283903231,0.1472251094197878,0.25948589654314114,0.428464802424792,0.6395799574085917
AFZ6AFS7QH2XQJ5YVAIAIIQOMJYQ,50,102,49,49,False,10.910482094021452,0.08414645181454393,0.15881405930053072,0.28226526208967234,0.4444135909550846,0.6567309533813155
AELDDMYRH6UVEDUIQGRSHZWQM2LA,50,117,49,49,False,11.800103258748374,0.0722376667481811,0.12542203320656803,0.2217004572868515,0.3805743922029891,0.5981179440128744
AGQDS36T44DAQCNPZ2JZFGS2BOFA,50,172,49,49,False,11.719527105472098,0.06882783213192312,0.13063404934458467,0.22454365473235757,0.37972096782297987,0.6001756773627556
AFUA5LQPDJOM6TDWTOLF6N74GUKQ,50,140,49,49,False,12.81435228561438,0.07130347490591611,0.12655983737083396,0.22091838897649713,0.38452580553952725,0.6162224279024662
AFVEDH6Q5TC7HN2NVMMZPJH2HPDA,50,160,49,49,False,11.213396143949524,0.08226489916854789,0.14218729508780767,0.24142994675721788,0.3956279936121916,0.6139860556715728
AGXHFUENM3G65MN4BGET2DNU4IAQ,50,370,49,49,False,11.500185928859176,0.07347786368190286,0.13914091935287973,0.23512448905741384,0.3910986112671141,0.6161796040629565
AFVIKCEGFX2QTEQGLLM7KAGE5WRA,50,111,49,49,False,12.121635098996638,0.07508049865265926,0.130900311347522,0.2256372324805993,0.37858225820590996,0.6031149783644789
AFK4TBPNSHT4GD6JTTKWZVQGY6GQ,50,106,49,49,False,13.570894916901718,0.0696491955516855,0.1269376190688402,0.21784997258397545,0.36491334601835,0.5845218509839022
AHULII452V6BL77K7R2CDQL6W57A,50,122,49,49,False,12.652131691193585,0.07101882712125335,0.12357903627114937,0.21735825554388988,0.36650828384618067,0.584192851846595
AFTUMJDQW4LZKXAPCB64N7R66REQ,50,201,49,49,False,13.375807201115808,0.1030552844807967,0.1593978577142763,0.25486910559671305,0.41168649208596975,0.635197508732235
AESYGQVMCPGJ65L3HVVPXJ4ZSLQQ,50,151,49,49,False,12.263653453549155,0.08140755200586106,0.1391654492891326,0.2381314593528944,0.39045558073795156,0.6052958032240994
AEJP557V5GGMT74RJBHACELPQGUA,50,145,49,49,False,12.654414196647984,0.07758665400172778,0.1371823307270193,0.23749497449138998,0.38757146151179755,0.6042042558161475
AEVHHDEEO6UERLRZC3E2IYDZOEHA,50,248,49,49,False,11.808551335530746,0.07257910757836866,0.13871914152605497,0.2378324496762856,0.38662966588859876,0.6058819441012764
AGSP5T6QDRZHHZZ4V5DFE62ZVXOQ,50,129,49,49,False,12.757743964066803,0.06381394961564332,0.11610817779998044,0.2083598445091815,0.3539392189400935,0.5768371802386378
AHNPLHSXTMSDKELBA22KMPNC3OGA,50,217,49,49,False,13.338898884805952,0.07061068785035338,0.13301732907405647,0.230242109725808,0.3803621699185367,0.5931755073201223
AGYU37WHMPZ46LARWU6EVYEVA24A,50,292,49,49,False,13.216174406573868,0.07245860578988382,0.1350191078576204,0.2245322981548433,0.37327236885750503,0.592731765809489
AFWVN52MRBWOTIK7UGXBWGOY4HBA,50,105,49,49,False,14.219958398683723,0.0944275786216007,0.1638644906371836,0.26268204430555325,0.4092400999033943,0.6233094912023935
AHBZUJHBQTT2XLRRAJMAIQ6SDWYQ,50,166,49,49,False,12.23168581407878,0.09041986743762226,0.14797054081256394,0.25233671220341003,0.41081219262109714,0.6349195827794832
AE7GA3U6Y32ZKNKWN3B32YIN7P7A,50,200,49,49,False,12.747085711491511,0.08221921698145558,0.1298424584187557,0.21718871444518764,0.3627389685392483,0.581966870370586
AF42I4ERCBTGOVGQZS2HVNAUV6EA,50,114,49,49,False,11.70097566789944,0.06584310303108366,0.12510497817439042,0.2217018788372284,0.3797124083059264,0.6046187429811442
AFPPNF3RSFMMNC5UAM6V4B475MBQ,50,2035,49,49,False,11.623141087341619,0.07950554297633555,0.14652953315317127,0.24931848457640177,0.41003370376136294,0.6277149107172939
AH34XZLFFNGG35PVAA5P35T6FMMQ,50,273,49,49,False,12.625700369547715,0.08214636638337643,0.14150902534013582,0.238933042155863,0.39148348169075775,0.6119738435929687
AGWYBTJM4LHS74LEIA27N2BYQ5YA,50,169,48,49,True,12.297818588820128,0.07261900607103135,0.14315109614707858,0.2430366954934959,0.403517251797302,0.6324658435699491
AE2ISZUYUETFXQQU3GLBP46OEPTA,50,242,49,49,False,11.873363846008814,0.08187755199193242,0.1442718615431203,0.2533280890429184,0.4101709157543642,0.6377598178933952
AEKNMPUXBMNMHDYWMLKOUTEY3LYA,50,149,49,49,False,12.584554217578297,0.07671304111252711,0.13238955392951876,0.2270481387448555,0.3710516361491275,0.5863504709362932
AHOFWAKAEW6AMGVHS2AMVTHNUGGQ,50,113,49,49,False,13.20897906228499,0.09290779775281864,0.15373623038541587,0.24553826526808856,0.3983639783561203,0.6152581199842577
AFO2SXNWPO3ZX5SFC226HLM65YRQ,50,139,49,49,False,11.969318967753747,0.07889367183126439,0.14245757743082368,0.24841539906178686,0.4122964586887634,0.632991190170937
AF7KGUAKKGFQFTGJUCYUC5IKM3XA,50,122,49,49,False,9.664656635440634,0.0652246329629811,0.12212634689594766,0.22815666191803663,0.39432666924489973,0.619737693698427
AEGABBE6I2JG6OBOSWBDN2UEZ6QA,50,102,49,49,False,11.856474291288258,0.06395340640552268,0.12386111752834565,0.2213275217641131,0.37376654368788964,0.5975810959653658
AFXYY6I45UYTMLLLUFJZX6YFWAFQ,50,100,49,49,False,12.048865526568882,0.07101391194986109,0.12939330416114592,0.2240738403706642,0.38049892708113503,0.602007249904376
AHPA33UDNJSFMAC4434RUVHWNP6Q,50,225,49,49,False,12.647079315678411,0.07528552510499147,0.13450232651336125,0.23516792039891804,0.384579787594528,0.611049671378887
AGWUPUBODLPBDOKF7WR3NZLSQIXQ,50,208,49,49,False,12.183440497298111,0.07992818038209897,0.14069788067909816,0.24854913913729054,0.4045414947403751,0.6262036424044638
AH7EYATKZABJLZPV74F2UTJVZZKQ,50,352,49,49,False,12.604708226874623,0.09058799988861188,0.1470207773752649,0.24780232718287756,0.4028485780895651,0.6208176191748815
AGFVNGZJ4XEFX2ULJNDCWJYRHQVA,50,212,49,49,False,13.223619922933924,0.09838308288954248,0.1586845868278742,0.2535757264721676,0.4070676573595368,0.6258196655877272
AEXUP4IYSE5EP3EGRMG33WXOLBIA,50,194,49,49,False,13.074002047416489,0.08138803794715238,0.1360862965393981,0.22607003182671045,0.3751366561064679,0.5920446432378417
AFZGTA2DJG652ZHZNYSNRPAJG2GQ,50,101,49,49,False,13.405946845009149,0.07336444385030323,0.13568900788820284,0.22844552583615166,0.3841248443471372,0.6116531005280219
AHMEWSYXEUHS2P3EEHMYAXRGZXXQ,50,124,30,49,True,14.58935836033231,0.09197218027472837,0.16619793342994924,0.30198192939222174,0.4945377292797479,0.761937457666511
AHS4PZFYYBOPFTPEMD2NEQZ4LMIA,50,204,49,49,False,10.85874111402056,0.06937321059335905,0.13344351393562146,0.23088756951434278,0.3862814125482851,0.6068974388849762
AGRISXOWIRNNRSJZTUH6C3E3QGSQ,50,330,49,49,False,12.896277055222672,0.07641489477640884,0.13123889536753022,0.23207077029363593,0.3897180343481306,0.614313461192233
AHKSD37M6YINFJE4K4K4QAAWWCRA,50,106,49,49,False,11.985157458509184,0.0782835215187901,0.13136150867535173,0.22920301678032065,0.3837384602647716,0.6075009929413283
AGH3O5QKKBVBNPHPAP6DQ63HBYKQ,50,122,49,49,False,12.139851987322439,0.0636943583170959,0.11964992389893296,0.2114689715609205,0.3632676179052405,0.5945442796200814
AFCZZIKMW5WVWXQVPWCQFLXF2YJA,50,109,49,49,False,12.347171837688997,0.0699786337715832,0.1215625628597552,0.21316565252008704,0.36235430100482574,0.5876441168052489
AHGAZLFSLXF427HSFBTRKF6J5UOQ,50,191,49,49,False,12.697577080752685,0.08308176013689368,0.14694952221342705,0.2376395204487735,0.38658719031811173,0.596870821212781
AG47NFTVEHSXFGQG7QKQHMQ42WJQ,50,136,49,49,False,12.319484941471504,0.07880947419910017,0.13677413165417693,0.23285601259803243,0.3800303009134307,0.5972028938494784
AGSVNZDZNPCMXG5DEFXMZNRH2LCQ,50,967,49,49,False,13.037783278419429,0.08600242490009273,0.1480634315790026,0.2449580074961279,0.39651927080424637,0.6168181374016078
AHA67Q47N35BIULG2YNU7ZA3YEWQ,50,312,49,49,False,13.839669877477482,0.0975465039253377,0.15965669312643296,0.2506379005411399,0.405041267561225,0.6206282020408176
AFAOLRTHKC36JVPANVADVOWZDW2Q,50,121,49,49,False,12.280514361959382,0.07125087781193157,0.1293599756739789,0.22874554765982447,0.3831409801848277,0.5993630662340642
AG4RMIJI4W6ITLNIDISUKCO5VPNQ,50,144,49,49,False,13.763712875982593,0.07562527131254103,0.12309858899091033,0.2162024825005513,0.36596703586548934,0.5882962341792746
AEUMFFNJZVNADPWYCH7Z36YXNHAA,50,166,49,49,False,13.699711621273682,0.07530900845293283,0.136956725473654,0.24187407250022114,0.39196591765813815,0.6097557886139031
AF3VJWZYBINWBUJTSNDGIO6OY5SQ,50,186,49,49,False,12.161250403394417,0.07315283437734868,0.13084131939855287,0.22165015007260908,0.3714488691699908,0.5890047709073417
AHQUHSDKN3Y3NZTRM72JRA4UVOGA,50,690,49,49,False,10.862888852442383,0.08063023862010046,0.1466652305177613,0.24144037811313432,0.40223883464324767,0.6194609897204015
AGX23Z72LWKSGCDMKI4NR6OVR2WA,50,106,49,49,False,11.271349614612932,0.07327872304022326,0.12718330083445317,0.22348138830287506,0.3742784849197004,0.5919757420187726
AH75O6O35WZKXRMLGIQQFFDA5KCA,50,185,49,49,False,12.067274740595623,0.06593277174002408,0.11850703739834162,0.21489144109432765,0.37432889811866094,0.6016366751699175
AGXME2AH33KRTXNBZYFTN53CTZIA,50,134,49,49,False,12.577902336552368,0.09188056218222922,0.1570824718822349,0.2547003634318521,0.408271566617191,0.6189176226303241
AHOG65RHFEAC7IIYORF4NVA2ELRQ,50,111,49,49,False,11.471889642899685,0.09853272736580893,0.17070267526281158,0.27266381268811674,0.4281986422335809,0.6348396628013816
AHAVVDFUPNWTGLACNX7FXDKNSAKQ,50,130,46,49,True,14.355017762929204,0.08329959373191569,0.14328201236855134,0.23779794623632836,0.3868188895520848,0.6125639306163507
AEX4IPQYEQ4WPVENZW4GMACJIZGA,50,276,49,49,False,13.725424142597674,0.08449071969708795,0.1399864495140832,0.23023004912648068,0.3790478393494036,0.6014796527298037
AFIDM7WD3YFJG5SKPRVCRV67V7EQ,50,133,42,49,True,14.501127307737958,0.09383096239100051,0.15472008847410515,0.25342821885422395,0.4135392323626605,0.6483449382289483
AE7JOVNS4C7U322U2UIIZLDBKBOA,50,279,49,49,False,13.514664692601848,0.09773864557208088,0.15537647876482538,0.2467765532556378,0.40103080169065075,0.6181532670109247
AG7CY7WL33GTS4OKJJ66WL5VM3LA,50,115,49,49,False,12.252383804421616,0.08916979037673775,0.14622308512569504,0.24662011175508036,0.40569007343091257,0.6272681686016601
AFACZSTCNX6VMUJQGUK3YVE6CK5Q,50,356,47,49,True,10.654707485266819,0.06721700017561771,0.12578457049186786,0.2308053481495513,0.3941206030492061,0.627317201041695
AEGNC24TVTS47JL4ME36RXAMQTVA,50,133,49,49,False,12.198797388395441,0.07173879774922305,0.13202171459621498,0.23396237825347677,0.3899429512015683,0.6093016038201484
AGWIS5A24VOTIOS7K7TYJCV6JG6A,50,154,49,49,False,13.103944366263324,0.09722192161370417,0.15873852611401215,0.2560461929260598,0.4107819866187917,0.626925078515212
AHYA2FWSOMURLKEWO6ETKYQTRSIQ,50,116,49,49,False,12.85321287956781,0.07359391012530529,0.1351838117267826,0.224560027948127,0.3762960573787904,0.6002456355842717
AGMBZZMJLRWPAXDBY2BONNXESVPA,50,146,49,49,False,13.23871145277121,0.06911075045139771,0.12394196223967562,0.21800124368245125,0.3672767608142297,0.5928449486455305
AHVSRNKOWB3QKDODMMYIBX4MGZXA,50,217,49,49,False,12.26959774231967,0.0692451122592458,0.13462679135594846,0.2352709942872998,0.390632776651165,0.6178959938090397
AHMTAZY6RIFGR3YXDZGTLCHHO6PQ,50,173,49,49,False,9.999232433977758,0.06520284410783127,0.12675611285622188,0.23207607038300823,0.3929749039689887,0.6042744986858449
AE2HIN4P37JPH3GCTZNNNWCK62DA,50,101,49,49,False,11.691667122250761,0.08086456626017167,0.13524109933356876,0.23116414665073812,0.38078157525485695,0.601434099520937
AGVJUUCFMBP6SABPIAXREELESFIA,50,143,49,49,False,12.450655160278767,0.07618081357140288,0.1331720637993493,0.2261226077962433,0.38111036363585943,0.5975921781604908
AF7YD2GMNDP6KUR7MGO5QK6ISZNQ,50,139,49,49,False,11.252619456402662,0.05888000215327216,0.11735441902253835,0.21219202324141084,0.3627569017148381,0.5869870353079414
AEPPRFHKQ7HC7I37WH2AL6P3RSCQ,50,121,49,49,False,10.3119927908071,0.08006595436982922,0.14241049498006392,0.24303624560434892,0.3982693290024422,0.6125469698214174
AFGMVOVC3JVTQIKZCWMU7GLGODOQ,50,100,49,49,False,12.224339190893748,0.07806464636305832,0.13535768309803423,0.23820152841168474,0.3927454904308625,0.6164241222723535
AHVEKNHP5YYEYVLWQSPBDLE2GUYQ,50,938,43,49,True,12.106089106590579,0.11083353005075257,0.19018090695318882,0.3093332048954016,0.474700615345413,0.6958599528980144
AGMCZMRV6MJ5SCCUIEILXUKJ66WA,50,758,49,49,False,11.835234200862688,0.07715467457051019,0.14154606622995136,0.25184208505906386,0.41115754690502737,0.6342124917421713
AGGB33CRW5QSNM542FDVHPQ363YQ,50,260,49,49,False,12.143141826636864,0.06726941059927269,0.12014013178304367,0.22159296967829892,0.37735794056492034,0.6055987825650797
AEEX2WRVPIRNRDB44DF22VTO2DUA,50,174,49,49,False,12.51751303090228,0.06709952743229944,0.13271276893907216,0.22775856889897264,0.37705535459853673,0.5991517081116562
AF4JG6AGQZ26FUBADCRC6CZ4Z26A,50,177,49,49,False,12.754555892373038,0.0679339430280991,0.11927524064624256,0.20836674753097012,0.3618612855117683,0.5763884702079366
AFKOXRKM5XY3N3FR54SGGLOJJFVA,50,145,49,49,False,12.424585643231913,0.07907505809138642,0.13883228199147182,0.2358392868313103,0.3873092816813986,0.6122699628342858
AFI4CT4JFHOK3NBZOGCHC3CP7J7Q,50,118,49,49,False,11.828754685922162,0.07226646424868063,0.12899468217744525,0.22703307553151716,0.38256046957943957,0.5981273490578011
AEPSNPZWAOSASXZW6F6GJZD4RZ6Q,50,110,49,49,False,11.644701159100972,0.0645285788790069,0.12040216459614363,0.21510464683115363,0.3653214319635807,0.584536453333653
AFV7LKHKY7TF3GKWLEBIWI47JSDA,50,543,49,49,False,13.064593712061937,0.09318520296411362,0.15478050836632032,0.24899150074997647,0.3966986778142713,0.6114591567845219
AEUZDXOGNYGM7FLLBEFXJB5TPG5Q,50,165,49,49,False,12.895428749032945,0.08004509435536585,0.14874601743294358,0.24797552530272168,0.3991740072604364,0.6109010667998312
AF5HBFQDGPBBPLTYS4UIFO6EGHEQ,50,121,49,49,False,12.009065590611637,0.08815906812211928,0.15061185383367262,0.2553094423130558,0.41313402919404724,0.6233278167502899
AHPJNCCV5PGRYLDQYKBUZI55WN2Q,50,212,49,49,False,12.823558502884744,0.07782988587833913,0.13853355472060358,0.23015190418816447,0.3781650269980698,0.6015042663527219
AEVEXKKEIOEM5OH3XGSVMUR3VGBQ,50,276,49,49,False,12.383234227333299,0.09350387805278046,0.15443211054085992,0.2547464614261225,0.40459257559813167,0.623798107156278
AFSGANS6XCW3SS3KGMPH6SBFRQOA,50,115,49,49,False,10.925588952862142,0.07916312569097231,0.14177561315036888,0.25512311211056754,0.4227809622500535,0.6422819741827644
AGA6ELHQQPZEVEG26LAAV6SFWDEA,50,154,48,49,True,12.354731860082646,0.07362076251352477,0.13592349170161627,0.23020439155511888,0.38102239211698635,0.6059255369595518
AG76OCDIX3F6A2HVEF6RKQKMMYUA,50,103,49,49,False,11.909587306886976,0.08559323997077059,0.14352935091921706,0.23966605792387433,0.38940222918204315,0.6005327637123066
AEXDR7GGRBNNHQKSTHBAHBVACTSA,50,148,49,49,False,12.344684951644423,0.07443014034860916,0.13224493544785412,0.23248008515572324,0.38100752636718777,0.5973962877544325
AEDJRZNH4XDXHVSXYQOBNR4X2PAA,50,119,49,49,False,11.961198420863582,0.0821798957248782,0.14584657060091993,0.25134380779862775,0.4115929338432577,0.6362565716971242
AEUFFWKPFIARZOLN34A72F3X4VEA,50,101,49,49,False,12.880462965172406,0.07832420271795767,0.14082417432252337,0.23598184881016834,0.3896548476282871,0.6162333559976908
AEITW3SRFREQ2TVLTA7ESOBIENDA,50,103,44,49,True,13.68575158486975,0.08709025984951686,0.16219637723318603,0.27043291341745734,0.4274406113091017,0.6473194095858745
AFBQL5VDQMWEILHC7JTV2G3T3QCQ,50,208,49,49,False,12.237233170974854,0.0704745094691499,0.12819592910271965,0.22179144527633432,0.37414870116606147,0.5973462365097809
AE2KBNJCWB2VD4YFHYXZKNQWKTHQ,50,112,49,49,False,11.794635789409075,0.08005422756270182,0.1415001208095238,0.24457583845437308,0.40496263002634403,0.6241610626613623
AHXI6LRWN3FI2RWEFXHXSENYC66A,50,104,49,49,False,12.869425860738577,0.07068202542892064,0.12588819720318453,0.21730571488934636,0.36669964391713605,0.5890599067564826
AFNUHCITVPCKVVAAYVQH4JNECFWA,50,141,49,49,False,11.959945814703357,0.07270524747923165,0.14068574769565095,0.2396999102118624,0.39989865244163586,0.6149733997575364
AFVOZ4UNUZKEQ7GTQ3IHQY7PZ5FA_2,50,182,49,49,False,11.817873911842202,0.07876810059117499,0.15178629435636287,0.2560134096560637,0.42322075362969575,0.6578597528804868
AHQR5RU4UKE2S65XWC5WMU2JZS7A,50,318,49,49,False,12.130678563930111,0.08864233194869735,0.14983196910338117,0.2519637163175754,0.42009217690958844,0.6497324464137293
AFT5J6QOJXIGZWFLXKAW6DEDYKVA,50,375,49,49,False,13.441616457387562,0.09148668438275973,0.15079676628918134,0.2524853304970574,0.406254782086241,0.612810904086257
AHODD3PARPO54FNRADPLKP4TZUGQ,50,392,49,49,False,12.225203486322822,0.0811588254713496,0.15111805967913405,0.25548399236012187,0.4203505837500812,0.6403331579595309
AFIIHGFEQSEL7QUGWG3BR5FWY5OQ,50,148,49,49,False,12.497084894246713,0.07472804523288201,0.13525589991227943,0.23253676414918636,0.3835317737681031,0.6025654167521857
AGQVYRFKX6G5VO65RHQ7UZKGSTKQ,50,106,49,49,False,10.660479590554669,0.08230671883646157,0.13599606563882755,0.23564713461842884,0.3871266550834173,0.6014527313524065
AFDCBHG3LHGMXH5JJB66U6RAOWGQ,50,113,49,49,False,12.902606858355897,0.0916664448061211,0.16037103412873518,0.261139183995256,0.40808856093030865,0.6209441862004874
AGIUTASQIZG4S2PUDUGAG7HQG3BQ,50,293,49,49,False,11.078631990024814,0.07387331878996607,0.14536561018174768,0.2562128449455415,0.40608848614606685,0.6234031581177872
AHDDDUNFUZVAR3R2PD4HABZCJMBA,50,118,49,49,False,11.187619098522498,0.0811512514060618,0.14417753400247363,0.24348922634450243,0.3890545850382224,0.6019111277884589
AGBWD5VMK2NVIAIXF7OINPOSC46A,50,849,49,49,False,10.403769840532595,0.0936885890199737,0.1558525586377692,0.2563702979280584,0.4192578785480393,0.636877262420977
AFFISBC4NXQ7B3S6ZYXBEMUVEMTQ,50,139,49,49,False,13.14501874368866,0.0697313587676662,0.12415270635291284,0.21301665730303207,0.35792137646644745,0.5701596785185798
AHH667MCWRTSMWKYOVEN4PMWLDHQ,50,101,49,49,False,12.337950196948523,0.08765086776359005,0.14804679125256903,0.24974074050957,0.40702931761994227,0.6263789494959879
AFNIEDCE6BLCHCFULJTN66EWSLMA,50,131,49,49,False,11.693344846983486,0.073627075100411,0.13196911199835873,0.22826631647710938,0.385487511550289,0.6232511648294305
AGOJHYXWDQSLYLRW7ZBV2RGMQ7FA,50,150,49,49,False,11.66543425896091,0.07500543264627617,0.13238568681677657,0.22257763899366717,0.37434221043758414,0.6020333995719199
AF6OKIE3IGAMM2RJLNGUTUB7XGKA,50,119,49,49,False,14.534058397619392,0.1124735658559681,0.16958849870616408,0.26310270104455385,0.411313603430313,0.6222777503205823
AECO2ZWV634CZOOCC7MQ23TC3GMQ,50,1017,49,49,False,12.296976405731943,0.08959651884954324,0.1682164591871348,0.270999425228422,0.43102203222206115,0.6475624206999371
AHUXZHGF64SVOMETLDTARSRD37WQ,50,100,49,49,False,13.117215450858792,0.07980285573088595,0.13460984456181352,0.2272840560606108,0.37983123261973123,0.6030383478196774
AH3UA2OVRWGWLLE4OWHRZJ6S6N6Q,50,139,49,49,False,12.637423084148429,0.08982354256390261,0.14764268135023906,0.24395406915010528,0.38943039714492766,0.6006761459282292
AGI2PC6YMBH3TM6UEQRAOOFZ77IQ,50,110,49,49,False,13.665176628874248,0.07764276127959609,0.1502637552384643,0.23930143711962215,0.3886241398670165,0.6123879741615849
AEOK4TQIKGO23SJKZ6PW4FETNNDA_1,50,547,49,49,False,12.789686962843547,0.09312721614110618,0.15113871907417883,0.24051441628248205,0.388033748724796,0.6138846834253375
AFCUSTNVVB4VD3APWGRY2SDFDOAA,50,295,49,49,False,14.690484534847029,0.09176311786981137,0.15068525084918877,0.24302014336239397,0.3857065747078289,0.6049528884976468
AEMPTSYMS4DJSHZ6NQVAHOXJLJCQ,50,157,49,49,False,12.189902875014425,0.08907108730191036,0.1523914533179872,0.2593611642967896,0.4099945512395555,0.6361203939691779
AHD5FXGYTDXMFJKTMQ4BINV5SG5A,50,108,49,49,False,13.08512884270164,0.07515938581717324,0.13026128132660236,0.22087777299865827,0.370085769685419,0.5838612343068265
AFGM3WALHHNWCL3WI75IQQTENANA,50,492,49,49,False,13.865061663352082,0.07967900215882569,0.13905130982774483,0.22629284873068922,0.3774877668974302,0.5942152808890556
AGILWMVFZCVGKZQWAUEN6XYRFPJQ,50,126,49,49,False,10.4321570385735,0.08628938684564041,0.14745116334212408,0.24886127719822662,0.40260382838169817,0.6186081013231134
AEAMLJMAC4LQULYBJ2DTPX5OEXVA,50,111,49,49,False,12.710208227766442,0.07424281383535623,0.1413770044483615,0.2311596640873108,0.3790559805128007,0.6066496005869694
AFAZOFYCJDB4GHEW7TXEEYSP3TXA,50,175,49,49,False,10.73885276478344,0.0767601796507521,0.14330326548201078,0.236332273219669,0.38730826247994676,0.5997379644718235
AFYZMA72W5SMBGZVYUP4EX5O7RQQ,50,102,49,49,False,12.08429767778648,0.06744983896931932,0.12404604318188187,0.21899050378743015,0.3651023165230573,0.5796739033209053
AF3IMSGEUBADYHCWVA2GMLOLGLRQ,50,185,49,49,False,12.390282680896336,0.07824862376653703,0.13510573902255918,0.23511203442479311,0.39569514524803084,0.6176256029897423
AFJUT5BEWATK37VVRUDVOQOWLKPQ,50,116,49,49,False,12.31637233505004,0.05665430230048179,0.10525878429615013,0.1942128385297008,0.3511930401518462,0.5791443040419925
AGHCMB24BP3XPSVIJJ24BNYUF3KQ,50,184,49,49,False,12.164986018778553,0.0673022524772506,0.12391666197563028,0.22190883545716314,0.37606525808655694,0.5971061594762725
AF2IWZ2WIXEMCM3ZHI3FV4XZMQ6A,50,154,49,49,False,13.314745045580786,0.06235752220500107,0.11239230524292217,0.2005792662397973,0.3477147543665737,0.5648063608144543
AF3QJNS6XCODZPL6SVDDITEDSIIQ,50,204,49,49,False,13.48487334945484,0.08538216366825875,0.14703893833242826,0.23828976570538843,0.3819527840741166,0.5911607945153534
AHMM4IE5PPFSNOXOOPDBW37GB36A,50,159,39,49,True,14.933084591701148,0.09978120124880409,0.17658830921644456,0.30933833535475097,0.5019696126692429,0.7394987715636143
AHN7QO7GCXIOGEEGYQ2UD7LVG7OQ,50,126,46,49,True,11.895230572184914,0.09586744245470244,0.1786738920274137,0.2908838352882759,0.45209205726637847,0.6786604538169028
AFZIHXLLRIZYAZDRCGC3Z4DYUMQQ,50,108,49,49,False,12.138379109274998,0.07111908222097546,0.13926222498744928,0.2352401830188949,0.3824039477184425,0.5992083086573851
AGMD6LVSGUU4JPEAZ4TK3UBL2MBQ,50,156,49,49,False,12.430282423026922,0.07705254184762825,0.14278673203101525,0.24119938423164924,0.39236199548631334,0.6054707846056969
AFEAJYA7HTYXIWK4Z3NPMMAIXHWQ,50,118,49,49,False,11.03495106720198,0.07972589635419425,0.1361317141487371,0.2326763952480699,0.39061738992615325,0.6133901123382959
AFOWQBW75UWW2GHYN5QTFXB26VCQ,50,148,49,49,False,12.830970646679248,0.08009818416655855,0.14441052010043146,0.24110160453554372,0.4000508778021842,0.6246781476889353
AFXJTDF5NUVLHKVJU7BMR2ZDVKBA,50,289,49,49,False,11.98710375352871,0.08510059722227219,0.14290738042485399,0.2393909927591007,0.3904277147933383,0.6064544779709035
AEFX6HLMILKKZQ6UOAGIINMLKXGA,50,129,49,49,False,10.063246866326336,0.06186856228625086,0.11585129585247406,0.21510680607551633,0.37425309127973466,0.5946055166650036
AHOB6DWWDUHGACMKP2SXX5GHTXDA,50,242,49,49,False,12.315183475248114,0.06758272464441482,0.12637345759879212,0.22245506998721204,0.3838200474383339,0.621874794710816
AF2QRRCJVO23WI7ZJF2XIQZKIRTA,50,111,49,49,False,12.419956789661322,0.06847453619017481,0.1219571437562912,0.2129521067681389,0.3646647123537728,0.5818843201199453
AFCMHYJTBQ6PGQWDCDWX2KP4GJ5Q,50,260,49,49,False,11.936807592273013,0.09000870192474396,0.15534175843782155,0.2562887190949434,0.404758595102752,0.6227392106537613
AF4OT4JFCWDCQYYUSABLCT6E7MCQ,50,164,49,49,False,11.82139860581439,0.07318892258091653,0.13156683488604884,0.22653207875977144,0.38124096594026374,0.6060106500940438
AGU7PXXOM24XC55U2CFUTD7X6FFA,50,408,35,49,True,14.02081703184862,0.10348559724606832,0.18430497677255517,0.3097446119056683,0.4941558634739008,0.7427253672100628
AGP7S3IRJ5QNJL5TMST6OPENPQRQ,50,207,42,49,True,12.818214354880784,0.11451534656235836,0.1909329815684157,0.30718263601829593,0.4739804789420142,0.702309411641941
AELETLCYBQBTWSUKGSWG23QI7IJQ,50,174,49,49,False,13.286421778411349,0.07243939221387792,0.12698190650877736,0.22098457274601643,0.3719720618446384,0.5889719046124047
AHX25MN3P7B6FZCQIZDBLBNIGKZQ,50,200,42,49,True,13.611468079425777,0.08356655357871545,0.15683093942083615,0.25640345198094305,0.41673842419134544,0.6445837226041127
AFSKPY37N3C43SOI5IEXEK5JSIYA,50,320,49,49,False,11.800659731535994,0.0716475288891322,0.12669236178953405,0.219673808136619,0.36894722067697305,0.594673961347025
AEAXAJACFMXIAAH4WOHRMXPSZWFA,50,269,49,49,False,13.147844327109517,0.07017252721799838,0.1289890815835386,0.22242413032683195,0.3751963837628793,0.5995786424332048
AF3PW2SV2WOIN7LLCUD5QOPHME4A,50,110,49,49,False,11.638181037807222,0.08036600521471451,0.15046654522834396,0.2511679398006706,0.4135309427855325,0.6397967009574823
AGLMHJEWZBMXWLRX25ETEEYVKINA,50,234,49,49,False,11.370702958248325,0.06971470169563096,0.1361283271455327,0.23989099821601578,0.40584001956252097,0.6414696809003546
AHFARMUVPKFUECSFCFMWDKRHYYKA,50,105,49,49,False,11.808941265497719,0.09178882733171072,0.15050183264171507,0.24810519020240396,0.40537342865852816,0.6213669628518345
AFTDBAD66GZC62GV6EIHBF3K5HAA,50,119,49,49,False,12.847049829932523,0.06903292956984546,0.1263905032901645,0.22112443912509952,0.374611883737304,0.6045331331631056
AGQBIQ7SOPHZ5FBBO7YYU6QDC76Q,50,160,49,49,False,11.597654274084668,0.06078689076041214,0.11318856333829819,0.20452626718552666,0.35701103178797183,0.579535350544815
AH5IGKVPREWG5F3QK4AGFO4ZHTMA,50,163,49,49,False,10.625938062902776,0.07712469926000406,0.13946847613798063,0.2353301669217955,0.38925221129619775,0.610138845598557
AGLFSVQY3A3EQH34RY46DDTRFAAQ,50,257,49,49,False,13.151396149870145,0.05899501347000413,0.10706306232810985,0.19273129798232663,0.33055952671865624,0.5448340307850164
AHOHXQZCEU3KDM3TPKZRNCJ3ITVA_2_1,50,1024,49,49,False,12.576395570834087,0.06913079371398267,0.12666370897654286,0.2289200178764456,0.388316249379175,0.6054745328109503
AECSBI2WN54PZ6JTA3MLM6WUN47Q,50,121,49,49,False,12.329595744795556,0.07944299171705128,0.14846447210590863,0.24413469936957108,0.40714283747806057,0.6285433374107008
AHYBVRYZF2OCONYWPPHVFP3LOCNA,50,209,49,49,False,13.279424498432629,0.07017290826412177,0.13481170155786323,0.22811822539096183,0.37337867051457724,0.58708324972334
AFRGJMSUHGKN6E36WF7NUXIQVXVQ,50,293,49,49,False,12.34282004527307,0.06946315700033502,0.12147444848768761,0.21092203163612336,0.36324249655264634,0.5882994131340331
AHEYBY33U7TAJA3KWZGD7DXEZRGQ,50,117,49,49,False,11.841837199092389,0.07028464296086943,0.12268175213111442,0.21606365370762487,0.365429745863719,0.591223725843084
AGVTEUBWUZ6IKQF5XWBICOPTM2LQ,50,122,49,49,False,12.06882669332724,0.08005395923756685,0.143714234870708,0.2459028083689873,0.4044059011457034,0.6196785473639809
AGSQN7QVGI3VRJO4LX6F5E63QJIA,50,107,49,49,False,13.013671775637613,0.07270105477790191,0.13243681760066403,0.23701276623466988,0.3889269887537945,0.6173538093351855
AEVHSN37PYEPB3FVHZPD3KB4FIGA,50,117,49,49,False,12.340527216000465,0.07247904088677967,0.1258282577351008,0.2247015746537645,0.3744944551888891,0.5931293372575198
AHRQMBNY7MR2QI6KP5AZC4JFT6UA,50,104,49,49,False,10.823998798005837,0.060963767954308926,0.1165130245741552,0.20967922592485463,0.3619717096053254,0.5821206497565873
AFZDZGZNCOO4L3E2TKHL4JP4YS3Q,50,127,46,49,True,14.210851477268903,0.08122442975867585,0.14863406277123098,0.24401277602246033,0.3916881884497481,0.6108007857051457
AHY2NSYOB26HPV3YODAA2SQE7W6A,50,112,49,49,False,12.114036942957473,0.07330017934473759,0.13080299233352585,0.2371820417322502,0.39798323619425113,0.6206459655008864
AH5XIQCA7XZR7DJAGGQHPBY4XWLA,50,152,49,49,False,13.029947731075286,0.07193255737696438,0.12594339118664127,0.21674367603178715,0.3606165689177086,0.5775712422476756
AFU3XTWCLLCF5Z4YWDJ7HHPAZWMA,50,101,49,49,False,14.153546952017058,0.08695249252239819,0.14530759917314884,0.23931526327949662,0.3893358378847855,0.6102001291159699
AHTEFBKI5JV3MIF27A6JBWFYLUIA,50,148,49,49,False,13.236293485330819,0.07437951722358548,0.1276991090324255,0.21833566175492783,0.36933241646261894,0.5964028311212526
AGCTA5FTMXTM42RIG3JUZCYJ3XSQ,50,105,14,49,True,15.020479699753544,0.15488289151406506,0.27298848376781404,0.4774458035797729,0.7642283206535375,1.0
AGXO3CPYK7TUTKH4BTVJD2DX43HQ,50,218,43,49,True,13.864649524236848,0.07979067659678936,0.14840866034311076,0.2507412260512955,0.41917776277590973,0.654481179395436
AEMG5P4JZXUEK35T56CZ3O4GOP5A,50,118,49,49,False,11.740629769071795,0.07920883750196228,0.14541082072184486,0.24997371472013788,0.40385864934651783,0.6295117931136476
AHYOB7J3MRXOLCQ67KGALUH7TY6Q,50,101,49,49,False,10.54362387486465,0.07393751041848962,0.13298553997022147,0.22436446955199996,0.37626193789969087,0.5976937910153373
AGUZXENJYN23GI4PEDZDI3QZEMSA,50,107,49,49,False,13.117610796864174,0.0763304409430899,0.12357474732526327,0.2154280927556463,0.3686446296985122,0.604000831622224
AEP4QCX5BLOJBRHIMJCQTVIBJ4RQ,50,261,49,49,False,12.280045235552056,0.07424816643223836,0.1396184169202843,0.24004175663456298,0.4044382030904136,0.6204051139927897
AFQF4MA6OXHSWGMXSIBLC3E52AYA,50,105,49,49,False,12.654748209878399,0.07420401468645248,0.13135123648053462,0.2247269626475867,0.3800153520103245,0.6057818130509162
AHV7LKZELPOHGBWXQ6GLKLYHHPDA,50,170,49,49,False,11.995198347491652,0.08786105822748987,0.14939967094574175,0.2507342446129751,0.4115478342866155,0.6342066262556544
AFYSEQVHWTVMWWCX7CT7PA7VNU6A,50,122,49,49,False,12.695420476564898,0.08873933306728296,0.1547149407949354,0.25457522320412174,0.4089762531092752,0.6274182303421431
AFVS7ICCOISHBTZBGXJBWKYRBEDQ,50,231,49,49,False,13.35212813210316,0.10293976814565711,0.16313210510187107,0.26694161147374046,0.42010672653937314,0.6404650471335145
AGE2W3LSEPUMPDXXMMXOEDZ46GWQ,50,112,49,49,False,13.077554179255733,0.08831248363663877,0.1600307531232636,0.2547949509478889,0.4101440695334478,0.634369521959943
AGL3NO3YEF4FJKFVUSOYESOZYTQA,50,128,38,49,True,15.291287978673585,0.12210741451079812,0.18307904705888944,0.2891273487488812,0.45403783842541373,0.6947003121424873
AG4RGSE4RABZVOY2VKPPY4IEIEIQ,50,139,49,49,False,12.807391932064993,0.09971627766117325,0.16457410899900385,0.26690209531755876,0.416173814548727,0.6237067037227956
AFF6DS6NOWRIF2AROFASUVVOPYLA,50,396,33,49,True,20.835416898229354,0.24916751651476887,0.42579539375602504,0.57039321910239,0.7267801298340206,0.8891527299925555
AEGAARQ7APNX7X5D4XB3Z3SS6BYQ,50,109,49,49,False,11.552724595223333,0.07724499402314945,0.13334897698038073,0.2337925316551678,0.3830679607612364,0.5988455078296204
AE5R3WBD7BSSWJ4F3PE5ICQHUCDQ,50,106,49,49,False,11.059423863595947,0.08265475691972829,0.1466118000980859,0.2563522865697226,0.41690952549454646,0.6408588290282587
AFOTTSAZYNXVVEZ5IV24QOP5QOWQ,50,165,41,49,True,14.83102285653789,0.0972943784263475,0.17548277217280536,0.28964297715821935,0.46571755219686817,0.6924843498962595
AHWQ7NF7NNOI53VYRHMNOLHHT4YA,50,149,49,49,False,13.836196343849533,0.08426070830350141,0.13818053994610038,0.22726945401127507,0.3708922878662686,0.5827874895886279
AFQPRBK7XJNB4IT6Z6KZYWEZUF3Q,50,117,49,49,False,13.718373999669174,0.06744426711779099,0.11383828786358084,0.19705827915717053,0.33775056976775025,0.556783177631837
AHDJUFVTKDJUUBAIFGT4WVU2YGOA,50,164,49,49,False,10.64807919364492,0.0663818869299738,0.1247145832628438,0.22729189096876934,0.39151025643915077,0.6164421679186222
AFXP3NUDK7W54E34YKGYXRUTQAMA,50,165,49,49,False,11.95628840824957,0.08440767152883977,0.14768102953423648,0.2517557215564702,0.4131513100787773,0.630096127820779
AGEQJLCP2QYVN3FPPZXSSWDX2BPQ,50,100,49,49,False,13.294258126591153,0.07471266809399672,0.13694645528223895,0.23160625434299884,0.38000967510667477,0.6004176970929925
AGZ2367HI7GZ5GRNZJFGG3VMPZLA,50,1007,49,49,False,12.415226939435183,0.076082895651199,0.1398927364974654,0.23991893685147506,0.3982407441519859,0.6235632510531256
AF6SH3CW7RGUQCQF3P3EHSTIBQKQ,50,366,35,49,True,18.491652109660894,0.1356156094807354,0.24996077012578402,0.40737953193091025,0.5876005190269248,0.7973432506371545
AGOIB5PDEMTQG4DL45T53A62R6FA,50,229,49,49,False,12.70788087437621,0.08600061578956888,0.1492343307388944,0.25149161037152606,0.4125629629378348,0.6340348544456152
AF5XHCHKI3CCKABRWCN3J2NGGFUA,50,191,49,49,False,13.133154242097254,0.07389940802693984,0.12988403972996218,0.22769349819294277,0.38764971087461847,0.6103187151346924
AFWGSI3AV3UORK7AHCCYA763KEYA,50,112,32,49,True,18.635436459268647,0.13050517543044793,0.2358163700306636,0.39158202497588385,0.605795232159369,0.8211865222792664
AEQFY32CE5CX4736RGL5MSMLV5UQ,50,181,49,49,False,12.177275462448383,0.06876555262861597,0.1268492777667574,0.2241808790205244,0.3852086816521281,0.6202492712651163
AFBKBWXSHQMW65V4VQMTLARY5G5A,50,117,49,49,False,12.327869782589449,0.09919222354124431,0.15723818116659313,0.26337280309861677,0.4236360734931682,0.639423656018992
AE5ZXSOGDJVHJQZZIPWCGIOAWTUQ,50,127,49,49,False,12.517417200590538,0.061880734806299936,0.11151049116532137,0.19997335508772646,0.35106359601652665,0.570539080064594
AGKMSOLXXD3VWLQXUFEF7RG2PYZQ,50,146,49,49,False,14.31802808866653,0.08023024567271848,0.13598183734000283,0.22880791473530387,0.3741974110309323,0.5970408915217347
AGUYOGXDDUBFRS6KQ7VIVA43VVNQ,50,167,41,49,True,13.702126810565973,0.08991431321253535,0.167388773928599,0.26746955715596593,0.42838649627142017,0.6619721670519274
AFFHIWPXXKSMZKQYTTMPTHMJ6DUA,50,120,49,49,False,12.882142127152756,0.0723098178564361,0.13121746214735544,0.21842238111484155,0.3713027640402886,0.5893443732137928
AGXKSKQILCBPSNPGMZ6K3AXTHBSA,50,266,49,49,False,11.773225056143291,0.06579179042073695,0.12341644466044088,0.21577387438040208,0.36648179530392444,0.5850572366771164
AELHYMCYVS6T35HA3UH5UGFWTK6Q,50,593,48,49,True,12.282386478004558,0.0796348199893733,0.13415417577902786,0.23337085559095874,0.3851684954356892,0.6045091402822279
AFKZESU3PTCQ2UVDBDSFVFTXBFNQ_2,50,704,44,49,True,12.623771156009548,0.08875400897750993,0.16273861902171882,0.26756524334693793,0.4188052229339779,0.6414608350091646
AHGKNCWJ5LPSAJKK6ZBZF3W3AQ6Q,50,170,49,49,False,12.640764305125407,0.08008666911474167,0.13880793136495498,0.23216552733790286,0.3800653382312318,0.6063694531471489
AFBXMLDI73OK56CZEJGVLCLNHRJA,50,114,49,49,False,12.658024153689732,0.0671158109476784,0.12507561912546955,0.21685336143140874,0.363362641802358,0.57972219998132
AFFCTK6Y27DONGPEBDIGH6YXH2TQ,50,943,49,49,False,12.429940267508607,0.07516439235131979,0.1311215413439287,0.22821808744750707,0.38133341348463434,0.606847853575651
AFIQLHOXJGGFHI3ZMEJROMHZMEZQ,50,133,49,49,False,13.156991071009893,0.07768541670449851,0.14090123595097895,0.23111924041784665,0.375395210018848,0.5923137771599284
AERYYQ2LT6B427JFUK626KQY3ESA,50,119,49,49,False,9.779864524501708,0.07703054790973937,0.1350196496375792,0.2381536082367178,0.39253555999961365,0.6166164088735453
AE46WE4VZX7X436KTCVZCWXQ3VGQ,50,114,49,49,False,12.044746416740862,0.06736562540332837,0.1267172038121014,0.2194816488027442,0.36597215291946966,0.5895780600934448
AHG75CJHF5GCJ77QK2EMXAUHJB2Q,50,168,49,49,False,12.69654690933131,0.0658705259845094,0.11964065766488725,0.2107423582724668,0.359259120922429,0.57993629729624
AEOGGJJ6BOOK4G6I4XVUWGRIFHLQ,50,135,41,49,True,12.807258657708008,0.09436210597116469,0.17535030646955396,0.2985450108214216,0.4660911961731821,0.6939813187255311
AF5T5YATPPSFCEM3UK5YTVOU4IZQ,50,187,49,49,False,12.486402673985172,0.07553278931511626,0.1308255784231884,0.23226407201529506,0.39856948627327654,0.641842894789255
AGIFZG4G73RCZZEZGXE72QIKUG3Q,50,233,43,49,True,13.50792961545159,0.0837652471197432,0.14516018803900763,0.2512167565224087,0.4118521513769075,0.6410795071610897
AEKY7KSHVOAC23ECEPRCZNZM2ZSA,50,137,49,49,False,13.268806538026586,0.07428367633013397,0.1300132556759568,0.2202220788213678,0.3708410511880572,0.5975381061795999
AE7ZWVM3BUBG5OFF37ALYQHHVHVQ,50,197,47,49,True,13.836588405739462,0.10029292935787969,0.1615810314261019,0.26015509883545923,0.423986745621805,0.6540161597666385
AGTDSYZFQTJXWDV2UIK642M2WSGQ,50,132,49,49,False,12.036735005939423,0.06812060483680522,0.1259653376446789,0.2166376126615612,0.3624098247877208,0.5773754856721337
AGBULUCAF23WPOCKVOFW7TMRG5SQ,50,151,47,49,True,11.716444056189722,0.10716911385708978,0.2107585961438948,0.33035734803606065,0.4935735904478873,0.7113402837604775
AGTEJVERQWRSFLUOXMZTJLYBOYIQ,50,220,49,49,False,12.31689202452681,0.08224945466090464,0.14375266566749323,0.24036708120844627,0.38540813702750304,0.5967301569098065
AFZ65RCGGPLY6YKWUEZD2CCDNKGQ,50,100,49,49,False,12.002796650800422,0.09031176103638736,0.15440765453754013,0.25559573169293826,0.4052015280148639,0.6146923077071618
AHZGQXTGR3WB6CQR3PP2TB2YPTUA,50,4091,49,49,False,13.275843490478724,0.08041392323232761,0.13145178099901286,0.2209294798972801,0.3713227060694908,0.5892485952039286
AHE23HN6PWWLKQ7NDYTGYXULFTPA,50,100,49,49,False,12.757738926223569,0.0927248347915912,0.1601170861833222,0.2620194621817101,0.41166848499113534,0.6237624649272429
AE45JD5QTQ5VRXCJ6M4CM5TIPOPQ,50,111,49,49,False,13.546581128201511,0.07297427159403244,0.13505417327563538,0.2359577077449662,0.3873288910616103,0.6091173295002372
AEV53RCOPMQNNAYIDOT6K26HPCGQ,50,196,49,49,False,11.780933039238109,0.08302747231728029,0.1413105435819395,0.2393319027761586,0.4007858490032573,0.6314460825039819
AFSQAZ4GRUOGBTBB4IUKKLR4UA5Q,50,139,49,49,False,12.67110049786596,0.0836712636547079,0.13932710776577795,0.23160734277765269,0.3779056285323383,0.5952864298603406
AGZ7N4QS64RBGDJ5HW2Z4BOX2WPQ,50,105,49,49,False,12.162265010916183,0.07757372941398125,0.1373908899195122,0.23810475929033825,0.4000271580014781,0.6242864023891823
AHOHXQZCEU3KDM3TPKZRNCJ3ITVA_2_2,50,790,37,49,True,17.245731484319677,0.15761775913874043,0.27415358919987265,0.38877308856839105,0.55546527144335,0.7738947212921364
AGRCOIA4R2HQHWCX5ACH442GLJBA,50,244,49,49,False,12.273648493725252,0.08236688720530375,0.14019205817616945,0.23279618731546164,0.3804674190045507,0.6024955528398123
AECMBFXDJHHNGEBXIOVY5M3V2PKA,50,285,49,49,False,11.932656991251019,0.07957143177242704,0.1428773096832538,0.25192339636749445,0.40809169346994423,0.6277173440077997
AF5FVSH64VFIXMJXQUVRYMZSFHAQ,50,101,49,49,False,11.369405479423463,0.07404758085991948,0.13815671446339556,0.2428572592110683,0.3965908282701339,0.6153475375160656
AHUBQHB557N4AGFHFPKDJHOXJJGA,50,100,49,49,False,12.715093457396526,0.07778453563677684,0.13832712792077193,0.22304634066164372,0.3659611649634952,0.5859606971071022
AE6IAH3TSJOSBDOJGBJHUR67WEEQ,50,125,49,49,False,11.372324057848843,0.07252433995980817,0.12937354325849038,0.22000878821581696,0.368475794893272,0.5806528144278256
AHPDTZPJURZALWCECXNGOSQYBZXQ,50,238,49,49,False,13.627305355026445,0.0813639495785682,0.13854217055216328,0.23665148776899353,0.3958240497145354,0.6277278430455477
AGV7MJIYWVS7UVMOHQW5FYIEQC3A,50,320,49,49,False,12.195447361425904,0.09559275021230063,0.1583031477062517,0.27245890322202154,0.4267955863321967,0.6433072486219006
AHGGEBG6ULZ4CC4XTUVH7JCO2ZRQ,50,169,49,49,False,11.683781821708694,0.07430531780426884,0.14215076509691735,0.24614738948400128,0.4007758156494755,0.6244465086039286
AGLRNNNTTQ5OXYGDZPORZS7H7IEA,50,120,49,49,False,12.29493717842844,0.0640455709583193,0.11527834030215058,0.20388172109256728,0.34964996284235134,0.5672891962633594
AH5OZYVAPLO374DQNA67WQM3YXYQ,50,255,49,49,False,10.810451157320758,0.07246865650412848,0.1345408861885922,0.2347991408674391,0.39100723104996155,0.6116388283048027
AHWARWFS7J5QIBMJJRHE2XHFNGHQ,50,149,48,49,True,12.034089469741202,0.1258794824380996,0.18696791675737975,0.29386385405829657,0.4567201917635914,0.6699978002932468
AH4WRAMEFPMM2PVRI4QQRCUHOK5Q,50,104,49,49,False,12.06866342285694,0.0860637899373693,0.14543047643243762,0.24000264283423642,0.3889871260394367,0.6065892833294596
AGGHIRS7NROMQU4N6PDJCNH26ZEQ,50,152,48,49,True,12.103568637267673,0.08646016463665152,0.1544513061989258,0.25479812328481416,0.4104016437457251,0.6211681622608725
AHB5KUPK5G3TCAYG5FVU6FZTZNXA,50,170,49,49,False,11.461818515508952,0.0737190719173459,0.1372196992050595,0.24065543846560006,0.39629128808232633,0.6131922112712609
AFGKTVFPZXYS23VORHBJSTSTFAOQ,50,108,48,49,True,13.913807154976322,0.07555950476783871,0.13887617788281137,0.23767013229373288,0.3866462731210795,0.6069158325655056
AH57P62SKJK2C5GQTELAAMKHXNDA,50,129,49,49,False,11.82270795987089,0.0869992179358129,0.15111734124531612,0.2524466076774731,0.41514391718673727,0.637213145006499
AFKBVRDWS2ZPNM6EAEA2GRYRXFPA,50,468,49,49,False,12.40140614313312,0.07712882363437307,0.13990115811334516,0.24277251683203036,0.40390879561395077,0.6146858578018481
AGBE4G65WDC55OINI4OQKENARLJQ,50,131,49,49,False,12.951436671799454,0.08668718959360813,0.1466144210232839,0.2509393758739231,0.40741059743214664,0.632806198059415
AG57XB5NOQK2IQ4V7MX5T4FHH6YQ,50,267,45,49,True,15.111149221299362,0.0837963871048199,0.1545539618831688,0.26185686861264323,0.41982165790248294,0.6431730861375992
AGJHBER7DOTPFKZBFMEC6GQ4H3EQ,50,189,49,49,False,12.977993964241776,0.06657982991631327,0.1279471218940608,0.21332481547762594,0.35509577430970407,0.5809989892032786
AHT3P2X53ERZIBQSEDMVIFGDWVKA,50,167,47,49,True,12.418341746613162,0.07665076729476084,0.14531350965056053,0.24509031571813822,0.40959537379638195,0.6314193677917596
AHKVDRZRDAZVNGYJ4R7H63IGTKQQ,50,110,49,49,False,10.586417852052188,0.0670641503532058,0.12938702418572215,0.22675631061215734,0.3844757025589057,0.6017839602476472
AHW755HALUYCUV4XZ6VN6JN6STRA,50,143,49,49,False,12.015291005395056,0.0760780440469258,0.1359052417469043,0.23508519865699923,0.38483967438645134,0.5956247017667013
AFRWPHO6IL5LW4RGGHBM23HHDMFA,50,157,49,49,False,12.100906138598381,0.07712951634703243,0.127729428772435,0.21784397270626496,0.37254583311112444,0.5927855611163629
AEHH3ZK5OPHYILGVM6NIOAQG7MEQ,50,110,49,49,False,12.563526495152972,0.07321949678273391,0.13160629712450386,0.23300095585940378,0.3955127337644228,0.6300840680277334
AFRIHIMQXJL2HQHYVFBD3CEUL4LA,50,114,49,49,False,12.081248077802973,0.08528887356976954,0.14633607776792557,0.24474124260010452,0.39601833686482424,0.6023668870532893
AE75RQ5THMDYEJUAYOJZHODWFMMQ,50,220,49,49,False,14.304430271339625,0.08989321128345124,0.14452803944756618,0.2410350461921893,0.38624694904154094,0.5977214731309207
AGFXY5HVXFJFJ2SJDGZL5YLGR6RA,50,169,49,49,False,11.448888917076427,0.11552710861586062,0.18480800069258935,0.2976025117524301,0.46949342492266366,0.6836847051741369
AHILECHCGMOAULUWIOLFPV2XTAKA,50,151,49,49,False,13.33222415796315,0.09040649051328835,0.14758702560015163,0.2473281767830664,0.39790236799205003,0.6207001991558457
AH4LDUPSQSGBBAV62MV7JZDD3C3Q,50,357,43,49,True,12.372877382973924,0.09201443418689677,0.15638785484424747,0.2573015775452805,0.41770799809406184,0.6573014120599326
AFBOXU6QKQGVJP6M4THIHE66BMCA,50,143,49,49,False,13.230761357788953,0.09680531223069255,0.15829509879865353,0.2556944847752348,0.4037446048786186,0.618476720938256
AHSJV4Z2EO6XENPW32PHQA7PB4RQ,50,108,49,49,False,11.676565483548535,0.07224728241993102,0.13063644083958717,0.22968737205988646,0.38023501454998,0.5995057269323663
AF3XL6NAZUIRBPWC32GOBE6WCQ4Q,50,121,49,49,False,12.71357233612317,0.09142556961539211,0.14182086164310356,0.23664265292644263,0.38525802104039386,0.6051068618192956
AHGCYIJQ6PPNWPUDGTFCTNOVRB3Q,50,272,49,49,False,10.915798499028604,0.07930954264602977,0.1336477820300144,0.22883150553036175,0.38115664397896887,0.61016597343141
AHM7F4GRRASR5R4HCACGTBSWQWMA,50,390,48,49,True,10.809075182478082,0.09836345032872841,0.16433393112619007,0.27131606519399276,0.4267332509057253,0.646712034452189
AHSXYDM2OLH2JJHSW7XKDLLQARUQ,50,737,42,49,True,16.761564588292362,0.11917085073741977,0.19971261838480953,0.32413277135878904,0.4801689685682881,0.6926261504144917
AHOHXQZCEU3KDM3TPKZRNCJ3ITVA_1,50,217,49,49,False,11.31579910112636,0.0619130391441036,0.11732876372203246,0.2114544112146627,0.3655537055369118,0.5902027997140065
AGSU4BF54NFDUP5SOHAAVNKQI67Q,50,389,49,49,False,12.117002820854227,0.08658576934361983,0.13892442865651503,0.2356234551758404,0.3860452600022433,0.6060638318627272
AG2KYQ7Q2HUUJJDQ5QNJ5VDDNYHQ,50,108,49,49,False,11.545125986961676,0.06880687917096047,0.12702705185394328,0.22644548809393616,0.3793892789741627,0.597343494378084
AHZOLZNKJ2RYBU6HONMMBO3K2DEA,50,124,49,49,False,11.452464574614591,0.07464172414482421,0.13390847008190282,0.23276125756992688,0.375064533815153,0.5830615929734694
AG5HSUEH4BYPTBNEMPSDL4L3DRNQ,50,126,49,49,False,11.60717828756908,0.0649078306656269,0.12149303179023556,0.22196728395126436,0.37889672283895315,0.6098358153487423
AFBDU55MQTAQLS4EL3O34AIJC65Q,50,110,49,49,False,11.442344078676603,0.07083427363437077,0.12866225947120033,0.22925923734453024,0.39478961953743014,0.6145516029829908
AGEG5UCY42IYI2H4J5X5XNDZPENA,50,115,49,49,False,13.954437808021922,0.08851921272556465,0.14346175040133877,0.23805918417318148,0.3801826922886896,0.5895267268996498
AFJTTFFMPZ4BUCY6UE4WHHR24CEA,50,147,49,49,False,11.868035513629536,0.07971784236032957,0.1346658785745204,0.2286335920480276,0.3909037147913732,0.615612441660015
AGYOOOF3X6KSMLZIWBPMMQGAC5FQ,50,132,49,49,False,12.946235953042617,0.07388884618348805,0.13560177421066136,0.22522670267862643,0.3743897353416232,0.5967530822478674
AEFNW54XK3ARD4OBRWBS5TXURUQA,50,116,49,49,False,11.777477449602317,0.08019343177691313,0.14754777328074403,0.24794040027472658,0.4090406061235636,0.6331574083339162
AEWFDRE37ICDKBMVGFPIC3VHE2CA,50,117,49,49,False,14.180945221474046,0.08911601851211892,0.14233855791949493,0.23027383716710478,0.37866056386702795,0.6093882847150577
AG4VLC3WRWUPR4XKG4KPOXFA6LHQ,50,201,29,49,True,16.103799714193087,0.15301108364988567,0.2784498754856898,0.46195668308879506,0.6771381399334426,0.8716700830956535
AHAFS4E6NJTO64CTO5KBPTN7KF5A,50,461,49,49,False,13.466459150942343,0.07406574066099181,0.12729840082378818,0.21328656528249948,0.3581568412341478,0.5809773061629813
AFCXZMRKPFASNFASWKYGQA3KOFSA,50,124,49,49,False,12.487717283698053,0.06724119205124746,0.11527128056076541,0.20435903173341655,0.3596667730131476,0.5902141872037423
AFVTHPT46GLPZLSL64FJFXT2535A,50,105,45,49,True,11.442374911916975,0.07828745732173344,0.1480457564758339,0.2515448714716322,0.41947193959836826,0.6538546315016214
AHRVF5XWCSVGJ2EVNYGSGKATVULA,50,198,49,49,False,13.193599605961852,0.0843416625784623,0.14188142492632805,0.2320028558459878,0.39170762002805387,0.6176039076495694
AHCMBEGSVFSUHRNRYBQ7L5URHCYA,50,175,49,49,False,12.124552990912477,0.0783198463646095,0.13544474251570024,0.22826590120483845,0.3801123428055437,0.595191981485607
AENRY5O66WAAZIZDQQINVD3PLFZA,50,200,49,49,False,10.5844535160942,0.05301419456296973,0.10286905219122118,0.19421465833957177,0.3436135934011285,0.5681063405733252
AGO22BUOE6AX3PRTYLVVQKPR4R7A,50,874,49,49,False,12.71925827396952,0.07478298681653299,0.13699946387907266,0.23816600673809396,0.39498401828399876,0.6176797917992464
AELCHJO64W7III5PDR7RURIJV5CA,50,390,49,49,False,11.850504043707382,0.07754268002712497,0.15157069673435933,0.2527828473468576,0.4140346902091082,0.6354087944937244
AESS74O6T2TUXQ3QFIPNL5KBBZKA,50,100,49,49,False,11.939983717879102,0.0875233053689194,0.14789838447188383,0.2451509186066947,0.4009571051009476,0.6139284802913452
AGBJJYJ3CKEKID5PLR2QGGUZFCVA,50,105,49,49,False,12.203230654585557,0.08321068717466816,0.15141431959114907,0.2544726982129121,0.41407927787569887,0.6474993123338761
AHQ6BQIVU3QKS364JCPPPYSNU22A,50,106,49,49,False,13.045447713128665,0.10268980488032892,0.16372493179632522,0.26230542041793753,0.41331311461715464,0.6253158524131287
AGDWW6FZQJQVOH4J3TEIA3SIL45Q,50,222,49,49,False,12.778386525839247,0.0597311929632915,0.11202675458573824,0.2008811778615093,0.34801153324848594,0.5756014179623984
AFHRGIQHOS75DP7CP4ILF6RTMYIQ,50,108,49,49,False,13.108068588766168,0.07824933834640287,0.137725161215408,0.2356105596602995,0.3904938170379473,0.604498160093996
AF4WQGVF7WVIVMLLTIX4A6EMMBRQ,50,253,49,49,False,10.088711277067988,0.07760620900332348,0.13764606745175678,0.24686312416583928,0.40674283681239004,0.6282937096657781
AGYRMITUSD6IEQMJDPHYMA7CJI2Q,50,111,48,49,True,12.269971322928027,0.07290027807042303,0.13624976243742032,0.24080147566660282,0.39489175236742463,0.6084130948490774
AFRANYYHRL3ZMJ4F5GAGDECQ5GNQ,50,164,32,49,True,15.984530168269927,0.11974411588010431,0.21927681943452018,0.36629384458043823,0.5701262485067304,0.8072738544182082
AHFXTIAWOGPOJFLIXLHBTSKEM4SQ,50,106,49,49,False,13.954421173774659,0.06901061434857622,0.12099104640817743,0.20910765449971103,0.3572108829946793,0.5827639821893557
AHWONVIIJ6KH2AO2G4RCTXKP3TFQ,50,243,49,49,False,12.367346092075712,0.0759003004035314,0.13125108410798578,0.22903753872212124,0.3861995956926099,0.6036036683885437
AHLJJBY3MKF2NDJ56A2CDW2V52PQ,50,112,49,49,False,13.101901339652768,0.069092855935244,0.12464109106142718,0.21203505450091592,0.3640101471108829,0.5823229113317848
AHVMR24ZUNPBWQQDPHLIDKK7JEFQ,50,169,49,49,False,12.47607527086661,0.07535386671523774,0.1354885235870211,0.22260897683035505,0.3694113962126312,0.5904387670473874
AE42SH6RMDLHFMXLKVI4JKAMC6TQ,50,102,49,49,False,11.402009573807325,0.059037738102700146,0.11552597118705733,0.2045308836375638,0.34825154636617256,0.5654141926027144
AG3KFKJCPSYRVYN5PN5NEQJS4V3A,50,163,49,49,False,12.650040897887846,0.0696281250677622,0.12681509007493086,0.21887762470472408,0.3674241925127137,0.6012798344567427
AGKYFKZ54CFEXGQTDIDWBHSDLITQ,50,128,49,49,False,12.182031530498104,0.08139281526153413,0.1495409212107724,0.24610724210037319,0.4013311438476135,0.6264230323472096
AG3BQZPT2PGT2CV2T74JPBFZQB4A,50,118,49,49,False,12.66420595757352,0.08839304710918124,0.14398236005817242,0.24077028760031563,0.39816411379565675,0.6171518370816561
AFTS2ADH7XVJ5VNQCXLYVNMTJNGQ,50,349,49,49,False,12.992301000062982,0.07991208021333775,0.13794467215635126,0.22544566452403428,0.3726821843797848,0.5991655654834811
AGPV5HNR6FT7NS2WMURJXRN2PFTQ,50,252,49,49,False,12.675427492654372,0.07693427480010068,0.1319320663530987,0.22778795933809168,0.3812647623413021,0.6128607116169698
AFNGDYKFPMNYHOLW3NA5MZVNH2YQ,50,100,48,49,True,11.41623523633336,0.09486717835764469,0.15788141586959126,0.2645629837922524,0.43265743731946016,0.6546778337801052
AFQRJNI4BPKEGI5M64VF4JYGVU4A,50,114,49,49,False,9.831363220671648,0.06355833526886596,0.11949928855618239,0.2143902091479083,0.3699558576787344,0.5925803497507731
AHZGUAU2CB7EFW4YU6H3JHGV4IIQ,50,497,49,49,False,11.845567831541583,0.07295510791209707,0.13653951961771046,0.23565709987938915,0.38982513397943286,0.6023835714329037
AFP2WXHZKBB7XPY4N3AJUTNU5VMA,50,101,49,49,False,12.532361743863904,0.07891753051435725,0.13448024320938246,0.22899257588030983,0.3878152215915244,0.6103602245355574
AHVXGKLXRHIGF526AXHULCZS4FYQ,50,169,49,49,False,11.182546351202511,0.07385472477633362,0.1365145229261218,0.2363238077959095,0.38671411358920466,0.6039134892110462
AHZIHNW6OOJ4YJJN4WVC46M36BIQ,50,159,42,49,True,13.41268997077874,0.10120742838542511,0.17829250874179647,0.30701615625516354,0.4941397302766027,0.7246541989484199
AHCBGJEJ64FBE7XMJHXND6LAMPIA,50,105,49,49,False,12.795109782931895,0.08657946098051714,0.15824451709224832,0.2559224395412787,0.4082586742354483,0.6270726513360128
AHZGQXTGR3WB6CQR3PP2TB2YPTUA_1,50,1677,49,49,False,14.252440535291171,0.09612169765105,0.14781685928168958,0.23287691768215155,0.37677352520536894,0.5937202555152941
AFU5DVHILPAGOOMK7QCVQJI7ELZQ,50,106,49,49,False,12.720404336967949,0.07214905537787175,0.13371016534687302,0.2335408875876386,0.39240116804396735,0.6152257571871663
AEMP3A7IKW37CMWFXNKXWW6HGJHA_1,50,146,49,49,False,10.966524695144935,0.06424531714845601,0.12032440013463981,0.22338126496025573,0.3854167906345041,0.6187585704980091
AFTHDT2O7A2HWCMCK6AC2R5YE37Q,50,142,49,49,False,11.984576393876301,0.07830238856275257,0.13506968684293671,0.23077628400959718,0.38424566736535676,0.5969497606846287
AFH6GLY2ND6DKFGNZD5NF2DUWP2A,50,291,48,49,True,11.035127851119492,0.06932529870346192,0.13597134095235794,0.2364411400490015,0.3993035744712214,0.622169272455513
AEYZ5S3OU4YJPU222CDOR42FQFIA,50,109,49,49,False,12.191747573533933,0.06564966030809787,0.13074095314447123,0.2309128461957587,0.38071987369498417,0.5961801407960166
AHR3H2GGG6JCM5CECI3QMWKSTE3Q,50,111,49,49,False,11.832406116472097,0.08547260381749079,0.15712796215815847,0.2570272153161916,0.41374061340847823,0.6262436476466557
AHIPIFF4MMM27YSKYX6TIGJ4DNOQ,50,117,49,49,False,14.278118899284806,0.10120467801612107,0.1617915783974354,0.2588473456765075,0.40528223513256667,0.6239813618238622
AFOVU64LBEIX5AQOCTZSAUC2IA5Q,50,227,49,49,False,12.95250374985383,0.06338114417670745,0.12076351926838455,0.20725302540577953,0.34669869598602987,0.5653058933665775
AGVMS7YZXEBNNMWCQLDYDTFFYU6Q,50,120,49,49,False,13.21468273683097,0.09607605624730328,0.1567847940381306,0.25154867331365904,0.406867045494842,0.6234277550264239
AFM3KHXL5LZH6SKJSF2BMJYF3SQQ,50,126,49,49,False,12.162486741505878,0.06296388142288871,0.12144731068139628,0.21314961644278477,0.36328524896831793,0.5789628323919391
AG74K4LM3CPISJHR2JAFIV7BWQKA,50,128,49,49,False,11.834765745150905,0.08510559398361668,0.14069235241067324,0.237589281597217,0.3928682107834967,0.6172633345156181
AEK3Q3YE25YBBW4NBUGXY3LP3JEA,50,115,49,49,False,12.410708699637388,0.07930965275748432,0.14048098794399977,0.2405393846461707,0.40066672044296214,0.6163392873843488
AETUSD4234J7JEUFY4YSBTHIYEAQ,50,170,49,49,False,12.668700094737309,0.09525661298751076,0.15314569062804967,0.25735077830611286,0.40590285724401237,0.6268199417622284
AEZRVV766TTJ3WBMBEZL3QLMTFXQ,50,148,49,49,False,12.76008250113073,0.08009548579592027,0.13008882911096223,0.22220154611754106,0.37150321171446105,0.5929760258891904
AGEECCQF4MDXAP7RJDDPHK4U54FQ,50,398,49,49,False,11.011716334268566,0.07616989121851146,0.14156038072495722,0.2411641400663548,0.3908412932416934,0.6043202507520404
AEFYJKT2PY4EDAXNW3EYO2PEJZ7Q,50,124,49,49,False,11.956193968088536,0.07194291605564,0.14157968994866846,0.23865275742722455,0.38710018295349574,0.6108409514035544
AFTMOD264DYR7HPFW6QPW6RFAL6Q,50,127,49,49,False,12.82296846645457,0.07091471021947328,0.12785691296582014,0.22666380480921283,0.37899655096716856,0.6043230562030025
AE7EIS6XYV4XXJ66AZVESUQ2QF6A,50,110,49,49,False,11.634248228293686,0.08064665441530214,0.14396034525852258,0.2541294721234841,0.4225446742690004,0.6460915857322296
AH6Z2YQWTP6LAMLX7VN2IXJKNVAQ,50,102,49,49,False,13.89585672670588,0.09087671035821585,0.15024956787214597,0.24397178827494467,0.39716777457246183,0.6130651609804255
AGZC734FUDTRUS54AWY5NO7XHCIQ,50,410,49,49,False,12.94970278644646,0.07535964438191459,0.1308327971148886,0.22182453206951047,0.38278336942504704,0.6058110876569106
AFLKX7ZNVK2DN6LG3EAP6ZNYUFHA,50,238,49,49,False,12.342320492277919,0.09943918424859227,0.1595809592846636,0.25964610626315876,0.4107518323625707,0.6208667948251602
AHMGXQ4SWFPAMMIL7HMV2B5JXRRA,50,135,49,49,False,10.805104874517223,0.06515228651829048,0.12062144203833904,0.22325197780254083,0.37564066355723585,0.5992439451585674
AFFNS3Q4QAGF76NDEIMZ2MTFSB7A,50,205,49,49,False,12.888239780696173,0.08529140889167731,0.14362939959886936,0.22904492451497657,0.3714718886832597,0.5865061001984185
AEDNUOKH43TOXPIT4LLZLNFH6DRQ,50,110,49,49,False,12.556383484229881,0.07216876290969725,0.13257360270402196,0.23159525609642478,0.38666347861378336,0.6090025532987362
AGF36XKODXVUO37SKAH2L7ZBCKDA,50,123,49,49,False,10.159703427388619,0.06586577526449286,0.12446239666072757,0.22137901190033815,0.3779062612652963,0.5990220153999797
AEXBAGK42T4VUE6DK5APFV5ZJQKA,50,127,49,49,False,11.984076217343755,0.06393482797780557,0.1267974722392526,0.2227037064026367,0.37381399672828475,0.6053580759316203
AF54KH75LOEZFH7NRJUU6MBVX5RQ,50,250,49,49,False,11.882201310177681,0.0810476963384968,0.14276038518230072,0.2375872472109998,0.3887265554177171,0.602632919147774
AGJE532DIAJ6GFNAYUKVWWIDVT4Q,50,104,46,49,True,13.210157675714573,0.08237583590625205,0.14603407698596316,0.25755173565848005,0.43349752440546785,0.6619398356689395
AGM2IQT4E4RJBGCM5LJRAGVM6MBQ,50,180,49,49,False,12.72495758377678,0.07654631579617759,0.13370291522030067,0.23130647893415604,0.385512881180138,0.60439723172462
AFXRCCU4R5UMKN2P45WIQSHM3QFA,50,146,49,49,False,12.82710766981348,0.08270402282702058,0.14107450939219365,0.23958605635560068,0.38828882482555943,0.5986070810254295
AFOKYQI6WRSAK3JX3FZIMUORMTGQ,50,139,49,49,False,12.50679832067916,0.08956198352942625,0.16127309098055226,0.271667905790499,0.4288669934069758,0.6473726508259872
AHNMPBI327EOW3J2G7EY2PHVPZLA,50,108,41,49,True,13.744380712360215,0.09224834270897814,0.17114955870167387,0.3079657944364353,0.4916119056471069,0.7168871182015337
AED23W2XZJFEV4S4RBIYPAYTMZDA,50,101,49,49,False,11.238726582536222,0.07170128019811893,0.1253391094385998,0.21820831532094406,0.36571422390004155,0.584569613836269
AGX35ESQFFIHQKVWS2TWSF6BZYTQ,50,120,49,49,False,12.462567287191762,0.09409872006336169,0.15869361490016223,0.2577659833187872,0.4183296388663083,0.6372888570026055
AF4GIVSP5XNFHPDX2IOFMUQ3EAIQ,50,186,49,49,False,9.81161714169431,0.06680255845281986,0.12057828043973208,0.2146568006676643,0.36648675825065463,0.586356793247285
AF2TLLNCRHFF7QNWBFERALVO4B7Q,50,149,49,49,False,11.873681745130643,0.07445856695396186,0.13898917817935572,0.23282341694852857,0.38761912730522863,0.6153854519207609
AGSCLYM6ICDUYZPNL2EVMDECTYVA,50,122,49,49,False,12.639911345807986,0.09521069749820357,0.15187839971070446,0.24145475743359707,0.3870515001674694,0.6017027062379281
AG7GB4YT6G3ZDXENSCTMLVRMIN2A,50,106,49,49,False,11.435997724392667,0.0787265045883834,0.13930289968302412,0.2284753498751623,0.37565579563008406,0.5966108537719257
AGE4RTB36XFI6KKPR3G5AZMDDI3A,50,141,49,49,False,11.858419992270699,0.07205995752569123,0.12492038283115733,0.22362724669541556,0.37404063946740235,0.5948520953044247
AGWSEISP3NKF47Q2CG45DBOYURYA,50,450,49,49,False,13.295782580734555,0.08922585574396055,0.14888258627045728,0.24338428551692456,0.40235799642125286,0.6224921250471644
AEZIHPOKDE77G27VSJL3WA4EYPKQ,50,142,49,49,False,14.262422724274524,0.0764551988145164,0.1354311429369719,0.2264498157621429,0.37437836555347326,0.590660910443834
AHNUSETJLQ6B2XVIZ6K46HQ7LKDQ,50,103,48,49,True,11.921464456094187,0.09940777990733389,0.16592905210266695,0.2717017810200006,0.44499062515239546,0.6727772428198212
AGPIQK2GLZQLAF3BOENG2KHDXFVA,50,184,49,49,False,10.502423995641736,0.06641672374015882,0.12617159331758399,0.22831126872905158,0.38756720862887584,0.6063538223287769
AHX27EH23JDXSDH723OOHC2YDF3A,50,105,49,49,False,12.986382244315593,0.07925472240024219,0.14691078230590726,0.24512445358637305,0.3976689362979507,0.6149854276354096
AFTSNLQBX4R6BYTB337XHJIYS4SQ,50,230,45,49,True,12.567482758442086,0.09550918127070479,0.15717915266958188,0.2708871950020045,0.43279581689210417,0.6563531304461209
AH2EBJFQ2TGA23CPYUEFFK4YTANQ,50,261,47,49,True,11.971037169200944,0.08933826922995765,0.16350076356293897,0.2829337578382339,0.44625220494739787,0.6621008989080562
AF5A5PMCP3EPIOVGZSAJWNICC6UQ,50,180,47,49,True,13.261412870435434,0.09039210483256951,0.15561280816709155,0.26481040246337273,0.4227852839179916,0.6437452718755126
AEW353QPPVIJ25MBCZTQCQ5PS7AA,50,170,42,49,True,13.1226608742203,0.08258482645133386,0.1593298108883689,0.2864498546933705,0.4457253664192236,0.6730491064429961
AGRVLJUZPVWLC3AIHHTL4TLDL7IA,50,133,49,49,False,11.42237377395375,0.07402588518122351,0.13016518240323027,0.2258753629612102,0.3887921032141031,0.6103895645535669
AGYNSON76GT77CALAB2ZU5ZUVUSQ,50,172,49,49,False,10.942852378796827,0.07406542602744957,0.13269885717340946,0.23331418219888453,0.38885979688187233,0.611920564709725
AH7HTVJUXS4MUP3NSI3XCGE37Q2A,50,135,49,49,False,12.97535638448157,0.0642016631218851,0.12358321018110836,0.2150805181809749,0.36558591598553997,0.5930518501482042
AHJBJXPD5RRVYSGZ2KTEM6WLXGXQ,50,147,49,49,False,12.345199222778485,0.08084660964940349,0.14327866225709487,0.23485225698194998,0.38892993281824484,0.612427605952221
AG5AS6HFWYJ6SLDZEWGQE4NXF6AQ,50,136,49,49,False,13.95557353461565,0.09758492052233449,0.16063163762689386,0.25251136999820967,0.39975419963206676,0.6157906703726413
AEULI4P6SFINICJFXKCJVXWHC3NA,50,110,49,49,False,13.111882702703285,0.07485521439681353,0.13114111069700002,0.21989982019814475,0.36563950386234423,0.5892670069165324
AEM7ZR6X2YIN5CBPYQXQIEPTNYJA,50,113,49,49,False,11.550404042267578,0.08363644165379289,0.14119931075645908,0.23853564780918066,0.3906553383376037,0.6001424373235399
AH3CTKRANSNNRHTW7MSGCZG4LFXA,50,236,49,49,False,10.16096432772902,0.06294594387910257,0.12196953974066,0.22339087960829074,0.3802127117450522,0.6034319852963146
AE74R4MXEU5OZLFWTEMEOKFLHBHA,50,123,49,49,False,11.728814399327224,0.07107690613703632,0.13212632393962137,0.23481594370047734,0.39542081156590264,0.6241020711047806
AGHOTW5ZUB27GJG5FYONY4UA4W7A,50,205,49,49,False,13.803403951097636,0.07754171881472982,0.13360107418072067,0.2225412893086522,0.36854104415541017,0.5850903564578308
AH5KRM72WDRDNOETMZYTOWQGKWLA,50,150,49,49,False,12.471370756401077,0.08614993272605295,0.14285011907379344,0.24108612382269706,0.39670297360864837,0.62011559232303
AEOYWMLWQX43VA3EE4SZAZK4AOMA,50,189,49,49,False,12.360960857132003,0.09745095561678009,0.15779398016039567,0.2550737515580818,0.40479977818350216,0.6179074889062743
AHATA6X6MYTC3VNBFJ3WIYVK257A,50,417,48,49,True,13.20257964454742,0.1310705546896095,0.1982647112650791,0.30100576337199064,0.45701901062150335,0.6627615415191259
AHUBGR64B3GHNP33IYL4RW6YNIGQ,50,115,49,49,False,12.37052120503648,0.06888889658965393,0.13173845880878254,0.21893335514529455,0.3648528349311589,0.5880964829516098
AFP5VNL55CIHTDHYPHBIPBYP4EHA,50,156,49,49,False,11.72913098854024,0.06667790162382224,0.11912230988150584,0.21417921393165293,0.37328207914310313,0.6006493220671201
AEQ2P7WFOZXT2WM3WSFJPDWLXQAQ,50,345,49,49,False,12.639521197570533,0.08124364122448882,0.13673760385696473,0.23166709824452955,0.38914296780945096,0.6187036091841468
AEQKDH33QLWB7DAQYYFQQ3WJLFWQ,50,116,49,49,False,13.515738247870116,0.07461672768543944,0.12988262260284467,0.22734538062898776,0.3742261551310845,0.598141541015488
AFTG67UZREF6CWJB5JPVUKFFBD7A,50,156,49,49,False,12.208980509461272,0.08518739789025206,0.13398273787333367,0.22663702060487798,0.3768649547478317,0.5945917087272263
AGWFMLZCUT6NEPAJOIZKZN2ZOE2A,50,118,35,49,True,13.680427820288479,0.08868854033006814,0.1738203843872245,0.3048760520646828,0.4820553416490039,0.7336297063229468
AHNZSE3QYPIWIB537LY2Y74GBTCQ,50,132,49,49,False,10.621649698722024,0.07303931163401288,0.13133745389692214,0.23144735192435098,0.38800347962600085,0.6167375926223472
AHNX272ZGYILPMX4YYPWIWJSOATQ,50,104,49,49,False,11.896207111603648,0.07359550669400461,0.12940960529766662,0.2277712301046703,0.3704729311348562,0.5909088256225954
AGZYMSCZZ5SPWHX5AVWTP64TY7AA,50,380,49,49,False,12.891608208329624,0.06921386421440957,0.13090505533002839,0.2235308566851299,0.3827109622138847,0.6140442345550123
AEDDFVC2YXEZOQDIVJL5N2CQB4DA,50,154,49,49,False,12.401113358237192,0.08359021868041228,0.13786905245504213,0.2309120098020973,0.38149252072031953,0.6023320414343779
AEOK7C5TRDZG6XYAOH5LOR3V5ICA,50,116,49,49,False,11.37214992374156,0.0743807407189597,0.13314192559037205,0.23530353023409759,0.39608885345014627,0.6042604807146789
AHAR2ITQ3O2FJJDLIORAQ226KZHQ,50,151,49,49,False,11.818022881663687,0.07386825519718548,0.13620394562019347,0.2349583795522811,0.3830296319483933,0.6029958345219822
AFCVDGS5MKTBWYIAXTFX2QVL7VAA,50,115,49,49,False,14.389516664243258,0.10838019232367486,0.16141247773091805,0.256048036898305,0.4034382566009087,0.6238125427897732
AHEPSUTVYH4JWCYPJNRQYNWPCDDQ,50,146,49,49,False,13.245725182275978,0.07699126548142458,0.12964823288267613,0.22167396267710046,0.36803578478633237,0.5839923643188062
AGR4OEGODMLQE34H55CCYHCOS77A,50,102,49,49,False,11.772867639977736,0.07215013663114785,0.12722863561599085,0.22196067269672573,0.37889046411272204,0.5945352769632358
AGAVFN7CIWVLIDLJSMFNLJWNEDUQ,50,142,49,49,False,10.83385442333149,0.08780495957773338,0.15426345040733602,0.25945838479351524,0.4133793351297356,0.6182886936040415
AE7ZKGE2DPSHLHF32BT7ME7R563A,50,111,49,49,False,10.669748682792452,0.0746143148030826,0.13509291265683745,0.23599510272484395,0.39262530243849264,0.6086030791177419
AHIYDVWOJNUPCTAMT4RB43P473JA,50,107,49,49,False,12.090371037965003,0.07395753697731493,0.13750680345004812,0.23767030676926543,0.38678312641351725,0.6106501109084368
AGD63JV4YYGI34EXAFJHEHKTQYQA,50,118,49,49,False,10.538896996142096,0.08145946394174677,0.14470076548695904,0.2480454294478068,0.4056564777052808,0.6171303931336343
AE65YJ4S74KNCPHITVS2RGW6HZMA,50,106,49,49,False,11.372204248562198,0.06832505440084957,0.1290078578196458,0.22823465005528046,0.3861842275243916,0.6089563116485124
AGWBBHNEZXSET4S7T4Q7WC2AFY5Q,50,146,49,49,False,13.470192029255653,0.07637069242506817,0.13859049544361088,0.23811436987800605,0.39630140628608546,0.613387538896387
AG3PBRFNWNXXDVXAT67MRO7J3KYA,50,208,49,49,False,13.245008340089424,0.0920207750280832,0.1519573727276338,0.2508332158089129,0.40813542692311533,0.6274655623775118
AFN7GACKXTF3AWN6DOGFNLEOQ2OA,50,621,49,49,False,11.232288032020481,0.08720230469606756,0.14361771139048699,0.23970318289374662,0.3845166092921941,0.5959566315083271
AHY33GMV66E2L2OGPPLIZ3IDCUYA,50,179,49,49,False,12.38005840756498,0.0774531519666874,0.14154553130109004,0.23873055715731267,0.3892172750748394,0.6038710249988031
AHGDVTFSAAIENYAIAZWJG427I3EA,50,838,49,49,False,11.410414198502414,0.07928722500541102,0.13623201887016625,0.2315251115618307,0.3802365531862291,0.597850465987687
AG4Q6YXM5RL7XTQGDEETLNSXBBIA,50,187,41,49,True,12.985144875289134,0.08253739203097964,0.16258840819456263,0.28663479530128944,0.4708155580388424,0.7036898107181017
AH2IJABKXWIZIO2FYJXNFEXNRR6A,50,255,49,49,False,13.49579067015804,0.0809027521044396,0.13518782933523724,0.22339246236962554,0.3664677943323821,0.5781439363326173
AFWZ7MZXTZ4GG6AP2LLNEOTBDA7Q,50,107,49,49,False,12.007252347806702,0.0797440811433381,0.14485290377126178,0.2489856266904305,0.4075789379555923,0.6450564769313427
AHRMJPYIRMJZNMUCT2TEOTEYUICA,50,288,49,49,False,13.125434830049956,0.11781237740401326,0.19045479524398165,0.3002551423244515,0.45814143959658016,0.6613635295206921
AEGSMK2RONJ4PU4US54TRRMINDIA,50,168,49,49,False,12.473914195404191,0.07339138131535297,0.13179609296969347,0.23550869381158604,0.4023543863957302,0.6298979272301587
AGMGJENGFBLDLGUGIJXQ7V4NPVMQ,50,691,49,49,False,13.591646209042546,0.11160217405622043,0.16814792724289954,0.26108808696100294,0.4123278368624154,0.6257443912115406
AF7RCFT4WYCIWAMBXPWZFINYTFBQ,50,109,48,49,True,11.320453814044438,0.0750818322490176,0.14022900230980806,0.24145568158233444,0.4017321714359826,0.6300391161405231
AGXW4GMCZS36YKWXW6UNNQVIVPDQ,50,279,49,49,False,12.800511231741117,0.07862054977876806,0.13239522327641096,0.22230200165642502,0.3714133032674958,0.6018465558977071
AH5YBY5VBPNDMBGHVQYEMMQNPDEQ,50,193,49,49,False,11.266250510210039,0.06228086386595092,0.12102373451082553,0.21779662845986994,0.36962081851590894,0.5900075776291007
AGWDLG2MSBLD5247MVETEVYXK6WA,50,103,49,49,False,11.830316668050987,0.07157503527005746,0.13250078148425246,0.23692428738114124,0.39387778193836076,0.6122588599629402
AGDQR7EYHX5Z7Q6OCXXTGHQZV7EA,50,146,49,49,False,12.915058477747207,0.09309419746591543,0.15910086379346677,0.2623308426252905,0.41788875143928284,0.6334316670123544
AFLHPISWNLXE5TGFDGMJFMF2FO4Q,50,111,49,49,False,11.053789255944514,0.09545353883008165,0.1740755123880793,0.28757433904025004,0.4464971253200857,0.655969647614279
AHIG7XX4LPDHSXX7MCQYVSJWX4EQ,50,110,49,49,False,13.187272046804779,0.0763547906270861,0.13353787994885272,0.2231457887270833,0.37735115304553346,0.6027304964375203
AEGTLPNBZUJEA6BR4A3LXE52X5BQ,50,100,48,49,True,11.957250346924967,0.08911260991937205,0.15705888539812327,0.25888129266779253,0.4188304997307668,0.6394478232126607
AFFAHDCNLJ7E3HVOXDMB4HUMM7HA,50,332,49,49,False,12.324048782911492,0.08553465624638576,0.14637341548732521,0.2510943488061907,0.4138968444012588,0.6308434346976978
AE6G64ZJUAFLSNHPZSGGEEKYTFGQ,50,119,49,49,False,11.607320826260294,0.0710735671138697,0.13286330530666782,0.22805814212986233,0.3833104800979524,0.6063878574370282
AETK6AZH4AJT3UCNWYLAROX767XQ,50,137,49,49,False,12.668011649365223,0.0768833033816188,0.13640414036876605,0.23489366710936294,0.38914880158540455,0.6197327919634776
AFCO2ELGXSFDAUXFUT432DBP2V4Q,50,104,49,49,False,12.739462429069457,0.08322849618030558,0.14617830424670583,0.24824612753630382,0.40378823719533025,0.628285123419476
AETXNLY53XQIV7O5BADK6TKM3BRQ,50,146,49,49,False,12.732979118034946,0.10359532607910057,0.1650790428994506,0.2617634158348035,0.4177305825603106,0.6447617600362439
AFPM4D74WWLFUJC7UGYUBK5FY4KQ,50,278,49,49,False,12.056882866071259,0.08840963378429367,0.14088279078844987,0.23931518437738072,0.39183532607965904,0.6139630346806577
AG35UADO45DOVFVQMOZH6RXPZLMA,50,780,38,49,True,15.434936817658958,0.11436230885719141,0.21725740712806954,0.3613665351488465,0.539370847807389,0.7556918374976846
AGRQGAGROERFY6CCW4BODCENODQA,50,123,46,49,True,14.283690204608906,0.08738983563257734,0.15956869663395148,0.26958159624463446,0.42816301543999447,0.6449336838968621
AEDB6ZCMWZFJNB4GJ32XNQSJLGEQ,50,132,49,49,False,12.3699539066535,0.07652777704839869,0.1272222282037527,0.21714062142463883,0.3646814717639477,0.5873404798797319
AG5LRZ72HYVRRP43W2JMFC4SYP4A,50,148,49,49,False,13.385470061811008,0.08784605254738125,0.138494835207124,0.23569920998201171,0.37881148854296964,0.5980974309631876
AGQFCDF5RI4T2SSMDP6VIKZZ3WRA,50,110,47,49,True,13.086624175525966,0.07757523002249471,0.1510535468038788,0.25466839080257414,0.4085043263766411,0.6292124760068069
AFUU7IDCZCKYQN4XFG2NUS2SB4MQ,50,238,49,49,False,12.793634333546775,0.09028467067157969,0.14413909301318265,0.24043815225802145,0.39356331258247534,0.6199760882881462
AGDFISPKRXDRTJKVD7IC3YHV4DDQ,50,209,49,49,False,14.172955854098891,0.08227159365748245,0.15060897115662267,0.25252478862936056,0.4078287679272744,0.6254627515128885
AH2D3DFBV7M72TOCB36TKOOPCY7Q,50,126,49,49,False,12.177103278228646,0.08011077724459031,0.15480804709726742,0.27011488510359566,0.42677555646690246,0.6423939476365774
AH5EINB35PM6FR4BXP2PIIEYSQIA,50,106,49,49,False,10.418322642097289,0.08295358411784617,0.14381055253720718,0.24633887673946347,0.40413817115503975,0.6210168495412647
AFB5EMZ7KD3GDB2FX4JDT3KRS5GQ,50,165,48,49,True,12.576173298051158,0.09769967064232102,0.15943131621079315,0.26544690851177827,0.41545985465028995,0.6342511229239907
AERILPVOZA5OUHF3XWFWFB7EV6KQ,50,115,49,49,False,12.110007178710406,0.07310535875078145,0.13748816625208363,0.23943267886557174,0.40102819335079526,0.6262655168735534
AFEFFFWPK6A4NTSVTBW7Q7KSOFQA,50,411,49,49,False,13.264556519796235,0.08951842262369311,0.14096877806277916,0.23534491006552652,0.38728108495299357,0.6005941296818458
AFC3YIB2WZBWSVJ6I6QCIKE7DESA,50,104,49,49,False,12.815521606649083,0.08986124160164223,0.1583225802734738,0.2575705534002614,0.4130901276385944,0.6230444503242212
AECTRGMRKOGAYIV3YXX73CQEQCSQ,50,286,49,49,False,11.155906656866426,0.07698423459855538,0.13757223294126517,0.24746741233952504,0.4098126439543073,0.6317232607936791
AEWJY37OGM234E5CVFSXPM2MJYPQ,50,112,47,49,True,11.74311561989925,0.08455812002546033,0.14758731566234976,0.25889999384797313,0.4167403025079354,0.63085730461525
AG6GKCLBWFLRRC467G5VV56G7LRQ,50,117,49,49,False,12.729160125066791,0.08156879517608909,0.13591015502426604,0.22687594909055614,0.38012498925015686,0.6064505786895039
AHZAEFKBL4KUA5QSEAJRANLBKJJA,50,113,49,49,False,12.70189038938454,0.07829738203027271,0.13602436048865146,0.23728490554228437,0.3955921752599418,0.6183064454012599
AF6AHZOP3ARBRLR7M7BAFEYHMHDA,50,124,49,49,False,11.248410671273488,0.06406157858396587,0.12580894201858903,0.22034562375506292,0.3807912864884273,0.6082909705921958
AGGNRJ4XCEU5NKTGXONSYA5V64QQ,50,116,49,49,False,12.463623135444557,0.07913494735730454,0.1365710553801858,0.23472361337907627,0.3925500871716661,0.6142894665012101
AFB3LK6JUTBNOFKZN27PCGOUULFA,50,268,49,49,False,12.265770406154603,0.08934457911094236,0.15190479569277496,0.2493031234124724,0.3974163691226123,0.617125043543271
AGNXAQLRAWNX6EXBB2D4LITT2WZQ,50,239,49,49,False,13.622028805399612,0.07599049452681407,0.12989442613660707,0.22635184495801666,0.3774304498207471,0.5940511224069205
AGKQOGMY7SVDTMMSC7T7MM2KFB4A,50,118,49,49,False,12.61035501959867,0.06439037824149162,0.11669211538503872,0.2020807556994021,0.34675575058060526,0.5704021015912496
AFSPTSJ4WN3TXSMC52FRT3SD7WXQ,50,1287,49,49,False,12.955536544713528,0.0841628276394764,0.13787041168886535,0.23788473659610748,0.3959260620539707,0.612667570150791
AFTRM6DYEBLY6WCVATTSENTHPZJQ,50,161,49,49,False,11.369357668858619,0.07295535263711157,0.1422516563838069,0.24918315091694587,0.40639521112172944,0.6194998960998049
AF4UB2PGVLHK45WF7I6OED36OQDA,50,498,49,49,False,12.796790961874137,0.07671091510999167,0.13778357918904083,0.24229231965127404,0.4017837957187974,0.6322641780950536
AHZJXRSEQSJ5TKYWWINKEORIBYSA,50,100,49,49,False,12.637415810475094,0.09225488606615709,0.147446357016618,0.24110925236940858,0.3911404947133318,0.6074559368401747
AE3LFNXIKCQ2EU7IKXHEEZB4VHYQ,50,569,49,49,False,12.547786026367177,0.08040719371820697,0.14515576634884592,0.24733540435141668,0.39676194764660794,0.6168822108129256
AEKC7ZX3MTZLRSZMDQG7MGDAZTNQ,50,106,49,49,False,13.155412107386322,0.09079146130751904,0.14654834163616146,0.2339663211198881,0.3801648348186687,0.5993058800038606
AH4FRDTACKPAOGZSRJWE5O7BSA3Q,50,147,49,49,False,11.707731285255022,0.07683608857233942,0.13997148680036275,0.24331359025227392,0.39329084895473115,0.6159310089987325
AFZUMKCTS2HWDZ2P4HK4PS47MA5A,50,136,49,49,False,12.503887566327816,0.07729552497200173,0.13843039370697155,0.2298760124102312,0.3790205851513884,0.5962737684270517
AGODPCBFEQIVP5IXCBODQQHHDTUQ,50,155,49,49,False,13.148871692941515,0.07942668314257828,0.1341219589146383,0.22895094865357882,0.378551064536511,0.5985011001893935
AFZTFBCA2JGXFPHJYUOU33TJKP5Q,50,208,49,49,False,11.27379660069667,0.0905311483516723,0.17413277015106132,0.28183497954878756,0.43705812264962773,0.6594245926399954
AF6VJYLVYJCQIXUEIBSVKZGRUGVA,50,130,49,49,False,12.325715040386907,0.06424413740678629,0.11963578798749815,0.20959954582823048,0.35090967144564283,0.5729744297219638
AFAKTJSLYPNT723YXA7UODJDEMFQ,50,103,49,49,False,11.508164849091193,0.08426193784840884,0.14215509344009097,0.2460564585930314,0.3998703635086086,0.615408410856777
AF6EOOWDGXOGQSENWNYO4AQ77CUQ,50,446,48,49,True,12.653186910886841,0.09303886461212563,0.15373042619955773,0.2432629873081187,0.385879737955335,0.605214340492438
AEB2KGGJANOW27FHME4SJ3IIFGIA,50,266,49,49,False,11.584487933952722,0.08032486634019839,0.13985832665828596,0.23369380523650313,0.3811783430761846,0.5992220258050177
AGTWNYPUQHU7KPQHJQ74FJJWQA6A,50,168,43,49,True,13.35679113539275,0.09948134176146542,0.17185101582867626,0.2900416686886187,0.4564146898078818,0.6878952966861184
AF4FBX7TMLQVLJB45TOQ2EJTXVYA,50,139,49,49,False,13.496786592866973,0.10964310549613807,0.16808572609485228,0.2581652877619265,0.4079867078269007,0.6251310238514983
AFUWDOFADAGPN2ZIZKIS453IVBIQ,50,127,49,49,False,12.099975939138446,0.0807045860450292,0.14026987835350865,0.2378134352675443,0.39909288624186123,0.6153865251163441
AGNWFBNXATPJXGLZ24PZ42I47Q6A,50,288,49,49,False,11.439666065967751,0.06999377417571674,0.13188378452896857,0.22633266409264494,0.3819567122215624,0.6171021767279821
AFLQ6X2P5FJIO6BG25LEO5BY6NUQ,50,112,49,49,False,11.733494476652726,0.08449941240633405,0.1530656791772539,0.2519490260652098,0.40205810545263265,0.6179128826718092
AH7H7RBGD3CXY6TG2Y74FS5L5KTA,50,145,49,49,False,13.470169595280007,0.09244686856147447,0.1605346949456429,0.2586481363789862,0.41159907842492677,0.6243775501201682
AFXHGUZKJZEZZZEH5YAITJK3PHLA,50,109,49,49,False,11.411281746827306,0.07075261136100439,0.1330234400418948,0.2364270583550506,0.39219052209805183,0.613262616358726
AHW4XT6VZ5BJUSH7LMYWFWBLZ73Q,50,133,49,49,False,13.044934558641781,0.08840843176985208,0.1464053488745291,0.23649981576567936,0.38031278204579366,0.5977428101805513
AFE3KSBVH635IKGQVCPZIMGL6ROA,50,160,49,49,False,11.469888542548182,0.09193712135802402,0.15139890384301682,0.24362723831154026,0.39144460984792506,0.6053285285873762
AE4CGVZRXIAQDALP6UN3FMJF6NSA,50,129,49,49,False,12.00215249776287,0.07195891050300995,0.12298805951385276,0.22077968242752452,0.3707111224849442,0.5943162268825058
AFL7UIJ6DCL3LV2K6H2FTBVGDLDQ,50,250,49,49,False,13.304297135919594,0.08134913196659632,0.15215610297922477,0.24601889380365868,0.39605686148767094,0.6080380850035403
AGNBQTR2GWKJT5ZW6W4AUOP6P7SA,50,232,49,49,False,11.316849219340297,0.11221901779899682,0.18187659948622908,0.29158888864610777,0.45451440597602927,0.6741724985236658
AETXTXQ43FDWUAGFI6LGCHIQPULA,50,210,29,49,True,14.185004072555973,0.08646644745278613,0.16085973059789477,0.2998786218857627,0.5039972268717482,0.7759940357915034
AEIK5CF6YXQFSLAAHDXNGHNVKPRQ,50,131,49,49,False,12.94118335776068,0.08186966626215132,0.14701163446300888,0.24199664635716492,0.39095475106559036,0.6097235056526497
AGP2E6KQNCXVYNQM5E4WMWUTBU4Q,50,124,49,49,False,10.004111984819902,0.0656122204625906,0.12422584414728714,0.22665725129466727,0.37348187147992185,0.597500272880038
AHOCOXJ7KQ7QW6J6SZITGMFK5IHA,50,338,49,49,False,10.226834794985773,0.07615715923741859,0.14897930072714038,0.2616037721352229,0.42033142896661296,0.6347691983747695
AHEK757U7544PNGSDFCIKFN7NZDQ,50,435,49,49,False,11.656467736947725,0.07220233394045363,0.12467259110974167,0.22017381197859992,0.387109985295487,0.6091412846047488
AFAYWPUUPPOPNSJRJE55GJCVMEHQ,50,112,49,49,False,10.76498749199371,0.06587666316270693,0.12010494490942428,0.22033461256510048,0.3827200361198122,0.610778591245999
AH2SBB2BLWBT2UGU26STUBIODORA,50,425,49,49,False,13.012516099966174,0.06891613902102532,0.13191952269883928,0.22195719779700548,0.3744779005216808,0.595654948179639
AH3VK3QFSAVL6IEUH5JFUATC4Z5Q,50,126,49,49,False,11.613086914971735,0.0985990551942446,0.1659778495940366,0.27437169621937857,0.433842715616807,0.6459768996927253
AHSUULGJ3AVT2QRZSYMXPS74X5TQ,50,113,43,49,True,15.250270178590377,0.10446607817525332,0.19386876259013075,0.31125732034317866,0.4794373168411669,0.7023905147053997
AHJ2EQIOGKETX22VMNQA5OFEXGFQ,50,116,49,49,False,12.793465623559714,0.09064529067876437,0.1479495978464142,0.24695928382895838,0.3992920724543786,0.6193154112437168
AHKO56KDFQSMLU3ZSCOZ4SWB6A4Q,50,139,49,49,False,13.831020035870631,0.09504313286000915,0.14865754576838575,0.23529970218896018,0.380552025709448,0.6041504802636941
AG5O64JBMX5QU6JZJMV6A7JVA4FQ,50,193,49,49,False,12.252049776357758,0.07411729572434664,0.13070737859124523,0.2171516931231579,0.3650698382280879,0.5816614878018084
AGVU67A5T33P37BNRW2Y4UPOWYVQ,50,189,49,49,False,11.920909996654299,0.07218812298628068,0.13393315751946222,0.23356378046588658,0.3845456873716207,0.6114663115421426
AGQPPOLMA6U2DAA5I5SP3M4QJSFA,50,277,49,49,False,11.358328688877867,0.0780838088175824,0.13949259627290544,0.24081369242936118,0.39134384544643247,0.6016241638647817
AFXDUGHE725YBOVT6PQPGH4DJDBQ,50,102,48,49,True,11.912593740885626,0.08482360408570677,0.1564101553731167,0.2540725488812379,0.4057135923658374,0.6231514688810538
AGWBUG2EAT2MCTDE7UPQAT6RRNMA,50,114,46,49,True,12.54414991850822,0.10222681849826529,0.16483175663085095,0.2691978260831087,0.4355180838519644,0.6706375945674163
AHP7BUI4D45CYAPTKRACMKC2XXSA,50,148,41,49,True,15.22514689764742,0.09438933238930178,0.16869853623101935,0.28624533808048824,0.45800105224127874,0.69391153297627
AHFPHVUL2MZM4YYUYE2ZQOTRVV5A,50,171,49,49,False,11.573444311895077,0.08073329711321589,0.13712463166021846,0.23428176041906923,0.3947361568082032,0.6255940777164486
AEODZ5C7IADRBNGHW2UJ2GFX2YLA,50,132,49,49,False,13.031720562403246,0.07901591283351647,0.13437947739120862,0.23664430191320823,0.3874752437201355,0.6053324029693298
AGJNUMD3ZCOGO6FFB6NAVV3CYP5A,50,190,49,49,False,13.06282725096668,0.10406372704733538,0.1614819330861696,0.2631193623047422,0.42054136903536865,0.6349939526987965
AE4PDGC7A45A4KDP6EMY47BGECNA,50,147,49,49,False,13.32937733132162,0.06896788244548113,0.1269135185101322,0.22476038194405998,0.37499449705440513,0.5983611365357645
AFO6QRJE7PPMBY2P66V2FPKJUIEA,50,419,49,49,False,14.425681108765355,0.08859553295689421,0.16007158313834244,0.25331549670742054,0.4011715629596161,0.6253323846783277
AHLUM3IZPNZPLJEKYACUGH66YQLQ,50,172,49,49,False,10.758001868160445,0.06680747892778846,0.1286560283290083,0.23098340637165882,0.3912752705495564,0.6107913419232242
AEW5WKS7J5FAU5HYG6N7VXLTGWXQ,50,105,47,49,True,11.863594384650234,0.07761380375179472,0.13401137158728377,0.23109611737514793,0.3814376713823803,0.6039508831598942
AHBDTLNWRFQMXPI3OUKYMYBYLOJQ,50,177,49,49,False,12.426394106962414,0.07251449700463511,0.13206295326564976,0.2224240345411081,0.3697220227242652,0.5890865179833096
AGWPLX6PRQI76ME7NEH5CGCOW4FA,50,163,49,49,False,12.67688691942321,0.07121360162358338,0.12711105641547393,0.2189231476750739,0.3701953945186772,0.5886360981125022
AE2FWGSXDSXHVR2CBU2NZN4QVK6A,50,176,48,49,True,9.798917374640265,0.08008105095413492,0.13647069902702574,0.24039870675329236,0.3993895305633702,0.622490659993124
AEIGRLFPH5Z3EQ73Z23CJ3WX6R6A,50,746,49,49,False,11.675564603425187,0.06979397940197175,0.1263398538453598,0.22108934446763837,0.3747370996089069,0.6091258748551936
AE2GZYIHR7J5P2RXNBGICKOVK6LA,50,103,49,49,False,13.088466112965483,0.08896618361095888,0.15410248406350424,0.25551803307345156,0.4036985177125446,0.617271117034358
AEHXG2A4RYSV2XJUYWRJFI2NKJXQ,50,100,49,49,False,11.901920109112538,0.06926455024286718,0.13280917088732044,0.22809791087597261,0.38495033614851265,0.6073281850640105
AFH5HNVJKP7F6YKKZBP4ZRM7NTVQ,50,106,49,49,False,12.856577876265984,0.0645322422633471,0.11571871482630144,0.2047981922523558,0.3517830019387127,0.5766247186941489
AFN55664RRIV27YPQLPUG3YRWY4A,50,116,49,49,False,12.129847545636693,0.07380128883870134,0.13838368544818622,0.2342777230051843,0.3948983539435486,0.6275040347750994
AG5LC5HSFYGJSK3AQGHEFHKX6ZWQ,50,2739,43,49,True,13.601100342852108,0.11813799942290075,0.2008737340856934,0.32136673840994834,0.4945575896349933,0.7290110256813946
AFNE6MBW25IUAQ2QHVJD2HKCAU5A,50,146,49,49,False,12.172445624019897,0.09241697071574237,0.1474412484990902,0.24742794404056714,0.40340637604840635,0.6197254003321339
AHQFFVHDUPLKSLRFOCLRMHBSBDOQ,50,110,49,49,False,12.450317270727794,0.08960863893134866,0.1507069548992455,0.25188375267611374,0.4117299814896166,0.6417126476397775
AG7NM7QU4MXV6SMECCFOS63VGV4Q,50,152,49,49,False,11.000191894026472,0.060559036346868905,0.1167815732229356,0.21328841821704816,0.36215603088125736,0.5874761074061142
AF6SM2ESLD534XWS7P6PFSL257CA,50,620,48,49,True,12.334270440820454,0.10298823944441997,0.1789402793528967,0.28847566346755643,0.45689876512707145,0.6744761513250533
AGVM37ENJ7TA4BJ4LRWQKQPMH64Q,50,109,49,49,False,11.843109536795012,0.07739636661140754,0.14230045693824594,0.24581279372222473,0.404939132032311,0.6163797133605391
AFNUK4ZREIOXG2KKXC7QXB66YQUA,50,104,49,49,False,11.001899919083218,0.06927679503984807,0.12440951631101793,0.22202432668749056,0.3793297851978798,0.6040004932798295
AEUPV47K3MID5ZL4QXGIED3GRZIA,50,126,49,49,False,12.06702474496971,0.06642326712695525,0.12207920207927353,0.21270071442592542,0.3687388277377092,0.601528443082788
AHA3DNMQOCMQGOK6RYLBYFTW7OWA,50,103,49,49,False,10.87508555172115,0.06665961321004067,0.12377555186961947,0.2225345246730224,0.36870966776040126,0.5924676376279984
AEZFFXESKDJ7V2HSHIUWIJICOUEA,50,115,49,49,False,12.745967901526251,0.08577235267081511,0.14756277684772504,0.24107236601164045,0.39744386641418145,0.6232011851705116
AFWNPBOKTPX5C4TKH7S35X27ICSQ,50,107,49,49,False,13.673579547496786,0.08861572694004459,0.15104282141244513,0.2438027795969024,0.39626297461546944,0.6192427662988381
AH5DZ3X7JLNNTZU6QNP72JXJ5NQQ,50,292,45,49,True,13.24241998302618,0.10965039705795798,0.19252530588072622,0.31052373501594993,0.47816192176445127,0.6961588264522033
AGW5RTGKZVYINWJK7KO7JCL45QBA,50,147,48,49,True,12.126291901403047,0.08160842422720582,0.13761772052328916,0.23125972011716792,0.38672357155249887,0.6082376307428775
AHJVUQE36DK4XLBZPID5LBPC6BHA,50,445,44,49,True,15.389748892711047,0.11592175327226766,0.18309708458213497,0.28071799508947093,0.43518460968596334,0.6589217535139099
AGRPLHGW2CR6WWOHT5TOWXDGIZEQ,50,107,49,49,False,13.36568323536163,0.07448236701690553,0.13662762730564174,0.22586559829821604,0.3705896162825856,0.5867331403569048
AHRMBLWDL7YBLD2ESB4G7DHCYDVA,50,110,49,49,False,12.695385314861484,0.0831293303621794,0.14477621398347035,0.24669281984626873,0.3995982210259419,0.6225338334585423
AHEQLVKBTZMVBMFTEKGE4OT2AVMA,50,174,49,49,False,12.43701045010075,0.08113341285296213,0.13938958711102634,0.2428136300199919,0.39225565163508164,0.611650603890437
AHPYMAQYN5EIXUMUTE5BLQAV5N7A,50,116,49,49,False,11.956290909484279,0.07235043946484354,0.12321073166730523,0.21241001664182638,0.35699788236067265,0.5747300183641707
AHTPMTGKDKEHK2LICVISESYKFCSA,50,394,49,49,False,10.90672715880626,0.06482159253062006,0.12225943191300065,0.21313041487575812,0.365093012576478,0.5843210935348188
AEA4I6B4EUGTHM2PEZYDRNXONDIA,50,108,49,49,False,13.413037209361587,0.07675584797250694,0.13942793874960963,0.23579450583609984,0.388989296432638,0.6045469532345393
AHDMZFFHHHXJBFMS66QIGO2ZJPDQ,50,125,49,49,False,11.558743725426337,0.0761887297616804,0.13868002385744183,0.23699922719719393,0.3884846123008364,0.6049999574811676
AGXXNB2FXMNKOLZYPDC2NS3K7G5A,50,189,49,49,False,12.842046324393651,0.08229202409003346,0.1451552779077028,0.24888841385648194,0.4106852126859313,0.6293445330844464
AETGGEJL7732J4VMO6KOTNIO5I3Q,50,291,49,49,False,11.974064863074297,0.0812967665425543,0.1380229339622997,0.23938477585015197,0.3945514982133333,0.613402015315574
AH4FH5YNNEBXKGQAXBWD5GZS6SDA,50,279,49,49,False,12.956807892141175,0.08450902621360562,0.15163039568792594,0.24959648441565033,0.40650580350977605,0.632303457394829
AHOEMVRSDDBHFUNOSI7RWHACVQHQ,50,128,49,49,False,12.090045760932883,0.07990095360255997,0.13329123048007485,0.22283853848607216,0.36529714380941125,0.584383702182523
AEJUZT6ZKPG4ATV7G4D3LNC624XQ,50,106,49,49,False,12.475855198203439,0.07610502988839005,0.1303781107126217,0.22886028182588303,0.3870698637864278,0.61989837220775
AGOM7QIEFGNDQDZMPLWD4434XIQA,50,110,47,49,True,16.527797635709693,0.11964684058961897,0.19511736519037323,0.30069873809846054,0.4417562073758382,0.6467346282465567
AGATU6QOCPNIZ3BFMXICJCKNGN2A,50,100,49,49,False,12.25909961117492,0.10369811026089802,0.1621034036629155,0.26629361846709987,0.42538946327311145,0.6389203624284199
AFDZHTMGWZDKNTVB6AHPKGKJUGKA,50,189,49,49,False,12.997419391913038,0.10734077446262362,0.17011914593762487,0.2661037685277218,0.4296011903542017,0.6506005391928507
AGGX26SORBXKQVLFRKND7XCIVTGA,50,242,49,49,False,13.018938500267945,0.08387408930807552,0.1397527380906532,0.22889029845709813,0.3803435889095949,0.6028327434997156
AHZGQXTGR3WB6CQR3PP2TB2YPTUA_2,50,2498,49,49,False,12.789194903952694,0.07742138096944562,0.1366863519351152,0.2309323190253356,0.3818663438268368,0.600845085464358
AF4T5RPWJXJS6P72SODZ7LJEQUXA,50,104,49,49,False,12.689227391622591,0.07435602813062463,0.14097171411688336,0.24672323607977248,0.4039343586564001,0.6227600709971719
AEIIRIHLIYKQGI7ZOCIJTRDF5NPQ_2_2_1,50,534,48,49,True,13.620149966747617,0.13346894389286645,0.1948564835205057,0.30220421699116556,0.4555934809197681,0.6602008049171892
AE47KV6GYAL37KXMPJNXFLVIHJPA,50,122,49,49,False,13.837755385913589,0.100621899169932,0.1539879933345928,0.24923730264731747,0.3960450519922617,0.6145828848394316
AEQHM6Y3TY5VYFG6SHGGXUA4XWCA,50,104,49,49,False,12.664907074200986,0.06364973222573697,0.11871210482959445,0.20982269495839675,0.3521260080433004,0.5745353929642321
AF4MOVQNF3RJNHPA5KU3OWOOZIFA,50,134,49,49,False,13.121451686014835,0.06106836860698659,0.11320368492117909,0.20298840761943904,0.35054949470304125,0.5676384989912542
AHWS6KEYMVXJ2QBO7XVMWYTEO2GA,50,155,49,49,False,10.18285520575463,0.07191742276415881,0.1337286112054957,0.2340794512148895,0.38910280754242355,0.6140223473917433
AGJDDGXMJFWUVAPWYWT6452FFQSA,50,236,49,49,False,12.939639979581404,0.09724939466874685,0.1550060117350085,0.25458773611618446,0.4095002107940023,0.6290942967541441
AEZ4UQPUCMYPEXDR3BCTZ22Z2M7Q,50,111,49,49,False,13.285926724725238,0.08550633074404092,0.13990714342060134,0.23353739340325597,0.37531133848694426,0.5881381912207536
AHMFFGPZCVEFM4KLP6VQHMMCQE5Q,50,148,49,49,False,11.706991655539504,0.08255448488270503,0.13811115297716345,0.23725270816319477,0.39887166974574534,0.6291706913846735
AHVYEGMH66T7GGYPUNFLF5YKWP4Q,50,106,9,49,True,20.23739083514265,0.21854428378565394,0.3616484789732609,0.5910887947738335,0.9390171035398881,1.0000000000000002
AGOUDHOTOEHTBZKBSZJOBRSFBD3A,50,153,49,49,False,12.120890426937303,0.06603559184727632,0.1250413536280322,0.22272465998951246,0.37529345169978945,0.5963493988109233
AGHYDPVLKBYDXTPJQCLDQLESK7LQ,50,103,49,49,False,11.609504487006305,0.07384752478402488,0.12713129725421973,0.2232805794929793,0.3761155662550934,0.6030525646342599
AFTAXGFUHVRCHPOVABUAO25E7XUA,50,659,49,49,False,12.573724089711273,0.08506781677922282,0.15417395890006622,0.2577085757158828,0.41018116386533376,0.6324194613191985
AG2XHVLDSJXRCWTFNXKHL7B5KS3A,50,223,49,49,False,10.718452659724099,0.08957074380467057,0.155390574783121,0.25850053222148,0.4114968114299429,0.636103137914525
AF4H52NRG5JIOPRLIYOED4JZEQMA,50,133,49,49,False,12.846696875157901,0.07721997557700205,0.1460710204525766,0.2430676494523891,0.3986166985617331,0.6252212634866617
AEHR5NMNP5YWBOAEZVPJSA7BMBQQ,50,303,49,49,False,12.991885737504937,0.10336768633497716,0.1695145387262273,0.26792459876257607,0.4248456072665035,0.6384463179556366
AEIVZRSUIO26HLONNJVEEYPRYCNA,50,179,49,49,False,12.307994880971021,0.07094732951948711,0.13560514426921513,0.23347090508726193,0.38217449645240026,0.5986510981083445
AGHH6TIHULUOEPCFC2UXZCWKZT4Q,50,176,49,49,False,11.395656442060092,0.07654550830256389,0.14363477399323785,0.23791772723853283,0.38590571802748425,0.6111365258484501
AEWUWP5UWPZOU4HXYJBYMTIDN2XA,50,108,49,49,False,12.300031748362283,0.07516135140232906,0.12864239303657057,0.22859646447240672,0.38406012650863597,0.6012529377146008
AH2IB5VEDFNG2HMMS3WYXO4JYZMQ,50,284,49,49,False,13.17541236609786,0.07575915221384869,0.13050627832201714,0.22368811644354214,0.370850103408557,0.5965523443361278
AHEJIQT7RQLPD6YSWNECMR2ONLAQ,50,227,49,49,False,12.684792026541395,0.08706829404260134,0.14541880649354744,0.2468597383611328,0.3940574995203788,0.6172414823414568
AFH7RVQUMZVDTAOF7P62ZUL5BAVQ,50,105,49,49,False,12.622489290875828,0.07869643871730186,0.13434426365448238,0.2305486175937575,0.3938500187964563,0.6300070713552909
AFERCDY2EFJKT7QUQ75GISNHTFOQ,50,204,49,49,False,12.504645513707723,0.07148886261635033,0.12890596240072805,0.22693818302689847,0.3791866251001238,0.601400740893911
AH2DN3Q2OKAW7JAFRIYPHOUOM2ZQ,50,466,49,49,False,11.594007205398603,0.09262365329357572,0.14877655067234655,0.24861561239798605,0.409522600647504,0.6328046062746273
AF6PYKOUHORFC3TLKFYFD33N4BFA,50,362,49,49,False,11.591594565478363,0.0802074142921094,0.13810499887294483,0.2392609474610877,0.3934802800602809,0.61357079787443
AHG5OUYNZPXAKJULNIA667MM5SJA,50,263,49,49,False,12.308016028853718,0.07211343877531086,0.13896240552908978,0.22771800368601886,0.38009753810171193,0.6015845121052691
AFZH725RZ23IXX5TA44V5NEM7HEQ,50,116,49,49,False,13.368837168780859,0.06997439754963534,0.12853526719901084,0.22510502474886024,0.38316157868305,0.6062825495703756
AHOBH5YUOKWV6LVGXXGFQAMMXPZA,50,117,49,49,False,12.934080836974871,0.07474196113794794,0.1277901225646865,0.22034938109718272,0.3674396145155684,0.5924523246911328
AE4YA7ZSIYTFM2JSMNXZMBJ4A2VA,50,187,49,49,False,11.902301066884203,0.06410924845762525,0.1223046474122227,0.21691477741455792,0.3732407175237863,0.6027999006581076
AHAZFJIG2P27OH4KLTR2SMWMKW6Q,50,186,49,49,False,12.035117243075032,0.08188923837592123,0.1355290820631728,0.23012275679091834,0.3755847602480352,0.5983500665334505
AELDZFZBYIQM2S7GTSUJYQFB4LRA,50,118,49,49,False,13.724431590325349,0.09603345695805057,0.15956071734897928,0.259264374334539,0.4148148382162166,0.6378912627467771
AHORWDUASCJWOSOEZPQHAF7I6OFQ,50,107,36,49,True,14.03352175763861,0.1130330438278366,0.20024660659528953,0.3311773797977339,0.532197573470698,0.7725731857256545
AE75H4JVORAPLLQO3MAC3FRN4MAA,50,148,49,49,False,11.557981444015304,0.07345188049716948,0.13937821320323418,0.23686249703884088,0.38730318558294413,0.6151098389343328
AHBQYAFF3P7663IHYQ7KCE75NQBA,50,326,49,49,False,12.38618936563817,0.06754263280302546,0.12655188741885104,0.2161821018804512,0.36430020941685737,0.5980003972923548
AE6F3WJIUZRLTBQIA2M4X3LERYJA,50,146,49,49,False,11.356372102472191,0.06752208760722966,0.13235482976631874,0.23035184505412948,0.3851406827581465,0.6006225522735198
AG7ZCPDIT7UCFJYYA23SOBDVJQUA,50,196,49,49,False,9.427892129164057,0.07379422997023957,0.13865256757429129,0.24091007906614056,0.40992087471782085,0.647723377871096
AGKPBR7KJ5LDE42K7QB3UX3SIGFQ,50,136,49,49,False,13.470585839157478,0.07849219339647805,0.14908075869213136,0.2464257050340209,0.3990983228009222,0.625287187235635
AFNQHTOCHFLU75HS34DIMKZB4EXA,50,451,49,49,False,11.861759398611982,0.07403930625279403,0.13199265686611328,0.23275243375367619,0.38388332023416943,0.6047801782292505
AF7AJKISXNRQBAZKQPSXNAZ22QEA,50,200,49,49,False,12.913526081698004,0.07720831714217341,0.14909897679236409,0.25885116342683323,0.416921217479153,0.631896406457388
AF6QHJSY6N5MMHTC5L26QOTX6K3Q,50,699,49,49,False,13.334767888387509,0.07569603190916045,0.12706659481590526,0.22273429138261547,0.37082239607521245,0.5880570854520962
AGZGO6YVZFF6X2FSR32KREOKDWSQ,50,109,45,49,True,12.843610448910418,0.09103057709387949,0.17190267478918628,0.2790019715858288,0.43115753687505787,0.6467204023303389
AESVJJ7VSHXGXUARIQSRC5UM3XVA,50,138,42,49,True,14.360553562400552,0.10207262921756066,0.16886808268231762,0.2700195075664684,0.44060920080981825,0.6749249537752252
AFKJM6BMDOHCOTAR7MV3BJIEGHUQ,50,100,49,49,False,13.13000729824357,0.07982159833498295,0.13360043890848156,0.22772286743846176,0.3766633233018629,0.5947148112447442
AF2ADBMCXOYFWR4FENJGSO5NBRBQ,50,184,45,49,True,12.967095385499771,0.08978777312791658,0.14760189344711083,0.24858370260133406,0.41514909545348505,0.6487870125458663
AFCBVSLZEW3N4WTHKN7YCQA7DHSA,50,145,47,49,True,10.715257570159526,0.08176433144965323,0.13834680142954034,0.23941758083199746,0.4041632773244029,0.6345895937802756
AG773IIH5JWYUNOQQVNEXQGDRN4Q,50,793,49,49,False,12.479691736691935,0.0826633471560656,0.14244604461142926,0.23207126682536064,0.38467241096299687,0.6033729179497869
AEFKVSX3H7JBJ3AMZXSSRTL5ZKUA,50,309,49,49,False,12.781606393166054,0.08858458426317,0.145678004220546,0.24467140605960747,0.3955067563102582,0.6087464732555087
AGGQPSSYKEUIDKQK5CJSZHWVU7CQ,50,323,49,49,False,9.52960439311772,0.06573437944389406,0.12758169559255594,0.23238993829840468,0.39262438817540785,0.6132411115421148
AGAVE3RJU2Q3N3WVKPORQ2PYU26A,50,392,49,49,False,14.147284244530129,0.08729615979950905,0.14357591105830894,0.23776355520741918,0.3886503148491322,0.6026303220604592
AEAJULF3WV5PN2GEMOXE4442ER7Q,50,132,49,49,False,12.691664897262802,0.06717588093734113,0.1270242560198381,0.21883501747900183,0.3682764169770336,0.5844497344169873
AGCTK2Z2ND3YCNM4ZCOI6CSEYSIQ,50,197,49,49,False,12.331984019633442,0.09192880968415315,0.15511827341419637,0.25421115505556396,0.4178212202764151,0.6392373657318358
AHZOZPN2EH354LPYYEVTKBQ6DOZQ,50,104,49,49,False,12.146511605443079,0.08983167365723123,0.14523529707199273,0.23881945806617838,0.3936310848828465,0.6137059957098793
AF4DEGIQ6C7TB4CHIWRXZACZOH5Q,50,524,49,49,False,11.711177969214232,0.0754858163411756,0.13983074889774297,0.251144987534717,0.4106575414798099,0.6384277356947602
AGNFGBZW7HNYC5LDKBV34LQZ2YBA,50,118,49,49,False,13.377274048094412,0.06576969986100825,0.1175941519822442,0.20580177596241275,0.3475615740498457,0.5623693777692809
AGZANVLLZFFMIRWCE4VTLEFK2ICA,50,164,49,49,False,10.769273385249253,0.07302341567681928,0.1391690704378678,0.2484897792162952,0.4180383182546154,0.6358070035051082
AGYWMGGQ32YMT5CZIFHLE7VLUT3A,50,207,49,49,False,13.082979230470297,0.06819513990283242,0.11964248145842889,0.20969471973506265,0.360356930508731,0.5807594728937152
AGUZIRNJXRWDW42Y6CFVVYV3XLDA,50,154,49,49,False,14.173229954269779,0.07597136608095201,0.12389838383060386,0.2118937194226228,0.35585843769480024,0.5765543102471224
AE23NZUELB4BYWLHKWJXAS73PTSQ,50,504,49,49,False,11.726785021320694,0.0590143019329646,0.11105933229502522,0.20603842021472918,0.36335278404125376,0.5949754114080638
AGADEX5O4F3Q4BLG3VYHHKRARSDQ,50,103,49,49,False,13.0184100197991,0.08268397607654003,0.14324932098656812,0.23845140403537346,0.3885610543553652,0.6049326521567416
AFE54MELB5IGFUYBSOBGJOSOMEPA,50,846,49,49,False,12.101178847922741,0.07075487254399887,0.13088018740190235,0.22679998011992591,0.3830209013856956,0.6081815473876631
AEPEDW5FBBJ2XYR2BIJAKUPHCMHA,50,109,49,49,False,12.633055385933101,0.062104666733100874,0.1173723672576988,0.21605264331554555,0.36443871041354836,0.5862174360699105
AFEFHGLDYMHLUOZMAKMO63OQ4O4A,50,104,49,49,False,13.39597379195556,0.09163013104039965,0.1421973621210743,0.23514105021617,0.39139017051825503,0.6127503126743453
AED4A5D3XDKTGB566GFP7YQLSHBQ,50,492,49,49,False,12.668571874784407,0.0762471914801551,0.12900316741218493,0.22656944308912924,0.38005523183069695,0.6058059380908198
AHXPKRXEH44KPUX3ZJHDEOCXWOUQ,50,176,49,49,False,11.942061971680815,0.07871508595810985,0.13171304578182313,0.2308424760183487,0.38524185605442685,0.6136920977355063
AGFKTUCTFTGMXB7XVHYABSMUAW6A,50,265,49,49,False,16.085424228712082,0.11657724900320693,0.19331044911814566,0.2952567015061432,0.4464106913434751,0.6522584569537887
AGKWOIPX6ZNZULSMNYW6DTWFSG7Q,50,100,49,49,False,12.60553957194501,0.08383700438964597,0.14365606954772758,0.23528142079662567,0.3822271340310996,0.5979021521677644
AEXCRWZRJLGRZPCVD3YGA5QMMVKQ,50,156,49,49,False,12.724198406658067,0.08004806936220689,0.14258398974558997,0.24301874220838052,0.3986912211262589,0.6276399450209601
AGSFT5XKVSEWQ45E54ANFELLSLFQ,50,124,49,49,False,12.248458205368262,0.08424001550246675,0.14691584740708832,0.2553089458062992,0.41554378650160734,0.6363330378227621
AECTZ66656CDAFHMJI3PIJVIN3UQ,50,112,49,49,False,12.968275691783163,0.08569399263095108,0.14088992299964587,0.23516041654819983,0.3908249815509602,0.6119922593492755
AHI7A36FSQATGRO2CDS6VNSVC4DA,50,128,49,49,False,11.68938962108166,0.07866813460076436,0.15320413401114652,0.2537940559746832,0.4093707608880968,0.6270843216672284
AEJULOIIS2FOHJKRJK5JLXZDWFOA,50,133,49,49,False,11.552555301701295,0.07997646995305897,0.13934531013237964,0.2372460315139462,0.3925627961254237,0.6161850886751052
AF3YCUIIEWLKFZUPK75OBCSMB3QQ,50,186,49,49,False,11.881628986014464,0.06331200437765679,0.12297035493403971,0.2208529607282908,0.3652846398134001,0.5848561794527642
AHK6NZZMLGYC7CJCD377RS5ZO7RA,50,161,49,49,False,12.029182897728871,0.11630810628155865,0.19096732419967088,0.30241291578613,0.4555244755518388,0.6647927913202958
AFBR5VDMITJI24U5KZRYEPET3TJQ,50,430,49,49,False,12.804844081796,0.08615900451861552,0.1418077938950878,0.23766890727913004,0.38890169407806546,0.6014017177708201
AEIFL3J3AO7DLHEUWOXRLYHM7FSA,50,104,49,49,False,12.415506925364049,0.07196303091212078,0.13928502167756512,0.2359500581207483,0.3816085117715819,0.5949452165168165
AHCHV7T4WWVWJNFINVG57LX5J4GA,50,124,47,49,True,12.150085542115692,0.08252346645986805,0.13555796198743394,0.23100124987946027,0.3854851953689082,0.6107724291880124
AGTPYYIF2KZYACAGPMFRIBTACMSQ,50,100,49,49,False,13.709500081434106,0.08588876867104224,0.15003780553760035,0.23824407540550852,0.3867151557933353,0.6073421850812355
AGPGG7WGGS5HXQ6L6SMPXADKKOCA,50,174,49,49,False,12.161998521024165,0.08265210551262514,0.14055281181793122,0.23633339171359757,0.39099968623567827,0.6127145212566717
AHCHHNVEFWLHKTCCPALFK4JE32AA,50,137,49,49,False,12.555025281236386,0.0754810851844951,0.1403492326440318,0.2444044559188556,0.3964165011405507,0.6318902350971684
AEGFD2YDVUT5DPJLMPJIA5IA7NWA,50,291,48,49,True,13.878848597647632,0.07605178436201553,0.1440567538790472,0.24234307701821658,0.3974385281980556,0.6225360657661719
AE3NBHX3ODICQE5ITCUEA7LGWYTQ,50,116,49,49,False,11.769983906877862,0.06598797784475455,0.12092535753225354,0.2156754361666985,0.36434893234822213,0.5934725550859232
AENEYRNRPZ3TULDMG67JW5V5KFPA,50,155,49,49,False,11.92879590227951,0.06272256383867147,0.12489106402352526,0.2228524439640238,0.3691830726731163,0.5901479981399176
AHECWYK63MH2VFO4EAJATI37O2XQ,50,116,49,49,False,12.161789134583135,0.06943763905641256,0.13024527060808247,0.22330373537670617,0.37305796746282444,0.5914897706332349
AFQXUO3G3P563OKXL5C27GBJT4AQ,50,208,49,49,False,10.970201249185768,0.06967169687587534,0.12800094900705553,0.2318597330722541,0.3901472376817159,0.6169343759100291
AGULCZYDH3AYLJNW4UYR4SW4EHQQ,50,119,49,49,False,12.697038327306396,0.07972247170660055,0.14042210873240593,0.23403167614786355,0.3834364934705218,0.608444751596548
AF7ONCCYEZYUVOL3GHBGUNXRISOA,50,252,49,49,False,13.942568032064571,0.0893212535282531,0.15269789109889234,0.2460362195990495,0.39458358167138985,0.6049452565434277
AECF2YX7HBNFG7GE4SDPVTLHGI3A,50,105,49,49,False,12.022789160345058,0.08419292149278951,0.14225433032303536,0.24235219505669528,0.3939389482704468,0.6169593291863618
AHC4UURWTZDM66EK3QASG2PNSFPQ,50,228,49,49,False,12.547868786044662,0.08280949807598535,0.1541294471278858,0.25989971471612183,0.4176791273510003,0.6305139103186282
AENEVJH3U3MYSPDNE6VBEQCW2V4Q,50,507,49,49,False,11.73924922381193,0.06212581701653967,0.12091664170684152,0.2177634656690087,0.36454405891844566,0.5868381625728835
AEERPQ3ERAHDP44DLQDHLZ3G53MQ,50,107,49,49,False,12.061129011073781,0.07178285798541634,0.12916539709115302,0.22073451378466677,0.3734510593347598,0.5985799972169418
AFNWEYQ6IYHI6PXIDURCBE62P2BA,50,422,49,49,False,13.261003396917717,0.0820613595648371,0.1407056371270294,0.24300971927624404,0.4011152822385476,0.6314799747890005
AGABRCVDMJACNEUZQF3K5N6ASOTA,50,228,49,49,False,11.729392006322517,0.06735664263024593,0.12333761599253887,0.21626028368753758,0.3620680741955421,0.5767984883820798
AE3JHU5FFAHLLPFIDRTNY2ZTWNWQ,50,108,49,49,False,12.139406024255699,0.0883261880232409,0.1453414004466046,0.24263527302725893,0.4066798377367645,0.6263879295015878
AHBPSOB5C4LMAVHKXXYZHKWQHHKQ,50,119,49,49,False,12.444161141830522,0.07799402997927206,0.13472940096850788,0.2294359796299629,0.3729013929409615,0.587024545742318
AHXLT4YARSNUWKQTJSB2PMFGGCNQ,50,117,49,49,False,12.371528942923222,0.06654900620275274,0.12633049394673146,0.22391100488085064,0.3697974750192851,0.587076232640198
AG23JMWXXL26P4BXUKDALHP5MKWA,50,121,49,49,False,11.360717283737673,0.06281190247275448,0.11610921014713362,0.2125499312171251,0.3665339995749064,0.5916183489113346
AHR7J6ECPZ3Z6S5BOBLPIBN42UMQ,50,151,49,49,False,13.270750768963758,0.09021249153362984,0.14928356826689274,0.24772902886900372,0.402310937817761,0.6176144893709115
AFVVHXC46GES3HXVII6FWLQ6X7TA,50,520,49,49,False,12.072051200886976,0.0706152885466652,0.1274510004644347,0.2293059610448273,0.38793570700999186,0.6134269541068006
AGYGR6FRSQWRJGITKQU6K5BWV2QA,50,107,49,49,False,14.360850253927063,0.09468006905441921,0.14527891655971592,0.2380171180171171,0.37809416988579053,0.5970038129542783
AH645HV55R4NRLSSGUMWHGIZQ7MQ,50,126,49,49,False,12.40928699091866,0.08678840548659945,0.1429616199909144,0.24229513820538937,0.3925436011874665,0.6143052296412194
AFUPZ42DV2WKMF3SC2EKD2ZLD65A,50,142,49,49,False,13.380991416365696,0.0824853417261033,0.1356422724248934,0.2264459486203311,0.36928340295769896,0.5852463079261712
AFNHSZFT2L4XI2SBCC4RKRNY3HRQ,50,145,49,49,False,13.413693455495528,0.09475935712299663,0.16146643966619267,0.2643768769497606,0.4148546277931939,0.6425412009680814
AE2APNKX4UAEBYWYZWY5ZADN32KQ,50,325,49,49,False,11.746431324848158,0.06851928215907575,0.1230434958459131,0.21653560285063825,0.3696558787498225,0.5921282601051828
AFQDKSGTHRRSVFHQXGLW54EECG3Q,50,129,49,49,False,11.382212915215764,0.07990992860324966,0.1468570301897322,0.2526493319114411,0.4143273294689167,0.6357008972467192
AH3LF4DX4URFGTAFHSJ3HGZTDM2Q,50,101,49,49,False,12.227756161059325,0.06757693383877696,0.12139390294934513,0.21420812035891684,0.3709891925978716,0.6041606916528517
AHCA3FF2KQI7SRT32XBZCNHFEHOQ,50,251,42,49,True,14.831644717443007,0.11629923923301073,0.21207709053886042,0.33093807561396144,0.5240449273667775,0.7724997892885599
AHH53Q3XLBEEPK36DLJ5UDEVZM5Q,50,244,49,49,False,13.234176123531459,0.07525928913228348,0.1297948779176052,0.22696127998340265,0.3848286522752451,0.6143569791705175
AEXABEL7SJQJOJLVQN6TTURYUYVQ,50,141,49,49,False,12.424941685880299,0.08467948872663375,0.14278915683160812,0.2355037766168962,0.38461090759834926,0.6088781632651643
AED3HJLTUSJQBBK6H6726ARBBH6Q,50,436,49,49,False,13.59047849208138,0.10468803811354452,0.17153353966331086,0.27883866479643954,0.44124662450932334,0.6616405513352233
AHKJXKGW6B75J5WGY7H2IC2GTQWA,50,122,46,49,True,13.539645470503745,0.07683364325761226,0.13642013546414808,0.2381810604502627,0.392752789678828,0.6184196521561343
AGZIBDQ3D7BRKY7DVKB76XTWV52A,50,368,47,49,True,14.83301435667848,0.09005481217170791,0.15769172986517713,0.2518806263528734,0.4053201394002078,0.6266580619083172
AG2ALPFAOZDJ55V4WDSRTQR4GLWQ,50,175,49,49,False,12.1729534711268,0.11119174899090387,0.17992173027016195,0.2869920918372684,0.4470751481348486,0.662356155218012
AGUKR7YSLH7M3MNLWSCBRHKITO2Q,50,230,49,49,False,12.523289350634382,0.0852111230302917,0.14438846433866967,0.2372397948482981,0.3972957610108086,0.6155084550672789
AFLLWVXPGCSBHCVVTEU4Y3B2GYQQ,50,304,49,49,False,12.60283749199829,0.10436258991912697,0.1567492583366863,0.25207510356623614,0.4093673205984719,0.634610858213392
AF2KDD3AVW54DIIRKQ5VA3APSPVQ,50,105,45,49,True,11.518231131243251,0.0755745712812115,0.14347224738257547,0.25372563713346363,0.4130971425228891,0.6350118067548505
AFH6N5LK3FTDXNGDCZTIFLRWRNSA,50,512,49,49,False,11.967223102514087,0.07897389976252142,0.14205461123743182,0.2436811424426878,0.39559807359821725,0.6129495247630052
AF6ZBUE3EUJZSDTG3QJSNMKG5PVA,50,108,49,49,False,13.497874161211584,0.08271406054075187,0.14551949539499553,0.24307669600199452,0.3938305561100857,0.6125863959080838
AEPBTWL72RD6XOTW3HFIACUBIPSQ,50,108,49,49,False,12.325053143309983,0.07367185028924957,0.13753258008121408,0.2274265813390702,0.3784104427257084,0.5992204216274023
AF6NN2CFGWRW7LXNM2SDWLA5TUDQ,50,110,49,49,False,11.14404077376324,0.06995496190307876,0.1350537081570763,0.2255617574978146,0.3742450419565769,0.5933314505730087
AFRY3KL45NKPPE4WDGWARUKBI54Q,50,144,49,49,False,12.391606829170188,0.07149731326594397,0.13128381960508267,0.2304714755818845,0.389984304931845,0.6092717207460061
AEYKTZXAWOPJG5MGGMKBLRJR6Q3A_1,50,101,49,49,False,13.552666725589361,0.08334911392529636,0.14908040502532713,0.24316158854955366,0.3928656864458854,0.6136257506553302
AGRR2SWMCD33X27M7Q6NV2VEKGZA,50,112,49,49,False,11.74006778780316,0.07930515757682187,0.14301919645059932,0.23897398983872303,0.3884361245080959,0.596599029957385
AEJ4BITCXXWZ6QUS6ORMHAKUS3XQ,50,113,49,49,False,13.33000001845282,0.07751825762446543,0.1388108783002077,0.2320751577392778,0.3870508473690546,0.6160514545991214
AFUQBLHWSNJSWDEXPNYV36DODBXQ,50,347,49,49,False,12.12587223315046,0.06758882140544498,0.13211263610632484,0.2297550150054102,0.39002925872178473,0.6177730571076361
AF2B2EWI4N5H3KRSBJFWCZI4CWLQ,50,104,49,49,False,11.024886872232395,0.07474457350694402,0.13012595349138856,0.22257358118731438,0.3721850771842637,0.6012149596799045
AE6GBO7A4LHI7GQULR64DPYFYJ4A,50,106,49,49,False,11.576624546513665,0.0801276103045288,0.13717880482170478,0.2344060032684406,0.4006225860134313,0.6251566421415649
AHGUFVDYHZT4GZVUGN3FSM4KS37A,50,140,49,49,False,10.733613495918677,0.06356649526592195,0.12024476527147152,0.21861359191115537,0.3698241661637202,0.5942664183356674
AET3HBH7XFS3TB22INRW6VAXR5CQ,50,104,49,49,False,11.24902639669597,0.07672567992527725,0.1339171049929594,0.22549008855840597,0.37471949697586443,0.5978132568821951
AEIMKGOOPJCFS55HP4VNWY4N3SVQ,50,179,49,49,False,12.765066331045173,0.07236103418328983,0.13650756439432282,0.231016355582236,0.38207861920030123,0.6023911872088722
AEMWSCOSTFGK27K2CRBK6II5OTUA,50,154,49,49,False,12.735700073648,0.09593204024575791,0.15677791022867146,0.25021428338790813,0.3958706326080256,0.6124796005359485
AGLBN3MINRB7262SANHMPBSRLVXA,50,283,49,49,False,11.61968691907902,0.06782462480027737,0.1335671090972646,0.2251113726772323,0.3765222767674934,0.5975904603985417
AE3VE2MPKBXR3OM3CJXE7FQZ5CAA,50,304,49,49,False,11.497497299481793,0.07532418839621602,0.13348178086353515,0.23954064568816694,0.4076658406294056,0.6282575539353037
AE6H2P47PDD47Q4KJAPDHKTVTAWQ,50,129,49,49,False,12.699846061943902,0.07064408167785274,0.12191770231678634,0.2100924457424167,0.3576560658310347,0.5788950122362797
AEK6D2FUG7LLC6OLJZDW4QGNKKHQ,50,250,49,49,False,12.596873735913219,0.06705709525116223,0.12198944649769586,0.21133190024229506,0.3565293399687653,0.574706155333726
AEUXRQJTAD7YFA5OZG6LFOMVX6SQ,50,156,49,49,False,12.877285187034387,0.08721819939840697,0.15179772041866166,0.2603905607003202,0.42900069405092284,0.6487444975507595
AGJKZ4ODPJ42XOXCBRBY6JLYILLA,50,123,49,49,False,12.880057549644135,0.09575630453577812,0.15926096580763266,0.2603721687816759,0.416326021777865,0.632883563714156
AFVOZ4UNUZKEQ7GTQ3IHQY7PZ5FA_1,50,759,49,49,False,12.057952237389866,0.06973343508833345,0.12605762925573472,0.22548865321495082,0.3807130981289949,0.6091033681875315
AETHKES5SOD7LCBRQTFKZJTSOYFA,50,138,49,49,False,12.325658396535573,0.06864228683201455,0.1246150064379161,0.2179866797889425,0.3736978620742137,0.5883040288564658
AHMD6IY6GZXL2HAI6AD7KQCPKJCQ,50,101,49,49,False,11.309124775430288,0.07136194395010166,0.13097731238863822,0.2283748400549602,0.3840220639761493,0.6074458020898829
AFEZSUED252I46XWARER7JQGQHDQ,50,133,49,49,False,10.189299451730482,0.07945588241549839,0.14878133193931645,0.2629441124997441,0.4206318501200865,0.6387641788171514
AGZHX5BG7HYRWGDBB47EXZHCYRLA,50,100,49,49,False,12.52949824993632,0.08775199910293867,0.1487879468459824,0.2534894346094204,0.40896167078713397,0.6239611608160588
AHSJS6DJLJXZS4IS72QU3PPJDDGA,50,101,49,49,False,12.001440005151538,0.0841962718169473,0.1400659341018738,0.2364060235463392,0.39009665755931805,0.6080255359520473
AHEGS5VUBXZIZNQ3YLHKH6RCMJZQ,50,115,49,49,False,12.6592687763428,0.08968742917759155,0.14157492881424164,0.2321568570427993,0.38266343112903267,0.6080945666124925
AGX3ICN3W5V2XY47PLFK5NOTH5DA,50,195,49,49,False,12.498776306925839,0.09106242373774173,0.16442329664505564,0.2747050252393615,0.4307758625811114,0.6506095454459325
AG5C7Q2ZIBXFX7I2DCT5YEWCDJCQ,50,104,48,49,True,12.544579084219261,0.09141772069259402,0.1565230736885387,0.24848257467789647,0.40065813085332674,0.6168095870036927
AHKULNJ7UQDGZ6Q2GLJHZTEEDW4Q,50,323,49,49,False,11.529964263449404,0.07779641853233243,0.1418525309609797,0.2526880976031139,0.417702853729676,0.6376926304300679
AHOHLNMGSXJLXSG7BSIJDLQLMQAQ,50,102,49,49,False,11.966234383345638,0.07795494725570183,0.14925742905521971,0.2465441354014166,0.3994472815942231,0.6194988822447011
AHIS5MNAQJU5EVZAMG4FG7DEFJVQ,50,123,49,49,False,12.471136494515054,0.07322331286831944,0.13400823979514967,0.2307241063939649,0.38381382479804377,0.6048652130656529
AGISOCHR4AI2PHPRL3J3E42JEVLA,50,108,49,49,False,11.026918535584743,0.07204482467111187,0.14179635118526934,0.24194601689046183,0.3973416272695397,0.6248691077588814
AGAC4A4L6I7B6AU2Y674LRSKYHLQ,50,171,49,49,False,12.603509091432198,0.08144653825374759,0.1406287560926591,0.23732539259729019,0.3855124457002238,0.6022822731711847
AFP2H5S2KB4WGAOIEEDTQBUMG5ZQ,50,118,49,49,False,12.861535400310407,0.06712238595925962,0.12661016259860003,0.21783125783680535,0.3607140676745605,0.5794837824823202
AGLRFKBE7HRBV7PMSCO7LCN4R4BQ,50,148,49,49,False,11.651487986977877,0.0677160675931214,0.12684824176423473,0.22396193663046898,0.38268200416996767,0.6094251084462485
AE25GU3LWQGZJN4NNT5GWAGBN2KA,50,127,49,49,False,14.300340679121842,0.0878208981958889,0.14368927971874543,0.2400257843342562,0.3806800759755117,0.5953501172477276
AHISU6WTZZJNNVYK5A5UITDIWCNQ,50,160,47,49,True,12.695583338859487,0.11708059936797317,0.19193208303271553,0.3122585828220068,0.48270657069089534,0.702111237504043
AGWGWBQWVHYNPPXU2MGPT55CCUDQ,50,173,44,49,True,12.815415299801714,0.08631220796005458,0.14416360173809106,0.24786281782024347,0.4073608144192464,0.6408922221475617
AHSGFDWZPO4EBZXPA4ONTLKFWETA,50,161,49,49,False,12.548246735007854,0.08563391024431692,0.13594099988596073,0.2287478392382962,0.3801699766683755,0.5981557138907315
AFTP4CS3L7FXZ45SXX553REC3MFA,50,109,49,49,False,13.239785291168964,0.07158804328815989,0.1325978424385397,0.23045748353465664,0.3839533678552397,0.6044040276991467
AGDOGDBA3K4KIWTOCBCWKC5C6NEQ,50,265,49,49,False,12.169481059966829,0.08737552318600741,0.15661512898626267,0.25108373279380347,0.40441820485499447,0.6271430546826618
AESKKGQWJQBWLIA7JDLXARU3Q52Q,50,119,49,49,False,12.433814583603224,0.09732803574540065,0.15914253213192173,0.25365117714618524,0.4083461305315252,0.6210977983532274
AH46BCKSKE4RXYEI5Y6XQUCBCKHQ,50,187,49,49,False,13.453114999876957,0.08417810980256851,0.14005331547924987,0.23715071760927764,0.38590245496148445,0.6001220056995719
AEW6DQRE6GSOIU5VAPACM56T7ADQ,50,190,47,49,True,13.69330212968094,0.08256125753580815,0.14173648860567256,0.24428893161569698,0.40222962544293517,0.6162485989579789
AG5VMU4VFC4EAT5K4RTG2OPCL4QA,50,175,49,49,False,11.817588113694576,0.08188722621752216,0.13574218493774068,0.23598974045812288,0.4011431709812401,0.6265918554819309
AGE75E7SSHUQMNWXOCMOELFIFO3Q,50,101,49,49,False,12.96935122352051,0.06538545040195642,0.120505155439426,0.21396301889206962,0.3642434488216788,0.58775806591005
AHHMAAVNPDO67K5ASIXFCKLKUQSQ,50,107,49,49,False,12.059335258620095,0.06753518542175847,0.1305197196000222,0.22430358625544075,0.38466158528232364,0.6098540785405022
AHPOBCUP2UBXTXYUQWCPH2U4VGEQ,50,157,37,49,True,14.758744411117895,0.09243705985889772,0.1546913522256891,0.2582996832821977,0.4287232271903859,0.6782657245906162
AEGZSPOEFGEEXIKTIPZ62HCJJILA,50,109,49,49,False,12.44573650915795,0.06527888827539449,0.11506374284444047,0.20340192216195288,0.3493416509848174,0.5733047446403782
AFNRTOQBZEL3MZE5FUDIGEGV7H2Q,50,506,49,49,False,12.970256887903394,0.0706446692331167,0.12644545010687214,0.22411799519614514,0.38441091369882324,0.6037021339887841
AFCHDDQ4PQGOSYA66FSK4KUAOUDA,50,229,49,49,False,12.385685605270393,0.0919078364123623,0.14947493063337997,0.2502313991179808,0.39593591275977014,0.6245025499155571
AEBKAHAB4JTXXVVDXGO3CJSLZDBQ,50,122,49,49,False,12.590647204878401,0.0788059122867161,0.12966112500707022,0.22348329916871235,0.3735799194590132,0.6002409083659259
AFPIVFTKD2B5U365NQ2PSOOZZBFA,50,196,49,49,False,12.130533854529977,0.07718972040449128,0.1391071772492954,0.24014289110432185,0.3974311024477085,0.616336717523664
AFWXUORRY42X76ZC4KAEA35KDHEQ,50,121,49,49,False,11.02789557708582,0.06831583371294418,0.13006555901496775,0.22819831194331794,0.3857167932609425,0.6101283236421059
AHZRHNKVY4DBGRSOIBHU2ZMTIFYQ,50,119,49,49,False,12.31580735351013,0.06398936489878171,0.12472004880408272,0.22180327479431677,0.37351440928933494,0.5868052271472745
AFL2ZDLKD6WRY5AG35RAWWKQTJFA,50,108,49,49,False,12.459033545532677,0.060817726826640855,0.11163862905589945,0.20082513850422531,0.3468171334346526,0.5726793153641762
AELXQXLPI44TDSYJTF7SVIJ4YHIQ,50,151,49,49,False,12.169691617393758,0.07207722267440668,0.13927608085891915,0.2352160440255973,0.3834753151794718,0.5984893479779096
AFJQ7PUOS5R665KP35G6XAQJ7OOA,50,190,49,49,False,13.365085460823403,0.08093809046694209,0.13673408450685906,0.2342166547480231,0.3834818501541932,0.5999465851428621
AFP4VV7FHGMDUUZRR6UXBRKLQQRA,50,122,49,49,False,11.778308126275544,0.0811999802851005,0.14082721541811927,0.23573963770384398,0.38907882003984257,0.6019525119568097
AGVKHVURH5XGP6335AZCMGNTAAMQ,50,163,45,49,True,13.884207821617096,0.09095127475057951,0.1584415564863762,0.27209990123446987,0.43828015351940947,0.6713388004135791
AFSBX5OVGYFLTYAEINDN3NGWNZ7Q,50,136,49,49,False,11.802672757787319,0.08083507469820399,0.14637719475385685,0.2458528200699727,0.4020686986770209,0.625129084590846
AFR6N2JHAAWJLI5EJFQDENFMVVAQ,50,356,49,49,False,13.23037990855947,0.07615463538486246,0.13526806023055743,0.22678622394276998,0.37808298279030333,0.6011999390659499
AGSRRIGMCYDZJFPDZVTGTEAG5U2A,50,164,49,49,False,12.307822825122903,0.06801294087561234,0.12725363189952016,0.2290224028748619,0.3853313410446998,0.617381862702275
AGFMH5U2CPPWYH77IDDBB527AWYQ,50,100,49,49,False,12.480082789089016,0.08057551289317948,0.14295494404596215,0.24257244910624245,0.40081975286483745,0.6237684561455578
AHEE76NDKZZRDPTCUKAVHI4OF6ZA,50,128,43,49,True,10.900696920066098,0.07489203044404992,0.14326808071730068,0.2538289197408702,0.4160034402521011,0.6498132506109273
AEMDRXCB2CEAHDULSQBPKETWRCIA,50,101,49,49,False,13.696461963197482,0.10712258469010702,0.1635431715196457,0.259550739168378,0.40921246390937843,0.6258393888007862
AGZS7H74UPZU746GOWUAJW6JLLTQ,50,170,49,49,False,12.883284537019161,0.08948138469017039,0.1420674413984177,0.23837992271341354,0.381660629509111,0.6016446082416305
AEKES7KPH7KJ4KKJKT7A7A4V5ZVA,50,115,49,49,False,11.471649179348187,0.0801785970402115,0.13872757242242886,0.23108870887695662,0.3891527266497949,0.6144507708298661
AHXUNS4RYQXI2O4FLAKVE7FA5TBQ,50,124,49,49,False,13.077521348937093,0.07328030021077446,0.14146585563971797,0.23639380283665015,0.39100724036496587,0.6056871420741952
AERDCAMJOVIBWC7P3ZRCGDXSHBXQ,50,324,49,49,False,12.459810059681216,0.08269600639386639,0.13851049721365757,0.23429401142994027,0.39209504384018357,0.6188190421908148
AE6MQHV66OK34BGN2TADAYGZJDVQ,50,139,49,49,False,13.209977041948298,0.06360476659843456,0.12253481888662116,0.21798501585165173,0.363124959295476,0.584988367935964
AF3HOFY5T4LHGCCWXV5TUVVIVKHQ,50,169,49,49,False,11.993529752152627,0.07514850320027285,0.1316970291362548,0.2241124791362518,0.377730261331502,0.5974605689659437
AFTEW2R2HDET5LSDLLGDTYCIZXUQ,50,207,49,49,False,12.647073139021165,0.08154561346331335,0.14461599153924345,0.25371155405579426,0.41361401809740767,0.6424726145096931
AGWK5TRRULB7JGEHV6EM7D7JAU4Q,50,271,49,49,False,13.59991183524922,0.07343433938672311,0.13736148852393318,0.2277643479923986,0.3774226081176181,0.5990067767653869
AGGVWJCNYRITT2IQMXPQBRXA2IPA,50,287,49,49,False,12.078214287070313,0.07683647089169471,0.13769080693203609,0.22827142228919767,0.3723758279794397,0.5859868714967652
AGPJIILGSLMZLC53Q52HRBMINIJQ,50,120,49,49,False,12.999295311425755,0.0625858068865391,0.11454437591066378,0.20805137959614575,0.36177243991069413,0.5812365793089552
AHRL4LYXD7XNEBSXATXTYL3VQO3Q,50,392,49,49,False,13.078874301575414,0.08764869851528974,0.16322392612856126,0.2614539458428829,0.4100655283522202,0.6189916953792777
AEUTQXGWATQAYOKDGV4QUHODIJWQ,50,165,49,49,False,12.050932416236625,0.11978107594785857,0.17962592492118376,0.27803996582345736,0.43370062149610783,0.6485166826790554
AFSBABG7RACUQLOTENHB6GOAJYVA,50,132,49,49,False,12.497458683660659,0.0943462684388661,0.14817828773525926,0.24026435526494,0.38410343922730755,0.5941803725241502
AGEESDAHFO2TR6IM66O5NG33UDNQ,50,101,49,49,False,12.003306784618347,0.10175384457588127,0.1630296342251218,0.261764172740419,0.4221585704137146,0.6371003844293021
AGXW65JPLFRFATNRHS7W7IQJXHUQ,50,128,49,49,False,11.990282252889056,0.07573613124858886,0.1319791723823431,0.2298138022642625,0.3903147336269744,0.6072401976395834
AEPYWDCGHXUF43RCWSTXOFUWO5DA,50,108,49,49,False,12.591324518983622,0.07531732042221694,0.1372451646747461,0.24129614294740942,0.40058125495346736,0.6207947646079105
AE6MKXHT2YWXPMZU2CJDON7RKJKA,50,162,49,49,False,11.014221866579172,0.08044740867002932,0.14641031666658436,0.2546753584654808,0.41915473081939125,0.6503224476458377
AG3ISIU76VZMJ6YYN5W5NE7H5HGA,50,109,49,49,False,13.198100810719964,0.10005851351611084,0.161490973327662,0.2557212806794248,0.41654388181947954,0.6383596367391084
AGKSE7R54LFVQ4E3VXSTOX2H7B2A,50,529,45,49,True,13.162674334504384,0.08186818173220013,0.1496873216272203,0.2528382613090873,0.410367342823072,0.634682621936264
AFFEEXTDI7JMBJOWTDR2FO4NAR4Q,50,126,49,49,False,12.725126282021652,0.0937055651385937,0.1516330934886685,0.2526685877018008,0.4121736890591357,0.6396374001465103
AH52JG5PBRVOSTGXB3ZR3JA4XEBA,50,118,49,49,False,12.034801050571787,0.07163878814836765,0.13836930617941753,0.2381122090887485,0.3868310514304078,0.6015071302888231
AEPPMFJUVGGQXIB64J6C5DNF7CJA,50,114,40,49,True,12.575793322603737,0.09457295976274306,0.17514213736179352,0.3027459085294565,0.4767687272242269,0.7147903682716595
AED44JCNUQP4Q25OI2UTBCLYVVCA,50,115,49,49,False,11.586482599562991,0.09137268688826453,0.16420327963819006,0.2641852916630844,0.4161499269710742,0.6325709542302766
AHQLV6Q4IX2WPEFGJW3HFIYXCYIQ,50,304,49,49,False,13.13776868570429,0.08781797767373833,0.1550661162308755,0.25817484493432796,0.41749188297667555,0.6520770478282429
AGQLKAQYWNXSQC6BXMKLU7HA5EGQ,50,117,49,49,False,10.65254229587573,0.06765032631776638,0.13011757805641752,0.23026814987968094,0.3844791434958092,0.5964986931272254
AGZXNJ2PV5A4ESO3LJBL7Z6UQXAA,50,109,49,49,False,14.047947045319088,0.09034859228667343,0.15318682886333937,0.25170971124900055,0.4052895108720464,0.6267397865654496
AFXFMZLAUHOG5OZQ47Q3X4OY55SQ,50,140,49,49,False,12.607268474774065,0.10469326324614467,0.1615408953829179,0.26088183251412184,0.418950429501007,0.6398988491075325
AEI6B2JWUTT6THQ5DZLER7AL37RQ,50,147,49,49,False,12.073285314151832,0.07273445818833484,0.13432680194390956,0.2316116868281446,0.3878790734461998,0.6128015321211038
AEAF6UYWPYXXF2MOOTGNJT4OZV6A,50,102,49,49,False,12.5204536551024,0.07574568740013292,0.14131998649146324,0.23893194160817863,0.39278638169413244,0.6174575350620094
AGIKKF3C6ZIR7OPIRG54DDZV4ZOA,50,144,49,49,False,12.404189464884825,0.07424646355364452,0.1292593020376967,0.2198154980477669,0.36831272613818633,0.5851353234256715
AFEP23NFXJI3T44Q4XC55NT6COAQ,50,765,49,49,False,12.26118031156241,0.08560234061373044,0.14642615689875665,0.24100553491441765,0.3970195870299529,0.611614730298119
AEROQUUIQIBMTURT6F67MG273XFA,50,105,49,49,False,11.403259107657771,0.0805195971840316,0.15141259719021705,0.25290206033366996,0.40985081483323116,0.6260881443811613
AGCSHGACB3ZKGQTROVNVEUPIDPFA,50,166,46,49,True,12.42600894323334,0.0820477699438413,0.1509291596922311,0.2525809421718502,0.4140419754996192,0.6349546154578731
AHDNLOQPOEQ2L6YXCCCNUWKK7SJA,50,129,49,49,False,12.245734909933365,0.08739219980206576,0.15232495273111132,0.2539623641790548,0.40870923820170063,0.6263627879481223
AFONENWGNXXIUGGYZKWZ3GPZI36Q,50,527,40,49,True,15.238368202540164,0.07625673725359831,0.14480665155516842,0.2571697147772018,0.43835618838687623,0.669172360699542
AH6MNHAF6CNYVR24VC2W63NQ73LQ,50,102,42,49,True,11.01254431727449,0.09464937122649662,0.17023926979258883,0.27786692670519264,0.43566612326480486,0.6729001925623781
AHHPMD6V4I2Z4SM3MIEMROX44JUQ,50,249,49,49,False,12.483850867384966,0.07581559276080384,0.13302622360468763,0.23100288824056203,0.38081632689730377,0.6017701039128728
AF2AG6BMIQ4SQRQNP7KF3V4KT3DQ,50,113,49,49,False,11.072170062878042,0.06897396724464815,0.1315761710502544,0.23137610076005735,0.3877982756680952,0.6082520969810291
AFAJBILA4IKTWI22BUPLOQY2H6EQ,50,164,49,49,False,11.908601770988557,0.07302738299844062,0.1249421950229288,0.21856833564167855,0.3694642527022433,0.5867227089294447
AH4UJ5TB2Z26ZYO2NIBATDXD33CQ,50,130,49,49,False,12.326496493844372,0.12350037861721336,0.18802193893344257,0.2926123909397169,0.44804660991730877,0.6627059918176101
AECD3MOEUCDRONERMGCM2ZVD6F4Q,50,213,49,49,False,12.529371509979129,0.08125945982456477,0.1385240910781689,0.23766056601518593,0.394491411717401,0.6216975123723825
AFC5ELAF3WQ726FJEUQZSOWDKVZQ,50,163,48,49,True,13.439576915892486,0.08762709589192541,0.14178156018654647,0.23808873085992782,0.3770921063418623,0.5891158460329835
AE6FG3OZWHGNTIACGI2DEQTDYB3A,50,100,49,49,False,12.473381374863207,0.07340519307150811,0.13493042095768895,0.22711111537016807,0.37592584732995754,0.6050374308329584
AE6PSXRFBXPR4AHQKR2TQC56EKKQ,50,1058,49,49,False,10.54706467773965,0.08172363193436827,0.1403918726721483,0.23706260018948372,0.3892838381370433,0.6091487778510458
AFIV4IDDEDQJGWIH4QOPVXBM4RUA,50,113,49,49,False,12.378008147343763,0.06711364642462664,0.12625456668872753,0.22218304610450226,0.3811464979368085,0.6159011795548938
AGN4Y6S2XZVAT55EWY7XNHJYOGOQ,50,201,49,49,False,11.786748405876565,0.08458909508361873,0.1434730234144659,0.2432844842431297,0.39004816903773326,0.6039773101939984
AHPOHKN4PU4W3V5PGFL7AGTAD2AA,50,380,49,49,False,11.302509804718966,0.07474940192262629,0.14706170862974213,0.248249733280918,0.40018832706478763,0.6180020439372022
AF2ACCKOTUKHIGCZHGHSZXMJDTKQ,50,288,49,49,False,12.24469538919448,0.06740420484546729,0.1259336424279758,0.22395035163187157,0.37191079438915997,0.5923104313259008
AEFLSA4IAQRPF6G3BH23PYA2YYKQ,50,562,49,49,False,11.850261619021328,0.07592382160426575,0.12640474776135016,0.2184983396307138,0.3709505949947491,0.5833732998386453
AHBILGMJZOBQNFI6A3HKHL5AIWFA,50,105,49,49,False,12.123698474779022,0.07401979348120054,0.12920215383198216,0.2237320568881096,0.37702902046746584,0.6040655050247516
AHYDC3YH4YUXVQHQXKJRPJJUMDHA,50,158,49,49,False,11.890706781052897,0.06887142719854324,0.13050182027759932,0.23230525427132076,0.3888830019801425,0.6115065113559718
AEPUMWKGBOVGCCEZFLLWZHXWYXUA,50,258,49,49,False,13.072063211542195,0.07511157653035377,0.1385663681249425,0.24011557844420472,0.399205576511905,0.6145542932682221
AHF7W2GQAELHFR4T4J24EYR4I4ZA,50,192,49,49,False,13.79252367214763,0.10906395292319448,0.16811964607855487,0.267758339751183,0.4216737034939549,0.6430172172356663
AGJY27POQVYKPEBOBRR5FKI3NS5A,50,302,49,49,False,13.376626244426962,0.07170099283651454,0.12894410858628758,0.21759956678227946,0.3627132746001289,0.5811869693231356
AGLMC44V6XOE47WXTAWKUZVCO4BA,50,100,49,49,False,10.785048979524221,0.07023735944998157,0.12309317057511847,0.21678184259610725,0.3778990578125235,0.5951435859872993
AHKOJ6OCVU2W67ZL74KK43PLGI5A,50,117,48,49,True,10.772301686411877,0.0882559730636976,0.15391421474380268,0.2649418905226465,0.4249675741804651,0.6422988381353146
AGEK6YV2JNA3W7VGTJ63QRZ4SPIA,50,193,46,49,True,13.442431276032298,0.08108910366668967,0.15446178158788765,0.26462770673547953,0.42787974777944116,0.6571300104861287
AGRX7ZI7LBRKIZEEVAJFE56T2UMA,50,199,49,49,False,12.623808532798368,0.10877852687559925,0.16112824068005652,0.2512280076188759,0.40636746394743484,0.6239993305226498
AESMEFOVUX4NQIMYIO3HI37YBKHA,50,181,47,49,True,12.520639454999193,0.08918533381239901,0.15345145917089456,0.2639134544317592,0.42842831955053023,0.6546275442215286
AEIJL24A6RZD6PE4LFOYLHMB5BOA,50,106,49,49,False,11.273918800316533,0.0816038401043508,0.1438873539294839,0.24031280902404767,0.39826632485598995,0.6177966207398435
AGK5M7PJONKQKSVKWV2FQCFCOOKA,50,193,49,49,False,13.364718857849226,0.06810271325001743,0.11594856436251266,0.20142650186192876,0.346412539892878,0.5717087416412169
AETUVJTNVD2EBPXDH2ALUO6GVEEA,50,146,48,49,True,13.057030457682204,0.08003588735509773,0.14372024042301548,0.2395718883381029,0.3833423380302829,0.5982181181108672
AGVAFSJVSPGXMBKR4N6PEOAXNGFA,50,132,49,49,False,11.857608028764703,0.0714430947357905,0.12935470439810612,0.2259234345693765,0.3789877764284542,0.6090715676258843
AHMHS45MRB6MBCZJ7AWU2QSHHENQ,50,340,49,49,False,12.67275695490194,0.07993249427030703,0.14143213256490217,0.23503171993099498,0.38721854400851347,0.6129737050402789
AHE2JHVJEQAFTJVE5RWEYBYJQUBQ,50,107,49,49,False,12.667289667002173,0.08821342908616824,0.15330567563905811,0.253079760584511,0.4029464091439268,0.6167845935948748
AEJ4NPKOL2ATUHAR5YR6E64JN5GQ,50,122,49,49,False,12.281996754287555,0.08510914255942792,0.14209994609418913,0.24359459841821343,0.39857499799591545,0.6153511364233339
AGEQPZPPIJOYSM3X77DQ3IQ5TD4A,50,105,49,49,False,11.882198522581898,0.08885586726374024,0.14249619054629079,0.23592677181455976,0.39242944293143955,0.6141809363273234
AEJBSDLYHVSXPWUIDE5AA64APFZA,50,130,49,49,False,12.666653085909218,0.08132151711072375,0.1423469396886433,0.2370616587018654,0.39071704786577277,0.6102065136060775
AEI67WXFHB427HCYK5AMUELKVQKQ,50,190,49,49,False,12.670081108078584,0.08423638062532264,0.14795912739545217,0.24893374550830397,0.4073400616642068,0.6278563265404176
AG7I652IF32AVKKXGITD3RCCT4FA,50,108,49,49,False,13.359158041166628,0.07375039405626185,0.1278507794328303,0.22421049326465434,0.37222532965216826,0.5918386499258805
AE2GO5B2SWCBHIYMOE45YWL7RQHA,50,554,48,49,True,13.398957011153987,0.07685184111278406,0.1444554988833668,0.24895003156795079,0.39861915381813584,0.6199306571475774
AHNI5KVLUYWSR74DWFGJIO2DUFGQ,50,102,49,49,False,12.120863197304844,0.08184606558577566,0.1395879541652506,0.2453191177377422,0.4050123197394492,0.6239822281561349
AGWITEYQTALYN73Y2AP27U5J46HQ,50,146,49,49,False,12.116823736902466,0.07122287859160516,0.13187689195189234,0.2278709137872805,0.3864699980516881,0.6049332360590984
AFZUAHAJNO4UMQWHTXHGAXCG52BQ,50,178,49,49,False,13.7989641648532,0.12583526878686127,0.18648399100793828,0.2870766989804828,0.44562401850491046,0.6616494644992938
AEDCAPZDU5DXR433NEDAE7DZHY4Q,50,103,42,49,True,14.108934811652224,0.09348971535357778,0.15844747501034384,0.2629118585392427,0.4283415950599078,0.6560927278230833
AGNO3G5WCNMOBUUXEFO3ADGZYWEA,50,161,49,49,False,11.705390459247612,0.07342301985051605,0.12910682694759334,0.22989634462165282,0.38533609699901866,0.6177031324427983
AHRQVI734AF32IXI37RUF7P56KMQ,50,239,49,49,False,13.588595922882561,0.07922441955935532,0.14040741166368767,0.23692455315499397,0.3914673095003766,0.624740018229059
AEQJCTT433QTR6GK6IPGNOJ3FX5Q,50,133,49,49,False,12.688462117309479,0.0825075953991686,0.13938532672338394,0.23657933901174202,0.3889314919220731,0.6138524924689411
AH5BPN6MZXBEZCOH2UGKU2ZNDLDA,50,110,49,49,False,12.46905916326955,0.07007275843569331,0.12386399936538268,0.21546803544772933,0.3604415507344378,0.5807994597819994
AET4MQOLSTJDNAS27VF6JATZECGA,50,187,49,49,False,10.940217783724986,0.10509858024563358,0.1771358169838615,0.29367246922842755,0.4567391472575093,0.6718596478746724
AFWA4VQRZMFNYQDZZ44DIPKT7CHA,50,126,49,49,False,10.787989831021676,0.08245180630125902,0.14931165476714559,0.25838421986889076,0.4212031008031442,0.6378082386921469
AETKRATU4ECDMBCIQVTPGFWAI7WA,50,229,49,49,False,11.945829691097114,0.08045217335417273,0.13964900539166702,0.23825911181486445,0.3933360247559394,0.6043952462627031
AFRXIXRPZPJ2POZGDZGXH2HYMNMA,50,110,49,49,False,14.375890288454565,0.08051700662540122,0.13623003599015668,0.22352288104356605,0.36386747804023306,0.5752975539681097
AEP2BCSP2ZGM43QEZ6ROUD4LU6SA,50,108,49,49,False,11.307252824528213,0.0676103976847667,0.1254679745279435,0.21825108173273994,0.36853060807410354,0.5914537766524247
AHSPC5CJU3KSQTDFHAYJN5Z5X5CA,50,179,49,49,False,10.279658175453037,0.07547308245304575,0.14730596724494088,0.2565683042174701,0.42214957312898094,0.6318446194550533
AFPF2CONJ33FNFKOEQ2TUNWQJTFQ,50,465,49,49,False,13.465142497828829,0.06889465459088648,0.12476424445459987,0.2135025922605075,0.35727411215204946,0.579284521938716
AE2D3KGDRDJH7G4HXN3GTND5IPLQ,50,251,49,49,False,11.889742484221804,0.07099893342429255,0.1334106315802294,0.22910849293965824,0.373868365217994,0.5911050164451048
AHIHAORYK52MNKEKMVQ7HI4AVONQ,50,199,49,49,False,12.999138150058242,0.07622178186145624,0.12802968205752988,0.2211923057379395,0.3665887854818005,0.5821318523860566
AES2TITGKXHZZPQ6NQQXHK5RQP3Q,50,125,49,49,False,11.135600609485042,0.07193586242673872,0.12741665978038982,0.21757540487570595,0.36670590658842755,0.5914653967180595
AH4QDXAQ7DM5K24NANQ3KW2YZCZA,50,122,49,49,False,13.866328585309839,0.10063912215173759,0.16525994346128928,0.27356384851023285,0.43874167949295956,0.6567934217607068
AG3JQ6U7SJNCLQ2ID3BXHDJS24YQ,50,132,49,49,False,10.510240034478779,0.06441867598691421,0.1175505601536965,0.20956469417654608,0.3643729960992932,0.5852165374539968
AHDXQCPXT6VYDEEZORX32ZIS5ZHQ,50,253,49,49,False,12.716343926020528,0.08461378412685848,0.15422829111060096,0.24590209475278607,0.39023690385256965,0.6063196112755563
AGBCUH6OF5SMVV6ED5G66Q4QWI4Q,50,111,49,49,False,15.090982870847332,0.07969546612829213,0.13099143196089771,0.22023458319772019,0.3647450050681665,0.5746138814643116
AF4MF2TEL724JVL42HY3LH2EZEOA,50,331,49,49,False,12.430595412273224,0.11207312640790006,0.1875293179713499,0.28788098271285634,0.4416110590920113,0.660834352177735
AE3GOLU5565IGELCLCMXSDAJBHYA,50,106,49,49,False,13.287247398752084,0.08948984896832216,0.15277852944233195,0.25595202414392376,0.40681732333482934,0.6277907832115579
AGGMJWZGH5H45UG3JGME24PISUZA,50,149,49,49,False,11.478819964410956,0.07465089445988211,0.14503426084839002,0.2504122735615622,0.4113302055254354,0.6297094944034025
AE2CSDOAQ3A3NNNHJPOYKXLUAOVQ,50,189,49,49,False,10.89511587950081,0.06329910734810304,0.11690280585811855,0.21626029607927638,0.37510714506273307,0.596302688360703
AE54F2G7I53WS3XNUHIQDZZKGAMA,50,117,49,49,False,13.245917452559997,0.0889141687325969,0.15054103224656132,0.2511978652021908,0.40404781004324286,0.6168375367645614
AFL5UCX37X6ZDHP2Y54ZXTK4TJRQ,50,169,49,49,False,13.93900554228583,0.09505669056158274,0.1497742735216426,0.2462083493209538,0.40079052718850633,0.6186311007110619
AFW5SIGDUGYOBFH7NFQANKDR3TPA,50,107,49,49,False,10.48607387156627,0.07663521921909701,0.14889031151548315,0.25151027822096667,0.40586227596506147,0.6283609336766548
AF7KAM4NO674XYRXUWEYWKAUKTGQ,50,189,49,49,False,12.301146248763548,0.09223794835385703,0.1604395190829065,0.2701888423487534,0.4279054207892605,0.6443813249486008
AELBFSL7STN2GUP3BAWKSOXJWYUQ,50,108,49,49,False,12.392975399354224,0.08048053786968862,0.13207817676195063,0.22487912299938517,0.38162605318761084,0.6063862928789134
AE5INRAIGFDNXPWT5LNVJEEAAHBQ,50,1153,49,49,False,12.513822326091883,0.08543326052341332,0.14304789809985577,0.24333223326461906,0.402331951603821,0.621026276127909
AFREQVSUT5EV2MKBLWJLEPHYW5HQ,50,130,49,49,False,11.709367337652903,0.07144457477364007,0.13311702482887164,0.22484472986722884,0.3768437046383939,0.5888084045548326
AE4RIJOVOVA2YZLFX775C4UZQNAQ,50,136,49,49,False,12.402296057525003,0.07228987371744272,0.13141182502692872,0.23406559699777377,0.3871520182844243,0.6093580828060786
AH2OZFAVVLVSJS5CU7K7CURJSYOA,50,105,49,49,False,12.18857326118568,0.06837258408118965,0.1317146527637629,0.22538078790116342,0.37156472349624226,0.594669919925386
AHSCNOTMQI2WQ4YUTXSOBJ3OFG7Q,50,348,41,49,True,15.864806439038441,0.11015742167861016,0.18371996306939312,0.29895896457799004,0.46569076980355123,0.6985177722625856
AGJCZ3TS5CHMAP4DVRV2752DQ3NA,50,934,49,49,False,12.357389163390147,0.08431061214842606,0.1470526668443667,0.2485941012148165,0.39553072919164206,0.6106929696722122
AFJWF2QUDYVVTT5Q6UTEBR5SNENQ,50,268,49,49,False,14.571507806287968,0.09943840608665432,0.17272333867993891,0.2651302200606164,0.412547538027805,0.636406397055125
AEOYQBJW46VUK3HGQCHDI55WWN6A,50,102,49,49,False,13.554127423438715,0.07785035011306417,0.13619716677673024,0.22720618801189488,0.372059446918239,0.5884572798306694
AEC2DODDROD5WJYCPVYLTZSQY5HA,50,105,49,49,False,11.740145715993563,0.06437693668041194,0.1266098521154444,0.2329309198311519,0.39203772919909274,0.6150133623353545
AGDBPYOOBEMKUQXFFB6H4E657YAA,50,264,49,49,False,12.096885593218769,0.06893992436561253,0.11890010460230101,0.2096348068861411,0.3552623139208956,0.5736096456865412
AELYFHJ4GGQO4WLCHWVK7VLBXV6Q,50,133,49,49,False,13.096848797650107,0.08920433543186147,0.1460486096368147,0.23931175504346816,0.38576647249777946,0.6011419316020021
AF57NVU57KDQAEHYO4DFKEI65IRQ,50,192,49,49,False,12.499763417322361,0.06449704251353162,0.11630398307304908,0.205678003476104,0.3530994780102078,0.5812672959988531
AHXL5367RETZF2BEVUQMHY7E2LPQ,50,127,49,49,False,11.48630295351753,0.06622984796794583,0.12322704612087361,0.2261411633413563,0.3789772272737492,0.6064429703813026
AELUTBS3LRR5WHUB7JJ4UXR3QHPA,50,802,49,49,False,12.175299555855299,0.07048342459670694,0.12837280991162767,0.22607722870037084,0.3785086984559034,0.5985827980602433
AEVOB3QCKW4D2YH3C5EFJXAIXHEA,50,107,49,49,False,11.837016902795607,0.06335113357797051,0.1246517478596306,0.22026069993675051,0.36972777855192995,0.586199530899673
AEVVEYZF4MQDPC2BY2HBBNGZRYHA,50,382,49,49,False,12.34259305061424,0.08751528287896443,0.1595756738589242,0.274196584296715,0.4370062390014657,0.6543306472434368
AGVXEMIIQ2S4N7TFU62FQASJJ6ZA,50,322,49,49,False,17.64413492744134,0.12871510325544744,0.20084881890156592,0.28688089320197563,0.4274513897065538,0.630315432642667
AF2LFSDT2SHRD2WEEC3O2ZWIWYEQ,50,203,49,49,False,12.375097072321974,0.07588250066862483,0.1419549264659593,0.23935917793948527,0.3928962989723036,0.6113342655892096
AHDLM7R2LUNV4NASNZDDK3WZ4FEQ,50,133,49,49,False,11.233441560924096,0.09440852383790461,0.1560577282259079,0.2593588332261129,0.41730560550093304,0.6279513983008475
AH3BXW7KLIS2VAE56UXJS2NS7I5A,100,245,99,99,False,16.672376017633958,0.06542104259054107,0.10770956711679652,0.17652087114409848,0.2844509671506108,0.4481027352245845
AGIDY4VPPLTRNUTZVACY73TPSRRA,100,165,99,99,False,16.60767240486001,0.06770022599253538,0.11030539696734208,0.1763075116721318,0.278943312082999,0.4358760261034647
AFPPPZX2PLMWY75AVRTJSMICZOEA,100,333,99,99,False,14.610954978272078,0.06551440696300576,0.10911183677839247,0.18491082436147263,0.29733896398157217,0.46138532174977276
AGQE2TFMRL2MM6S3JAMA4GXWYQLA,100,115,99,99,False,16.67735307689119,0.06915593500768108,0.11689025911655154,0.1849665948053937,0.28774003419444333,0.4480777776057577
AHUQ3WRTMZBW6VD6URAQHTQQZIHA,100,101,99,99,False,15.475546946116868,0.052318709114544865,0.08926007230991195,0.15494403773777,0.2613314394136469,0.4254104222276302
AHXCOH4ABGDUF6PLAWTVRWDNTIVA,100,492,99,99,False,16.34944999937863,0.05838051204548533,0.10098665545512354,0.17105848348626662,0.2746635623270798,0.43570064511713724
AGJRXFVZAQM4Z5DYKNOKK5WF6F7Q,100,566,99,99,False,15.897159070192489,0.09026540553872978,0.14061388429544452,0.21983254338907102,0.3445351692531745,0.517455797007322
AETMMFA57D47GC2J3TFXHF7ZEEHQ,100,196,99,99,False,13.783659064874485,0.07470715389627565,0.12621075537906482,0.21142843714097576,0.32971713530395186,0.49961609610314495
AE2D3KGDRDJH7G4HXN3GTND5IPLQ,100,251,99,99,False,15.832782005394598,0.0668978602542584,0.10755292906725637,0.17592071956099795,0.2862565023618187,0.4512919230554403
AGN5R4K2X2CIV3WBSWHNDRUWTWQA,100,122,99,99,False,14.926135757596377,0.05798760252528545,0.10420154843385593,0.17340701355720675,0.2809370389553203,0.444401488383366
AGXFF2FNG5W6EJP6H55EDLIC26BA,100,140,94,99,True,15.660671502991253,0.06672161093976373,0.12143979451952576,0.20246085165541874,0.3249655673249351,0.49095504860174377
AGWPLX6PRQI76ME7NEH5CGCOW4FA,100,163,99,99,False,16.514277545386182,0.056903135133013184,0.10013496499119845,0.16813134435991609,0.27327091522073305,0.433098353223183
AEDPBWYXW4NPHUASAVGCKNHRUJOQ,100,168,99,99,False,15.712298436002364,0.08272974774624506,0.1299893299608833,0.20168504189001948,0.3180521891763412,0.4756879287516535
AGGNEZJKG35QXGBIZADSSC2QNPGA,100,167,97,99,True,17.00460606857288,0.08001567002347854,0.12501453712413432,0.19311921184255063,0.298793034049668,0.46676827552347455
AHUOOO3WCQNZA4MQPWHAOEUEQ4YQ,100,707,99,99,False,17.93215940415056,0.08855392918597554,0.13228441883764142,0.20969102723443547,0.32182657255120706,0.48780826731824667
AH5XIQCA7XZR7DJAGGQHPBY4XWLA,100,152,99,99,False,16.22602823737794,0.06031554585341177,0.10275562127307088,0.16623568962665797,0.2720854461504445,0.4345439108496371
AF6R73E4HU27CLJXSTF6BBCEENRA,100,102,99,99,False,16.238609966715448,0.059198729705526774,0.10993668108218042,0.180670484986021,0.282568787169264,0.4379519949116907
AFUZC6TF57EVSGN26BUBWJ4HM72A,100,116,98,99,True,14.30947220593038,0.05272168175381753,0.0969174774753159,0.1699959764088753,0.28114020728079064,0.4380865292940211
AHEDV6GYYDSJAT5GYDMXV2N77SZA,100,613,99,99,False,17.47998110327598,0.0763185573447177,0.11893573877214936,0.19008013071212412,0.29632868594850653,0.4585984322156441
AHKLYD5GR4BP4K65HR6EGXRNP47A,100,124,99,99,False,15.188519660482603,0.05809806016965854,0.10958407834960522,0.182980650510882,0.29070393716489373,0.45348720247038743
AG7CY7WL33GTS4OKJJ66WL5VM3LA,100,115,99,99,False,15.114476625138286,0.06504340651149033,0.10777318633520776,0.18204221800412873,0.29913323460327845,0.4675641843469338
AEZGGDKCIVNXHMK7P2MPDSBOEPXA,100,332,98,99,True,16.45989741254693,0.05730546890440756,0.10359630151769643,0.1702889007250429,0.2758720432931722,0.43594109027719974
AE5JVVRPCSSPCMAMVAUCAOY6X5GA,100,144,99,99,False,15.27503854181524,0.060032264588619405,0.11396354762407467,0.19060061848814483,0.29704245048599465,0.4540349553630966
AEXB6YHCSWJQC6XGL5FXCLPWBRJA,100,132,99,99,False,15.099233468875713,0.06350378714631962,0.1057634684501627,0.17486905483672624,0.28496627663491725,0.4498239227947933
AH2TH7FBK2XSDKS7LCJJTLX3OBJQ,100,229,99,99,False,16.54313563089061,0.0599656292799844,0.09937452095626952,0.1699620103417299,0.27726339822103296,0.43983550411132394
AF4UQSKR4A5TNIVQOPNWVG537VYA,100,324,99,99,False,15.029210944580514,0.0677613926887997,0.12162144671101226,0.19880828031072148,0.31320707461702835,0.4804132317491912
AEHR5NMNP5YWBOAEZVPJSA7BMBQQ,100,303,98,99,True,16.116300033467315,0.07568436770248402,0.12537429820030585,0.20303907463158452,0.31612733355157885,0.48395290517322154
AFIQRDAYJLNVCGJWSOHI2QKPOQ3Q,100,138,99,99,False,15.804065386187505,0.07202276954444897,0.11894967460454364,0.18986486168175692,0.30164315667807,0.4641303150553202
AHPA33UDNJSFMAC4434RUVHWNP6Q,100,225,56,99,True,18.1498569889712,0.07648203642343535,0.13333012384518986,0.23100672582506804,0.3755896310153599,0.5927287805778795
AFPSDKWBOKQRKTD2GCKDOG5KMHJQ,100,183,91,99,True,15.351750155065625,0.10194534660308997,0.16334159746668653,0.25566505672101203,0.39144857108030745,0.5693029400369205
AGS4LY74Z274M4KH5PXDUG22E4RQ,100,553,99,99,False,15.705917857272185,0.07537495782909304,0.1251097130230826,0.20098075248599925,0.3114352560394941,0.47037020644615907
AECJOZHQ7KWXIFZHPSOEQYHOK3IQ,100,212,42,99,True,20.267690136590378,0.1173980398775783,0.21671505005832545,0.3706175124478762,0.5772096825229831,0.7875609384225861
AF6AT6CU75HFF3TWERXKIRKE4VNA,100,111,96,99,True,16.666548496493572,0.07242747152325099,0.11421200058677766,0.18306368635038078,0.2918459474879395,0.4531615034490387
AHIKLYXTQALJIG5VF4M52VBALJQQ,100,461,96,99,True,18.28132486062404,0.07253728554181997,0.13415359446956243,0.21226154322554283,0.3200430354013287,0.47690299008640996
AH7HCMRSHZCML7WGBJP3YPNTPLSA,100,130,99,99,False,15.21069905651672,0.07668061943217312,0.12146875044106366,0.19955457547233235,0.31495720663252824,0.4825770756095435
AH3UA2OVRWGWLLE4OWHRZJ6S6N6Q,100,139,98,99,True,17.136381884840294,0.0808333908922974,0.12546178028965285,0.19288770516672482,0.2989003718750975,0.45657874058848363
AGIDY3FWTUROJLSBWP45RKRQGQDA,100,118,99,99,False,15.845407324551516,0.06419927210640794,0.10889960709731802,0.17441613097586983,0.2786402221641385,0.4376630007563957
AEA7GX2M4IUP4OTI7VFQ5QW35MGA,100,171,99,99,False,15.262085740979327,0.07577661785765555,0.12407087737400893,0.20591817287895675,0.32850622259411283,0.4964292672430517
AFW6IVJM7XDAUKLUAPUATO5REKPA,100,168,99,99,False,14.856576762043376,0.06539575690466008,0.10960904943175628,0.1835526891446288,0.29691855757301966,0.457050624169564
AHLZVZPQ5TWJ6KXNLADJBDZAT7EA,100,2197,99,99,False,14.690762582496951,0.07387148738517785,0.11727429296746816,0.18836910876276122,0.30521242847379354,0.471676568647722
AEBRHRPGW3XTHRIST5JBCSBRV2YQ,100,115,94,99,True,13.799704190135554,0.07476887391742434,0.1288358218915221,0.2046282539536178,0.32389007882649434,0.49603597617507283
AGZXNJ2PV5A4ESO3LJBL7Z6UQXAA,100,109,99,99,False,17.361427857851783,0.07114194612140382,0.11793488330735483,0.19270659233102494,0.3027183229741565,0.461652692178542
AFD4FZHNXGOHCVTAPB7HOJSCP2EQ,100,159,99,99,False,16.54979821475607,0.0719115049527916,0.12057916128078272,0.19215645703437637,0.29809013865394496,0.45988310614091954
AEX32AJWO2E7MT72BBNSUKH6PYYA,100,258,99,99,False,16.690188572298645,0.06225094463451984,0.10667029585032567,0.17418960151852378,0.2751392997392011,0.4336420128214907
AF4MF2TEL724JVL42HY3LH2EZEOA,100,331,92,99,True,16.221402429583147,0.08543030965958445,0.14610121065663728,0.2418982154876968,0.37262590018609687,0.5422612016321238
AECSGWJW72T7RFUOONY27ZIESABQ,100,107,99,99,False,16.0834061540832,0.05716229313860576,0.09430955228471181,0.15955918448608897,0.26107767777435725,0.4221965002989681
AECKGMR6XCQLS2CKXDI6KH46UWTQ,100,313,99,99,False,16.73999849776066,0.06845955486242963,0.11462910266996952,0.177497061973644,0.28248135776114935,0.44107329669963635
AHYOB7J3MRXOLCQ67KGALUH7TY6Q,100,101,99,99,False,13.865594540800158,0.06304342658280775,0.10884297722704825,0.17990439759221044,0.2913116567224046,0.4553313366426021
AHSJV4Z2EO6XENPW32PHQA7PB4RQ,100,108,99,99,False,13.938271149901773,0.05462283614959614,0.09798660829069888,0.1705791186973075,0.2850528140912038,0.4521382299678163
AGEQJLCP2QYVN3FPPZXSSWDX2BPQ,100,100,99,99,False,17.457448918739466,0.06038620274077653,0.10451882507558033,0.16993307870728883,0.2736052990823389,0.4285930778180137
AHLJJBY3MKF2NDJ56A2CDW2V52PQ,100,112,55,99,True,18.29833492317844,0.06761027331742406,0.11782750558597203,0.20373331882783638,0.34943106428120296,0.5618734446851384
AFYXFMSPOQPZCETOYAM3Z4RXDI7Q,100,117,99,99,False,15.584032534866774,0.07174506584731959,0.11678739878736044,0.1877378602923526,0.295524853785996,0.460435803024315
AFXG46EOLSQWTNDZVGACNKPY6FBQ,100,346,99,99,False,16.62437365799158,0.06825091608480545,0.11464157428676468,0.187290275417866,0.30049783412967424,0.4636926814222575
AEJP557V5GGMT74RJBHACELPQGUA,100,145,99,99,False,17.070003269844268,0.06696504760243929,0.109028067616936,0.17577028206914103,0.2836660726194996,0.4419434343274559
AEUJ4VPOPXO6FRNSQSMH23N6Y6GA,100,193,99,99,False,15.67863776387188,0.06824248910531472,0.11930993957920853,0.19504423065266321,0.3045995805122092,0.4662615992244837
AGBGZZ2UQZVNJE5J2FQD27BN5TRQ,100,100,99,99,False,15.124589787935038,0.04999862656049454,0.08973157262810214,0.15834031820505706,0.26484054308233956,0.4210764120498723
AG2RSDSR2D3Y26RV2VO2Z76KH5ZA,100,146,99,99,False,15.159863160574213,0.06605089612966814,0.10985576232392737,0.1853767551697902,0.2969227716979961,0.4618400035863779
AHLZZ3NGM3Y4NBNDW26J4WAPV6WQ,100,156,99,99,False,16.419995845100697,0.06779166473138273,0.11790152565678363,0.18912850120039404,0.29726195521048165,0.46220912352676014
AETLOI346AO5NNO4K4BLOUGSHFQA,100,112,55,99,True,17.540740139279357,0.07464966800280616,0.1269753711173667,0.2183873352360504,0.36891412700534265,0.5917312285890395
AHMSVEFJC7AY76OCKWNTAIDUIM2Q,100,100,99,99,False,13.565583603266713,0.05621402975187288,0.10441891090997527,0.18170360022605894,0.2903551428372116,0.44835752086504604
AHFHKPVJJ6KZE2LDKHOX47ZPEPBA,100,141,94,99,True,15.135964382601902,0.06402749434516918,0.1121034791138203,0.1911079052256444,0.31175367718019414,0.4814122178360665
AGNFZANPQ3AFG5GSJXVDDD3Y327A,100,131,99,99,False,16.826070603160264,0.06010203624645142,0.10425134932289948,0.17598437367329195,0.2800687638458794,0.4426238479147246
AGGYFVQ524L62PL5GEEHV3NGKT2Q,100,119,99,99,False,16.124580810897225,0.07670470589209946,0.11975035554037282,0.19100148045338805,0.3120636364983045,0.4799525348059998
AH7OXGKTTNO2MZQZU3FYKVJBRD6Q,100,107,99,99,False,15.471810841982789,0.0639581829022543,0.10848551424601773,0.177789565051952,0.28875943565717366,0.4550541606872218
AFBFWGX7SDRJT5DDHEERCGZT4AEA,100,103,99,99,False,14.921983889426464,0.06711970772532523,0.1120671733387486,0.18579520762606694,0.3005710908965877,0.46423709110437117
AETJVSLQFY2F7D5AZ7H4ONORPQEQ_1,100,119,96,99,True,21.283137320900398,0.16234040348222142,0.23323106394795817,0.31128022530086763,0.4179090047245534,0.5687658137334619
AEUPGVS25SRCGTJDEU7ZZR4PLQTA,100,158,98,99,True,13.658585498374459,0.0534482835350488,0.1045820189061792,0.18188482533202024,0.2915420293218105,0.45153808346280777
AHV67OZ7EO5D6QX53S4BEXRQ6FHA,100,631,90,99,True,15.97617177379463,0.06656827173794798,0.1126668626740206,0.18832039874588252,0.31248195222425634,0.48299045066760965
AETN2CVMM7M6VM2TZPWV7ASPULRA,100,121,99,99,False,14.71404614708044,0.052955472561004996,0.09514687866472823,0.16351838174240646,0.2705892223366261,0.43055793184989144
AHYUFOFTGNEV4TGMQLASS6EA7QAQ,100,176,99,99,False,16.482680162633688,0.0670515365662283,0.11194542304484285,0.18299707167241794,0.29588547130063797,0.4602154486794014
AFUFF6CVQ4VVTRGIROH44A7ESUDQ,100,140,99,99,False,14.575833535847758,0.0640217579327717,0.1099626866380966,0.18803785678928514,0.29558720913123393,0.45460260059834406
AEMOSR6PPH6SLWWH3FTRNSCEFJSA,100,115,99,99,False,16.31344032626675,0.0659692016069552,0.10508753132962598,0.17282951070354494,0.27794141126383454,0.4374785943210847
AEJ4BITCXXWZ6QUS6ORMHAKUS3XQ,100,113,99,99,False,17.35241389949707,0.06534254058910338,0.10712579161793401,0.1752219085612128,0.28163021265252414,0.4416883417238169
AFVQ6XMBHSGTRAUUEYSUJ5K7WT7Q,100,349,99,99,False,13.921979599244587,0.05450134999923586,0.09439614202779795,0.16081796471190155,0.2687829444874193,0.4340806098936276
AHV3RB5O4GME6B7NTVO4YBPSNZ3Q,100,192,98,99,True,16.043877642188356,0.05940061009913975,0.10039329064180758,0.16833719350316528,0.2706956268326989,0.4285107978592509
AEKVYKMVVSJSJNVPRHQIN5UX6UVA,100,176,99,99,False,17.886874787277726,0.08268344669689097,0.12076716579661122,0.18738755863724052,0.2923384977628012,0.4523022984331244
AHJBJXPD5RRVYSGZ2KTEM6WLXGXQ,100,147,99,99,False,15.469691898332144,0.0660617598230311,0.10745936451039717,0.1777387118688464,0.287164636405203,0.4498588091712819
AEXE6DSTVGL4MNBOFEPICPJLNPKA,100,286,99,99,False,15.743699268877318,0.06902811003457429,0.11507613484774448,0.19070637595466036,0.3003801458071884,0.462020687910971
AFCMONQZTRUTDG6AETEXBRVA47IQ,100,403,99,99,False,16.050436867565956,0.06064476210692202,0.10936575755316896,0.1725974613000763,0.27958210383021986,0.4428759172218131
AGBYWW4V2ZDUCJGRQNQWLSCPPOVQ,100,362,99,99,False,15.841134712925973,0.062208172982242536,0.10744940091349019,0.17361731190734644,0.2866585424004548,0.45198880644893225
AHFBYEZMBRSYTTHLR4IVF4OVME4A,100,139,98,99,True,14.319171357721379,0.06965220157003428,0.11306245157403574,0.19435453995507396,0.3198868299596939,0.4883823623022109
AH2D3DFBV7M72TOCB36TKOOPCY7Q,100,126,99,99,False,16.095418628418475,0.06854375709720827,0.11391498281448706,0.19169879757426794,0.3018627846486891,0.4661859131188751
AHNDRGDP4AR4B7GKGU3SEJP2YCUA,100,257,99,99,False,16.535065686084106,0.08340631331718013,0.13037379802334267,0.19945788261897726,0.3140003588569911,0.4827572220978277
AGDCRCVUB6LYO6CXHSVPT5XZMCJA,100,157,99,99,False,14.479967852241565,0.051657994727985886,0.09222216335389662,0.16140194575700564,0.2683049357189209,0.43005599276352335
AHMG3ALUBE3FEBHODTBHP5J24YDA,100,124,99,99,False,16.755604404489393,0.06427330124282449,0.11527971225455726,0.18335715617248072,0.28887720945112055,0.4487931382531278
AFUEDRMVN3NGRUCH6QBYJ5ERROSQ,100,141,91,99,True,16.529210522908865,0.06349889731507209,0.11248497965714363,0.1840275996477776,0.29926216253931465,0.46892975131741826
AH5VDE2Z5X2ZBRZ3IYMSCVW7ZWFQ,100,485,99,99,False,17.055800494529702,0.08331982302339758,0.12433322408669334,0.19455256637079027,0.30294110932560864,0.46022401658002143
AFLKX7ZNVK2DN6LG3EAP6ZNYUFHA,100,238,99,99,False,16.652554808273507,0.08259765398175134,0.1292297150294893,0.2020165700719156,0.31168628655261094,0.46913621817770623
AGUR5Z5USANA2XCROX4ZCIDN3CYQ,100,100,99,99,False,15.85119002558759,0.05990916238532188,0.10328857191255945,0.17103899076388657,0.2798032049339268,0.4393639421970218
AFIL2IVD4EMGED6B55QB73O5N7FA,100,268,99,99,False,18.36014623960767,0.05890673513413315,0.09553444742919433,0.16062726434788627,0.25734513787843843,0.4104161920446003
AFLLWVXPGCSBHCVVTEU4Y3B2GYQQ,100,304,99,99,False,14.782443876189383,0.07012790215520677,0.11732244358369903,0.19576407524223635,0.30630125879196884,0.4674081386756542
AGECX44JOL7NOUX2N3F5WXVXVBRA,100,131,99,99,False,16.704850155865305,0.0620788808151758,0.10555093109547188,0.17353478334373945,0.2783848138212895,0.4350247183695327
AFYF3RMBXF63VL5WHFNQCOFOWTHQ,100,503,99,99,False,16.97663628023967,0.07694012824633922,0.11875902702228228,0.19898650542725776,0.32071698406620136,0.4937842943233003
AGVPTOCMRGSG6VLDI63SYQRPHXDA,100,119,99,99,False,16.390723595980273,0.07059356696713709,0.1185694370658224,0.18869772322376166,0.29668349714467496,0.4630794519055305
AF5LSOLMFO3RQAH2LWPPWPYMNNWQ,100,245,99,99,False,16.16998910969941,0.06660719643151307,0.11511669528856973,0.18111574053257273,0.2865106334224965,0.4476189644008477
AGUZIRNJXRWDW42Y6CFVVYV3XLDA,100,154,98,99,True,18.56293059700238,0.0677234619638699,0.10529266972353983,0.16920661798746053,0.273067223171939,0.42886287977625753
AGDJL2BHGWTC3WWWE7UKNMLF6AZQ,100,140,95,99,True,15.503029107499977,0.06316794175523582,0.10389847873625165,0.1723272565967423,0.2853600102285257,0.4508999835034724
AEZY3WQ5CO4DOXRNJOWWXJYKCAXQ,100,223,99,99,False,16.716375536679525,0.07473661421446008,0.11439271611243963,0.1877384260975655,0.2976881404187593,0.4581558816452325
AGFN3T4UR57DF757BHYMF54PHT5A,100,153,99,99,False,14.667000608743491,0.062298629869414944,0.10713389641524473,0.18202036720629106,0.2928454061184802,0.4588590222967136
AH2DN3Q2OKAW7JAFRIYPHOUOM2ZQ,100,466,99,99,False,14.963254286210022,0.07696344609226809,0.11990816050563893,0.19371800438769274,0.30887242180428315,0.47636585534330783
AFB3LK6JUTBNOFKZN27PCGOUULFA,100,268,99,99,False,16.190335281220523,0.07904175318903661,0.12279775727310921,0.19835041517224974,0.3057300857565211,0.46897483829434383
AEWJY37OGM234E5CVFSXPM2MJYPQ,100,112,97,99,True,15.156750202107292,0.06628820477065293,0.11146482600274871,0.18808088945554352,0.2994878647109513,0.4582656420896839
AFJU3FGQUWXM6XKMDC2FKSYYEZUQ,100,251,95,99,True,16.657293794367035,0.07185543127741427,0.11952761412817271,0.19372383239216506,0.3031889715624585,0.46380329959708677
AGEECCQF4MDXAP7RJDDPHK4U54FQ,100,398,99,99,False,14.18997481434777,0.061042310187843424,0.10770368227300837,0.17520985252378457,0.2874589101651629,0.4532753601321606
AHBWIJ4QQRF42MJW4FKDCG7TOTJQ,100,106,99,99,False,14.649128847066903,0.06658650191849019,0.11188167235755088,0.1869900771333793,0.2975378438936719,0.4601450999602307
AHU42PTRX7VJN2AFMA7HJZJINSQA,100,213,97,99,True,14.347185495088704,0.05388597537414986,0.10178971432295705,0.1722132150491802,0.2870713131394277,0.4578228584806277
AHXPKRXEH44KPUX3ZJHDEOCXWOUQ,100,176,99,99,False,15.677803616447774,0.06821288259357401,0.11115064868028371,0.18213639239278456,0.29313801842894316,0.4586365646462763
AHXZMLMYFGJSSWQU3TWWU5MBYMCA,100,265,99,99,False,14.771181796976597,0.05588326140825816,0.0991663819252867,0.1673306601174432,0.2754598027140072,0.43877460677294144
AFJCRMSGWYMAVOASYUUBR63OTLQQ,100,102,99,99,False,16.01109216863449,0.06515287747956214,0.10601209636016781,0.1723936036268018,0.2801936806318203,0.44100786064154585
AEWH45WQQ2EQKJVI4CXJYZ6EO54Q,100,188,93,99,True,15.209049485644028,0.05739816681764286,0.10365855008548727,0.17132111037184553,0.2793088671109707,0.4418175561144525
AGUSJIO3JXYYZMXZ7D6IC7OQCP5Q,100,143,94,99,True,16.432023014512268,0.060100559657187684,0.10915920304740856,0.1837754492065042,0.29571814910991573,0.4565385284754155
AFOTJXRQDUCKYFT2PPHRCVFKDN7A,100,119,99,99,False,16.387416380491395,0.06383210618921813,0.11572161937760503,0.19165040664825955,0.29358686206682083,0.4490158860964005
AFW5SIGDUGYOBFH7NFQANKDR3TPA,100,107,99,99,False,14.647601420961074,0.07717733782759682,0.13174859237219722,0.20772356626624144,0.3207524142401978,0.4846710163057711
AFYBA6767QO3ATXOR26WHUPMORGQ,100,204,53,99,True,16.521047638044852,0.0726723560593923,0.13605856634360147,0.23144863989766856,0.3806419452683388,0.5973353494216068
AHFWDMP5HXQ3A3NTN5T4S7B7BDZA,100,112,99,99,False,16.279307401058357,0.06139771045601949,0.10619621958014021,0.17445995491151234,0.27870446792511494,0.44214926665085447
AGCVQM5SM6BVF25XIW74L7GGFLOQ,100,179,99,99,False,15.044255707460938,0.05612721572831114,0.10231942456910414,0.17025560888933128,0.28041923024944,0.44658217564218067
AFNGDYKFPMNYHOLW3NA5MZVNH2YQ,100,100,98,99,True,14.123242898014706,0.07223103022137345,0.12392939824219946,0.21194959536971578,0.3328488347979836,0.5020956642640294
AHXVRHUOXQOI2QAMSOZQYEMB6PPQ,100,206,99,99,False,14.397571677084652,0.056987587546472034,0.10233721586806044,0.17702077742797015,0.2882485442860186,0.4471860230009085
AHDMAL5TGFYGKX66YVPSBYEVDXVQ,100,124,99,99,False,16.035407989224407,0.07505489262274172,0.1188854750090397,0.19076114194988544,0.297060852748553,0.4582844821304253
AENEBO2ESDZSB3GSHROPTRBAN2VA,100,298,99,99,False,15.635629126908949,0.056643527485986625,0.10335292285065506,0.17398109268005493,0.287231692102502,0.44334308097807085
AHV4TIFEIBV4GIILG6BATSJQZDUQ,100,118,58,99,True,15.494712066578117,0.08798455766094904,0.1569737999298962,0.2593668493600134,0.41555285998582603,0.62515528090729
AGEQRBANWEFCXNDWJI7QFFHPCSRQ,100,213,94,99,True,16.51865320701565,0.0810954465483761,0.12400807376674322,0.19348668596330482,0.3077342796784921,0.4743046371684333
AFVCWOFPUHU3ADTPTITP26RGLF5Q,100,152,99,99,False,15.433418959253023,0.07651622606662212,0.12229419143771564,0.1978494921852786,0.3116349311656062,0.4801851361358808
AH46BCKSKE4RXYEI5Y6XQUCBCKHQ,100,187,99,99,False,17.575602226187325,0.07174852476532882,0.11938496447635043,0.18707331003651698,0.29512711364809535,0.45413581833883443
AHVQH6Z66TVI4B7R4NJ6XO6BAISQ,100,340,99,99,False,15.871574201267304,0.06290641898336957,0.10713252127433363,0.1781229511828702,0.28717643764439926,0.4469520381519527
AHXEK642UJNWCB3LIGZZAKTONXQQ,100,130,99,99,False,16.044828861571357,0.055662915941705624,0.10108109737045513,0.16403511122427342,0.26566203149500717,0.4245874680684176
AF7ONCCYEZYUVOL3GHBGUNXRISOA,100,252,99,99,False,17.194635594348902,0.07061711336802624,0.1190716407612452,0.1839908590958193,0.2869339642416918,0.4444727833577884
AHX6ND5IXNLLPE46BFRTFIWJWMGA,100,105,99,99,False,17.112598682732386,0.06383775833475121,0.10815289735593038,0.17530332294500134,0.2801449128184628,0.43815319507873673
AEGJXCXNUKZK2OU2X6FUNLEE3HZQ,100,152,98,99,True,18.16987393585253,0.070167631335657,0.12135140807478098,0.19048884117425433,0.2985895027311801,0.4643063157569089
AHRC5Q3ZFV5WWITJOSVDWF57LMGA,100,114,56,99,True,17.65491219636274,0.07743305559286073,0.13014230636025723,0.22385264022161658,0.3656217388370113,0.5790621409261381
AHH53Q3XLBEEPK36DLJ5UDEVZM5Q,100,244,99,99,False,16.948013645796582,0.05958444657516576,0.10848043052616445,0.17451476375133634,0.278409616283117,0.4433263894866483
AF3RX6UDRL5FLROADTKALI23FFBA,100,115,99,99,False,14.349893179967829,0.06666000915363283,0.1210665310509184,0.19529549515566552,0.3097841607441968,0.4763073762339825
AGG6BKDYWE6N6DPLJJB2WGTUV5UQ,100,336,99,99,False,18.110067002322573,0.08297564850723638,0.12477276628943684,0.19323037592569073,0.2995537631372422,0.46253537805305417
AEESOLSSR4LALOZ372WQ2PZBLLSA,100,449,99,99,False,16.74392884034122,0.059464771536406356,0.10606463071464167,0.17172963340943392,0.27468804767126337,0.43426019232883795
AFN7GACKXTF3AWN6DOGFNLEOQ2OA,100,621,99,99,False,14.041158149465776,0.06876813682124815,0.11589980498416118,0.1907306604586731,0.305864280457161,0.4712253006276231
AEKMZRFI24IXTBXMZOKENNL3VFBQ,100,114,99,99,False,16.19549526091594,0.06227703740419037,0.10625425959325512,0.1857173320363912,0.2992911223600261,0.46380890220025617
AHK6NZZMLGYC7CJCD377RS5ZO7RA,100,161,98,99,True,16.119260647821232,0.09348339905390608,0.14916407151961117,0.23203036992285303,0.35223833179092856,0.5164859497773402
AFSHMZJ2563DIY7KUGGH4PB2RPWA,100,108,99,99,False,15.336601253996097,0.06673570813162491,0.11067836927027314,0.1893333685956517,0.3030779605215854,0.4694182910998437
AFAWXPWTSIPWCOQPMGFYIG4I2QYQ,100,107,99,99,False,16.278822351680443,0.06032421576432376,0.09420730556802523,0.1581941470664483,0.2609563814990633,0.4178908823209328
AFCO2ELGXSFDAUXFUT432DBP2V4Q,100,104,80,99,True,17.44789416558526,0.08658636787549823,0.13693569870841632,0.21915420584206813,0.3473985653358919,0.5347136351067996
AHSYWCHPMJDHYJDHKZDZYUDYMGXQ,100,109,99,99,False,15.26796715239931,0.06592388731151175,0.11139892869315068,0.1792076255368814,0.28734667692773025,0.45467233443082067
AGDU4N5YF4PWUEJSUPMJUGYYJLSQ,100,273,99,99,False,13.859945011926813,0.06252541263072692,0.11022789095999701,0.18439897463256366,0.2977170054261361,0.4618977954514286
AFHPTQMY64EIQHJ62AEQSGCEBVGQ,100,701,97,99,True,17.268078517987277,0.09740074465067859,0.1488057418470007,0.22096210002813257,0.335845555241713,0.5119802616343849
AHI6NGJKRK3ZZPQ6IIDLMT2MFT5A,100,197,99,99,False,17.854273353278348,0.07871164469669331,0.12650719136299093,0.198245828192605,0.3016005240457399,0.45933564306741964
AG7A3O55CZYL7FOM7QCRVXVP3IDA,100,129,99,99,False,14.269457456755061,0.07339945067234149,0.12391033690397142,0.19779871073211633,0.310857104701736,0.4693422286124166
AEIIRIHLIYKQGI7ZOCIJTRDF5NPQ_2_1,100,399,98,99,True,16.49598074253873,0.07635681994809099,0.12901358103618374,0.20167655509651244,0.3092951743887848,0.4694816196565217
AET3GRVVMHEXRXTSBFFWSY3HQEMQ,100,112,99,99,False,17.175463213336045,0.06723904938655835,0.11815611394006233,0.19363440671966206,0.2991498292245918,0.46089248300991387
AHO3ZTW4HFSGBV7UNIZN7PW74CSQ,100,218,95,99,True,16.42945417655116,0.06867042621258852,0.12544979121006447,0.20954786765019673,0.3228148321097977,0.48779406710335715
AHVYEGMH66T7GGYPUNFLF5YKWP4Q,100,106,59,99,True,21.478992993764017,0.10669230752046431,0.17390302536467742,0.2838031898058174,0.4631590419709237,0.6560403777375649
AFG7GFUNXVOCSGKUG6EOJYYDS56A,100,109,99,99,False,13.75325650326494,0.06574628586882145,0.1154592355029911,0.19476786062362403,0.3156572601778498,0.4903413686000532
AGKFAOJX4FPADTOHRIJOBP3JNL3Q,100,203,99,99,False,15.042719234402059,0.05687298824129427,0.10220695719797782,0.1689495817588422,0.2763377371654075,0.43991393421700825
AGLRFKBE7HRBV7PMSCO7LCN4R4BQ,100,148,99,99,False,15.632446550516587,0.060584587217530295,0.10311177878963275,0.1720742290650921,0.2805457035757873,0.4454969948538681
AHX2VMU5UQYI7NLQGGLUBO4NLOZQ,100,126,99,99,False,16.12597570252582,0.06563365194176149,0.11800702831324697,0.1827773872088524,0.2960065092637696,0.46815998325960034
AEN6EKH7NJ2VGWM2WWVDXORGLNIA,100,163,98,99,True,16.66969593731301,0.07910260857654804,0.11888205508375214,0.18745026469420234,0.2955422517166816,0.4614838557761307
AH5BEMAKZE5RJ3JSHUYOJ7S2WKBA,100,121,98,99,True,14.594523256453813,0.06936216445115058,0.11210346825038717,0.18376233028582578,0.29799648182693694,0.4623313415891233
AGTHCG4NELYQSLQC7AUYHHTNLL7Q,100,216,99,99,False,16.643576587614554,0.0692809119854218,0.11622026197304322,0.18846991982993402,0.3076179116742354,0.47637221634581495
AHBK4QU2FQD5MPSCIITINHM2TAPA,100,154,99,99,False,15.203273608714989,0.06249176158818448,0.11050044548688052,0.17944892266084353,0.2871996340336846,0.4516596231767069
AGVKHVURH5XGP6335AZCMGNTAAMQ,100,163,95,99,True,17.272130889070205,0.0711541318319483,0.11776780802338675,0.19623103549417467,0.30900907611806927,0.47424029583703814
AGYVC7KVHP2AWM7BDCEYNHFA6F3Q,100,101,99,99,False,16.35124108704495,0.07706120642707338,0.12319896301789039,0.19902817030208977,0.31654753523399315,0.4833293207214249
AGZC734FUDTRUS54AWY5NO7XHCIQ,100,410,99,99,False,14.923699351120026,0.05241789047973233,0.09522804303912438,0.16040920028741415,0.2700139046625998,0.43546127239344923
AGTAEHQD23OXPBIQ6XULCRAM63QQ,100,210,96,99,True,15.362545721216984,0.051518841090696856,0.09145731547115908,0.16169053847621462,0.2695874966499169,0.43618032077820934
AG46DXNFU65ZZXWRTQ3R5N7Y2IMQ,100,141,46,99,True,20.46900659919564,0.10252513236103158,0.18105674010426687,0.318214450143818,0.525395206170748,0.7652100699561175
AHLQMVNQZZI5XL45I27JQFK3VC2A,100,126,99,99,False,15.910041716240507,0.06014747068122297,0.10151030856530802,0.16868155157083373,0.2786368748888603,0.4430577142711897
AETU6ITSYPQHDV2VJCBWRLKFGYYQ,100,1130,99,99,False,17.508668529299957,0.08669719355665124,0.13049916280996712,0.1964539152550871,0.30080133258691694,0.45663029219702417
AEQLRFSCJIRIKSYQ2KQJCIBP4RHQ,100,364,94,99,True,16.50468840658355,0.05722247674031099,0.10181537402771589,0.1791354342933942,0.287558518155549,0.4486151397614135
AFG4FX7JY6KEFFNXB2YGSIZ7HWHQ,100,131,95,99,True,16.774522354368898,0.06190698927617702,0.1113321647597517,0.1849795463197506,0.2939392686377926,0.4544023925333822
AEXHQUNUGGXB4VZG3HB6GFU2FCDA,100,100,99,99,False,18.614525980568686,0.08050289890833756,0.12937559170844162,0.19196600482310522,0.29291416362678363,0.44932096801148635
AENPFFAIQ75VTJYM6BCEKB5WWWJQ,100,400,99,99,False,17.015670370720084,0.07537135698908251,0.1223301941121268,0.19425292005431505,0.302033839061757,0.45993916239996285
AHIP4YNGJHFG2XOFL3A4DUNNPEDQ,100,103,96,99,True,17.790734479109666,0.06975985605605764,0.10723420202781937,0.17771163719335564,0.28828721045455097,0.44561198019155807
AH3D2AFXD6K2LDRCCTC6GCIXTSAQ,100,654,99,99,False,15.974267345576205,0.06804997992664835,0.11740516468839965,0.19073036428037382,0.30088947290229107,0.4645085749991302
AHIQKES2DS4GEDPKHAZMGCS2HHMQ,100,108,99,99,False,14.68923881595232,0.056036248020983795,0.10210388375205685,0.17382289669720358,0.28730994279164845,0.45197135231339003
AHOFNQHMKWRZQRBRYSCN2NFWGEZA,100,159,95,99,True,15.143078530115936,0.06870755152606076,0.11499072753073006,0.19004299943296502,0.30201867642552715,0.47668860311742106
AG2C6A2ERINH56325T6QCUWGYVJQ,100,110,99,99,False,15.39083252209499,0.06661297169123344,0.11084582037488257,0.18718149758823052,0.3018548749627173,0.4665378451592988
AGYNSON76GT77CALAB2ZU5ZUVUSQ,100,172,99,99,False,14.508683805028738,0.06367288036391615,0.11134730189683828,0.18235113424414895,0.2954125496069339,0.4598455363988249
AFKJIGE3HZAFTL4FSPSSCIRIXUWQ,100,128,88,99,True,15.793894126313077,0.07024066872970804,0.12654469924933293,0.193215691044866,0.3058890160062474,0.477795936832582
AF2T2NURQISR3BHXLKR647ILUOFQ,100,287,99,99,False,15.680961821171532,0.060999025979831555,0.09784322729689983,0.16185965790622137,0.2668072334237605,0.42571330582248623
AEUWZ643QYY43HRK5MXAZ74DSCMA,100,162,99,99,False,13.821556134217575,0.05395291827544425,0.10005189909081216,0.17272490243582292,0.28583879236211085,0.45004602907010777
AF77WIID7TAGOWST2NGGZQIRMEOA,100,342,99,99,False,18.012262212161986,0.05489881908211575,0.09741924341871173,0.15326541780283953,0.24765847658187942,0.3957900472949053
AGOEJF6OZTPVVWPJDQFFISLNMI5A,100,111,99,99,False,16.727019311604646,0.09358445050432307,0.1398234951630651,0.21662604585876066,0.3350853656842654,0.496502159223637
AEUXRQJTAD7YFA5OZG6LFOMVX6SQ,100,156,97,99,True,17.00591656448589,0.0761689189426617,0.1220198487312762,0.20197795728319254,0.3201371965695463,0.4888085697191818
AGZK7EECJXRY6YUVGTBM2SRBZFSA,100,276,99,99,False,16.550581238442213,0.07738558050972554,0.11900698874139184,0.19106236379909236,0.30271633030772166,0.46596629393147737
AFBUKVT3KQFLL4X536HS4KKBBJ7Q,100,102,98,99,True,13.876687238297746,0.08782779872726819,0.1342695009791959,0.2203979955122787,0.3506301106310304,0.5219893664218364
AHGDK2EN4U6IYBGJ2QFFJMXAQMFQ,100,100,96,99,True,15.38023764006125,0.06790340874219769,0.12386411955071133,0.20114341084509496,0.3251146452670912,0.48984035053218467
AFH6GLY2ND6DKFGNZD5NF2DUWP2A,100,291,98,99,True,14.87527023917432,0.06385706340536466,0.11432979215486108,0.18828144000404995,0.2996906846457111,0.45992659279981607
AHHJ5NOCY5EROHZASRCKXZBGLUKQ,100,131,99,99,False,15.683103857183658,0.0722136660584877,0.11456791982959509,0.1864835555581826,0.29963859232048967,0.46231944558691834
AFFW7M4JEAYPLMOFNGXJZZQLUYEA,100,164,99,99,False,13.576932821835221,0.06747827569557369,0.11751078912333268,0.20003647670415758,0.3157790475401129,0.48082016899641594
AFR3I45A3TZAQV2AIZOAZBKPUOUQ,100,139,99,99,False,16.014713540894807,0.06429811867210515,0.11083132258496656,0.17465130236758197,0.282940201606751,0.4468637903398647
AGNSZL5KXPO5FABO6EJR3T2ELWSQ,100,167,99,99,False,15.749774021378775,0.06698695712833176,0.12059084602439382,0.19140191113758237,0.30117528602067817,0.4688766709677477
AG3HIKXAMFBUKALTID3BGXXOS5NA,100,171,99,99,False,16.383688476879485,0.0597186652459456,0.11213683878158112,0.18358328617638348,0.2904261878281896,0.4453355620346458
AFREEUPTDM4GQPYLVA2EU546ZNNQ,100,117,99,99,False,16.039714213066013,0.0662059712802647,0.11737913111179357,0.18341923130641583,0.29055368554310834,0.4544600629317049
AEL6K4LBMCUFFYE27NG3DWZMV2ZQ,100,198,99,99,False,16.704701842888873,0.05882390243620894,0.10454314455096309,0.17084263889486812,0.2741289495340366,0.42900600546898376
AEQFY32CE5CX4736RGL5MSMLV5UQ,100,181,99,99,False,16.14495084016951,0.06244551341253996,0.10829452749354194,0.17826320206342247,0.2886698206868802,0.4501220703910626
AF27LI5BIVYEJETYOVRIMV6XPHOQ,100,101,99,99,False,15.820602471255967,0.07075757073977414,0.11432231270281519,0.18845918774703094,0.29762885490843255,0.45821707094632896
AF3PW2SV2WOIN7LLCUD5QOPHME4A,100,110,99,99,False,15.46494386214662,0.058553018586818356,0.11212153203170963,0.18251175642794942,0.2948172605307504,0.4588875459420989
AG4IP5IZSXVECLEUJBWCPBUKBWSA,100,125,99,99,False,16.248800354229303,0.06420055853198126,0.10822084810053575,0.17471437042120397,0.2796159941162672,0.4413531378415141
AFO6T767OXV24YU65XUACO4O6DJQ,100,219,99,99,False,17.091924520998543,0.05699939784545628,0.0956139179872767,0.16169236507631637,0.26344567986377454,0.41741284579350724
AHTZ3PYRZPGOTXL7T6I4ZUYY7APA,100,125,98,99,True,16.716991718846476,0.08710463863353853,0.14389436140133707,0.2236955941749079,0.33679604772058674,0.4995940607077049
AGENXWWALUHJKAUVANBE4SANON4Q,100,270,99,99,False,16.402717085737905,0.0829459001053616,0.1269500399297538,0.1966576334858267,0.30924569726268203,0.4744477177999517
AF7CLYC43B3X2W6JN7OFE6AD4AIQ,100,104,87,99,True,15.348129705758797,0.06681522270261557,0.1152133468879576,0.1871056419079831,0.30768668158807794,0.4820437233929507
AGHWTXXBNKD7LD5VJ5TNEM7VKMGA,100,181,75,99,True,18.14861382799201,0.06870623286946438,0.12683142178114967,0.23073456265827566,0.3775012719669913,0.5728859177451965
AGIGXAVHVBQFXBXMOBNJ6HFY36MA,100,1194,99,99,False,17.146123362603586,0.08312138878885018,0.135356095202224,0.2172898169093538,0.33540578027587814,0.4976441186357077
AGOM7QIEFGNDQDZMPLWD4434XIQA,100,110,93,99,True,22.6711072986966,0.12030444960794472,0.1839653193313314,0.26202396502540315,0.36426650157923274,0.5105071211695147
AGFN3252BBTYUJUUDQMAGYZNUT5A_1,100,431,99,99,False,17.089099894246214,0.054946600462381624,0.0901007194993417,0.15406968329625395,0.26039182630071356,0.42116994045244
AESYGQVMCPGJ65L3HVVPXJ4ZSLQQ,100,151,94,99,True,16.006012893300312,0.06926497709767833,0.10943563498276783,0.18202967737028578,0.295113438121827,0.4603582647618486
AEAUD2E4XHJI6XJDY4TNECNQ4EEA,100,173,98,99,True,14.598645368785478,0.06899111281718355,0.11791060567337805,0.19512867285103241,0.31177038571375115,0.476480756571538
AFFV2L7G7ZRITBQ7GVVKMO4J26XA,100,116,98,99,True,17.09249410785875,0.059772320470723075,0.09545139932126263,0.16182766934457016,0.26498947621832936,0.4203473422386748
AG3XXUIZ3QUAZJWYZZGCELHTAFXQ,100,128,99,99,False,16.474246967422086,0.07332481747027864,0.11593060071124388,0.18675656524479595,0.293025053719573,0.4472046749898278
AEXYYBY3TRVAAGBXZWZP3EYCHXAQ,100,194,99,99,False,15.220550530594537,0.07495022791090733,0.12162511915548148,0.1986396681659052,0.3124866158765877,0.4848671803481212
AGOUDHOTOEHTBZKBSZJOBRSFBD3A,100,153,71,99,True,17.61111884268295,0.07234461829823671,0.1378158734653082,0.25409130471132135,0.40775841263144463,0.5781852263356156
AGDMXN47VMOK7TB4EGSCLWJ43QRA,100,172,85,99,True,17.155113771309157,0.06013038117710926,0.10804420709069985,0.183803830525618,0.3013783004838684,0.4766663305860704
AFYMXJ7EMNIQ6WGSNFTVHOZKWQDQ,100,127,99,99,False,15.063680854108018,0.05853350071309335,0.1006680233824876,0.1708676545757736,0.27338328721691185,0.4307445358160126
AEICZD35OTDYVWA2KPYWN4PDZ2SA,100,1953,91,99,True,17.076291783832406,0.10405209070901864,0.15079867045415382,0.23027456638807967,0.35541147111368404,0.5257994449504384
AGSP5T6QDRZHHZZ4V5DFE62ZVXOQ,100,129,99,99,False,16.6213600761096,0.05568256655326506,0.09651142086761433,0.16277360263888743,0.2659708413652102,0.42431352007987577
AGITFK7R4LKOXVZZGEVWU56Q27JQ,100,110,98,99,True,17.069396491298157,0.07961403952147625,0.13057992178729966,0.20440320971810408,0.3259656382257032,0.5015190442291279
AHCX7GPLZ4J3M6B7CB3LWF2HXEPQ,100,108,99,99,False,15.359281099490149,0.0579283753789302,0.09547200992058064,0.15940668046956905,0.263093689735906,0.4215633405145629
AHL7DPZZJTW4Z4VZ6TKCRSXWZXJQ,100,140,99,99,False,16.285660772436863,0.07829754257577087,0.13133386769337346,0.2026348499917528,0.31834170909071147,0.4848725288262749
AH3KSDVIGFMOTWIYHMGW2TQAOTRQ,100,210,92,99,True,14.960777841336096,0.06592682688555784,0.12021168881931639,0.2129712116944799,0.3417379927092167,0.5080151699487685
AE5HNX5HIVHJH734GBQBRKUMGYTQ,100,238,99,99,False,18.535605117100523,0.0692872916113756,0.10871305238575218,0.16975247097433593,0.2681731420011628,0.4209688284938907
AHC6HHDXZRRMMNA4RTWJLDTVRANA,100,108,99,99,False,16.40002228787918,0.06738860616581366,0.11696112446624865,0.1827295274981136,0.2899162047476261,0.4497004612444722
AECLZPHQ72FZTCG2MWNAZIJXCRZQ,100,163,99,99,False,14.802693211265604,0.07256725405420984,0.12175613253336313,0.19294143180110107,0.31170122433870745,0.47570333628710354
AE7KDATXSB63T7FO6XLHKVSQS5HQ,100,159,99,99,False,17.33381412490787,0.05496015323462803,0.09855929976848098,0.16357371693487527,0.26517626132813427,0.41835539670596716
AFX5IGBDCJTOVQYLRYGN5CIRNXQQ,100,130,99,99,False,15.061946079150585,0.0588827339456807,0.1081538016641644,0.17478688891300184,0.2836613810025102,0.4408702475518911
AGH56H33R4BLJ45B26ST6ELWJJPQ,100,129,93,99,True,16.35275521513654,0.06314048997123521,0.1053055819731614,0.17711821268188727,0.28744148877735637,0.45692556580320887
AHBIJ2LIUGHYB52V33SJ5B3X7PKQ,100,166,99,99,False,16.963262956916758,0.060282964231799886,0.10031830024118396,0.15739103460224976,0.2618705452453087,0.42091521462070125
AH2HGXKZLDJ2DKPMA2THUBS3AF2A,100,121,99,99,False,15.355881545447783,0.06935976834430693,0.12023294008135355,0.19264244062791103,0.3035327496311716,0.46688108644856674
AGLIK7JF7BZWNBTMOGOR5VG7JMGA,100,120,97,99,True,18.13930839919441,0.07787411967714852,0.12453975977055867,0.1929129393092107,0.29794959079391,0.45816536270903874
AEDXXN3WREPYHF7VOGSKGJZFA7IA,100,121,96,99,True,15.120090552628373,0.05612550408995166,0.10332426070756123,0.17793241765806722,0.29161774326060047,0.4574594261621208
AHCZW7RP5IJYIBL3GTD7QE6TW6CQ,100,128,97,99,True,16.737405027946267,0.05971978355408341,0.10555323386196121,0.17442298961019748,0.28245986122544675,0.44333271717365175
AFURBA64TYZCPYT5BXLKHOIDWO4A,100,110,99,99,False,16.836906138181384,0.058133695413992346,0.09880650199903711,0.164360321516931,0.2683607398771903,0.4264014982326261
AE6ZACDI7GDCKS5MTEQZVYT4DORQ,100,200,99,99,False,15.743444756725067,0.0771123485038529,0.12121871488767576,0.19691018335697014,0.30739499756066924,0.46608030180653576
AFNHSZFT2L4XI2SBCC4RKRNY3HRQ,100,145,98,99,True,16.908617745066145,0.07534962801041704,0.1287497406282751,0.21210615318535592,0.33984060431822466,0.5057798340472561
AH34IE3XCS3PQZNVMAVRSHO2HYCA,100,103,99,99,False,17.733141591014167,0.06893622526113387,0.11032559203117669,0.17444424966802852,0.2734106958474753,0.4261019789086203
AEW7VB43WF43JBV6TA6RIKOYLWRA,100,105,99,99,False,15.327136590503152,0.07520676513970442,0.12810734206619245,0.2045169992064787,0.32220007084459484,0.48781301801531457
AHFARMUVPKFUECSFCFMWDKRHYYKA,100,105,99,99,False,14.645943286342519,0.06984928271276362,0.11350918455511835,0.1894789761305915,0.3024183865576503,0.467404678078486
AEC6HDXIX3DNXWUVERZB4DGKFN2Q,100,116,67,99,True,22.479664069190733,0.11692839628938845,0.22057936813212037,0.35634955576927263,0.4847374710507942,0.6435296678391875
AFF5UAKSAMEZ3S7LK4FFPORA7FHA,100,113,99,99,False,17.179166168809978,0.06490687026171468,0.11662456421031084,0.1804766584702783,0.2882332540583266,0.44570939562883843
AELO64EBNJW5S5KM443G2CMIUTHQ,100,113,99,99,False,15.399096653003555,0.060792834476356625,0.10417489849542329,0.17283784802346785,0.27770308043263897,0.43716339556344164
AGMP22CF4X5SCBMB2MZSZFHJ3DNA,100,194,96,99,True,15.889957672548785,0.07400753140976819,0.13177435550812827,0.20662282645133628,0.3247485908099855,0.4995938872685799
AH6DBXMDH5UDRAIGDG25KSJ7JMNQ,100,111,94,99,True,14.83234500386303,0.059200799300785374,0.11044974967022435,0.18380443782617276,0.29957094308347815,0.4742872196746957
AFLI33M7ADMQ2B3DSIJLODWUHTAA,100,132,98,99,True,15.92417952704134,0.07590087000010257,0.13136879656160283,0.2021528318619365,0.31694987024287036,0.48189903146265617
AFI4OQK2W6FV2UUKOD2NTTBPJP4Q,100,124,99,99,False,15.389601591110539,0.07080710018748529,0.11425598999859798,0.18797894862496056,0.3012436604534991,0.47081139920786724
AEURYORXQ4THF56CV3JBGWTCIPGQ,100,120,99,99,False,14.753084013847362,0.05698003778179041,0.1040299946347377,0.17700411994812348,0.2883849138355987,0.4464101645929104
AFFJ7H4P277YRPWTBAC4JBFER74A,100,261,99,99,False,16.536143890443462,0.06017562438446572,0.10168805326839025,0.16832887676561342,0.2812381125468626,0.4440127752292272
AH226IDGXDCUTFVYPYVDC3ZQRBAA,100,202,99,99,False,16.426507984498368,0.06781475536508273,0.10877917759933682,0.17565427346984508,0.2858120560172056,0.44726923927473794
AFNUHCITVPCKVVAAYVQH4JNECFWA,100,141,99,99,False,15.325995419710214,0.05924944646928594,0.10737794306291765,0.18007792318003765,0.29548470318784725,0.4587539613346333
AH7BKWN5OQPMQXJ4ID2CDIUSZ5CA,100,109,99,99,False,15.35291494117804,0.049236321728687166,0.09020451709551834,0.15874735706926976,0.26787686737787975,0.4241292604166833
AGUREQYPLUPVADJ46BNP2KHJT4CA,100,447,99,99,False,17.11639071539957,0.05812498137478605,0.1007077525523458,0.16295412665321424,0.26529085775640365,0.42066947957332457
AFBLXQDW7LLQCIUBENSMOHIVCFGA,100,135,99,99,False,16.102739827921006,0.05949690695788456,0.10101672391365278,0.16797520270223124,0.26807774419608105,0.4288216203824679
AFRGJMSUHGKN6E36WF7NUXIQVXVQ,100,293,99,99,False,16.062528992580727,0.05883321725867351,0.10106597627142132,0.16500281720503643,0.27063411101363555,0.4331777525793438
AHQ45D2CUWAGTV6DWHF6NFNHQZVA,100,111,99,99,False,16.28990910133087,0.0766731403981642,0.12305651330740157,0.19634187354606375,0.30731245083774017,0.4685748049654103
AHEGS5VUBXZIZNQ3YLHKH6RCMJZQ,100,115,99,99,False,17.76835600714594,0.07997651103500596,0.12501820629103313,0.18845657538577057,0.2907247424490449,0.44740538916590894
AHS5OQLOPMP2YCRIWK3W6WDJ7BLQ,100,129,99,99,False,16.364071767835764,0.0675864305674998,0.11375991863258712,0.18432896053736864,0.2880699186075893,0.44221297851565966
AFRRE6V4BFGXPS2RFRZNAMSUH2QQ,100,112,99,99,False,15.756947805052315,0.05652496895359346,0.10959326080970648,0.1821141755144079,0.2887293698376532,0.45182361060634635
AGOA64RRMXMGKXQHXBPDPA44K6PQ,100,150,99,99,False,17.452178657344145,0.07986159317218083,0.12840614370555625,0.1982494558396277,0.3098351443259006,0.47262686652584573
AGBWV3ZQCJ5OT6OXJCN7WO777UOQ,100,1383,98,99,True,15.778231371470556,0.079826011951062,0.12616916032566725,0.20589800900479255,0.32141250381181935,0.48089219268282535
AHITMY4R3DYM6QWFUYVVCBGYW52Q,100,100,99,99,False,13.686994897937456,0.06375628916786893,0.11224639914327394,0.1856714447452426,0.3009922779607978,0.4642508740758977
AHQAG7ATRW7YK5TUB2ZVQWWOXAMA,100,351,99,99,False,18.149543465786376,0.07878941265785558,0.12057042628920278,0.19154879582421205,0.2944924646242542,0.44550644453209587
AHBZK7HDHJL4257LJI5UDHQIS4JA,100,127,99,99,False,14.187071971717323,0.05514072252270093,0.09793554968119603,0.17033870026345957,0.2819050237293639,0.44706812774121274
AFRMOOG7VG4WSGTOQCQMGLIGC5LA_1,100,196,95,99,True,15.538540923694564,0.06418813944217809,0.10784239292930936,0.1801838951670675,0.29439940155500066,0.4513557446679383
AFU3OZVM7DT5BYNOSENWS5AF7D3Q,100,308,98,99,True,15.208608261618263,0.07060924514786106,0.11740242421445266,0.19442788802535516,0.3134677534705869,0.4817176725977102
AETCSIAIBEV7UTIQRBGI4FLLHYEA,100,141,99,99,False,15.935752043604197,0.071332359530918,0.11279799140012697,0.18427065360330885,0.2965620580300577,0.45382998684725245
AH6AELLIKYB4TELTHF6E6EEATWUA,100,104,99,99,False,16.64037128071012,0.060019021356537805,0.0999827589577216,0.1681860340809759,0.2731545058692743,0.429211320854845
AFEIXWQVYO322QGI3W2CAAJUQSXA,100,456,99,99,False,15.671987251341012,0.057991449107783435,0.11250494957137042,0.18354982987689705,0.29291764906720186,0.4541950134004617
AE6SPZALZWZRHJVUFJD2YZWQ6LXA,100,216,98,99,True,16.000964555280532,0.1040987463709469,0.15903327746372953,0.23688319920771322,0.35972124470505173,0.5225090999764649
AHJNTPTXK4IF4IPSOROYUNCEBVTA,100,164,93,99,True,16.15303907297836,0.06852862170763409,0.11378240541474069,0.1845935241360748,0.29893682400252386,0.46403470281976966
AHOHLNMGSXJLXSG7BSIJDLQLMQAQ,100,102,99,99,False,15.511509233992566,0.06325951132150648,0.1141895750533739,0.18498971353972238,0.2921641933324554,0.4546349341599242
AFJRFVE66PTXX7CQNGTJORDUDF4A,100,108,99,99,False,16.031454695439542,0.07179543083032489,0.12351946776112399,0.19443811948951698,0.3076017986938616,0.4689319926639567
AHCNUR6GBCWEDOXLS33U5TD7O4MQ,100,130,99,99,False,14.544737367666794,0.0589609095682234,0.11154759535242555,0.1852705014273404,0.29070899614532436,0.4520012251229281
AELHJGJ7U27236OSGNIRZI7ZJDCQ,100,312,99,99,False,16.043522557515043,0.06404205268613858,0.10581859654817874,0.17070651925222455,0.2802383411166619,0.44039762385986536
AFQXUO3G3P563OKXL5C27GBJT4AQ,100,208,99,99,False,15.317803215778321,0.06482438296398962,0.10822916772797438,0.1837045888567905,0.2964587639404037,0.4614729852881269
AG7ZCPDIT7UCFJYYA23SOBDVJQUA,100,196,99,99,False,13.198916428685072,0.06439490304115265,0.11179810460148197,0.19349061432380846,0.3142258013635262,0.48401049029568166
AHIWNCZZSLPVVHPPLCTJPLWTG7KQ,100,104,99,99,False,17.126186957653697,0.06269532386015962,0.11205554134554724,0.1770871570077265,0.27449947710072853,0.4272717243138813
AHT3FWUNV6WCU3WKDWAMAVDEV6ZA,100,125,99,99,False,17.016518496775856,0.06398253103453098,0.1108644528045048,0.17472290335185814,0.2774288666515471,0.43885637074005623
AGIEN4NCW26MHD2EP3FPCESQPR5A,100,155,99,99,False,16.859245207833908,0.07189703643185413,0.10895096754265493,0.17396922777315513,0.2805689099091146,0.43742535205458793
AGYGB42MVBQ4X2XNEX45VHJD7GOA,100,159,99,99,False,13.017634219680954,0.06458550443343733,0.1082527964913121,0.1876412672220363,0.2978123631399972,0.4654759691084621
AG6WVGUFXMF4LIAR7IDGHQV2DI5Q,100,115,99,99,False,15.851446950060627,0.06347549214491977,0.11206592062967416,0.1838430066708536,0.29263524689931764,0.45096905963337963
AGBULUCAF23WPOCKVOFW7TMRG5SQ,100,151,91,99,True,16.062169435104327,0.09857870528479654,0.1841301773835138,0.28139847899778214,0.40546346732099414,0.5739699741312816
AH5PTXCOZ6L7I5PPNE3VRD7YSNOQ,100,123,99,99,False,14.53775594132995,0.05959949009186805,0.10110168982387287,0.16934802521101347,0.27697559028207436,0.4403964867593716
AGVMS7YZXEBNNMWCQLDYDTFFYU6Q,100,120,99,99,False,16.236868408784208,0.07731212594769964,0.12209362224740088,0.19539954133120976,0.30851644955177593,0.4763083220038027
AELJQ3VP26KANKYL3PDK5BYQLAXQ,100,105,99,99,False,14.06905919733137,0.05297471321809472,0.09535175882323839,0.1663127994900853,0.27293482828433374,0.4362229375909809
AE5FJLSPXITRDBGBSCKGWOZ3ZCOQ,100,119,99,99,False,16.075533768944133,0.07168792590953336,0.11661586308725543,0.18728553526295738,0.2964339945116526,0.4605215119468766
AH5QL2G7455PYHYK266Q27LGMTHQ,100,125,99,99,False,15.415430297962015,0.05400597960336195,0.1029307337683418,0.17319225451899137,0.27750368413285,0.43203470370326413
AF5RRRO3XOBWXMELE6NO4SJNOSAA,100,112,99,99,False,15.802807232310057,0.060144290302288676,0.10459610679455845,0.17160996207857823,0.28524390937509086,0.4495893720202957
AHH5FOFTTVL6KPZAWAG626EVAWLQ,100,124,99,99,False,15.51687263138567,0.05805082330358436,0.09643174597648252,0.16225308919406883,0.26853527739394084,0.4243249512498637
AEXO6YBJHQZFPLVRQJI6VX7IJDNA,100,327,99,99,False,16.30394433059944,0.07467737606200923,0.1221736730529343,0.20211367170524916,0.31918297601696344,0.48695208367152104
AFVMDYUBLUG5UUET4DW44SA4OM3A,100,112,55,99,True,17.7136605906752,0.08986635530297049,0.15510432936821172,0.24195155679680663,0.383221387768076,0.590231607787091
AGRLVQDTJKVF4WP3BUF7VPGKK7QQ,100,310,99,99,False,16.089204583597127,0.07425902457668314,0.12055966494727796,0.19259817358520256,0.3070220321070935,0.4699121054431708
AFJUNF4A25PMTEFDQIHCEN2ADIXA,100,103,99,99,False,17.468845705902034,0.07742617817340222,0.11792273603936974,0.18607319157032037,0.29287729409198665,0.45360131605992554
AEW353QPPVIJ25MBCZTQCQ5PS7AA,100,170,72,99,True,18.034525941494348,0.08028062960265804,0.14596524776657693,0.25184214437685665,0.3954499997267191,0.5792416620686653
AHGPVOMFLP3B2J4PEVQZYN53U7WQ,100,159,98,99,True,15.359217969361424,0.0859964919183271,0.13710369363083613,0.21740016156025954,0.34154696581642907,0.5120443147111601
AFL5V4KMZMLILUIYATP7RHN2BTUA,100,113,87,99,True,16.43161831668876,0.072510737172314,0.12494270466406111,0.20615055296265966,0.32634427868706833,0.5028700940997591
AHJDX3QF4FK5G6VTSNE2SBINPO6A,100,108,99,99,False,15.729198790612518,0.06712983945087822,0.11352740045136736,0.1901489176496543,0.3073986487816947,0.46877190164045046
AHYH7TLFGKACRF6RHZO4QBIICATQ,100,119,99,99,False,16.281558086147296,0.05365177612926101,0.1009605527753597,0.16749217233455832,0.2714640021195142,0.43154679452707956
AEKZNV5KOIJKBCW3H2RSQVO63DSQ,100,143,99,99,False,15.591370762867653,0.08033192852310722,0.12446702132529656,0.1983349602974317,0.31474387229433415,0.47972293180060793
AEOVVAOWROFTZAWM7DP4J3ORLSQA,100,100,99,99,False,16.176810168504144,0.06291649028993246,0.1037558661348311,0.16341084683610177,0.26791150412565934,0.4244046774042538
AERDQD3WFTSIGCSDF6GGFCF5PPVA,100,401,99,99,False,16.02721375173599,0.05592724096091302,0.09534279692473904,0.15892097960021845,0.26128031662854073,0.4133583697391907
AGDTZA7K2JTIM3RXVJSKEWD3FXNA,100,114,99,99,False,15.338112567915832,0.06847645160846942,0.11238094577234568,0.18502790232134406,0.2929060648287688,0.4574454027732736
AECMBFXDJHHNGEBXIOVY5M3V2PKA,100,285,94,99,True,16.387976230022314,0.07742458786642309,0.13248695214944037,0.21652440975920373,0.33999445883660395,0.5068179058390244
AH3RUNX6MACJRKEU5XAM4MEKQ4JA,100,135,99,99,False,16.409859034251884,0.05695565171459473,0.09622064692013099,0.16087443548462405,0.2609577256931784,0.413134941019037
AH4D6CKIJ5KFQRJN2L7CI624WPVA,100,142,70,99,True,17.59070787378601,0.07113614970122713,0.12375374566094899,0.20760539759233484,0.3386404823989874,0.5268936362662616
AFD3QKEFR4QC5A77SE52O634AH6Q,100,201,99,99,False,15.901820730903326,0.06932332030885191,0.11249464426309204,0.18687424947337905,0.29856535660518463,0.4597692949916351
AHKVDRZRDAZVNGYJ4R7H63IGTKQQ,100,110,99,99,False,13.916077647292521,0.056031021218220484,0.10539117510465904,0.17883867271411027,0.2893851586630551,0.44798304305034853
AFFKZZOUORW65WVQM46HW5MJDK5Q,100,126,99,99,False,15.355130004017596,0.05660767352041252,0.10424455432729994,0.17121707532005692,0.2748247056072859,0.43598804272034986
AEP5JNRRA4BXDGRZC5ZXWRKCZR2Q,100,171,99,99,False,16.441991314717598,0.0739128152783699,0.11685918114304612,0.18616153001246627,0.2992873970458703,0.46358556399397893
AEUOUIVZW7KTECWYBW5HPD6PE6YA,100,315,27,99,True,19.241301210045428,0.20178204168089856,0.3448029324327326,0.571297255641138,0.7866442889233137,0.9306342968661279
AF326CNMGP26ZJX2GVSQMT34E7BQ,100,121,99,99,False,16.579930619001185,0.05602674408759295,0.11063114790783192,0.17493042600371797,0.2776068764265555,0.43343214187774576
AHQBZUEAUUPWR3ULUNAMLB2JDKRA,100,195,99,99,False,16.26536375057812,0.0799488863990707,0.12087048594420169,0.18780491741677663,0.30005949483094096,0.4611346459356529
AHFCWSKACRWBMRUSHWOM7NEZLSBA,100,110,99,99,False,15.901693710514921,0.07080244802123253,0.11514965175619306,0.18243077556441725,0.2858132261767694,0.4455043421039793
AG2XUDCCLTNCSR4AEIZ4UHZRFOSQ,100,303,93,99,True,16.82212574785674,0.06525809884666581,0.11354827045050465,0.18534082778464392,0.2999140353890146,0.46637311378079027
AHGUFVDYHZT4GZVUGN3FSM4KS37A,100,140,99,99,False,13.874066056846004,0.04919148110044707,0.09508372786793969,0.1677879444139777,0.28086609322715234,0.4429313482773626
AFSBX5OVGYFLTYAEINDN3NGWNZ7Q,100,136,99,99,False,16.823695636710095,0.07911070284137099,0.1208391606047181,0.1935648651095537,0.29969299855953857,0.4576208672490403
AFN55664RRIV27YPQLPUG3YRWY4A,100,116,99,99,False,16.268103058360683,0.06640000830904512,0.12059887399408255,0.18619863589028363,0.29703515147917753,0.46106187905407925
AE756PEH3Q7CWIDVLOGLUM6KIEPA,100,118,99,99,False,17.034844648199716,0.07530060258668254,0.11912532522159631,0.18523530883332764,0.2953019681039485,0.4571465458779858
AEES3UCRZO7MPY3G3HO5Q5ALSQXQ,100,114,98,99,True,16.283946689677606,0.08451669980151473,0.12685673190900104,0.20264349817857547,0.31459687528782027,0.476589805769537
AFZJSGJLARXCYVO2NTD6IE63E2HQ,100,124,93,99,True,16.874790311716897,0.07393656525680713,0.12785751859014263,0.20773660642676967,0.33090239885161177,0.5003710182870459
AHWARWFS7J5QIBMJJRHE2XHFNGHQ,100,149,97,99,True,16.4184855738785,0.11248536113252725,0.1654009500869792,0.2438253454143595,0.3664163274942911,0.5361760964539853
AEAV2UUSIOJUPEBLLZAEFDGLIAPQ,100,152,85,99,True,15.46215227680168,0.06301812247113801,0.11231550096817122,0.1877647792836987,0.3107060634032548,0.4872341891823308
AEQQFXTK3EE4OM2ZVE6MVDR4RZFQ,100,103,97,99,True,13.472941096268807,0.06714140362986772,0.11062784171879,0.19075631613473293,0.31946814946881713,0.4853437508420908
AF3GEGWGFHF5BHOAKC3BMXO6TVKA,100,113,89,99,True,17.60221078472483,0.0714045304561181,0.12474482852148584,0.19316130165550663,0.30342089301623026,0.4680875997486885
AGGA73VALFKPEIR7UR7X436FENYQ,100,135,99,99,False,15.929782078774577,0.07155145680605658,0.11547142761893045,0.19254321892294024,0.3041235062666547,0.4628964674464287
AHQEQ4C7GOFXLV7TCPD7ZEB4NQJA,100,111,99,99,False,17.53952510225266,0.07766440991157747,0.11816236862401078,0.18869078029116138,0.2905023709795401,0.4462856434300801
AH5RSXUJXN5QO34BV3OF3CMG655A,100,133,99,99,False,17.317032186383987,0.06208211870814431,0.10434958887266006,0.17372763955288445,0.2773207456725168,0.4342429293886918
AHIHAORYK52MNKEKMVQ7HI4AVONQ,100,199,99,99,False,17.188164331280124,0.06321220648421695,0.10600041811980579,0.16919008472631786,0.26809051710937976,0.41969373948530075
AGM6JHRSPOTBHVITWSUDXMUNEXWQ,100,103,96,99,True,17.785770741936425,0.07969968805909743,0.12750807580580237,0.19522913667682706,0.3055048548952702,0.47060716690498017
AGDFISPKRXDRTJKVD7IC3YHV4DDQ,100,209,99,99,False,17.449250680223926,0.06349659850793196,0.122545659475724,0.20295351070573858,0.31186884487913097,0.4684729620116063
AHMAGO6RME5BNQIVWP56IIWELOJA,100,148,99,99,False,16.104004925663,0.06627269547143601,0.11895871275986027,0.1859680090093155,0.2883419917532681,0.4445565635595839
AEXHGP5FTG3WZPUIVPEFZREQWFEA,100,130,99,99,False,15.217518157837203,0.06427687229278413,0.1091760247388395,0.18718605015320403,0.29990243340897543,0.4639439750227855
AGVRVBSW33TUHVPWX63GSGYVZQ6Q,100,121,97,99,True,18.308367986213472,0.07329082877671775,0.11949807887947167,0.1862972359363265,0.29122067524514905,0.4517177765960438
AHP5AG3KQWUBZ6QRXGWPC2OK2PQA,100,793,98,99,True,15.179731034354386,0.08714524733007392,0.1316591706994227,0.21112755276256404,0.3317439284628844,0.5012258234723169
AHHLTGESVKQVOHKAURKEZBRHMF6A,100,160,92,99,True,16.94635941480601,0.054950096899797636,0.09634515043384642,0.16118359474376256,0.2697567793506139,0.43336910145991187
AGF5AY36NH3OVZDDZ7IUBWFWJ34A,100,144,99,99,False,14.680773258064729,0.05155498600755138,0.09721972847012231,0.16507877541946436,0.2758509479922102,0.4393056900490433
AEDWDMTPRADRBCWYXX5LO4TO55BA,100,234,99,99,False,15.719488791446736,0.06875986528213805,0.1134262477116293,0.18223973537506455,0.2855136248627552,0.4435825593866396
AHQ2FUKL3LK7EPRG2PBVOTZYYPMQ,100,173,99,99,False,16.174531643464142,0.08550112062769757,0.1356780088428686,0.21107987098968167,0.3242506976075687,0.4933710480547167
AGCSHGACB3ZKGQTROVNVEUPIDPFA,100,166,96,99,True,16.26726351593522,0.07004578301976427,0.11632028777118668,0.18466243620428965,0.2978311961778248,0.46421842031809296
AEGKJTQWHGBIOTO34OB3GKIGCN7A,100,304,55,99,True,20.05048538914242,0.10059174850940032,0.18234980730524544,0.32499664744769186,0.5077459628168206,0.7071331150412242
AGCMMNN6UP6PEIA2CUIEWOPS2YNA,100,145,99,99,False,17.516499149277426,0.05971862816187903,0.10032987100684082,0.16289883839233496,0.26545018798178394,0.42421988466589045
AFTP4CS3L7FXZ45SXX553REC3MFA,100,109,99,99,False,16.43118200792238,0.05718831385512101,0.10929160321783862,0.17578450036693366,0.27865643061449474,0.43691229583916497
AF4WQGVF7WVIVMLLTIX4A6EMMBRQ,100,253,99,99,False,14.052112843357083,0.06578663535921142,0.12028115424400875,0.19525368377304625,0.3105052745290566,0.4787209166747526
AG3PBRFNWNXXDVXAT67MRO7J3KYA,100,208,98,99,True,17.96964613609482,0.08316802716130109,0.12518935205712514,0.19731469587667655,0.30878217648883405,0.47178114196450965
AGD63JV4YYGI34EXAFJHEHKTQYQA,100,118,99,99,False,13.196472716435084,0.06769505860231037,0.11857611298373841,0.19683412380697668,0.3128494441610896,0.4795986949151444
AEH2JMQUALDX63YY5EG6XQSX55DA,100,109,95,99,True,17.40221042704455,0.06411255329651154,0.10922461601747391,0.17782088262019025,0.28760051720151414,0.4516665713271753
AG5AS6HFWYJ6SLDZEWGQE4NXF6AQ,100,136,99,99,False,17.672735304385924,0.0795961072048301,0.12724372599784659,0.19965069369898653,0.3083058476394692,0.4683604001484792
AHGRYJ7HP64RBYCPJZYPA5GF2ANQ,100,157,99,99,False,16.817861839361957,0.05415204761326021,0.0948090709622151,0.15500936439006766,0.254363782153551,0.41148815514699183
AFMOM4ZVIZ6EXLU7AKHHL7OVWSQQ,100,347,99,99,False,16.993329143544983,0.07210696075970405,0.11236037920032267,0.18084155035105684,0.2830434953848528,0.44135041668799946
AH4CNF7LKO5RQ6NTJPKW3RQ3MZRQ,100,154,99,99,False,15.353367399166968,0.070880082537151,0.11267100807302148,0.18773989134011426,0.30188098306507877,0.4635253954436239
AFR6N2JHAAWJLI5EJFQDENFMVVAQ,100,356,99,99,False,17.513919930308283,0.06498439491061754,0.10664724877651739,0.16884336193307115,0.27139856928410994,0.4370570893223411
AGQEOPDLRRHUGN4UAU3TZFQQ6KUQ,100,118,99,99,False,17.460073665042536,0.06167179611235541,0.1002240736590182,0.16198753305391786,0.2620479044644041,0.41446468226614086
AG4Q6YXM5RL7XTQGDEETLNSXBBIA,100,187,91,99,True,16.61327566396814,0.06451106811901687,0.11200628047423103,0.18710432670475016,0.3082719720073064,0.476753332670091
AFWZFWJVNKWBDPG2IO3WNXEQZVJQ,100,190,99,99,False,17.127585889252117,0.06538583406561185,0.10780096213266437,0.17938073782733674,0.29207605633427836,0.4589105804717088
AF5F3I4YZ3UBPDG3BMFSHFNOYPCQ,100,114,99,99,False,15.73836706518358,0.06647742037843467,0.11051707805403863,0.17589542456422394,0.28445842890528794,0.4418162961428191
AHL47FCIM5NLRK4WSKMZL324GQLA,100,227,99,99,False,18.246966065974412,0.08471925889498422,0.13130813982095726,0.20138913353200683,0.3028091187758873,0.4569638285139282
AG6ABWJ3MV5L42D4Y7SZZQJPGWPQ,100,103,99,99,False,16.75723065370354,0.06172211873423927,0.10640972678453751,0.16768060031911788,0.2723673473202435,0.43783116551295514
AGZNQYNYTWLN3EOYZWCG6ZP35I6Q,100,176,99,99,False,15.63924726332327,0.0603120958941456,0.11592328053378435,0.19149593905276946,0.30293216395083256,0.4659853886625863
AEKQ4KA5L7LSVKG2DEEOECYIRJQQ,100,237,99,99,False,17.300893622472607,0.0677958972274511,0.11410544887322344,0.17797515619514206,0.28458761737653576,0.4443911774600778
AFP2WXHZKBB7XPY4N3AJUTNU5VMA,100,101,99,99,False,15.817825533549245,0.06663655492637394,0.11138333833881542,0.180263223560748,0.2974160756497478,0.46588607819991945
AFJ76HHRRYYJG5EHTQOAZTGCQOAQ,100,184,99,99,False,16.597933456790972,0.07068376686612542,0.11842580955564687,0.19400875665511128,0.3111938527594681,0.4770434919535859
AFHRBFA4AXNH4BI2WYWQNSSUXLNQ,100,116,99,99,False,15.544595886239353,0.060789614223769835,0.10287593792479588,0.17108551808155606,0.2782870624525667,0.43832835960898614
AHMCRLIDH3MX77AHVUEZQOKZ55CQ,100,115,99,99,False,16.18189304158527,0.06788469288583182,0.11086991429102648,0.17952549273898225,0.2846810035881242,0.442977400048601
AE5INRAIGFDNXPWT5LNVJEEAAHBQ,100,1153,99,99,False,16.413768266746853,0.07312150251177002,0.11640891547426102,0.1902466357941842,0.3054046141808373,0.46901871469551926
AHXHAZ4EW6MVBQFMWLQ3OOVRSCIA,100,147,99,99,False,15.471194057468677,0.06498814736603789,0.10583303641621729,0.17514009019770016,0.287742514470489,0.4490346728087761
AFRYWYTJH6VJEUFEOF4WU3ZWTF6Q,100,112,98,99,True,15.451167403255022,0.068715985505892,0.11638218699067943,0.19654216830244692,0.3134560216414042,0.4786390782575149
AE3L62CWQPQTOUP75PH4X4HMY4CA,100,105,99,99,False,16.332769732834535,0.06097092175329437,0.10717064329789897,0.17455329571470973,0.279787120882912,0.4382886590995635
AFJYUDW2LLMAVP2L5F7FQPYGWP6Q,100,565,99,99,False,17.02700175689719,0.0778355622454547,0.11888398570400237,0.18665167268092162,0.296329280666501,0.45841622717837044
AGQDS36T44DAQCNPZ2JZFGS2BOFA,100,172,99,99,False,15.177195391534054,0.05354061673034651,0.09710789475025214,0.16890745990376677,0.2694961075982399,0.43105669973895316
AFSV7WVU7TBFUFBQ2I4XAJHJK5DQ,100,138,99,99,False,17.840958418652697,0.06697819310187185,0.11100554342188902,0.17535377375666847,0.28165645386631427,0.44610708021034434
AFYTYOPH5UG42COFMW2HW3ZFJTYQ,100,119,99,99,False,15.694955283531291,0.062325356143065995,0.11069147163991779,0.1831151123935497,0.2947684591203112,0.4577315318296066
AFBE65EUNTT4L5B2OFQTKZMMNTCQ,100,108,99,99,False,16.665007015608055,0.06536845546390097,0.10857824383517756,0.17839853225727736,0.29160239376601715,0.45685482539169575
AFVRLJBDC44SIHVQUUFTON77M3EA,100,109,99,99,False,16.418278662408504,0.07008600183470097,0.12074903921269094,0.18548146976991683,0.29143752097008363,0.4540446703306393
AFATNFWGYVVMEZWGDNLDUXRBRFLQ,100,138,99,99,False,18.0687659810051,0.06650973037515116,0.10872341717215753,0.17028847022054402,0.2713936360073424,0.42898745944834793
AH6MNHAF6CNYVR24VC2W63NQ73LQ,100,102,88,99,True,14.381705411006635,0.0774045419271577,0.13742522694516027,0.21438622161867213,0.3308427120062288,0.4997383396374407
AFW2XSJVKJ2VVRQVD3IR2ZKCK2XQ,100,135,99,99,False,16.81988818606331,0.05622749450296573,0.10071318486174871,0.16820259280260058,0.2678468786248896,0.4270857587453002
AHMSYVI5H2GXDIKMFYR4Q2KRZUDQ,100,450,99,99,False,15.448449559289218,0.0654115224532489,0.11053916251928607,0.18466517169234392,0.2938200989705697,0.45545126261518193
AENT7I5WTKU4GVGUL5A3XHHQ2UXA,100,156,44,99,True,21.34532618460548,0.13591272609035066,0.23524560045087642,0.369922966142646,0.5600280764056539,0.7635484038073721
AHFXTIAWOGPOJFLIXLHBTSKEM4SQ,100,106,99,99,False,18.216904230327618,0.06104348844946974,0.10625309341840888,0.16786718001109466,0.26344467450214365,0.4201090847854148
AEILG76DNJ24BKXXDGEOZYMTM6FQ,100,110,99,99,False,14.39901246667067,0.05898865644561019,0.09803108868782327,0.17180748758370604,0.28033345828118456,0.4403254752103416
AE4YLXZ3JT2F75TQTRY6BL6UD6UA,100,153,92,99,True,15.823114928175094,0.07004814018813284,0.11321337963849366,0.18894693000074367,0.3048777358194391,0.47309176495727756
AHFVHAHPJP5BUZNM77UCYE7BXBXA,100,162,99,99,False,15.625313386556066,0.06250570740980993,0.1050429131705707,0.17936219473073348,0.28661924923111093,0.44353000059300834
AGI6OVW7OTSY3CX2JSPK2KL2PECQ,100,100,99,99,False,16.823958890135234,0.07168487863323272,0.124218017481549,0.19236182229525645,0.30160373230619403,0.4639349469462299
AHS5FPE6RHE4ITJ4SAVI67YVRNOQ,100,243,99,99,False,15.689622628847951,0.07717110780621589,0.12133227287097238,0.2017652768501524,0.31470890104768817,0.4732502442806141
AEQCZRWLHYXFS4QI6UEORJYM4BKQ,100,156,84,99,True,16.47513496580878,0.08714345361316801,0.14885545462377361,0.23867877878549365,0.36023970142680783,0.5289490309632566
AF7AJKISXNRQBAZKQPSXNAZ22QEA,100,200,99,99,False,15.464561534898948,0.05552212350700806,0.10774961952075944,0.18104297559490917,0.2908075369115048,0.45169856658648944
AEYMLXBBZTZQDWFTUH3ON7PFHFSA,100,114,99,99,False,16.31136802222367,0.06762662527550825,0.11533057907318588,0.18728017068988756,0.29694537421675754,0.45992637983219464
AGF36XKODXVUO37SKAH2L7ZBCKDA,100,123,99,99,False,14.043107279298894,0.060438824394458274,0.10488284631754487,0.17569807490336348,0.2849798755956401,0.4472914733633442
AHQYNYYZWPQ6F42O5XVCA54P7ACA,100,133,99,99,False,16.915114801791724,0.06843578220748157,0.11244309897991733,0.17662108741668808,0.28131065904018915,0.43909450029157393
AFKZESU3PTCQ2UVDBDSFVFTXBFNQ_2,100,704,94,99,True,15.84425346936985,0.07674728462294056,0.12955278571271833,0.20156351869336175,0.31312118837639563,0.47935700794236596
AEG7ZYNIXB5WKB7YXNU6BBNUAS4A,100,105,97,99,True,16.874075165334506,0.04869952121950598,0.08522451267293706,0.1462778687138916,0.24889467223404282,0.40340679052094697
AG5UFUTELKFDXDVYOB6PZTL7VXXQ,100,144,99,99,False,14.982782617595753,0.05976878192432898,0.10244573868083873,0.17001910681930774,0.277040424258922,0.4387192966844115
AFUXD5ALWDRCHSXS4DGLVZAKS3IA,100,153,99,99,False,16.426370929040708,0.06325857634814547,0.11682188126575713,0.18088424193067332,0.2840278560828031,0.4385360886732762
AHFEJ43QFE5M7F6HIK2FEXHTAIUQ,100,139,99,99,False,14.753366759495554,0.06713275022366752,0.11213349004952602,0.19293323157401626,0.31186774240566967,0.47786947106905736
AFNRTOQBZEL3MZE5FUDIGEGV7H2Q,100,506,99,99,False,16.42259734872303,0.059567833060553556,0.10528753072854924,0.1695607183161213,0.27846079936947776,0.4408343630638132
AHFJDIN4IJQSW5KVUA3I2XKUYP6A,100,728,99,99,False,15.666485814440092,0.06527349308913788,0.1105044249804434,0.18356189773964504,0.29047771632499336,0.45002002901678473
AGYJAAK7DLCRMZJYZ7EUGPNTEDWQ,100,156,99,99,False,16.56593188153999,0.07027227496999493,0.10767256474816071,0.17441262140216465,0.2820396721317849,0.441742983057507
AGX7PWZWK7GLPJPHIKNI4AQSSW3Q,100,168,99,99,False,15.858950017398797,0.06757851826840852,0.11067054359382943,0.1816810440237212,0.29156381974593987,0.4617966091151427
AH4WPD5UUVJGONWDBWJKFXVTOXGA,100,136,99,99,False,15.415209710308632,0.06142815903546519,0.10851310054619641,0.17469911211852965,0.2856480485598374,0.4501116675864284
AGSTQ3JDGW2TZB5XKBF7PD2DJOKQ,100,232,94,99,True,17.48354581649332,0.09035921295387982,0.13916286130789665,0.21708911841865716,0.3362767723950489,0.5005300792038532
AF2DLDMAESDOKR7FGYZ4WYD6BLAQ,100,109,99,99,False,15.724465258581654,0.06713133589133972,0.11587597187424198,0.18250660570955504,0.29476265420188963,0.4631515427003873
AES2TITGKXHZZPQ6NQQXHK5RQP3Q,100,125,95,99,True,14.990375508886677,0.06512259002009207,0.10709860629424964,0.18426473871210555,0.30128100851263334,0.4660222377896463
AEBUDJVUNDEIPQDCVSN76SAKUL2A,100,123,99,99,False,16.455327157616644,0.0672841826622658,0.11351183181727185,0.18113817803673574,0.2936269251601676,0.4588410266609651
AFFQUYFZ7LGZ22ADJP2Y5WR7UURA,100,325,99,99,False,17.00998461440091,0.061157323096499454,0.10228847906740535,0.16668589281822183,0.26784127131407237,0.4272681299555832
AHMOYBDULQMZKOUODA3BNH7DWKDQ,100,277,99,99,False,15.345966678055186,0.060336166104460305,0.1101605488094618,0.17488921279042577,0.2861646575376001,0.4535940958872905
AHRKLNYIXJER22NUIN2R37FP2Z7Q,100,155,99,99,False,15.40109178629611,0.05624593989440975,0.10010834600816611,0.16681512349556674,0.2744145541932162,0.4381993820019101
AFF3P6FC7Q7F4TKGBC6MVTEYBAHA,100,144,97,99,True,17.727370041853547,0.06526341282400845,0.11406233635551553,0.1813064395418708,0.29147126435591564,0.45753555552658276
AF3HOFY5T4LHGCCWXV5TUVVIVKHQ,100,169,99,99,False,14.953422571860157,0.05951448481232233,0.10636068945880207,0.17562324425045295,0.2816069600449782,0.4442472199876026
AGNXIANQRNMDLDHCR7BKD3B7LFSQ,100,105,99,99,False,16.69873802321016,0.0636521217692173,0.10359509611703403,0.17264550151472008,0.27856072075054017,0.43682730317106955
AFSE656FI32TV5FE62DMMKINP2EA,100,128,99,99,False,14.89772324975677,0.06592706863737298,0.11380278368031542,0.18173074151298582,0.29362591105967234,0.45387022744690514
AHDDU73MUBMMU54XRAZN2YX3KGAA,100,198,96,99,True,16.719213150729214,0.08803744338992385,0.13732734893585669,0.21101976202516814,0.3266967743595361,0.48899812091597417
AH7L74WHVFDSZLRLK3R7IX4U6IPQ,100,110,99,99,False,16.658440238084296,0.0654289088642223,0.11484733777718957,0.18810408270217185,0.2947037278077455,0.45444267597570037
AE3LJU64A7LIZRAIDLWLY7WIXKPQ,100,134,98,99,True,18.407100837589873,0.0732765759515734,0.11623891554767402,0.182508449780095,0.2795158247870266,0.4332326745909409
AEXYLV5YOYWSLGG47VVECVURA7XQ,100,111,99,99,False,16.08199215365617,0.06164693568599967,0.10563189029993796,0.17571770805778683,0.2823509213662043,0.44478331639822705
AFQ5IKV6BEJT7H6BIRHADAGRF27A,100,199,82,99,True,17.377925156052058,0.11472955528979338,0.19767776908476214,0.292012380887689,0.42550710035757905,0.5912705930794891
AECJHMLCMX2LYNTA53VGJOCRN4IA,100,145,59,99,True,16.431073798300105,0.06449012898140737,0.11762295483179859,0.2140443769862624,0.3578869774959902,0.5662012144795702
AF3QJNS6XCODZPL6SVDDITEDSIIQ,100,204,99,99,False,17.828971405455476,0.07208804204026512,0.11558972901706405,0.1808596680122177,0.2805643592412238,0.4358673423360082
AHDX3TS4AXTZOTBRVGLUPOVXCBRA,100,106,99,99,False,18.43634564534316,0.07115722277678743,0.11171418659782416,0.17393440766632587,0.27715108426280904,0.43632019038834235
AHFC4BD2K2H3IE3ACGN55PEWZ6ZA,100,225,98,99,True,15.031571759469694,0.08784442120572236,0.14069204853468054,0.22090992709800802,0.34261194712532406,0.5151911944026494
AFETPCZPQZEICIHWZTCUJUVJPALA,100,134,99,99,False,15.580313671083298,0.05794875461075133,0.10483320601036081,0.1783952270927572,0.2843358205027705,0.4407749833527018
AEDJ3ICA5LN4Y5LZADKSRIS6IHCA,100,131,99,99,False,15.722888078775384,0.059562312709212556,0.10695765511613751,0.17582202685831635,0.2801534462041852,0.4432253399100702
AFO7DHIAAH6SJFY27S7ANI2NIZ6Q,100,181,99,99,False,17.44625768261299,0.05938002374798476,0.09998173398727389,0.15777852492311076,0.2539524623329995,0.40456896830617944
AE7PTCW7PBAYTJAO4F5QMUZ2GODA,100,197,99,99,False,14.670312296154924,0.07072957176927873,0.12187385140241623,0.1949778503779503,0.3067011778504561,0.4678814169035319
AHPAZHQXXDK2T4ITHUTDY3PKZS5A,100,153,99,99,False,15.16018970234088,0.05643772605430897,0.09684800407083996,0.16876434630413806,0.27554589903420207,0.4352908002592536
AGDGMB7AQBS75JIOCIDD4C54NVCA,100,108,99,99,False,16.792762902402437,0.053695487224579785,0.09238572882444135,0.1552526212349626,0.25038939241862573,0.4031972326691181
AFUKCEULW4KYMWRQCVGI6K3WTVUA,100,1449,99,99,False,17.436354495044462,0.073374842360837,0.11326600431280696,0.18214668108875504,0.29041630588636314,0.44724008250155656
AGT2J5VMSZM5773CHEA75GYTC27A,100,208,99,99,False,17.815474632501285,0.0660775874097855,0.11573375189017183,0.18657555219695482,0.28900409470579047,0.44303906628247963
AGWNDI4F6STGUPVPJMHGTCLEHHJQ,100,110,99,99,False,15.779026588399445,0.0576161173154075,0.10256034971654347,0.17149168799162207,0.2811750573710587,0.4451444847995882
AGZ77AU67Q5B24EQDU2ZPPGRICMA,100,100,99,99,False,16.962192236068773,0.06982888756967981,0.11895252732660876,0.19177210564557506,0.301478462197479,0.45939309505371534
AHN7QO7GCXIOGEEGYQ2UD7LVG7OQ,100,126,96,99,True,15.347186523169029,0.07816187950546254,0.13643944491482818,0.20799212694872432,0.3245603800283806,0.4974414663951127
AEZVSVUS64KDDACIP3FNFBBE22AQ,100,111,87,99,True,16.192045071951153,0.07071731493770621,0.12153670572010378,0.20680887991302452,0.33623484201974513,0.5180324599937448
AE2A3YEXH2AZOBNQ5EV2OYZXTEXA,100,109,99,99,False,13.398142800073215,0.050035742296092624,0.09273216297459602,0.16160670149268141,0.2830686306435799,0.45037601437714614
AFU67UH3Y737FHNGIEGFH5HBUWPQ,100,155,93,99,True,17.25368408925292,0.06602237667817114,0.12138042026468883,0.19622184094798947,0.3100230045422771,0.47147398075534697
AFY5ZS4KYYBPX5IAUVPK5JG6AOCA,100,105,14,99,True,26.76540686590883,0.16715596482699369,0.26993970865161576,0.45719271802119243,0.7469006659057206,1.0000000000000002
AGDSEYGSA5K664EUHWKV3ARDXO2Q,100,114,99,99,False,17.475139621947037,0.0611540111715412,0.10452977419586977,0.16664247539042645,0.267520652363884,0.4228283112672656
AGUZXENJYN23GI4PEDZDI3QZEMSA,100,107,99,99,False,16.28146721044977,0.06440430190816526,0.10777621849227771,0.17491681110640322,0.28276661540711573,0.4500945041455592
AGFMH5U2CPPWYH77IDDBB527AWYQ,100,100,99,99,False,17.01681427819988,0.07184731171223244,0.12086053810459219,0.19054401528699397,0.30111885127699994,0.46400813452945894
AHPDTZPJURZALWCECXNGOSQYBZXQ,100,238,99,99,False,17.490881009696928,0.07021724486457791,0.12303317242729311,0.19109845606225367,0.29437034955236435,0.4546382478338909
AGEESDAHFO2TR6IM66O5NG33UDNQ,100,101,99,99,False,15.930227191884965,0.08491736157923184,0.13535192517992897,0.21763458795597557,0.33805025990127924,0.49983965124933266
AEBEMOA4RWLGGTJNMNXBX5DT4CPQ,100,223,99,99,False,17.01653125959532,0.08359045054323098,0.1287096270195425,0.20046736276777308,0.3145493207299972,0.4805859790728908
AEZG2W4TRMMNFFAWS2BPQE676K4Q,100,552,97,99,True,17.481582771661255,0.06518184587479679,0.12367871393983794,0.19639423514605836,0.30100783671228076,0.4576793982192944
AGWBUG2EAT2MCTDE7UPQAT6RRNMA,100,114,96,99,True,15.479871102881074,0.07263959736204627,0.12201550980821325,0.1959511394847706,0.3086840322909466,0.4715886923981183
AFYGP4P2LGVKLJSWQBS2UQUNMRTQ,100,253,24,99,True,23.528117709974026,0.1380114790041518,0.24397730735553816,0.39788062097258076,0.6417489013600883,0.9190719326505642
AECUQNTYGADM6XKCDKWEJPDQGNVQ,100,179,99,99,False,14.168275470026549,0.07643774052698245,0.12027439437542459,0.19437308222221003,0.3077196847485503,0.46455522652865233
AG7SVRGJ5BM4KRSN354GSHDUY35Q,100,189,99,99,False,16.764775423129745,0.06037603649056849,0.09703259330579281,0.16082130935754185,0.26580112804809947,0.4266620639671981
AFP2H5S2KB4WGAOIEEDTQBUMG5ZQ,100,118,99,99,False,15.204850079963295,0.04521517801589262,0.08792986392327054,0.15657293229003885,0.2603366037643133,0.4170139155630898
AEAXTXXZ4NLDZW6B6FI4U2SOZOWA,100,102,99,99,False,15.712080352479322,0.059998121090833835,0.10587467428898098,0.18042052661310526,0.2926803627904675,0.4481769240297992
AHKACFCW4KYP6BJ62Q6HMKFDYHBQ,100,102,88,99,True,15.04142950366506,0.05871282877080967,0.106462745806532,0.18155383934893188,0.2998503547126228,0.4691965180387134
AFAULPBMUOOX3XXRPXYWEN5MFTLA,100,125,98,99,True,16.45683882795304,0.07297003203813632,0.11704016459777858,0.19194548259991687,0.30470149108494915,0.4714306976686698
AGVJUUCFMBP6SABPIAXREELESFIA,100,143,99,99,False,15.852162980357402,0.06143870731002679,0.11122379898317608,0.1812064376646209,0.2919110583501312,0.4531441555522791
AFWNPBOKTPX5C4TKH7S35X27ICSQ,100,107,99,99,False,16.66467187772731,0.06760946562022296,0.11661541575812753,0.17971464511028803,0.2858994261836301,0.4472484371429514
AHXI6LRWN3FI2RWEFXHXSENYC66A,100,104,99,99,False,15.634323732310778,0.04849130853142516,0.09257324785321223,0.15397070807304084,0.2546318171948993,0.4113641211339443
AE6GBO7A4LHI7GQULR64DPYFYJ4A,100,106,99,99,False,15.66059138497269,0.07054911531805712,0.11107044699833973,0.18402696480090414,0.29663306135863193,0.4653004608373305
AF3CZAGAWB5FMPRDYJIB2LAQER7Q,100,117,99,99,False,16.488984679790065,0.07006520218384105,0.10947342683101213,0.17903215117121535,0.2921302743835719,0.4576852192766639
AHF7W2GQAELHFR4T4J24EYR4I4ZA,100,192,99,99,False,17.37292132291424,0.0843791730037122,0.13335240695886239,0.20190262563979988,0.3127976746240239,0.4766007941672391
AHCIJZ45JJ56KJQ7TJXXN3YH3M5A,100,112,99,99,False,14.021255662088318,0.0579929764812415,0.11361839502658659,0.1889095461506374,0.30076556902086027,0.46372244847001093
AHUMWKJDDUOXMXSBLG3DPQQVJGSA,100,242,93,99,True,17.5594584598591,0.06305565400449856,0.11764750085341381,0.21186231878629916,0.3277434432621874,0.4866523271585318
AHBDTLNWRFQMXPI3OUKYMYBYLOJQ,100,177,99,99,False,17.568600051171774,0.06954634221125403,0.11319366157256029,0.17566456156223062,0.2798138225081494,0.4333791983703125
AGCSVME72JRLXHMJSDW32VS4GUPQ,100,157,90,99,True,16.360424445336527,0.06220623774799085,0.10857137264535661,0.18020004871648884,0.28656878059399804,0.4453995352479758
AEBD4EQFW4THUDUVAETCYTEDJU6Q,100,467,98,99,True,16.77143533970017,0.09985233898612467,0.14878670851464412,0.22721875850056972,0.34653379375048576,0.5171849432087894
AELN4RMGNHECSTVJXJ6ZMN74AAIA,100,103,99,99,False,16.66850088453665,0.06716146509876986,0.11653545613531371,0.18710209280313583,0.29637294075591647,0.4558153739532367
AHBFB55VJ2743CUAPFVX4LHWYZFQ,100,130,99,99,False,16.295190643625,0.06416450108065196,0.11187234624511874,0.18490077136512367,0.29179938308870457,0.4496954434072001
AEI4GU653P6LRUUM7MLI3BHS6HGA,100,117,98,99,True,15.82765973595316,0.07392521533455093,0.1188289427794028,0.18784745829078306,0.303907972247878,0.47337572305368697
AEHW3XPN4OAJTCRSJFMQM3GB2MSA,100,145,99,99,False,16.076045960001196,0.06814428724573592,0.1170689884523701,0.18499740697960057,0.29095606055369055,0.4568926166756635
AFSTOVVHI7L7M33YMB7M5O32HVOQ,100,130,99,99,False,16.652590391455572,0.08795020860812758,0.13388239630657808,0.19929541993097474,0.3104585875402841,0.4727394411531121
AGWXZA5KLFY7A3BM55VDVKNSBBHQ,100,173,99,99,False,16.395753649055013,0.05491539386100223,0.09574502548845377,0.15893168270720798,0.2542736279522649,0.4050442995896925
AFLNBA4LFMALO4O7TDCC3DGTJGMQ,100,129,99,99,False,14.481585017639087,0.056762310975659015,0.1055201049756189,0.17441944006763918,0.2879039216936098,0.45336744074831853
AE7ASEVRPJIQKV5PTPOX4AIDSYPQ,100,140,99,99,False,15.569903795250672,0.057046085541009074,0.10182387295493399,0.17000701494310114,0.28239770449514384,0.447308818742237
AHIBPWWDWSLYAJHNE4DCSRZAO34Q,100,128,99,99,False,17.235007542515373,0.0782015566810133,0.12284531709647399,0.19156881994696415,0.2997568000779573,0.4626918749412152
AH2SMIKK7I7T5U4AVBUQBIWP5V3Q,100,571,99,99,False,16.436735478580715,0.07517984004698187,0.12390278066266643,0.19625572715161732,0.30490966949695475,0.46668663190348536
AGUJGT64W3FGFMJTIJBYJFPLUDAA,100,209,63,99,True,16.306378346180175,0.0634212367995701,0.11539226639682981,0.2047302798731363,0.34459804857097615,0.5484530701348872
AHCRGCRHE5P67RFURJVV6QDQDGOA,100,133,99,99,False,16.801310364348897,0.06864967471860738,0.11332451239821086,0.1818818526580442,0.2862769261946392,0.4443086225922124
AFVVHXC46GES3HXVII6FWLQ6X7TA,100,520,99,99,False,15.500397353526424,0.05493455477676541,0.10635531375831886,0.17488496289579616,0.28240260248333515,0.44556398328145413
AHSTHVDE6D2AV6M5NYKF2V2ZZUDA,100,155,98,99,True,13.699055821302757,0.06219377890149796,0.10637757886172132,0.17673958478755225,0.2938869106172259,0.46431808202663366
AHL64ZUDNJXWVP3ZAI24IY6LV26A,100,111,99,99,False,17.84227483174318,0.07294521346949977,0.11575553485492152,0.1817371512403249,0.2842611779566769,0.4423349405264771
AEXUP4IYSE5EP3EGRMG33WXOLBIA,100,194,93,99,True,17.208321967957307,0.06864994539392709,0.10742568118278302,0.17333405687110004,0.28370816360905926,0.4461496803193075
AED3PQGKE2MP7OA6YA7ITROMHQEQ,100,614,99,99,False,17.789681035172585,0.07118737981639926,0.120968730773815,0.1893593924516798,0.29289463847509895,0.45109524810797536
AH4OMBYMTGMZIWISGMIFF7B4BXYA,100,124,99,99,False,16.77546070141245,0.058132168087105154,0.10312937256332791,0.16789419298936392,0.26917482904781087,0.425283169988555
AH3VK3QFSAVL6IEUH5JFUATC4Z5Q,100,126,99,99,False,14.614587556752067,0.08159088439930644,0.13063904799306844,0.21160479525997739,0.3348053366086761,0.49587977863651933
AG2YJWMXWKLFZGVDPSXO4LHCA3PA,100,578,99,99,False,16.60555270923848,0.05991408281876732,0.1012893437231171,0.1652066105445477,0.2683793361404581,0.4217850500266929
AFPM4D74WWLFUJC7UGYUBK5FY4KQ,100,278,99,99,False,15.466570842728148,0.07168021983163637,0.11423794894503113,0.1854638180933263,0.29622512846566673,0.4568311636957014
AGTWNYPUQHU7KPQHJQ74FJJWQA6A,100,168,93,99,True,15.15910265066328,0.0631545023795361,0.11565611212896022,0.1999350802034791,0.3179070300863704,0.4859052360193277
AGBXCFLD75PW2V5JISYE3NKE7TKA,100,105,99,99,False,15.911092689653623,0.07940296976120699,0.12654653789149767,0.20051679113924126,0.3142494656041666,0.47384049501258557
AF2AHWFRYLISW4WNTUF6OSP3BBEQ,100,182,99,99,False,16.898430569087026,0.06385570275301938,0.10532726957173433,0.1725911647028196,0.27224334992277555,0.43136606108685144
AEVIVDBW7OKSXHS2P7KPTBSPPU7Q,100,388,98,99,True,16.588087149023988,0.09193391242557464,0.14192489961654478,0.2224867682237217,0.3454735456317788,0.516324510063878
AHM3J77TM53S5IMGFXFHC53BJ7QQ,100,144,99,99,False,16.070208827882542,0.06091084118272529,0.10657646596541438,0.17312933013986526,0.27843223254378824,0.4402650901808906
AH4TDMQHUBY3D4BX2QO3SRHEIGQA,100,228,93,99,True,16.035289515963754,0.08442688135696645,0.12935257149927235,0.19695139731017658,0.3110853759763992,0.47634200985052916
AFGTWWOJY6YDBQTS3MLKBDIU4PRA,100,155,99,99,False,18.26746233950167,0.08339481446103587,0.13555578877865337,0.21042293951407498,0.31916421370613635,0.47930851855853474
AHF2Q6IQXQWNW2QUZ6CQTYQB6EQA,100,109,99,99,False,17.13667438753071,0.06296661950891243,0.10038687699228445,0.1665115020038365,0.27120538693569435,0.43153227623913476
AFC3Z3QQ3D36SYHAL3MKGJMP4ZBQ,100,142,99,99,False,14.462908163152601,0.059840058741549663,0.10612497107330668,0.17982409812773187,0.2848896836819535,0.4435513162269114
AHEHLZUNXPCYESYZNAAJXKOIU6GQ,100,618,99,99,False,14.578209369434575,0.06616630554428281,0.11545667692091995,0.18711037812347833,0.30294528082916594,0.4709213640696881
AGGNRJ4XCEU5NKTGXONSYA5V64QQ,100,116,99,99,False,15.772435708549242,0.061974128178570786,0.10831541334295175,0.1824361350305284,0.2924149117091243,0.45555281829716193
AGI3DNMK5LFRQAF3CS7U2WKVPSCA,100,198,98,99,True,16.258402973265316,0.07890970259596178,0.12342915247676121,0.19395548364041332,0.3021755848214024,0.45950588765097844
AHC5J6N2P7OVOYZZUFMNTOIWIJ4A,100,100,99,99,False,14.186681906378714,0.06445517981136112,0.10465334463673082,0.1742813106643394,0.28287000749477115,0.44408952930597795
AHH46XXEXUYABWIUPQ4EYXII4CVQ,100,102,81,99,True,16.133777954881268,0.05130708330736349,0.09861915389905405,0.17830001106201326,0.3071925063791364,0.4814169007120985
AHK246ZALZYM5VHTAYNN3NZNDPIA,100,108,99,99,False,16.62664145584684,0.056437430046850263,0.09474783761874221,0.15675481767801858,0.2582400357137573,0.41566934593753196
AGYRQBBCTRZP22B2FN4S6YUQ7WBA,100,119,99,99,False,15.075402510209175,0.0659142618454612,0.11161625374187065,0.18527566761734762,0.29601278185981195,0.46401335077000866
AHQR5RU4UKE2S65XWC5WMU2JZS7A,100,318,99,99,False,15.149778658493306,0.06997923433696242,0.11589539922682454,0.18713485626951426,0.299826287844963,0.4712220736559286
AFK5U2KC2ZRRBIUBHW4E3YO3F33Q,100,102,99,99,False,16.461130902327486,0.05906973659356457,0.10084082823247742,0.16512047256496729,0.2687450684959108,0.4259908831766997
AF57NVU57KDQAEHYO4DFKEI65IRQ,100,192,99,99,False,16.235667567557332,0.054711082520938877,0.09352968802928467,0.15933228685492942,0.25992611903237794,0.4178290693635831
AGWKXOM5YQMBGMUEXDQSWFMWHEQA,100,127,98,99,True,14.084739269808415,0.05866155306200102,0.10883021703144735,0.18272809625874964,0.29414394469022376,0.4579741718795819
AG456PPH6KGFGQZYGO2ZDWYGKGAA,100,124,99,99,False,13.571546437973272,0.06357738828051467,0.11672415024714335,0.19914333119120542,0.32091810453317493,0.4848501153148603
AGI4ZZIMFVNCXGV2BVIU6JZ4TPIQ,100,111,99,99,False,14.398139144306404,0.06543287918453154,0.10975648321291749,0.1817229647077255,0.3021171367144101,0.46727226270511196
AE3665VDHEZ2735T5HT7QFJI5SMA,100,137,96,99,True,15.795800673228042,0.06332914169533141,0.11003622870478025,0.18729159993713718,0.30313230461825114,0.47395505963473145
AFEJ2BL4NFODGY5LNUZO7J65NNMA,100,154,99,99,False,16.665498897426374,0.058600752714968354,0.09946433295074979,0.162033929758569,0.26329779422784394,0.42270674003970315
AF7KGSYOWNJXJ43I5M6XQERPV3XQ,100,181,99,99,False,16.15630250492818,0.08827933747429625,0.1386015917200147,0.22352469273998912,0.341799551533707,0.5072919021025434
AELUXKVLA6MVN4POAMLJIP3CL3ZQ,100,110,99,99,False,16.13021429494465,0.06387872922052712,0.10731400405793427,0.17872572101376635,0.2900791268332998,0.45284124658373237
AE4CGVZRXIAQDALP6UN3FMJF6NSA,100,129,99,99,False,14.995275273467476,0.05277124631003641,0.09385110840722584,0.1616393783995888,0.26625893592081346,0.4273575274199064
AECSVEHBBVKZLBL45UNICW46HFLA,100,410,99,99,False,15.687868027299105,0.07556756557550286,0.12256379397401473,0.1962615927237129,0.3059142375374797,0.46520870013490384
AFOI5JOKDCYBNP6G3PIGN3FPIO2A,100,137,99,99,False,17.12211634592683,0.09575828692302697,0.13890127329106702,0.2161287412231697,0.33102620283105866,0.4914031095986238
AGG2BATBE7D535HKUBX32J3GQT2A,100,199,79,99,True,21.448991046938122,0.08719733000730312,0.15989000079196175,0.2659348630018016,0.4008293304778274,0.5807814624401351
AFWAQN3ITXKIYH3ZEARLO7PJLINQ,100,168,72,99,True,18.93618931324461,0.06849049858217618,0.1335094838136769,0.2400495958390697,0.3838123169323327,0.5616962958055916
AHPNEEABM5OSDMOU67FIV5767RUQ,100,334,99,99,False,16.387431670323867,0.06246971091094911,0.10164847870608072,0.16924278119612662,0.2764175462347158,0.43406128282979173
AEWGIJRJ6FJANQOIJPTMSNJ6EIAA,100,153,85,99,True,26.183051709898557,0.17640863907899373,0.30273921902275014,0.38170697593463354,0.4807173642905747,0.6145580879401452
AGMYHXQI54TNRM34W7SIRAZ2LPNA,100,120,99,99,False,15.73391908718042,0.05544620360193968,0.09924509892087577,0.1642709273514643,0.26836825189613417,0.4304762484746855
AFKWZQUQ3KC7TX3XMRNVRA6XOH6A,100,149,99,99,False,15.799321221699174,0.0716740654684838,0.11472937875929483,0.18478521669070455,0.2968488194983567,0.45468623921441875
AGJGNBN5KDI3JXHPRN4TXCIZPZYQ,100,141,99,99,False,16.168560164864093,0.07717674675106868,0.12239195792205876,0.19442632820236044,0.30391867121987165,0.463460912033227
AFYUZU3JAPLETO7EEBA6BOU2RJSQ,100,170,99,99,False,15.595724569593662,0.059964455436057426,0.0970110236650651,0.16471428033228014,0.2729906327414127,0.4344570868024897
AFHBDFGDRJW3S3M5Q75Q6KV2URLA,100,146,94,99,True,16.917799196529575,0.06317265582360442,0.1105600958775035,0.1817207985818325,0.2935391955210511,0.4558102987256775
AE56O6VUY4WKRV6L6YWKZFS3H3NA,100,101,99,99,False,15.524456535205058,0.04927113076481372,0.09314399028815694,0.15743061710680895,0.26217381751710883,0.42017466156461086
AG4WSKK6TG3LFCXZ5ZM4KEWLBNRQ,100,256,99,99,False,16.11826419606958,0.07560566105711741,0.12166120474559641,0.1933311749914657,0.2989907649255187,0.4614055632855996
AH2MHUG2OX25OE2YQ56VPX3Y75QA,100,197,94,99,True,17.748530949137717,0.08311421387157016,0.13418846194021164,0.2171212780969211,0.33185831436280633,0.4937931564331192
AGVYGK2OBBRQKKBBSU3ST4X235BQ,100,119,99,99,False,16.435224997548392,0.06563955644874174,0.10692387228315398,0.17837905398265327,0.28717753797908,0.4479538310975718
AGILWMVFZCVGKZQWAUEN6XYRFPJQ,100,126,99,99,False,13.308647178737514,0.06643091170983674,0.11552875699139041,0.18894502455029896,0.31074208642054124,0.4756310649714812
AFTQN4MTJHHVFM4FEXY5KT76OY4A,100,280,99,99,False,17.615309720498132,0.0948384674663345,0.13854493503141851,0.20985840584323595,0.32111724635366296,0.48490930254740916
AENQKTHHXVJF6M44GGC7Y3II3M5Q,100,295,91,99,True,16.789829293335362,0.07227310822296402,0.11421034844191132,0.1863903204864684,0.3013041060190361,0.47212632298759355
AFQW3CD5IJTQWEWFXXRWLQNNGKNA,100,127,99,99,False,14.997583883922669,0.06162988844280875,0.11175771163897105,0.18015878675940242,0.29551009148997476,0.4544655967007913
AFAYWPUUPPOPNSJRJE55GJCVMEHQ,100,112,99,99,False,16.084505211730857,0.07208913023297595,0.114487640022949,0.17988447983959827,0.28866649750451107,0.45024501838157244
AHJPNFZDSQAACCYT5XMAVO7WAFRQ,100,360,98,99,True,15.682925660768849,0.058195131349409075,0.1087879284452069,0.18267579044388121,0.2864737580395412,0.44423886371319976
AFGJYXOLE2THZ4IF3UVLSRTECMIQ,100,181,99,99,False,15.792068762830521,0.0749865252496301,0.11845422362982225,0.1863785992320842,0.2963809378569691,0.46376200725714445
AET6PG7VY34KJDBH2U2C2FHJL4TQ,100,175,99,99,False,15.461715365895623,0.06827784770330667,0.10922513872271901,0.17683325110190223,0.28593075273853863,0.44865791065815275
AFB5EMZ7KD3GDB2FX4JDT3KRS5GQ,100,165,97,99,True,16.37529048369337,0.08235797009909324,0.12962142046518454,0.2060181433538901,0.32294685836421516,0.4859936232226642
AFXXNBWCNHQALN6XKWC7Z2JMIKLA,100,104,73,99,True,17.762176281944786,0.08508079604304045,0.15470102050300683,0.2441987826782867,0.38391334129773713,0.5685966974626043
AEBKAHAB4JTXXVVDXGO3CJSLZDBQ,100,122,60,99,True,17.534207424882393,0.07669108638206824,0.12690088058736237,0.21583837900943842,0.36167491487107484,0.5791590667344831
AHVBNM37DPQ3X527HJUDBMKJCEEA,100,157,99,99,False,14.920112563909075,0.07061529008406767,0.11219849284806119,0.18941952427462908,0.3078038626127128,0.4759411901545713
AHMD6IY6GZXL2HAI6AD7KQCPKJCQ,100,101,99,99,False,14.660945593199926,0.057954014356640125,0.10695247718173068,0.18061802116221404,0.29409391660264417,0.4578720481012449
AEJUY5D3YNQ3FAOIZP3FBOJMPCCQ,100,186,99,99,False,16.853984788645658,0.06820959287878152,0.10830778367972514,0.17838787900083738,0.2860547322421584,0.4453543667199348
AGLDFK6L3PSYP4RAS5XTJPWVS7FQ,100,106,99,99,False,17.029646714084574,0.06495726775833309,0.10684015187797495,0.17299104717588992,0.2740426637546715,0.42938510690408255
AHRNMCEMAIL7GCJZV7KUAO4FJPTQ,100,158,99,99,False,14.048998143622754,0.05866745995128706,0.10423196403458848,0.18100265594161757,0.2894224901838856,0.4501092536026067
AFZ6AFS7QH2XQJ5YVAIAIIQOMJYQ,100,102,99,99,False,13.76995508871234,0.06220793861778094,0.11438893917482584,0.19373088882595782,0.3160862681096323,0.48252376440488354
AGYHL3IB24KMNYTUPVV4HYGB2GGA,100,115,99,99,False,15.317985856161801,0.06262963920522012,0.10586314559198155,0.17781832043082785,0.28821993029300963,0.4474776175778023
AFTMOD264DYR7HPFW6QPW6RFAL6Q,100,127,99,99,False,17.257448046838764,0.06169382006167715,0.10539658502721211,0.16900924590205507,0.26968355782286674,0.427342438238864
AEP4QCX5BLOJBRHIMJCQTVIBJ4RQ,100,261,99,99,False,15.771927069299371,0.060860892648919994,0.10622501964832247,0.17191069593463462,0.28016311298787844,0.44594234245517617
AE4DGEQFZNLTIUBHZLR4UGIBPCKQ,100,125,99,99,False,15.207126051407576,0.06730423625895271,0.11196713446805484,0.1859747003266524,0.29745823115680364,0.4612840403404645
AEA3ZE7FWZ4HS7Y7XTMWH5VY2L3Q,100,139,99,99,False,17.486905105570177,0.07410674519522396,0.11899435838392647,0.18416196224894057,0.2867817994243753,0.45077783171243585
AF7KAM4NO674XYRXUWEYWKAUKTGQ,100,189,99,99,False,15.786380479532674,0.07128855241435274,0.1229183616383027,0.2022302634221964,0.31859242461051734,0.4884572331314087
AGIDJMSMKVJIHG23IYLC7OX5NG4A,100,497,98,99,True,16.495611997458337,0.08391859810537312,0.13223658415238718,0.20672741346805773,0.3234022858722225,0.4861763953786522
AF7II5FZDNPVKYJWCSQGISXL5RTQ,100,130,99,99,False,14.548075224305682,0.06091387953790937,0.10380337884145331,0.1809798784720508,0.2928269324977087,0.456324300209005
AE4OOUOFUEJB2QEIMULD6BLVBNQQ,100,106,99,99,False,16.856238598492602,0.059199632402342675,0.10000834073999973,0.16409827521619397,0.26499715508471466,0.4174481537859075
AGSQN7QVGI3VRJO4LX6F5E63QJIA,100,107,97,99,True,16.206591459824537,0.054618570837984284,0.10338165976597867,0.178639932182651,0.2786655089215082,0.43121394946297326
AE42SH6RMDLHFMXLKVI4JKAMC6TQ,100,102,99,99,False,14.698369902711052,0.04847470781657741,0.09192985433532704,0.1567863483847564,0.2611364770195442,0.41588384795160843
AFSBW7GPPNRSTTEWVKJZKP526T4A,100,139,99,99,False,17.092122056037095,0.056960705578578616,0.1035636253185913,0.16476401970784754,0.26651687176140265,0.4213622298459905
AHMGXQ4SWFPAMMIL7HMV2B5JXRRA,100,135,99,99,False,15.205217004655326,0.061593508175750204,0.10492037409423373,0.1758157283079313,0.2898856448595134,0.4458663989114788
AGQWB5SVFC2T66LVVZW3LKCHGO2A,100,178,99,99,False,16.79415041706915,0.061577245308437806,0.10602536606199157,0.17565526967921308,0.2801476502735288,0.4359501054150178
AEKBPFBX43IZ5DPNC5JU7NSRZ7FA,100,202,99,99,False,16.845934206408725,0.05625095377526053,0.10173838918330975,0.16505153532617997,0.26703945404937063,0.4237300765427388
AEXP4AULLRFINXRFJ3FXQDFYYOWA,100,107,99,99,False,16.003689305733765,0.059579939050477045,0.10782559530316788,0.18207073985334982,0.28868907842440916,0.45088971899294894
AET4MQOLSTJDNAS27VF6JATZECGA,100,187,99,99,False,16.228873502814103,0.10720256559129188,0.15864158835353603,0.2522133141939731,0.37787705633744806,0.5404829859836775
AFK3P4OWJK6XFYNFYTSVBZ46RCDQ,100,168,95,99,True,16.59462426220323,0.07018039516800946,0.11469332046581611,0.19000566144701556,0.3053450720114581,0.478103871471578
AFWICO7S6CSLJETX6O4DTDQIWUGQ,100,111,99,99,False,16.02158831892726,0.04937947349753699,0.095685550306283,0.15829001116294078,0.2627427216857615,0.42691507946865065
AH7EYATKZABJLZPV74F2UTJVZZKQ,100,352,99,99,False,16.537233588018072,0.08246990300250687,0.13114326930634462,0.20933328249074892,0.32433464546553054,0.489970145213627
AHKSD37M6YINFJE4K4K4QAAWWCRA,100,106,52,99,True,16.594505748628844,0.0757020661804395,0.1285411943266905,0.22570997530089276,0.3789972621368284,0.5989203918803677
AF2IWZ2WIXEMCM3ZHI3FV4XZMQ6A,100,154,99,99,False,16.969100712253958,0.05063522620659528,0.09062435446928896,0.15363094979894384,0.25229798934069125,0.40881914832301475
AGZ3HGFWWX3757NYOQL22RFG7J7Q,100,111,99,99,False,15.746059026407938,0.06440292349294066,0.1043579664180327,0.17089376352931068,0.27930484704883357,0.44166629090592374
AELBDV3WKDSQE4X5KJ4K2NR7AS3A,100,115,98,99,True,19.80844023521118,0.08978180141727542,0.1319944174463249,0.20003109552675047,0.31328872487814263,0.4739855552790936
AH75O6O35WZKXRMLGIQQFFDA5KCA,100,185,99,99,False,15.591300160710325,0.05516767597322183,0.09467061539355674,0.16214371419837353,0.27086289256708374,0.4314314468290389
AEAMLJMAC4LQULYBJ2DTPX5OEXVA,100,111,99,99,False,17.641569309600452,0.06842199434672055,0.11744572575552116,0.18214817300737093,0.2866711046764772,0.45118615654443833
AGY5AUOWAZ52AMPFYIILS3M53RZA,100,115,99,99,False,17.556819908805064,0.06422496209121827,0.10403915867035868,0.1723058211187725,0.27402726465712185,0.4291486258372571
AH52JG5PBRVOSTGXB3ZR3JA4XEBA,100,118,99,99,False,17.17493598434291,0.06883511409175969,0.11805940016509836,0.18587632178460492,0.28571269741107824,0.4458842226548196
AHR3ON2IRYSXJZZP5FVCLIESBSAQ,100,100,99,99,False,15.338922951528428,0.06352944153479002,0.1096621232615899,0.17999182815920023,0.2983720409645884,0.467750078342061
AFSF7Z5BISXKOBEXL56VUKOIFOIA,100,198,97,99,True,16.700668346731344,0.0883797414404768,0.14192231750536077,0.22047089790555252,0.33516879743836603,0.500676046347994
AEBECS4OEJWMFQPDJGEC52HMUMQA,100,124,99,99,False,14.153745410517054,0.05486918974580598,0.09632901971523407,0.16633209054778272,0.27540195245504945,0.44183245024308093
AHPHBCCRZXGV5LTLHLUKWEBSMMNQ,100,108,97,99,True,15.073277245300668,0.09170424525389755,0.14462316296062658,0.22539652399419313,0.3434359324680926,0.5080221861027241
AFMOMWWWDGAQLHVFQBCQVJPG46CQ,100,126,99,99,False,13.75405948601937,0.06829293163454657,0.12526577447462117,0.1969352780747188,0.30874635168805,0.4684363486806728
AHQ6BQIVU3QKS364JCPPPYSNU22A,100,106,99,99,False,16.92643470645083,0.07998531303301636,0.12055316497120806,0.1870149233988709,0.2958426791481434,0.45913895617831096
AHU3PHXO5ROPM42MGBGX2WN6IX6Q,100,680,98,99,True,16.145249487418265,0.07422367153510019,0.12142149525502383,0.1919116300484897,0.30717448260708735,0.47070512372123946
AHVK6E5LV26567B2Z6JNDM336G2A,100,333,99,99,False,15.08401162890309,0.06297865815451403,0.10669980295479867,0.17228194908964553,0.2821778902298413,0.44787348390921194
AERDCAMJOVIBWC7P3ZRCGDXSHBXQ,100,324,99,99,False,16.2011509082032,0.07053110912721243,0.11186310291770259,0.17698015616852114,0.28637750676510715,0.4500180693491012
AEAKWLN7QQ675DPGNXDKUD5EQE4Q,100,115,99,99,False,16.02074090330313,0.05768900206575937,0.09937513811214357,0.16581067916201767,0.2738431596730273,0.4305883570512799
AHJZPHBEQY7LOHJN56LUBYXGOWSQ,100,209,99,99,False,16.839771014353275,0.06734920956258854,0.11442818680365588,0.178011201541099,0.28117144920020837,0.4387669254478151
AFEAZ3JN6U6RGEXBS5RLG3GQKPOQ,100,317,70,99,True,17.227701257125158,0.10216157934032505,0.19647404078894043,0.30211887659887077,0.462868764552664,0.6479499723008855
AHZRUCQACCVHJ5W7VTYWOTZICVAA,100,553,99,99,False,14.360766046838298,0.05461381646320452,0.09849509935161785,0.16357026727435003,0.27737827696519723,0.4413430691123555
AFFETTREBYRVZ25DYQKUHBF2X2LA,100,150,74,99,True,17.997357540871366,0.0605221528397635,0.1130276022006935,0.19317326784592498,0.3166272490307517,0.5082339106601368
AEJY24XTMIMXD5G7KDKFUTUJSGYQ,100,104,98,99,True,16.467804888763073,0.07234975798478481,0.12238574141462809,0.19101763634343916,0.3021924723225006,0.4630731548488475
AEVHSN37PYEPB3FVHZPD3KB4FIGA,100,117,99,99,False,16.743255356570195,0.06521776351476608,0.10305069489037892,0.16849997782981563,0.27450076341605156,0.43597033844668215
AHT7LA5WBAB4ROGSGGDPSOYFORHQ,100,173,62,99,True,17.772539940800428,0.0706749192138588,0.12532973432873135,0.21790356487023402,0.36297853684085224,0.5752464823286458
AHMM4IE5PPFSNOXOOPDBW37GB36A,100,159,89,99,True,16.34861859708599,0.059586964671270976,0.10777589204092566,0.18420692606824382,0.30396639058441244,0.47893617461646615
AHR375Y4F3W6I7Z5YBS6PVJR37PA,100,199,99,99,False,16.04553569135262,0.06403151984482539,0.10333200654060991,0.16973258777151506,0.275687372113702,0.4394306715281373
AEYDWBTKRXYIOW2ATGJ7YV4FXGWQ,100,129,97,99,True,17.416765462141612,0.07273522706119356,0.11185589727121759,0.18021388466058935,0.28833071508046343,0.45153553198690904
AE3QC4R3QMSHINRTN3L7YFNSC3XA,100,173,90,99,True,15.83358938717548,0.06435118212499866,0.10966094229320472,0.18245402436991826,0.29473876551514405,0.46727696303060856
AE6F3WJIUZRLTBQIA2M4X3LERYJA,100,146,99,99,False,16.747026573206792,0.07527427051963417,0.12362677367846087,0.19393768822120513,0.31061902537718544,0.47234489419505615
AHEK757U7544PNGSDFCIKFN7NZDQ,100,435,99,99,False,14.775810197248697,0.05572589085925592,0.09671846233282601,0.1667121600899925,0.2781889176272785,0.44409336623546486
AH7YO7YEDTMDVR7QRKGJPUSX3TPQ,100,128,99,99,False,16.036000163963234,0.06939099190434306,0.11716299156633603,0.19298620553563298,0.29995746653764177,0.4551377619236901
AHK22RUTPDKFZIFHCLL3NL765XCA,100,240,99,99,False,16.693367294109617,0.06459526887974669,0.1075368998448064,0.17494056700746072,0.2806746005198941,0.44194324635320953
AHV65Z27776ECWFAT6I7YHKHOXRQ,100,223,87,99,True,16.77895504801603,0.08086715300992486,0.14354893301494615,0.24352651798170566,0.38688715814050567,0.559416980451242
AH3SKZJFV5YLTSKRJLMWP5BVEKNA,100,246,90,99,True,14.185425494501832,0.09236198986540531,0.167055537360681,0.2600062198427845,0.38995363451281695,0.555323241154229
AHTHCWRQ5ORZ5XVPRHSDCXVRPN2Q,100,144,99,99,False,16.287404320084406,0.06773279088942954,0.11277214058256428,0.17868667641971808,0.28482699593829425,0.4456904654684631
AEOOVIA4OZ4YXXMOX52QKRFPI44A,100,207,73,99,True,18.2547792073298,0.07136184147700923,0.13806443159842952,0.24047223628905284,0.374756936826042,0.5535522400158008
AGWGBSXM3MQKTMVXOMN35LKGXWJA,100,123,99,99,False,15.406739191218099,0.06438082971638075,0.11151556204495161,0.1808860210495329,0.28379762734013686,0.4443789596050682
AGW7SXB5FPGXDQKSUWGAGBTIUCKQ,100,183,90,99,True,17.414353872724593,0.09339114338644924,0.15309770774178846,0.25651422059350426,0.37726379859915427,0.5410760386597457
AHG2QI6BFFMYOGYUSVB6L3MRVBPQ,100,107,99,99,False,16.662909816713213,0.07205036435114211,0.1143973922109148,0.18262246325042747,0.2935915527386455,0.4580935355954767
AETPZ42ZJOE4UCJETADBRCLJ4ATQ,100,134,99,99,False,16.727863815066982,0.057391968163111,0.10353604269908731,0.1700735058031862,0.2759016806643106,0.4367537744502776
AG3UP7TMMLHF24OD3JKE4UMYLG7Q,100,127,99,99,False,18.525612427921487,0.07392866792672563,0.12441579157420628,0.19453628515623897,0.2979153154113072,0.45679800480271104
AGKCPEL4BVM2GGWLPE6I7NQRGCVQ,100,117,99,99,False,16.210807257371126,0.0782763878147737,0.1292716214651106,0.1956907181482436,0.30419070148530636,0.46810550895577313
AFSCJNRG4BAGAB37REW4XCDPE6XA,100,114,99,99,False,14.383132850487279,0.06364214207105982,0.1104679971926574,0.1780370545533316,0.28918825102275875,0.4549309892000536
AFAFYXZDO7IQMWKTKLIE6VDCPPMA,100,187,93,99,True,16.759002470174583,0.0817882621621524,0.13212761829664263,0.21229349148718896,0.33032191883752954,0.4972298437055492
AHPOHKN4PU4W3V5PGFL7AGTAD2AA,100,380,99,99,False,14.401554873468957,0.05440853275416183,0.10304974631493932,0.1748429613543427,0.28888023352874026,0.4546625102947023
AEH5Y525F3CTRR4KHLJLQTCFUSDA,100,607,99,99,False,16.934214352539925,0.0716077648107896,0.11466723873211081,0.18245715190790487,0.2902143959277214,0.4527829641804137
AE2J5DDVCHVMRBD7BJ24ETJFQSOA,100,115,99,99,False,15.891950276089638,0.06373186455341869,0.11317287635477823,0.18176155964537677,0.28711472825394496,0.4477808764436517
AE3H7UXU4IIC7QDBIVKZVKHXBCAA,100,179,99,99,False,17.428704586157078,0.08127111805446063,0.12881552251281553,0.19903658846183733,0.3141047625201945,0.48451014828115807
AHROI4P63GJBWUL457XH2BOLUT4Q,100,129,99,99,False,16.851173022724335,0.07041958130501767,0.11641285658845907,0.1840581300286773,0.2863113331134711,0.444648142995407
AFYD3MPCZTULGZL2JJFW324JB5BQ,100,409,99,99,False,17.89052017172843,0.06548118282297019,0.10631436139956131,0.17442984815100798,0.27491368286695145,0.43068860943246356
AFZUMKCTS2HWDZ2P4HK4PS47MA5A,100,136,99,99,False,15.812683376140296,0.05788320054495369,0.10374990397175728,0.16494124531346838,0.2680650470869785,0.42730711603411264
AHJ2S343LIEFFF6PEJOHLWMZ4CQA,100,112,99,99,False,15.627903442387844,0.06344314515096279,0.10998912313895949,0.17573901708613496,0.28586567671207014,0.4569251834744672
AH4NV5I7WLS5GYM5NTQVV6KHSVNQ,100,105,99,99,False,14.76456644347169,0.06574611534431664,0.11165490186146469,0.18618362588181622,0.30007994399851673,0.4714722115897016
AFS4R5CFAR5YLMH7GSJHMIBE6BMQ,100,101,99,99,False,18.206206372395652,0.056968769739044196,0.10294904496234801,0.16862957302579845,0.2661318603345168,0.41446558372002335
AEX7XGYOI6YZR2LS63EGJPXVXODA,100,128,99,99,False,16.426126942643574,0.06211872380290935,0.10039475309488459,0.1706076397424554,0.27933216610821693,0.44376330863344615
AEICWNHLXQDGNO2XLQ7DKMJCSXZA,100,106,99,99,False,15.107482781770496,0.06400355469350504,0.10894714450237811,0.17906380369941974,0.28668874417682766,0.448532545864838
AE6JXZ2HEEC3RLKQ23MI2JSCXSNA,100,497,98,99,True,16.86223978970554,0.07096792753967367,0.11605025319707665,0.1895892705260406,0.2958117940939195,0.45761044762570297
AGDOLKQB35QQ45G23MU43JANJXYA,100,124,61,99,True,18.3370750673067,0.06476115236406654,0.11878849220411175,0.20380857591738222,0.34277995987627197,0.5500930987527576
AHKO56KDFQSMLU3ZSCOZ4SWB6A4Q,100,139,99,99,False,17.205743635969515,0.07514961098941325,0.11733483161115602,0.18200153037603914,0.28848716283745673,0.4517010548882628
AHSP5IKX6USXFMSHWDQMXSKAEJ3Q,100,120,98,99,True,16.080827964618628,0.06105717902269529,0.10301556498510109,0.1679201195367367,0.2778561880390443,0.44669856417341436
AE33DCBS6ZICG66ETAHGQSZ5O7HQ,100,108,99,99,False,15.502098063520984,0.06379701034838499,0.1091195445484349,0.17825523234493273,0.28729989341338236,0.4525109872917273
AG773IIH5JWYUNOQQVNEXQGDRN4Q,100,793,99,99,False,17.083283331869016,0.07273869855237558,0.11620821394048361,0.18064629766391563,0.2854591814821665,0.44395532829634105
AEGBNQNP2YDBMHPTLBOYOOXXL3FQ,100,103,99,99,False,16.715464682554106,0.0585622128925373,0.09871544723247151,0.168448464583319,0.26643516958679836,0.4188702227780565
AFKOXRKM5XY3N3FR54SGGLOJJFVA,100,145,99,99,False,15.732400433152394,0.06674444445947028,0.10814237700579876,0.1745062876815305,0.2826859992864364,0.4406380333131678
AEFLJ44YE4GTJNXRJNWEVB4BPBGA,100,489,99,99,False,16.666801679165882,0.0760314103146135,0.12668070895504302,0.20111092036825828,0.31594678012492916,0.4834051183075918
AEK3Q3YE25YBBW4NBUGXY3LP3JEA,100,115,99,99,False,15.706234682197508,0.06404678719308968,0.11586362674142327,0.19249211262283034,0.3131548379198641,0.4732703574850647
AEIM3OP6ADOPSM4W7OXP2CM6G65A,100,127,97,99,True,14.319546986346255,0.05367589300239732,0.10407637220291,0.18688308256678088,0.3079544708819809,0.4759628139222961
AEA6O7PSMHO4VOKWAZOYOKKULRDA,100,111,99,99,False,15.12729410966269,0.07087835662965394,0.11213074498227736,0.18614156825999106,0.3002513366580121,0.47209910012932577
AHTJ5KL3HAI5QMHSVCIAZUVK47IQ,100,141,97,99,True,14.61245720219855,0.0755689708149154,0.12176109555062054,0.19788473881327523,0.3211580292027744,0.49506507030672436
AHZ4HTX77PTDYAZIYLJLERY2RXAA,100,303,99,99,False,15.713172940141574,0.05588967196658836,0.09598804514850144,0.15910419398997058,0.2660762333737748,0.429080059113468
AGRBCVBFSGXC3IOJMZLUSLD75AQQ,100,101,99,99,False,16.00967464480727,0.06011762302363679,0.10084536448534241,0.1685901634837253,0.27673563310758903,0.4371329290210936
AGGBDIRIMCGGYSPNMA5RIGICN6RQ,100,162,99,99,False,16.511993115407822,0.0815128816029787,0.12586652440024088,0.18984188422437157,0.29472336675136335,0.45312172228819514
AHM57VOLLXXAKPBFJV3KGMYRLBZQ,100,130,98,99,True,16.953374329131616,0.0563214683369407,0.09389931653872055,0.1581260399725336,0.2596836018338911,0.418803622389366
AF6ZBUE3EUJZSDTG3QJSNMKG5PVA,100,108,99,99,False,17.275168347817562,0.06963992239733922,0.11244601770857092,0.1764565444797735,0.2851088426043123,0.445474935125299
AFMIIYKWWCQGBNEDPNYX5OCYE3KQ,100,105,99,99,False,15.804992815623523,0.056644005365561446,0.10788475552084455,0.16999753311387772,0.2775589039083672,0.44541094545787563
AHKLR5H3QROA4F7ZJVCOZYGSPZ7A,100,263,99,99,False,15.461877544738414,0.05673102786330763,0.1082923139500292,0.1804357340260446,0.2915810506873592,0.45618554681393203
AEOUNGYXHQECUPRUCSZUSVXUGP2Q,100,128,63,99,True,17.930258181656217,0.06885673436684918,0.1322091614839616,0.22241138189490622,0.3599920768489452,0.5612994199079208
AHPRTK5ES5L3TUUAGGW7AQBGRKYA,100,142,99,99,False,16.303484504919325,0.07757586221048643,0.121258252687291,0.18954208122766492,0.3014890969175174,0.4672217701833086
AGUOEDUXBQSS2IZBV7JKYBIOK5RQ,100,194,99,99,False,17.301639109714063,0.06663655153070683,0.11848522167771237,0.18638991443203196,0.28730319922412656,0.4400703254078122
AHB5KUPK5G3TCAYG5FVU6FZTZNXA,100,170,99,99,False,15.879506808070339,0.0722658674089944,0.12450934596662427,0.2008817829670242,0.3105351340777896,0.47511844286066296
AE6KH7MCDOWZY7BEPTRSGJYRHLPA,100,102,92,99,True,16.667746126968588,0.06336790361463737,0.11599439710514232,0.1967724694045207,0.30695917855366484,0.469006162845026
AE27M52WTNJGLONE7KTAEOHZRJIA,100,100,99,99,False,14.638911790484443,0.06541405071079678,0.10850010982582556,0.18076728100021072,0.28996175459898516,0.4489484413320685
AGZYMSCZZ5SPWHX5AVWTP64TY7AA,100,380,99,99,False,16.80722602954647,0.05993822207308971,0.1075236038030474,0.17054684014309981,0.2740141049664042,0.44076531183735446
AGYIYHWC5EJWEENTNN2IMPFEWKSQ,100,237,99,99,False,17.56163075153307,0.08348380315765326,0.1222251183320083,0.19267412543963483,0.30136319347198,0.46373195633086833
AEYQ5YP2XQD6ABDBCVPECI6LFO2Q,100,167,99,99,False,15.613486405000124,0.07353764127814778,0.12135677412916336,0.20049320098899848,0.3138625419111219,0.4802097151542142
AHRL4LYXD7XNEBSXATXTYL3VQO3Q,100,392,99,99,False,15.92528740194282,0.06505395080568283,0.11496187428928528,0.18260293375738487,0.2894892749771176,0.44828436050842047
AFSGNK5YT6ST4FWMWYDT2OIURHVQ,100,135,99,99,False,13.93198257503026,0.06463390412842417,0.11015969655833532,0.1843150185797429,0.30434175931212776,0.47544840763555135
AFSVUC3CTCPDM4Z426H4QXIBBDIQ,100,100,99,99,False,16.84867438045721,0.05705433314749368,0.10305982312988607,0.16453655503809061,0.2612434868963944,0.4163120012469983
AEID2J5IAK3LDPXXEDHH4T3JV3VQ,100,190,99,99,False,15.866153632424734,0.061446697687879456,0.10880107319802979,0.1773383277298201,0.28112488189155127,0.4467555595588089
AEWBDV24CDYDHTTTR7TIPKX5HUAQ,100,137,75,99,True,19.281057202485194,0.07525001757892334,0.13293508211758198,0.22637401556525627,0.36280777967225986,0.5549010122447727
AEXDR7GGRBNNHQKSTHBAHBVACTSA,100,148,73,99,True,17.40826333362803,0.07466250272067265,0.12718261467723888,0.21181446367799137,0.3405843663246507,0.5269937371599234
AGSRO7NXV6VMSP7OXAONAB7F57QQ,100,366,99,99,False,18.051607677330246,0.07541776171124585,0.1251314941230154,0.1897518908520003,0.2932739367573642,0.4495712965277512
AGUKR7YSLH7M3MNLWSCBRHKITO2Q,100,230,99,99,False,16.861655103604644,0.06947688982117735,0.11633368526844813,0.1922584567685164,0.29932028722946874,0.46277960769243315
AHS76Z2GPIHBUHEAIIRXUEPHYMUQ,100,141,99,99,False,14.444081324047444,0.06398561163457528,0.10783780019038573,0.18444860737495405,0.3023204474608972,0.4691910500032398
AFXHLUY7QOZ325FN3H442SVNDMDA,100,205,99,99,False,15.877781620269827,0.06448528939423613,0.10814165911483677,0.17750635203337806,0.28759866854328014,0.4525905855401246
AF5A5PMCP3EPIOVGZSAJWNICC6UQ,100,180,97,99,True,16.268357163028917,0.06664722045400442,0.12715869310120953,0.20134551733030745,0.3102205141003296,0.4697729602619716
AEXCRWZRJLGRZPCVD3YGA5QMMVKQ,100,156,77,99,True,16.8397500251567,0.06771119208741203,0.11752502739566785,0.20932751296598884,0.34766864180917023,0.5371337343900752
AFZT6FKO5X5D7XSJ64D64KTFSHBQ,100,109,99,99,False,14.999175760853474,0.056699112247591756,0.10879287173960052,0.18186144298774537,0.29551177258118605,0.4566584438223006
AFEAADP4WF3WCCCWDJBVZOSBXCVA,100,204,99,99,False,15.166708154642372,0.045050290586283986,0.08512361105162826,0.14781278857686456,0.2477886676338917,0.40452082917647086
AEOQK5R2VIF372OSXLIWC6GQMVVA,100,136,99,99,False,14.706768797672845,0.05675164936258177,0.10044207664806738,0.17492301290651216,0.28335230775572434,0.44804441495858555
AGFTTJHW3JROK22D5O7AJIWHUGUA,100,561,99,99,False,16.683849412490417,0.06504542328323752,0.10896314132489657,0.1781978695126222,0.28657021598122034,0.44697315255921055
AHUYAITDXGCQ5RLRZGP5C5PLRB7Q,100,306,99,99,False,15.945356961338215,0.0648315450994059,0.11508204422400126,0.1887470855352921,0.2933646243612479,0.4564935984990693
AEZIHPOKDE77G27VSJL3WA4EYPKQ,100,142,99,99,False,18.274477278347508,0.06588550996832336,0.1102857370138887,0.17431093513906737,0.27638243314259203,0.4296781150266637
AE25GU3LWQGZJN4NNT5GWAGBN2KA,100,127,99,99,False,18.583021696031306,0.07246963796631169,0.11478618136506577,0.1835550672011158,0.28272055011358577,0.43683086462619775
AEA2HDZHGSH7YNGJRXBU7V3PYNOA,100,101,99,99,False,17.39827568309014,0.0627263904132038,0.10561196292428121,0.16952793804085478,0.26900243942765284,0.4299655582215739
AHIG7XX4LPDHSXX7MCQYVSJWX4EQ,100,110,99,99,False,17.296114655071708,0.06454092596354068,0.10974719035308007,0.17735611638974114,0.28507799123416055,0.44774151438941795
AF5HPPMUDYGZSNCQR2QZAU3G47KA,100,200,99,99,False,17.052571437098507,0.06825692336267003,0.11212414947068289,0.17879291394111888,0.28434400318972025,0.4448356234231517
AGRFO6O6XIYLHVIFNUTT7VGQONHQ,100,128,99,99,False,15.349161070568778,0.05645943313808645,0.09813836290429494,0.16596351386623212,0.2718968525149859,0.43426291081927665
AER25UISEZP2EFBRSKVVI7SCVY3A,100,101,99,99,False,16.732811568208867,0.06759199166097771,0.1093290555468855,0.17516375872334855,0.27837573796033893,0.43368133876733195
AGMRMTUJSE5BHHM3NIVFC4LDTLIQ,100,112,99,99,False,16.00390140320261,0.05630454264384307,0.09394592146573127,0.16131026155440306,0.26786568972887603,0.4318315427532332
AGVH2YJ3C4MC5RJ5SK26PNEQ4XSQ,100,107,99,99,False,16.995361000239182,0.06769323507262857,0.11623434646863934,0.1842822303008594,0.2952253751316249,0.4597272582661189
AH6EWS5QFQXFL4GQD46VO22VRCLQ,100,121,97,99,True,17.615033882433345,0.07192781906842412,0.1144120514854543,0.181612254921641,0.28903285171016857,0.4518170194745599
AEELNPQG53TVUO2VBGJNSPQAOZJQ,100,102,99,99,False,14.3717586661133,0.056698009617782,0.10101484246936179,0.17496841874534558,0.28582339906599613,0.44596844662265145
AGZGO6YVZFF6X2FSR32KREOKDWSQ,100,109,95,99,True,15.396118186712512,0.06298153527007554,0.10950913842256628,0.18453366093416926,0.2970033427069387,0.46135769369244306
AHUPEIJQN2Q4QVUFILFTMR7EMJ7Q,100,106,99,99,False,15.882470182751122,0.05908280612767326,0.10136591038024179,0.16822547137454524,0.2741021307098434,0.4330450638530611
AEUZDXOGNYGM7FLLBEFXJB5TPG5Q,100,165,92,99,True,16.020543131474067,0.05981165720384535,0.10547610223052896,0.17558483071096345,0.2869845380136914,0.456624997252519
AGWIS5A24VOTIOS7K7TYJCV6JG6A,100,154,76,99,True,18.394566382336148,0.09739110493062403,0.14507279642112939,0.22832741148468916,0.36294236640805944,0.5537826616331473
AFGILDAOESUJX3BCUY533G2ZZ5FA,100,126,99,99,False,15.954374676421718,0.06037582693280927,0.10340129465059182,0.17198760435506796,0.2782928072819336,0.43635855552000086
AHMVGWFDCQMISB55JP6V7HBSPXPA,100,127,99,99,False,15.905649298231321,0.058184897435925385,0.10110519443928666,0.17209248819197864,0.2800438671495744,0.4405494412885486
AGN5KJZU3FYSKVWXWM66LXYWL5CQ,100,1161,99,99,False,15.696378964665557,0.08677422184581843,0.13671154691063572,0.2065549969926485,0.3233912365935599,0.4868040315907045
AE37EGKBIZNM76LDJ2N6BGHTRZNA,100,109,99,99,False,16.908535845649087,0.07050972058469843,0.11083134798027636,0.17954106404357403,0.28538313600062976,0.44895961383429644
AETUSD4234J7JEUFY4YSBTHIYEAQ,100,170,99,99,False,15.718153122276425,0.0770940872277646,0.1267085584075638,0.20235311912119952,0.31545412275605056,0.4785563715830075
AG2XHVLDSJXRCWTFNXKHL7B5KS3A,100,223,99,99,False,14.474784882081652,0.07608622454163279,0.12435207126445881,0.19761085177929882,0.3103597501344278,0.47630318113968273
AE3KIOP3QQIL7POLQ35MHUTOSG6Q,100,155,99,99,False,18.35544113787353,0.07171044838229854,0.12197867059449267,0.19008909921299316,0.29290641904380516,0.4545639627459772
AESH4UBOA6VWZ36CIYMP4JVYPOLA,100,139,99,99,False,15.884663540977572,0.07790858548493595,0.1303603211493348,0.20897778837367637,0.3214894950120947,0.4873107616983451
AE2QK2SWUQAGG54GHQDJUREN3DRA,100,207,99,99,False,16.76721657892269,0.07532648992157605,0.12486806388939516,0.194630808375313,0.3009436072802214,0.46107075124873376
AEOMTF2KGPGBSLSLN4YCFUVTAQ6A,100,104,99,99,False,14.984858729484523,0.07552232283388108,0.12463927199324587,0.20243640465214058,0.31348341594629003,0.479734305570614
AHGQDSOBAIVAAKJFIVEGS344MSXA,100,1185,99,99,False,20.201021024150702,0.08904160784505014,0.13852980775152077,0.20049705567163922,0.30444284182358056,0.45788380272733314
AEW6MP4UK3A3VZEC2BDQN3DFEKRA,100,142,94,99,True,16.519377358933408,0.06507851406712746,0.11268390149596004,0.18659142845727478,0.2994444252801413,0.46375911821388477
AGV7MJIYWVS7UVMOHQW5FYIEQC3A,100,320,99,99,False,15.744291202303895,0.08123599587825348,0.12628216403958326,0.20163252152490188,0.31523458804516485,0.47578721130549567
AHAYJYTWBY6A6HTPQ4KHWKD6X7RQ,100,676,87,99,True,16.959432997254833,0.07185583173361848,0.12908965655549787,0.2079235630656601,0.3324853572730809,0.5104831639696327
AFRDKTRM3R5K6PM7HXYADVJSU6SQ,100,151,99,99,False,14.631341194064706,0.07409401925660117,0.12160509246959195,0.19355937667673723,0.31188059664995144,0.4769558888236574
AHARWQINLE3C6ZTBQ5YVJO3OHSIA,100,112,99,99,False,15.160305114421984,0.06429738238059213,0.11793490429128202,0.20172297947560117,0.3201084243654068,0.4838702676850213
AE75RQ5THMDYEJUAYOJZHODWFMMQ,100,220,99,99,False,17.770601546204755,0.0661500278207957,0.10815591711254674,0.17368101127174831,0.27690211979470103,0.4333257809538327
AHFGCYK6JXYXSTJFMC2FF7R3IXFQ,100,230,99,99,False,17.183233275836002,0.06992871406013183,0.10968039251902462,0.17894323864523876,0.28658823243094145,0.4500393275737562
AE7ONXWBLUX652N6OQUSJSL653GQ,100,180,99,99,False,17.426937961274085,0.07704223185516273,0.12466968569184282,0.20340108194545226,0.3143273797547157,0.47528214422917936
AGE3PTUYLXXSTCZXHJY6S76NQQEQ,100,135,99,99,False,16.26896031520204,0.0670554016517198,0.11423751663941135,0.17627613964181452,0.27846168506968855,0.4389826513606671
AF42FV7ZU224XIHCU47NMD6SK4AQ,100,107,99,99,False,15.243162439585774,0.07403204054075709,0.12746392642199242,0.2063165019251354,0.32331328573008766,0.4850247804798702
AGODPCBFEQIVP5IXCBODQQHHDTUQ,100,155,99,99,False,16.06036887223982,0.060701977146907234,0.10303724230312603,0.17410042622689542,0.28335154540636875,0.44476109115583123
AGHCMB24BP3XPSVIJJ24BNYUF3KQ,100,184,99,99,False,16.395845862915973,0.05912450713269261,0.10734504140251795,0.17649889670594787,0.2797426138243504,0.4359998468790077
AFJWRG6WWXKBY6FK36QZ6KTC4LFA,100,101,99,99,False,15.458208340503436,0.05027492275355302,0.09479661033375246,0.1609423183340156,0.2671494820638374,0.424376877644952
AG2ENDOXZQPWVD6GBNEMEF6JTPPA,100,136,99,99,False,15.123971418343022,0.06949881850475711,0.11203150026617478,0.18442612072195028,0.29439342822114406,0.4603422139923635
AEPPREPGXD2Z3K45LGEW2ZSCJBIA,100,115,99,99,False,15.208179592402884,0.06303553560053732,0.10898617960439302,0.17654453988245877,0.28762030549761264,0.44599339745680505
AGPH4RMR4EOTWJJKC2T6CUBIHAJQ,100,137,99,99,False,14.944089493521993,0.06522423116744432,0.11232683115619783,0.18968931744640172,0.30387142853385746,0.47170022601359207
AEIFF4UKBMMHMIA3F5OUJLVN22OA,100,108,99,99,False,15.290025779889184,0.06606145648356154,0.1097550214687916,0.18036540708420906,0.29444824655251917,0.45298148038508257
AGW7WEU5IG5DRNRQ7SBRRG4FYEZA,100,816,93,99,True,15.637116480419236,0.06050364027866556,0.11289928771266393,0.18851895063350016,0.3026314711761472,0.4709964769321781
AHUQHUKMW2VDHUHTAWQVVYYNER4Q,100,104,99,99,False,14.049927577574337,0.05868080420903986,0.10476917132656004,0.17997819753940003,0.29351031274950595,0.4564251570057881
AGVEMZDSO4JB4BLEQGXF276DYASA,100,141,99,99,False,16.260326112044883,0.07536749178193697,0.1203141854451628,0.1938136686035319,0.304357056514017,0.4678192408817148
AGGMJWZGH5H45UG3JGME24PISUZA,100,149,99,99,False,15.345194578763822,0.06573841336128493,0.11570803581963118,0.1910059186965244,0.3020615910938814,0.46180047781639877
AFSNEH45IGUF23MBKFH4TY4S6D6A,100,141,99,99,False,18.444656489587636,0.06192284575208813,0.10333915784390052,0.16630394889843844,0.26225935650385757,0.4137696717586741
AGKQOGMY7SVDTMMSC7T7MM2KFB4A,100,118,99,99,False,16.430367318284894,0.05574582670067655,0.09752654495346526,0.16184149162606115,0.2680388836975193,0.4250136264064329
AEF6XHHY4L4AP7SECFHSOBQMAMTQ,100,117,99,99,False,16.107568136201937,0.06625597272228767,0.10634033052675476,0.17058850513022805,0.27921413127716666,0.4364269286527265
AEW6LYMS7YOBKV3SAOVF7RZZMBOA,100,209,99,99,False,16.482583823619883,0.06135747716168616,0.10214665507314186,0.16830252968360393,0.27600037291620055,0.43853940829913945
AGNVPG5LUE53WJT6YZYDOAVGNITQ,100,142,99,99,False,16.816679489501272,0.065771124746815,0.104319605014419,0.16958998184315333,0.27317601589196294,0.4321178914762238
AF3QJUZMINQU5V6DCZIN4CPGLCOQ,100,101,99,99,False,16.227578500074596,0.0601255563061011,0.106262386527617,0.17333494186143852,0.275217376580453,0.4315445328741578
AFIYJLRZHK7C4B5QSZAGSGZVVAJA,100,106,52,99,True,16.21853082087852,0.06848503377840486,0.1268180766925411,0.2257247116917902,0.38370926333102057,0.6092529661633621
AFRZWY5NEGURSNCWQIR3CGO7XTDA,100,120,99,99,False,15.527160151487138,0.053219114953220514,0.09792040096568087,0.16730254038576092,0.2725365541056058,0.43220238806464345
AHKMODQX6CK23H2UIZ43KP5QZR6A,100,136,99,99,False,14.856383377335048,0.055616988848072695,0.09557323442852572,0.16623188803829025,0.2752081513131357,0.44024355635542783
AHX7REGI74RJYU6QNM6CHKH2L3SQ,100,247,99,99,False,15.586136123297068,0.06210235349933296,0.10177913134145403,0.16782207029105328,0.2817535127654274,0.44080030633062783
AHX25MN3P7B6FZCQIZDBLBNIGKZQ,100,200,92,99,True,16.20199501737281,0.05570260270698685,0.10110610372878748,0.17698773191784145,0.2852100925355673,0.4493208524106192
AHVLJYVLQA2VXUH4OZQGICPAXJQQ,100,101,99,99,False,16.028625518004407,0.05689350296106341,0.0964706789446007,0.16395071939842298,0.27343056910248,0.4290353819478615
AH7HTVJUXS4MUP3NSI3XCGE37Q2A,100,135,99,99,False,16.238018265507392,0.05103922641513248,0.09871062552439408,0.164837536525161,0.26821022903924585,0.4247625620582338
AE7ZKGE2DPSHLHF32BT7ME7R563A,100,111,99,99,False,13.536762460090573,0.06257049030284688,0.10805888418542295,0.18438680268992516,0.2968411469778612,0.45941809822184715
AF6AHZOP3ARBRLR7M7BAFEYHMHDA,100,124,99,99,False,14.92272005813762,0.05415580181166804,0.10064675881321483,0.17034269609266234,0.2885954507704658,0.4567402967703479
AE2RWATLMMUSX7TMKKCP2DYHDCWQ,100,451,99,99,False,16.70229507135258,0.06477955151647054,0.11047362537538827,0.1724348152323595,0.2747610072362572,0.4360909826904222
AF54J6UBFYLCY5DW2KYQXLNMZPGQ,100,124,99,99,False,15.066833756229604,0.05655936103991625,0.10490963424707087,0.17533470355179578,0.29101918368930607,0.45571106383790433
AGJYGNSFUQILJ2WA7XDTP5YN2ZTQ,100,139,98,99,True,15.609782410296322,0.09394143993245295,0.13949823857917756,0.2171168523528473,0.33010586382586454,0.5012478500119961
AGA5ERKYNHM6AHCZ2UTS5XZLU5QA,100,106,99,99,False,14.849812180571666,0.05048880443403181,0.09119977905926034,0.15588923890553003,0.25958377174503067,0.41857802092457985
AHWLAJMDMMY3U64I5ISWYBVE3S7Q,100,217,99,99,False,17.8691599388731,0.05794738152094124,0.09762054539589957,0.16157680667210908,0.26273440371121887,0.4215760497569246
AHNHPHEADEG6JOWSHQIC7P6QGYQQ,100,115,99,99,False,16.02683450187078,0.0663947620630231,0.11468380182159027,0.19277999595005554,0.3078757551717907,0.46907801516127495
AHNSZCP3JIOZZVYXFJRGQEKRSTFA,100,306,98,99,True,14.577596021286684,0.07571528539712234,0.1248252541776505,0.21088277824920726,0.32905278075571337,0.49434674167699844
AEENPBAQW2HUWECL2FQNMHE4V7LQ,100,163,92,99,True,15.507489748543252,0.07788116441788001,0.12247046113606853,0.2030471719583338,0.3237796630533385,0.48880564392434583
AFWGSI3AV3UORK7AHCCYA763KEYA,100,112,74,99,True,19.98771174906519,0.07070435967721257,0.13161090969780853,0.22868868322337135,0.3644617113284397,0.5408894705660416
AGU35OCWVSLJ4FQ5DSUYXP3FTUFA,100,174,99,99,False,16.357934323079064,0.06574060573823558,0.10991089635434886,0.17506816708803383,0.28229740469235715,0.4437744829390194
AFMY5CEPFKJXLHTMOJSYC4XABXOQ,100,453,99,99,False,15.432270074768262,0.07257348149226985,0.11573683735714223,0.18867258586902047,0.29622357868371,0.45229174308015446
AECCWTWRVTRL36SUIZOJ5OYQDYGQ,100,178,99,99,False,15.565992895820015,0.06553257284381436,0.1045576235775474,0.16802343316654228,0.2711857553480264,0.426598785445033
AEJKZRNBES64Q4UGI2WK6DEPL6OA,100,269,83,99,True,18.306227784561063,0.0913713074312531,0.14777173143222808,0.2405608432175417,0.35863244964076185,0.5341233329317043
AENEVJH3U3MYSPDNE6VBEQCW2V4Q,100,507,99,99,False,16.17163459456209,0.055716664492165696,0.09848386344572549,0.16593778959822958,0.2737780812419056,0.4349443059872221
AFHFMYCNLONPVUHT3JZFYLIEGX6Q,100,179,94,99,True,17.017714993444248,0.1079543373684494,0.15922697506470523,0.23634496030870183,0.35267835707404915,0.5187868137925212
AFBO6XWKZVDRE7B3ETC3AOHH5ZUQ,100,206,85,99,True,17.123402778423273,0.10437932665457995,0.17871259302009948,0.29090019521200966,0.4192456806048965,0.5831959894191753
AEEYABBPOWJ62NLOMVCVJFLHMU5Q,100,175,74,99,True,20.056066645008165,0.15600718639960323,0.25874288495356557,0.3791108863337714,0.5058547142360501,0.6616597041910397
AEMF7JLOJ45VE3WDYLRTZO6ZPDUQ,100,174,99,99,False,15.400465406400398,0.06271118657373603,0.1043796166258047,0.16902449205634304,0.27619699671439085,0.4313617538285624
AFQJOI3SFAS5PBT2QVK5NYBW26TA,100,165,99,99,False,15.127210871542452,0.057133425234533894,0.10699331578392814,0.17566526853608033,0.2866348043412379,0.4563409150923273
AGQDXR3ZO6DYGPTJ22BGNKM6CZCQ,100,105,99,99,False,15.590017127418225,0.05051494860835132,0.09155843970333129,0.16251363985743586,0.26870854047253256,0.42417206834901167
AH3GCL77XMMH23DYJBWV3QBRNH6Q,100,246,98,99,True,15.393808352764436,0.08514551548506528,0.13535138673061659,0.2136834089725208,0.32791761785078427,0.48950171731563913
AHSPC5CJU3KSQTDFHAYJN5Z5X5CA,100,179,99,99,False,13.692578216448924,0.06634466222458701,0.12453379292579453,0.20919315228123897,0.32730171557446935,0.48821434491698895
AEP4KJDGBH6XPJKFEHPYSAPUNDBQ,100,257,99,99,False,16.64259073735355,0.06717170937843676,0.10952619939056522,0.18400194849596407,0.28572856533466023,0.44591964872820156
AEBZJGN6VG5Z2E7AVXBGXHOU5KPA,100,148,99,99,False,16.003910304753536,0.06394512021116457,0.10736500678737611,0.17317054293137915,0.2783993065317231,0.44260935262558476
AEDF6LSTO7L4BWZPQXJSZ3FPMX5A,100,235,99,99,False,16.464621606042567,0.05527448548018151,0.10110377244722141,0.15989222788906693,0.2647486846643093,0.4217800605690367
AGDB54YNPIHHKZ2X2WKFZSK3ZB7Q,100,105,98,99,True,15.001526750874294,0.05337556770728563,0.09811431677310233,0.16613544194041047,0.2715691303436656,0.4308591323505191
AGECNBG33ROS6O4KC6IL2HK2XNBA,100,181,99,99,False,15.748770332558914,0.07199967689980746,0.11375580524728349,0.18387335353268508,0.29361324684388806,0.4553699831794752
AFIQLHOXJGGFHI3ZMEJROMHZMEZQ,100,133,99,99,False,17.357758821955574,0.07085484152380311,0.1185443595578879,0.19004142539479996,0.29499739732332103,0.4540402659357559
AESVJJ7VSHXGXUARIQSRC5UM3XVA,100,138,92,99,True,16.716000171662493,0.07186127465069617,0.12192795997436952,0.19497499458837583,0.3084424404942722,0.47553007239832534
AG5O64JBMX5QU6JZJMV6A7JVA4FQ,100,193,99,99,False,16.202165519354875,0.0623655136858069,0.10205748316631462,0.16669132896156347,0.26960251331846385,0.4288464179038
AEW7T5OK55DUZ4EJKRRXZYNKRT4Q,100,214,99,99,False,13.945388333817245,0.059765104097753256,0.10701953206124465,0.18574476994071504,0.29544493590295867,0.45533250640576245
AFJWJOZBX465TCG3ZWJRPR6QWBPA,100,125,99,99,False,16.277625540227213,0.05858225453810667,0.09824118240223383,0.1625286175630773,0.26447456790102697,0.4238565864393199
AGFIRKQTHCHHQAUS5MANZ7YYIL5A,100,113,98,99,True,15.028248207060575,0.05382067677865062,0.09878792950909106,0.17205851692161356,0.28522562603114204,0.45092312192033357
AH254KLJJLFZUUSWU6STN7PMKS7A,100,159,95,99,True,15.47374010022332,0.04926588451844704,0.09089972719270818,0.15640208237178096,0.2666236054987155,0.43064376342396676
AFLZUVWTQ54JZIKLCEW3YIMUGHHA,100,269,83,99,True,17.038401979126967,0.061435334077321886,0.10571360871334955,0.18624579535537056,0.30023836346261557,0.47350188021481393
AGAFBYWPUTNDVOTUOETV53ZG5Y5A,100,136,99,99,False,16.28314001379973,0.05830675707314734,0.09949202238752022,0.16753976121507644,0.2713693680446193,0.4324270376837249
AECL7JJZHWTNAN2RWAMJEVUQSVLQ,100,119,89,99,True,15.720480013512931,0.06881468549052276,0.11739774263921415,0.2013405324370631,0.3246284993597351,0.4942987550026979
AFLHPISWNLXE5TGFDGMJFMF2FO4Q,100,111,99,99,False,15.516236505149548,0.09268487431762067,0.15355631664279126,0.24205553266394353,0.3609260014425491,0.522279841719533
AHXFDISHJCHQZRESFA3SIAR6GVMA,100,107,97,99,True,16.458815155694776,0.05526446602322191,0.10158334425854784,0.1662944784819743,0.2695638897959675,0.429165056571075
AG6M2OKNHLTZENAACVZFQL36XT2A,100,392,99,99,False,16.09526412341608,0.05596415788379858,0.10115035087589941,0.1650875182747605,0.2640972414027744,0.42210816271368146
AFKSID3IJE4NMLXBF4UZBD2XS75A,100,129,99,99,False,17.284520039065498,0.061724888531405696,0.10582067863891557,0.16723530233097525,0.26654392003019656,0.422261055569729
AGOTQJS3QBTH2PNPRLVQSQ4ZVPSA,100,297,98,99,True,14.025766343530107,0.06377949803148802,0.10842326282340012,0.18698210148382385,0.30075348545823866,0.4659210367059707
AG6PKNNRVSDAUZ3RCXHP7MHREZFQ,100,123,99,99,False,16.22734020590457,0.06745857471523647,0.11304295599712054,0.1796389152813569,0.2903898548224049,0.4562168507533992
AERPI4FAV5T5IFS2QYG3B5Y6IPAA,100,238,99,99,False,16.336023969318706,0.0677107521772619,0.10803905787348467,0.17589282093964922,0.2861968562266669,0.45013924616984424
AEOEUEZINH6432YDLXJENERMAR3A,100,287,99,99,False,16.898437965389952,0.06841774759510863,0.11790963673564557,0.1842522493180601,0.2908433318604239,0.44954310230610506
AGXO3CPYK7TUTKH4BTVJD2DX43HQ,100,218,79,99,True,18.094647551254425,0.06703648946164999,0.1187331390240176,0.20387430349261285,0.33325145862519384,0.5151544839865501
AFKHG4JI2HAW6CNNXPM7CPDUQOEA,100,226,99,99,False,14.855534655253216,0.05496040471721959,0.09603135859304796,0.1670184529170227,0.2818055022788225,0.4465885551298386
AEHY474ZXCBIST6LCUFKNRSXON2Q,100,142,99,99,False,15.80191016511894,0.07940204176677691,0.12886086062171842,0.19903699340233608,0.3100469204656838,0.47363466842235485
AFVTHPT46GLPZLSL64FJFXT2535A,100,105,83,99,True,14.813989733864354,0.05984621958593566,0.11333700351067875,0.20137399496258432,0.33987458550606536,0.5240007941002124
AE4E2RFS6VC4SQX6J55BNT7NM45A,100,217,99,99,False,13.829585163154082,0.052117148201771095,0.09759759250580047,0.16648031641823938,0.2816993049604871,0.4522214710011175
AEBVRDYVYXRN76VYT5NAJVIJTL7A,100,120,99,99,False,16.82271514260484,0.0804879681377737,0.12807357978473094,0.20773541338287616,0.31793525729327937,0.4786975286802037
AEYE3J4SHQ3YLV3RMGOD5A5P3W4A,100,121,99,99,False,14.922739352181466,0.060586347559724495,0.11120226966880394,0.1817535001389356,0.2918205975897243,0.4557174198298312
AFQ3NFIIGSWMRKJNKGBKZOFT3HOQ,100,199,99,99,False,15.776054465494578,0.0660153721789802,0.10914380572779858,0.1760931761115607,0.2853808746567104,0.45098336548721457
AG7GB4YT6G3ZDXENSCTMLVRMIN2A,100,106,99,99,False,14.968543091705936,0.06761645988208093,0.11456367581861926,0.1868671196889242,0.2990738007903444,0.46063283769833124
AGKR5EPZEW4FQQAQBUXQBXMAFLCQ,100,160,99,99,False,16.273432426168032,0.05813217319694112,0.10036732231729402,0.16450083859065548,0.2750896199099466,0.43396611100001914
AFCQFWUU42HNXPDDY72QCVHDPBHA,100,104,99,99,False,17.45723890292168,0.07742272216289162,0.11722705721711318,0.18514221289661598,0.2880302243232366,0.4508167928381905
AEWA73ZOFSME3SMC6WKEDTKMDGHQ,100,116,99,99,False,15.211940290604863,0.0952225302370357,0.14927998668415177,0.23276624149660816,0.3537621258317614,0.5141988759557345
AHGGZHNL3AGAKYIBU6CBUQORYUSQ,100,107,98,99,True,16.287754410307237,0.0847666978938552,0.12572874462021405,0.19614538143456925,0.30270383937147155,0.4561835876269308
AH5ONINJRNZ674DXUMV4RMYIFYVQ,100,516,88,99,True,15.663895264215652,0.07665197765909204,0.14305293326699275,0.22594931712030714,0.3468611951206481,0.5142377515460826
AG7NM7QU4MXV6SMECCFOS63VGV4Q,100,152,99,99,False,14.957904808017208,0.056878629925031995,0.09865788746950112,0.163857680099623,0.27016430707435746,0.43443106329922465
AHCA3FF2KQI7SRT32XBZCNHFEHOQ,100,251,84,99,True,18.464559161018233,0.09832442538161289,0.1612111706632329,0.2638530596352669,0.3991136883941122,0.5802921287954359
AEAD7ZP6VV4IJL2Z2HVIRVEBHZJA,100,136,88,99,True,15.573532156907163,0.07216646894676564,0.12620717714072063,0.20127516865601902,0.326786694637922,0.5048092517207853
AGBL5QAIOWK6ENWLSOW2HWUQAZ3Q,100,114,99,99,False,17.686014227041955,0.062483914182978155,0.1032095979558259,0.1649231211496487,0.26657760402925573,0.4198384842967854
AHIHFEX4NVBQE2EUGCR2RVX5GAKA,100,131,99,99,False,16.08632134923062,0.06589384313259321,0.1057082154972724,0.17516490364113113,0.2866735018136192,0.45049011964772684
AGGR3VHAMSJ4OSO3D6ZPVQI4GPSA,100,100,99,99,False,15.394299536622407,0.07400352811483252,0.1257023069096588,0.20514591375831448,0.32203477365536587,0.48724590044736427
AE7QGCNFEZNNTW2AS7G73PQNROQQ,100,184,99,99,False,16.486370359582274,0.054514138482012725,0.08998633626790527,0.15217117353446394,0.2561553892539019,0.4147182617902618
AFYVMSSEWRVG6CEOM4PF7J6SSDUA,100,142,95,99,True,15.658928193078365,0.05162332802563133,0.09580997291233079,0.1610779579891233,0.2721159121051556,0.43759969383976816
AHMHS45MRB6MBCZJ7AWU2QSHHENQ,100,340,99,99,False,16.415322454711966,0.06619000289659199,0.1095505194816523,0.17909217988405418,0.2844092622299604,0.44655025636518353
AEMRDONNNZBO5PQ2HEFXCB6HREDQ,100,109,99,99,False,16.501491980208563,0.076053379280043,0.12181935336603308,0.1981463667347821,0.30461376364026815,0.46524054881315263
AEPUWWUCNPENE4E556S6ITXLLXYA,100,104,95,99,True,15.013773256668442,0.05367943975773116,0.09221284375572106,0.16388567815372918,0.2770391562032835,0.4414751799814672
AEEX2WRVPIRNRDB44DF22VTO2DUA,100,174,86,99,True,17.032582411017643,0.06185861518295979,0.11686534800222967,0.19773912610491282,0.3226814772985386,0.49523391807979494
AHDMZQISGLPO7NOH2JQP7SKPLBOA,100,119,99,99,False,16.064108087451157,0.06627413313745935,0.1124124990825926,0.18140171975313493,0.2898933342103609,0.44963630974557506
AFAZ7BYC4253DDBXQSHTLJ34PBDA,100,140,99,99,False,16.117391580404917,0.06294395006460059,0.10722143284223717,0.17401150666283297,0.27804704295520377,0.43706532403322396
AGEWYW4PFDQNZ3NWQCZECWJKET5Q,100,105,99,99,False,17.30340990055704,0.06212209429000226,0.10389790804044532,0.16744975265973888,0.27076007920240136,0.4262602533239473
AG2UR6JQMEBF72N3HZFO7TT5QU3A,100,171,99,99,False,18.36774237463851,0.07141217359135095,0.10956562702390309,0.1746421288818168,0.2792486401821399,0.4325926132203324
AGTRTIJIHBZVKSNXJS5M3BNYECVQ,100,177,99,99,False,16.131553444822714,0.05113338819675694,0.09044419968335614,0.15902736689183172,0.2650528085013249,0.42226311152526924
AFGM3WALHHNWCL3WI75IQQTENANA,100,492,99,99,False,16.55326181733729,0.055791161061969935,0.10189785780914812,0.16365619434972353,0.26785095303128204,0.4330697788810091
AFWVN52MRBWOTIK7UGXBWGOY4HBA,100,105,99,99,False,17.275185013825638,0.06862777960104173,0.11286204190050783,0.18963891860645846,0.2932144447126396,0.44695196892986466
AEH5AV4XJB5LHNTTISX22GUTPWWQ,100,105,99,99,False,16.852998841403554,0.07167642544714542,0.11832855928205878,0.19322753154723937,0.3039752318394433,0.46891657384050206
AGBCUH6OF5SMVV6ED5G66Q4QWI4Q,100,111,99,99,False,19.18517302657186,0.0667923980313647,0.10950473035364762,0.17320323569926743,0.277293584100899,0.42867400167172187
AFAWMUZHDWA2BUULOOOVMF3RR6QQ,100,267,99,99,False,16.141720725705373,0.08222206555756106,0.12649394230363376,0.20498573271734727,0.3200275200678619,0.4786175891075621
AEP3IOWKDRLXJ66COSHMNNKUDU6Q,100,102,99,99,False,13.977412750173391,0.06336782282286209,0.11232753083235202,0.19081941835608787,0.30391875280645203,0.47392571229734803
AGQT4X6P3ABL3TXRTZ2HYBN6O3BA,100,132,99,99,False,15.119417924701441,0.0600045144138278,0.10772960439072501,0.1735583573618513,0.2783318037540762,0.4427167338953491
AHVYINDZEXRCDK2FOE54TL7MI4FQ,100,169,99,99,False,15.825690468766833,0.06071354467430697,0.10978909571211987,0.1772279476193731,0.27936797133008395,0.4385005707739424
AHSGGWMLBEVI573TDJAKIUGRFKFA,100,108,99,99,False,15.407789280116397,0.06567989223972051,0.1171712336702976,0.18123446236897897,0.28654537522210044,0.44740085319625666
AGHETJ7PN7P2EEPPQZHFVHGV7TAA,100,331,93,99,True,16.65909354561234,0.06257830541313973,0.11311604777173456,0.19216644723524626,0.30731683301033996,0.476398609278784
AHX44ATPRIYVHL6TGP3RZN6XIK3Q,100,100,99,99,False,20.245468577233368,0.09076834790744742,0.1447569571253327,0.2128662349607284,0.31793433123014275,0.4731732085241983
AEO2VNOT5LNZJ5ROFECRFQWPD6JA,100,161,99,99,False,15.590956900267848,0.06291651017626754,0.10609074340000733,0.17487128103203253,0.2905115398340274,0.45963295090710665
AE23ZBUF2YVBQPH2NN6F5XSA3QYQ,100,1187,99,99,False,16.212507985726024,0.07112984777574428,0.11630826145473286,0.1905949771985413,0.3024697768152595,0.46321926057793716
AG5M3UXGXFXQMEUI3HQFQU4GF5QA,100,110,99,99,False,16.907913370582975,0.06935357931580763,0.11529018038838235,0.17771963153143033,0.2854831189544727,0.4421525751145043
AFYOKJCKOTSAX37BQCPTCCULEEGQ,100,129,99,99,False,14.930847038295388,0.062436862526144644,0.10487416400628205,0.1779917690131472,0.2864494849065014,0.44804166895876335
AGIATWSO4UFBJ6NLPLWCKOFZQLNA,100,122,99,99,False,16.522763894344536,0.05397317702462495,0.09637596985687254,0.16123223350710855,0.26425408269213957,0.4184784184348959
AETSH5HM7Q3ZXCTFHYOTCYVDTCAA,100,108,97,99,True,15.411521180442707,0.0636378698051958,0.11668319798585042,0.18926986806953852,0.2971614682376702,0.4652126839748308
AFFISBC4NXQ7B3S6ZYXBEMUVEMTQ,100,139,99,99,False,17.357330268414955,0.062008231497333435,0.10437290122774086,0.1697561403285149,0.2710182322391489,0.42325724513259144
AGSM75HHGVYI263VKMFQMK6GJQ7A,100,531,93,99,True,15.37813071552566,0.06398420579536737,0.11353271453452327,0.18771499565044097,0.30784411291152325,0.48415027481834505
AEUYAGVPGKPKZU5SG3A66V5VLMRQ,100,172,99,99,False,15.780720000517249,0.061914003429638195,0.10795628723039345,0.17748809795100623,0.28428811742568677,0.4485827032878723
AG7JCEMC64AM7JPATDVGP6YZOTXA,100,270,99,99,False,16.327143559079477,0.07221727218020493,0.1190763291335532,0.18908672739868024,0.298137398220199,0.4642040725818423
AELBFSL7STN2GUP3BAWKSOXJWYUQ,100,108,53,99,True,17.34822850093587,0.08033253758786568,0.13264686668111944,0.22487286758678643,0.3820731701344556,0.6001198814918705
AGGJ35ARTZU3L4H6RASY3M7CTE6A,100,199,99,99,False,16.57786048031573,0.07597131107613682,0.12395606040806958,0.19503034626010143,0.3024916301384643,0.464622966652848
AGK3KPVKOY7WCWL42YFVX4JFTKVQ,100,124,87,99,True,18.561841254931025,0.07860852491170661,0.1415738169496229,0.2186831746958502,0.3350790826590158,0.49768717687460534
AGK5FELCLLLNYLINWVAPXS4P2MHQ,100,102,50,99,True,20.74472539506443,0.09473863806742891,0.15072284514007148,0.23681114313830592,0.3830735134444317,0.5951903663633551
AH5EINB35PM6FR4BXP2PIIEYSQIA,100,106,86,99,True,14.748615683899555,0.08444098438341624,0.13674523114888423,0.21806072265036266,0.34103955855715185,0.5158472365838912
AHTZM4LF7ZWBNUQNX57VJCI3UIQA,100,108,99,99,False,17.563049690339163,0.0704499123946708,0.11278777825934548,0.17598255034159865,0.2809191156680539,0.4410229593093534
AFW6DCF2GM6LCHEC6EGXKLBSBDTQ,100,132,99,99,False,16.22096324071177,0.0525220369396416,0.09424395792018085,0.15437084183418381,0.25537787002024703,0.4113290549880265
AEX7JBOSL6HLYWFY33P5XD3ZPOYA,100,101,99,99,False,16.23572237723173,0.05292211037217183,0.09648175651830201,0.16054062810409944,0.26373737470772274,0.42349529331611074
AF336LFHKFAT2ARXGUP2B25IUDEQ,100,101,99,99,False,14.983266141412766,0.06277406593548235,0.10512112154132643,0.18150531876461407,0.29934304529435596,0.46490616839171994
AGIITTS3YV4B3OCJENLDRWU4GXFQ,100,127,99,99,False,16.309060361805304,0.06116450008738468,0.10091621451612155,0.17149243154214747,0.28419638760317295,0.4496034452753588
AEYKTZXAWOPJG5MGGMKBLRJR6Q3A_1,100,101,99,99,False,18.682318197438967,0.07103224539506299,0.11725058043171122,0.1812115200969681,0.2831371377835902,0.44041333589676157
AG7JO573OOVRRL3RS5JEDJ5KUFBA,100,157,99,99,False,17.55237705267863,0.06561539661736221,0.11625735525480739,0.1846348441418198,0.28918710953936855,0.4445100669154077
AER5HOHRL6LSC45EWGEBOUWZGOLA,100,326,99,99,False,15.413991749238583,0.07713772702927353,0.11942050660349617,0.19510776702022117,0.3084742338604897,0.475564186935725
AFWZ7MZXTZ4GG6AP2LLNEOTBDA7Q,100,107,99,99,False,15.140377089438788,0.06200225536777162,0.11314008547144942,0.18310643550227218,0.2980169256392136,0.46530325169268755
AGMAERQDDST54IVN3LOHZW5SJQYA,100,142,99,99,False,16.83053225728527,0.0592235466920454,0.09430645551564919,0.15342517213913187,0.2568821233574139,0.4131664058373856
AHOGSYNNITBCMLPBNOTWYUBDJGPQ,100,109,25,99,True,22.139563873123755,0.12637850321183303,0.23017502424875166,0.38300482529586677,0.6228451561846795,0.8794095911677373
AEUAL3EJKUSTNB4YY6STLYGTJALA,100,331,99,99,False,16.674866674567095,0.0735666869373286,0.11938623568895654,0.18924781059205145,0.30044457021830223,0.4643716702979575
AGPY6LHJBO532DRNAIMK2LGZM7SA,100,163,99,99,False,17.445739936043722,0.06458615132429558,0.10214970660885302,0.16583672033095623,0.2646968324520765,0.41727531134249773
AF6QAHEJL6WEQHIO2PWQNPNPJIRQ,100,118,99,99,False,15.183683700755353,0.07980927365850395,0.13184450020321942,0.2120881426451288,0.3381467573634096,0.5085822882025773
AF7RCFT4WYCIWAMBXPWZFINYTFBQ,100,109,98,99,True,14.779195445480726,0.06164353451274027,0.11916987545575335,0.18939563917445573,0.3036816625749618,0.47441957264925594
AGE75E7SSHUQMNWXOCMOELFIFO3Q,100,101,99,99,False,15.8491602487303,0.047599859129001644,0.08339329110201038,0.1469342043566703,0.2536179495681995,0.42150793569199685
AHR7ASHYYAUCK2DZH7H5IEYEDO6Q,100,155,99,99,False,17.240053760687353,0.07621656541999455,0.11386796134044605,0.18211383023029162,0.28956772032030986,0.4486298432129902
AHESUURQOOLW6WCO5JVH34XXQ4VQ,100,141,93,99,True,16.56694138126204,0.06486276494586315,0.11682106685620086,0.18991015951671777,0.3065352046219209,0.47210141256426646
AHS4PZFYYBOPFTPEMD2NEQZ4LMIA,100,204,99,99,False,14.774649241055316,0.06072947060240212,0.11369452960882823,0.17825525773190984,0.2842671317243453,0.44438889122700737
AFQQRHNOS2AJSMORGOJQTDOWF6EA,100,460,99,99,False,16.054769607513073,0.05480349355880602,0.09508917875126448,0.15864398776263122,0.2595790952239222,0.4198938531338161
AE342HUMEILY6AYRPTDSYOCVVATA,100,124,99,99,False,16.192760153347635,0.07083552329495622,0.12175844753395143,0.19307936563564929,0.3023495008273855,0.4662321576410746
AGULCZYDH3AYLJNW4UYR4SW4EHQQ,100,119,99,99,False,15.615728071135173,0.06494223883832524,0.11180696416847807,0.18463508731803144,0.2923084231751257,0.4545685436045967
AG4D7B2B6JZP6LIZXRPCYFWODKKQ,100,121,99,99,False,17.192405602658557,0.0656117155955146,0.11164368338235973,0.18010529645694934,0.27879028593041455,0.4360513331740537
AGE6JTC6BUGXNMZONP632XOJH2NA,100,109,99,99,False,16.665205025314915,0.061541150598458084,0.10074769982112854,0.16684428933238013,0.2713471592453846,0.42670768222106714
AHSJS6DJLJXZS4IS72QU3PPJDDGA,100,101,99,99,False,16.03783089555124,0.07483903081417043,0.12021533836982264,0.19595664311612304,0.3063276169004928,0.46881718333670935
AF3VJWZYBINWBUJTSNDGIO6OY5SQ,100,186,99,99,False,16.63406391108667,0.06574194826935154,0.10935018815796206,0.1755129620478525,0.2758578747827077,0.4279476445894404
AFGADOWDD6MKTJPVLK5J7A6EDGTA,100,148,79,99,True,19.01794073816873,0.11240391270798948,0.1857231361656912,0.27876109232707214,0.4000317743325462,0.5687147530795605
AFKX24ALWAPX366KX6DWTOBWLQAA,100,125,99,99,False,16.16178682086523,0.06597477059237436,0.11566861271460424,0.18284533392633914,0.28870491593109976,0.4542004076768667
AF4GPEBQRCGMFH6VAESYFQCFL5ZQ,100,197,99,99,False,14.672844453308462,0.04780461017787694,0.09175042336851072,0.1531091597429266,0.25971419580086863,0.41925422304623433
AGOA7BWDPVRUG5K4HHKQFHALDRHA,100,133,99,99,False,17.325688135811554,0.06038686231968223,0.10041951407948774,0.16107449040898825,0.25868075870205137,0.41228303877478906
AHSASLZZLTR7E23XSOA4HW5QX7EA,100,240,99,99,False,17.792995212314985,0.07303146688353698,0.1192277453160932,0.19366459311358786,0.298605914322714,0.460583431592937
AGN4Y6S2XZVAT55EWY7XNHJYOGOQ,100,201,98,99,True,14.61479134680448,0.05985873437565856,0.1046821330006846,0.17697201954489644,0.29046512673031055,0.44915175020823694
AEWN5YYVYRNN7FMMK5OS6G7FC3UQ,100,202,99,99,False,16.685735202432866,0.07929192146549159,0.1247159977841461,0.19798004691701201,0.30735463554258846,0.46479271863082927
AET3HBH7XFS3TB22INRW6VAXR5CQ,100,104,99,99,False,14.775083624424346,0.06726891348494021,0.10941560132214921,0.17917115787748047,0.288154401015284,0.44524613524276524
AHNQ42N546NAAKT43DUOXVS6U6NQ,100,105,99,99,False,14.347046381284553,0.07448847951462184,0.11864443004394709,0.19623966763407008,0.31240775129683157,0.4772604568957874
AHOVOKCNGKMCAEBVWTWOGCPY2XLQ,100,198,98,99,True,17.469998417360166,0.08591205149714193,0.13728978861570865,0.21517937647083027,0.3322025291604551,0.5036108054891272
AHBWJLR2FWXYGPSSCWWU7DRXBSIA,100,181,99,99,False,16.53342294631538,0.08079247691581803,0.12690558707946073,0.19805341564400852,0.30518426381015673,0.46864451259259554
AFY4AE3MMYP5H6LPT664G44RPASA,100,158,77,99,True,15.190220068207125,0.07797129273199081,0.13245684701127172,0.22538329705000595,0.3613750238011654,0.5474737743805905
AGRY3KTGY5Z55MACWOOAEW3QG2TA,100,105,99,99,False,14.609404456471117,0.0759229861172304,0.12107628101016549,0.19450251180162012,0.3123323904251094,0.47762446058201186
AFGXHIFJHYONISJ4EZAV5G2QIZKQ,100,149,99,99,False,16.318784895198874,0.06574337399911394,0.108542504903717,0.17931301795041857,0.290104901188134,0.45623285255991247
AF7YPDDSITOLXXOX6JM7HYLUXK4Q,100,138,89,99,True,15.87165499484201,0.07157534657630155,0.12900155279238917,0.21362980989158845,0.3361034900629352,0.5073491719291983
AGM2QNWSUKRBQTUCHVPRWCIYSZ3Q,100,107,99,99,False,15.952646465183674,0.05942110578974288,0.10422951796307817,0.1705702764510274,0.2799775970431459,0.4369130658787991
AGFUQU7XRXGWMT3GNAISYFQV3SUA,100,261,99,99,False,16.06681835338886,0.06803325251183155,0.11087137649964462,0.1775013945000273,0.28121626720083465,0.44792672806010414
AHF575RNOU3ATD7PN73Y6ML7QD4Q,100,164,81,99,True,17.09454335016249,0.08366379478834772,0.13765913816225311,0.22988616743024995,0.36501171010143735,0.5460000501240609
AGRAAXPNN63JLC3WPK44ORM3QRJQ,100,104,99,99,False,16.167409577927486,0.057465342395623564,0.10178641273570467,0.16993572401624996,0.27822051554344834,0.44501197705203804
AHRQMBNY7MR2QI6KP5AZC4JFT6UA,100,104,99,99,False,15.284263515330172,0.05946420856651115,0.10729176298546246,0.1684282231252458,0.2737639223953885,0.43641100938369004
AGFPFCL7E6DQS2BSLZK7Z6KP3LGA,100,103,99,99,False,14.68006217446764,0.06520334435048623,0.10887246873368989,0.18725298902126317,0.3060023595457163,0.4730342314043078
AGZS56ZTPGFUCMXBRIJ3OAGH3KZQ,100,131,89,99,True,16.12334859284558,0.0660916798478694,0.11417853371287048,0.19739334721086538,0.32622228815683063,0.5032550368369981
AGA6ELHQQPZEVEG26LAAV6SFWDEA,100,154,98,99,True,16.247794535288175,0.06398024959488438,0.10501885379322906,0.18006462985845262,0.28744354100888725,0.44909701310926836
AHQMCHVUHJFWMNDCPM5VNJRY7LDA,100,167,99,99,False,17.139325148158573,0.06952058865408761,0.12070380837525273,0.1843974489298184,0.290474990253936,0.4497227224937263
AGZZXSMMS4WRHHJRBUJZI4FZDHKQ,100,2096,88,99,True,16.564746016881166,0.10786056691737246,0.16037226150003325,0.24900502771786928,0.37682169571526586,0.5470297353995235
AGKYFKZ54CFEXGQTDIDWBHSDLITQ,100,128,99,99,False,15.988213455876162,0.06875891876112177,0.11556350257029634,0.18846409277045661,0.2995222194185021,0.46178755451083126
AFS3ZTSIAQMOGYXILHK6MSBA2NEQ,100,127,99,99,False,16.709243462092402,0.06877936242726103,0.11460326124007379,0.18179898707725448,0.29271355720983494,0.45496567485501493
AGP2E6KQNCXVYNQM5E4WMWUTBU4Q,100,124,99,99,False,14.182761590123897,0.06190567422692627,0.10814102739092053,0.1811265135030909,0.28701126566267676,0.4463668417416757
AFPPNF3RSFMMNC5UAM6V4B475MBQ,100,2035,98,99,True,15.234269101784912,0.06677877512389897,0.1245623604738464,0.20343173247642743,0.31522674678113183,0.476007813284969
AEMHQN774P5NDQE4HTZQGNH33DUA,100,157,94,99,True,17.438071946319102,0.07046947457330598,0.13457237076946704,0.2018753154376588,0.31718763981358256,0.4798769934661066
AEBDUTDUTBCJ5DRNRYF5OE5MTPPA,100,216,84,99,True,17.948230755070554,0.08398112210781454,0.1497586835355833,0.2434966025965349,0.38382234260715664,0.5612435506366785
AEMUDVQWVGL2U7M52PFGDRO3DQTQ,100,106,99,99,False,15.512041057169677,0.06498856673355329,0.10930362413481753,0.18289415252617722,0.29631319955159163,0.4613299931832316
AEE3T6A7BRUSROQJ3OXHFXVJINSQ,100,110,99,99,False,15.48417552763777,0.05788514500776109,0.09768522370997634,0.16587940413950053,0.27549364061420867,0.43853810402568144
AGXHFUENM3G65MN4BGET2DNU4IAQ,100,370,98,99,True,15.352703995961798,0.0650433851536835,0.11059101473304087,0.18157873382406886,0.29132945953894757,0.45597351008901355
AGPWOAP6AQMZBGXGAMONUTG6MUPQ,100,108,99,99,False,15.840147813359017,0.0567325050476209,0.09989229504822371,0.16984624056874092,0.27578152093230907,0.43625283734809644
AFVV7CLXY43P3Z3F7SROBZATZVSQ,100,156,99,99,False,17.038131709241878,0.06373968468973584,0.10745712592161724,0.17911662038614326,0.285568663069294,0.4406582860049514
AGH7TSBL5MHSFRRFXBEIQI6POBZQ,100,139,99,99,False,14.680194375676011,0.05150053455965227,0.09604574208871518,0.16103177539185692,0.2674382457532889,0.4350407604770429
AG7E7S3UCX7TSIX5T2XBQIJSGUBA,100,105,99,99,False,14.999589740646728,0.06041316606144077,0.09994628240452809,0.17064108113864726,0.27262246594351025,0.42974672457958546
AGBNDXZPUN3OWN66TYCOMCBBDU5A,100,237,99,99,False,16.53415903937616,0.08167913018284677,0.12375871859645624,0.19320513254312055,0.3020329001063826,0.46414858382057633
AFNWEYQ6IYHI6PXIDURCBE62P2BA,100,422,99,99,False,15.748806508204943,0.05243056954023819,0.09708946794737151,0.16109972765122804,0.2679324842605853,0.4320567120356449
AGQOWYU223QXK2YEHGRQ73OHNETQ,100,103,98,99,True,16.13813163713419,0.07547543006027022,0.12097495297646094,0.19877319874712165,0.3071844320264323,0.46396215603883983
AFJOMEO76DJK7F6SGPDHLT3SUIQQ,100,114,99,99,False,16.734260923291686,0.059444411372993375,0.09658531139880226,0.1591281502864448,0.2634154761719439,0.4233490388702777
AGADKXWLAJJ4FGWIDIWAPJL5A6HA,100,315,99,99,False,15.997615686923847,0.0565471033433525,0.10386938243981922,0.16805474710448579,0.2748501193381545,0.43502928529889223
AHCLCY7ATRXRQFKXEFUD7WTINBTQ,100,118,99,99,False,17.04478819520921,0.060586840247820364,0.10371064378776115,0.1774813043524439,0.2891802412413852,0.45004463304066056
AHCR53CDYDQAS6C5TZXQWB4PWTCQ,100,2622,97,99,True,16.765185831297583,0.09873484874151787,0.1436931970734225,0.21577923269633364,0.3358199489651435,0.5006073292691626
AHNZSE3QYPIWIB537LY2Y74GBTCQ,100,132,99,99,False,14.335351434479144,0.06350837366302409,0.10638684734228206,0.17862902857169224,0.2908681698968797,0.4553841699217669
AF6EOOWDGXOGQSENWNYO4AQ77CUQ,100,446,95,99,True,17.153956968818107,0.08570911263713465,0.13391385211887513,0.20304714638574317,0.31579100147613925,0.476436479089023
AGYDO6ECOZYYNUZNBEC7B4KIIUVQ,100,109,99,99,False,15.379490938510342,0.06445662488015569,0.11042281533908037,0.1793340307415912,0.2888978425366868,0.45217500704206637
AFC5MFTGAM4N2SK3QGBSMPC6ICQA,100,175,86,99,True,20.944942974269555,0.1223519964399198,0.20249374273825266,0.29526607497214846,0.40707093230842784,0.5603543611945064
AFRANYYHRL3ZMJ4F5GAGDECQ5GNQ,100,164,69,99,True,21.515260112545583,0.10265730316206167,0.17786094819802292,0.27315766477798936,0.4099174998722486,0.5937748767080353
AH6NR2Q7F323VVUTIBCZA27BPEGA,100,123,99,99,False,17.049999260965972,0.07388568144764385,0.11841988613014848,0.18525744946228034,0.2889804772311469,0.4515199350297767
AEBYGDBFCD3QEOFKNHCXHUFKREGA,100,185,99,99,False,16.970374363134763,0.07245395575303261,0.1196360120581336,0.1932543178719498,0.30338361499555905,0.4651157409747768
AFXYY6I45UYTMLLLUFJZX6YFWAFQ,100,100,99,99,False,16.326282571182738,0.06223601167309272,0.11018020768309585,0.17521514172527627,0.2837543408223434,0.44470573855506795
AHWT25SVYZLTMOVG6O2EG7QZHL2Q,100,225,99,99,False,15.996009551863978,0.06729904671288515,0.11128351441578505,0.1773836527473005,0.2905862649716773,0.45710280420541216
AEQJCTT433QTR6GK6IPGNOJ3FX5Q,100,133,99,99,False,15.7070143328603,0.06678838933614488,0.10980557129688978,0.1859247670160188,0.30195683725121747,0.46917315546023775
AHTV22XCEITN6NDZ6XFFB3P4SW2A,100,109,99,99,False,16.453050673996476,0.04879894516100521,0.08854286456218327,0.1524489044731654,0.25186050973246205,0.4074495427652469
AGU2OU5SZRWSPMRR3WXEBTA74VCQ,100,126,99,99,False,15.93753693355547,0.07126566508850368,0.11502413624136855,0.1819786628715419,0.29133896018404287,0.4570923658594297
AF6VN3TUVQLOPONM5GPIG26BMHIQ,100,242,99,99,False,17.077905312876055,0.0640041717507555,0.11480175498366715,0.18276758927954187,0.288910686797295,0.45530663473643807
AHE2JHVJEQAFTJVE5RWEYBYJQUBQ,100,107,99,99,False,16.52644874425762,0.06974624564514816,0.11714351186506788,0.19542161783704864,0.3028425366855725,0.4590704573076658
AGAJHXN5EQE4AAKAJQBTWVFBHUZA,100,283,99,99,False,16.67623611393788,0.07887280968147217,0.1258847610136547,0.2007562974430549,0.3126498613066555,0.47119322246107215
AHQQJATBFWW5TORPLQ4LQOGXKIWQ,100,256,97,99,True,15.651724234121247,0.08652346123587791,0.13100657475040076,0.21174508564296043,0.3373158082879498,0.5093592728162908
AGCYN5IKEDNDPRNNLVXPOZPLWN3A,100,162,99,99,False,17.293891785128015,0.07884476494511795,0.12080481186474519,0.1884405255676991,0.299240318683556,0.45772590547860964
AHBQCIOT4JDHIT5CMKFXMLKBQ2EA,100,133,99,99,False,15.348434984921411,0.058243039371806776,0.10164934223949011,0.16911126581224548,0.27324029250723303,0.42984623539578726
AGAHQWPVZBU5NFC5VGS5GQQLDPMQ,100,104,99,99,False,16.98411045327761,0.07957649171824466,0.1233015498541893,0.1858536565279926,0.2884696950031678,0.43877244900496437
AES3YWD3ONJOUDRWFIV2ZO44QDAQ,100,761,97,99,True,16.858210900304474,0.06116600408903841,0.10967285777295634,0.18379866480480783,0.2969327270076554,0.46345585976235526
AF4DEGIQ6C7TB4CHIWRXZACZOH5Q,100,524,99,99,False,15.396248130583155,0.06625610210428076,0.11034714954390046,0.1860149993006443,0.29888707986000557,0.46691803829599654
AFB3KH4ZJDZRVGGOBRGYN5AKV4QQ,100,102,98,99,True,15.758644711623598,0.054391534061047145,0.09629014472658931,0.15788139813089416,0.2585909743104767,0.41960051955367744
AF3ERH3TU72TZ3MY334WSSPPPZEQ,100,272,99,99,False,15.942551130700883,0.06192469010359857,0.1070351559348484,0.1738311168638623,0.2828528310760393,0.44882976886092457
AFQFH6LI23W6465OC2D6OEAZMSSQ,100,132,99,99,False,16.709189779925197,0.061552593217580734,0.10371974156615647,0.1721188437402632,0.28260871516978797,0.4463756692404032
AHOBK4UZRRWCWEHSRSQOZXPHWS7A,100,104,99,99,False,17.972348520343264,0.06569140826166404,0.10767117786390831,0.17115184604406417,0.2707356443252141,0.4208666969453937
AHR6M4DYJMUKR6T4VB6MFN67MEOA,100,107,99,99,False,14.548757562021605,0.06931221870335116,0.1175512584309087,0.19545630373524644,0.3075856291790925,0.46641378746330103
AFBDU55MQTAQLS4EL3O34AIJC65Q,100,110,99,99,False,15.8691046187739,0.06528925244783443,0.10577698166661756,0.173131249293976,0.28739828363796727,0.4553387508821542
AH6OKKDZTOZOHR2LVILJ74CHT2VQ,100,139,87,99,True,16.467741557768225,0.055971986198967726,0.10622854988986563,0.18815087999957011,0.30568086152402296,0.4764927177045649
AHJHUJ3TOHAZIBPBC5R3AMAKVOZA,100,103,82,99,True,16.69270241352316,0.08408994072024134,0.1427154026017569,0.23472865007657304,0.3688913924036193,0.5407244620515831
AFRIIXZFN6G47XNWDRESN4RT3UGA,100,123,99,99,False,16.178293866001745,0.06432975618989689,0.10559215702386404,0.1750673746161499,0.28423320051609224,0.44755769049714145
AGGF56HQRPIWUGGVP4M3FY3EXYOQ,100,125,99,99,False,16.199800229048304,0.08828832935046173,0.13874944398515696,0.21413229232661332,0.33401042643685486,0.5107275807462972
AE7PBNQ2S6SDNLDN5UDR7DD3Q34Q,100,112,99,99,False,15.398122488650294,0.05781569767751232,0.1002467780072436,0.1724370923179773,0.27941524618542857,0.43928762202254323
AHSA2ZQUYBCXFXDXJXDJM6LRS2GQ,100,100,99,99,False,17.047534650876756,0.06444039257648623,0.10307450695489288,0.16565643330758045,0.2674613055354125,0.422433847932861
AH2XZBSDLT2QDYEFM5MQQPWDQDAA,100,194,99,99,False,15.154394658522737,0.06366220570056146,0.10997666136641346,0.1870258666788309,0.29087890344996514,0.44465263662129584
AE34VVFABKBA5ZFYOCL3BRUN7QVQ,100,129,99,99,False,15.389702945892093,0.07033783262240062,0.11626018530810521,0.1885636478915847,0.2968247072056377,0.460048088783252
AEUJ3FOUSGG2XIDTPMGI2SHTYYEQ,100,113,99,99,False,14.938248502080265,0.05794511365900041,0.10311876558278525,0.17629250157366516,0.2881785082068733,0.45011236548585
AF4I2VKLJG2HLYYJEVJP3KULCHEA,100,104,99,99,False,15.913378842063812,0.06130203129329675,0.1156718258575702,0.17840845734728014,0.277931747257994,0.42947248623136697
AH7DWQWLE3J47LT53FQ76ILLLCTQ,100,125,99,99,False,15.401182983222062,0.06758484198605794,0.11862916688334955,0.20000906017837597,0.316929988577881,0.4795984353093825
AHL67BK7CEZ3CEYSKYC5ZMPRZ4SA,100,123,99,99,False,15.8288577127745,0.07317031998086022,0.13688045498216264,0.21183693471345683,0.3233709439029736,0.489112488724529
AHCBHETWEWAL5ZJTZHD4GA36CU3A,100,429,99,99,False,16.69848864917346,0.06590283856484884,0.11413099272949374,0.1800213533918043,0.28468751323814934,0.44671701075217624
AFWAIE5XLG5HPKZFCCHPSZNVFSGQ,100,176,99,99,False,14.299401366040932,0.06244571676336601,0.10414208418431052,0.17932918743871276,0.2873078723708908,0.44628151018591844
AFHAEXH6TEITVFXH7E4RWOV6HT3Q,100,113,99,99,False,16.795088766824264,0.062325172825829014,0.1114844811697434,0.17907276226445018,0.2808375081504142,0.43638494659894206
AHEOTIG232B7ZIEZXKPDWZYMUAKA,100,122,99,99,False,14.083248611302157,0.05542037712404028,0.1006358037915934,0.16881072017061702,0.2740256840420778,0.4336028184203581
AFZ5I65JJHDHGEYLJTJK6AZNQ5BA,100,105,99,99,False,13.674531290044062,0.05879223095306631,0.09885437914823499,0.16963434397790772,0.28245496561897787,0.4445980956590464
AHED6ETFQH7SFT7MO23RR6TCU4HQ,100,151,99,99,False,16.967984224056696,0.06280895662417853,0.10551848703392977,0.16691672172472982,0.2699508529838618,0.4305385841239316
AGC2S4H5UCCL24WP7V3YJVMQN6XA,100,112,99,99,False,16.122768415139785,0.05214631844799563,0.0999283011220062,0.16633164758590205,0.2736850720882877,0.42886878768361963
AFHZYGTGYN4MY4HW2P3K5U7FMVUA,100,148,99,99,False,16.59101318050987,0.056717104111037635,0.0993069507245189,0.16853996545440658,0.2727849268477991,0.43077332096807125
AEJ4NPKOL2ATUHAR5YR6E64JN5GQ,100,122,99,99,False,16.255870634662976,0.07290269925315973,0.11587864681358494,0.18718842026046034,0.29989112867014794,0.463122136580691
AFDOIYOQ5JU6UHGI6FFDK64SB7DA,100,111,98,99,True,16.235736867781466,0.07388303449469792,0.12014123576354455,0.1865070311984299,0.2920105710536264,0.451331146057638
AHLASMY7HPI5ACTI3XRP2DDHUOTA,100,215,99,99,False,15.526270034662335,0.06845172224314916,0.1098897273289407,0.1712806958290831,0.2746702328606193,0.4314378880255106
AH6URM6URQ2EKVJMCPE3XZXRCIUQ,100,132,99,99,False,16.39866696797198,0.061915767954590646,0.1140788007954473,0.1799050779327094,0.28006332698888403,0.43408327833965576
AHHTQUZDCFOPDNKV3T7MW5P22RCQ,100,111,98,99,True,15.875903197701557,0.08015223141567546,0.13520415248198941,0.22023638209242558,0.34169351544746707,0.5081940438442075
AF5TD2FIKGIYPODNQVRGRDQANF7Q,100,388,99,99,False,17.650004176162614,0.07261413982824631,0.11839671841862309,0.18958112973476138,0.30160157733849957,0.4645204315268821
AGMXF4VIQB3J35DN2ZPELWZE2JTQ,100,113,98,99,True,15.71083854672903,0.06217344650831019,0.1071854076658841,0.18050116969840954,0.2897997737231043,0.45349178424958475
AFAOLRTHKC36JVPANVADVOWZDW2Q,100,121,99,99,False,14.486743338947303,0.055711192257171846,0.10287841602840127,0.18461862153969183,0.2956130577176193,0.4566167211233687
AGNAZ4WBV54GOM2ZDCN352DXVBAA,100,143,99,99,False,15.211408764408368,0.06521634970727642,0.11325066906254272,0.1919964453232223,0.3034632769106596,0.46731590438668263
AE6WU4SFOAVPE7A33RAHPQGCKR4A,100,213,99,99,False,15.354953263046156,0.062039903933125425,0.10153008651450895,0.1670504987311464,0.2748708910159953,0.43216167841167225
AEGE6O6QPB26V7GVK2FKFGHIXWWQ,100,121,99,99,False,16.92386406071923,0.05698097990779026,0.09993752624104786,0.1640512530748205,0.2685267722401172,0.42760347282940764
AGHIAL5ERJJS5DLXOGU4PO4YPKDA,100,164,99,99,False,17.05878443988832,0.07473358738284781,0.12132085947194103,0.18653951862734458,0.296028642146701,0.46185875966883516
AFPAS6247PI447QH57WTGC7RUU3Q,100,100,99,99,False,17.4234723406897,0.0686114167429703,0.1072154300799594,0.1713979166798702,0.2713963599471172,0.4269278191146039
AHYAYKJBZNE53SC6362TOSCTH35A,100,108,99,99,False,17.471392760643575,0.0691315267380673,0.11210632788892838,0.1782363891139314,0.28521580645612427,0.44632839780624123
AFYAQ5GI65F2GJEXKBTBV4JB7CEA,100,125,99,99,False,15.771483115276792,0.06947802857319334,0.1128401892585651,0.18695765500004324,0.3012295132257368,0.4686486818702354
AH3EIX5R7MWRNMAOUAC3M2BIM7NQ,100,190,99,99,False,16.680118622884628,0.058420232498373276,0.10483780401041554,0.17440124608223448,0.27831952559304646,0.42999970142361055
AHRMBLWDL7YBLD2ESB4G7DHCYDVA,100,110,99,99,False,15.715890053889394,0.0614922608944253,0.1068431565611513,0.17521581991289242,0.28808741731469617,0.4576434532219804
AFMRNKCMPCQ5LK26BNF6TCIOUJOQ,100,285,99,99,False,16.31270522396688,0.08162134319481643,0.12488162751646403,0.19295506138766724,0.3019001029204738,0.4659566430356749
AH2OZFAVVLVSJS5CU7K7CURJSYOA,100,105,99,99,False,16.209384048348518,0.06126442601979985,0.10504667087836203,0.17114525778071543,0.2769521305786686,0.4344898157050852
AEI6B2JWUTT6THQ5DZLER7AL37RQ,100,147,99,99,False,15.475913619733735,0.06019969947529345,0.10365427834866187,0.16956076090258781,0.28009688764982765,0.44258927513229546
AHCKJN7BM7AH67UDRPN3CVNHHRTA,100,109,99,99,False,15.439855083159765,0.06618408705075209,0.10541565988986046,0.1767005998038695,0.28220642047630606,0.4453541156161614
AGSNKFQ67XEX7JR3KMPUONRPNGYQ,100,341,99,99,False,15.931260951650287,0.06757215686372879,0.1091903301715407,0.17523936545844362,0.2821139544130294,0.4451312676363568
AHKMCJ5V6ZXMMU7XSNAL5ST74WYQ,100,108,98,99,True,15.237071302264848,0.0665252145086873,0.1203933963136156,0.19324400471190148,0.30796285239417337,0.47319425195823017
AF6XC4E3EQUHTIFENI7UCZZP2W3A,100,110,99,99,False,17.368757627655267,0.07284394814475234,0.11800727185378494,0.18399719944642332,0.2909099896967426,0.4513967270613863
AHNUSETJLQ6B2XVIZ6K46HQ7LKDQ,100,103,95,99,True,16.62686212358396,0.09046014786201591,0.13751501986984557,0.2193435747876846,0.3478620958283934,0.5203202234236501
AE2KBNJCWB2VD4YFHYXZKNQWKTHQ,100,112,99,99,False,15.63294401879138,0.06821476305033863,0.116761590920368,0.19263894038628848,0.3030399990846658,0.46158421836972935
AEQOF6IINLJ7YDIGCTZUORSL3G3Q,100,172,86,99,True,15.557276756306686,0.05797001249615465,0.11092667212119103,0.1900425990896452,0.3171268316561637,0.4836224843603008
AFWVQJYN5QXGDXIGEQDKTJIAOFQQ,100,144,99,99,False,15.40500100063061,0.05959280806110857,0.09815369053356843,0.16586997075978346,0.27073453144016985,0.43170451769529733
AFBGMFIHIE67WDM5T2PISCETNZBA,100,210,99,99,False,18.49106720472504,0.06401657452657927,0.1037066413764655,0.17017373952682582,0.27141085374245544,0.4241909945876154
AGJ55KRH6CMRAY6CKMUZPV5RF4GA,100,100,46,99,True,20.231997850547128,0.1730578518684914,0.2769563137724054,0.41828668865468716,0.6066022457915548,0.7867531887893147
AGIFZG4G73RCZZEZGXE72QIKUG3Q,100,233,74,99,True,16.50638103269404,0.07008020257944814,0.12652923749042838,0.20715045789320077,0.3338536439043306,0.518579449818768
AGIAZY3EALI325BAMVZC4CGI6EIA,100,127,99,99,False,15.783593000747002,0.06420168750179878,0.11269995909570073,0.17916430986533066,0.28599512184009834,0.4476134093857764
AFGI5DGPZLP4CPYUGFNARKBQ2UTA,100,110,99,99,False,15.476974861924132,0.07657604189030094,0.1261026464156792,0.20428980713328493,0.32786998712133164,0.49098148335152164
AETKA752YU5A2RYBJ4GIAKSCGOZQ,100,116,99,99,False,15.833230479331974,0.05778584771191507,0.10686329197190678,0.17478407010843264,0.27909769050008215,0.43776725796096444
AEMT3I6AICC5YI7Z5G2V4LEGYKPA,100,378,99,99,False,18.858439603460532,0.0828837114125366,0.14093402777282507,0.20588887353211616,0.3116096051424489,0.47771207712300606
AG4QQGPDZIE3Y3HF3QYWOBWBH2QA,100,149,99,99,False,15.158408588022388,0.05648008153829517,0.10657371777510194,0.1780862385758652,0.2880706029567121,0.45747252368480246
AH2DPDI4VZWHDBU2NKJUEC276CCA,100,109,94,99,True,17.8219336474424,0.06509300521238641,0.11006767352188745,0.17884778268976362,0.28570159536885525,0.451335720425561
AGWFMLZCUT6NEPAJOIZKZN2ZOE2A,100,118,35,99,True,18.777217451574906,0.08464363192591762,0.15638065409924878,0.27684058058880595,0.45764986703504906,0.710527264912167
AHH6AER673CJ3MCKK7RSIB6RX3YA,100,108,99,99,False,16.314415178699342,0.06802780372316956,0.11459366108050131,0.18524289307977052,0.2928632592825902,0.45675025843176764
AETTD4RUL7QCIOVIRKNYKIVGKMIA,100,288,99,99,False,16.85948452147997,0.05843014776603098,0.09780225102959988,0.16301648634765398,0.26718529441274175,0.41726674038007944
AERBXNFQCS5OD6LJOIXMRDPTOVHQ,100,364,99,99,False,15.768282925071098,0.0936002418338756,0.14181330208591134,0.22396058092194587,0.3437192513611904,0.5108997610858828
AEV7JM37E42KJBVSKJZASPXE3YOA,100,112,99,99,False,15.261525608318056,0.05995710429001816,0.10906753175196489,0.17508617145871683,0.28277243303378663,0.4456236649653247
AFT7XZWH2HIIFWF7SPYTL3PSLJAA,100,123,99,99,False,15.73845854262496,0.0696966418580751,0.11555593043010969,0.18564968783155228,0.294313157579123,0.453877479256092
AEY5BQPRKCUUNW4KWKSNAWVOAIIQ,100,133,99,99,False,15.9472478945704,0.056436248351921695,0.10515366883147602,0.16689089356305487,0.2742742427254932,0.4368843296135947
AEWHLGO6FWZ4ZO7N6TX7I2FYO6EA,100,154,98,99,True,17.309518861310703,0.08017496145645416,0.12927450541929186,0.21134107353803602,0.3279013163845268,0.48448907392162266
AEHC3WKW7WCNNPC5S23T4COBVADA,100,114,99,99,False,17.015788247075175,0.07110211355465118,0.1137930895548024,0.17562069421561233,0.2821897054091211,0.4438670673717446
AESEHBT3JQXLRKIR53OCZH3P7WAQ,100,224,88,99,True,17.45480386424624,0.07619211644237901,0.14415008666259,0.23607451872712296,0.34948823027435405,0.510131582223561
AHKULNJ7UQDGZ6Q2GLJHZTEEDW4Q,100,323,99,99,False,15.482411245431926,0.0687829260025759,0.1155256664652219,0.19224864203880693,0.3031620035119984,0.4703506383477058
AEF5MB2QOBP6PBEIXIFDGRX6VJWQ,100,115,99,99,False,16.939678212689923,0.0806785702495773,0.12153559495123856,0.19127550245098585,0.2981452815164597,0.4574286139390237
AG65BD5EVGIFAAFJEDYG5VMAO6FQ,100,208,92,99,True,16.42072474349153,0.058292769639856926,0.10398967786656625,0.18163291801147405,0.29231453219860065,0.4609129603058492
AEPHGBC4AGMSWWJ2TG2FOBVRJOJQ,100,104,90,99,True,16.7019042240421,0.08101556533266205,0.12982806436255384,0.21352529785139313,0.3406602329274567,0.515753984142299
AGLGCQJ6R7DK2HOZRYGHMQ7D6BTA,100,245,99,99,False,16.233772520037235,0.05679139779293554,0.10358224033089686,0.166832095241279,0.27499916883664755,0.43544048993530715
AHA67Q47N35BIULG2YNU7ZA3YEWQ,100,312,99,99,False,16.617092554086657,0.07949599967498941,0.13058274471839465,0.20828137633892368,0.3217192032207479,0.48754199026796446
AGFLDIUYV2PKF5Q7IEMULR52GW2Q,100,146,68,99,True,33.728477672862624,0.26184403344115864,0.37869033370759525,0.46303334681360364,0.5640007729133769,0.6994874871182536
AEYEUF2RKNRZHFQONGVF7SHZKWJA,100,119,99,99,False,16.78132048732507,0.06710401064139486,0.11220721544682755,0.18218863205535687,0.283835802901688,0.439564257015077
AFLWUZCVK4MXLWIB6H2PWSQKHJTA,100,166,99,99,False,16.181545893940193,0.06955052553341567,0.10860118956484073,0.17395203370864207,0.2795031386372854,0.4359366409465872
AHWQ7NF7NNOI53VYRHMNOLHHT4YA,100,149,99,99,False,17.28275370973297,0.06787132932306464,0.11150672916957152,0.17892116593760063,0.2833382923691766,0.4409845256524069
AHBFC5KHUWMYAUZZOWESXOC5YGHA,100,108,99,99,False,15.54235469634569,0.059439862379372856,0.10622399034041236,0.1761543599372298,0.28180188200373724,0.4376162043195212
AGFUGF7QX5W4NIJ5NJISSMNZIILA,100,355,95,99,True,16.329153959914013,0.05471753194540903,0.09566221327817777,0.15956013741886077,0.2642984752505627,0.4249571881487823
AFSYMONH73DKQ7MKQPZVDAIRNSHQ,100,136,99,99,False,16.61673808598761,0.0689467771228588,0.10982567496183912,0.17551294315034294,0.2812157460859149,0.44372067879762106
