uid,V_u_A,n_A,n_B,n2_A,n2_B_point,n2_B_boot_q05,n2_B_boot_med
AHV6H47Q27APRA4MHJXBNUXX6UEA,20,44,71,6.326797385620915,7.011126564673157,5.08626876531279,6.446302101474514
AHCKJN7BM7AH67UDRPN3CVNHHRTA,23,58,51,7.127118644067796,6.454094292803971,4.295678290667205,5.818791946308725
AHUBGR64B3GHNP33IYL4RW6YNIGQ,23,60,55,7.438016528925621,6.767337807606266,4.559204525335108,6.173495099937941
AEIJL24A6RZD6PE4LFOYLHMB5BOA,27,59,47,13.544747081712059,10.370892018779344,6.402898550724637,8.836141378262052
AGAG2PQ2KCR5GMH3CMIBKCBOZQSQ,19,63,74,7.418691588785047,6.503562945368173,4.8005950317735415,6.194570135746607
AG2YYEC55OFZYRI6WAZ4A3267W2Q,14,53,58,4.1007299270073,7.008333333333332,4.708230806134608,6.287872435574933
AHUX7IEXVU62RIOMQQ773RNTZ7EQ,35,121,109,8.419206440483036,7.051038575667654,5.383082081930759,6.76980056980057
AFL5V4KMZMLILUIYATP7RHN2BTUA,20,53,60,8.917460317460316,9.625668449197862,6.101694915254237,8.372093023255815
AFCHDDQ4PQGOSYA66FSK4KUAOUDA,25,121,108,4.908146161582299,7.280898876404494,5.516721586547901,6.914051036413621
AEPSNPZWAOSASXZW6F6GJZD4RZ6Q,26,59,51,7.61706783369803,6.20763723150358,4.174291878009631,5.703974799817251
AEBRHRPGW3XTHRIST5JBCSBRV2YQ,22,59,56,6.605313092979127,6.272,4.189747858846105,5.839871275592298
AEGZSPOEFGEEXIKTIPZ62HCJJILA,19,55,54,7.185273159144892,6.204255319148937,4.249496767651159,5.820382470119522
AFLQ6X2P5FJIO6BG25LEO5BY6NUQ,20,56,56,8.711111111111112,6.8771929824561395,4.570764119601329,6.32258064516129
AF6QHJSY6N5MMHTC5L26QOTX6K3Q,54,375,324,6.821489206888186,6.16056338028169,5.291103487544887,6.073244342499153
AE65YJ4S74KNCPHITVS2RGW6HZMA,16,48,58,5.074889867841409,7.15744680851064,4.735388599003491,6.5831954656862735
AE5ENPQDNKIJMBAKVDSJOTU573YA,23,124,155,4.832181018227529,6.089987325728772,4.905738269761901,5.927709314136254
AE5QZEEWDFEG5S46RP5DHOGQFFPQ,26,71,68,5.979833926453144,6.8,4.786749482401657,6.299727520435966
AFDRY7B5ON4J7XFAJOTBQNWCAPPQ,18,75,77,4.762912785774768,6.144041450777202,4.335347699025989,5.7731475029035995
AGUJGT64W3FGFMJTIJBYJFPLUDAA,20,103,106,3.9600597237775292,5.182656826568265,3.871413112618817,5.013834108576527
AGAMBW4YURLNKK5KW5EDKDC2ZMOA,25,59,52,10.329376854599404,6.531400966183575,4.371920928410942,5.891095500284793
AGHCMB24BP3XPSVIJJ24BNYUF3KQ,22,85,99,6.77132146204311,5.023577652485903,3.744985010774122,4.762400790488637
AGT2KDRLM26MXIDQTURAONUUC3YQ,17,44,56,6.914285714285714,8.909090909090908,5.762601975096605,7.840000000000002
AEOOVIA4OZ4YXXMOX52QKRFPI44A,34,104,103,7.91800878477306,8.413164155432199,5.942091451192858,7.946816479400749
AFWAQN3ITXKIYH3ZEARLO7PJLINQ,24,94,74,6.231311706629055,8.39877300613497,5.874907408258356,7.73452499700754
AFUU7IDCZCKYQN4XFG2NUS2SB4MQ,26,110,128,5.505004549590537,4.982968369829684,3.8676173677552694,4.761416621116619
AHQLV6Q4IX2WPEFGJW3HFIYXCYIQ,33,151,153,4.498125863089367,4.386172006745363,3.651152904088332,4.377998967688699
AGKBFSXT5MSPV2DLOXJ52CES22EA,38,346,310,6.880229885057471,7.022800350774627,5.879835247264246,6.98959928055651
AET3XU3MM3F7EIVNMOR3L3WGA2LQ,24,87,67,5.908665105386418,6.1917241379310335,4.484068374297687,5.755137664591823
AG4DR3M7IIZN3Y3YCCSSW3BJZL7Q,21,57,52,8.267175572519083,7.1914893617021285,4.861572456320657,6.611286465805835
AHGIDR4IJFS23Q4GTZ33FI5LYDSQ_1,104,1959,1969,7.985469731555214,8.811375129262833,8.297765604472975,8.787349646660921
AEX2FAB4OAZBA2MWYMQPDZBYWD3Q,40,216,197,6.027906976744187,6.877370193159668,5.471764567689688,6.610288622668775
AESVYYXWEFTU2N53XMDLBA45DDYA,29,131,118,8.318468250121182,7.060851926977687,5.452087377916946,6.726570048309177
AFAQXBR4VC67CCGJBTSIXE2TASMQ,23,62,48,7.90946502057613,5.333333333333333,3.3957604445359117,4.780082987551866
AHK2L4IXTHN63SWGMDGQERGEUP2A,17,51,51,5.297352342158858,6.791122715404703,4.571177504393673,6.297820823244551
AGWGWBQWVHYNPPXU2MGPT55CCUDQ,25,86,87,6.375862068965517,7.107042253521127,4.8955901140637295,6.633654688869413
AHL5NDZ4IEYIQJVI2PZ66LORSVHQ,29,107,138,7.4781188765512745,7.0533333333333355,5.389725590746562,6.855291576673866
AF42QWADO6J4PFNPBK3OX26TMW5A,20,56,66,8.960000000000003,7.750889679715302,5.160527377231017,6.881533761929481
AEX7WYICU67C57WTXC4HTJEKRYEA,22,59,45,5.734761120263591,5.609418282548477,3.7272439090662064,5.246149199637573
AEKD5GQ2WB55LKLFB7ECXBCXE5LQ,19,56,63,5.090909090909091,5.134540750323415,3.8119504157301822,4.942714819427149
AEGUMA7C7RCKZZMFDM7SGENNPHEQ,24,83,83,8.643663739021331,5.8830059777967545,4.564371001712498,5.605370219690806
AG7ZCPDIT7UCFJYYA23SOBDVJQUA,33,86,110,7.969827586206897,7.9920739762219295,5.970892639303979,7.482996059185648
AEOGGJJ6BOOK4G6I4XVUWGRIFHLQ,20,57,78,9.100840336134455,6.541935483870968,4.595166163141994,6.029738330975954
AEIIRIHLIYKQGI7ZOCIJTRDF5NPQ,59,1032,1030,6.0959532940301075,6.302201523126092,5.8021061145601935,6.3349416007834325
AEUJ3FOUSGG2XIDTPMGI2SHTYYEQ,23,59,54,6.630476190476189,5.244604316546765,3.436675352948938,4.876254180602007
AGAL7TBNIA5LBEDTLYXPUVI73EGA,19,49,54,4.680311890838208,10.195804195804197,6.840316901408451,8.94478527607362
AGVAFSJVSPGXMBKR4N6PEOAXNGFA,21,59,73,6.053913043478261,5.914539400665927,4.026156420121108,5.586009117609249
AF6XC4E3EQUHTIFENI7UCZZP2W3A,19,56,54,5.916981132075472,9.406451612903226,5.974190364670458,8.476744186046513
AEFVTTFB7NFHCAZVLUULL3YC7WMA,36,144,123,7.640383198231391,6.446101406050278,4.932512135093834,6.241346193611829
AERDCAMJOVIBWC7P3ZRCGDXSHBXQ,34,158,166,5.802882380288237,6.393503480278422,5.184698556797021,6.310055645629836
AFGWCEWI3OHN7FY2LMERQCWMGEDA,18,45,65,8.19838056680162,6.353383458646614,4.32358099697737,5.8195702698856895
AEENPBAQW2HUWECL2FQNMHE4V7LQ,25,86,77,7.366533864541833,7.23931623931624,4.857981545203347,6.624581005586592
AFUW2GXCX7JQHWKDVTGDPJMHH3MA,18,57,59,6.005545286506471,6.975951903807614,4.5120252229092035,6.1285401226818905
AH3QVJC4HE27T5C4YYQKCHTK2QJQ,26,62,40,7.813008130081302,5.970149253731344,3.755868544600939,5.387266461091965
AHKMC6HKGYSGHJDP5GW6RWQSTRGQ,48,405,388,6.322514743861544,5.904612488233448,5.254975497913632,5.792381993971032
AFUMSQC45PQBCIMVH52XX4YMAO7A,9,47,57,5.19764705882353,4.770925110132159,3.352251979928662,4.681799211396751
AHUCKCTVD7WAARGGJSAVNYJ7XNQA,44,295,255,6.337848663607895,6.5754879158661135,5.635684276896416,6.512923874646448
AHKJSKH6YVZBHB4RWPMNZ35XTSWA,24,74,47,6.472813238770687,6.440233236151605,3.97875614433754,5.737662337662337
AH5QXFJMHWDY4JTLDXHX7D7CP4UQ,22,76,87,4.773553719008264,8.710011507479862,6.138189071781081,8.317592461770875
AFYGP4P2LGVKLJSWQBS2UQUNMRTQ,24,129,124,7.988958233317329,7.566929133858267,5.731335112207844,7.171641791044775
AFX5IGBDCJTOVQYLRYGN5CIRNXQQ,24,65,65,6.632653061224489,4.7101449275362315,3.4323362193278917,4.509071504802561
AHUPEIJQN2Q4QVUFILFTMR7EMJ7Q,22,65,41,7.399299474605955,6.202952029520296,4.088053234837158,5.717753224966737
AGSL6AZFE33KNFOXBRS46SYVPOKQ,21,58,46,5.066265060240964,4.6200873362445405,3.0315186246418335,4.300813008130081
AGG6GW3UXEHSKNM42L5S53HKF4VA,19,51,50,7.2857142857142865,6.038647342995169,3.8438157587093764,5.555555555555555
AHK246ZALZYM5VHTAYNN3NZNDPIA,18,58,50,5.682432432432431,8.389261744966442,5.363660540699167,7.485029940119759
AGI7VGGY6KHYC3RL2LFTHFYHLSGQ,23,66,87,6.501492537313431,6.312760633861552,4.478468856308517,5.77789289728808
AFHRBFA4AXNH4BI2WYWQNSSUXLNQ,23,59,57,6.9759519038076165,4.729257641921397,3.18687073876235,4.420408163265307
AGZYQI6JEAM6SRESPT47MFZTH5YQ,13,48,59,5.408450704225352,4.457106274007682,3.318398474737845,4.183900274911409
AHBWIJ4QQRF42MJW4FKDCG7TOTJQ,22,56,50,8.25263157894737,12.499999999999998,7.709034792368127,10.59322033898305
AELDZFZBYIQM2S7GTSUJYQFB4LRA,23,66,52,5.870619946091644,4.319488817891374,3.078681495377194,4.006005056890013
AE4DGEQFZNLTIUBHZLR4UGIBPCKQ,21,69,56,5.7430639324487345,6.271999999999998,3.989315560377675,5.743589743589743
AFCZZIKMW5WVWXQVPWCQFLXF2YJA,22,51,58,7.672566371681417,6.371212121212122,4.152574955908289,5.996453990849009
AG4F2ZYQNVQG7M6GYNFPTV72IR6Q,26,75,82,7.673942701227832,8.576530612244897,5.970523900092739,8.160242248575786
AEE3T6A7BRUSROQJ3OXHFXVJINSQ,22,57,53,5.265802269043761,6.014989293361887,4.03012912482066,5.6067864271457095
AFJQ7PUOS5R665KP35G6XAQJ7OOA,18,91,99,4.897102306327618,6.858642407277818,4.97134766583917,6.6402713343220565
AHLERJU22LDSKSBOBPFQSQDZ6UVQ,21,50,51,10.16260162601626,6.20763723150358,4.005868570554818,5.642082429501086
AFULMP5FW2Q3ONUCFOKVURLJNWSA,19,73,76,5.5684430512016725,4.4362519201228885,3.279610680799022,4.26903411325636
AHUWQT5AKAF6WGOBNGDXSH5QLBXQ,26,100,92,6.038647342995169,5.845303867403315,4.5544594390353925,5.597883597883597
AG3AOFIHO3UGRYIVDWWB4VQQXZRQ,29,88,82,6.3475409836065575,5.929453262786597,4.41178436411045,5.608041780978191
AFJWF2QUDYVVTT5Q6UTEBR5SNENQ,36,147,121,5.770093457943925,5.310482408414945,4.116650709939148,5.1662122701138795
AGNWFBNXATPJXGLZ24PZ42I47Q6A,35,139,149,6.340991138825075,6.69309617123907,4.930268709749057,6.465055877303557
AHID5S4JG4RV2QIELUKZX4VYTJ3Q,23,81,89,6.400975609756098,6.6619007569386035,4.691215223199506,6.1739464039128755
AFPM4D74WWLFUJC7UGYUBK5FY4KQ,34,143,135,6.531140210795273,8.625177472787504,6.442205726405091,8.239232601557973
AEF2IJS3DKNREFZSMNYOEP2IHQCQ,20,59,58,5.991394148020653,6.183823529411764,3.9076182656142397,5.840277777777775
AGPWOAP6AQMZBGXGAMONUTG6MUPQ,19,51,57,4.772477064220183,6.00554528650647,3.7735191637630674,5.630849220103988
AFAULPBMUOOX3XXRPXYWEN5MFTLA,23,66,59,6.205128205128204,6.555555555555554,4.476086832724,5.8406204692932455
AF5QVEMAHL2ZN7BTEQ2QXX6HJSMA,67,416,423,7.139863025002063,7.571150509880252,6.454754060882966,7.506041845165297
AHIROBPKOELF4WANNKCEDAKVRW2Q,30,94,117,7.400335008375209,9.356801093643199,6.600944371973932,8.73581512409972
AGV7MJIYWVS7UVMOHQW5FYIEQC3A,35,160,160,8.527648234510327,7.614515169541939,6.0423456247735885,7.3436700246375555
AE2A3YEXH2AZOBNQ5EV2OYZXTEXA,18,61,48,5.934609250398724,4.860759493670885,3.32900001665806,4.5176470588235285
AEX7XGYOI6YZR2LS63EGJPXVXODA,27,65,63,7.809611829944546,5.134540750323416,3.7973619897738105,4.840251100908835
AF6AT6CU75HFF3TWERXKIRKE4VNA,15,50,61,6.249999999999999,4.752234993614304,3.3175998922913523,4.435041716328963
AHKXLKWJKWHMQMPU6IOKT7V7X4XQ,34,102,75,6.4381188118811865,7.1292775665399235,5.202079150876518,6.801692865779928
AG6WVGUFXMF4LIAR7IDGHQV2DI5Q,17,49,66,6.650969529085874,5.761904761904761,3.9650686752326103,5.451823308270677
AGOCGNCMX5ERMMXJUYIWEVHJLA5Q,21,84,80,5.15036496350365,5.095541401273886,3.7915682142763862,4.855842185128984
AGQ3W32M4PSLHXUBYGJUKRLME5SA,18,61,60,4.838751625487647,5.013927576601673,3.6848212522220027,4.705890394105506
AH4YB5ZEFH665NEW5CYWR3IRP5GQ,21,62,59,5.507163323782236,6.3638025594149905,4.597808943492706,5.860418845496518
AGXFF2FNG5W6EJP6H55EDLIC26BA,19,66,74,4.172413793103448,6.265446224256292,4.373453128901254,5.9200069189270055
AGYNSON76GT77CALAB2ZU5ZUVUSQ,33,81,91,10.565217391304348,8.563598759048604,6.173867024077035,8.032007759456837
AHNUSETJLQ6B2XVIZ6K46HQ7LKDQ,25,59,44,10.710769230769229,5.595375722543351,3.900128008192525,5.094736842105261
AH2OU52CNFVSHVSDFK6TJLWCMDFQ,28,64,59,8.982456140350877,6.605313092979127,4.44291848051034,5.991394148020653
AHOB6DWWDUHGACMKP2SXX5GHTXDA,37,121,121,7.944112859468258,6.052501033484911,4.341686436638589,5.775546001296874
AHZQJGJ6VCSHEZ2WA3YKZVGR5IDQ,44,163,150,9.581319870176703,7.129277566539924,5.622629524045612,7.002807225554471
AFXXNBWCNHQALN6XKWC7Z2JMIKLA,20,60,44,6.31578947368421,7.117647058823531,4.186909827760892,6.327067669172932
AGSIU3JOYC6CJLFFB7APDN3UGSHQ,44,291,317,6.166241899075221,5.986833482275842,5.1194892176939994,5.8389946572738225
AE46WE4VZX7X436KTCVZCWXQ3VGQ,17,59,55,7.550976138828633,6.590413943355121,4.507526855528219,6.037924151696607
AF7KGSYOWNJXJ43I5M6XQERPV3XQ,24,95,86,6.68023686158401,7.640495867768596,5.365265409920404,6.990548204158791
AENO3TJLMOSK43CIXEGYJWRYAMGA,21,70,67,6.74931129476584,6.208852005532503,4.3031088229988255,5.689480354879594
AFV7LKHKY7TF3GKWLEBIWI47JSDA,50,240,303,7.84741144414169,9.576405549181183,7.997023264332533,9.460946452373408
AHNI5KVLUYWSR74DWFGJIO2DUFGQ,17,55,47,6.767337807606266,5.427518427518427,3.627257799671593,4.887192062769513
AG43PBRTELK3SL3WWPB6CEKFXVPA,30,119,114,5.806068060680606,6.550403225806452,4.823339306527047,6.330249918857515
AHK6NZZMLGYC7CJCD377RS5ZO7RA,21,81,80,6.701736465781411,8.184143222506394,5.827195691771601,7.416000687462406
AHXL5367RETZF2BEVUQMHY7E2LPQ,21,58,69,5.9857651245551615,4.254691689008042,3.197233501749247,4.062289646857889
AE2GO5B2SWCBHIYMOE45YWL7RQHA,42,272,282,6.225513295186807,6.135164326492825,5.2279562574469365,6.040563804247537
AHULII452V6BL77K7R2CDQL6W57A,17,64,58,4.612612612612613,4.437994722955146,3.2312650296972327,4.247474747474747
AH5ONINJRNZ674DXUMV4RMYIFYVQ,35,261,255,5.463228807442457,6.623713965569931,5.586450698120808,6.47659368974891
AGRY3KTGY5Z55MACWOOAEW3QG2TA,22,57,48,5.770870337477798,10.568807339449542,6.7368421052631575,9.070866141732283
AH35V4IYG4OQVPZ3KO2Z6AN2ET4Q,29,126,109,5.349056603773586,6.0096105209914,4.539584791542167,5.775909055351006
AH4IFNFCPIZXBOGTSA4ZHDMXFJMA,19,53,49,5.079566003616637,6.017543859649123,4.0197746610331935,5.649411764705883
AFXDUGHE725YBOVT6PQPGH4DJDBQ,19,47,55,6.187675070028012,7.289156626506024,4.886127435295097,6.648480105882978
AFI4OQK2W6FV2UUKOD2NTTBPJP4Q,20,68,56,4.6240000000000006,6.7586206896551735,4.479361823361824,6.101167315175097
AEEYSOGH32OADSTY64CSSLENPFLQ,19,46,55,10.58,10.254237288135599,6.532072272927842,9.19452887537994
AGAVFN7CIWVLIDLJSMFNLJWNEDUQ,25,58,84,10.851612903225806,4.9411764705882355,3.6938548146202956,4.648221343873518
AHKGGFWXAEA2DA7RDLFUFLJDZCQQ,34,131,130,8.358986848514368,6.658786446020488,5.06732473529132,6.213238653351348
AH2DN3Q2OKAW7JAFRIYPHOUOM2ZQ,46,235,231,7.533078706861272,8.338959212376933,7.075181355282478,8.123154209164257
AGN2JLIYFC6OP4HCXZGYIACLV4JA,20,62,60,7.8448979591836725,5.471124620060791,3.6036709962164015,5.0919479521774615
AH5KRM72WDRDNOETMZYTOWQGKWLA,22,75,75,8.587786259541984,7.183908045977012,4.97794901562648,6.744614013269979
AEYVBSVXB2M76M3HEX4PNF7GWK2A,17,53,62,5.674747474747476,7.144981412639405,5.081993961051554,6.593501388692746
AE3KSRSPVCHRSTTRLBNCPOY4TE4Q,23,71,66,5.570165745856354,10.036866359447005,6.619057750759878,9.0
AFA5ZLUMSIGKIIL6LM3RAQIDXCNQ,17,56,49,5.2441471571906355,4.357531760435573,2.9765652692128306,4.197565276924536
AGOWD5ONECVVZCFHBZI3VV36WH2Q,21,55,69,6.477516059957175,6.6587412587412595,4.6156287647760905,6.143225806451612
AFTEW2R2HDET5LSDLLGDTYCIZXUQ,31,106,101,6.8096969696969705,7.281227694503924,5.6820617143988414,6.944192585857828
AFWVQJYN5QXGDXIGEQDKTJIAOFQQ,19,66,78,5.100702576112412,7.437652811735941,5.299190728677472,6.890226759696284
AEDNUOKH43TOXPIT4LLZLNFH6DRQ,26,54,56,9.112499999999999,5.580071174377224,3.9681241651294448,5.252946061816795
AFNY6ZUUEAODUAPRL47MDRCWIECA,21,51,53,5.569593147751605,9.522033898305084,6.014989293361885,8.48640483383686
AHQTBZRRGQHFON63FSB2VSOIXDBQ,39,236,225,7.0914183855360315,8.815079226884903,7.084978169348023,8.464304574618886
AGIITTS3YV4B3OCJENLDRWU4GXFQ,19,65,62,6.296572280178837,5.265753424657534,3.7172427055405786,4.903093132374091
AHMD6IY6GZXL2HAI6AD7KQCPKJCQ,21,47,54,7.8612099644128115,6.28448275862069,4.000139566316037,5.8437108433734934
AHGKNCWJ5LPSAJKK6ZBZF3W3AQ6Q,23,89,81,6.023574144486694,5.34718826405868,4.082509166894527,5.054702537922831
AGSLLUZOGIEXU3PRJIZDI2IURLJQ,20,69,72,5.038095238095238,7.950920245398772,5.5850081397069715,7.150358431121867
AEJAZAHPHKSLBHZNUHZTSQIVHMYA,32,158,156,5.564868479714668,4.508336420896627,3.724976358936173,4.4279528755564295
AGDUOQYQSAWFBXRWZ4Z4BV4CGRUQ,32,122,136,5.612368024132729,7.157894736842105,5.506247942738527,6.98754203179859
AH6LMTIYS5FSMP5YFOO4DGNBVCLQ,23,53,56,8.590214067278287,4.839506172839506,3.164540454045405,4.652818991097924
AEJMIOC3WTHKR7JV3WFSUU6HJFNA,22,56,53,5.521126760563381,3.863823933975241,2.5697114961418417,3.5467228259916492
AH3LF4DX4URFGTAFHSJ3HGZTDM2Q,17,43,58,5.390670553935862,6.59607843137255,4.697669659669161,6.007142857142857
AHFVHAHPJP5BUZNM77UCYE7BXBXA,25,87,75,5.528853177501826,5.413859480269491,3.738375558577055,4.973474801061009
AHYUFOFTGNEV4TGMQLASS6EA7QAQ,23,88,88,7.950718685831624,6.926654740608228,4.987144961077214,6.5130407718643015
AGEWYW4PFDQNZ3NWQCZECWJKET5Q,20,64,41,5.278350515463917,6.751004016064255,4.252512389911297,5.898245614035087
AEKMBFRGDNYNNMFMULOZYBNUZ2WA,21,78,80,5.138513513513513,10.0,6.675097418046667,9.078032449137265
AFYZ6NBWOTIKWS3FYDLAG5CW7HSA,27,74,69,7.73446327683616,7.116591928251123,4.680498903556291,6.7724587974625905
AEJGUA3ZHEWFRRXF5RTYIFYG7COA,20,83,87,5.933677863910423,6.2296296296296285,4.68639746807814,5.9928741092636555
AHGKWZSYITWDZWG2XG6OYGGD423Q,28,136,135,6.024755700325733,5.76923076923077,4.680443393322261,5.558099048562585
AENOZSUXFOYQPREH4REHHU7JED2A,19,52,63,7.078534031413614,5.094993581514762,3.54503523655784,4.7819901842236305
AF52KDA2CDYLCVFEQGA3XGBA4BAQ,23,71,59,5.097067745197169,5.447574334898278,3.7297833434350696,5.187779433681072
AGYM4CBFO2EOLYB6DIKWZTY37BEA,24,97,93,5.512009373169303,9.171792152704134,6.574704354688285,8.348463376797618
AGUNBFGHBEUYYDPNPD437363BHWQ,31,152,172,5.203603603603605,5.581886792452831,4.447127756686431,5.49275976221442
AHKO56KDFQSMLU3ZSCOZ4SWB6A4Q,25,63,76,7.363636363636362,4.773553719008264,3.560597746544666,4.699759010619423
AGPLJFWPVOR27HO3RLMML2ZWEJ5A,20,46,57,5.813186813186813,4.25819134993447,2.955521308964546,3.9718885765397403
AEWRGEQPEOZTEW36VJLDOK6B4KVA,18,54,46,7.476923076923077,7.954887218045112,5.259811237928007,7.124659894794123
AETFLSAWXIVQSX4A7T52JGEH5Q2Q,23,60,44,7.407407407407408,5.260869565217392,3.5693579335793357,4.84
AH2DPDI4VZWHDBU2NKJUEC276CCA,18,53,56,6.834549878345499,6.560669456066947,4.530489668460567,6.149019607843138
AHGTORR5THDBGVKMHWZQF2WUWBUA,19,49,52,5.8135593220339,6.760000000000001,4.644462428016841,6.20183486238532
AGVH2YJ3C4MC5RJ5SK26PNEQ4XSQ,19,43,64,6.397923875432527,9.43778801843318,6.108054449161815,8.031372549019608
AFJZOARCCNHDUXHCMBAHLUMBSX7A,18,48,62,6.582857142857142,5.180592991913746,3.7458612010068317,4.847422588606468
AFXJTDF5NUVLHKVJU7BMR2ZDVKBA,37,136,153,7.41025641025641,8.429600288080662,6.280250338623073,8.091615883656635
AGMYNBZZ5SD2SPX4KEJSQE6YPIQA,23,52,61,10.480620155038759,6.981238273921202,4.980107925572083,6.437735532786764
AHGDK2EN4U6IYBGJ2QFFJMXAQMFQ,19,57,43,7.717339667458433,4.7048346055979655,3.2593155858426357,4.402405909330552
AE7YOX4URGCXIEEBZY6RA6IAF5MA,22,76,84,5.013888888888888,5.452859350850077,3.990724748830431,5.238310236727353
AFAJBILA4IKTWI22BUPLOQY2H6EQ,33,72,92,8.254777070063692,7.124579124579125,5.201315785554952,6.798433048433051
AHGHHV4OE2IHKOASESVYGYYBGKJA,21,77,76,5.619905213270143,5.005199306759098,3.5260365109145586,4.688361110232652
AEJ4BITCXXWZ6QUS6ORMHAKUS3XQ,22,58,55,6.701195219123506,3.863346104725415,2.8654210206642166,3.6140979689366786
AGFNAS3OW4WGQFA6SC6CF2LPQ2NQ,21,56,66,6.8471615720524035,6.349854227405246,4.488884953513376,5.823529411764705
AGVSGK7E4WMRETX4KHF7RKGECDFQ,17,51,69,7.126027397260274,6.6587412587412595,4.812022112850177,6.143266718945891
AGSU4BF54NFDUP5SOHAAVNKQI67Q,42,182,207,5.829637451601547,5.755406312961719,4.411288791932564,5.5082948311518525
AFTJ7XQN2EIELHARUBBL6Y7L65DA,37,204,200,7.468772433596553,6.563833278634725,5.440997314666859,6.417455644086861
AEUEV2RK2DDJASJJ3HRCQMZVC5CA,16,60,54,7.287449392712551,8.05524861878453,5.114895104895104,7.363636363636365
AESYGQVMCPGJ65L3HVVPXJ4ZSLQQ,21,80,71,5.360134003350083,5.570165745856354,3.848419469178369,5.351386073117766
AGVKHVURH5XGP6335AZCMGNTAAMQ,20,82,81,6.28411214953271,6.784901758014478,5.134644168557761,6.351403678606002
AHCNUR6GBCWEDOXLS33U5TD7O4MQ,19,64,66,6.64935064935065,7.235880398671095,5.1217264021887825,6.763975155279502
AFEAQ2NZOIFAIBEP3UIWFD5BF6YA,25,126,151,5.429548563611491,7.026502311248073,5.487341404212633,6.863636985585758
AHM6CJDGT743FIJBQKAHW6KZVS3A,25,55,58,7.018561484918795,7.508928571428571,4.708874353065326,6.768639072418708
AGETNBPPPE7JZYU5ZY5353UQDSJQ,19,54,69,6.813084112149534,6.910014513788099,4.883076923076922,6.231686068922983
AF4JOAZRTKNCU6J2LPPYZ56KEXKA,30,114,136,7.689940828402368,6.7503649635036505,5.139354213501109,6.505804533365797
AGEESDAHFO2TR6IM66O5NG33UDNQ,15,50,51,5.896226415094339,5.84494382022472,3.7744899695231444,5.170974155069583
AERPQTYQJN42DMIPT36TPBU2HBCA,26,101,99,5.288232244686366,7.222549742078113,5.127128187168303,6.844303782036121
AHY2NSYOB26HPV3YODAA2SQE7W6A,25,56,56,8.166666666666666,7.538461538461539,4.9920503104087715,6.700854700854702
AF7P3N4WIHMAVATNPD5MCDI5Y2KQ,58,323,345,8.427902092253008,7.692431978284755,6.45209386965839,7.437668053431759
AEIFL3J3AO7DLHEUWOXRLYHM7FSA,17,50,54,4.646840148698884,5.080139372822299,3.5991154791154787,4.703225806451613
AHZ4TADPCXAAIKTFERGG5YB4BNQQ,31,135,160,6.277988287977954,7.819181429444103,6.097851722868871,7.496345462989195
AG6GKCLBWFLRRC467G5VV56G7LRQ,20,65,52,5.437580437580437,7.387978142076503,4.772425935662146,6.5631067961165055
AE2S73K5525UUILYHPLCCWL3BZ4A,22,62,56,5.5389048991354475,6.0307692307692315,4.214488742829139,5.691488801054018
AE42SH6RMDLHFMXLKVI4JKAMC6TQ,24,53,49,7.738292011019286,9.642570281124497,6.26409485391343,8.166761149997107
AFREJADSLSLEMNNNUOEU33ID2XTQ,24,78,54,6.882352941176471,11.571428571428573,6.963217427733557,9.72
AEAJULF3WV5PN2GEMOXE4442ER7Q,12,67,65,2.9320705421293267,5.133657351154313,3.663091377547094,4.912797340180287
AGAV7IY4HWGYRUIAGUZRXYUJ22DA,24,86,72,6.938086303939961,5.785714285714284,4.2694800399282595,5.520773034523431
AGPV5HNR6FT7NS2WMURJXRN2PFTQ,32,122,130,5.111263736263737,7.79520295202952,5.649303094731868,7.38959476656327
AF7YPDDSITOLXXOX6JM7HYLUXK4Q,23,67,71,6.534206695778748,6.953103448275863,4.9496341563055575,6.462831135488388
AELBJRKQJDDKWRYPXNIZLPOQTE7Q,19,57,75,4.930197268588772,6.533101045296166,4.841668148557956,6.174563239456476
AEY22LM45AHO3BB43OEE4IR2M6DQ,33,159,139,6.418126428027419,7.700677560781187,5.6774706346607005,7.193233098443473
AFTSNLQBX4R6BYTB337XHJIYS4SQ,28,126,104,5.418430034129693,6.579075425790752,4.653047739986756,6.169996303296314
AHMTAZY6RIFGR3YXDZGTLCHHO6PQ,27,86,87,8.804761904761905,8.382059800664452,5.982926960140507,7.591805876227986
AF2B2EWI4N5H3KRSBJFWCZI4CWLQ,20,53,51,5.475633528265107,7.583090379008746,5.1916167664670665,6.899204244031831
AEBFU6CCF4JOJKGQSSZWLZWMFEEQ,27,76,106,7.580052493438319,6.2077348066298335,4.603978253596521,5.95127118644068
AGKXEQ55UWTAAB43PDI2YKIXVRHA,25,79,66,8.073738680465716,8.574803149606298,6.015745856353591,7.834532374100716
AEY2733HC2H6I25WYSD5Z4H2NQAA,22,61,58,10.36490250696379,8.165048543689318,5.584375578672185,7.361085574197501
AHVYEGMH66T7GGYPUNFLF5YKWP4Q,13,55,51,4.183955739972338,3.7750362844702465,2.643602684192714,3.607489597780859
AHCZ6MJHUWGYWZ3SXMD3QBBOFAPA,30,169,172,6.474948991158468,7.201557935735151,5.755768847806716,6.939714198427044
AHKZOKNJHOKX6JOO3YBCV5WLUIEA,30,75,66,8.50983358547655,6.276657060518732,4.40882510793127,5.854838709677418
AFNEXUTLDRCCFVDWA6SYF4HCYD5A,18,71,67,4.769157994323557,7.047095761381475,4.925407395286003,6.505810766248196
AGZC734FUDTRUS54AWY5NO7XHCIQ,40,191,219,5.806302721629794,5.824043715846995,4.951790838931574,5.704889106024968
AGSFT5XKVSEWQ45E54ANFELLSLFQ,21,48,76,9.142857142857144,7.311392405063291,5.004766331040521,6.446428571428571
AGDB54YNPIHHKZ2X2WKFZSK3ZB7Q,17,53,52,6.7686746987951825,4.000000000000001,2.8797200991760556,3.82461868407996
AGMCZMRV6MJ5SCCUIEILXUKJ66WA,54,411,347,7.630708768125762,7.228732664945668,6.17149809096916,7.092895877581235
AEQQFXTK3EE4OM2ZVE6MVDR4RZFQ,17,50,53,7.71604938271605,9.394648829431441,6.227006456097073,8.616645495177604
AEMWMJSVSVJLDVC3566QJKS7FX3A,26,81,79,6.743062692702981,6.660618996798294,4.752875399268502,6.106706239977022
AERW7RVIVBVMHDXIXRAADQPB37MQ,31,126,114,6.330143540669857,6.101408450704228,4.507615459425019,5.770888543953965
AG3QUFIVOQ2WTVK3GPE34FDES57A,29,85,87,7.232232232232234,8.790940766550522,6.269779396399892,8.147470398277719
AH4D6CKIJ5KFQRJN2L7CI624WPVA,23,68,74,7.0703363914373085,10.103321033210332,6.743013882669056,8.977145682834538
AEIMWJTY7PHIXTP5I7U72C6P6P4Q,18,59,60,4.562254259501966,4.225352112676057,2.9644329521647332,4.0540540540540535
AG2Q2QBN42KMKP5OY3GPU6MLPANQ,20,61,39,5.528974739970281,5.374558303886925,3.594898623279099,4.843998174349611
AH5N4M4TLLC3JZ3LNHYSIH4LXN2Q,21,69,51,5.75695284159613,5.407484407484407,3.7959780915957744,5.011560693641618
AGN5R4K2X2CIV3WBSWHNDRUWTWQA,21,69,53,5.6210153482880765,6.609411764705883,4.534357173861118,5.976622800465372
AH2SLATPAAEXB3ZHYVCNYFUTTKWA,24,90,79,5.601659751037344,5.99519692603266,3.9560199261488993,5.811112912468757
AFV4TYPSM3XZC27VSC2NUVOVJ2JA,38,166,158,7.775395033860044,7.690696241528037,5.829306818938639,7.447517895368653
AEORT2SOUGKL76PYWWGS4SUL3OSA_2,23,64,88,6.989761092150171,7.728542914171657,5.493144044321329,7.382275536168665
AFCO2ELGXSFDAUXFUT432DBP2V4Q,14,50,54,4.921259842519684,5.651162790697675,3.650985221674878,5.244604316546764
AGFLDIUYV2PKF5Q7IEMULR52GW2Q,18,73,73,5.18889970788705,4.378800328677076,3.215472942102075,4.176334853440202
AGQBIQ7SOPHZ5FBBO7YYU6QDC76Q,24,83,77,8.17200474495848,9.051908396946565,6.217537854280729,8.280742409612703
AHRK5KLCWK442GNDV6M6BFD6EOMA,34,146,135,5.885146327995582,5.419268510258696,4.083301943074172,5.187873612297182
AFF5UFFS2BI64ZOE7DNVJAUS5BZA,16,60,51,6.000000000000003,7.495677233429395,5.050485436893205,6.826771653543307
AFR6N2JHAAWJLI5EJFQDENFMVVAQ,40,183,173,7.571557766222021,7.227481284713839,5.814167322546932,6.910413299468944
AH7EYATKZABJLZPV74F2UTJVZZKQ,28,169,183,6.525245602010508,6.365519863143888,5.193014344302021,6.243288807592114
AHGQDSOBAIVAAKJFIVEGS344MSXA,66,624,561,6.334819249666483,7.085916919959472,6.291194265353616,7.014221526595902
AG5NBJFEFL5UEL6NKYN7LABOLQAQ,23,85,91,5.878763222131815,7.576395242451966,5.441961635903003,7.157303370786517
AGIFKVNKJL2V6SJ5PMU7H32M6IHA,17,56,46,6.452674897119341,8.396825396825397,5.306309324399776,7.398963223787167
AE3KIOP3QQIL7POLQ35MHUTOSG6Q,21,75,80,4.90409764603313,7.8624078624078635,5.4417148862940765,7.381786060173901
AGSRRIGMCYDZJFPDZVTGTEAG5U2A,20,82,82,4.637241379310345,7.1078224101479925,4.885919700033704,6.710578842315369
AEDADYSG6CKTSCV7XB2WIRE64ROA,23,56,50,7.466666666666665,6.157635467980296,3.964545319685506,5.555555555555555
AFFKZZOUORW65WVQM46HW5MJDK5Q,30,65,61,10.642317380352642,7.397614314115308,4.898063769479485,6.75317604355717
AHKJXKGW6B75J5WGY7H2IC2GTQWA,17,64,58,5.505376344086022,8.326732673267326,5.5147540983606556,7.5937181525416815
AHECWYK63MH2VFO4EAJATI37O2XQ,21,59,57,6.410681399631675,6.511022044088177,4.253284343257209,5.854054054054055
AEOR7D5V3JGWQKFFSVO4DI44VK3A,19,49,57,6.688022284122564,6.537223340040242,4.246505100084363,6.016687300025035
AHW3IQYI32ISDARYDGK4KBOCBP5A,26,90,62,7.2064056939501775,8.580357142857142,5.382253848614654,7.9421487603305785
AETAXONPW5QZSZF725MMFCYQU52Q,19,63,64,4.54639175257732,5.490616621983914,3.6568169085816145,5.013471403231219
AGZ77AU67Q5B24EQDU2ZPPGRICMA,15,44,56,4.48148148148148,9.011494252873565,5.823677855262802,8.10341327920517
AFCVDGS5MKTBWYIAXTFX2QVL7VAA,17,64,51,5.1457286432160805,6.720930232558139,4.570376947913044,6.12
AHWLCORU3EXTEQERFU5MOBF63CTA,11,49,53,4.73570019723866,5.74437627811861,3.8516508496402673,5.27016885553471
AH5XIQCA7XZR7DJAGGQHPBY4XWLA,17,69,83,5.0811099252934895,5.56911883589329,4.034559979310243,5.246775311563749
AGZHX5BG7HYRWGDBB47EXZHCYRLA,13,43,57,5.724458204334365,4.214007782101168,2.9941945658579194,3.9963099630996317
AF2K4N7F25NYQOH7RP7RE5A7HKXA,29,181,199,6.152300469483569,6.857316017316016,5.602781252802634,6.701810797089186
AGPFWZWSC74IUCHSR5SLS67RPFQA,19,60,83,7.287449392712551,6.444340505144996,4.522127465944565,6.145425449035798
AGQFUBXP54N5SB54U5LRPL62B2NQ,37,215,237,7.71831691434296,6.216823464305478,5.288435293386595,6.122629242139665
AGJSTGFAERXHGQEKIBNK5DAA5A7A,24,83,90,5.394675019577134,6.694214876033059,4.956555072834142,6.245214599928664
AFWD22B7BMLKF2UX6B6MSJDVC4UQ,19,79,75,6.604232804232804,6.041890440386682,4.194630872483223,5.847250212062436
AGM2IQT4E4RJBGCM5LJRAGVM6MBQ,23,102,78,5.703947368421052,6.851351351351352,4.945539787326559,6.51391862955032
AHHPTRLRAJ6EHWOAT2PLWIH3XEFQ,25,103,99,6.34130304841602,5.7959787108219984,4.239563181041995,5.658777867894207
AEB45G7B26CZ6NV5SNZKP5MZBWIQ,36,132,125,9.84406779661017,6.188118811881189,4.703220300763048,5.975146898586636
AF7II5FZDNPVKYJWCSQGISXL5RTQ,22,70,60,4.899999999999999,5.389221556886228,3.764905857740586,5.165003458156308
AF5SUBEJYEBPZTN7TLWYBZPFCTIA,17,52,50,5.10188679245283,6.983240223463686,4.193232662192393,6.082761070329148
AEC7QNP6ZG7H265GOPXAP6HCYR6A,24,72,72,11.675675675675675,8.202531645569621,5.634782608695653,7.51304347826087
AHPG65LKS3QKRWDUWAKZNLEK5RZQ,37,207,218,6.077010353141399,6.422162162162162,5.255979353956956,6.305435553190872
AEFMCW35J7YWMM7HNMTAYXRHQNUQ,19,50,52,5.482456140350877,6.933333333333333,4.5675675675675675,6.377358490566038
AFIIHGFEQSEL7QUGWG3BR5FWY5OQ,22,68,80,5.2906178489702524,7.223476297968398,5.103261918548541,6.751084900411705
AG4LQ3ZXJ7GLXKRNXAMOYWVEH5ZA,25,67,50,8.716504854368933,6.067961165048543,4.217416429587483,5.580357142857142
AF2LFSDT2SHRD2WEEC3O2ZWIWYEQ,31,102,101,8.81694915254237,6.869360269360269,4.934457539293299,6.594053005817711
AE5UVV7CEOPTGOGVKMICTYGYINCA,40,134,100,10.415313225058004,6.55307994757536,4.566210045662101,6.285357605638253
AHSXYDM2OLH2JJHSW7XKDLLQARUQ,55,367,370,7.132817878515066,6.4912280701754375,5.552695069647811,6.38526258311606
AEXUP4IYSE5EP3EGRMG33WXOLBIA,26,84,110,7.857461024498885,7.01042873696408,5.291248889284146,6.7863173337762275
AFKIBYJU6XX6PZ6XKV7QZIQRH3YQ,15,47,70,6.365994236311238,5.555555555555555,4.005328968903437,5.157894736842104
AGMLI65AOM3CROTNHP7VVDIAP5IQ,17,46,54,7.557142857142856,8.627218934911243,5.500852603206129,7.755319148936172
AF7VAPLIIZQXD2OIMD547AEVDADQ,20,68,70,4.737704918032787,7.205882352941177,4.734823969817094,6.68496873138773
AGTEJVERQWRSFLUOXMZTJLYBOYIQ,33,116,104,6.438277511961722,6.619339045287638,4.808428347165846,6.306724837618182
AE4D7ZEYV4QNO3O44AHU7NAJCYLA,31,110,110,7.619647355163728,8.414464534075103,6.278584551481748,7.908510245649529
AHHXS2WOM4LZ5TYTWGBU4BAWTRSA,36,132,139,10.002296211251435,6.781677781677781,5.117200141923553,6.507625557054154
AGQE2TFMRL2MM6S3JAMA4GXWYQLA,19,51,64,8.527868852459015,6.340557275541796,4.2640329218107,6.041297935103245
AHRNMCEMAIL7GCJZV7KUAO4FJPTQ,27,78,80,8.817391304347826,6.106870229007632,4.235367350820465,5.614052367043296
AHIHFEX4NVBQE2EUGCR2RVX5GAKA,24,70,61,7.424242424242424,5.416302765647744,3.588235294117647,4.954727030625833
AG5SYIVIPKZ4AL56H2G4M7CENJKA,14,48,53,4.21978021978022,6.4279176201373005,4.301027787194745,5.876594757596846
AFLSHORZNVM6GIFFISRTSRNYTOMA,33,203,210,5.85771144278607,5.579453441295546,4.805545232581273,5.431035800683298
AGJE532DIAJ6GFNAYUKVWWIDVT4Q,20,55,49,5.896686159844054,4.811623246492987,3.4442704581047323,4.538752362948961
AGRCOIA4R2HQHWCX5ACH442GLJBA,32,120,124,7.659574468085106,7.442400774443369,5.478519668134843,7.148304659808073
AFKHQIBAHOJP6Q56M4DKLDJ6UTEA,21,61,46,8.514874141876431,5.237623762376237,3.3057350077881615,4.787330316742081
AF3RX6UDRL5FLROADTKALI23FFBA,22,66,49,6.827586206896552,6.402666666666668,4.131117289671506,5.676122931442083
AFEZSUED252I46XWARER7JQGQHDQ,25,57,76,6.957173447537474,7.348600508905852,4.691441241685144,6.8274231678487
AFKANVTXCHK6FJTG43HHHHHI2SZA,23,64,49,5.752808988764045,8.73090909090909,5.276923076923078,7.503198273420641
AGG5SZ7EMJI66IQ6E3Z3YJKQD56A,33,126,116,9.155709342560556,8.54891994917408,6.2878504672897195,8.09626955475331
AFMIIYKWWCQGBNEDPNYX5OCYE3KQ,17,55,50,6.561822125813451,10.245901639344261,6.405400155400154,8.591166745394425
AHR7ASHYYAUCK2DZH7H5IEYEDO6Q,21,70,85,6.430446194225722,7.861806311207837,5.519480519480521,7.312760527914458
AHWT25SVYZLTMOVG6O2EG7QZHL2Q,33,118,107,8.248815165876778,8.195418754473872,5.485602270592555,7.725374637519163
AHN4ZDNBHA7AAMJEFPF3P42L2NTA,20,91,95,4.9087136929460575,8.065236818588025,5.862304633016921,7.520838556137887
AFKLEJK2Y4TKTISZMHKTHX3KCEYQ,27,110,121,5.8510638297872335,5.9395537525354944,4.614242820060027,5.6052841293928095
AFL7536QHBZGJ4UI2UDMYQ4VBFSQ,22,65,59,8.535353535353535,7.147843942505131,4.76132024941072,6.543256201792786
AEYVH423M6U6BG3UB4YORR6HOKHQ,26,112,131,6.089320388349514,8.55910224438903,6.313754313086117,8.060598940528438
AEHR5NMNP5YWBOAEZVPJSA7BMBQQ,37,155,148,10.432045158488929,8.179238237490663,6.314582000828966,7.685617819941062
AFBICRUSD4PB7Q7X4WMX7SHEZZKA,19,80,84,4.359673024523161,5.547169811320755,4.159400744087164,5.313253012048193
AFREQVSUT5EV2MKBLWJLEPHYW5HQ,21,61,69,7.4569138276553115,6.018963337547407,4.353535994171051,5.715486194477791
AHFYDVMWJ6LVAVVVVTQI2IBFRTRQ,23,67,71,7.252019386106623,6.858503401360544,4.9926170816512565,6.285545931844222
AFCDUQVB7LESEXGR3YKKUJKIYVRA,20,68,71,6.624641833810887,7.864274570982839,5.696045197740114,7.305812446570988
AHFMHVMMF2XKBK5PPNS24SVXP3UQ,22,94,100,5.529411764705882,7.142857142857142,4.968218303590686,6.807355094626406
AFKWZQUQ3KC7TX3XMRNVRA6XOH6A,27,73,76,10.307543520309476,9.256410256410255,6.396602392369812,8.544378698224854
AGYIQYQKJSRVSDJUPW6Z5KNI3GRQ,22,100,99,6.561679790026246,6.66281441196465,4.939556182709986,6.27063339731286
AHV6QCNBJNSGLATP56JAWJ3C4G2A,34,131,115,9.046389035318922,5.639658848614072,4.177988248994653,5.494486194904022
AGY6KHWNEK2ZU5SFN6JJYFAXTWZA,18,46,55,6.151162790697675,5.87378640776699,4.181666297706963,5.45045045045045
AHX44ATPRIYVHL6TGP3RZN6XIK3Q,20,50,50,9.842519685039369,6.578947368421053,4.422141556450067,5.980861244019139
AE62HSB3XTOFDCM4GRIFDT2VIBOQ,30,126,129,6.386162510056315,7.80900985452839,5.882082780666857,7.282718927239432
AEQ2P7WFOZXT2WM3WSFJPDWLXQAQ,41,165,180,8.395004625346902,7.493061979648475,5.965646952003016,7.327002855670019
AF6NN2CFGWRW7LXNM2SDWLA5TUDQ,21,53,57,6.119825708061004,7.434782608695652,5.004630046932848,6.825660377358491
AGVBR47VU2BE4EVWFAXOO26SOWSA,29,98,109,5.20824295010846,6.432593394694098,4.509300165621317,6.191252165275377
AE6PSXRFBXPR4AHQKR2TQC56EKKQ,54,508,550,7.30066764739165,6.534606411474987,5.774602354116917,6.458431612280091
AHHQSSCEFBDD5V2IMTVEPR34BVMQ,37,205,199,6.422894696622344,6.345297228008332,5.219379907936889,6.208031828678177
AEHTE2TSRQVOUF5DERVN3V5W7EMA,44,196,203,6.811347517730497,8.837443705768818,7.184188992868891,8.56558036201687
AGIUGX2NKR2P7AQMYF4VH7HUF2TA,22,56,66,6.588235294117648,4.204633204633204,2.921172767813606,4.0184501845018445
AGALPVA3UXLYMVRKZU4EHJ6HY3EQ,23,56,53,7.538461538461539,7.075566750629725,4.274201028375899,6.578454332552693
AHQWAFE4RL5ROZPG2HOKERRXGJVQ,23,50,63,9.541984732824428,7.418691588785047,5.133878228936278,6.902692206484161
AFE54MELB5IGFUYBSOBGJOSOMEPA,49,426,420,5.147671186248369,4.767309875141883,4.19383918079684,4.691614699536466
AETSH5HM7Q3ZXCTFHYOTCYVDTCAA,15,53,55,5.9893390191897655,7.736572890025575,5.032443164101842,6.922196796338674
AGXKDBRZJ26PMB5CNUNHSDTCY7NQ,22,57,62,5.516129032258064,5.251366120218579,3.9204679447536606,5.091399660365177
AETTD4RUL7QCIOVIRKNYKIVGKMIA,36,142,146,7.25845932325414,7.756914119359536,6.091863564894225,7.40654662129108
AG6DXLQH6VDH6X4RNFXQOHYBTR2Q,14,51,51,6.1781472684085506,4.703435804701628,3.337620009321112,4.335012041700116
AG2VTFCAKUE6KZH72G523COQVUOA,24,92,94,6.633228840125392,7.338870431893687,5.259211114885907,7.023847376788553
AFN7HNPPSFSTLXI3SWA6FNWKV6SA,32,116,119,7.074658254468981,9.322580645161292,6.855646099736422,8.784742834734693
AFUQBLHWSNJSWDEXPNYV36DODBXQ,38,184,163,7.398601398601397,5.069452394581188,4.031550224491252,5.052119426917928
AFCD4C4IPRARNMTGEHHWOWIE5KBQ,25,72,63,9.224199288256228,6.560330578512397,4.453550025393601,6.211267605633804
AGJDDGXMJFWUVAPWYWT6452FFQSA,35,124,112,9.352798053527982,4.528519855595667,3.5656839823349733,4.4529647074004775
AHVTXRO3DZXPVSPFP2PCEAQ7GNBQ,22,59,69,8.076566125290023,7.011782032400589,4.67131423769494,6.407852620710269
AHFXWTBGOB75F6DFG7VUQZYQWMRQ,14,51,57,4.492227979274612,6.840000000000001,4.083753945430316,6.118644067796611
AHOFNQHMKWRZQRBRYSCN2NFWGEZA,27,86,73,5.63719512195122,6.351609058402861,4.65133751050258,5.940914158305462
AEL44WHEDEFNR3LR65SSDZWB4G3Q,38,146,143,7.564229950319375,5.854279988548526,4.6746017607789705,5.6317818782704485
AH4IDFVWP6NCHZFCONC4EKN63YUQ,14,47,60,5.678663239074551,7.43801652892562,4.774535809018568,6.703933862287079
AHKOEEKH4SLCLEMAR5YCS4FKMS6A,26,155,139,7.5479107759974875,8.148882328131588,6.191857872039642,7.908718788374948
AF3AVKFPHVWDV4BGILIVZW542GFQ,24,104,99,7.162913907284769,5.376302797586395,4.007285880596196,5.123366440146368
AGUR5Z5USANA2XCROX4ZCIDN3CYQ,14,51,49,3.391134289439375,6.017543859649125,3.903432291049005,5.494279176201374
AFFDJZ6EHOAFLE7WS4GZMLMIWMRA,28,123,120,5.852611218568666,9.03387703889586,6.622374944676787,8.576536693342414
AE756PEH3Q7CWIDVLOGLUM6KIEPA,21,57,61,5.61139896373057,5.97271268057785,4.281441645450714,5.416302765647744
AH4LWUDVLJBW6O7EAZB3UF6VZWOA,29,118,114,4.9551601423487535,5.977920883164674,4.373425393172229,5.814766264736076
AESCSIUHKLOQ3PVIGHOIHF2F5A3A,26,79,65,5.597309417040359,4.597388465723612,3.459995526634937,4.3156462031411555
AE4DQHMACKSMM65GRIU77B25OC4Q,28,88,102,8.820045558086559,8.336538461538462,6.033756286630097,7.893778452200301
AEC2DODDROD5WJYCPVYLTZSQY5HA,24,55,50,8.473389355742299,5.555555555555555,3.549141343207354,5.0710147789737
AGGJ35ARTZU3L4H6RASY3M7CTE6A,31,102,97,5.504761904761905,6.923473142016189,5.3606439815422195,6.5659455687369155
AHL7DPZZJTW4Z4VZ6TKCRSXWZXJQ,19,79,61,6.45398138572906,7.339250493096648,5.131707821467534,6.716628382451168
AGN4Y6S2XZVAT55EWY7XNHJYOGOQ,29,93,108,7.213511259382816,9.576354679802957,6.932960338847105,8.958546484190657
AEM67ZLSNV2TH3O4MC7VM7GCXQBA,18,112,128,5.111654441727791,7.08038029386344,5.382038414711959,6.998719773442232
AEONSYQSC53SBO5NSXJ6GRSWY36A,26,63,68,6.330143540669856,5.254545454545454,3.8501748633879784,4.972043010752688
AFSUI7EPMF6XFG2T4LYXZD2XS75A,25,65,54,4.929988331388563,4.673076923076923,3.4133287947279563,4.4115886036547405
AHAUPRV26D4WPQN2JIJUWUZQM7WA,52,207,180,8.612864321608042,7.659574468085108,6.1077932199871,7.605675712908114
AEBJEFYQMDZGCOGQMVO5OUL7C6TQ,31,128,127,7.068162208800691,5.705341351255747,4.462197634893353,5.5483316133470915
AH5IN5WFTJNFLLSMR642MIW4AVBQ,23,63,47,6.603993344425958,4.083179297597042,2.972683028173467,3.8284228769497406
AFZRI5VBKTGRUYSTV4ZRXWGDXRUA,20,69,49,10.194860813704494,7.924092409240925,5.163440860215054,7.1671641791044784
AEZRVV766TTJ3WBMBEZL3QLMTFXQ,19,64,84,4.6439909297052155,6.986138613861385,5.060608321377331,6.688301886792454
AEZ46PGKETRG4PUCA4QKXUHS5C3Q,22,56,51,7.25925925925926,8.417475728155338,4.854623539189579,7.474199648233323
AFULQXMWPKHB4TXP4AV5Z5TNMSBA,26,69,74,6.677419354838711,5.432539682539683,3.5967232547527472,5.136960600375234
AE7WDJBLIDV4PZNMNQ6E2ASAVUHQ,44,247,221,6.787073089331404,5.485903627990564,4.523571362415485,5.4346321021671145
AHPDTZPJURZALWCECXNGOSQYBZXQ,39,119,119,7.854132002218526,5.2938317757009345,4.198124368863178,5.173913043478262
AHXI6LRWN3FI2RWEFXHXSENYC66A,20,49,55,6.14066496163683,5.99009900990099,4.24931846989981,5.530164533820841
AFMY5CEPFKJXLHTMOJSYC4XABXOQ,36,214,239,7.4610622352557865,7.288630853642977,6.014594003716905,7.184127782668845
AE7QX327FYG2YS4OL27GBQABRRDQ,44,215,189,6.222237178624311,6.285588597571706,5.09290340166098,6.06365642505517
AFGRAUIXGHWO224SV5YN3TNEUMJA,23,74,90,7.281914893617021,5.93841642228739,4.11315370141971,5.6055390167929104
AGCOHP26FKOWWUEPWYPWBI6SVTMQ,22,82,61,5.640939597315436,4.543345543345543,3.198663010546895,4.321718931475029
AHX2FASTVBGC5KSGAH7YCAIIVYJA,33,112,109,8.533333333333331,7.2844880441446955,5.584883701036787,6.919636645483424
AG2KE7ABGFVP4P5X4ONOVUGNLUGQ,26,88,76,8.362850971922246,5.696252465483234,4.090073782429858,5.274995829858215
AGI3DNMK5LFRQAF3CS7U2WKVPSCA,30,102,96,8.015408320493068,8.878612716763005,6.354987810083953,8.408787125003746
AEKNMPUXBMNMHDYWMLKOUTEY3LYA,24,77,72,5.8644906033630075,4.872180451127821,3.4675876557750165,4.571428571428571
AERWHKQXGI2WUUV5SSKYIAQQFJGA,16,44,61,4.609523809523809,5.263083451202264,3.7772822324739375,4.9025032938076425
AHPJNCCV5PGRYLDQYKBUZI55WN2Q,31,109,103,5.714766714766713,6.164439279488668,4.380438924825032,5.887349204838749
AFQQRHNOS2AJSMORGOJQTDOWF6EA,42,223,237,6.195216145508907,6.32320162107396,5.325593841361437,6.17717194061102
AG5VMU4VFC4EAT5K4RTG2OPCL4QA,16,86,89,3.746707193515704,5.474084312370421,4.055190467565116,5.228382838283828
AFV5AGGMXOTTWHRUPDL7L5XQYZWQ,16,66,60,4.829268292682928,9.045226130653267,6.057575757575759,8.20049813200498
AE6UKJJQFMXZ3Q7VWMKXEPMI2IJQ,24,59,52,9.282666666666668,5.5409836065573765,3.7940910638561296,5.25050523331222
AFZJSGJLARXCYVO2NTD6IE63E2HQ,17,71,53,4.898931000971818,5.043087971274686,3.4972650577681894,4.65067499965736
AFQRJNI4BPKEGI5M64VF4JYGVU4A,21,51,63,10.530364372469634,7.0,4.414905450500558,6.593041448332382
AFL6PHUW2ZGMWBAPEE3CZSHWOGZA,26,83,72,7.645948945615982,6.142180094786731,4.310041335453102,5.8909395193157
AEQW2UTAF5VA3M24DLBFQG4P5RTQ,21,75,71,8.358098068350667,7.170697012802276,4.594841668443094,6.606815203145478
AF7WHR2URJM4CF6HABSVIQHNY2NQ,21,62,41,5.152815013404825,7.033472803347281,4.2119819498871856,6.202952029520293
AHITMY4R3DYM6QWFUYVVCBGYW52Q,25,51,49,10.530364372469634,8.992509363295879,5.518277177200875,7.924092409240924
AH6RO2MUQJBOTBQMME4AIDNUJYFQ,24,62,80,13.728571428571428,7.511737089201878,5.279659544901858,6.941431670281997
AGZUJTI7A3JFKB4FP5JOH6NVAJIQ_1,64,249,225,18.931603053435115,19.493646515209857,15.677743309889228,18.086899831703015
AEHXKS3UWSNEK2WDJQQH54O7ZAZQ,24,61,63,8.593533487297922,7.125673249551166,5.13321911821265,6.593041448332382
AHUBQHB557N4AGFHFPKDJHOXJJGA,20,55,45,5.633147113594042,6.117824773413897,3.7013366499835167,5.532828188570789
AHQBFPKS3BGMSWWY4EH5SZHMLDTQ,26,62,56,11.305882352941177,7.361502347417842,4.977777777777778,6.547001394700141
AFEOXDAUY53OED4TMQHXMMEPLALA,21,57,45,8.309462915601024,6.727574750830565,4.450549450549452,6.044776119402985
AGWJPQ545STVURY4F7G5CCPBIQ7A,24,56,64,9.987261146496817,4.096,2.8883720375851727,3.9574916170660854
AGW7WEU5IG5DRNRQ7SBRRG4FYEZA,60,432,384,8.500683246788741,7.117976443328829,6.052930502478082,7.023721126904542
AFYFUNS3ECU4J3ZRA5TP3XSMIUTA,22,54,51,8.890243902439027,5.0504854368932035,3.535468243372115,4.652951699463329
AH43LPVGKQAI5YH5FR43MYIGZC5A,28,121,139,5.929931146213042,5.506127101738386,4.109801893960202,5.450211565585331
AG5VNBFYVTWZQL6URTMWJSJIS7PQ,29,59,75,12.940520446096654,6.161007667031763,4.2873942442753075,5.699088145896656
AEOYWMLWQX43VA3EE4SZAZK4AOMA,24,82,107,7.092827004219409,7.507540983606558,5.506974506974508,7.169067000626173
AEYZ5S3OU4YJPU222CDOR42FQFIA,27,50,59,15.060240963855419,6.340619307832424,4.17837108496093,5.7159893981023355
AHOHLNMGSXJLXSG7BSIJDLQLMQAQ,20,55,47,5.033277870216306,7.0126984126984135,4.517382413087935,6.205105140647808
AFYSEQVHWTVMWWCX7CT7PA7VNU6A,21,60,62,6.923076923076923,6.428093645484951,4.401875217098138,5.877675840978593
AEQLRFSCJIRIKSYQ2KQJCIBP4RHQ,30,180,184,5.567010309278352,6.85899513776337,5.457135149114698,6.633228840125392
AH6CBXJMJL4UPDBPZRYOK2A4J4QQ,22,50,63,8.928571428571427,7.418691588785047,5.029782294155255,7.012389380530973
AGRFO6O6XIYLHVIFNUTT7VGQONHQ,28,72,56,7.950920245398772,4.558139534883723,3.161290322580645,4.473618233618234
AG6M2OKNHLTZENAACVZFQL36XT2A,37,180,212,5.848375451263538,6.9229821318545905,5.560801851044076,6.759514084763188
AG5I45ZGHHCYIAWWCVEIR6BYI3RA,17,48,52,6.508474576271187,9.073825503355705,5.58562731694045,8.269190483315876
AFYEXZTYGZ4TX6H5RTMOCSZXBSLQ,23,48,53,9.216000000000003,8.335311572700295,5.329163184268769,7.239738812166623
AEQUPJFSMPHWXHKTTNNXY3NNKTHQ,24,69,91,7.49763779527559,9.110011001100109,6.577442414614774,8.467359836901121
AEJYFOK4LHIS2ROVL57UXDVAHBOA,23,54,46,14.435643564356434,12.447058823529414,7.773774509803921,10.32219683990101
AFKEUURWVXYJOYGZOUKJQ4VOVZCQ,23,85,104,6.076534903280068,7.0325097529258755,5.185372145569404,6.785488149495045
AFMNODMYRR7Y2SZHUFX7MUNLDUGQ,19,45,56,5.76923076923077,8.25263157894737,5.368036529680364,7.361502347417842
AEMYUGKFRP2UUSRF467XWHUSJQKA,18,88,80,6.421227197346599,5.333333333333334,3.754772900334719,5.075340225894901
AG6US2ADNB67R7NZLRNGKK7IVR3A,10,61,51,6.8780036968576725,7.810810810810811,5.47237422037422,6.991986009842248
AGLMHJEWZBMXWLRX25ETEEYVKINA,27,116,118,6.2296296296296285,7.778770949720668,5.955263027059433,7.378926970646715
AEGE6O6QPB26V7GVK2FKFGHIXWWQ,22,53,68,6.801452784503634,6.586894586894587,4.540908951375246,6.100263852242746
AHIAQ67BVQTUF6HVWOF35GUQW3XQ,24,50,50,8.561643835616438,7.022471910112358,4.298410648096147,6.596351991088832
AFCQODXRVHWIJD5CWNND7J4GQ2MA,24,100,117,6.468305304010348,6.713585090730749,5.079217972556603,6.4570769083919775
AH33DSGP6JD2BY4GKQOMITFCNFKA,29,142,156,5.858221963974433,6.262480699948532,5.0185655757694,6.096192384769538
AHSASLZZLTR7E23XSOA4HW5QX7EA,28,134,106,5.376047904191618,5.785787847579816,4.264084603182124,5.559625309711981
AEKY432H6WTR5PJFVOQELAA6TQ4A,32,106,104,6.901719901719901,8.556962025316455,6.0005635141723825,8.017795362127705
AH7HCMRSHZCML7WGBJP3YPNTPLSA,22,62,68,7.144981412639405,5.882951653944019,4.100210637016477,5.604856719716025
AGAHQWPVZBU5NFC5VGS5GQQLDPMQ,25,52,52,9.073825503355707,5.281249999999999,3.4310377176636884,4.970588235294118
AG46DXNFU65ZZXWRTQ3R5N7Y2IMQ,22,57,84,12.944223107569721,9.613079019073567,6.64282125480968,8.798004987531172
AHHGMQ5GFTU62AI3MWQFEKWHNKDA,26,75,51,6.533101045296168,5.569593147751607,3.4450331125827813,5.170974155069584
AER5LFOUF23FX3CTQAIGCVSXYU2Q,23,61,62,7.640657084188914,4.8291457286432165,3.43183696205755,4.682101952406385
AHQEQ4C7GOFXLV7TCPD7ZEB4NQJA,21,57,54,8.309462915601024,6.942857142857144,4.5378890508445515,6.151898734177216
AF4H52NRG5JIOPRLIYOED4JZEQMA,20,61,72,7.39761431411531,7.4697406340057615,4.945156944826688,6.812101118939081
AF6QAHEJL6WEQHIO2PWQNPNPJIRQ,18,64,54,7.846743295019157,10.195804195804197,6.067591463414636,8.890243902439025
AHZRUCQACCVHJ5W7VTYWOTZICVAA,43,296,257,6.975796178343949,6.562245404868353,5.519677303985572,6.520148941404107
AHCHV7T4WWVWJNFINVG57LX5J4GA,22,58,66,4.8612716763005785,11.055837563451778,7.308724832214766,9.968015583762726
AHUYAITDXGCQ5RLRZGP5C5PLRB7Q,30,143,163,6.676134508651648,6.7246266767906855,5.403623189209497,6.464477268337109
AEDCAW62Y73SDQEVISDWSVSVNUVA,17,64,47,4.231404958677686,9.562770562770563,5.61944213611621,8.304628648152073
AGFUQU7XRXGWMT3GNAISYFQV3SUA,28,120,141,8.304498269896193,5.162555180472604,4.0012894108731345,4.9640498954832255
AEW7VB43WF43JBV6TA6RIKOYLWRA,21,46,59,10.271844660194175,4.5742444152431005,3.3520794339522033,4.3081749157173865
AGDGMB7AQBS75JIOCIDD4C54NVCA,16,59,49,4.775034293552811,7.52664576802508,4.636288074621741,6.959420289855073
AGISOCHR4AI2PHPRL3J3E42JEVLA,18,53,55,5.497064579256362,10.324232081911262,6.392667349227244,8.92330383480826
AHJGZUKX76JHUDT6MKANUXRC5R7A,37,311,329,5.795494037989095,4.408463324237364,3.8341243423882614,4.405961614107074
AEGKJTQWHGBIOTO34OB3GKIGCN7A,31,152,152,5.345673299398427,5.24613987284287,4.266356908538944,5.085628455862828
AFGCRBV3FJWSRSSWQE32UF6H4F3Q,23,82,88,5.971580817051509,6.573853989813242,4.757730256820641,6.245177536882249
AGD63JV4YYGI34EXAFJHEHKTQYQA,21,60,58,7.086614173228347,6.544747081712062,3.886147715087024,5.750444153536864
AFMKYJEEGTOYLGNBX6B7FZIKC3RA,24,67,81,6.572474377745243,7.217821782178218,5.011840750446217,6.90632344190963
AEIEKUH6Z6OH2GVPS35MCF6C2YNQ,39,233,207,5.376745567990492,5.423237564865208,4.444317756714522,5.328156237816245
AFG5DA7NUVP7FVG6MJWNXLGGO2LA,16,57,71,4.25819134993447,6.914951989026064,4.897982514814804,6.340880503144653
AEFDIVNWWBP2IEEPXCTIRWCIPWSA,22,57,56,8.022222222222222,8.166666666666668,5.105838946691544,7.413753017973711
AGVJST7CASCOH7EWNENJM6VR77LA,27,115,98,6.074873679375289,8.48409893992933,6.193748957085624,8.13900643207823
AGKQOGMY7SVDTMMSC7T7MM2KFB4A,23,61,57,7.967880085653105,6.141776937618149,4.325085669438542,5.6900873213776375
AGSVNZDZNPCMXG5DEFXMZNRH2LCQ,49,461,506,7.318972345627993,6.450244369426109,5.694520524394663,6.354828769014938
AEBDUTDUTBCJ5DRNRYF5OE5MTPPA,25,99,117,7.35258814703676,7.677509814918677,5.87687472819666,7.379514824797843
AFTQN4MTJHHVFM4FEXY5KT76OY4A,33,137,143,6.368849677638278,7.332018644675511,5.784071099017485,6.988722620810082
AF2KDD3AVW54DIIRKQ5VA3APSPVQ,17,51,54,6.12,8.94478527607362,5.850792894899757,7.9672131147541
AG7NHAT2HSVNIBI6LH5QM6YFK4JQ,71,705,678,7.2947090335363605,7.978962716100812,7.058238594316855,7.957418960691727
AEAF6UYWPYXXF2MOOTGNJT4OZV6A,17,45,57,8.920704845814978,8.309462915601024,5.547355849492745,7.451874062968516
AF6VJYLVYJCQIXUEIBSVKZGRUGVA,15,76,54,4.576862123613313,4.486153846153847,3.1620067184213116,4.2017291066282425
AHSL6SPJ3F6JQU4TG2UFMHVVQCKA,27,76,85,5.5860735009671165,10.609397944199708,7.0861583359429785,9.620505992010653
AG4D7B2B6JZP6LIZXRPCYFWODKKQ,21,63,58,6.370786516853932,4.44973544973545,3.233995726495726,4.158226378193375
AF6XCN7EPYNIO24FJRNV3KOFI3QA,27,91,79,4.926234384295063,7.73358116480793,5.371884607137813,7.583276861181856
AGAVE3RJU2Q3N3WVKPORQ2PYU26A,38,185,207,9.77577834904313,6.995755102040814,5.682294476642253,6.812241825600528
AHDJUFVTKDJUUBAIFGT4WVU2YGOA,26,84,80,7.411764705882353,6.438631790744466,4.481166768383331,5.975728832473148
AFIQRDAYJLNVCGJWSOHI2QKPOQ3Q,18,61,77,6.585840707964603,6.609810479375699,4.700341892840248,6.294062294686617
AFS2FQVHIMUXIABBO5BMHZCDWW6Q,24,55,52,6.954022988505747,5.903930131004367,3.593852183650615,5.42971887550201
AEKNUVZ54GHK35OSOD3TI75BQDGQ,23,54,54,4.993150684931507,7.07766990291262,4.8909865771812076,6.394736842105264
AEBVIJZLUXIBEZ25ZQLG4SPFVMVQ,21,77,76,7.257037943696451,4.9879101899827285,3.683438840504355,4.676926143307474
AFUPZ42DV2WKMF3SC2EKD2ZLD65A,15,72,70,3.6302521008403374,5.975609756097561,4.342442063729897,5.60006582934526
AHR5HMD2RY6FF323ZN4RXNLU4UAQ,19,61,79,6.29610829103215,7.265424912689175,5.366294067067929,6.7180074550685545
AHR6M4DYJMUKR6T4VB6MFN67MEOA,24,46,61,8.966101694915253,4.981258366800534,3.32918262650921,4.692337539457259
AHOOD7DBLBIUO6DB7DZMCWYBZS3Q,46,312,290,5.347983738050764,6.8754087638979735,5.705099352379749,6.733403974494822
AFNIEDCE6BLCHCFULJTN66EWSLMA,20,55,76,6.111111111111111,9.626666666666667,6.386578171091444,8.98291441729069
AELETLCYBQBTWSUKGSWG23QI7IJQ,24,77,97,6.182481751824816,6.725518227305218,4.847002830279889,6.336038428801468
AF63GHTZBFUQTJPVNLMYMBCRQRJA,18,53,70,6.704057279236278,6.67574931880109,4.6644654088050315,6.388537587032202
AFZUC23U6UM5PQGWTWF3DEYO2YYA,34,94,86,7.125806451612904,4.515262515262514,3.560417090613765,4.216669592068909
AFRYDQVWTDEA7724F2O454CVQS6Q,18,63,62,5.8111273792093705,7.6269841269841265,5.041352182013518,6.827730244062492
AHSCNOTMQI2WQ4YUTXSOBJ3OFG7Q,40,184,164,6.50576479631053,6.171638366223037,5.0530762240075,5.937308000586329
AGBWD5VMK2NVIAIXF7OINPOSC46A,40,425,424,6.696014828544948,6.135699658703071,5.375022417469901,6.022445140389255
AFFYOGW567R22D6QXHYYJT2NVV2Q,22,51,54,7.764179104477612,4.8762541806020065,3.471428571428572,4.5139318885448905
AGXXNB2FXMNKOLZYPDC2NS3K7G5A,25,88,101,5.4766619519094775,5.260959257349148,3.9367864900660274,5.0300801184988355
AHLUM3IZPNZPLJEKYACUGH66YQLQ,26,94,78,6.093793103448276,6.364016736401673,4.519724119382189,5.935615405701753
AFRVEZ6EJNYZOHC7WT5T4OJP5XCA,23,62,59,8.429824561403509,7.060851926977687,4.606399125035524,6.249551166965886
AES3YWD3ONJOUDRWFIV2ZO44QDAQ,49,387,374,7.873048415076485,6.6715634837355715,5.672170228342125,6.6238668393538
AEKN6CHGDPL4TCGLZUM4V5U46QBQ,21,63,63,5.710791366906476,10.255813953488373,6.797695379056633,9.145209843115396
AHH3ASURHRSUP4F6CXG6KWFMAT2A,19,92,108,3.1535022354694475,4.3425167535368585,3.284896700449471,4.183652801106611
AHMM4IE5PPFSNOXOOPDBW37GB36A,26,81,78,8.806711409395973,6.775055679287306,4.693722222222222,6.252832915050574
AG5WQAU45AHMYG3IVZXID43THTAQ,22,64,66,4.511013215859031,4.9276018099547505,3.707897441770575,4.765864332603938
AFBOXU6QKQGVJP6M4THIHE66BMCA,18,69,74,4.277628032345014,6.070953436807096,4.43006284277282,5.7642105263157895
AE4YO2ZT4TMRFFA54ZZUQGK27YZA,22,70,80,7.0605187319884735,6.22568093385214,4.6293061862701075,5.765765765765766
AFTDBAD66GZC62GV6EIHBF3K5HAA,17,58,61,4.9616519174041285,6.212020033388982,4.381775677060247,5.707068639835523
AGTPYYIF2KZYACAGPMFRIBTACMSQ,15,57,43,4.856502242152467,6.873605947955391,4.565432098765433,6.122583686940123
AE23ZBUF2YVBQPH2NN6F5XSA3QYQ,62,604,583,7.4907806660917435,7.433004570603801,6.633381569515697,7.323616011508461
AHFGE4VXBOCPGICMJ2XZACGEJOAA,18,55,50,5.654205607476636,5.208333333333333,3.551136363636364,4.826326774001192
AFKZESU3PTCQ2UVDBDSFVFTXBFNQ_2,43,342,362,10.400497954828387,10.250625782227782,8.692763778699668,9.911811566891366
AHA67Q47N35BIULG2YNU7ZA3YEWQ,34,170,142,6.637574644005512,5.482327351821643,4.1364835526381585,5.379960476784381
AHDPI35VZ3SH2VZVGOYJS52LPVAQ,22,71,62,6.504516129032258,6.989090909090909,4.720631030143226,6.406666666666668
AEXQED3KRQKIMV6WOUKR3HJ5HKDQ,25,121,119,4.733591981894602,6.075075075075074,4.834590936946376,5.987776383025855
AGPTDCDZJKJL2TCSX2FYL5MW33GA,19,61,48,6.050406504065041,5.84771573604061,3.8912366912366907,5.1659192825112115
AGLOXQBIOUHGR3OQ3WSGE4NP2T2A,17,72,83,4.461273666092943,8.536555142503099,6.0145066032412124,7.927502876869965
AHSP5IKX6USXFMSHWDQMXSKAEJ3Q,23,64,56,5.490616621983914,5.6000000000000005,4.019998688438586,5.235406911928651
AEX6GC25ANZIT36EQGUAJOGXCPLQ,46,208,201,7.967587476979741,7.417110335964749,5.81355754396791,7.249425234026866
AGADEX5O4F3Q4BLG3VYHHKRARSDQ,23,57,46,7.644705882352941,8.2015503875969,4.941636379370024,7.398601398601399
AEOUAVGSFJS53WXZT7ESMQT3VMSA,21,61,51,6.070146818923327,9.965517241379308,5.894000821805231,8.584158415841584
AFRGJMSUHGKN6E36WF7NUXIQVXVQ,33,138,155,4.588915662650604,4.985474164764472,3.813595825060348,4.873225352633639
AFUXD5ALWDRCHSXS4DGLVZAKS3IA,26,83,70,7.68004459308807,6.396866840731071,4.673801468887347,5.961070559610706
AES77I2GEGGTHPYTW2YXN6T5VGXA,22,86,93,6.122516556291392,6.507900677200903,4.966698423551456,6.285613784907903
AELK42U6YCYLVSH6GQ2XODTAOSVQ,20,60,58,5.232558139534884,5.175384615384616,3.696703296703297,4.932551319648095
AE2XQEA63DL66X2UUTRRF6LDEJRQ,27,83,92,8.494451294697905,8.816666666666668,6.210782828121371,8.068644129407488
AG5AS6HFWYJ6SLDZEWGQE4NXF6AQ,23,68,68,6.512676056338028,9.755274261603374,6.714228450274962,8.85836758661186
AHS4PZFYYBOPFTPEMD2NEQZ4LMIA,28,114,90,6.389380530973452,6.683168316831683,4.879224479144014,6.367924528301886
AHK22RUTPDKFZIFHCLL3NL765XCA,28,122,118,6.942164179104479,5.940273037542663,4.503234152652005,5.737124995416215
AEA6O7PSMHO4VOKWAZOYOKKULRDA,20,56,55,7.762376237623765,6.707317073170732,4.508196721311475,6.025920326345322
AFAGV3OYQR5AND4HEV3KPFX47NZA,29,103,91,9.832252085264134,10.469026548672566,7.382598372284028,9.629186942512822
AEBA3PHX2IZXTOVI6XDGA3Y5UR7Q,18,51,56,5.3408624229979464,4.809815950920245,3.386244134951963,4.361621788919839
AEXHGP5FTG3WZPUIVPEFZREQWFEA,18,64,66,8.49792531120332,5.854838709677419,4.408461538461539,5.527918781725888
AGRC3JDXRCSSQ6TOMEB66Y5ORIYA,19,60,51,4.972375690607735,7.32676056338028,4.75416129708994,6.669274617190119
AEIIRIHLIYKQGI7ZOCIJTRDF5NPQ_2_2_2_1,39,328,295,6.213699896037888,5.662372307892512,4.753709835039089,5.637437217175807
AHUQHUKMW2VDHUHTAWQVVYYNER4Q,19,47,57,6.673716012084593,5.812164579606441,3.610468556484062,5.265802269043761
AHCUI3MCE2AGX2HLG2YSWG3Z3OFA,24,63,49,7.04973357015986,7.976744186046511,4.9699895413118185,6.725490196078432
AGHETJ7PN7P2EEPPQZHFVHGV7TAA,34,162,169,8.135151890886545,7.518031060805475,6.0182028136176555,7.291618090504665
AF2AHWFRYLISW4WNTUF6OSP3BBEQ,29,99,83,5.708211997670355,5.843087362171332,4.189426808617741,5.420141620771046
AETQ662T5IP4NC524RTVV6ZWNOBQ,26,78,54,10.106312292358803,6.813084112149534,4.294723229454574,6.037292959775042
AHDNBD6BXVJE7DUHN3HPT432WRDQ,36,127,134,8.828133552271483,6.811836115326253,5.195151626388086,6.538996986929215
AGWUPUBODLPBDOKF7WR3NZLSQIXQ,26,115,93,7.729398012857978,6.138396025550034,4.469076596815356,5.863739594350301
AEXO6YBJHQZFPLVRQJI6VX7IJDNA,30,159,168,4.9972326546748365,4.911938739993038,4.121074888931867,4.73636529532229
AGSQN7QVGI3VRJO4LX6F5E63QJIA,17,51,56,5.475789473684211,8.475675675675678,5.6190681003584215,7.396226415094342
AHX7REGI74RJYU6QNM6CHKH2L3SQ,33,129,118,9.46048891415577,8.469586374695863,6.135850674022716,8.053212641832584
AF5TD2FIKGIYPODNQVRGRDQANF7Q,39,169,219,6.760000000000001,7.8380454322601745,6.510544452800511,7.703374414101606
AEHMQSTB6ESWFAT4AHROTV6M7VWA,20,58,64,12.27737226277372,9.706161137440759,6.779226211223423,8.808642888856001
AGG4ORO3HU7EEFTG7JYP7IXZ7HNA,27,72,81,7.005405405405404,6.160563380281691,4.511816562375791,5.842460588385022
AESXPFPYKPBWD4SLCAZRXX22GEZA,18,55,48,5.153321976149914,4.0279720279720275,2.930925717828495,3.8019801980198022
AHP3RMY24RUHJWKGGHY4XRXEA7TQ,23,68,53,6.9221556886227535,7.040100250626566,4.261233140390509,6.355236150141019
AF5LSOLMFO3RQAH2LWPPWPYMNNWQ,29,116,129,9.865102639296188,6.6965794768611655,4.962617998028173,6.600952003173344
AGE2W3LSEPUMPDXXMMXOEDZ46GWQ,20,56,56,6.817391304347824,6.644067796610169,4.2602922116177675,6.197725284339457
AGMRNSQL6FRY5GP77GUBUIR2HVTA,18,56,49,6.054054054054054,4.234567901234569,3.0817619687080353,3.9360761517768124
AHNQEGOLNDNC5IOKANIAOC7LW2GA,27,65,69,9.047109207708779,8.735779816513762,5.3912367314816585,7.948247078464105
AEM7ZR6X2YIN5CBPYQXQIEPTNYJA,27,64,49,7.314285714285714,8.30795847750865,5.518277177200873,7.320189992842735
AEIYLNXFUY2EADFY736TIRBD4HGQ,23,61,65,6.585840707964602,7.006633499170811,4.803895033598615,6.450381679389312
AEHV5QSASACDSTO62UXNRM3CIOIQ,19,63,45,5.017699115044249,10.714285714285712,6.59395654786376,9.0
AGMIT66KFFRGJFOVS3DKXIJ7VYGQ,29,112,106,7.714637146371463,7.138500635324016,5.349967590077856,6.77275713226852
AEOED2TZEJUJI7XNJWMP4S5I5TSQ,28,99,79,5.460167130919221,5.053441295546559,3.844405055620973,4.914176275141841
AE3JHU5FFAHLLPFIDRTNY2ZTWNWQ,20,50,58,7.53012048192771,5.820069204152249,3.90075792730085,5.487779693853653
AF54J6UBFYLCY5DW2KYQXLNMZPGQ,26,57,67,9.256410256410257,6.591776798825256,4.564789514583438,5.977363515312915
AF5DN3WHPZKNRL5IEYBDTMNCVGDA,20,51,51,7.718100890207714,7.627565982404691,4.75416129708994,6.862796833773087
AGSNKFQ67XEX7JR3KMPUONRPNGYQ,42,185,156,8.697585768742057,8.260692464358455,6.416433425674756,7.981641049559872
AFUA5LQPDJOM6TDWTOLF6N74GUKQ,24,71,69,7.170697012802277,9.173410404624276,6.320210068815647,8.30890052356021
AE3GOLU5565IGELCLCMXSDAJBHYA,17,51,55,5.897959183673469,5.353982300884955,3.604627324230817,5.067001675041876
AHU5CEFMHIARA3FUDNNHQJTVKEDA,32,105,93,7.484725050916498,8.907312049433575,6.190681297562478,8.429832569406512
AE4IUAHJ4UGJM2AAHDDJYWQUPUWQ,22,63,48,6.878682842287697,6.193548387096773,3.6542857142857144,5.702970297029702
AG65BD5EVGIFAAFJEDYG5VMAO6FQ,34,109,99,11.283000949667617,5.57191586128482,3.8541093197011413,5.326757876709596
AGSM75HHGVYI263VKMFQMK6GJQ7A,39,270,261,6.239301609038001,7.418163998693236,6.227294759911088,7.277115451196938
AEID2J5IAK3LDPXXEDHH4T3JV3VQ,32,97,93,6.668320340184266,5.368715083798883,3.9836950616449145,5.105668839416859
AEJULOIIS2FOHJKRJK5JLXZDWFOA,23,75,58,6.094257854821237,5.72108843537415,3.7692099271176156,5.231738936940074
AEL77HR7DJEAEUFEHUHXS4ITQ3CA,19,51,61,6.297820823244551,7.64065708418891,4.928476821192053,7.020779710856928
AHFEJ43QFE5M7F6HIK2FEXHTAIUQ,27,64,75,6.849498327759197,5.203515263644773,3.7764430820457426,4.874383028699256
AGSGUQ5INR6QIZN5KFOFXHV3CFZA,17,53,56,5.697768762677484,5.961977186311788,4.191398338832632,5.5602836879432616
AHGGEBG6ULZ4CC4XTUVH7JCO2ZRQ,24,85,84,6.658986175115209,5.436055469953775,3.662793686998038,5.173065015479876
AF6VN3TUVQLOPONM5GPIG26BMHIQ,27,114,128,6.650972364380758,4.506050605060506,3.5707441291202766,4.363249310781315
AFSBZBYPM2DLIXKYS3WEQ6L3ZZGA,24,141,152,4.759636102465885,6.1709401709401694,4.91652241231155,5.967020157431323
AGD3WE6VAWDOBMVDUHA7WCTF4SQQ,24,91,82,4.5878116343490305,5.857142857142857,4.362609178816076,5.547915214360405
AGVXEMIIQ2S4N7TFU62FQASJJ6ZA,35,156,166,7.628840125391849,7.297669491525424,5.833068782310406,7.114955405357118
AEI77FRGYVNL3P7GNBBK76XHCU5A,30,131,128,4.846371081615363,8.023506366307542,5.951554025690538,7.634675783095695
AGSTQ3JDGW2TZB5XKBF7PD2DJOKQ,24,111,121,6.096486887679366,7.375818639798488,5.696903433561249,7.121110634034634
AFUL667IIU5H4NIVQXA55KA43DNQ,31,124,104,6.7557117750439355,5.276097560975609,3.9536785755060446,5.028359989625658
AG7ZV6UHNP2KF3CKTJ73KKZ2O3QQ,10,63,50,5.794160583941607,6.281407035175878,4.496402877697841,5.73394495412844
AHKYX34JVRX4ZPC6FKCYHDPQTW3Q,24,79,69,6.076923076923078,7.9482470784641075,5.528338200640469,7.381395348837208
AGKLWN6DDVBZBLGPZQMUJ4JPQZGQ,15,67,85,3.548616600790514,4.938482570061518,3.714271770771643,4.791116165207384
AFAK7NZ77T2ZVYBFTUDUE6SA3O2A,25,56,54,11.969465648854964,10.195804195804195,6.337758328627893,9.0
AG6WNZI5AD2JASG4KJ6XKCEB5YBA,23,82,86,6.4282982791587004,6.568383658969806,4.649225050576773,6.257209115895557
AGM6JHRSPOTBHVITWSUDXMUNEXWQ,23,50,53,7.911392405063292,7.738292011019283,5.210539473729333,6.818001331424567
AFNIU5RTX74ILRYURZG7UGLYL2XA,24,69,76,4.26230975828111,6.417777777777778,4.341881950384944,6.0229471120389695
AGGYJDBFHKHKTL7YZ5QA4RYUZDTQ,22,54,51,7.1121951219512205,6.584810126582278,4.16536961154715,6.006928406466512
AEWFDRE37ICDKBMVGFPIC3VHE2CA,22,60,57,6.923076923076925,4.885714285714287,3.3109199408828545,4.550429094047608
AGEECCQF4MDXAP7RJDDPHK4U54FQ,42,206,192,7.772161172161174,7.483556638246044,6.031019402525408,7.212681021496107
AGZS7H74UPZU746GOWUAJW6JLLTQ,21,76,94,6.909090909090909,5.843915343915344,4.310033851566585,5.45432098765432
AFXQNAXCDTJ2SQDCNSM5ZGBKQJ7A,19,58,70,6.094202898550725,6.218274111675126,4.409362707778201,5.833333333333333
AGKYAPJAIV6AKVK7MUVYNQB2RRNA,62,516,523,7.4631685166498505,6.5329718885093975,5.815951886121865,6.500834504993411
AGX5BXNPC6S4RNAKL2MXQXWDKE2Q,24,62,58,9.806122448979593,7.0672268907563005,4.724057375759293,6.544747081712062
AEQ6P4YGW6NO3JICID7U73FG6HLQ,23,88,75,5.385257301808067,8.333333333333332,5.850263789328616,7.911455005469648
AHZGQXTGR3WB6CQR3PP2TB2YPTUA_2,102,1242,1256,6.911190960492475,6.601729174164498,6.128321911303892,6.586213678141659
AGNKIQAYLV52WEMBY3EPNECGQH6Q,21,57,56,5.854054054054056,5.894736842105263,4.039686766683366,5.453929539295393
AFL2ZDLKD6WRY5AG35RAWWKQTJFA,15,46,62,5.627659574468086,6.2,4.38663529338676,5.932098765432099
AEDIMIXF5LZTNHLKWWJ3SDD3KVKA,27,130,138,6.19047619047619,7.252094440213255,5.754195019875603,6.973270799478707
AG3HIKXAMFBUKALTID3BGXXOS5NA,23,81,90,4.929376408715252,7.336956521739132,5.190654091131798,6.887755102040817
AFSKPY37N3C43SOI5IEXEK5JSIYA,29,144,176,6.4237918215613385,6.957771787960468,5.568838760660515,6.828925489854532
AHNDQTIDT42KUEXE7PRP45ODX5IQ,21,64,76,7.6992481203007515,5.918032786885245,4.009727969348659,5.586094400047889
AEDB6ZCMWZFJNB4GJ32XNQSJLGEQ,27,67,65,7.917107583774251,5.732700135685209,3.7548902667060324,5.228968405316276
AFKX24ALWAPX366KX6DWTOBWLQAA,21,63,62,8.498929336188437,4.68780487804878,3.301840017888246,4.480210823733971
AHU42PTRX7VJN2AFMA7HJZJINSQA,27,107,106,5.880328710837186,6.18041804180418,4.780870370035612,5.913684210526317
AHUDLM6F46QJM4BSG55J2CKT65FQ,48,476,448,6.823756173954945,6.732322554675971,5.910934983309205,6.675004772894949
AH52JG5PBRVOSTGXB3ZR3JA4XEBA,16,60,58,6.206896551724139,6.276119402985075,4.390504221626937,5.770171350562538
AGUIVHRS32TAIJJUNNJSZU2R3E6A,18,55,45,6.505376344086022,5.609418282548478,3.661184692830262,5.16584994435876
AHPAXGZTH4KAGQHOWQ4SGU4BN23Q,43,223,227,6.617298735861609,6.469428750784684,5.322200027458032,6.277135224590098
AHX6ND5IXNLLPE46BFRTFIWJWMGA,20,53,52,7.7382920110192845,4.447368421052631,3.2562762745492715,4.147239263803681
AEQSZVLAFNQJY63SLGBVYWQM4IBA,24,65,51,8.433133732534928,6.8992042440318295,4.716300940438872,6.192892249956066
AHMSVEFJC7AY76OCKWNTAIDUIM2Q,23,53,47,8.189504373177842,7.29042904290429,4.370846698704959,6.402898550724638
AFVOZ4UNUZKEQ7GTQ3IHQY7PZ5FA_2,28,96,86,7.177570093457943,5.974151857835217,4.284556761934105,5.607281464109992
AECCAESAR6LXPJ2VJEPN64WPMNAQ,31,101,86,7.0889506601806795,10.50568181818182,7.12387323917618,9.61770156926407
AHGUFVDYHZT4GZVUGN3FSM4KS37A,25,84,56,4.8,7.396226415094341,5.038599499821364,6.729613733905579
AF4DA6OA3GBNJPXYR66R5K77HI5A,16,55,55,4.149519890260631,5.31634446397188,3.7563739268290823,5.05008347245409
AFRPPMWZW3VMGQDIZMPHBQNTMULA,22,58,52,8.538071065989847,6.062780269058297,4.08215358254047,5.473684210526317
AG2XUDCCLTNCSR4AEIZ4UHZRFOSQ,27,139,164,5.569616604208706,7.827706635622819,6.298681595312652,7.56142876744117
AGQ3BYKSR2EWRBITM4CERV2MVJZQ,29,115,124,5.72263089571614,6.833777777777777,4.909166469023872,6.779546718197759
AGVRVBSW33TUHVPWX63GSGYVZQ6Q,19,64,57,4.807511737089202,4.269382391590014,2.9859957378079995,4.056179775280899
AHEE76NDKZZRDPTCUKAVHI4OF6ZA,22,65,63,7.399299474605953,9.997481108312344,6.669470883830919,8.820043555770646
AFWTHSFNTWL7APIKKGQZV2B745HA,27,82,90,7.5550561797752795,6.628477905073649,4.7866695102368535,6.155029413598854
AEFUNDFXSJLROLIBSFW74D5527NQ,31,88,109,6.43189368770764,4.891313297653355,3.7015953811258604,4.65191927228854
AER5HOHRL6LSC45EWGEBOUWZGOLA,31,158,168,5.334188034188036,6.6471973622232685,5.328602591018486,6.498736695218443
AHG5YPN72JJQXCG7463HZYBFRZZQ,22,59,59,6.053913043478261,6.865877712031558,4.798759185209578,6.317604355716878
AFU7OPCX5SYLPSLCFPGBVX7ZDS4Q,28,63,57,8.647058823529411,7.905109489051098,5.21096893946886,7.2039911308204
AHDMZQISGLPO7NOH2JQP7SKPLBOA,22,59,60,6.272072072072071,8.411214953271028,5.6215277777777795,7.4534480984877085
AEB2IM7SDC6STXDK4X5WO5U4GN4Q,30,101,104,10.398572884811417,8.822185970636214,6.394418604651164,8.193939393939393
AEW353QPPVIJ25MBCZTQCQ5PS7AA,20,89,81,4.412813370473538,3.5911330049261085,2.7347756310374356,3.4769475357710657
AELZDJ42ZTKWK3733KORAERLI2CQ,39,138,139,8.865921787709496,6.455395923822252,4.876339783402605,6.238620619189785
AFG4FX7JY6KEFFNXB2YGSIZ7HWHQ,20,66,65,5.472361809045225,6.51001540832049,4.551961995378736,6.1055040794548745
AE5IMGWRBJA7JQFBQTBK25HDYGVA,39,229,196,7.518422939068101,6.417641162712997,5.259825243079166,6.178194901507643
AEBFA4NDV7BFY73OSUHAZQRTLHYA,24,66,46,6.892405063291139,12.74698795180723,7.398601398601399,10.423898272180157
AG4Z3BVEK6BL4CL266OLIT7YJFBA,26,63,39,9.8,5.019801980198019,3.2972297444806236,4.623100303951367
AF4MF2TEL724JVL42HY3LH2EZEOA,33,172,159,7.978425026968718,5.009114325341787,4.23035361195242,4.881450846049727
AG2TPA2OTHKAJ2EDMS4MSWVEYEVA,27,68,56,5.694581280788178,8.759776536312849,5.598014184397163,7.820497512437813
AGF6TCJ5DIUYHXKWWLFKAY2HUIXQ,41,355,385,6.724561122672217,6.591586249833237,5.687904746076063,6.47751610943864
AHLZVZPQ5TWJ6KXNLADJBDZAT7EA,79,1078,1119,8.428716490658001,7.697979232883112,7.049941582280191,7.602218336536804
AFIDM7WD3YFJG5SKPRVCRV67V7EQ,21,50,83,7.961783439490446,4.589606928714191,3.452271701698136,4.410416510405075
AE64UFB76MUZT2F2V7TCAWRO6PEA,16,48,53,5.76,7.334203655352482,4.767491704292009,6.4874363282395935
AHUL5FEPPRSUNPUTXCLK45RMC62Q,21,65,66,6.315396113602391,7.358108108108109,4.915924897809774,6.620060790273555
AF5EMKPOFEX5D46HRWSMFMT3CIWA,23,78,62,5.988188976377953,4.378132118451025,3.2463478761223286,4.16017316017316
AFKBVRDWS2ZPNM6EAEA2GRYRXFPA,39,230,238,7.199237887860643,7.638079827400217,6.387981467369554,7.452180569731194
AHRACJKKRNEOQ2RXRL3LJUIJEHEQ,22,89,89,6.1450737005430565,8.225337487019729,5.88834620715882,7.819348469891413
AG7J2BQ42YTOXPDVY4T4JZWUDCRA,33,131,139,7.219604543542279,6.399801258694932,5.035598848848595,6.182730129785044
AHAZPUWMQKVPWMNASKRRHX72I7SA,24,73,75,8.808264462809918,5.281690140845072,3.8007082476891294,5.00448404936966
AH7DWQWLE3J47LT53FQ76ILLLCTQ,20,66,59,7.094462540716612,7.004024144869215,4.634537570976635,6.085682935849356
AGYDO6ECOZYYNUZNBEC7B4KIIUVQ,19,52,57,7.906432748538013,5.875226039783003,3.730195177956373,5.621124091917277
AH2ZYDCH2AFZTWQTDL67LN6Y5W6A,22,60,50,7.758620689655171,4.355400696864111,2.8338272856170303,4.194630872483222
AGQNTP3WGCU4SXKGLQQU5S2LIJLA,31,156,156,5.097612065354,4.602118003025719,3.700098061131943,4.552188552188551
AGNXIANQRNMDLDHCR7BKD3B7LFSQ,18,52,53,7.638418079096047,4.28854961832061,3.123547096528371,4.09483049893006
AGZ2367HI7GZ5GRNZJFGG3VMPZLA,53,488,519,5.536944896535688,5.956283307166706,5.335574877866661,5.924067135483744
AHPKWXPGOUOKHA4FRTPB7ICIMBAA,25,80,79,5.828779599271403,6.197616683217479,4.15706702057067,5.882186616399624
AFJWRG6WWXKBY6FK36QZ6KTC4LFA,17,55,46,4.824561403508771,4.318367346938776,2.827380245027304,4.045903892837297
AG4L2W6D57TWHR2OAS66DQLBR3MA,23,69,54,7.42745709828393,9.785234899328858,5.975409836065575,8.526315789473685
AFWA4VQRZMFNYQDZZ44DIPKT7CHA,27,62,64,10.560439560439562,8.982456140350877,5.79764825043126,8.308350613870513
AFSLMINZMMAJU7VPGFV5WTH2RZ3A,20,57,59,9.640949554896142,7.03232323232323,4.747048941547424,6.422531087985893
AHWNFWQGIAREGP4GVHWXYBKWKSZQ,27,83,77,8.432068543451653,8.605224963715532,5.829319719817081,8.044776119402986
AF4I2VKLJG2HLYYJEVJP3KULCHEA,20,51,53,8.052631578947368,8.048710601719199,5.3060635822482265,7.147582697201019
AHMGXQ4SWFPAMMIL7HMV2B5JXRRA,14,57,78,4.107458912768648,6.527896995708153,4.794382016968082,6.170385395537524
AGZ3HGFWWX3757NYOQL22RFG7J7Q,25,67,44,6.058029689608636,6.088050314465408,4.0663760064695325,5.348066298342541
AFGCUCPIKWCO4AAILF3H26QFAFUQ,23,65,69,9.941176470588234,5.661117717003568,4.069286394170688,5.36149328571809
AETXTXQ43FDWUAGFI6LGCHIQPULA,13,107,103,4.102113937656754,4.785295444294091,3.7010482055177274,4.6510302498904
AFLLWVXPGCSBHCVVTEU4Y3B2GYQQ,29,165,139,5.575465902109358,6.853848882582476,5.39773064578948,6.746160040329192
AHTIHA4JQEANT2PJ2L764YT5JBEQ,20,69,52,8.110732538330494,7.952941176470588,5.08175494917068,7.023424006908463
AFYEU723DTGCA5ACI3HVQBWU5MDQ,17,49,68,5.012526096033404,5.666666666666665,3.825004591467433,5.1840910576299475
AHXBO4WJP7MRUNRXFGDL3KWYWPXQ,34,133,99,6.064106959204663,7.1073241479332845,4.878870919995175,6.667350024226028
AGEQJLCP2QYVN3FPPZXSSWDX2BPQ,20,47,53,9.165975103734441,5.330170777988615,3.8744827586206894,4.98051211116176
AFYJU4H5WNECL4AEREHBUGH5J26Q,24,73,79,4.670464504820334,8.514324693042292,5.864110790622379,7.811013767209012
AFTMOD264DYR7HPFW6QPW6RFAL6Q,26,65,62,7.780847145488029,7.171641791044777,4.803915594673889,6.548570964221866
AFRXIXRPZPJ2POZGDZGXH2HYMNMA,18,53,57,5.4332688588007745,7.982800982800985,4.967389484430833,7.047854995129802
AHCZED5BFUGQGCREBBYP4DSEMQJA,32,92,101,7.3599999999999985,6.671680837148463,4.7115608577539865,6.347862974816502
AEC6IZVI2NGFBCIYVD4X5MDGB6DQ_2,31,102,84,7.741071428571428,6.322580645161291,4.583674872576715,6.098535238539183
AEIIRIHLIYKQGI7ZOCIJTRDF5NPQ_1,38,183,185,7.496977837474816,6.840895462722366,5.51243392547456,6.562800581742587
AEQCZRWLHYXFS4QI6UEORJYM4BKQ,25,87,69,11.114537444933921,8.800369685767096,5.826705852287247,8.015174231581334
AFFOH5RTT3P6QL2UIS4KHVPO3GWQ,20,66,54,5.377777777777777,7.363636363636362,4.891799286211309,6.5824263177204365
AECO2ZWV634CZOOCC7MQ23TC3GMQ,47,514,503,6.996345532545946,6.910737210128103,6.118985637755658,6.8465934677476294
AFH5HNVJKP7F6YKKZBP4ZRM7NTVQ,19,54,52,6.845070422535211,6.377358490566039,4.197461851085039,5.840200029855204
AFIYJLRZHK7C4B5QSZAGSGZVVAJA,17,39,67,9.331288343558285,5.8526727509778365,4.174655078200632,5.363201911589008
AFLTPVLTS2QLWE35SQ2DOYUOLIRA,28,127,115,5.279541734860883,5.151928320997274,4.109325017581685,5.028523653184646
AEUHNC6V2H4RJ37GGR742EUZZUOA,18,52,51,6.09009009009009,8.641196013289035,5.497785245354401,7.561110406895678
AHC5NT5TXPAUQHCHIVFZ4P3QWEYQ,30,74,68,7.521978021978022,8.227758007117437,5.738265915080182,7.3748193972446625
AE2GZYIHR7J5P2RXNBGICKOVK6LA,15,54,49,4.22608695652174,8.925650557620816,5.72894914370263,7.976744186046512
AFWZFWJVNKWBDPG2IO3WNXEQZVJQ,29,93,97,6.373618275607957,7.333593141075605,5.391668435287345,6.8329846397257565
AFXHLUY7QOZ325FN3H442SVNDMDA,26,106,99,4.140014738393515,4.873694679264047,3.5180800898754923,4.725660803628157
AHCY2AUSPYYA4C4H5ODIGIVQW4JA,18,59,43,6.075043630017452,5.945337620578777,3.942430703624735,5.4866468842729965
AGWYBTJM4LHS74LEIA27N2BYQ5YA,22,77,92,7.3652173913043475,6.151162790697675,4.681522648112887,5.977448828951044
AEK34YY7BEVRVHDLGZSTIHMHM72A,23,80,105,8.040201005025127,7.608695652173913,5.2420130710281,7.013384321223709
AHAVVDFUPNWTGLACNX7FXDKNSAKQ,24,65,65,10.279805352798052,9.368070953436806,5.95577285862383,8.284345576107558
AHFF34MUXMT65INX2CMPMHY3I7TA,14,49,54,3.8415999999999997,4.378378378378379,2.8307936328742382,4.066953517685688
AGBF546BGRZAFFEIPWP3FIPE3F3A,23,53,55,6.7040572792362765,5.373001776198934,3.5625966264313167,5.05008347245409
AFU67UH3Y737FHNGIEGFH5HBUWPQ,24,78,77,6.570194384449245,7.066746126340882,5.0109898655553495,6.691882113898815
AHMUT4NECOL57PONZ5IDTHOM5H2Q,20,49,67,7.9767441860465125,4.047790802524797,2.9465107533582695,3.9411764705882355
AFLYZHMSKHIH5M3WYCVGHI7TZUOA,22,68,76,5.639024390243901,5.368029739776951,4.067319585586656,5.048951048951048
AGMBZZMJLRWPAXDBY2BONNXESVPA,24,75,71,5.769230769230769,6.2311495673671216,4.378534242141852,5.794260528815601
AEHVQEYFL5WYB5PC6CUCUJPZEJJQ,17,51,55,4.28500823723229,8.023872679045095,4.64249223262506,7.1009780961564966
AEDVEEUD4NZX7NYETDDN5N3HBJEA,80,738,748,8.220793334540843,8.142029744753923,7.2756996857244784,8.12123858523185
AHSEZYIM44F25UGBC6XPSGAUUBBQ,29,79,86,10.115072933549431,10.21546961325967,7.453403985390134,9.221945137157107
AESCUI6VXJSHLUIO44Y5ERAHZE4A,30,142,164,6.580939947780679,6.744232698094283,5.437082977346279,6.606734120829551
AFRIIXZFN6G47XNWDRESN4RT3UGA,19,61,62,6.33901192504259,4.853535353535354,3.364853727251961,4.587112171837709
AFQW3CD5IJTQWEWFXXRWLQNNGKNA,19,70,57,7.728706624605678,5.875226039783003,3.916844109033243,5.601740789954787
AG2ALPFAOZDJ55V4WDSRTQR4GLWQ,24,83,92,7.697206703910615,8.2015503875969,5.6573763235115635,7.673623714458561
AEBD4EQFW4THUDUVAETCYTEDJU6Q,39,250,217,9.19929349425964,7.437845522034435,5.950614950147573,7.23778068129078
AH67QNDYAF5I7XGT55OSFK4ZWZDA,23,57,69,7.943765281173596,8.800369685767098,6.158325585277301,7.948335688425487
AHQ4VAOPWBYUD3FUNK53CM6N77BA,24,107,112,7.89042039972433,8.533333333333333,6.4124335378323085,8.005108556832695
AEHM3SNZYPQT72AV2L3KF2SQ6E2A,77,624,594,6.005923000987167,5.885504587155964,5.193144126562983,5.81268887949877
AG2KYQ7Q2HUUJJDQ5QNJ5VDDNYHQ,15,50,58,4.49640287769784,5.625418060200669,3.840182648401827,5.1913580246913575
AG3IOEGF2MNX7OC7JSUPYV2Z3ITQ,39,144,154,7.760479041916168,7.750326797385622,5.855657952786613,7.574577585186816
AEW6MP4UK3A3VZEC2BDQN3DFEKRA,22,84,58,7.199999999999999,5.8,4.0234432631807335,5.408360128617364
AHLAFGAYRM6P5V2ZPCAQHUHJF6ZQ,30,96,87,7.155279503105587,7.591775325977934,5.6760555552141945,7.073837954264962
AHFUOAHL6VL57NG6C5OMSBVVH5RA,20,51,59,8.41747572815534,7.82247191011236,5.044433217182202,7.10411122078809
AFVMDYUBLUG5UUET4DW44SA4OM3A,16,58,54,5.223602484472048,6.567567567567568,4.554835015527951,5.914831638194926
AFNI2C3GRBCPIQOT3H66FUQYRPJQ,33,92,89,9.383592017738358,10.463672391017173,6.7834662214569885,9.363211218249216
AFKYO43G5H3CT7ZVLIBWQW5DUDNA,21,50,59,6.313131313131311,5.282245827010622,3.9417969044922616,5.081751824817519
AFGILDAOESUJX3BCUY533G2ZZ5FA,20,55,71,7.543640897755613,6.1103030303030295,4.480095108749139,5.664052094498288
AENEBO2ESDZSB3GSHROPTRBAN2VA,33,154,144,5.773125608568646,6.587039390088944,5.272184959177025,6.518705454027966
AHD5FXGYTDXMFJKTMQ4BINV5SG5A,20,55,53,5.612244897959183,4.818181818181818,3.4118875748057573,4.423622047244095
AEL6K4LBMCUFFYE27NG3DWZMV2ZQ,30,98,100,7.514866979655713,6.165228113440198,4.487727610986727,5.920665189713677
AGR7754BCGDRLYBG47FPUV5LF7ZQ,34,138,153,8.265625,10.111879049676023,7.842305224551235,9.431508380323566
AHIYDVWOJNUPCTAMT4RB43P473JA,20,53,54,6.64066193853428,7.182266009852219,4.51254298642534,6.5675675675675675
AEGHFEHDKRBBJKOC4VDKBBSGVHDA,16,48,55,5.565217391304348,7.736572890025577,5.116722831264485,6.843926434381126
AELADMN45VGEJ7XYNZFIHRVMEJ4Q,40,125,105,7.793017456359103,8.197026022304835,6.0255946057474565,7.693649685973483
AHE2JHVJEQAFTJVE5RWEYBYJQUBQ,20,58,49,6.138686131386861,7.4334365325077405,4.83001778204296,6.650969529085874
AGM26HADKCZCTJ6Q64PRL2TQRTUQ,28,102,120,5.773584905660377,5.682715074980268,4.400615309702195,5.405408452037879
AEXHQUNUGGXB4VZG3HB6GFU2FCDA,20,50,50,8.223684210526317,8.012820512820513,5.144032921810699,6.906288156288156
AF7AZHZYMJA3HX76DCBRWLYSV64A,27,65,58,8.783783783783784,6.161172161172161,4.111967916989683,5.6348566811070455
AG4LYEIO3K6VCMTRFVYTTQI2TGWA,29,102,89,7.605263157894736,5.802930402930403,4.137210669253934,5.597891041997862
AGODPCBFEQIVP5IXCBODQQHHDTUQ,20,81,74,5.863270777479894,6.323325635103925,4.5462995397001755,5.939290419725202
AEUOFJ7IEGXHNGNVGLC4BQQ7XOIA,35,112,111,9.305637982195845,6.780957622454595,5.18626940142319,6.407183217615284
AF4LDZM3ZB3BISP6ZDDXMVEZDL4A,25,55,50,9.603174603174608,9.398496240601503,5.922773406062773,8.445945945945944
AGPGHXWBOK3TRJU7WACF5AAYBBVQ,22,71,66,4.937316356513222,4.95,3.6170431893687707,4.5517291078868976
AEESMMTHKZCT2BBJNQ552MGSQ7ZA,30,109,126,6.276281035393556,5.578355586788476,4.354972073615468,5.461316466097651
AF5OFZXBBKPHYIPULJVLJI5UITFA,27,108,97,7.1035322777101095,5.094206821873309,3.8229323820772407,4.936528494200246
AEP5ABC7N2Q334JAL2OVM3KGKQTQ,26,95,86,5.781550288276746,8.254464285714286,5.514547205322361,7.688149688149688
AFEXBW33YYARGAMJZ6C4NFS7GNMA,28,110,134,6.714761376248614,8.862783810463966,6.578767838977823,8.316857945583767
AENT7I5WTKU4GVGUL5A3XHHQ2UXA,21,82,74,3.978698224852071,3.79224376731302,2.857739866040362,3.6751677852348994
AGZRUASM5MP7E6RPWO7BBLI35YNQ,30,138,109,5.624335499113999,5.306386779812415,4.080995566448684,5.092588397513451
AGKEOE2JIWVWT6UZEVBCKLACJSYA,16,51,55,6.091334894613583,6.590413943355121,4.403202328966521,5.783938814531549
AEC26YK5DEVHDZ6CSRFPRNWERT3Q,32,113,117,8.610249494268375,6.713585090730752,5.051672650797035,6.4418880592503225
AGYVMHHIDAGERGBVGPGA66DTQVAQ,33,184,194,6.295277054667162,6.477796901893289,5.153360068068367,6.309472096856477
AGOMZXBPLC3ZTMGI34RLOE7BAFFA,23,53,49,8.69659442724458,5.208242950108461,3.40235808204855,4.717092337917485
AHIPIFF4MMM27YSKYX6TIGJ4DNOQ,17,54,63,5.975409836065574,6.83132530120482,4.759120060685471,6.300015873055866
AFKTNFUPXUYFIE7LVD6JENIGNDUA,19,64,63,5.26478149100257,4.375964718853364,3.2028744017344595,4.200000000000001
AENQKTHHXVJF6M44GGC7Y3II3M5Q,27,133,162,4.923183968828277,7.4135593220338984,5.473417207792208,7.079579689718589
AHTZM4LF7ZWBNUQNX57VJCI3UIQA,17,53,55,4.936731107205625,6.062124248496995,4.089564161037402,5.633147113594041
AE3335XF4PMHSXKTW5B7N7EALG3Q,23,93,77,6.191123836793127,7.552866242038217,5.307493421594771,6.854335260115607
AFWXUORRY42X76ZC4KAEA35KDHEQ,18,63,58,5.47448275862069,7.896713615023474,5.2562500000000005,7.097046413502108
AHDY5AR2HZ2ERNZYAHL4XNP6F4JQ,33,125,124,12.27415553809898,9.793630573248407,7.206675151637056,9.279424019393602
AHDX3TS4AXTZOTBRVGLUPOVXCBRA,18,52,54,7.308108108108109,6.451327433628319,4.538572902929878,5.926829268292683
AHRTKAPVYC27OK67KFWWFG2ORDHQ,31,121,124,8.332953898690949,5.815431164901665,4.610229544323415,5.624006186168348
AGUCGPUTHNJCTRYNXDH6XUUTQ2BA,28,107,144,5.337529137529137,6.167757287328969,4.799667128987517,5.963762356975392
AHH46XXEXUYABWIUPQ4EYXII4CVQ,19,53,49,4.919439579684764,6.650969529085874,4.174928490693995,5.744052013758923
AGZZB4TFHPUUSVW7DDAJWD5DJQCQ,14,51,59,4.18840579710145,5.1116005873715125,3.659590951382122,4.691383184122435
AHXEK642UJNWCB3LIGZZAKTONXQQ,20,67,63,6.938176197836167,6.115562403697997,4.277921115217906,5.6218243100905845
AG756GNHN6RVTR5NPNPOI7MQEQHA,20,51,61,7.0871934604904645,8.92326139088729,5.989081509218809,7.866807610993657
AHKKN6QCUWESPVFACIN3LHDWGBYA,30,92,84,6.510769230769231,7.652928416485901,5.590682862243977,7.334719334719336
AFB37VFU7TKHOTAJJBBEM3PAQPGA,26,122,116,5.121816930488644,6.218114602587798,4.780790014139193,6.195217039244696
AE5NL2CCHI2JLN2OHFGQW7OAN5AQ,29,123,116,5.459761818837965,4.620879120879121,3.544345993482233,4.518468770987239
AF2QRRCJVO23WI7ZJF2XIQZKIRTA,19,56,55,5.333333333333334,7.543640897755612,5.220089962496078,6.843926434381126
AGSL2AUNWK5OOXGO57MLCI2Y4MYA,29,130,117,5.795610425240055,5.640296662546353,4.425514381897691,5.41924754888478
AHDMZFFHHHXJBFMS66QIGO2ZJPDQ,22,60,65,4.545454545454545,4.741863075196408,3.323325991624349,4.475640615619406
AFVRIBVLKBXRJIQ7RM23F7ECXHQA,21,68,61,4.993520518358532,5.3081312410841655,3.681798900974643,5.0764361558576905
AG3PL3ZKFEYAFARQCM53WAMZWKEQ,28,76,52,7.201995012468831,8.39751552795031,5.42971887550201,7.595505617977528
AHZGQXTGR3WB6CQR3PP2TB2YPTUA_1,82,836,841,7.673766963854365,7.1174363257625295,6.349324365903809,7.0767730275910665
AGMDZD5WP2A4R7K3QWIFZQJ6HASA,26,79,62,6.747027027027026,6.2200647249190935,4.150295176385889,5.79790157609289
AFEYHZ6ZZCDYHVCZKIEDM2HZTVSA,16,51,52,5.011560693641618,5.140684410646388,3.632954838709678,4.760622404066703
AHQ2FUKL3LK7EPRG2PBVOTZYYPMQ,28,88,85,8.134453781512606,8.219567690557453,5.976013234077752,7.702567389863875
AHLQFNTIWIP7FPGINQZHVF42VN2Q,19,62,66,4.853535353535353,6.066852367688022,4.007067634680974,5.694127376867661
AEY4MJXI33M7Z5PXZG7QI76OJFCA,20,55,56,8.287671232876711,6.399999999999999,4.260869565217392,6.007751027598356
AF23OKJG2XO5CML2E4WV5YTOVGHA,30,119,129,6.191954525579363,6.115766262403527,4.8097398273690475,5.911557229245217
AFYBVGFQ6ZCI54XQFD3O2YJM5W6Q,24,86,97,5.7601246105919,4.721023582538885,3.348698982547126,4.565259582726831
AGVMS7YZXEBNNMWCQLDYDTFFYU6Q,31,62,58,10.56043956043956,6.701195219123505,4.344030082541947,6.094202898550723
AHRQERYU7ZERE3SJCC5A3X5FQDVQ,38,181,196,7.6419407511080015,6.695015684907635,5.4385155222051615,6.533334089191319
AFC3YIB2WZBWSVJ6I6QCIKE7DESA,18,51,53,5.569593147751606,5.4332688588007745,3.7893007929152507,5.154128440366973
AHAOL5P27IYGX3W5WM37ROVIJJLA,33,88,85,7.607072691552063,9.203821656050957,6.569441440853283,8.590963139120095
AG4GZ4MJEIPVMN4LDCQ447EGXNBQ,51,280,252,7.623492804356279,7.951915852742299,6.505244939322623,7.706796570529537
AETUSD4234J7JEUFY4YSBTHIYEAQ,27,77,93,8.155433287482806,6.478651685393258,4.5832231789601074,6.160259535362707
AFIWKQFKBOJS4NMLFADPOSOINXDA,21,73,74,6.0351075877689695,6.645631067961165,4.555362048855451,6.316040697736294
AFTG67UZREF6CWJB5JPVUKFFBD7A,26,81,75,6.841501564129302,6.851400730816078,4.971295364250727,6.377559218585901
AH4NV5I7WLS5GYM5NTQVV6KHSVNQ,19,50,55,8.503401360544219,6.505376344086021,4.157557054125338,6.1359026369168355
AFQFH6LI23W6465OC2D6OEAZMSSQ,15,61,71,5.56203288490284,6.200492004920052,4.646082949308756,5.861635832390254
AHVMR24ZUNPBWQQDPHLIDKK7JEFQ,24,90,79,6.240369799691834,5.730945821854912,4.18890046583595,5.375538329026702
AFNQKIF2ZSCH77LETKAKK2UWY5GA,20,78,71,5.036423841059603,6.821380243572395,4.879489783988289,6.496231111967276
AEJW6KVUNWGMCTIFTSO4BECQI4VQ,20,62,57,7.749999999999998,9.256410256410257,5.622331969182822,8.142857142857146
AFGKTVFPZXYS23VORHBJSTSTFAOQ,19,58,50,6.299625468164793,6.443298969072165,4.0545640665067415,5.787037037037038
AGUTZC4GHLTGYHA3KBEDRF6MHB6A,52,410,469,6.889909008935158,7.355817142092768,6.464777919697869,7.241045662625757
AHE23HN6PWWLKQ7NDYTGYXULFTPA,22,57,43,8.352185089974293,8.932367149758456,5.264838489627223,8.004329004329005
AG4TAKCH2CQC2IXXFZDWCWVU763Q,18,53,51,3.801082543978349,6.89920424403183,4.445396409382781,6.359413202933986
AG7IWUJNHZMME2XF34LOOM5GUIJQ,20,55,54,6.237113402061856,8.730538922155688,5.205296352583586,7.515663611000399
AHCBHETWEWAL5ZJTZHD4GA36CU3A,35,207,222,6.405890267603528,5.001420742845545,4.269748802508479,4.9303723462323035
AH3WF3ZOF2IK4PKXM4SZALUML3ZQ,24,86,95,5.9549114331723025,8.108715184186883,5.685050024877301,7.807099267773426
AG4RGSE4RABZVOY2VKPPY4IEIEIQ,19,75,64,4.525341914722445,5.988304093567251,4.310225941422594,5.626373626373627
AETMMFA57D47GC2J3TFXHF7ZEEHQ,26,94,102,9.542116630669545,12.68780487804878,8.8763769615852,11.663677130044839
AH7H7RBGD3CXY6TG2Y74FS5L5KTA,21,74,71,6.044150110375276,8.70639032815199,5.581271786681905,7.815503875968993
AEK6D2FUG7LLC6OLJZDW4QGNKKHQ,32,123,127,7.875585632483081,6.139703083365054,4.875546167355738,5.9081545286664205
AEFXBYTFC7GO3QU3KRELTF7BPJ2Q,24,70,55,6.786703601108034,6.922196796338674,4.675425038639877,6.198796521417804
AEI67WXFHB427HCYK5AMUELKVQKQ,24,98,92,6.070796460176991,7.666666666666667,5.401445277081231,7.26524140451392
AH3KSDVIGFMOTWIYHMGW2TQAOTRQ,32,105,105,6.72666259914582,8.233756534727409,6.1523797896162185,7.863770049191011
AG2RJO522NKWDGHD4TJN2QE75IWA,20,56,51,7.063063063063065,5.666666666666666,3.5654872283198853,5.181295460768325
AG4LXHSI4ORJEEBXGXTSQJRMFGLQ,14,53,57,4.112737920937043,5.730158730158731,4.106425589771725,5.317512274959084
AG3UP7TMMLHF24OD3JKE4UMYLG7Q,16,52,75,6.347417840375588,7.911392405063292,5.640798519434428,7.382004185073239
AF5VJEN5GA3ZLW3R547M2DZLGRFA,17,52,54,4.072289156626506,6.075,4.1064654217439465,5.586206896551724
AEM3CBNWLJNQVH4K7TYJKX5J7V5Q,25,70,75,5.751173708920189,4.947229551451187,3.5757424393788035,4.7110585809130665
AFSVUC3CTCPDM4Z426H4QXIBBDIQ,20,44,56,7.446153846153846,7.959390862944163,5.123348449043027,7.225806451612904
AF4P6A3SEKS2HCISWAKFZVIFM7NQ,28,93,111,8.244995233555768,7.822857142857144,5.694683820364436,7.333931169901917
AFMOYMIUNUZZKVZXHRPX5B5XUH3Q,50,221,256,8.338910705139151,8.177689044172698,6.681688076859273,7.939909788120977
AGJGNBN5KDI3JXHPRN4TXCIZPZYQ,29,70,71,9.760956175298803,9.215722120658137,5.694763747751869,8.529610829103216
AE2SNL25YBYOP6LTXBYYJKYCOZVQ,21,56,58,6.077519379844962,6.570312500000002,4.545333284767247,6.083202532307853
AHB5KUPK5G3TCAYG5FVU6FZTZNXA,28,85,85,8.778857837181047,6.201716738197425,4.5408840058032025,5.869227515364368
AGZS56ZTPGFUCMXBRIJ3OAGH3KZQ,20,80,51,5.765765765765765,6.652173913043479,4.399535895576505,5.951945080091533
AFREEUPTDM4GQPYLVA2EU546ZNNQ,18,48,69,5.619512195121951,9.138195777351246,5.972159643607347,8.456483126110125
AHTLWVDXSMG5YMVMEIWWOU6XBZMA,24,85,103,8.163841807909606,8.018896447467878,5.889963624394573,7.524117259754167
AGLQET6T4ZX4C4UXTNEMYHIWLFHA,46,195,188,8.485829056014282,7.757682177348552,6.31109082105907,7.408093476127682
AHSUULGJ3AVT2QRZSYMXPS74X5TQ,19,61,52,6.253781512605042,4.476821192052981,3.0104681998429617,4.166419753086419
AF7LCMKDXRTT5HLQRLC4Z7C2C2DQ,20,67,87,4.279313632030505,5.4728850325379605,4.0548118877298185,5.230912329082474
AFLXZMMB7MNWXUVL6GD3C3EOGPVA,23,54,55,7.290000000000001,4.242636746143058,2.793167128347184,3.8486067384812115
AHY5FPL6HYSJSWRQ4555NGCOHSYA,20,64,68,7.728301886792453,8.140845070422534,5.477380845926852,7.374819397244661
AE66JYJL4LIJZ73LXTOCMCNY7RUA,13,41,59,4.9587020648967535,5.499210110584516,3.9328898910184136,5.059603712318552
AFUHUI2URN4L3V3SJSUCBC4PMUTA,53,327,361,7.287466775710487,6.939719899888173,5.855518533940325,6.798883722469597
AHILECHCGMOAULUWIOLFPV2XTAKA,22,85,66,4.473684210526316,4.509316770186335,3.147171758876961,4.225028223075187
AG5O64JBMX5QU6JZJMV6A7JVA4FQ,23,92,101,5.918881118881118,6.654272667971298,4.920650451298681,6.30471883158926
AGJY27POQVYKPEBOBRR5FKI3NS5A,33,145,157,7.400563181978176,8.143045920052856,6.456341475901025,7.845010334622986
AEES3UCRZO7MPY3G3HO5Q5ALSQXQ,17,52,62,6.145454545454546,9.023474178403758,5.912939122227463,8.196497417618389
AG4CEAFRHGDNLJ6FREM7SVHAEOWQ,43,223,239,6.394368008229395,5.552736463497619,4.727077411892019,5.388265449779825
AFGEZCMC7GWCIWG7KW22B3MLXXDA,29,91,77,9.09001097694841,7.3107274969173845,5.114737183372566,6.918319719953324
AGFIRKQTHCHHQAUS5MANZ7YYIL5A,22,52,61,8.666666666666666,6.585840707964603,4.553911463213789,6.070211435338576
AE3VF6Z5FMD3ULQKEN2ZI3HAEKFA,22,64,64,4.934939759036145,6.077151335311573,3.89316671596886,5.520376061669464
AFDCBHG3LHGMXH5JJB66U6RAOWGQ,28,54,59,9.16981132075472,8.114219114219114,5.481029184538745,7.583877995642699
AH2HGXKZLDJ2DKPMA2THUBS3AF2A,20,53,68,5.562376237623763,9.755274261603375,6.759248461289277,8.790874524714829
AGWBBHNEZXSET4S7T4Q7WC2AFY5Q,26,85,61,6.784037558685447,7.339250493096648,4.988739433708341,6.632798573975045
AEPL634LBBKZD4WC2WJEXH4DOWLA,15,48,53,5.9381443298969065,6.609411764705883,4.597381342062193,6.080115065848963
AHRSEQIU4DBPAPKJDIYAWCYBYPSQ,18,60,67,4.931506849315069,6.3493635077793495,4.480364530411655,5.9853439739448415
AEA6QOWQBEDUOOAFVVJ7VWXATEEA,19,54,62,5.902834008097164,7.75,5.398876404494383,7.092250922509225
AGKMIMO2DGDJ6ATVBDVPZIKLAWPQ,32,134,164,7.1823999999999995,6.854230377166157,5.369114008531546,6.61974271805844
AHMVGWFDCQMISB55JP6V7HBSPXPA,18,64,63,8.533333333333333,8.919101123595507,5.793317183565487,8.002048655569782
AHT3P2X53ERZIBQSEDMVIFGDWVKA,26,86,81,9.655352480417756,6.515392254220458,4.739988622120263,6.008246796755959
AE5DKX6S7IETZBJZB6XSNNSSWKLA,21,63,76,8.839643652561248,6.795294117647059,4.7783318183785655,6.403673603838797
AGIFZG4G73RCZZEZGXE72QIKUG3Q,30,119,114,6.451480637813212,8.246192893401016,5.811904876095288,7.838462120506614
AFL5UCX37X6ZDHP2Y54ZXTK4TJRQ,22,91,78,4.707788516202387,5.772296015180267,4.225151080003237,5.530909090909091
AHUMYCBWTDRYTUVNJ3HFT3TQPV4Q,27,94,114,8.800796812749004,6.290416263310745,4.771314548712476,6.153409090909091
AEZGGDKCIVNXHMK7P2MPDSBOEPXA,37,162,170,6.496039603960396,5.613830613830614,4.568303333518133,5.471413128254536
AEFRTLVCVRALKXBED77KHPIXEPWQ,28,124,126,8.836781609195402,8.675409836065574,6.595514303204099,8.162470023980816
AF7DLIT6G4ZXHUYRJ6PMU54YOZIQ,25,85,91,7.305358948432761,5.114885731933294,3.649144116350815,4.871178156117009
AH6MNHAF6CNYVR24VC2W63NQ73LQ,21,61,41,4.801290322580646,6.112727272727271,3.4803312629399583,5.457849741205738
AFCZXK4TAXLJ2IOARDVBTRPTGVEA,24,56,47,11.280575539568346,14.251612903225809,8.151291512915131,11.156850241052982
AEBUSUYITDLQOHRYTAWUQPQQP6FA,21,70,68,8.085808580858085,6.9221556886227535,4.621258498023715,6.40443213296399
AFRIHIMQXJL2HQHYVFBD3CEUL4LA,22,62,52,6.025078369905956,7.1157894736842096,4.506666666666668,6.303064551184526
AEQB5R3OMKU6PARIWL7QTGAO56EQ,22,63,60,6.517241379310346,4.663212435233161,3.547878341353349,4.384955016972489
AF3VSWDL4IXSKFT7GK6MHLHJ3YCA,19,63,59,5.93273542600897,6.506542056074766,4.344738021572413,5.821086512137761
AGCSVME72JRLXHMJSDW32VS4GUPQ,26,86,71,4.898013245033113,12.20581113801453,8.039872408293462,10.612631578947369
AF76KDPEJFWGPMDFYXH6QPWZXAMA,15,72,78,5.433962264150944,7.124121779859484,5.050252033451712,6.851351351351349
AGNG4NHSBORIRTXIYJTSXQ4WE75A,19,67,82,6.140902872777018,7.3406113537117905,5.17191043365237,6.74423948298203
AFVRLJBDC44SIHVQUUFTON77M3EA,18,52,57,6.0357142857142865,3.817861339600471,2.6784830997526794,3.5821389195148847
AEFLXPJNI6KE4H7FSER3QVORYN3Q,21,63,55,6.096774193548387,9.983498349834985,6.443160724857668,8.949782481202352
AGXEDCLA5ZKRRY7ZR4KYMI6PR7UQ,25,55,58,6.797752808988764,8.285714285714283,5.405776517090953,7.4096916299559465
AGUIFPJG6OOTD73G6OGOZZJKVUJA,18,51,58,5.050485436893205,4.751412429378531,3.350264548169152,4.491393816667616
AHBGMVTXWTS4YMVMWUUF77UAH24A,15,60,47,4.109589041095891,6.594029850746268,4.530480262372794,5.938214954148992
AEWH45WQQ2EQKJVI4CXJYZ6EO54Q,33,108,80,7.724503311258278,7.256235827664399,4.937133754338056,6.744008385595253
AGEIYPBPLIGXZSL4XER545GA3BPA,22,78,71,6.499999999999998,7.110014104372357,4.839699937874769,6.538261997405966
AHJQ6C5MUA2YVQBPMHKLKNU5FH5Q,22,58,68,6.728,5.314942528735631,3.861798587885544,4.96137339055794
AGLNOSRFRMEFOJA5DIGMB2PTCOUQ,22,76,85,6.639080459770114,4.610721123165284,3.484450420895128,4.408182280795604
AGIS3QL3LUEQWKF3YKHLLWDD5BJA,32,128,136,10.252816020025032,5.411351667641896,4.370304046154039,5.224858757062146
AH7E66O45SE5D4T5WCFQVFTLRGQQ,40,233,220,7.1049600837586695,6.725958866036688,5.6023806039658925,6.666667172602598
AH5NINNNCAEUVBGJKDHAZURTTBQA,19,51,51,8.472312703583059,7.539130434782609,4.5703769479130445,6.808947184474005
AGK5M7PJONKQKSVKWV2FQCFCOOKA,18,96,97,4.376068376068376,6.6400846859562455,5.06568765961993,6.336038428801467
AGDU4N5YF4PWUEJSUPMJUGYYJLSQ,33,130,143,8.6489252814739,6.693617021276594,5.293849970062442,6.5186510398327755
AG2UR6JQMEBF72N3HZFO7TT5QU3A,28,90,81,6.617647058823529,5.720139494333044,4.382473151773861,5.444828277276983
AHN7ZNTYXMAVJEVKSXMDL7Z5XMSQ,30,90,74,6.9230769230769225,6.966921119592875,4.884576244683513,6.44238860837984
AGHTBCYBCNVYNX77FWJNDWGKNPQA,20,48,55,6.939759036144579,6.160896130346232,4.204917421223502,5.591497227356747
AGUKR7YSLH7M3MNLWSCBRHKITO2Q,26,115,115,5.3738317757009355,6.194379391100701,4.837771664821192,5.87517123061253
AFBC7S4I7ODTCLTS4337MA3WIGLQ,21,51,49,6.8992042440318295,8.194539249146757,5.313508951914486,7.297872340425534
AH5EINB35PM6FR4BXP2PIIEYSQIA,20,53,53,6.901719901719903,11.281124497991968,7.1369936857977585,9.719723183391004
AEJKZRNBES64Q4UGI2WK6DEPL6OA,25,133,136,6.369823550594167,7.784511784511783,5.954598566918612,7.574124654557162
AHDEQBPVWOX6GCIHAA5O55N2QJMQ,33,202,164,7.381331403762663,5.152490421455938,4.1985638463940065,4.994618976350257
AHEKQAHVNYETC2ZEUGADNIQ5Q2FQ,37,134,108,8.044802867383513,6.394736842105263,4.731860530773575,6.087689305408913
AF4DYER3RDNQZKAOZABAI6FX6XQA,16,58,60,4.8895348837209305,7.407407407407408,4.8510999043561425,6.666666666666667
AE7QGCNFEZNNTW2AS7G73PQNROQQ,24,89,95,6.116602316602317,6.333333333333331,4.662883694359751,6.028993145192421
AH4CNF7LKO5RQ6NTJPKW3RQ3MZRQ,26,90,64,6.026785714285715,5.461333333333333,3.6808408592275117,5.05679012345679
AFJRFVE66PTXX7CQNGTJORDUDF4A,23,47,61,11.940540540540542,10.541076487252123,7.004913318197017,9.142506142506143
AG3ISIU76VZMJ6YYN5W5NE7H5HGA,18,51,58,5.430062630480166,4.558265582655826,3.1965119449027917,4.290816326530612
AGKFAOJX4FPADTOHRIJOBP3JNL3Q,25,101,102,7.0889506601806795,7.463414634146342,5.35102849002849,6.991948115295328
AGTRCMCTIQUK6YEIYP4QH237PF5Q,28,91,72,6.297338403041825,5.837837837837839,4.159847961476726,5.4741349318917765
AFCAUNXEXP5SF62HUV5QMK5C52EA,18,60,73,5.538461538461538,9.99812382739212,6.71422140132604,8.911396157191076
AFB3KH4ZJDZRVGGOBRGYN5AKV4QQ,24,57,45,8.950413223140497,8.999999999999998,5.456757694225447,7.641509433962266
AHX76HXXATA543E7AI2D74VRWB7A,22,49,54,7.720257234726689,8.055248618784532,5.419070631970261,7.253731343283582
AEUJ4VPOPXO6FRNSQSMH23N6Y6GA,30,104,89,6.603174603174604,5.504517025712301,4.056693426674142,5.204338646128635
AE5R3WBD7BSSWJ4F3PE5ICQHUCDQ,19,61,45,4.981258366800536,6.192660550458717,4.073630157699706,5.704225352112676
AHYBVRYZF2OCONYWPPHVFP3LOCNA,26,96,113,6.554765291607396,7.226372382569325,5.52264224875745,6.828344198674311
AGZYMSCZZ5SPWHX5AVWTP64TY7AA,41,198,182,6.527472527472527,9.357062146892657,7.231998864476402,9.085035619447389
AGCMMNN6UP6PEIA2CUIEWOPS2YNA,24,68,77,5.680589680589679,5.089270386266093,3.726587052168448,4.974024794929813
AHC2NI7LIVUJYCFAIXBPANTPTPQQ,17,72,65,6.6632390745501295,6.334332833583208,3.9430866395278428,5.819570269885689
AHVSRNKOWB3QKDODMMYIBX4MGZXA,28,118,99,6.161061946902655,5.922054380664652,4.61336392887139,5.711555918247586
AGLJNYIBT53AKXTT73UKKGEKGBGA,25,89,86,8.7718715393134,10.021680216802167,6.7834638049956455,9.097184735115771
AGBULUCAF23WPOCKVOFW7TMRG5SQ,20,68,83,9.066666666666666,8.390986601705238,5.737699569863235,7.784180790960453
AHUCMSY4AYIOE6HKJH5XXJHTUPVA,16,43,57,6.822878228782289,8.102244389027431,4.914538509457083,7.468965517241381
AG2ENDOXZQPWVD6GBNEMEF6JTPPA,24,72,64,5.0724070450097845,3.6702508960573477,2.5891276864728194,3.4420168067226893
AFEIPKBIOZMB3IVXRDPT6QOGHASA,18,59,69,6.204991087344028,6.175097276264592,4.462043111527648,5.799059992255618
AH4WCDJFTCUPPOWQLRZNNTKQBXQQ,27,84,74,8.54237288135593,6.678048780487805,4.778359511343805,6.20159345789598
AFBGMFIHIE67WDM5T2PISCETNZBA,23,105,105,5.949811117107393,4.863255403617114,3.8143678105679784,4.64406148113647
AFN7FWLATHQSECJ5A3RVB7O36UHQ,23,64,56,7.641791044776119,5.074433656957929,3.46864365391002,4.673631840796021
AEU5M6JCO5KF336DF6TDB5FVY3TQ,31,109,111,5.4127562642369025,4.78114086146682,3.604384365979247,4.758980301274623
AG3AVVQWEAP4AXNUT3EZ6QK4FOBA,34,121,133,8.438616714697405,7.205295315682282,5.511794762688725,7.044603743528474
AF4GIVSP5XNFHPDX2IOFMUQ3EAIQ,29,87,99,10.025165562913909,10.782178217821782,7.709439413160393,9.940172496258466
AHFJDIN4IJQSW5KVUA3I2XKUYP6A,51,368,360,8.015151515151514,6.584027636659218,5.5213220479474945,6.443274361221972
AE7L6TFFDGW4ABGV4TQ4ZBOABXTQ,25,76,56,10.02777777777778,6.588235294117647,4.1241666666666665,6.1976284584980235
AHP7BUI4D45CYAPTKRACMKC2XXSA,22,73,75,6.587144622991349,7.183908045977012,5.261435724898004,6.6176562182093
AHZ6BIV3PNMZA33V3QM2AX75PCYQ,29,72,55,8.697986577181208,6.160896130346234,4.206648739677352,5.762239259240445
AEFDGIRF3LYGCBIDRYDTH432OCSA,14,60,61,4.017857142857143,6.253781512605041,4.082305063817666,5.595488721804511
AFGM6B54XANJUD63MYIAYPXTR23A,15,55,63,4.481481481481482,6.5387149917627685,4.346731905266372,6.087437632761944
AFIHEN3RXXPCERCJVKVQR2OTYB4A,19,65,56,4.964747356051704,6.506224066390042,4.338781914134931,5.928187535734706
AF3XL6NAZUIRBPWC32GOBE6WCQ4Q,18,53,68,5.330170777988615,4.982758620689656,3.5839421060829353,4.7136016758940595
AEJY24XTMIMXD5G7KDKFUTUJSGYQ,18,55,49,7.117647058823529,8.365853658536585,5.297901179107434,7.34250764525994
AF4DEGIQ6C7TB4CHIWRXZACZOH5Q,47,266,258,6.3640942615578355,7.20233715645964,5.973243119632075,7.020778477007735
AGZZXSMMS4WRHHJRBUJZI4FZDHKQ,63,1057,1039,7.295748251565592,7.2940115269491415,6.607273838248251,7.314423455192111
AGG2BATBE7D535HKUBX32J3GQT2A,26,109,90,5.937531234382809,6.449044585987262,4.585345183802148,6.18320610687023
AHS7HSTNO5ORIHDOY222WWITN6AA,19,62,55,7.75,8.379501385041554,5.313570719034156,7.776349614395888
AHUXZHGF64SVOMETLDTARSRD37WQ,20,49,51,5.987531172069828,7.048780487804879,4.56723002813772,6.422222222222221
AHZUGNMXZS6QEGBMVOIX6HDAPGHA,34,181,186,8.692226054656407,7.722321428571428,6.177273323621754,7.473755569444164
AF3YEJ63COKWZNJHQ2JQP5B6AQ3A,54,455,480,6.852182835203389,8.108678820299852,7.140754349171512,8.106967286038197
AG6R6E7V6BAR3QP5LEY7RNMGDLOQ,18,56,58,6.0540540540540535,7.25,4.928987337480717,6.714597609561752
AGZIBDQ3D7BRKY7DVKB76XTWV52A,41,189,179,6.643295517946813,5.95004642525534,4.764319356765174,5.83624791677028
AFCB2RZXCJKPRGE44SMQQUEGXHNQ,22,54,63,6.657534246575341,7.531309297912715,5.078733867403943,7.0123893805309745
AGJVKDYEXLVUSML3TOBXGQOOOL3A,24,89,87,6.707027942421677,4.652120467117393,3.561547746801868,4.387849680519181
AFWNPBOKTPX5C4TKH7S35X27ICSQ,14,53,54,5.370936902485661,5.951020408163266,4.048881215469613,5.586206896551724
AGTDSYZFQTJXWDV2UIK642M2WSGQ,18,56,76,4.930817610062894,5.299082568807339,3.845283593506529,4.924158381301239
AHOHXQZCEU3KDM3TPKZRNCJ3ITVA_1,36,120,97,8.480565371024737,6.842909090909092,4.865317956780226,6.547668754349338
AHAS2LMQPE7IIOHNA4T7VMF7X7PQ,21,63,94,5.20183486238532,6.248939179632248,4.660337552742616,5.9864938307873095
AEUTQXGWATQAYOKDGV4QUHODIJWQ,26,87,78,8.38205980066445,8.005263157894737,5.479120050282839,7.383538643714317
AHEQLVKBTZMVBMFTEKGE4OT2AVMA,30,98,76,8.909090909090912,7.4051282051282055,5.107059638322433,6.811320754716982
AGULCZYDH3AYLJNW4UYR4SW4EHQQ,20,56,63,6.272,6.926701570680627,4.8819188191881935,6.250393700787402
AEBXQ4RSEVDK3FFEU4TKV3Q4HFBA,26,96,116,6.83679525222552,7.568053993250842,5.8471649781300234,7.165077348818217
AEKY7KSHVOAC23ECEPRCZNZM2ZSA,23,73,64,5.3024875621890555,4.551111111111111,3.378429908564627,4.275574112734864
AHNX272ZGYILPMX4YYPWIWJSOATQ,26,50,54,8.741258741258738,6.394736842105263,4.334240033222591,5.890933133080841
AGT2J5VMSZM5773CHEA75GYTC27A,19,99,109,5.478479597540524,7.699935191186,5.767226711109254,7.196255260388064
AE4I4MNFZ43RH4CS7YWJIXCBNDGQ,22,75,53,5.017841213202498,5.211502782931355,3.660430500063086,4.919439579684764
AFYGKU4M4BODTPVSRIQ2UYZYEVDQ,33,151,153,5.695978016487635,7.769332890806507,6.145224255032315,7.498078924308418
AGITFK7R4LKOXVZZGEVWU56Q27JQ,15,51,59,6.091334894613583,4.994261119081779,3.5979509059982484,4.691383184122434
AH6OYHXQ36UUE5V47JCRS4QMF4YQ,31,80,56,12.955465587044536,5.560283687943262,3.476333810803917,5.08277818640328
AH34IE3XCS3PQZNVMAVRSHO2HYCA,14,53,50,5.518664047151278,6.3775510204081645,3.869969040247678,6.009615384615385
AGADKXWLAJJ4FGWIDIWAPJL5A6HA,37,170,145,5.69794952681388,5.961156790473489,4.875485079759464,5.806407069870201
AGQT4X6P3ABL3TXRTZ2HYBN6O3BA,25,63,69,7.706796116504855,6.064968152866243,4.239160106856634,5.568421052631579
AHCMDOQM5XKXD3ZUPCQR7WTPELWQ,21,106,96,4.793515358361775,5.345707656612529,3.9105306122448975,5.088977190401968
AEOOVQ5EI5SGDG33AOQJA2YYSEDQ,27,119,99,6.752980448259418,5.965307364576993,4.539877709169594,5.671876899500098
AEA2HDZHGSH7YNGJRXBU7V3PYNOA,22,59,42,8.229314420803782,7.112903225806451,4.7406675866827666,6.345323741007194
AE25OEQL7PJ54QK4BI34RVGGGTZA,12,61,44,5.118294360385144,4.380090497737556,3.082313214032959,4.136752136752136
AGIATWSO4UFBJ6NLPLWCKOFZQLNA,20,63,59,5.777292576419215,5.4475743348982775,3.930702341137124,5.195626555221645
AFEJNRZKWZHMHVAWX3QYVAYQHF2A,18,68,73,9.796610169491524,8.58132045088567,5.722728364072903,7.894884125182992
AE62PKTOZMZ6V7PSWCG64TXN3HLQ,18,55,47,5.260869565217391,8.800796812749004,5.3154120933382245,7.7238706522403575
AGUM6ILPUWROHTXCZT3IKC6Y3ZBA,25,119,122,5.8832571665974225,5.878357030015798,4.64604504683027,5.722422068730644
AF5FVSH64VFIXMJXQUVRYMZSFHAQ,15,53,48,4.7051926298157465,7.384615384615383,4.719392243102758,6.658959537572255
AGGGCNJX7HDMCBRV426AISCYBVXQ,19,58,57,6.701195219123506,3.4973089343379975,2.4636883867285557,3.242518199646814
AHTUN5BJJ5WONFRZ5UPNNZSHFPXQ,29,105,81,6.677771047849788,5.295399515738497,3.7683076278198864,5.043055730336283
AGDLOI6SRE5LOL4JECVULVETC7AQ,32,103,89,7.021178027796162,5.8199853049228505,4.131977047470006,5.5781717804859055
AGOJHYXWDQSLYLRW7ZBV2RGMQ7FA,25,79,71,10.632027257240203,4.8989310009718166,3.56708315415731,4.641808723964405
AF4PPTRCKDJDOQSJW42JPRBVXZVA,36,178,170,6.793310463121784,5.2374048568321845,4.058363604756166,5.071077746153458
AH3DXJGJAMTYSNLOUNSCV7Q6TTZQ,24,76,77,6.747663551401869,6.551381215469613,4.4920461717388624,6.1955105352176645
AHRMBLWDL7YBLD2ESB4G7DHCYDVA,18,50,60,6.443298969072165,7.114624505928854,4.924931506849316,6.486507544866634
AGYGR6FRSQWRJGITKQU6K5BWV2QA,20,54,53,6.688073394495414,5.938689217758986,3.9597079194968843,5.486349053760734
AEEYABBPOWJ62NLOMVCVJFLHMU5Q,24,88,87,6.562711864406779,9.064670658682635,6.472018884804003,8.485436673566571
AEODZ5C7IADRBNGHW2UJ2GFX2YLA,16,63,69,5.598025387870241,4.0588235294117645,2.9148954755045655,3.980772013716299
AE5JVVRPCSSPCMAMVAUCAOY6X5GA,26,70,74,5.1255230125523,5.800847457627119,3.6229577707061154,5.4110671936758905
AEICZD35OTDYVWA2KPYWN4PDZ2SA,85,982,971,8.022795720394683,7.559358588895569,6.921915518803159,7.4760417248865245
AF42C7Q3JVLKUYBZI5GOCV5MALTA,18,75,67,5.321665089877009,6.515239477503628,4.718325586699255,6.099196042053185
AGF5AY36NH3OVZDDZ7IUBWFWJ34A,23,68,76,8.083916083916083,8.968944099378882,6.373178807947019,8.298850574712645
AG6UA75PNCAYQ63NX7IBSZRSWIRQ,19,52,59,7.041666666666666,9.4850136239782,6.180767556019185,8.387951807228916
AHNKDBHACVEEW7UKCHNBYDJ6RLBA,22,89,102,5.543037088873338,5.522292993630573,4.276910290507365,5.393469567647754
AHBZK7HDHJL4257LJI5UDHQIS4JA,21,66,61,5.43142144638404,6.493891797556719,4.349034986543638,6.170812603648423
AHPZG7IM7JBVYKKN6IH32JZR7A6A,16,51,57,5.191616766467066,5.983425414364643,3.9472736109576947,5.42410053595766
AGUWB3V7ZYWO5A2KGSBIFP46C5GA,17,44,69,5.499999999999999,4.87308085977482,3.5290197141397606,4.686028161646105
AGOGOL42K2ZH35WKFK55FCRVNRIA,45,415,427,5.911680911680912,5.735600364906099,4.859010408370023,5.653262731706951
AGPUNPZAPRZDR5JRZM65MSSBV77A,27,68,81,6.3516483516483495,5.631759656652361,3.8637605012849896,5.174293439016608
AFPF2CONJ33FNFKOEQ2TUNWQJTFQ,41,221,244,4.940920586747598,6.013737373737375,4.970072909592896,5.922803542756808
AG6Q352FLUBRJFHXPWTSR6X7NU4Q,21,58,53,6.206642066420664,6.146608315098469,3.7903130068675166,5.779859861555073
AENAIARCWP2IDWDPTAXFFX663F6A,16,52,54,5.408,4.177650429799427,2.8805737825853996,3.8828297872340434
AHT6AM6BNIZUHFJB5V2M6XM72G7Q,22,66,54,8.74698795180723,7.633507853403143,4.875441471571907,6.861214456550625
AE4MBJ7U7NIHOXS4LKA55OKCHASQ,28,93,84,7.130255564715582,6.103806228373704,4.437179044056723,5.741256852307936
AHV6ORJZ5R7D5AE4ACP6JWJJGKYA,36,124,122,7.335877862595419,7.382936507936509,5.736535520011644,7.118139951036895
AFHILCC5WFKLYGRZHHUQCLQTKNHQ,40,265,243,9.547926580557444,8.872877535687454,7.329835470477702,8.678576115192875
AEHW3XPN4OAJTCRSJFMQM3GB2MSA,20,71,74,6.676821192052981,8.97704918032787,6.030174275064144,8.411694195375176
AGH6XOPLYMOYQG3SUZB72TDMRGZQ,24,75,77,6.443298969072163,10.135042735042735,7.220803394491205,9.456140350877194
AF3KNCUWGV462QPTKEOS22ZXRBLA,22,54,51,6.151898734177215,7.4102564102564115,4.718807082945014,6.518796992481203
AG6ABWJ3MV5L42D4Y7SZZQJPGWPQ,19,55,48,6.707317073170732,5.847715736040608,3.7396545202370444,5.3457364341085265
AH2MHUG2OX25OE2YQ56VPX3Y75QA,30,101,96,6.6891803278688515,6.7565982404692075,4.744649607858671,6.587565910484364
AGTAEHQD23OXPBIQ6XULCRAM63QQ,25,109,101,6.127385250128931,7.040027605244997,5.26584867956817,6.602588996763752
AGEK6YV2JNA3W7VGTJ63QRZ4SPIA,28,102,91,6.091334894613582,8.47594677584442,6.212303075768943,8.008711552581243
AFAI3A7XWPRB2BRZWPRJJO5FP45Q,25,76,89,5.1849192100538595,7.015943312666076,4.756503253702535,6.524716124019962
AHG5OUYNZPXAKJULNIA667MM5SJA,37,141,122,7.539249146757681,8.891278375149342,6.734233242181593,8.447219069239502
AECVZVINWATH26RZLF6GHX5RLD2A,26,77,71,10.347294938917974,6.17013463892289,4.334479793637145,5.748004561003422
AHKULNJ7UQDGZ6Q2GLJHZTEEDW4Q,35,154,169,7.481388012618297,7.738011379030073,5.873738067951704,7.559862912339998
AE74R4MXEU5OZLFWTEMEOKFLHBHA,21,64,59,6.041297935103245,5.516640253565767,3.6835978835978826,5.258320155712697
AEX32AJWO2E7MT72BBNSUKH6PYYA,42,145,113,6.895703509347327,6.237909135319979,4.867719353596721,6.048797471095526
AFHFMYCNLONPVUHT3JZFYLIEGX6Q,26,99,80,7.408163265306121,9.726443768996958,6.852248394004284,9.026816264820562
AEK6S3VTX6ILWLZYNGHE2KH3AQUA,27,79,64,6.272361809045227,7.529411764705882,4.905520080422781,6.954179637956877
AGS3Y3DFMQG2CJ7H573D2IBO6YVA,26,75,71,8.024251069900144,5.748004561003421,4.224775966179768,5.545654565456545
AHWS6KEYMVXJ2QBO7XVMWYTEO2GA,21,72,83,6.578680203045685,6.372802960222016,4.824603555260267,5.969675193265827
AGV4A5OW3D3DLCXUA732NUNSJDYQ,18,54,58,6.024793388429751,6.701195219123505,4.595002307887017,6.206642066420663
AH2EBJFQ2TGA23CPYUEFFK4YTANQ,30,134,127,7.910132158590311,6.002605135839225,4.7367185293127605,5.7665385222552645
AGTUIPPU5SQY6DTRYVR64YTJXG2A,29,79,72,8.979856115107914,6.384236453201971,4.513382198952879,5.96554865775367
AHX27EH23JDXSDH723OOHC2YDF3A,19,54,51,4.976109215017065,4.256955810147299,3.2226499280859837,4.128581830642053
AF757ZS6HFSVQZIIC76AVBND4LOQ,16,58,46,5.6632996632996635,7.503546099290782,4.702222222222223,6.760452392617998
AHEIY6MQYIUEKH3FLQQVRDJ2LUGQ,23,56,72,13.517241379310347,5.562231759656653,3.8565705807545565,5.322381930184806
AEZ4UQPUCMYPEXDR3BCTZ22Z2M7Q,22,56,55,6.101167315175097,6.3417190775681345,3.9229684403749774,5.6754221388367725
AECSGWJW72T7RFUOONY27ZIESABQ,21,48,59,9.846153846153847,6.4343807763401095,4.503234152652005,5.870151770657671
AEGWUKP4FG5GISCFLDOSG5W2KMWA,27,143,129,5.552267173499862,5.756139744033206,4.443287648401835,5.625776723168543
AE4YLXZ3JT2F75TQTRY6BL6UD6UA,27,79,74,7.215028901734104,5.633744855967078,3.8606939034691217,5.395079128422557
AGOVEEK7OQXMIF4I4UOXGD732XWA,20,49,51,8.30795847750865,6.120000000000001,4.057091247880086,5.593548387096774
AFTKKVIGT534WZS2NTESMPVXC5AQ,23,66,48,6.660550458715596,7.1552795031055885,4.570525127046866,6.4
AH2C2OAE2Q2GOAMSCXS3QV6S52MQ,32,109,111,9.007581501137224,7.329565734681736,5.486495354883362,7.04459691252144
AEVNT7PL2427YXOIWWPUDB53VYUQ,22,54,55,6.75,3.94393741851369,2.6791253654361076,3.7207872078720783
AHYCX7ABSJ7I6FQ24IAUWOGHIJVA,21,62,58,6.025078369905958,5.922535211267605,4.013366288924539,5.322784810126582
AEOMTF2KGPGBSLSLN4YCFUVTAQ6A,21,54,50,9.000000000000002,10.245901639344263,6.248445273631842,8.928571428571429
AE4CGVZRXIAQDALP6UN3FMJF6NSA,23,67,62,5.350417163289629,7.813008130081299,5.082654251551888,6.926148611796483
AF5WMXTKZMTL3EVJMZM63ILA6H7Q,20,69,72,4.699901283316881,7.043478260869567,4.98318576261215,6.612244897959185
AF4CNAUOROUP6WQEHMP7DWVB3KFQ,17,60,59,5.232558139534883,6.139329805996471,4.3103467371125355,5.715927750410509
AGNVPG5LUE53WJT6YZYDOAVGNITQ,26,66,76,7.308724832214766,4.3104477611940295,3.379197696436338,4.182496203763517
AHNRKRI4TADX6D5B32WFKOWYSWZQ,34,79,91,9.031837916063674,9.03053435114504,6.441833366903998,8.373138387329941
AGLSDR7Y4E3V4XVRFSFQPOUW5IXA,20,46,56,5.425641025641025,6.968888888888889,4.465343570428316,6.4793388429752055
AHKSD37M6YINFJE4K4K4QAAWWCRA,22,50,56,12.755102040816325,8.166666666666666,5.405044874822863,7.556670382757339
AFLJQ7ONRNGXUCA67XWGIN4OLJAQ,33,106,116,8.737169517884915,5.297637795275589,4.074859468477371,5.043489597381813
AH7OXGKTTNO2MZQZU3FYKVJBRD6Q,16,55,52,3.9336801040312093,5.044776119402986,3.576247713978584,4.646048109965637
AEOPWB7TDB36DERA2HILFN3CV7RA,13,50,54,3.6873156342182893,7.401015228426395,4.779546769527484,6.657534246575343
AERIK7GJLZAGV7WSQ27O6LPAEVHQ,28,99,100,6.238701464035645,6.188118811881187,4.7591756254085835,5.8309057725627165
AGR4OEGODMLQE34H55CCYHCOS77A,14,39,63,5.612546125461255,8.42675159235669,5.645002875215643,7.782382861910273
AFSUY5CW67K7ZLKUOEWM7QFRKJ2A,16,73,61,4.160031225604996,3.832131822863028,2.8707449483491945,3.6409036815343097
AGZMKHWSCB3UXDGFUPFRZSL4EAWQ,22,114,122,5.442211055276383,5.620845921450151,4.545015513217337,5.398628082472925
AF6NUKNPSTZPENLOA3BIU3HBUDIQ,23,144,138,5.67487684729064,5.852489244007376,4.654811927673043,5.664487429930355
AGKR5EPZEW4FQQAQBUXQBXMAFLCQ,27,73,87,7.211096075778079,8.770567786790266,6.077095953535254,8.035040902088546
AEUMFFNJZVNADPWYCH7Z36YXNHAA,25,70,96,7.379518072289157,9.384928716904277,6.677777637953815,8.50187395962051
AHDYWEPU7QZTV4THNKEIDLINVXFA,58,549,567,5.616342122426163,5.6467953559447075,4.852043427668845,5.648184324607792
AGVZL5MSRHWZ74DPTM6PFQYFVTAQ,67,507,544,7.6751664626317515,7.944164071727694,6.927277355462427,7.7925059958709255
AFJOLC4LQCWSFSV76IYDJMHB7I2Q,25,62,58,6.537414965986394,7.344978165938864,4.565196488294314,6.622047244094485
AH7RZZ47LJVL4ASHAYKVR5DZCTGQ,27,108,107,6.48,6.028962611901,4.544697272587236,5.820538891713269
AH2JKHXWYTOQT3N2FH5QPJWKSRTQ,41,231,244,6.923705722070844,7.8233902759526925,6.382509841515908,7.5678150453755695
AHBQYAFF3P7663IHYQ7KCE75NQBA,33,148,178,7.756373937677052,5.906785980611484,4.696711334169949,5.830715366325733
AGPZ7KMTXF7ZZSQTQ5346PUGGAFQ,23,56,63,6.0307692307692315,5.520166898470097,3.808734726631442,5.154554148345673
AEUNI3OFLTJG7LZNVHXLKXSOLO7A,17,46,66,6.571428571428571,6.152542372881355,4.33566206686026,5.599008723235528
AH76HZ6TQ3JIMFX3SIWCFBPX2JZA,24,81,69,9.522496371552977,8.110732538330495,5.669303055015369,7.2909647779479325
AE6FG3OZWHGNTIACGI2DEQTDYB3A,22,54,46,7.043478260869565,4.660792951541851,2.9307479224376736,4.454756586178775
AFKZESU3PTCQ2UVDBDSFVFTXBFNQ_1,50,605,572,9.404306158629018,9.462201399733937,8.278907244322976,9.398328280518614
AFMIL52ZUYM4HYTD22N4TUTTXTKQ,23,59,55,7.787472035794181,5.242634315424609,3.529344044729224,4.85558776167472
AGU35OCWVSLJ4FQ5DSUYXP3FTUFA,24,94,80,6.3936324167872645,5.893186003683243,4.143936283231984,5.536332179930797
AFP33S7JOLTWY4WO3HHRVGPYBSLQ,18,51,58,7.048780487804881,7.442477876106197,4.802329979879274,6.782258064516128
AHP53RQRBGPN4HDCVNYBSEOHRCZQ,29,95,73,6.360112755461593,7.391123439667131,4.963702784303452,6.858429858429859
AEV7JM37E42KJBVSKJZASPXE3YOA,21,55,57,5.316344463971878,5.875226039783002,4.025029450996751,5.451357628478528
AFUEDRMVN3NGRUCH6QBYJ5ERROSQ,25,69,72,6.603328710124828,6.291262135922331,4.099656220813545,5.972381938361073
AF4OT4JFCWDCQYYUSABLCT6E7MCQ,26,79,85,6.387922210849539,5.511060259344014,3.8640629678986906,5.153375949776022
AGU7TAN3F323XBPIBTEW3TDAF32A,20,62,58,7.9421487603305785,5.322784810126582,3.729077467966957,4.925339987309426
AGJNUMD3ZCOGO6FFB6NAVV3CYP5A,29,105,85,6.677771047849787,7.146389713155291,5.213627707903329,6.7651295503502995
AEH5Y525F3CTRR4KHLJLQTCFUSDA,39,309,298,7.0627265330275915,6.648001197784099,5.689756977528151,6.513902934213304
AGSTDL3I5TMKBYCEXDKCEC43ETCQ,23,59,45,9.088772845953002,8.920704845814978,5.622995410808964,7.941176470588237
AHIQKES2DS4GEDPKHAZMGCS2HHMQ,16,57,51,4.813333333333334,5.593548387096774,3.5970141651166117,4.992322456813821
AETKRATU4ECDMBCIQVTPGFWAI7WA,32,121,108,7.582081822889695,9.671641791044777,6.795233734978812,9.027863777089784
AHGIDR4IJFS23Q4GTZ33FI5LYDSQ_2,25,85,80,6.6836262719703985,6.464646464646465,4.772262037828479,6.054921055458095
AECKGMR6XCQLS2CKXDI6KH46UWTQ,35,162,151,5.600512163892446,8.19295724038807,6.194605166934516,7.848884959523149
AGSLJQOUHG4HEY3F6PC2TMUXDETQ,27,116,101,4.928937728937728,5.553075666848123,4.240352631067803,5.277294837260152
AHJZICZVRJWDIAJ7F4KECEIFOH3A,40,258,291,7.009688289806235,5.61358965860126,4.803672462844424,5.543766696764102
AHQN4PR4VZLKHV6Q4JL3B3QLKJOA,27,115,107,6.008632439800091,7.27844882390337,5.191118174884702,7.011022657685242
AHMAGO6RME5BNQIVWP56IIWELOJA,24,76,72,5.194244604316547,8.876712328767123,5.944954128440368,8.215716610741627
AHEYRB3QDEKKFTZ3B7FU3UAEJASA,17,60,59,5.128205128205129,8.347721822541967,5.658333793030984,7.438068148094034
AEJQMJCRCYXTXQ2BCF3XP2KJZMRA,23,64,91,7.185964912280702,7.703255813953489,5.687931495440261,7.360888888888887
AHGNBIL7SLPTHLJWQRA6XJDDRKZA,23,69,75,5.647686832740214,8.999999999999998,6.2141020731907455,8.308787432498772
AHWQ7NF7NNOI53VYRHMNOLHHT4YA,25,81,68,8.783132530120483,5.958762886597938,4.395437262357415,5.645918063092612
AGA6ELHQQPZEVEG26LAAV6SFWDEA,19,71,83,4.372072853425846,7.545454545454547,5.540905322810138,6.923646064073389
AFFCTK6Y27DONGPEBDIGH6YXH2TQ,54,474,469,7.288049824834564,8.05039710134319,7.194548264726363,7.902601145502588
AGGHIRS7NROMQU4N6PDJCNH26ZEQ,21,73,79,6.336504161712248,7.528347406513873,5.15190098421023,7.083995459704881
AE7JOVNS4C7U322U2UIIZLDBKBOA,30,143,136,5.385567553331578,7.693843594009986,5.798462021343377,7.440069175844375
AFTRZYHACSFQKBN65BYGGZ3II2MA,18,55,48,5.188679245283018,5.592233009708738,3.8019801980198014,5.119999999999999
AFW7E3SFBPFDQ6HDNEINTNMOBG5Q,24,59,76,6.975951903807614,6.251082251082252,3.988675176224043,5.810888716154943
AFDNV3WLJUPSGQ75XDJL5MPTQBGQ,27,84,76,6.771593090211133,7.043902439024391,5.082288670943639,6.685185185185186
AHL3R5T5CBXKOFV74ODDPJLNQYIA,22,69,76,4.69064039408867,7.977900552486188,5.637358228764478,7.348648088677096
AHR7J6ECPZ3Z6S5BOBLPIBN42UMQ,22,84,67,5.50390015600624,7.4198347107438,4.883073022968562,6.8744257274119445
AG3CK7F7NP5GM6BN6OHZJRWWF7QA,53,347,315,8.442052864053847,7.348367029548989,6.109199402963887,7.255431459975498
AERGQ6U7YCR6JZ54FFKYPUM7PFDQ,23,69,77,6.830703012912483,6.437567861020628,4.395107487027427,6.00101829342627
AEUUFC2JXLKMGJJTTOGUQUL5SKPQ,45,250,248,5.88179936006023,5.172750210260723,4.357594770917696,5.078361321506469
AGECNBG33ROS6O4KC6IL2HK2XNBA,36,97,84,8.577028258887877,7.304347826086957,5.234033630069238,7.063239997755458
AEOQK5R2VIF372OSXLIWC6GQMVVA,24,66,70,8.18796992481203,6.920903954802258,4.666223067173637,6.447368421052632
AFTHDT2O7A2HWCMCK6AC2R5YE37Q,27,79,63,7.714462299134733,5.96842105263158,3.8598831548198653,5.527865876013292
AF2IWZ2WIXEMCM3ZHI3FV4XZMQ6A,24,70,84,7.101449275362319,6.277580071174377,4.463861633022569,5.974602082078636
AFAYWPUUPPOPNSJRJE55GJCVMEHQ,19,56,56,5.6200716845878125,7.127272727272728,4.8515200575643105,6.259705488621153
AHS5FPE6RHE4ITJ4SAVI67YVRNOQ,24,128,115,6.196671709531014,7.246575342465753,5.3468935686388415,6.79256579067119
AFZ65RCGGPLY6YKWUEZD2CCDNKGQ,12,48,52,3.6112852664576804,4.476821192052981,2.819097831956427,4.2118788819875785
AELRGAHYW4A2D3SBGP3FAWJENQJA,21,59,64,8.8126582278481,10.448979591836734,6.077151335311573,9.37304679318001
AEWBDV24CDYDHTTTR7TIPKX5HUAQ,20,70,67,5.349344978165939,4.362487852283771,3.0392687880839544,4.073506076648361
AE6PDNPNIWCIEH24Z65XBYYTDTTA,19,48,62,6.193548387096775,7.335877862595421,4.6526316403629036,6.471380471380472
AGI4ZZIMFVNCXGV2BVIU6JZ4TPIQ,18,57,54,5.334975369458129,3.898395721925134,2.562165387105725,3.658725960630219
AHVQH6Z66TVI4B7R4NJ6XO6BAISQ,32,167,173,6.311156370219508,7.73559059188421,6.153422290960892,7.41184890740925
AFM3KHXL5LZH6SKJSF2BMJYF3SQQ,17,61,65,5.512592592592591,6.530139103554867,4.358379994781946,5.868066875129003
AF3VJWZYBINWBUJTSNDGIO6OY5SQ,30,100,86,7.7639751552795015,7.688149688149688,5.20112517580872,7.0170777988614805
AEHLBSKJ7D3UGXNJS5JSFURYVFCA,15,50,53,5.387931034482759,8.237536656891496,4.862518071476538,7.239738812166625
AF53ZKFWQ3BC2EXJ6FP5WIIN2MCA,27,62,54,7.566929133858267,6.177966101694914,4.00494580761704,5.596949602122016
AFIKPLSJCM3IYFC3AAYOU4BK2DCQ,20,49,53,6.471698113207547,6.834549878345499,4.393213410637274,6.1332170115797355
AHYFS6FJHSRC2H26UROJC6RK2BMQ,23,59,72,7.2070393374741215,6.512562814070352,4.586399102580082,6.027906976744187
AHKOJ6OCVU2W67ZL74KK43PLGI5A,20,47,70,4.8980044345898,4.579439252336448,3.383279693282771,4.3594444075062615
AG4RMIJI4W6ITLNIDISUKCO5VPNQ,22,74,70,5.432539682539683,5.408388520971303,3.820673724781809,5.06198347107438
AHFEKMQNEZ6JCHJITYOZAYAYSPKQ,21,65,50,6.132075471698113,5.868544600938966,4.079131652661064,5.330514639025276
AGYHZ6BEEFCJJMD5CNSRKEMJEMCA,28,96,101,5.6332518337408315,7.118632240055827,5.331905767337174,6.864740659226199
AFNRTOQBZEL3MZE5FUDIGEGV7H2Q,41,248,258,5.8866768759571215,6.280807699565956,5.340511032432972,6.200075376308936
AHBK4QU2FQD5MPSCIITINHM2TAPA,23,72,82,7.043478260869567,5.475570032573288,4.010980220976309,5.188271604938272
AGZALMFGWGTHSFB4LFXNW2AECUEA,42,163,156,8.073230021270131,8.155495978552278,6.166789820471098,7.52970297029703
AHAZFJIG2P27OH4KLTR2SMWMKW6Q,24,97,89,7.545308740978348,7.207461328480437,5.27505584512286,6.828453350515272
AGVM37ENJ7TA4BJ4LRWQKQPMH64Q,21,52,57,6.4688995215311,6.284332688588009,4.344280652019845,5.700017543913649
AETTCQ34XRYAYKLWZZJZVRQM5MSQ,20,56,63,6.479338842975208,9.124137931034484,5.643414782907027,8.444719079760436
AHPQFIVYXQZH6JMFAXRDI3FUFEZQ,37,178,182,7.587164750957853,6.818443804034581,5.442565874674993,6.702550672798501
AHBDTLNWRFQMXPI3OUKYMYBYLOJQ,24,88,89,6.7222222222222205,6.088393543428133,4.608542008524533,5.735698769007965
AFBFWGX7SDRJT5DDHEERCGZT4AEA,23,58,45,7.127118644067796,7.2064056939501775,4.675599267340926,6.428830590298425
AF3KNIB6JUAQDSP7HZEVB44DHMKQ,24,77,63,5.684563758389261,7.000000000000002,4.629130250032039,6.381177382875606
AF3OZUPLSOGYWBRID7H2XCCD3UAQ,30,106,106,8.473604826546005,6.593896713615024,4.727768048999204,6.348030703859944
AHBSAEV65SZJFHDTPWDS47KKC2YA,27,134,112,5.9299867899603695,5.288364249578416,4.121412973667309,5.200666925644666
AFM2HPJTYPIGGIZHPALJJCL42YMQ,30,84,99,8.129032258064516,7.056155507559395,5.182698175777999,6.820459290187891
AFLH6RLYSGM6RZTB7D2QPKRFJMJQ,23,61,66,6.539543057996484,6.701538461538462,4.4787488708220415,6.231772410970118
AE2QK2SWUQAGG54GHQDJUREN3DRA,30,109,98,5.720269619643717,7.444961240310077,5.455178725196262,7.072180288044422
AHY33GMV66E2L2OGPPLIZ3IDCUYA,28,95,84,8.079677708146821,6.368231046931409,4.61780104712042,6.082776702665585
AFRMOOG7VG4WSGTOQCQMGLIGC5LA_1,25,94,102,6.633633633633634,6.430160692212607,4.8087015550778895,6.1635071090047395
AEUFFWKPFIARZOLN34A72F3X4VEA,19,51,50,6.686375321336761,6.684491978609625,4.13838983236072,5.952380952380952
AFZDZGZNCOO4L3E2TKHL4JP4YS3Q,19,66,61,5.746701846965699,6.903525046382189,4.29033599289726,6.382504288164666
AF5XHCHKI3CCKABRWCN3J2NGGFUA,25,99,92,7.276169265033406,5.943820224719102,4.482105056139598,5.6958380430687185
AHI7A36FSQATGRO2CDS6VNSVC4DA,22,66,62,6.405882352941176,6.537414965986395,4.348416289592761,6.006308655357961
AGIMYCA3OW5YGXP4MMNUGWOWLWXQ,24,108,99,8.044137931034482,7.015748031496064,5.205900783289818,6.671898003528337
AFYLM4TY5MMUCWSLDKUIB5PIF3JA,16,50,53,6.345177664974619,6.284116331096197,4.0185979971387695,5.674747474747476
AEJBSDLYHVSXPWUIDE5AA64APFZA,19,67,63,5.562577447335813,5.694404591104735,3.782527525650699,5.378058654935435
AE7GA3U6Y32ZKNKWN3B32YIN7P7A,23,100,100,7.3206442166910675,6.2893081761006275,4.791587565636783,6.119951040391676
AH254KLJJLFZUUSWU6STN7PMKS7A,25,81,78,10.464114832535884,8.3801652892562,5.591911764705882,7.605047531547072
AELGXRSBMW6YZBEFZQVUF3QYQVHQ,12,58,66,7.610859728506788,6.806249999999999,5.122909840571742,6.3684210526315805
AGCA64OUVM2TJGNN3IUXMEU7KF6Q,32,176,204,6.400000000000001,6.977867203219318,5.656961810075932,6.754747783861708
AGHZW4TANYLJ3MYNWOB4JEW66SOQ,25,59,48,10.031700288184439,9.762711864406777,6.09363408521303,8.533333333333335
AHDEEVJGEQVXRHOX3HFG5Q3F4ZRA,33,178,221,5.455234159779615,6.870305246870164,5.602831240338109,6.735760584746931
AFERLCOSLAZPD4FOKHKCBC5PM5UA,17,82,83,4.394771241830065,4.741225051617342,3.351016481805867,4.598816842283517
AFVAUF5XDUB2H6MA2ND3VFEO5E2Q,20,76,86,5.7188118811881195,8.62004662004662,6.375862068965517,7.8513800424628455
AFDQNDRLLF47MO5CYI7PMLYSC2QA,19,57,55,7.982800982800983,7.05128205128205,4.791720052643757,6.477516059957172
AFQXJUFP4PGITLRRO6WEU3OSFWBQ,24,57,60,8.43896103896104,6.617647058823529,4.422062436768319,6.143344709897612
AELN4RMGNHECSTVJXJ6ZMN74AAIA,14,42,61,5.690322580645161,5.4640234948605,3.7024875621890554,5.168065524817756
AE6WU4SFOAVPE7A33RAHPQGCKR4A,35,109,104,7.67010974822466,7.595505617977531,5.539852793576447,7.403179743191886
AE5FJLSPXITRDBGBSCKGWOZ3ZCOQ,22,63,56,7.0,5.7226277372262775,3.885193578283357,5.351535836177475
AHZSHLSRALGTOXKEAVIKIHA37JGA,22,87,71,6.837398373983739,9.352504638218925,6.176429433228282,8.529610829103216
AGWFMLZCUT6NEPAJOIZKZN2ZOE2A,15,63,55,4.037639877924721,4.230769230769232,2.858696308561836,4.011943396392356
AGJRMIF3LHVDBHMCEYRL7GWCVMRA,26,108,122,6.901775147928993,6.274873524451939,4.739428969214541,5.951228075111846
AEXDR7GGRBNNHQKSTHBAHBVACTSA,19,69,79,6.425101214574899,7.2150289017341045,5.1956404241278875,6.703544575725027
AFAWMUZHDWA2BUULOOOVMF3RR6QQ,34,132,135,8.180281690140845,5.6059673946478,4.595134432286834,5.529442336332435
AFWVN52MRBWOTIK7UGXBWGOY4HBA,18,57,48,5.3001631321370315,5.212669683257918,3.338647901482784,4.800000000000001
AFYTYOPH5UG42COFMW2HW3ZFJTYQ,23,62,57,6.101587301587301,5.148969889064976,3.721224153166421,4.842069843215906
AFK4DMI6LZY7CSH5Q24UVGTRHFTQ,23,74,61,6.71078431372549,7.11472275334608,4.691717464925011,6.716628382451168
AFCP2TNAYCO364NXL2CLWQGFXHWA,28,68,66,10.367713004484305,7.978021978021975,5.160527377231016,7.117723073636993
AEFNW54XK3ARD4OBRWBS5TXURUQA,23,60,56,8.29493087557604,7.959390862944161,5.090909090909092,7.276141257536606
AFZU3UIV7FQFQL7H7TC4J6JVOYIQ,18,46,62,8.13846153846154,8.981308411214952,5.768346387930959,7.958626247385205
AFVIKCEGFX2QTEQGLLM7KAGE5WRA,18,45,66,6.511254019292605,8.096654275092934,5.400502344882815,7.4082489732168675
AH3JYMVUYJD36GPVGEILOX3Y2ESA,25,73,89,6.146482122260669,4.791893526920751,3.7273541635554075,4.6430262142944265
AGQVYRFKX6G5VO65RHQ7UZKGSTKQ,16,49,57,6.614325068870524,4.885714285714287,3.451616099613187,4.595473833097596
AF6PYKOUHORFC3TLKFYFD33N4BFA,43,201,161,7.883121951219512,6.004401204540191,4.718743292147403,5.843341872290477
AEFB7GQJUQWWIOK35NOMAC47PI6Q,30,116,102,6.317370892018779,4.253475061324611,3.276856535114872,4.125299977360198
AECSBI2WN54PZ6JTA3MLM6WUN47Q,21,64,57,5.868194842406877,7.434782608695651,4.855059002258811,6.754677754677756
AEIFOXPMNJWZXDDGPO6DBZPSQ5WA,38,163,194,7.049349960201646,8.192424902046149,6.500742340276573,7.878612851521634
AFTP4CS3L7FXZ45SXX553REC3MFA,23,56,53,10.666666666666668,9.090614886731391,5.767967145790557,7.824512534818943
AFJTTFFMPZ4BUCY6UE4WHHR24CEA,21,67,80,6.853435114503817,7.748184019370462,4.945522544698228,7.158836689038032
AGABRCVDMJACNEUZQF3K5N6ASOTA,33,123,105,9.298709280885067,9.149377593360995,6.499139697687199,8.57978732101881
AF5GRAZOLOUIUPODTWQVJDYF4AZA,18,48,65,5.702970297029703,6.132075471698113,4.280215603656432,5.803582379057442
AE7GUGPHKJLCXM4O43UVKFZ6UPBA,24,66,67,6.033240997229917,4.8740499457111826,3.4712357209599634,4.543526921772731
AFO6QRJE7PPMBY2P66V2FPKJUIEA,40,201,218,6.804951995957555,6.396231493943474,5.3166659513256045,6.278771401564846
AEI4GU653P6LRUUM7MLI3BHS6HGA,19,52,65,4.7272727272727275,4.774011299435028,3.3010697688718116,4.53813104189044
AH25DEW5JUBLDW65WMCTQ3VICZ4Q,23,86,70,4.554187192118227,5.1687763713080175,3.5590078716466214,4.9098393574297186
AGNF2DGDI5VR32QJTJPKHE7LS26A,34,89,78,9.577992744860941,11.566539923954371,7.820051413881747,10.435708233300385
AGKD4Q3J7FLX6XOCS4UDJXKM75QA,18,50,51,5.0,7.048780487804876,4.63230377328451,6.359413202933986
AEHH3ZK5OPHYILGVM6NIOAQG7MEQ,18,54,56,5.5437262357414445,5.560283687943262,3.705550561049513,5.082778186403278
AHCX7GPLZ4J3M6B7CB3LWF2HXEPQ,20,51,57,7.32676056338028,5.198400000000001,3.594490677113206,4.842069843215906
AGTR5JNUBYVJ4S66SCDZKAAKUCUQ,26,59,46,9.589531680440771,9.706422018348624,5.627659574468086,8.015151515151516
AHJ2S343LIEFFF6PEJOHLWMZ4CQA,19,51,61,8.052631578947368,6.852670349907919,4.48800027289922,6.382504288164666
AE5OBWH42SMIJMW33W4UIHOVYUAQ,31,134,116,5.576397515527951,4.435069215557021,3.3715900724379537,4.208946298570523
AHR375Y4F3W6I7Z5YBS6PVJR37PA,36,93,106,7.553711790393013,5.486328125000001,4.133618259957969,5.265234240501438
AENPFFAIQ75VTJYM6BCEKB5WWWJQ,33,223,177,6.612019678234277,6.304890319983898,5.177405787793676,6.267054413812053
AFB4U64YA2ML3OF4UUMFUE52B6GQ,26,95,89,5.356083086053413,4.607911576497965,3.598492295297642,4.475142671372426
AH467Z3742JS32I7V6C2OECMHXQA,23,61,65,7.578411405295316,5.85991678224688,3.989236818473494,5.354879594423321
AGTQHZCHCPOBUSBJFZSEPCWQ44ZQ,16,59,58,4.635153129161118,6.276119402985074,4.595002307887019,5.830173490965013
AEUHDKB4POKYWKAVGAUKCN4JSHSQ,20,76,54,6.375275938189847,5.301818181818181,3.6479418886198545,4.843907284768211
AEFQZUFCOB6RLGQQERSPS4P5GDSQ,23,69,61,6.223529411764704,5.2187938288920055,3.6728858825417365,4.857710628797369
AHEYBY33U7TAJA3KWZGD7DXEZRGQ,19,66,51,4.786813186813186,5.593548387096775,3.4537257592147967,5.130257347935187
AEOSCZNS3P5OOCDISARS5TVRFVYA,22,58,43,4.77840909090909,3.9090909090909087,2.5634355081491207,3.64699955260752
AGMZV54XEXNBFMAGB3OERT4UPB2A,35,110,90,7.877604166666666,7.232142857142858,5.2090436779128,7.074241203822354
AEB2KGGJANOW27FHME4SJ3IIFGIA,35,131,135,9.372474057891864,10.816023738872405,8.324749962680997,10.170204059897927
AGJEXT3S4UW4P76ZQ6KSZM6AO5QA,25,56,67,9.011494252873566,7.647359454855196,5.173510101109283,7.036067442506074
AGH5UEOJXJR5CMN33VMPDCEFBQAQ,26,80,73,7.256235827664399,8.779242174629326,6.075017375559288,7.8023426061493435
AHKF4WFT35DXX3TL7JT776DJNUJA,20,67,70,5.898817345597897,5.555555555555555,3.821558461094276,4.9545045597677175
AH75O6O35WZKXRMLGIQQFFDA5KCA,21,96,89,4.70204081632653,6.45558272208639,4.840856600515146,6.051198236101214
AFH6GLY2ND6DKFGNZD5NF2DUWP2A,37,137,154,5.848862574010593,5.126675313445741,3.874910450690285,4.893936475086975
AGP2E6KQNCXVYNQM5E4WMWUTBU4Q,24,52,72,9.454545454545455,8.727272727272727,5.850356903178575,7.975384615384615
AFIHPFIZXC72VUCPMVGRLMMJTPMA,28,83,99,6.579751671442215,7.29784065524944,4.946011798488045,6.717614804660726
AHE2UO7FEFP5S5LCL7XWBC3GQRRA,20,80,58,6.142034548944339,6.072202166064981,4.426315789473684,5.597353266888151
AFO7DHIAAH6SJFY27S7ANI2NIZ6Q,28,92,89,7.185059422750423,7.773307163886162,5.730399260550461,7.26031164069661
AEYDWBTKRXYIOW2ATGJ7YV4FXGWQ,22,58,71,6.395437262357413,7.649468892261001,5.3799359658484525,7.030738107511404
AGMXF4VIQB3J35DN2ZPELWZE2JTQ,17,57,56,6.537223340040243,9.987261146496817,6.1490196078431385,8.759776536312849
AGPZKGHFWRKC2JEEYPISHATYF52A,29,97,99,6.243530192435303,8.79013452914798,6.212618377853768,8.215515660471617
AEWGIJRJ6FJANQOIJPTMSNJ6EIAA,23,82,71,6.644268774703556,6.504516129032258,4.617192484787666,6.08085565823726
AEZFU44YV2CAGFRDA5MTGEP7LWGQ,22,63,55,5.845360824742269,5.5504587155963305,3.833482348153098,5.05008347245409
AEIJRGC7EM6SJ5YWBEUFD4KZRB5A,19,53,60,4.6894824707846405,5.232558139534884,3.812754773653722,4.851752021563343
AGCVRCNB4FGVZI5N2Z7CLE5PUGNA,20,55,64,7.219570405727924,7.876923076923077,5.520215633423181,7.13588850174216
AETWQ4GYGV4QRMTMWGBIDVASBKHA,20,82,68,4.782361308677098,8.531365313653136,5.911538887045027,7.904481380180939
AHKJQPQ2NLTXMC4BL7KN5LSO5HZA,29,95,120,6.478822684852834,7.171314741035855,5.371447663220785,6.886658676937433
AEUPRQE7ZDALCKE7VE5NNYXFRZFA,29,111,122,7.142608695652173,6.871652816251155,5.169862419794437,6.556833283652531
AHR43AXAYPDVPUQIPVQBYYBBPYFA,24,68,60,7.386581469648562,7.086614173228347,4.601827930465941,6.382978723404255
AHAEKZNVFT4GOFJOORYICTHXILVQ,23,56,66,8.209424083769635,8.853658536585366,5.912954347826086,8.051783517835178
AFSPTSJ4WN3TXSMC52FRT3SD7WXQ,58,600,687,6.624953993375045,7.230028033517669,6.402001098718127,7.11128741906407
AFKTUAYG42OOXMH7MXVVHOJ4TR6Q,23,64,52,6.989761092150171,5.903930131004366,3.8601368209255527,5.418859437751004
AHCALY2KFPY6J65IJAZJQHIDAEGA,22,113,141,5.718316166592029,5.227714961872206,4.200259526697958,5.015404136395234
AFXF3EGQTQDXMRLDWFU7UBFQZB7Q,92,1467,1460,6.760793417923529,6.132618302338428,5.5737448015664075,6.094361473029103
AGLLNWYALFTZL7GMPQ3SG5GDMU2A,18,54,66,4.8438538205980075,6.914285714285714,4.763796712503026,6.4248346675948484
AFDZHTMGWZDKNTVB6AHPKGKJUGKA,23,101,88,5.487358795051104,5.831325301204818,4.201200166470204,5.472794252790897
AFJ6J5LH2ZHMUBNKZ2ZBCHMIBE5Q,42,191,164,7.935827713726343,5.764252036005145,4.5861619443951716,5.563923170043656
AH2FH5HWGIPPLROS6BUREDV4QRSA,19,68,59,4.578217821782179,6.4106813996316765,4.467977264919896,6.022509376412447
AFHQMR4GISCIDXRDC4CQZ3J3DWQQ,16,51,53,4.916824196597354,5.391554702495203,3.768963618977828,5.250540666128621
AHG75CJHF5GCJ77QK2EMXAUHJB2Q,23,83,85,5.533333333333332,8.450292397660819,6.188458231499338,7.88756398567436
AEHXG2A4RYSV2XJUYWRJFI2NKJXQ,19,48,52,7.629139072847682,4.506666666666668,3.177519945909398,4.326411075612354
AH6OKKDZTOZOHR2LVILJ74CHT2VQ,20,67,72,6.208852005532504,7.0434782608695645,4.826367053643746,6.612244897959183
AGQUADTG3F6ETSH4VLA4CR4OLHAA,29,117,109,9.999269539810081,8.188146106133699,5.780387525312747,7.842244224422442
AF6C2GUI6UUB3VMX4U2XYAXSS3NQ,25,63,63,8.879194630872485,5.986425339366517,4.4247491638796,5.7190320470896
AFTAXGFUHVRCHPOVABUAO25E7XUA,54,322,337,7.714583333333333,6.543123811718616,5.635805559351126,6.537860926909387
AFNGDYKFPMNYHOLW3NA5MZVNH2YQ,23,52,48,7.153439153439153,7.337579617834394,4.4453299537269,6.582857142857143
AE6JXZ2HEEC3RLKQ23MI2JSCXSNA,47,252,245,6.7214225232853515,6.739081621196813,5.555967379900592,6.501842107717822
AGRS44BO4A3J7FGU4F2ZILIAKFVQ,22,58,69,8.125603864734298,4.765765765765765,3.264592666541877,4.478849344891213
AFK5U2KC2ZRRBIUBHW4E3YO3F33Q,14,43,59,4.753213367609255,9.382749326145552,5.826965682406523,8.229498393181501
AGRC7GGSEM62JUMADAPRDMWK63TA,18,48,75,5.565217391304347,8.484162895927602,5.607061635352136,7.889200561009817
AFCQYGNWZ7SBWXEMYGHHVHAIQTQQ,16,57,54,6.698969072164949,6.075,4.03766855154415,5.501886792452831
AEYE3J4SHQ3YLV3RMGOD5A5P3W4A,19,66,55,6.033240997229917,4.315263908701855,2.9394621919711486,4.006622516556291
AESP437VVPHFP6RBUAMJGBJ5HWBQ,20,60,60,6.0200668896321075,5.825242718446603,3.962598255161095,5.4628350373031225
AEAMLJMAC4LQULYBJ2DTPX5OEXVA,18,55,56,6.797752808988767,5.369863013698629,3.8697117329228177,4.977777777777778
AEM7GPBL4Y7H3ZCNPJUB2OW3ATNQ,26,59,69,7.857787810383746,8.735779816513762,5.897451268192978,7.817733990147783
AHTTGH3KRG7ZUA25GZBRP6BMZDSA,23,61,41,7.4569138276553115,8.989304812834225,5.544240547833285,7.81860465116279
AGEBQTRBQCPGBAQOL6XWSFEFVRUQ,21,64,51,11.976608187134502,7.245125348189414,4.769025001244256,6.551637279596978
AFSCJNRG4BAGAB37REW4XCDPE6XA,23,64,50,6.759075907590759,5.7339449541284395,3.8226299694189603,5.230217086834735
AHT33VAQR6UV3UUOGCPC3ET673YA,23,88,93,5.3554633471645925,6.208901651112706,4.6927508284046375,5.71270406821084
AGCR22L7Z6D3FQ53TDA72URDVEBQ,21,63,48,6.453658536585367,4.820083682008368,3.3684210526315788,4.508823529411765
AH5DFCQHCPC3QBPK3KR6CNP4YLOA,29,73,81,7.989505247376312,7.85748502994012,5.381839748615796,7.170491803278689
AF2PWYOOYK3LMRLIOCBJ6LE3DX6Q,16,54,62,6.538116591928251,7.449612403100775,4.875721245823024,7.212032891216808
AFFJ7H4P277YRPWTBAC4JBFER74A,28,127,134,5.374541819393537,6.221760221760221,4.795428876678878,6.072371340398416
AGXRJZF4ZQCEBYQ5XBXDIHEYK2VQ,22,68,51,4.929637526652451,6.7911227154047005,4.822946673248115,6.12
AFF5UAKSAMEZ3S7LK4FFPORA7FHA,19,58,55,6.570312499999999,5.633147113594042,3.931655043488594,5.206540447504303
AHE2LA5UK43UFWG4KBTEWRJOW2WQ,18,53,66,4.567479674796748,5.671874999999998,3.8392587052272913,5.357941685527892
AH4LDUPSQSGBBAV62MV7JZDD3C3Q,32,177,180,6.826977555022882,8.557844690966721,6.819527907143746,8.17769012017246
AERT3FM7G3AUFDK6E3JX376SL3NA,19,47,54,5.859416445623342,5.586206896551725,3.518811318806155,5.1886120996441285
AHFT6NAJRZVRAUKTORFBSQNEVZ7A,27,59,50,10.981072555205046,6.313131313131311,3.881386650770148,5.567956349206348
AEGTLPNBZUJEA6BR4A3LXE52X5BQ,18,49,51,6.301837270341209,5.475789473684209,3.6738646157797152,5.243972928479971
AHZ2C3PFO4Q77WAMLOEAHEW5P5GA,18,60,52,4.137931034482759,5.451612903225808,3.5929207975938504,5.044776119402986
AFTKF2JPNFB2ZAWJETXBJ6W4VR7Q,19,78,88,6.961098398169338,6.926654740608228,5.1007789140909185,6.693176996491983
AHOBH5YUOKWV6LVGXXGFQAMMXPZA,18,54,63,6.151898734177216,5.32751677852349,3.7481210043043345,5.121290322580646
AHFC4BD2K2H3IE3ACGN55PEWZ6ZA,29,120,105,7.399794450154164,7.229508196721313,5.616117642026342,6.877729257641921
AGYHLJASD24NIACHNWFJ2HB3S4NA,26,58,63,10.319018404907974,6.784615384615385,4.41344194593133,6.300015873055866
AGJCZ3TS5CHMAP4DVRV2752DQ3NA,57,495,439,6.572735320153437,6.861572969701287,5.97410577857353,6.806562201157052
AELULHKCHXEN3KZFXTJ6DXT2B23A,20,50,63,8.680555555555554,8.684901531728666,5.443699650402798,7.782382861910275
AHVRRL55VO5RWGTQCYTFWPABYK3Q,24,48,69,8.112676056338028,5.899628252788105,4.297372357723576,5.510424048386124
AEO3V6QEVI6RWUKVT2JDK43FEIVQ,39,206,193,7.303958691910499,6.5962457942270225,5.393795449123141,6.393589731162896
AFVAHM7UHYS562TQASNXXH6OJNTQ,20,57,64,5.3702479338843,5.0945273631840795,3.6177375205295377,4.876190476190477
AFSTOVVHI7L7M33YMB7M5O32HVOQ,20,67,63,5.646540880503145,5.284953395472704,3.564450007560611,4.9121362368521435
AGV5XLEMIEYQBKNM33RTOUZMJEHQ,34,147,179,5.661252292376211,6.798429874814344,5.512530996881884,6.640622902627899
AHRQMBNY7MR2QI6KP5AZC4JFT6UA,18,40,64,8.08080808080808,8.359183673469389,5.373924604072011,7.627586972202186
AHZJLFGVOQUG2HNSYI6YCCLPULSQ,21,70,83,3.8102643856920686,6.069603524229076,4.446527393464096,5.721764744432143
AGIPMVG2HKWT5CASTZYS4TAB22BQ,26,98,90,6.560109289617487,8.035714285714286,5.4933995179700625,7.5559701492537314
AE4MO7FRNNELRSJORASJOQZAPPYQ,19,71,73,5.521358159912376,6.911802853437095,4.866666666666667,6.359197599691276
AE4ATYLRRBTI6V3TLHSUHN333JQQ,27,56,63,8.475675675675678,13.829268292682928,8.205817513778323,11.84776119402985
AH6AELLIKYB4TELTHF6E6EEATWUA,16,55,49,5.373001776198934,5.676122931442081,4.033946774035158,5.163440860215054
AHOPCYGHHBN3KNMW3NQD5UHUT6WA,22,65,51,7.640144665461121,5.617710583153349,3.946292117291362,5.040716606260915
AHCJBVEXBM7TIHUERG7CKWYCL65Q,34,101,101,9.56044985941893,5.639027086788281,4.052198649185539,5.562160868485873
AFLNBA4LFMALO4O7TDCC3DGTJGMQ,23,65,64,6.240768094534711,10.189054726368159,6.779226211223423,9.002241286034469
AG35UADO45DOVFVQMOZH6RXPZLMA,35,376,404,5.406761511396666,5.63241079439575,4.938435886626523,5.552512329458877
AG5O64U2B5UFOKJRGLE4PUQPGRPA,26,108,97,5.006008583690988,5.055883933369156,3.8322748389266246,4.865047836368472
AEIIRIHLIYKQGI7ZOCIJTRDF5NPQ_2_2_2_2,23,75,80,6.688466111771701,4.841149773071105,3.6361572593127636,4.510220703629393
AHL5W2EJFB3L67256O3TWWTPYIQQ,26,145,119,6.806409841372613,7.418019905709796,5.458944532971917,7.003463631865413
AHVLJYVLQA2VXUH4OZQGICPAXJQQ,21,54,47,6.28448275862069,8.731225296442688,5.61525829192921,7.462923015465389
AHOZBW6EPOKE5CZRYSKI5TS2CTHA,29,74,79,8.17313432835821,6.272361809045226,4.5539141231527696,5.966588277014955
AHOEMNCGNZJMIS5RHBTTKMDDQU3A,27,101,87,6.068411659726352,4.556893437688139,3.4859313492022355,4.288390775485913
AGGR3VHAMSJ4OSO3D6ZPVQI4GPSA,17,46,54,5.062200956937799,6.538116591928254,4.748414696053133,5.96321512211442
AGF36XKODXVUO37SKAH2L7ZBCKDA,20,61,62,5.29302987197724,7.335877862595421,4.849320124320124,6.685237611304685
AELUTBS3LRR5WHUB7JJ4UXR3QHPA,55,388,414,7.840016664930737,8.621529175050302,7.373076039998556,8.448982548310724
AGRXUQPMAAWZGTKUX7I6Z5SRPNRA,19,55,49,8.333333333333332,5.8992628992629,4.034618188984136,5.359401703013907
AEEAZKLT6GBSGS25II5F4J4DMRQA,32,175,168,7.759057512034456,7.954904171364149,6.336491643907725,7.700955552855582
AEATS3SIIP2OTQBJ4LHYHQOG3I4Q,26,68,77,8.659176029962547,6.822784810126582,4.48426206349251,6.529743602805705
AHSILE3TNQYFAN3IO2E56JHAHPLQ,20,69,76,5.827417380660954,7.540469973890342,5.365558271204311,7.1485148514851495
AG4Z6BH4X6MJ6COGZACYHWG64BQQ,26,82,71,7.606334841628959,6.858503401360544,4.705940373048445,6.3568726355611584
AEMBIV4YIGEVCUIBVOB32YW7EP6A,29,80,88,6.425702811244982,5.348066298342542,3.7035071090047387,5.121728967056962
AFSJQ4ZG3CCS4QUEKLK45U674W3Q,23,67,72,7.861646234676008,9.635687732342006,6.3521645332949825,8.77159871736143
AGDFISPKRXDRTJKVD7IC3YHV4DDQ,17,102,107,3.0367775831873898,3.302278627055092,2.765032710409395,3.2599872402143557
AFAGLQ3MJPGL5736PU4ECCH6JIDA,63,553,554,7.042558091334086,7.083548744460855,6.297302366801029,7.025178671235171
AEKTZHUNZXYWCDD36JALVK2TD4EQ,31,115,116,7.144786601836846,5.975133214920071,4.516215545203835,5.660942170268016
AENEVJH3U3MYSPDNE6VBEQCW2V4Q,46,260,247,5.862966175195142,6.2863472436888195,5.146137233299638,6.166894750202829
AFEUEN7AOX77PZORRXFJQWMJI6XQ,20,45,56,8.00395256916996,6.124999999999999,4.1972020472824765,5.6709046198922195
AHKACFCW4KYP6BJ62Q6HMKFDYHBQ,19,65,37,5.811554332874828,4.1359516616314185,2.5864505414907337,3.9227649285286166
AFXRCCU4R5UMKN2P45WIQSHM3QFA,20,60,86,7.563025210084036,8.109649122807017,5.709981499695566,7.539253501808056
AF4U2EVGU45J5Z5EM2WHDZGYYWQA,19,50,51,6.476683937823835,6.359413202933984,4.1716621149764554,5.832102439833691
AE4TJ3IWED27NYKWYQH5RTLNIX4A,23,74,69,5.850427350427349,6.621696801112657,4.812022112850178,6.297630066400133
AFURFNCCY2Y6D3ZRTC4VBPTIHC6A,23,63,57,7.676982591876211,5.611398963730571,3.7911318553092195,5.223486170237514
AFH6N5LK3FTDXNGDCZTIFLRWRNSA,43,246,266,7.20771796093378,7.119742402897968,5.891964088357083,6.964866911693175
AFE4S4MR4EUYAWDYTZKZUXZLIOJA,26,80,61,8.465608465608467,5.248236953455571,3.6728858825417365,4.928476821192053
AFBO6XWKZVDRE7B3ETC3AOHH5ZUQ,25,93,113,5.270566727605119,5.838591678097851,4.551097777432105,5.718316166592029
AF4UQSKR4A5TNIVQOPNWVG537VYA,32,170,154,6.822474032105759,6.324266666666667,5.132778977681785,6.150416592349638
AHJHUJ3TOHAZIBPBC5R3AMAKVOZA,14,58,45,4.570652173913044,7.363636363636364,4.450549450549452,6.683459506562824
AHEFZAD4EXD53A5JDV3M522PVBNA,16,49,73,6.14066496163683,6.03510758776897,4.068588610058089,5.798721696700164
AECD3MOEUCDRONERMGCM2ZVD6F4Q,24,93,120,6.253796095444684,6.055508830950379,4.629970797483487,5.734767934630902
AG272WR6P7SPB7U4RJZN2KT7NJNA,25,73,61,8.609046849757675,7.197292069632496,4.67817163623832,6.562610229276897
AFBCQAK7NZ6DED27O6OEIE7WDLXQ,24,70,65,8.24915824915825,4.752530933633295,3.376759946624374,4.461457233368533
AELHJGJ7U27236OSGNIRZI7ZJDCQ,34,146,166,6.711586901763224,7.336528221512248,5.744547180121366,7.043969121273625
AHCRGCRHE5P67RFURJVV6QDQDGOA,19,58,75,6.007142857142858,7.258064516129032,5.127620783956245,6.918819188191883
AGMD2HXCJJ4AGXVO5KGN7WQOQV6A,20,64,60,6.501587301587302,9.278350515463918,5.821520518626508,8.163307280954339
AEYCKQHBXZOM7Q2RNZNGRFEGUYVA,18,47,61,7.057507987220447,6.150413223140497,4.381265472279049,5.707068639835523
AG5XOIPAFARFQZWOMMNCV5YJR2HA,39,181,190,5.0270062912383,7.54283326368575,6.109842583463506,7.310653285126543
AFFEEXTDI7JMBJOWTDR2FO4NAR4Q,22,71,55,5.497273718647765,4.886914378029078,3.5359666024405905,4.77887867027715
AHFCHDSPGTU44DGNSEG35DZI5OPA,24,57,45,9.15211267605634,7.641509433962265,4.871556154688684,6.469648562300321
AFJ6BZFH6T6LBXYN5NKMBPTHRGDA,37,185,156,6.704211557296768,6.311203319502076,5.097185665348535,6.153224160760782
AHV4U76XGHXA4RBBXSPEENTVH2YQ,21,56,51,7.327102803738318,7.452722063037249,4.7171303435938565,6.438158257513097
AGAFAPQHCHOS6ZLKAVAPECFA255Q,19,54,53,6.339130434782608,6.284116331096196,4.243989002248123,5.732676937429977
AGI2G6MQK6Q7FLG2ADTUAOZAVRIA,23,58,45,5.780068728522337,6.727574750830565,4.2622641509433965,6.02683909827716
AERYYQ2LT6B427JFUK626KQY3ESA,19,54,65,3.247216035634744,4.480381760339342,2.9459317844264117,4.276320170302917
AGTO42RTO6VEMPRGFQVJR2C5FO2A,21,65,66,4.9070847851335655,5.746701846965699,3.966493112373924,5.431421446384039
AHQAG7ATRW7YK5TUB2ZVQWWOXAMA,38,184,167,4.891071944524703,6.360091220068416,5.25850493401825,6.129457951283603
AECVQTO3MO3E7PVSCJRZRK32KSVQ,18,65,57,4.019980970504282,5.317512274959084,3.770076957000227,5.021638330757342
AG2CAO33QCYTZDINR5MZZGTU2KMQ,22,60,58,5.787781350482315,5.514754098360655,3.9433874797219617,5.089270346974274
AHJXWTHKMS2QKSB5B62MQLX6E6BA,25,57,60,8.022222222222224,5.980066445182724,3.8289758384421204,5.4628350373031225
AFAPFV4YW5JPXMWF3GHU7GHVAPSQ,20,71,68,5.202270381836946,5.376744186046512,3.6989045367412148,5.149220489977727
AGFVNGZJ4XEFX2ULJNDCWJYRHQVA,29,113,99,7.105731775180857,6.520958083832336,4.877820206094905,6.175813211094414
AGCV6N4LVTEQVYSE3LXR3J2QB3EA,23,102,107,7.638766519823789,9.151878497202237,6.746214574554758,8.55680597550165
AGNFZANPQ3AFG5GSJXVDDD3Y327A,21,59,72,5.347158218125959,7.1208791208791204,4.933894736842104,6.671825722842074
AFXHGUZKJZEZZZEH5YAITJK3PHLA,22,44,65,11.000000000000002,9.712643678160918,6.387067645778987,8.838950819098136
AGWIS5A24VOTIOS7K7TYJCV6JG6A,21,77,77,7.650322580645163,5.818449460255153,4.231675521455756,5.4746075715604805
AEP2BCSP2ZGM43QEZ6ROUD4LU6SA,19,51,57,6.034802784222737,7.434782608695656,4.660076095432433,6.590263691683571
AHBZZ6IQBKL7ELZQARE6JJEQ3KFA,23,51,50,7.495677233429394,7.812500000000002,5.102040816326531,7.142857142857142
AH5OZYVAPLO374DQNA67WQM3YXYQ,32,127,128,5.073608052846806,6.866722548197821,5.092953034579882,6.566734521826743
AF336LFHKFAT2ARXGUP2B25IUDEQ,18,48,53,6.295081967213114,6.340857787810385,4.606575500821018,5.709373179709414
AFBGNN7LG7RWXPFFJT4FQ7ER2RVQ,17,53,57,5.913684210526316,5.690017513134852,3.9840870050195214,5.265802269043761
AH2SBB2BLWBT2UGU26STUBIODORA,40,220,205,7.665505226480837,5.474143545655855,4.625654953858416,5.372671139921646
AEC6HDXIX3DNXWUVERZB4DGKFN2Q,16,50,66,7.396449704142013,5.556122448979592,4.018356345504898,5.248192771084337
AECPXFEX6RCWCRBOIJKTR5LFXW6Q,31,72,60,9.781132075471698,6.9767441860465125,4.33630926584034,6.304747883695253
AF4NJ5SIZE5N2HHRXFQ44SUMUR2A,18,52,71,6.347417840375587,5.895906432748538,4.486496130173662,5.734926052332195
AHBIUEEPAZGLW5RYBIN6VWBKGCTQ,17,54,61,5.695312499999999,7.640657084188914,5.020916589018878,6.994385615303349
AGIDY4VPPLTRNUTZVACY73TPSRRA,25,72,93,8.90721649484536,9.230522945570971,6.7077832534708905,8.80754477493537
AGDOLKQB35QQ45G23MU43JANJXYA,16,63,61,5.313253012048193,6.011308562197092,4.195039458850056,5.5787106446776615
AEJFH5EM7LQZT6FU6WVH5WAA75TA,25,64,49,6.69281045751634,6.14066496163683,4.158333259269135,5.6230741807212405
AE6R56K6EDZDRW4EKFIQDJD63D5A,23,65,48,8.501006036217303,6.0,4.026573426573426,5.395814137159405
AHQ5BCBPDVPYKSYZKDGQILZGV7BA,19,58,54,6.979253112033196,7.673684210526316,4.390906870726148,7.026546822742475
AGYVOMCCUTU6NZIB64KPBDIUJ7CQ,26,68,63,9.174603174603176,6.807890222984563,4.897850791498865,6.432739059967584
AGFFCGQTNV2DUYSKVMV3QMI7MJXQ,92,1222,1142,7.367402115566783,7.206042589870816,6.639823674783248,7.200712222065176
AHV65Z27776ECWFAT6I7YHKHOXRQ,22,100,123,6.134969325153375,5.193614830072091,4.089722349630228,5.02624640194329
AFGADOWDD6MKTJPVLK5J7A6EDGTA,23,75,73,6.215469613259669,6.554735547355473,4.451963241436926,6.111246569163171
AHW3QE64EJPTPOOONT2DRK2IZB3Q,19,62,83,6.815602836879433,5.614506927465363,3.987394415219043,5.270861615283522
AE6KH7MCDOWZY7BEPTRSGJYRHLPA,13,52,50,4.072289156626506,5.296610169491525,3.664620435522344,4.892386642156863
AHMMKUC45DQRZYD2GB6WPK55TTAA,17,56,55,4.652818991097923,4.871175523349437,3.3253089664329387,4.514935430909849
AGLWDF5SJNRNIW2HHSD6ZPADUHQQ,36,253,241,7.588500296384115,6.31933413121532,5.242874317828173,6.203269748987186
AEGABBE6I2JG6OBOSWBDN2UEZ6QA,18,52,50,6.1454545454545455,5.506607929515417,3.6955293529076894,5.0608116968266454
AHGRYJ7HP64RBYCPJZYPA5GF2ANQ,19,75,82,6.229235880398671,5.431340872374798,3.8634835213971956,5.055650530048121
AEWC4UI7SLIRXMSCFG2OLYL5MZDQ,22,55,46,9.482758620689657,7.6115107913669044,4.7584818442897046,6.825806451612904
AEA6LITXZF4QDOYNA7TUICM2JDNQ,17,61,60,6.0900163666121125,5.921052631578948,4.07057200251608,5.521472392638037
AGUKKXCIG4H6Z545KTQD4RZ7KLKQ,22,74,62,5.089219330855019,5.587209302325582,4.04546750524109,5.294765840220386
AE54F2G7I53WS3XNUHIQDZZKGAMA,21,53,64,7.111392405063292,4.551111111111111,3.3341577515484153,4.24896265560166
AHPRTK5ES5L3TUUAGGW7AQBGRKYA,22,67,75,7.1823999999999995,5.487804878048779,4.072840894632925,5.213178244635757
AHRFH6XYBMFHP3W3BFXG5MI43WYQ,17,45,55,4.490022172949003,5.550458715596331,3.841298930710623,5.1271333729772275
AGKYFKZ54CFEXGQTDIDWBHSDLITQ,19,63,65,5.174706649282921,6.31539611360239,4.576969927674153,5.934000469480789
AHBXTSYI3ZKDKTL7IRBFGNSNR5YQ,38,237,236,5.52029484029484,6.238351254480287,5.276107566948191,6.074397323688583
AEXLG6VRCCCJSLIXO4UNWAZRMDRQ,20,55,54,7.50620347394541,5.564885496183206,3.9485783226816227,5.21647465437788
AEO6S5KUCKRTHOYDS75RKO56ZDFQ,23,80,74,4.86322188449848,5.225190839694657,3.7244129196394007,4.95569263629633
AGLTAZDPS4TNATVZ4CP5VWORPOJQ,18,52,63,6.145454545454546,10.150895140664963,6.29001584786054,8.839643652561248
AG466BQZPTBIC3LJDRP2TUPUT5PA,22,81,92,5.244604316546763,6.591900311526479,4.863809975746072,6.124470134874759
AHN2KLI3UWLU73E74DDQ3DWIV76Q,18,63,66,5.081946222791294,7.948905109489051,5.417910447761194,7.140983606557377
AFNE6MBW25IUAQ2QHVJD2HKCAU5A,17,76,70,4.8133333333333335,5.5808656036446465,4.085806136589304,5.297303488448196
AE2FWGSXDSXHVR2CBU2NZN4QVK6A,25,83,93,7.562019758507136,8.852610030706247,5.859806586928178,8.159615512983112
AF4D4XTHGULOTY56CV3C2T5WPSEA,34,172,181,5.628614916286149,5.181243080816069,4.403538516505649,5.133389277955179
AFYMXJ7EMNIQ6WGSNFTVHOZKWQDQ,19,58,69,5.112462006079028,6.111681643132221,4.418579412812345,5.70864130083171
AEOAK4Q3UKTDY5H2WPVJBXGSZ4DA,23,81,90,5.5088161209068005,5.185659411011524,3.8717080212790433,4.99384236453202
AEP3IOWKDRLXJ66COSHMNNKUDU6Q,25,54,48,10.267605633802816,9.520661157024794,5.618148235851289,8.170212765957448
AHEDV6GYYDSJAT5GYDMXV2N77SZA,41,307,306,6.3131489048161304,6.246564376250833,5.315693378187583,6.126444570369526
AGE75E7SSHUQMNWXOCMOELFIFO3Q,15,45,56,6.230769230769231,7.686274509803923,5.090085319211532,7.159817351598173
AGGCPQDKGFJKSLR7CZ6RTFK2KWPQ,15,46,55,6.6125,4.763779527559054,3.1412253374870205,4.474861863340445
AFLDVQ2MD27WFGPH5HJ66GI7PO2Q,42,226,227,9.31703757752645,8.476558644513899,6.790234023636622,8.09954203871795
AEYHM4G2YAHQL7B4PGF2FMET2V3A,30,105,101,5.202925908447383,7.344132469402448,5.3757479276506475,7.158610592523175
AF3G5F3GQU366HIBEV5MUQSJ6NLQ,24,60,55,8.530805687203792,6.767337807606263,4.415415590900881,6.211498973305956
AFHL6PSAYCUPYVEUFD5MZT2IZ3WQ,24,63,67,6.04109589041096,6.04172274562584,4.221768790695095,5.590286425902864
AGFUGF7QX5W4NIJ5NJISSMNZIILA,32,177,178,7.144583808437855,6.65910046237915,5.331138856752835,6.478021125429942
AFQ3NFIIGSWMRKJNKGBKZOFT3HOQ,34,97,102,7.655817737998374,8.472312703583063,6.373832417582419,7.978546375819507
AFSHXT5PTGDSFW2725SDXIE6ZVEA,34,167,198,6.881075746360722,8.962962962962962,7.070157646092224,8.758756854933466
AFKJIGE3HZAFTL4FSPSSCIRIXUWQ,20,54,74,8.284090909090908,7.521978021978022,5.32479155086159,7.011535182634926
AFMIXKJH3NIEPKC427AQJQ2OYRIQ,24,70,51,7.335329341317365,9.062717770034844,6.1723867581349765,8.077717658632562
AHJSQA5D46FZG52CO4WPJTGRMIBQ,27,56,75,9.503030303030304,5.3016022620169645,3.727634194831013,5.081367157567978
AGLRNNNTTQ5OXYGDZPORZS7H7IEA,18,58,62,5.128048780487806,5.460227272727273,3.7288338397687695,5.1805929919137474
AEDTAKNYLGQ5IDBKDNMAJZUJQMCA,20,60,44,9.374999999999998,7.333333333333332,4.22344584590588,6.347609219126248
AFG3Q6HMKVB4NKWFCX6ZJ7F4Q43Q,21,54,53,8.28409090909091,6.801452784503632,4.673101767921347,6.160117344362422
AGUKAMZZ3F5B77IFMMPEX2ZVJXVA,32,74,80,13.421568627450979,7.2072072072072055,4.644075639973917,6.92643937725763
AGMUZHMOOWUY5UEIOBDMCOFVEVWA,17,58,68,5.964539007092199,7.070336391437308,4.792284354902773,6.316987047889217
AHPHBCCRZXGV5LTLHLUKWEBSMMNQ,20,56,52,6.616033755274262,4.916363636363637,3.030377420675742,4.678200692041523
AEVKA3YV63VVVWAEGQZOMUGMLM6Q,22,54,59,9.286624203821656,7.147843942505134,4.683184039014783,6.506542056074766
AG73BVBKUOH22USSFJA5ZWL7AKXA,70,675,700,5.987423945753446,6.796305029265722,5.965221672634276,6.805085638216003
AH73XF37K7J2NQJZCZQHBH4KHPVQ,34,110,105,7.324455205811138,9.479793637145317,6.72666259914582,9.051730239436802
AG2M4OCGUVLPSEJ577XQS6XTIENA,21,52,58,7.95294117647059,7.715596330275228,5.048796117546116,6.9076266612696475
AFKJM6BMDOHCOTAR7MV3BJIEGHUQ,23,52,48,7.469613259668509,6.095238095238095,3.865125361944737,5.525211630474788
AGNLPA354S3FXAGZ3FQP37X2MLZA,28,89,77,6.905841325196164,8.969742813918305,6.609810479375698,8.362482369534554
AFBUKVT3KQFLL4X536HS4KKBBJ7Q,18,50,52,5.5555555555555545,5.656903765690378,3.652584595319179,5.22007722007722
AF5HPPMUDYGZSNCQR2QZAU3G47KA,26,93,107,5.800804828973843,7.036877688998155,5.2622247496626295,6.766550826916971
AGHWTXXBNKD7LD5VJ5TNEM7VKMGA,24,95,86,6.6507000736919695,6.364888123924268,4.771305453940805,5.94533762057878
AGO2N635I4RNMKT5SM7XONDVKVDA,17,50,53,7.102272727272727,6.014989293361885,3.8881962284222067,5.300018867991698
AF32ZDFW7OEPS5CRF23FLNYR4NNA,28,97,91,6.431305536568695,5.458800263678313,3.994693680656054,5.191849529780566
AHV3RB5O4GME6B7NTVO4YBPSNZ3Q,30,103,89,6.593536357986326,4.892526250772082,3.499297810452914,4.534064328203918
AFO33UNM62QYS3SHDST3HB2SXSXQ,40,150,146,8.116883116883118,7.796634967081201,6.011648549125441,7.505637525112839
AERBXNFQCS5OD6LJOIXMRDPTOVHQ,39,184,180,7.206470838654748,6.596091205211727,5.303739351804637,6.359175907383884
AHP2CN6EJU5VZTG5ECREA4N4374Q,17,56,71,6.6440677966101696,10.225152129817443,6.420840084494048,9.148820326678768
AEQOF6IINLJ7YDIGCTZUORSL3G3Q,33,92,80,8.966101694915253,5.414551607445008,4.00778898920163,5.1118210862619815
AE3NUDU6BJXXX2VRLUSITEP7XLLA,19,43,58,6.397923875432526,4.698324022346369,3.2142373322441777,4.420506976101672
AGBOPM4PLYNYRDHQSSYC4VZ5OSQA,23,57,61,7.680851063829787,6.40447504302926,4.331781140861467,5.832302729687035
AEPYWDCGHXUF43RCWSTXOFUWO5DA,17,59,49,5.464678178963892,7.770226537216829,4.965972895904988,6.8796561604584525
AEV7Q27IHW3CU2NGA5NMHVHTLIAQ,25,117,106,5.242818843355036,5.135283363802559,3.961222144360186,4.880973066898351
AG3RPMHL2RU5CPZSOAJ5CFNKXUDA,26,61,44,9.46819338422392,5.438202247191009,3.5168571428571425,4.951439037153323
AEYSO6GNRBHDXBDQ643LNCN5W7VA,32,128,123,8.623157894736842,6.5352051835853135,4.6740879926023124,6.295880149812732
AH57P62SKJK2C5GQTELAAMKHXNDA,21,66,63,7.615384615384615,4.955056179775282,3.573273691629818,4.747614448522311
AFUQQLRXSVSFDBXUQZ4URHKQKRGA,25,88,80,5.975308641975309,6.324110671936761,4.663707490045573,6.037735849056604
AFHIQ5JHFHHIGV35KUMBBGG3DR6A,36,126,140,7.0875,9.14179104477612,6.888818271160307,8.657243816254418
AF5IPFMQAGD2KQGFA2A5C2ZTL4EA,23,62,71,7.507812499999999,8.706390328151986,6.108828892056877,7.97628579225533
AGLLMUJKBGNOTCXFUGIWZIJ36DQQ,25,77,82,4.086147484493453,6.644268774703556,4.445339124276132,6.174477199136536
AGIUTASQIZG4S2PUDUGAG7HQG3BQ,32,149,144,6.520117474302496,8.150943396226417,6.380161408657375,7.708550185873605
AFXP3NUDK7W54E34YKGYXRUTQAMA,26,73,92,10.942505133470224,6.622848200312988,5.019275973179206,6.363967337598169
AGFIWQCX7U3W3KI5I35ZLWM3U5UA,21,58,57,6.89344262295082,8.352185089974293,5.55196029776675,7.503464203233258
AFOWQBW75UWW2GHYN5QTFXB26VCQ,26,71,77,7.49034175334324,5.289027653880464,3.8726322664924884,5.071856287425149
AGLTT73PZMVDSUJFFTYEF5HVSJJQ,30,118,119,6.006902502157032,7.987027636773829,5.880353049526295,7.67120119188651
AFCAOJBDIAIIQUFMWEPZ4NCEL2PQ,57,377,405,9.06145999362448,7.080725232031083,5.94293611407485,7.029743333695457
AGPABQQDRRRPUBGVBYLYI3SWQG6A,16,60,57,6.870229007633588,7.33408577878104,5.003870428962938,6.868921775898522
AF2JKSIENLMZEGLO64PRL4FDTJ6A,32,96,70,9.346855983772821,7.446808510638298,5.114289752957549,7.010373002357872
AGDCRCVUB6LYO6CXHSVPT5XZMCJA,27,81,76,6.314725697786334,9.789830508474578,6.455869280272792,9.081850815343692
AFKDXWXTNQYE2C4VR3P26KAJD2WA,15,56,50,5.540636042402826,6.793478260869563,4.4161834967401585,6.188118811881187
AFVDR7FS4UTDJWM5V47NDLAVYU2A,24,155,152,5.2171552660152,7.009708737864078,5.246020804756786,6.765451780347747
AFJOMEO76DJK7F6SGPDHLT3SUIQQ,22,63,51,6.738539898132428,7.126027397260273,4.699258685869744,6.601565368634651
AHEHLZUNXPCYESYZNAAJXKOIU6GQ,53,295,323,6.738288811459541,7.58370284218943,6.30261266172718,7.459001453356741
AEYFFQGA7LUFW7NGTRUVNERLH54A,17,54,48,6.339130434782609,7.15527950310559,4.72034794245567,6.4
AHSJV4Z2EO6XENPW32PHQA7PB4RQ,20,49,59,8.99250936329588,8.387951807228916,5.559301818181818,7.770128000079719
AESDV676IPKF5Z2C2JJHNZDXZ4NA,19,58,69,7.475555555555556,5.284128745837957,3.6975920153749247,5.152651718794471
AET3HBH7XFS3TB22INRW6VAXR5CQ,17,50,54,5.656108597285067,6.394736842105264,4.310465437231528,5.9511195521791285
AGX4ZW5XDWPHZL56BSRPPAI2UM6Q,19,51,54,6.4222222222222225,5.902834008097165,4.002780755829536,5.430186428452533
AHT5AURVAX2HRDSOVA2BESFCYZVA,26,58,54,9.61142857142857,7.363636363636362,4.86,6.703483701856002
AFRUBJ22O26J35OD5MJLBC6RUJKQ,29,129,128,5.15360792815113,5.468624833110814,4.35675368335552,5.302274257327438
AEJUY5D3YNQ3FAOIZP3FBOJMPCCQ,26,97,89,6.842909090909093,6.4873054873054885,4.667099979664636,6.074390075363954
AF6BBUEAIGJA5DFFU6SJ7NMENM4Q,16,50,64,5.274261603375527,8.258064516129032,4.968483943241225,7.327393753200205
AHQRX6QQ63E5PMU3ZHS7DFO2D3ZA,23,165,193,5.496668685645064,5.394496741491671,4.463470565947225,5.208921829114809
AHESN2ZE5PUWBGGLEHFSHSSS3WHA,21,75,89,7.239382239382239,6.661900756938604,5.013328865689884,6.145088494430091
AFXKCGO537IZNJ7PULRMGKGU67RQ,23,113,129,6.2440097799510985,5.7681109185441946,4.590367693199418,5.616269855507774
AGYIKU5EKQ3CNUOGBYBAJXALPVZQ,27,129,101,6.3442622950819665,7.781083142639207,5.31523660946438,7.36534296028881
AHSNEADAVKGQVSQB32NT34W7YQAQ,28,98,91,6.869814020028612,5.8275862068965525,4.330867390929471,5.5990943689497925
AEWN5YYVYRNN7FMMK5OS6G7FC3UQ,32,102,100,8.846938775510203,7.704160246533132,5.5178531098142924,7.40747243871551
AGRX7ZI7LBRKIZEEVAJFE56T2UMA,26,100,99,6.518904823989568,4.750848279205039,3.564136815923995,4.664925693166843
AFZT6FKO5X5D7XSJ64D64KTFSHBQ,17,45,64,7.527881040892194,4.481400437636761,3.2700125369029807,4.2140631350765485
AEGJYULS445BFXWDYZURS3DII7KQ,21,84,100,5.831404958677686,6.067961165048543,4.646409087460601,5.72410033001224
AGKWOIPX6ZNZULSMNYW6DTWFSG7Q,26,60,40,8.256880733944953,6.504065040650406,3.8452337136547667,5.714285714285714
AHP5AG3KQWUBZ6QRXGWPC2OK2PQA,50,415,378,6.134024290344411,7.846457990115322,6.641072750274722,7.7819329898797065
AGNO3G5WCNMOBUUXEFO3ADGZYWEA,22,75,86,8.333333333333332,4.728900255754477,3.285950612925371,4.5207891523681
AF2ADBMCXOYFWR4FENJGSO5NBRBQ,26,85,99,7.261306532663316,7.487394957983193,5.399110378912684,7.015748031496063
AGZIGB7TEEPFDNGA6XYQTW54KQEA,23,54,47,7.9672131147541,13.22754491017964,7.911967273325987,10.723553670319314
AH5VDE2Z5X2ZBRZ3IYMSCVW7ZWFQ,37,236,249,5.452907773644018,4.947019867549669,4.259642956281399,4.9032028469750895
AEOE6I2CAJM23OYGDE7V3ZZAVAIA,26,76,87,8.494117647058825,8.690011481056258,6.088810980042455,8.165086550490212
AGBNDXZPUN3OWN66TYCOMCBBDU5A,21,105,132,5.349344978165938,6.506348020911126,5.085665999791558,6.281182408074983
AHB5LGBRDTBCHXEGHFYGEUTKVYEQ,20,68,43,8.594795539033457,5.093663911845732,3.1280680128858123,4.716867430676221
AGL64MFO5J2XXBOOPM7VP23GT4XA,25,137,125,4.712277178006528,6.826124945390999,5.189517052169169,6.51858302528564
AFH7RVQUMZVDTAOF7P62ZUL5BAVQ,21,51,54,5.498942917547569,8.73053892215569,5.480176565008025,7.796791443850268
AGK6P7T6FVUJW7W7Q5UJKJWF3NGA,34,143,164,6.972042277531538,7.206859592711682,5.848738459332031,6.978753474323332
AGH2BA6TQ43WVJL2HXW53TOBIWPA,34,225,209,5.438285530132131,6.398271568771056,5.263159872189542,6.1574571282747375
AFC3BVYSBC5O4TXETFMZDJS5HYIQ,25,63,54,6.761499148211244,5.301818181818183,3.5379801604052346,4.976109215017065
AGB3YZIRHOSAZGQF3NRHKQJWWQTA,24,87,78,6.031075697211154,6.120724346076458,4.351620478234212,5.60220994475138
AGYHL3IB24KMNYTUPVV4HYGB2GGA,24,63,52,7.618042226487526,10.816,7.151556669451406,9.324137931034485
AHC5EUL7VWF7722WN7C3PFQSU3LA,26,68,74,6.052356020942409,6.7940446650124064,4.7522407527346,6.534643426748691
AGDGBICJ5Y4GAZHCEQMQA34JBJBQ,41,205,188,5.693672944045523,5.649616368286445,4.426521527296714,5.533740545859848
AHPGHDFIU3BUB3RQBP56RQQA7W4Q,20,75,97,5.044843049327355,5.195472114853673,3.8418195654843097,5.096967909581641
AFYVHFLDEQ2DJ37EMQ6E72CC42EA,18,41,59,7.03347280334728,6.227191413237925,4.4613331313437365,5.632700832366733
AFB5L26ZMR3M5IXB3TR7NBTIFEYA,24,149,125,3.2643728863402433,3.808189129904947,3.005394043338629,3.738064164382906
AGF6DMCC5PQTQ7FREAKLYL6T63UQ,30,99,87,6.792099792099792,13.349206349206348,8.512153897896022,12.247604883706925
AE6VILPJGYTNMUZJCTFQPDPOPIGQ,22,89,77,4.518539646320593,4.5294117647058805,3.1910830565508443,4.418035240035469
AF2QJWR4NVQROI37WX2TQXT4QRXQ,21,72,71,5.236363636363636,6.231149567367121,4.5431035828019715,5.834498556587787
AEXMI4V5PBFOHJKW7HNXHVKRBRSQ,22,53,53,6.312359550561798,5.025044722719142,3.5683478523478076,4.552722066800635
AEJE3IIDZTTU3P36LWRHKGROEVIA,20,54,51,6.781395348837209,5.0309477756286265,3.405841096666785,4.8077634011090575
AF7R6MOJWDZUIYFX2K3IZ25RFT4A,14,50,63,4.166666666666666,7.767123287671233,5.161248374512354,6.926701570680629
AHNPLHSXTMSDKELBA22KMPNC3OGA,17,109,108,5.105715513536742,6.0123711340206185,4.664300906921241,5.670395117468889
AGOS3WGMVUTD6PZN6IKWBYIZEKFA,15,53,52,5.007130124777184,4.777385159010601,3.4476698527512273,4.484257772106224
AGGX26SORBXKQVLFRKND7XCIVTGA,23,111,131,5.562528216704288,6.967519285424279,5.228204625862672,6.493000378357927
AFCI3PAVNMM3Q5CD3YYY5XZUYOIA,32,120,126,6.106870229007634,6.704391891891892,5.181999529111541,6.3682320715785306
AFOOMWRAM34H5KWBM4YINK3A5NMA,30,87,90,7.41332027424094,6.192660550458717,4.652527429467083,5.856836033895753
AF2AG6BMIQ4SQRQNP7KF3V4KT3DQ,23,48,65,7.89041095890411,10.380835380835379,6.63265306122449,9.204793028322438
AGATU6QOCPNIZ3BFMXICJCKNGN2A,21,57,43,6.782881002087685,7.67219917012448,4.904509283819629,6.772893772893774
AEJ4MQMARLF3CETRXSPSFLBPJPJQ,42,210,159,5.834876951574492,8.200129743756081,6.4731808615538595,7.912676056338027
AFAFPVBZWY74XHOKAX7AYGC77YUQ,18,50,58,6.578947368421053,6.276119402985074,4.2772098405513574,5.532894736842106
AEDWDMTPRADRBCWYXX5LO4TO55BA,31,114,120,7.252232142857145,6.159110350727117,4.5277337184252255,5.813485000801887
AH53UV57HKNKIX5SQH4KW3DB5TFQ,42,103,120,11.322305229455711,7.294832826747719,5.474869431909718,6.9297401347449465
AGDSEYGSA5K664EUHWKV3ARDXO2Q,23,65,49,7.006633499170812,5.4198645598194135,3.7787501989933996,5.119402985074627
AGNAAF2KPX6YQ5SWLP7O2OZH4W5A,27,92,104,6.56124031007752,6.303030303030302,4.840461064380175,6.03234989648033
AGGPU5K56BKAGOFDVYZ7MZT5CCLQ,29,107,70,4.915843709746673,6.447368421052632,4.623351110068577,5.968340157854133
AF27LI5BIVYEJETYOVRIMV6XPHOQ,20,45,56,9.782608695652174,6.588235294117648,4.318375787765576,6.019216033009136
AFYTU4ZZEHT5QTOIQJW2RYEWPWBQ,21,56,59,6.817391304347826,7.20703933747412,4.598414795244385,6.5309568480300175
AFYD3MPCZTULGZL2JJFW324JB5BQ,39,200,209,6.024096385542169,6.1135059482155345,5.016716021188392,5.962462573556779
AECKJ7U2IZYLGOYRGP62GJECL4GQ,22,64,76,7.937984496124031,10.277580071174377,6.905816458423092,9.422537310255265
AHUMWKJDDUOXMXSBLG3DPQQVJGSA,26,125,117,5.094554939680469,5.969908416921063,4.4249449668957945,5.684801644849679
AGI6OVW7OTSY3CX2JSPK2KL2PECQ,20,56,44,8.209424083769635,5.6279069767441845,3.2914046699760986,5.015544041450777
AFCFTNVNJDT7S4K7OM2ZGRHSVDWA,24,49,53,8.138983050847457,6.369614512471656,4.363930254633082,5.69786253574441
AGYWYDIAJ5Q2I76YTIGUYYKYEL3Q,32,219,193,4.43139610089624,6.586914235190098,5.3368395355057965,6.296329649654025
AGFMH5U2CPPWYH77IDDBB527AWYQ,16,48,52,3.9050847457627116,5.121212121212121,3.669527736131935,4.8633093525179865
AHLQMVNQZZI5XL45I27JQFK3VC2A,19,66,60,5.777188328912467,5.572755417956658,3.8019439790162557,5.202312138728324
AFLWUZCVK4MXLWIB6H2PWSQKHJTA,31,93,73,7.67435669920142,5.627243928194297,4.113794658598956,5.3773965691221
AEMEEXPPQX5BBLYJRZWJFULUDHCQ,19,46,65,6.960526315789472,4.731243001119822,3.4310609234537695,4.4899043570669495
AFOWI4CZ6HGLKAU5OAJFN24AVF5Q,30,73,56,7.230664857530529,8.521739130434783,5.575193489784235,7.724137931034483
AFNWEYQ6IYHI6PXIDURCBE62P2BA,40,204,218,6.200238379022646,6.834052343974691,5.4746743768412784,6.754406458202489
AEYZ4OQR4ZXFL4EMBZDIZ4EX7FFA,19,56,74,5.09090909090909,9.441379310344827,6.6127297596181815,8.747603833865815
AFYAQ5GI65F2GJEXKBTBV4JB7CEA,18,53,72,4.301684532924961,5.5148936170212774,3.968464497814964,5.189194388777556
AH665SQ6SQF6DXAGYIQFCX76LALA,62,539,515,8.121690755080932,8.890322796902758,7.8318223139053895,8.802396242028147
AHASHJDTECMQU5NRAR7EFO2AESGA,34,104,126,7.59550561797753,9.09278350515464,6.743693048052042,8.572354211663068
AH5QL2G7455PYHYK266Q27LGMTHQ,22,60,65,5.042016806722692,5.494148244473342,4.09796314258002,5.1150196035323
AGP532D36STZSQSQL6H4JERCVGHQ,23,59,58,6.482309124767224,5.532894736842104,3.69429763295273,5.073918028609906
AEX7JBOSL6HLYWFY33P5XD3ZPOYA,17,52,49,6.0357142857142865,5.444444444444445,3.504092040723359,4.971014492753623
AHUYFR4DWH6WKMYTB5H7IYGH7F2A,31,145,157,6.609556743162528,6.58535933742987,5.170000224211045,6.38741292645347
AFYZLLWDEK24LDVS6KZ5LDUZYVTA,25,106,111,5.657603222557906,7.0125213431986335,5.392886549000503,6.581777723115696
AHXZMLMYFGJSSWQU3TWWU5MBYMCA,29,132,133,7.696113074204948,9.546141392336752,7.209414741563296,9.075945934775394
AHTHCWRQ5ORZ5XVPRHSDCXVRPN2Q,22,67,77,7.114104595879556,9.307692307692308,6.221406086044072,8.409996760700253
AFNCHMAKUAJOGVCKOA4XGLINHPDQ,18,98,98,5.353400222965441,5.577235772357724,4.1496739689580044,5.14959933575296
AHZ4HTX77PTDYAZIYLJLERY2RXAA,36,144,159,6.821052631578948,6.551179061933144,5.307677817312931,6.331329827197596
AGRFT73XPVIDYQ7WVYQ2AMINBHUQ,30,77,83,7.591549295774648,7.259220231822971,5.4197158437387785,6.7275968059265665
AFMKNVUMCUO2DVEEMX4VOW3NQHGA,19,46,56,6.335329341317365,4.093994778067885,2.874727254661677,3.871604938271605
AGLQQCIS5V6EGUCS5SSNHWZHQM6Q,26,66,71,8.712,8.890652557319223,5.746699679150754,7.9136577708006275
AGJEUSPFRORQIAF4UIT7R4GHVDLQ,22,74,48,5.837953091684435,5.61951219512195,3.448075278015397,4.96551724137931
AFVBUYR2KLGZ4SFVK6XGBKVZ5CTA,24,66,78,9.510917030567686,8.19946091644205,5.559726441748378,7.760254583081156
AG4CDJOL3CVXO7G6X267Q6H5LVRQ,26,65,65,10.330073349633249,8.857442348008385,6.130305752947263,8.188015248539934
AE7KDATXSB63T7FO6XLHKVSQS5HQ,21,87,72,6.281327800829875,5.514893617021277,4.01798353761547,5.178826347305389
AHKVDRZRDAZVNGYJ4R7H63IGTKQQ,27,62,48,9.19617224880383,6.776470588235294,4.125397546569741,6.0
AFRYWYTJH6VJEUFEOF4WU3ZWTF6Q,20,46,66,8.53225806451613,7.140983606557376,4.981721384205857,6.732628138974887
AHQYNYYZWPQ6F42O5XVCA54P7ACA,20,69,64,5.466130884041332,6.023529411764706,4.236711321383242,5.696812132466729
AE56JGTBHHTTS4UX4GU6ONQJ7NNA,18,70,70,4.224137931034482,5.291576673866091,3.9319550561797745,5.0051124744376265
AGZO3KJS5VFJZYJDAGCTY6SD32PA,17,55,65,8.379501385041552,6.430745814307458,4.479907645867349,6.027104136947218
AETK6AZH4AJT3UCNWYLAROX767XQ,25,59,78,7.550976138828631,5.182282793867122,3.8843160480828294,4.875012520064205
AGLRFKBE7HRBV7PMSCO7LCN4R4BQ,19,78,70,4.013192612137203,6.805555555555555,4.790371443624868,6.186868686868687
AGPGFWUIGJUZTOWTD35ZDAZLF3ZQ,19,58,61,7.71559633027523,10.6011396011396,6.67923581157684,9.165080231746899
AEFGWO2JWH3WI6IS6CNY3ZMWVA3Q,22,79,66,5.617461746174618,4.1724137931034475,2.784281498909712,4.109433962264151
AFUKCEULW4KYMWRQCVGI6K3WTVUA,71,692,757,7.797563994007685,7.910780104639765,7.020207448077159,7.822447374802502
AH4FRDTACKPAOGZSRJWE5O7BSA3Q,26,70,77,5.889423076923077,6.714609286523217,4.855063063063063,6.22794804827966
AHHHUUZFNOKWOYZBCTWI6BVD4VFQ,23,59,60,8.902813299232736,7.563025210084034,4.91406663141195,6.844106463878328
AEPPMFJUVGGQXIB64J6C5DNF7CJA,20,67,47,6.61119293078056,7.242622950819672,4.568860527719333,6.440233236151603
AGBZ6QJSCFFBQ3AFKOPK4OUP57OQ,13,46,69,4.580086580086579,5.529616724738676,4.169415366839103,5.226125137211856
AFSGNK5YT6ST4FWMWYDT2OIURHVQ,23,66,69,3.8823529411764697,5.799025578562728,3.9698204243508592,5.42873432155074
AHH6AER673CJ3MCKK7RSIB6RX3YA,18,48,60,8.055944055944055,10.650887573964495,6.919128400116993,9.30238769296512
AEUZDXOGNYGM7FLLBEFXJB5TPG5Q,21,80,85,7.142857142857143,5.840743734842363,4.1881632721566255,5.5068629552622586
AECLZPHQ72FZTCG2MWNAZIJXCRZQ,30,81,82,7.933494558645709,13.236220472440946,9.208449106043075,11.533481617473992
AER25UISEZP2EFBRSKVVI7SCVY3A,21,49,52,6.26892950391645,15.191011235955056,8.497863197781163,12.518518518518517
AGJK5FXDLTSWLFE6BG4BU5QKONMQ,26,88,83,5.1764705882352935,7.336528221512248,5.454042292177168,7.0656410256410265
AHFJQPRACCQYRSQSUIOIQPWDYPXA,31,76,99,8.067039106145252,6.573440643863181,4.984529543249968,6.1914186006141545
AFNHUUTEO4KB56CNCMM7JGURRGYA,18,55,56,7.185273159144894,9.8,6.348178137651822,8.568306010928962
AFLKX7ZNVK2DN6LG3EAP6ZNYUFHA,32,114,124,6.9275053304904075,6.210016155088855,5.006456835864209,6.07987441837194
AHJNTPTXK4IF4IPSOROYUNCEBVTA,27,83,81,5.8135021097046415,5.740157480314962,4.016293282358351,5.334149867241633
AHBILGMJZOBQNFI6A3HKHL5AIWFA,16,48,57,5.9381443298969065,7.866828087167072,5.052877138413686,7.017278617710584
AHJUDSYOGLWJG3GFHDC4UUVL47QA,13,49,59,4.076400679117148,4.7104194857916095,3.036799585320649,4.457106274007682
AGFSGNZ5OXN5SAOTL73LFINSBIAA,26,86,65,7.7202505219206685,5.437580437580437,3.969499876264622,5.0965018094089265
AGQMLAXEELMJLEKLQBHV2UBVR2FA,18,83,58,3.5382639958911146,5.881118881118881,4.018764568764568,5.3996928848215004
AFVEDH6Q5TC7HN2NVMMZPJH2HPDA,24,70,90,5.805687203791469,10.049627791563276,6.943873175342177,8.920704845814978
AENYCH5TD6KR77VTYQ5F7KHWWVMA,21,61,69,6.070146818923327,9.465208747514911,6.267845772904139,8.396825396825395
AGBHFHIPZEFAMWYB754QZ6OQLJUQ,19,58,61,7.218884120171673,5.448023426061493,3.628838193280287,5.001353121302177
AHRL4LYXD7XNEBSXATXTYL3VQO3Q,42,199,193,7.769472238571708,6.751676635852816,5.445446105034999,6.5718166572895775
AH6EWS5QFQXFL4GQD46VO22VRCLQ,21,59,62,5.830820770519263,7.3923076923076945,5.132345978163994,6.6275862068965505
AHXLT4YARSNUWKQTJSB2PMFGGCNQ,21,66,51,7.5625,5.84494382022472,3.9101089045483652,5.510617955589071
AEUWZ643QYY43HRK5MXAZ74DSCMA,24,85,77,5.94650205761317,5.8644906033630075,4.136897982295247,5.619905213270142
AFZUMKCTS2HWDZ2P4HK4PS47MA5A,25,80,56,6.095238095238094,5.939393939393939,4.029817421547808,5.482517482517482
AHDCIBI6MNNC2NPX7YA5LKQ65ZIA,13,63,66,4.173501577287067,3.212389380530974,2.4166470661737143,3.1270655023994456
AGZGO6YVZFF6X2FSR32KREOKDWSQ,21,55,54,6.648351648351648,7.796791443850267,4.957508273579703,6.942857142857145
AGYRQBBCTRZP22B2FN4S6YUQ7WBA,26,71,48,6.438058748403578,5.999999999999999,3.7876221498371323,5.551839464882943
AGGA73VALFKPEIR7UR7X436FENYQ,17,78,57,4.595166163141993,5.534923339011925,3.8627997511858876,5.291544980702662
AEEY7IUIKBW7IUCBCAOVPOZOWALQ,12,57,57,4.326231691078562,5.052877138413686,3.489049437957002,4.736161667676027
AHFDOCBR277ZUFHL2JXNNGXYALUA,18,53,59,5.370936902485659,5.499210110584518,3.738990332975295,5.2742545322647665
AGFKTUCTFTGMXB7XVHYABSMUAW6A,30,125,140,7.832080200501252,6.494367130550033,5.0670872647496585,6.192738581258506
AFERBXYD7CR2BWLDOA6YGRM4QRXQ,20,65,52,7.029950083194675,3.8084507042253524,2.7864887314738684,3.58146323663565
AGVJUUCFMBP6SABPIAXREELESFIA,26,78,65,8.288828337874659,6.391830559757941,4.508591305494274,6.088010016049764
AG2BRLCY7NVOZ33KD33PGIIJF4LA,22,63,58,7.000000000000002,6.494208494208496,4.3785105781653755,5.840277777777776
AGH3Q273ZTB2JATUUUKFVRMKACZQ,27,89,81,9.577992744860945,10.364928909952608,7.4295114881855016,9.592125765461521
AHVYINDZEXRCDK2FOE54TL7MI4FQ,27,88,81,5.779104477611941,5.253002401921538,3.867430550211621,5.05080831408776
AGCSHGACB3ZKGQTROVNVEUPIDPFA,22,69,97,8.767955801104973,6.783705839942322,4.829378765361138,6.431305536568695
AECSVEHBBVKZLBL45UNICW46HFLA,40,200,210,6.93721817551162,5.921052631578945,4.816251023427223,5.858133370676526
AE35OPCE4E5LOQAODQT5QTD5SFIQ,48,395,355,6.759889086261428,7.489451476793249,6.405467750937677,7.447411595734772
AHBPSOB5C4LMAVHKXXYZHKWQHHKQ,24,61,58,6.704504504504506,6.206642066420665,4.262726613488034,5.840277777777777
AE6F3WJIUZRLTBQIA2M4X3LERYJA,21,75,71,6.517960602549247,6.8960328317373465,4.887545380966738,6.3729456384323635
AEPYN4SBWIWISOOYDOPQ7HNS6JIQ,23,91,67,8.40710659898477,7.753022452504315,5.270701860443001,7.003188302095275
AGHE5YHUV2MJNLS7JH7VO3G6MFPA,29,119,139,6.3021806853582545,5.16742444503878,3.9478946702141164,4.998966409721746
AFERCDY2EFJKT7QUQ75GISNHTFOQ,27,101,103,5.201937786843447,4.992470588235294,3.9375891783241443,4.776677172444845
AHSYWCHPMJDHYJDHKZDZYUDYMGXQ,21,55,54,5.9664694280078905,5.629343629343631,3.8562553050397894,5.370183959192532
AFW2XSJVKJ2VVRQVD3IR2ZKCK2XQ,22,74,61,5.776371308016878,7.11472275334608,5.060535404445178,6.585840707964602
AE6MG5ZVO4BVU5UKIUVTXRAUTJLA,14,54,68,3.3986013986013988,3.9186440677966097,2.9336387585941015,3.7441516480288692
AEQGR4YJJFSHOPKIHH4MM3WFKLJQ,25,72,68,6.69767441860465,6.100263852242744,4.328378632854184,5.7512437810945265
AFSVP3JNP7UFF3XNNIQSAG6ZRKOQ,19,70,75,5.136268343815514,7.372214941022281,4.901978329850748,6.859766299473973
AF4YK6ETKIRQ36LYVR4YY3ZS4ANQ,31,185,181,7.419249945805333,6.927680270670333,5.571695869528453,6.8039471759693795
AF7CLYC43B3X2W6JN7OFE6AD4AIQ,21,53,51,6.4574712643678165,8.472312703583063,5.790315491378929,7.561110406895677
AGHZXVOSR6BUBEGP6K3BDYLSOJ3Q,21,77,60,6.0685772773797355,9.424083769633508,6.293706293706296,8.256880733944953
AFXLN2LOIXG7GYLMXNGYOZOGG7YA,21,54,52,5.975409836065574,8.666666666666668,5.442067277519771,7.616961848536787
AGEBWT6LTQS44RBUSRT5YWGNABGQ,23,54,46,9.169811320754718,5.977401129943503,3.9618075353569226,5.510416666666666
AHDDEU5EAPT6BU7KUGVBEYRF6JOA,20,50,53,5.980861244019138,6.640661938534281,4.29972625468539,6.014989293361885
AHHBH4VPAVBILY6UAS4LQVX2ZTKA,21,58,61,6.648221343873518,5.090287277701778,3.3141936334471094,4.974678951554526
AE4M32TKLQAR6IQ75FGY4MD5NVEA,19,58,58,5.478827361563518,7.475555555555556,5.060304748405387,6.823557486587012
AGGB33CRW5QSNM542FDVHPQ363YQ,32,115,145,5.8285588364918475,7.029421598127716,5.453673239809644,6.7998066620832045
AGXNNDGBBN7K2RJQQW7UBR347SZA,19,62,56,4.511737089201877,5.660649819494586,4.018471951060784,5.360699424938052
AHHISNJH3ZT4KLFHVFD4SNIQRXZA,25,57,63,7.573426573426574,7.706796116504857,5.2976579662657795,6.963179326498391
AEWUWP5UWPZOU4HXYJBYMTIDN2XA,12,52,56,4.109422492401216,6.247011952191236,4.050638023687584,5.73310874040801
AGDBPYOOBEMKUQXFFB6H4E657YAA,27,136,128,6.185953177257526,6.390015600624025,4.902584246303274,6.077164713004237
AEOYQBJW46VUK3HGQCHDI55WWN6A,18,57,45,5.983425414364642,5.802292263610316,3.8980462646284297,5.25974025974026
AGGNRJ4XCEU5NKTGXONSYA5V64QQ,22,49,67,8.084175084175085,9.997772828507792,6.667186689629667,8.801994625123509
AEEMHCO2KYLSSU547E7HNK4PMAMA,38,197,198,6.993872769868447,7.0816473988439315,5.903563450696734,6.822833275321962
AG57XB5NOQK2IQ4V7MX5T4FHH6YQ,29,131,136,5.262496166819995,6.71604938271605,5.044457912709622,6.503519390648159
AEIGRLFPH5Z3EQ73Z23CJ3WX6R6A,54,374,372,7.048780487804877,7.546297306140257,6.428813752976174,7.420452544219023
AFMIVOY444C3VLI6CK5U2OXJRTGQ,25,101,103,5.845845272206303,6.3413030484160195,4.815705855651385,6.146583755024631
AEY6Z7A3GCSZ3N6OHCGGMYYJBWWQ,25,64,81,7.670411985018727,6.567567567567568,4.714703888138015,6.069380203515262
AHMHS45MRB6MBCZJ7AWU2QSHHENQ,42,170,170,7.657657657657658,8.280802292263608,6.613121046978798,7.8832515002727765
AGGFFBBB5KFSFSSHHV7I54WUZ3NQ,20,47,65,11.565445026178013,5.90909090909091,4.236445628010651,5.559220151004416
AELWIBSJORE5MM722A4OQC53XIWA,24,69,79,6.566896551724137,4.789716039907904,3.5960874627383306,4.50288834692438
AH53UQYKESG5SJQD63N4KYJXUEHA,28,64,50,10.291457286432161,13.157894736842106,7.482802252637582,10.683760683760685
AHRXKSDZJOYVZC4CXU75S5TKFOWQ,25,60,63,6.185567010309279,5.284953395472704,3.6036043960363933,4.973692020923269
AFUZC6TF57EVSGN26BUBWJ4HM72A,24,61,55,7.253411306042885,5.828516377649325,3.504405783852632,5.411449016100179
AHFEKQZP2NQ4P2XUT6HEBM62RS5A,30,117,117,7.3008000000000015,7.200946870068385,5.796987990257472,6.9171369282845605
AGLGVDWNM5KVHS3PBM5HX464YVGA,40,307,307,5.309503689932961,5.421906460334809,4.581065128234451,5.348372197921048
AFPYDQFZTX45YHI4JTPG37ITKHDA,20,67,45,7.228663446054749,7.641509433962265,4.901966218384435,6.596091205211728
AEHWKRPNWNMOAJSMO2F6O7RFRTNA,33,170,147,7.51039501039501,8.85251945923802,6.8954708768670665,8.497464987885106
AFQ644U5B6FTZZEOEDUUCC24BGXQ,16,56,51,5.2794612794612785,4.703435804701627,3.5006729475100937,4.5712339810413365
AFFTWOUQ6ME5QP2NFPUE6ETZFSEA,21,69,72,6.7531914893617015,10.710743801652894,6.3773137871683785,9.799656946826758
AGDQCJWEQ5D4LRTWNYR4BUG54N7Q,23,57,51,7.791366906474822,10.616326530612243,6.719202486997072,9.322580645161292
AHOCOXJ7KQ7QW6J6SZITGMFK5IHA,41,177,161,6.938870431893686,6.408158220024723,4.994990349955444,6.129344998817688
AGOEJF6OZTPVVWPJDQFFISLNMI5A,16,52,59,5.301960784313725,3.8980963045912644,2.628034462657552,3.8763967891984525
AGU4TSYCYNQTJLVZPG5ASQYGZWVA,25,75,66,7.075471698113208,7.308724832214764,4.891662921348313,6.72222222222222
AE6Z6YWXXT2RBZNC2E2OT66IOWUA,20,73,71,4.840145322434152,3.92295719844358,2.9788192104074924,3.836379695296234
AHAL3GJ5CESLYFHGFIS7X7L2OU6A,21,67,59,5.914361001317523,8.768261964735515,5.187008589783051,8.058258982396914
AHW24URC4RFVEOKHFZXMVLNECLYQ,22,57,59,8.352185089974293,7.893424036281179,4.609381113176103,7.133226674729049
AHCFYNLZXWHXARK6SJSQBIY3U5RA,15,46,54,4.6,5.360294117647058,3.8566339992461356,4.967646444243226
AGBL5QAIOWK6ENWLSOW2HWUQAZ3Q,21,60,54,6.8965517241379315,5.481203007518796,3.8142883233897478,5.080139372822299
AGNXAQLRAWNX6EXBB2D4LITT2WZQ,22,114,125,4.715529753265603,5.316434161279347,4.258074805395157,5.074701718954916
AHQFFVHDUPLKSLRFOCLRMHBSBDOQ,21,60,50,5.940594059405941,5.841121495327102,3.893476325922486,5.230125523012552
AEIVZRSUIO26HLONNJVEEYPRYCNA,23,79,100,6.480789200415371,6.257822277847308,4.607027755367544,5.89625921290502
AEAXAJACFMXIAAH4WOHRMXPSZWFA,28,133,136,7.4417332772402185,5.587915407854985,4.405514879302491,5.457657601181333
AEMP3A7IKW37CMWFXNKXWW6HGJHA_1,24,81,65,7.032154340836014,7.9566854990583815,5.077679401503577,7.246998284734133
AGJITMTUCLDSYTUOSC2Z7OGJWXVA,24,72,84,7.160220994475138,7.8926174496644315,5.427275434243176,7.490445859872613
AFUFF6CVQ4VVTRGIROH44A7ESUDQ,27,74,66,11.267489711934155,6.1525423728813555,4.532869897959184,5.808
AESPFWNUHN4G246P5CIB4BE5F7RQ,25,65,74,7.531194295900176,5.1563088512241055,3.923051906414563,5.089219330855018
AGUQ2BPQ2A4H2QKDVJWK6X6MVBLA,21,78,74,4.995073891625616,4.712564543889845,3.527445810203543,4.54818530751677
AGM5JAMRPDLOXPSUPSBH3CN6WCMA,29,85,117,8.054626532887404,5.199012533232056,4.208906598659347,5.0644172816170485
AH7ETWOPU2HH47YLRGRQFIL4NJVA,16,49,61,5.545034642032333,6.539543057996484,4.475075514651488,6.13014827018122
AGU7C7CZA56W7C3PML6C6TD2SRFA,27,70,75,5.975609756097561,8.001422475106684,5.519577104553156,7.391590013140604
AEKZNV5KOIJKBCW3H2RSQVO63DSQ,22,68,75,6.386740331491712,6.256952169076752,4.283431672412028,5.7633257223840655
AEW2XCQQH7QTXUXEIEAD4XQINHJQ,19,55,48,7.857142857142858,5.119999999999999,3.458941576306846,4.6829268292682915
AGJYGNSFUQILJ2WA7XDTP5YN2ZTQ,27,74,65,7.936231884057969,9.58049886621315,6.460523950494801,8.58743384986553
AEAZROFBPDU26QZJ5ICYR7AOMW5Q,20,62,69,5.429378531073447,8.89906542056075,5.88504326328801,7.974963875366505
AGG6BKDYWE6N6DPLJJB2WGTUV5UQ,44,177,159,7.877545888860949,7.858563879390735,6.289328588575929,7.492940095987322
AEBVRDYVYXRN76VYT5NAJVIJTL7A,21,68,52,7.917808219178083,5.495934959349595,3.7348066298342544,5.111549456832475
AGMD6LVSGUU4JPEAZ4TK3UBL2MBQ,23,84,72,7.02788844621514,8.937931034482759,5.889576306046896,8.294421233718358
AGSCLYM6ICDUYZPNL2EVMDECTYVA,27,68,54,7.580327868852459,9.227848101265822,6.12223752571568,8.191011235955058
AH5W6LHK6CY3XNMTSIMU6PKFUBIA,18,47,56,7.195439739413681,8.568306010928962,5.515415250121418,7.448973143759874
AGCXLRMTTQO4VGIB3RWMXECECWTQ,44,185,183,5.526400775068625,7.031072853243756,5.830766051123263,6.777782219770934
AG47NFTVEHSXFGQG7QKQHMQ42WJQ,22,63,73,7.074866310160427,7.270122783083219,4.901585186821675,6.652933832709113
AHV67OZ7EO5D6QX53S4BEXRQ6FHA,46,300,331,5.357142857142858,5.400552077685218,4.614210386381952,5.306132850379576
AEFI22B7AS3VNNKN4DC5HADG77QQ,26,141,149,6.533355241537955,6.566400473232769,5.166627879916221,6.282121108831531
AGRQGAGROERFY6CCW4BODCENODQA,13,56,67,4.6946107784431135,6.981337480559875,5.001700510952225,6.496382054992765
AHCLCY7ATRXRQFKXEFUD7WTINBTQ,13,55,63,3.513356562137049,5.743849493487699,4.018069196665324,5.582322651859385
AHMVNNNXFUDT7MLQ4F7HNC66LTDQ,24,64,57,6.2439024390243905,5.231884057971015,3.5055023995958576,4.952755411481753
AHSMSNNZ3CE5QC57OPYLD6QRQERQ,17,51,56,5.191616766467065,5.540636042402828,3.8058252427184467,5.140983606557377
AGAQBOI26SMK7M5KPF4PFK2S4OKQ,41,207,187,9.173410404624278,7.952922447123038,6.481622255044037,7.7177764906525965
AG4Q6YXM5RL7XTQGDEETLNSXBBIA,25,87,100,5.782276546982428,7.6103500761035,5.358197982796053,7.23590516880288
AG4GNHABQ7DVDHNH52V7BIN3V5WQ,21,51,68,6.359413202933986,5.853164556962024,4.089531530416486,5.4018691588785055
AE4YA7ZSIYTFM2JSMNXZMBJ4A2VA,32,92,95,10.271844660194175,9.820457018498367,6.718535337115768,9.088620342396776
AGCJO6Z4BYMH27EYRFR4ZQXGAZ3A,23,82,87,5.4225806451612915,4.249859629421673,3.0619026553057624,4.075933645454691
AE2B5CUQIA5ULZCR34UOPOXROEPA,53,688,712,5.875086883129779,5.520461722748558,5.031073040408688,5.510620468815722
AF5F3I4YZ3UBPDG3BMFSHFNOYPCQ,18,56,58,6.479338842975207,5.112462006079027,3.592872502585878,4.9109593712171575
AFP4XV2TPIF2DYR7MDS3ABENVU4A,20,56,50,6.4793388429752055,6.510416666666667,4.096364700872897,6.067961165048544
AHOHXQZCEU3KDM3TPKZRNCJ3ITVA_2_1,57,474,550,6.090761223162004,5.889797507788162,5.187051065481672,5.845636974199056
AEKQ4KA5L7LSVKG2DEEOECYIRJQQ,29,110,127,7.2368421052631575,6.084119200301774,4.626985560964488,5.860829262231755
AGRPLHGW2CR6WWOHT5TOWXDGIZEQ,19,60,47,5.521472392638037,4.289320388349514,3.1387512686539107,4.090754769392213
AEQJCTT433QTR6GK6IPGNOJ3FX5Q,20,69,64,5.295884315906563,4.58165548098434,3.1456880872277666,4.385438972162741
AGLFSVQY3A3EQH34RY46DDTRFAAQ,28,115,142,8.386176284083703,7.110014104372354,5.472657630091819,6.728068136272546
AGYWMGGQ32YMT5CZIFHLE7VLUT3A,31,109,98,6.2302045097011,7.707865168539328,5.775484356197353,7.342507645259941
AF54KH75LOEZFH7NRJUU6MBVX5RQ,29,130,120,5.59232296492389,5.664830841856806,4.272617323188997,5.458693369246395
AEPUWWUCNPENE4E556S6ITXLLXYA,18,55,49,6.0379241516966085,5.141327623126339,3.4837548196038757,4.689471013912254
AFY4AE3MMYP5H6LPT664G44RPASA,20,72,86,6.930481283422461,8.328828828828827,5.552552552552553,7.777085360459973
AG7JO573OOVRRL3RS5JEDJ5KUFBA,18,76,81,5.222423146473779,5.286865431103949,3.8334855878376612,5.043055730336282
AFA23EPWPNP4NKTIAWMWHBDPTGFA,30,72,88,7.220055710306408,5.176470588235295,3.6144728027518314,4.870447957672493
AGFN3T4UR57DF757BHYMF54PHT5A,23,77,76,8.680819912152272,6.747663551401869,4.578796603912883,6.354243113714478
AEGBNQNP2YDBMHPTLBOYOOXXL3FQ,18,52,51,6.035714285714286,4.299173553719007,2.8404810390160407,3.958940796256182
AESINLMUAVR374XLJLRRFWWUEFWA,25,56,51,9.73913043478261,7.954128440366971,4.787437732089485,7.010985418165173
AFPM67PYOOTTHZCVAYMIB3HUQT6Q,24,99,90,6.44378698224852,6.127080181543116,4.373650107991362,5.724384484453288
AH3HJDJIIIWFU3GOLTDG5ZV2V5LQ,22,58,63,6.395437262357413,6.495908346972178,4.553226955184963,5.977423195999048
AF2IEFCJNLT3777QQ6UVOLS5SSVA,20,57,53,6.005545286506471,6.51740139211137,4.50810683788122,5.815734989648033
AGE3PTUYLXXSTCZXHJY6S76NQQEQ,23,66,69,7.562499999999998,5.504046242774566,4.085996100992373,5.119360757730094
AELO64EBNJW5S5KM443G2CMIUTHQ,26,65,48,7.640144665461119,5.485714285714286,3.4082840236686383,5.260273972602739
AGAJHXN5EQE4AAKAJQBTWVFBHUZA,29,139,144,8.047063723448563,7.34798015591779,5.827666023123982,7.086807928913192
AHQ45D2CUWAGTV6DWHF6NFNHQZVA,25,60,51,8.780487804878048,7.2857142857142865,4.683980343980345,6.5025406408790065
AFXLQ7ARUN4XYZJTA3ACK2O3JQGQ,18,66,67,5.4179104477611935,5.049493813273341,3.7926847918737203,4.642212205307539
AE7ZWVM3BUBG5OFF37ALYQHHVHVQ,26,108,89,5.538461538461538,4.297883884970157,3.255517756785337,4.166754339821146
AEPZDFSFXPXSXHZA4IXIXULF4Z2A,22,94,70,7.0015847860538845,6.621621621621621,4.579439252336449,6.210402878622373
AHH34KMAZWX4Z6F6A2K5RSPGNIXA,18,54,63,4.673076923076923,6.784615384615385,4.4726337601481365,6.300142860382323
AEGKIWEMRGD2CHDPEK76OY5P5TIQ,20,61,56,7.169556840077071,6.197628458498023,4.191954367201426,5.984732824427482
AGSRO7NXV6VMSP7OXAONAB7F57QQ,40,182,184,6.737998372660698,6.940549405494056,5.681682816429661,6.849304519168371
AG7JCEMC64AM7JPATDVGP6YZOTXA,34,138,132,7.090096798212955,5.709043250327654,4.538103965515476,5.482695689368376
AGQFCDF5RI4T2SSMDP6VIKZZ3WRA,17,60,50,4.9315068493150696,7.911392405063291,5.385628499852637,7.352941176470587
AFQX5RZCEG3AJ34QRKGSXYXLJENA,28,75,59,7.933709449929477,6.7330754352030935,4.523752568646075,6.272072072072072
AGLW4V36VALHKI723PRQCKH2S7TA,21,51,50,11.163090128755364,8.223684210526317,5.2521008403361344,7.352941176470588
AEGW32IMIBSQUFG36RADHHKLKS4Q,30,94,61,6.019073569482289,8.593533487297922,5.644730692557167,7.672164948453608
AHYOSWORVZFXM5QMRIAW3JTTFFIQ,19,48,65,7.432258064516128,6.259259259259259,4.517275966516448,5.942334739803094
AEPUMWKGBOVGCCEZFLLWZHXWYXUA,26,116,142,6.456813819577734,6.040742959856202,4.849239149365232,5.766085687408169
AELBPKLT4D4UEWZC4G6ZRKHRAXKA,27,94,103,5.368165249088701,6.857789269553975,5.124658017922985,6.609968847352025
AF3HOFY5T4LHGCCWXV5TUVVIVKHQ,26,81,88,6.413489736070383,6.205128205128204,4.464949143025887,5.920489296636085
AE3NBHX3ODICQE5ITCUEA7LGWYTQ,23,61,55,5.218793828892005,9.918032786885249,6.056169313085897,8.569405099150144
AHEJIQT7RQLPD6YSWNECMR2ONLAQ,31,111,116,7.943907156673114,8.145278450363197,5.883458805084374,7.580847476563374
AFNQHTOCHFLU75HS34DIMKZB4EXA,51,241,210,8.55768380727862,7.250904307793488,5.757262016974082,7.026794331841711
AG5UFUTELKFDXDVYOB6PZTL7VXXQ,29,81,63,7.077669902912622,5.108108108108109,3.585042556467044,4.787723885646437
AE5IOP6QCVK6HFXARBV7LRNR7ELA,16,55,48,5.696798493408662,6.4357541899441335,4.1716690042075735,6.063157894736843
AGSEHOCLLZ54KVP5F7OTRMX65FMQ,24,68,74,7.458064516129032,5.926406926406927,4.4147136062861865,5.639552840354673
AHZTEZKKMQTPNZW3AYURV4YDN42Q,58,355,337,7.195261204681704,7.132387112981222,5.896111346023667,7.0360576776280315
AGHBGROMHVS5PWXSAU4UXTEYR6GA,31,101,92,8.696504688832055,6.782051282051281,4.655409760756297,6.3687307216718985
AGE6JTC6BUGXNMZONP632XOJH2NA,18,60,49,7.692307692307691,4.326126126126127,2.826386860663302,4.001677782438284
AEFZSGWL3X6Z2VS65UON57NIJPMA,20,63,49,7.391061452513967,4.735700197238659,3.1439540457889072,4.421731123388582
AEHCPFOSFRCQDQJUNBXOLPM2YU6Q,50,260,248,6.439321775576301,6.542978723404256,5.397790776261267,6.44021648553108
AHX2VMU5UQYI7NLQGGLUBO4NLOZQ,20,69,57,4.964546402502607,4.372812920592195,3.0294804570329497,4.066358394541329
AGIKKF3C6ZIR7OPIRG54DDZV4ZOA,19,76,68,8.06703910614525,7.135802469135802,4.81369341563786,6.711189753960229
AE3L62CWQPQTOUP75PH4X4HMY4CA,23,59,46,8.552825552825551,6.530864197530863,4.296529329835132,6.011363636363637
AED4A5D3XDKTGB566GFP7YQLSHBQ,34,240,252,8.573980351295027,8.402222810267267,6.906768882968744,8.190933228989072
AHSLEMZLSENEF25Q44NSLG4O47VA,26,64,69,6.440251572327044,6.064968152866242,4.378344822371488,5.667865175545884
AG7PZ2PX5RJBIQYTFNIRY5QOWSOA,26,132,116,9.228813559322035,6.105263157894737,4.5669307292032935,5.8326842341807446
AFNLQIHXE4EPQVKXFNLHR5K6H7SA,18,45,60,8.06772908366534,6.315789473684213,3.9443844492440614,5.815847165674914
AEOK7C5TRDZG6XYAOH5LOR3V5ICA,18,57,59,6.67145790554415,6.482309124767224,4.408609010599868,5.9200851499524205
AFZUG6V6C5UTP3V3TZJJSJGJTCJA,29,103,107,6.200467562828756,7.678739101274313,5.710056455658811,7.028333531177399
AHSVSD5BR67JQAYQKHTKVINJBQMQ,23,71,68,6.802968960863699,7.758389261744968,5.170535421327368,7.247648902821316
AFEFFFWPK6A4NTSVTBW7Q7KSOFQA,43,223,188,7.567950083701111,7.536034115138595,5.89254627298181,7.343452762070134
AFJU3FGQUWXM6XKMDC2FKSYYEZUQ,32,138,113,10.260775862068964,8.668703326544467,6.129513360374363,8.127996677505292
AG6WKA67A7SMVKMN7YMI6LTC62PA,21,46,54,6.870129870129869,5.360294117647059,3.4205499820267313,5.097902097902098
AGEOZXPAYILCESAOSE2D3MWKWYLA,38,147,156,8.365853658536585,7.571873055382701,5.952162092501552,7.2731619844590565
AGDQKZQCELHEX6KUAHQOMVOQFTLQ,29,92,80,7.4638447971781305,3.9312039312039317,3.0073775989268947,3.8369304556354913
AEFYY4OQWFEI5GGGONXYESM5S5BQ,31,211,219,5.4539997549920365,5.124585960038466,4.289049603296471,5.018416699974916
AHO3ZTW4HFSGBV7UNIZN7PW74CSQ,20,107,111,4.784371082323444,4.60942760942761,3.55728346320922,4.464145085542315
AFXQNE3PUIC6FOZ7WFZZ757LE74Q,30,93,82,7.986149584487536,10.951140065146578,7.22933176427154,10.096096096096094
AETHKES5SOD7LCBRQTFKZJTSOYFA,31,75,63,6.609870740305522,6.411954765751211,4.54639175257732,5.906263078991017
AFNHSZFT2L4XI2SBCC4RKRNY3HRQ,23,79,66,5.222594142259413,5.823529411764705,4.2693395252837965,5.377810564307662
AFAOLRTHKC36JVPANVADVOWZDW2Q,22,53,68,8.095100864553315,5.928205128205127,4.225156852921561,5.511330833049209
AF7UUOEIY6ZART4P6WQGG7XU2SSQ,27,80,79,7.843137254901962,7.695437731196055,5.292574118645758,7.052013416392052
AHIS5MNAQJU5EVZAMG4FG7DEFJVQ,23,68,55,7.293375394321767,9.02985074626866,5.694668849112063,8.153638814016174
AG7CY7WL33GTS4OKJJ66WL5VM3LA,21,54,61,7.593749999999999,5.878357030015799,4.038003920923761,5.504449915203239
AFRPPMLQA6US5AGWTNF6IFGMBHJA,18,87,82,4.278688524590163,5.431340872374798,4.055244233871555,5.132824427480916
AFWGSI3AV3UORK7AHCCYA763KEYA,24,59,53,8.902813299232736,9.090614886731393,5.740894837950053,8.189504373177842
AH5DZ3X7JLNNTZU6QNP72JXJ5NQQ,30,141,151,8.144612863580502,9.418009087154067,7.442075004530282,9.223743237133064
AHV4TIFEIBV4GIILG6BATSJQZDUQ,16,59,59,6.920477137176938,3.541200406917599,2.556192235513956,3.4094156289540756
AESC5REXK7R6DR5ODABVECWGNJCA,21,66,68,7.048543689320389,6.942942942942942,4.6580468800102635,6.40443213296399
AFCWPO23NJUDE2XHXFB6MFNJOB6A,24,67,69,7.136724960254372,5.191930207197383,3.7279778825837293,4.7657657657657655
AEW5HVT4YG5IO4C5U3H6VC64WWWA,21,47,63,7.861209964412812,6.648241206030151,4.845563571629345,6.240581465778318
AEQ5HOT4X5OKYDVOVDEIEZZTQIMA,23,66,76,7.211920529801325,5.4593572778827975,3.923116579396364,5.11152043705987
AG23JMWXXL26P4BXUKDALHP5MKWA,23,64,57,5.0945273631840795,6.840000000000001,4.358757186021018,6.095770632029147
AHNNWOH7UJJZ2MRAVJYI7QEKFWKA,20,60,51,5.3731343283582085,7.0871934604904645,4.2239063043562295,6.39066339066339
AETNNBJAVBJBCISV56OOOWLPJMIA,35,138,119,7.121914734480178,4.878057182225285,3.7544440474072243,4.82652174685802
AGC2S4H5UCCL24WP7V3YJVMQN6XA,17,54,58,5.975409836065573,7.896713615023472,5.332266313932981,7.127118644067794
AEVYDTEJFNREETYZ6Z426MY4YINQ,21,56,55,7.724137931034484,6.062124248496994,4.26478246718021,5.4701627486437605
AHNI46X4ZHR5O4XL2JWBDFJNVHMQ,26,72,84,5.355371900826447,5.394495412844037,3.764607279910988,5.101954945082522
AG2L2V7VZCTSJXDAMHS2IQKGK4XQ,53,244,271,9.064555420219245,9.337698664971393,7.611824076623118,9.17897992196793
AE5WIXDVVE4ELVZ3GTARNEEVOBKA,37,263,271,4.953734870729786,5.208950989431874,4.444264014229078,5.119627144828337
AHC4UURWTZDM66EK3QASG2PNSFPQ,32,119,109,7.084042021010506,6.56046383213694,4.624576833044682,6.3501091947866435
AGPMIOI4VJG34LTTSDK7SR4PHQLA,27,54,50,8.836363636363636,7.062146892655367,4.8628706301088895,6.459991453448
AHSZXCJL6TJGVOVCZ4SFUYWDMMZQ,35,135,120,7.798459563543003,6.222990492653415,4.638133749495778,5.856040008732066
AGJHBER7DOTPFKZBFMEC6GQ4H3EQ,22,88,101,6.378912685337725,6.724456163480553,4.97270514933783,6.456331700180941
AHSTHVDE6D2AV6M5NYKF2V2ZZUDA,31,78,77,8.642045454545455,12.326403326403327,8.060187416331996,10.959334565619223
AGRBCVBFSGXC3IOJMZLUSLD75AQQ,19,51,50,7.41025641025641,4.844961240310078,3.3468314911906147,4.480344295991778
AGBMTWVIUOIHVH55POZS4KZ2HLPQ,22,51,56,6.6521739130434785,10.248366013071896,6.728175782253035,9.037539033951234
AFXBZTQQFKBDOGT2NSQVEE5VHKCQ,16,48,60,6.127659574468085,8.181818181818182,5.6014930476407585,7.361993977919036
AEEVEI7O66NCAIZN4VGVZHYLJPOQ,21,55,46,8.473389355742297,5.425641025641027,3.5254988962472407,4.94392523364486
AHMU7BKERSEPLJEPFYFDWQ4IR22A,19,51,53,5.275862068965518,6.801452784503634,4.450261926450953,6.256124721603563
AFTS2ADH7XVJ5VNQCXLYVNMTJNGQ,34,184,165,10.136526946107786,7.930381590445674,6.144507707396303,7.57935767028234
AG4D44BNNLUEZNG7COK2CNRYUHYQ,31,111,115,10.293233082706765,6.978891820580474,5.183835662466121,6.696209398452195
AGQEOPDLRRHUGN4UAU3TZFQQ6KUQ,23,63,55,6.391304347826088,5.570902394106815,3.7855098211090956,5.0416806713351985
AELXQXLPI44TDSYJTF7SVIJ4YHIQ,24,68,83,6.35164835164835,6.00610287707062,4.423967476343122,5.764869704297066
AH3NR6XSWEZ6KZEWH52WYA5CBZMQ,27,115,122,5.521920668058455,7.933901918976544,6.055083384601137,7.625
AEMXI5DX7EYO7YHIWRHZQHLRPJGA,26,71,53,6.538261997405968,5.007130124777183,3.230249650922362,4.56752797967326
AFDNVPMB44ZS5O2CSJTL47BI2QTQ,38,289,295,6.190867986064782,7.177319587628865,6.089950545502071,6.979869585785034
AHWARWFS7J5QIBMJJRHE2XHFNGHQ,21,84,65,8.689655172413792,6.76,4.849637526652451,6.259259259259259
AFCXZMRKPFASNFASWKYGQA3KOFSA,17,63,61,4.2631578947368425,4.233219567690558,3.0982514571190674,3.975431888094328
AEXEA5OJQ2MKMKW4R2CTOAG6VHSQ,18,57,57,5.165341812400638,5.165341812400637,3.582138919514885,4.863783354959292
AG2OYMADQUADYDHDVGEQCQQIQU2A,21,53,48,6.736211031175062,8.930232558139535,5.728519961767517,7.7057718120805365
AGBCW524EY75I4GQ3NX2SJA5TOQA,20,71,69,8.558573853989815,6.049555273189328,4.178163475358578,5.799025578562729
AHXVRHUOXQOI2QAMSOZQYEMB6PPQ,25,106,100,7.372703412073491,8.18330605564648,5.844239158326919,7.645259938837922
AGWPLX6PRQI76ME7NEH5CGCOW4FA,22,88,75,6.6873920552677015,8.259911894273127,5.835179357488521,7.540228026198755
AHQRUMMBNH5Z4EVFKPHDC4GJG3UQ,24,66,56,8.2188679245283,7.840000000000002,5.0095846645367414,6.9074889867841405
AE4PDGC7A45A4KDP6EMY47BGECNA,25,69,78,8.36731107205624,4.680000000000001,3.5038044856889194,4.389619529909545
AGRTXUUEFPETZQT2722PETQGPAKQ,23,96,110,8.362976406533575,5.78393881453155,4.535232383808095,5.7075471698113205
AGXW4GMCZS36YKWXW6UNNQVIVPDQ,29,140,139,6.498673740053051,7.980586534489878,6.293093508218192,7.630727888513267
AGU2OU5SZRWSPMRR3WXEBTA74VCQ,23,62,64,6.00625,5.475935828877005,4.087011662559572,5.165203674019795
AEBWQ2GVFZS7DBIN4Y7TR5IYJ25Q,21,52,56,7.770114942528736,5.640287769784173,3.880708959784868,5.107546048722519
AE5E7LP2G67TUD3AOUNWDLTCAGIA,22,71,53,5.787600459242252,9.090614886731395,5.627020243269842,8.095100864553313
AEQKWYUMGE4XQ2LIM43ACOBFGRKA,21,73,64,3.6981263011797365,7.037800687285223,4.862318848679615,6.440251572327044
AHWBB45Y4C7RMXLHNXOOG7YPSCIQ,26,72,69,8.442996742671008,6.910014513788099,4.764343149119267,6.390604026845637
AEYVCA7335K6ZSPAFZ2DEQGVPU3Q,22,68,63,8.926640926640927,6.041095890410959,4.146902958606961,5.55883443344874
AF3GEGWGFHF5BHOAKC3BMXO6TVKA,18,52,61,5.802575107296138,11.812698412698412,7.898542079063484,10.45232966426007
AHOEMVRSDDBHFUNOSI7RWHACVQHQ,20,66,62,6.405882352941176,7.8130081300813,5.123299470899471,7.092250922509225
AHARNUEGZ7Z2HOOX36AUNGBYUDWQ,16,53,49,4.989342806394316,3.878836833602585,2.706572628252359,3.6214177978883857
AHZOLZNKJ2RYBU6HONMMBO3K2DEA,19,58,66,4.357512953367875,5.273607748184019,3.709448502872982,4.96127562642369
AEJP557V5GGMT74RJBHACELPQGUA,23,82,63,6.1688073394495415,5.068965517241379,3.6631434487407906,4.810909090909091
AGFXY5HVXFJFJ2SJDGZL5YLGR6RA,15,80,89,4.783258594917787,6.079048349961626,4.4372866908374995,5.8761159934246985
AHSJS6DJLJXZS4IS72QU3PPJDDGA,19,62,39,6.767605633802818,4.5675675675675675,3.072727272727273,4.099730458221024
AGNBQTR2GWKJT5ZW6W4AUOP6P7SA,27,118,114,6.852362204724409,5.76063829787234,4.4653671841326155,5.59449921427936
AH3EIX5R7MWRNMAOUAC3M2BIM7NQ,26,99,91,6.477858559153998,5.803083391730905,4.251691837780741,5.495023224950233
AFXSVEP3YV4X5H2YRFZJGLAFFZWQ,49,217,248,8.120193136747716,7.75,6.341283759372246,7.600593642744718
AGMRMTUJSE5BHHM3NIVFC4LDTLIQ,17,54,58,5.244604316546762,4.805714285714285,3.418007142622033,4.521538050194026
AEBECS4OEJWMFQPDJGEC52HMUMQA,23,58,66,6.950413223140494,7.642105263157894,4.90375929620896,7.048617511520738
AF3IMSGEUBADYHCWVA2GMLOLGLRQ,26,91,94,5.885572139303483,5.400977995110024,4.06795283621436,5.095739189663798
AGZXNJ2PV5A4ESO3LJBL7Z6UQXAA,22,58,51,7.85981308411215,8.999999999999998,5.997521583458625,7.7181008902077135
AGFTTJHW3JROK22D5O7AJIWHUGUA,46,287,274,7.25782007225306,6.230373443983402,5.312715348695379,6.1467170470777015
AHEPSUTVYH4JWCYPJNRQYNWPCDDQ,25,73,73,8.779242174629326,7.580369843527737,5.2590632862096,7.1053459650594935
AFK6BWT7CLDV7GB6BNWKJ4M525YQ,31,93,106,8.925696594427246,6.9788819875776404,5.2438617871391,6.728153362477483
AGXW65JPLFRFATNRHS7W7IQJXHUQ,24,65,63,9.164859002169196,6.432739059967587,4.395348837209304,5.82819383259912
AE3665VDHEZ2735T5HT7QFJI5SMA,16,69,68,3.4276457883369327,4.867368421052631,3.5241220254668306,4.463320463320463
AGFRYMX6TRFD2SEB3OTD53KBO2QA,19,58,56,6.116363636363636,5.894736842105263,3.9486322860046843,5.472966058331912
AGLMC44V6XOE47WXTAWKUZVCO4BA,21,45,55,10.828877005347591,8.870967741935486,5.259957802727753,7.816746235769371
AFGTWWOJY6YDBQTS3MLKBDIU4PRA,24,83,72,5.79394449116905,5.917808219178083,4.46781569764003,5.696703296703297
AHICGNERKGDX6HTSQXCO6CZV2TDA,15,57,59,5.983425414364643,4.411913814955639,3.1161046720477983,4.148986889153754
AHA3DNMQOCMQGOK6RYLBYFTW7OWA,20,47,56,8.273408239700377,6.8471615720524,4.235012612612612,6.3739837398373975
AHQOIFJGCVRXQSUD3LDINCGNX7IQ,16,51,53,6.006928406466513,4.785349233390119,3.323867880371377,4.375400023777001
AGDTZA7K2JTIM3RXVJSKEWD3FXNA,17,47,67,5.767624020887728,7.228663446054751,4.744381869706948,6.601484864802908
AH4WPD5UUVJGONWDBWJKFXVTOXGA,24,67,69,7.469217970049914,5.0168598524762915,3.630751708428247,4.667687436742533
AEZUL3R34WWAORYARPTJG2X6KC5Q_1,45,298,307,7.370849933598938,8.298758474949368,6.939207613600527,8.124914336535591
AETGCWXC47MSMK6B2TLZ44KCFJZQ,24,59,63,7.518358531317495,5.161248374512356,3.4979635492427485,4.805091788501704
AETLOI346AO5NNO4K4BLOUGSHFQA,20,63,49,7.418691588785047,11.167441860465116,6.915365731504061,9.16425564150751
AHSOZEZXI6YMY3LM3UAOKVNVDKPA,27,67,65,4.144967682363804,6.738437001594894,4.460987111426133,6.185944363103954
AEFABG7LRFZVH33RQKZ7YNXECC6A,23,60,51,7.4074074074074066,4.571177504393674,3.212345769870247,4.299173553719009
AHGGZHNL3AGAKYIBU6CBUQORYUSQ,21,53,54,5.4332688588007745,11.215384615384616,6.78139534883721,9.592105263157894
AHPOBCUP2UBXTXYUQWCPH2U4VGEQ,28,72,85,9.425454545454546,6.0258548790658875,4.218800559170807,5.60512024825446
AHPAZHQXXDK2T4ITHUTDY3PKZS5A,29,78,75,6.324324324324325,8.693972179289029,6.053599797867222,8.012836772503412
AFQF4MA6OXHSWGMXSIBLC3E52AYA,20,48,57,6.095238095238094,7.434782608695652,4.768155342288832,6.927505330490407
AFXKFLPPZZYYA3UFWVV3PRV4NVRQ,13,50,59,3.8226299694189603,6.410681399631675,4.265552403779201,5.772802653399669
AGIBOWXXHX5LFZICWOIGRCRWPTDQ,27,71,71,9.283609576427256,6.555266579973993,4.394179656520959,5.98694431162134
AFSBABG7RACUQLOTENHB6GOAJYVA,16,67,65,5.79225806451613,4.850746268656716,3.625066203999634,4.622543826573057
AF2T2NURQISR3BHXLKR647ILUOFQ,38,149,138,6.436938242968978,7.421667965705378,5.722226630177839,6.986094005684265
AFFETTREBYRVZ25DYQKUHBF2X2LA,23,71,79,7.011126564673159,8.728671328671327,6.2081075335488745,8.073738680465718
AEAV6DQ5GDYWY72VTH2TRC2QA6QQ,20,55,46,8.426183844011142,9.120689655172413,5.592082682238124,7.954887218045112
AEFQEZEU4ARVWWNLFQAYV26LBUQA,18,45,58,7.527881040892193,6.59607843137255,4.5330833550705725,5.98576512455516
AEIADAB2WYAUS2QNAIW65MGIDTNA,21,53,56,5.864300626304801,9.503030303030304,6.076346113555416,8.296296296296296
AFC5MFTGAM4N2SK3QGBSMPC6ICQA,24,97,78,7.966977138018631,10.711267605633802,7.401459854014597,9.672520473157418
AEDCAPZDU5DXR433NEDAE7DZHY4Q,19,52,51,7.511111111111114,8.257142857142854,5.047577287889236,7.306237424547285
AF7AJKISXNRQBAZKQPSXNAZ22QEA,26,88,112,9.025641025641024,8.441453566621805,5.812623045744065,8.051361149561664
AF6VWYHPUYOKOKNW5ET3RUJ2PMVA,26,73,70,7.894814814814815,8.333333333333334,5.6837968333763,7.561728395061728
AGMXZ76NFVTSMHB36ENLFVWU3HKA,20,45,57,6.553398058252427,6.671457905544148,4.243242467718795,6.084290999631779
AHI6LJKGAE5OOUFN2ZITFVROGLJA,20,53,61,6.704057279236278,6.6327985739750455,4.213092856294711,6.150413223140496
AGLGCQJ6R7DK2HOZRYGHMQ7D6BTA,32,125,120,6.401065137238836,6.569343065693431,5.2104433871083025,6.2909579503465975
AF3ERH3TU72TZ3MY334WSSPPPZEQ,27,133,139,5.793973141172618,5.1674244450387805,4.161126500959201,5.031527136558003
AFHZYGTGYN4MY4HW2P3K5U7FMVUA,27,85,63,5.684500393391031,6.902608695652175,4.52260120848634,6.350400000000001
AH3SKZJFV5YLTSKRJLMWP5BVEKNA,28,130,116,7.012448132780082,8.125603864734298,6.038148000186111,7.764572694992952
AFZJKSYKMWCFNXIVQQ33VAJIL7UA,25,73,69,5.875413450937153,6.207301173402867,4.416979432975922,5.743063932448733
AHXUNS4RYQXI2O4FLAKVE7FA5TBQ,19,56,68,6.7296137339055795,7.784511784511785,5.46987695117179,7.169009480222297
AEM3DX4EPJH4P6HSKK7FV6FTA4XA,25,60,56,7.317073170731709,7.5023923444976095,4.7804878048780495,6.862177277254271
AFTPC7XK7ZWHRGU622TBRJVDQ5MQ,30,117,111,5.566897112647418,6.34775888717156,4.64910105204556,6.17284724078599
AHTPMTGKDKEHK2LICVISESYKFCSA,52,201,193,10.805295533565126,7.557110975857173,5.95243385199937,7.203495076207846
AHFXTIAWOGPOJFLIXLHBTSKEM4SQ,19,60,46,7.003891050583658,6.4907975460122715,4.351254642176051,5.927217374929382
AEDBLGC272WA4ZTVJFCW6XAZ37LQ,27,58,74,7.15744680851064,7.800569800569801,5.079777365491651,7.2053130561846
AFWX42STP4GA3B3ORU66C65YZJ7A,17,67,68,5.807244501940492,6.4581005586592175,4.4971827587247,6.005194805194805
AEIY34D6GHL47CSXOINXLX437PTA,23,77,90,6.58046614872364,8.148893360160967,5.616421406414557,7.63431403901503
AE342HUMEILY6AYRPTDSYOCVVATA,24,69,55,9.03415559772296,8.717579250720462,5.372050802433235,7.898172323759789
AGUPNA6RKHWNICAGB7YNK4LCSOZA,18,52,48,6.1454545454545455,6.939759036144579,4.4121148551199685,6.261054497120071
AGK3KPVKOY7WCWL42YFVX4JFTKVQ,22,59,65,7.089613034623218,5.146163215590742,3.465106895916693,4.6685310877254675
AEE33OSHYGNPVW65BJVDZQ5QWWUA,52,493,516,7.58650934856572,5.9602435530085955,5.18542441307495,5.874117170532758
AGM2QNWSUKRBQTUCHVPRWCIYSZ3Q,20,44,63,9.877551020408164,5.694404591104737,3.841835935855887,5.256990531927771
AEIZ3OK5TPZ7MTYXHKCHMG5MQWJQ,18,42,59,5.802631578947368,13.235741444866918,7.7857376322227365,11.413114754098359
AEOEUEZINH6432YDLXJENERMAR3A,32,131,156,7.141489804411153,6.468899521531101,4.883711433101613,6.427894028321327
AGECFB3AOIPXBVOGL5W2J5NR2NTA,24,62,82,6.815602836879432,7.183760683760682,5.140280365104933,6.77140666580126
AGKG4QSOD5HI433GAXYTG4O67XAA,30,94,111,6.085399449035812,8.111257406188281,5.919447782529041,7.817896548600418
AF7G7ICZETLURH773PBFYFN37JBQ,32,72,71,12.0,7.150354609929079,4.784133786539284,6.606996786068267
AFA367Z5MOI5XVW7IAQJS7OGXKMA,24,105,117,7.813607370659109,9.083609820836097,6.7808616530557,8.502487752203908
AEVMRLM3SY7CPJJXU3CBA3LU3AZQ,22,54,71,11.129770992366412,8.797556719022689,6.095525997581619,8.10452255591484
AERZDTK72SST4ZOP5DP6D25SOYXA,23,61,69,9.870026525198938,7.202723146747353,4.877689375819767,6.594195475394364
AFPPNF3RSFMMNC5UAM6V4B475MBQ,79,1039,996,7.386744489985837,7.122560634127428,6.567407836635038,7.0366735796241615
AHTEFBKI5JV3MIF27A6JBWFYLUIA,20,79,69,5.949475691134413,5.24917309812569,3.7927229701337395,4.913333624436476
AECJHMLCMX2LYNTA53VGJOCRN4IA,21,70,75,6.712328767123286,6.548311990686845,4.436171563243386,6.140837013068273
AEXP4AULLRFINXRFJ3FXQDFYYOWA,21,51,56,7.452722063037249,6.222222222222224,4.186524064171124,5.640287769784172
AH4YBVO724V3BJUUFP4DBFQGNEHQ,34,181,177,7.765110215690922,6.259540459540459,5.09141459276515,6.1634899471000235
AHQRO6CGJW7NXE5PLDR3H6A7J6GQ,14,51,61,4.256955810147299,6.232830820770519,4.074244589397256,5.587099683241087
AE2G43TSRIY2IGH3G7QCXLISYTWA,21,48,60,7.8904109589041065,6.818181818181817,4.711426735745629,6.304747883695253
AFXWRYKUE5QNX4J2WGCX4TNRUKHQ,22,60,50,8.450704225352112,4.401408450704226,2.926042045892945,4.280821917808218
AEVHSN37PYEPB3FVHZPD3KB4FIGA,18,60,57,5.572755417956658,4.674820143884893,3.1571281526328145,4.275007401328605
AGGVWJCNYRITT2IQMXPQBRXA2IPA,31,140,147,4.827586206896551,8.096290745597601,6.236363636363636,7.7175246094534735
AHBWAVRW22FT4GAN2VTWYNAEQFHQ,33,281,277,6.3417396193076865,7.441470274464164,6.206244824634539,7.317280782026389
AHXC6RWIQNNNVBU7LDEMFHY32QPA,21,45,55,7.527881040892193,5.353982300884956,3.776529338327091,5.0416806713351985
AHTFCHR7EEPL74GXYDKXEPITDMUA,25,83,83,8.866151866151865,8.473554735547355,5.9609306063198275,8.07620164126612
AGYIYHWC5EJWEENTNN2IMPFEWKSQ,35,119,118,7.576779026217229,8.648447204968944,6.348183895574406,8.128432425653497
AHBZUJHBQTT2XLRRAJMAIQ6SDWYQ,16,76,90,4.781456953642383,4.676674364896074,3.770424518759434,4.542906644924583
AGMZZSWOJMQ5T2RJD7ALKPU5Q7RQ,16,58,42,5.425806451612903,7.7368421052631575,4.477157360406092,6.6818181818181825
AFBE65EUNTT4L5B2OFQTKZMMNTCQ,22,52,56,6.201834862385322,5.521126760563381,3.803995519044063,5.288740245261984
AGG247BNLSVS5QC2V6WRHKRRA3HA,27,63,42,9.295081967213116,7.538461538461539,4.3427081581160625,6.83720930232558
AHYBD5HSNVWNAUIMWXPEAELXPE6Q,20,46,57,6.738853503184713,9.0,5.332372942448636,7.963283131987289
AFJ4YAHXPKZQSEJTCCJ5Z4KPYZKA,19,52,58,5.429718875502008,6.276119402985074,4.334494341822808,5.830173490965013
AHOEORVDRRM4NKIKRFYBA6WA3HFA,53,198,201,8.452781371280725,6.233760222187933,4.986793251287787,6.109357488695867
AE5HNX5HIVHJH734GBQBRKUMGYTQ,37,119,119,7.658734451054625,7.341109383100052,5.515786877577922,6.888116839809911
AHPJJGKSFFTOQBOIMVPHKXLU4LDA,18,58,68,6.094202898550725,5.794486215538848,4.179330630054445,5.4399999999999995
AG7E7S3UCX7TSIX5T2XBQIJSGUBA,21,58,47,5.820069204152248,5.592405063291139,3.6621428825122053,5.247030878859858
AF2G6T5LU5O65TBXEX5KJAWUNNQA,21,75,58,6.502890173410407,6.1611721611721615,4.225601062958904,5.653797482656543
AELM4ZCJJNCHH5KIJAFUBUETRIZA,19,50,68,8.445945945945944,5.7227722772277225,4.01354106489505,5.248587920016492
AHASI5YMJXXINTYKBGRHH6TYJF3Q,30,109,119,5.388208616780046,5.721616161616163,4.566150489573896,5.538130621822449
AGIGZYOXSFZD5ARXBWU2HYCEMV3A,17,51,49,6.486284289276809,6.688022284122564,4.131117289671507,6.1564507327464355
AH4UJ5TB2Z26ZYO2NIBATDXD33CQ,22,65,65,7.956685499058378,5.827586206896552,3.958226716941654,5.430600231627189
AFV2ZL27BT6G3RTJTQ5DMYO242TQ,22,66,72,6.187500000000002,7.83081570996979,5.5243156010944965,7.11112449194641
AF6RAMF3HODLXIH22AWPXFB5SLTQ,23,56,58,9.169590643274855,9.191256830601091,5.739638039516148,7.990543895283232
AELWTO2FDWKKXJRJTUVK67V4PCBA,18,54,53,7.515463917525773,5.37093690248566,3.76037483266399,5.034066346996914
AGH56H33R4BLJ45B26ST6ELWJJPQ,22,61,68,6.49389179755672,7.555555555555557,5.2284235943428765,6.922155688622755
AF7JHO3LOD3C24EXXXVTSVFZCTZA,39,153,150,8.66679007774898,8.241758241758241,6.365007995621325,7.889204440674215
AFBWBIAQAHVF5O6BY5J7AVLBPXTQ,20,53,57,7.53083109919571,8.062034739454095,5.003870428962938,7.350716358778275
AHWILCXLWSKQULRFGV47UMTSOYXQ,27,134,133,6.44971264367816,5.378230465186988,4.168520190342624,5.201119117072774
AHBFC5KHUWMYAUZZOWESXOC5YGHA,20,56,52,6.7008547008547,3.9075144508670507,2.8701842455647917,3.745152354570637
AFF3DRE7KFNNEPNE3TQZ7WYGZLEA,35,158,131,6.850713501646543,7.516863775733684,5.609636961287091,7.210536025598589
AE56O6VUY4WKRV6L6YWKZFS3H3NA,22,50,51,6.684491978609624,5.47578947368421,3.7413752431531164,5.021254234635123
AFQXUO3G3P563OKXL5C27GBJT4AQ,29,91,117,8.390070921985815,7.09642301710731,5.304966898630601,6.661320178137878
AEKZDFPVCEDQWPDXT7PQGNQ5XZQA,22,52,50,8.45,4.844961240310077,3.1883698135742837,4.62962962962963
AHWYUSDSB2P3NV5H4FPRF6E45WQQ,21,67,69,5.213704994192799,5.203278688524589,3.6704961351564536,4.903192584963954
AHVB7RJNAZ35HUAHNSYLMZDBRZBA,20,67,53,6.208852005532504,7.258397932816539,4.71943210673251,6.609411764705883
AHWFAMRETIELDXF3D26JA4SRA3FA,44,203,218,6.734597156398104,6.276281035393556,5.1953019085336765,6.215544340377795
AESKKGQWJQBWLIA7JDLXARU3Q52Q,20,64,55,6.585209003215434,5.224525043177892,3.2980840843187615,4.778830963665087
AHLW5VGKONX6PWSM3OSXDJ2DM5XA,23,54,49,10.720588235294118,9.415686274509804,5.620341561751172,8.030100334448159
AGLDJAFXAECQPHKDFOYDLI42RKDA,19,59,55,5.4818897637795265,5.851063829787234,4.045285554625667,5.382579319472017
AETGGEJL7732J4VMO6KOTNIO5I3Q,35,153,138,5.590876522569859,7.398601398601399,5.5005905059783045,7.03769785776092
AE6MKX6TWGESBF2HBPH6F7YQPFWQ,22,55,53,7.658227848101266,11.28112449799197,6.966798153894929,9.58703071672355
AHZYIJLRFRVKRPCB2TCDAYOUMZUQ,18,54,57,4.391566265060242,8.102244389027433,4.580587846568101,7.1721854304635775
AGALVS634GMESOLR3NZPTBMQA2MQ,19,54,50,4.942372881355933,4.6468401486988835,3.131277324825711,4.244494407932664
AGBJJYJ3CKEKID5PLR2QGGUZFCVA,20,49,56,8.30795847750865,6.297188755020082,4.318375787765577,5.640287769784173
AEH5AV4XJB5LHNTTISX22GUTPWWQ,18,52,53,4.828571428571429,6.228381374722838,4.221549564848227,5.791752577319588
AH4TRCQOWVEJNGWTTO55UINTHZIQ,27,126,109,8.373417721518988,4.8474092207262345,3.703332513978967,4.677565580335145
AFGK5TZEPMOTH2NGW6WMAOX7Q4EA,43,267,265,7.800525221577854,7.89843662130244,6.4547627417257,7.803663736564035
AETPZ42ZJOE4UCJETADBRCLJ4ATQ,19,63,71,6.411954765751213,6.953103448275862,4.732889721961886,6.317052526448526
AG4IP5IZSXVECLEUJBWCPBUKBWSA,24,55,70,7.898172323759792,5.632183908045976,3.804517380585444,5.3203102895406955
AEEI3VXIPT4LELQZ5JRMUJGAUJSQ,23,59,48,8.511002444987772,6.939759036144579,5.027315163379009,6.2779757662152536
AE6U2ZCGCBRDU3TT3PVH44ITRLOA,26,78,69,5.510869565217391,8.833024118738406,5.658450523732894,7.8955223880597
AFR7G3N4UVC76GTHQP63TKQLX4TQ,24,61,53,6.852670349907919,7.91267605633803,5.096166511338926,6.918761185427853
AEBEMOA4RWLGGTJNMNXBX5DT4CPQ,33,121,102,8.084483710657095,9.423913043478262,6.7014624061142865,8.99222797927461
AGAZUDCJ2HPHTM36WELPABLEBJRA,25,74,65,8.322188449848024,6.983471074380164,4.885388708053238,6.460259752405222
AHU3PHXO5ROPM42MGBGX2WN6IX6Q,47,355,325,6.449260529143852,6.716156927576777,5.736872522215719,6.713595735516593
AGGIJ3RF6WBWMAHM7OAMRALDPPCQ,23,58,52,7.008333333333335,6.062780269058297,4.331269841269841,5.66878801729897
AFCBVSLZEW3N4WTHKN7YCQA7DHSA,22,70,75,6.140350877192982,8.971291866028709,6.229235880398671,8.128629691581933
AE45JD5QTQ5VRXCJ6M4CM5TIPOPQ,15,63,48,4.577854671280278,3.81456953642384,2.554323725055433,3.6571428571428566
AFJQ4OBA4ZV7PHBJQNERUVN7UZOA,33,110,125,7.796391752577319,6.978561857972308,5.446753984860471,6.752388186054311
AGXHFUENM3G65MN4BGET2DNU4IAQ,31,191,179,6.352254919031865,5.209071695659241,4.3384331132891525,5.040272563459949
AH6GQKHNAQM6FTXP3PKFRSQUB6NA,18,69,72,5.841717791411044,6.578680203045685,4.75210015566522,6.091665285832643
AH4WRAMEFPMM2PVRI4QQRCUHOK5Q,16,44,60,4.9387755102040805,4.347826086956522,3.162615065075522,4.157043879907621
AHQNBM3JFLY6FB3CB6VMF4IP2GZA,17,54,62,5.010309278350516,4.979274611398963,3.658884046273877,4.65940078516185
AHTCNFRA5SB5IVFQ2SICSGEBUILA,34,188,188,5.790301441677588,7.35108153078203,5.589515157762033,7.057518117603378
AF6T2IQSJIH6OUAJW2MH6Y6L7HAA,28,100,96,4.960317460317458,5.11431742508324,3.9148720596953783,4.8969237023986985
AET4MQOLSTJDNAS27VF6JATZECGA,24,104,83,5.2,4.676849966055669,3.329146447559208,4.49967341606793
AG5NIJSCYDY7JUOSKEFSKCK7JDFQ,24,88,80,4.8460575719649555,8.080808080808081,5.6111111111111125,7.6555023923444985
AGENXWWALUHJKAUVANBE4SANON4Q,33,127,143,6.317665491578534,6.055374592833875,4.684443642533065,5.748945740792802
AHXPKRXEH44KPUX3ZJHDEOCXWOUQ,27,92,84,6.728139904610491,7.214723926380367,4.918798317087588,6.810810810810811
AEOK4TQIKGO23SJKZ6PW4FETNNDA_2,36,120,102,7.287449392712551,7.0013458950201874,5.006256292766544,6.647926036981508
AFIBNLML7BE3GZIGU7SSIAGEECLA,26,76,60,5.991701244813278,9.424083769633508,5.819694868238558,8.352713178294575
AEVIVDBW7OKSXHS2P7KPTBSPPU7Q,34,213,175,5.315641476274165,6.570478438103413,5.232990208579125,6.318350923896709
AFUUJZ32PGZB4TDB6D7LLE5KHSDA,30,82,90,6.917695473251027,6.876061120543294,4.91983056649736,6.5164965748636945
AGLS5B4FURLQYA2KPZ5GBEESTIVQ,20,51,54,6.584810126582279,4.527950310559007,3.002852095111406,4.238372093023257
AE7VDEI2MEZDY7YGDKQSSZ4CU4LA,15,64,50,4.796252927400468,7.861635220125786,4.842176779827141,7.1225649350649345
AFW6DCF2GM6LCHEC6EGXKLBSBDTQ,21,54,78,8.28409090909091,4.644274809160306,3.6817007718463994,4.4247296130801255
AF4FBX7TMLQVLJB45TOQ2EJTXVYA,19,74,65,6.519047619047619,4.480381760339342,3.2917897136629337,4.195630585898709
AEUEB5QRUCYGSAWGOIZFC7G2RN5Q,19,95,103,5.7447485677912145,4.859825927622538,3.558554431988104,4.765995018796064
AE2662WNZYL2ZMFHDKGGCCHMGMGQ,24,63,51,6.693086003372681,5.844943820224719,3.8193832599118944,5.2973523421588595
AG375WAXLZ7PIOQKIQ6KQB4J3JVQ,110,1440,1443,6.642619631862536,6.3274280348726615,5.770472098955721,6.284935243173525
AEFE5XFAOEWPEBXAR3UF5TLBCB2A,22,79,67,6.414182939362796,6.2433936022253125,4.413529469094095,5.696709681887064
AF7X7NCBSFLSVVLZZELHBCBSYPUQ,19,51,56,6.328467153284672,8.858757062146893,5.763650075414782,7.899294452058272
AEXB6YHCSWJQC6XGL5FXCLPWBRJA,20,66,66,5.746701846965699,7.696113074204947,5.172173649365745,7.048543689320389
AETOEA7VUU2QV3ZNCRQHK33DDXZQ,22,58,55,9.556818181818182,9.918032786885249,6.394002447980417,9.029850746268657
AEO2VNOT5LNZJ5ROFECRFQWPD6JA,21,78,83,4.8672,6.167412712623097,4.5403052124077705,5.764853556485356
AEBUDJVUNDEIPQDCVSN76SAKUL2A,24,63,60,6.9267015706806285,6.545454545454545,4.476503620511305,6.010033444816053
AHJXTD6N2Z2QFBWRXPXSTESDU7AQ,22,81,79,6.278468899521534,4.441992882562279,3.4497818594615115,4.248468345813478
AFSV7WVU7TBFUFBQ2I4XAJHJK5DQ,16,66,72,4.373493975903615,4.05,3.211301115241637,3.9602773303452627
AFGXHIFJHYONISJ4EZAV5G2QIZKQ,22,75,74,6.028938906752412,5.2251908396946565,3.8872900284490477,4.898032200357782
AHEK757U7544PNGSDFCIKFN7NZDQ,42,233,202,7.375220758049177,6.020064915904397,4.7207755279502575,5.898236484533102
AFRZWY5NEGURSNCWQIR3CGO7XTDA,25,67,53,7.346972176759411,9.27062706270627,6.170936340348105,8.142028985507245
AFF3P6FC7Q7F4TKGBC6MVTEYBAHA,18,60,84,5.3412462908011875,6.0,4.263725461835308,5.812206878582596
AGGNEZJKG35QXGBIZADSSC2QNPGA,24,73,94,7.734397677793906,6.603886397608373,4.769522566950009,6.235737195449927
AFZZTCIDEOXXQLDMOCBPTLGTGLUA,22,57,64,6.927505330490406,12.56441717791411,8.32351798821632,11.010752688172044
AFE233WGE7SQATPKYXBSYCV4WGEQ,25,116,109,6.183823529411765,4.9732105483465885,3.961126893755628,4.784940679952347
AE2SW5HC66P6DJEXCZJN7IID6ZIA,35,135,127,7.24652087475149,8.685514270328486,6.609203337270501,8.216513878129893
AFYOKJCKOTSAX37BQCPTCCULEEGQ,20,65,64,6.204111600587369,6.714754098360656,4.72655994360477,6.330772464931392
AFVIIK54G27OXK67I6Y3DVESCMSA,17,69,78,5.214676889375684,5.6966292134831455,4.159170247071041,5.398407089679148
AFRRE6V4BFGXPS2RFRZNAMSUH2QQ,19,58,54,5.143730886850153,4.05,3.0627041382590776,3.888
AGUOEDUXBQSS2IZBV7JKYBIOK5RQ,27,98,96,6.949348769898699,6.939759036144578,4.99409310862673,6.355874160997214
AE2YCIHHZH57ABZB7EWDTCF3WPKA,34,279,314,7.073239436619718,5.25173111750293,4.560091066991687,5.228060887492357
AG52X72BAAVOKEU3MWXPG5CQJOAA,25,87,105,11.734883720930233,7.9488103821196825,6.033495118234664,7.541043199748484
AEMWSCOSTFGK27K2CRBK6II5OTUA,26,75,79,6.174533479692647,6.160908193484699,4.404375441072689,5.898871054340729
AFB3CZEZQWZ33YHIGZPKBXXBZQJQ,22,49,51,7.0,8.003076923076922,5.292065563374269,7.225055748886952
AEZUL3R34WWAORYARPTJG2X6KC5Q_2,27,76,71,5.966942148760332,5.761142857142857,3.8543044564103313,5.521358159912376
AEFKRMWLOVJNJGUR6ISNBRULP4JA,23,87,86,6.02147971360382,6.748175182481752,4.8520668004734695,6.375881022238473
AFZXY3NAIABVWUCUSCVX63D3BJLA,25,69,65,4.709198813056378,6.490015360983103,4.00473933649289,6.149979341688472
AGIA3ZNA7OJDRHNPWVATX5FDCEHQ,34,145,156,7.516982481229889,7.567164179104479,5.938217046571575,7.446759215042949
AE6MKXHT2YWXPMZU2CJDON7RKJKA,28,94,68,6.979462875197475,7.810810810810811,5.362415131459363,7.33968253968254
AEQAAPLNWBNDE6VA65AXBDMFSYDQ,27,118,116,6.9829488465396174,7.030303030303031,5.447773279352226,6.775455481240714
AEHLNP5276SPWHNAJU2DP4X55HSA,19,45,57,5.704225352112679,8.395348837209303,5.247943152817777,7.350716358778277
AFZTFBCA2JGXFPHJYUOU33TJKP5Q,27,104,104,8.96849087893864,8.5434439178515,5.795426938192214,7.8894720040860635
AEKXTCRO7YBU4MT6WTY4BKAAH5JQ,36,128,152,8.49792531120332,6.9548464780252885,5.269952835997751,6.755555555555554
AHZOZPN2EH354LPYYEVTKBQ6DOZQ,17,55,49,5.242634315424609,4.644100580270794,3.007434850385917,4.310592459605027
AEYUU6URP6TMM4B4MY2Q4DSPSRZA,19,52,52,6.563106796116505,4.916363636363636,3.396559237289202,4.598639455782313
AEULD6UDDD7XSH2HXR2L6TNRHSNQ,52,885,911,5.094444552851875,5.528052541480992,5.0798848023475704,5.563330833368074
AHBOMGFP5PDU3LEUVNEYYC6JWFMQ,41,162,139,6.584044154540893,6.340991138825075,4.996355131570614,6.186720072100412
AHEEQXQJCEQMHTWAZ2YMDE4Q5LIQ,26,72,72,5.7472283813747245,5.944954128440367,4.200293776494215,5.491550073389801
AH6DBXMDH5UDRAIGDG25KSJ7JMNQ,20,50,61,7.309941520467834,9.516624040920716,5.914801750571304,8.49583235593088
AFZTOZOOXODGGU6335BPSF6KABKA,24,99,73,7.556669236700075,9.140651801029161,5.994375703037121,8.378951532157384
AGAFBYWPUTNDVOTUOETV53ZG5Y5A,19,59,77,5.830820770519264,7.310727496917386,5.141348749382505,6.870220162224797
AHUSKFUP5FOS2PY32N2OT624O6NA,33,149,125,6.280339462517681,6.726216099870856,5.294278135713897,6.494182335478554
AGOM7QIEFGNDQDZMPLWD4434XIQA,20,55,55,6.505376344086023,4.839999999999999,3.2554914468530405,4.604304463158383
AEZ67KYWZUMJKIBB2R4VYQP2DATA,17,49,72,6.172236503856042,10.7551867219917,7.043478260869565,9.599999999999998
AEIOYAYGE2AU7LWLFRYRX4XPOWIQ,32,109,100,7.477029578351162,8.090614886731391,5.840780706441729,7.610367707020533
AGRAAXPNN63JLC3WPK44ORM3QRJQ,19,51,53,6.755844155844155,6.3123595505617995,4.211394302848576,5.744376278118611
AEUOUIVZW7KTECWYBW5HPD6PE6YA,18,148,167,4.6446140797285835,4.480160642570281,3.851486666533326,4.35289569495668
AH3GEAL2D3RSOPPT4PUQ3MZ3R7EQ,21,89,104,5.996214988644965,6.627450980392158,5.044541041298634,6.449614696436546
AG2LCQRMFSI3UCJWGNYSMVO5IEQQ,23,63,38,8.320754716981131,5.869918699186994,3.2669683257918556,5.30911057042444
AFYBA6767QO3ATXOR26WHUPMORGQ,18,108,96,5.902834008097167,5.333333333333332,4.222876586768454,5.07488986784141
AEULI4P6SFINICJFXKCJVXWHC3NA,17,57,53,5.611398963730571,6.340857787810385,4.2729229466359975,5.976622800465373
AFGY3YK4RQZUMMS4FF6WMVPHQQOA,21,51,63,10.362549800796812,7.6473988439306355,5.214822360727678,7.190240988766112
AG2Z52KWWDZM2TO3FNGVUSRXKAWA,20,62,46,5.950464396284829,5.2636815920398,3.3694267515923566,4.842130618742408
AHTFA4ASPZK2TI5UGDB4FQTRHCKA,54,459,462,5.573423983492499,5.251550044286981,4.593730228329172,5.128153427786367
AEMH7TBMERUXIBCKJJHAIDY5EDJQ,24,68,60,8.027777777777777,8.653846153846155,5.549681101040617,7.947058594206853
AF6BAP7PONMFFA5LTZZY7SN6ANDA,66,445,458,7.733237005506307,8.4134445692283,7.221108866557918,8.37113917092858
AFIRPBGBYGKJJYHHK7ZEDBXP6FGQ,23,88,83,5.966101694915254,7.109391124871003,4.980712781228959,6.787192118226601
AERDUT2WHMABWRNMPOCVXM7V5OVA,22,60,63,5.113636363636364,5.188235294117647,3.489848960172855,4.948885499601214
AGWHH6O3SXS3YP745RRQEY6KVDVQ,23,54,50,6.508928571428571,8.445945945945947,4.680774498295041,7.507575211023736
AHR6ZSCEZPV5IIYAPOECIMWJMZEA,23,70,95,5.37280701754386,7.367346938775511,5.277510167228987,6.979891724671308
AFJ76HHRRYYJG5EHTQOAZTGCQOAQ,24,82,102,6.391634980988592,6.141676505312869,4.59135039717564,5.921504983440363
AHPVH5MVTFKNQ4CYTSO36ONH4HEQ,27,112,127,8.40750670241287,6.967170626349892,5.460159242159747,6.745731970231937
AFCUSTNVVB4VD3APWGRY2SDFDOAA,30,151,144,4.9621327529923835,4.567400881057268,3.705041569035178,4.378379159196658
AGM5FCX4USCM5NZBL7AZECFP4TRA,25,90,82,7.245080500894454,6.1016333938294,4.443615658068783,5.688679569399908
AFN55664RRIV27YPQLPUG3YRWY4A,18,58,58,7.0970464135021105,7.067226890756303,4.732170716607336,6.359190966266437
AG3BQZPT2PGT2CV2T74JPBFZQB4A,19,63,55,7.049733570159858,7.857142857142856,4.950092512742195,7.0843091334894615
AF3CZAGAWB5FMPRDYJIB2LAQER7Q,14,54,63,4.142045454545454,6.2900158478605395,4.2237323535229265,5.7689075363953854
AF4SJRM4VGZYSTY54Q4K2AEABLGA,28,82,72,7.675799086757991,8.281150159744408,5.5119910414333715,7.65732837618474
AHXOZZ24EUCFZQ4UJMJAM3P2YMUQ,32,216,231,5.525343439128375,6.511409395973155,5.490153889738053,6.369941869599371
AF7SHUWZHWXOG6ROPPRCJG7JASYA,20,66,66,7.43344709897611,9.990825688073395,6.715114132259147,8.962962962962962
AEBZGHDUM42UUFQGH2ZEI5QUDJ6A,20,50,55,5.482456140350877,5.96646942800789,4.080141042757866,5.421164364423518
AFFXXPJD6GY5N32VH3WRLLETXHKQ,18,58,77,5.8,10.721518987341772,6.699435028248587,9.783855024711698
AH6W6KTFHPB36D7UR34G6BEUV6CQ,26,80,89,6.9868995633187785,9.60121212121212,6.519341563786008,8.830546265328874
AFHTB66WP5SJY33HN6OE54C6RDXQ,32,112,96,9.861635220125786,8.878612716763005,6.251950888572657,8.295236243437683
AGTRTIJIHBZVKSNXJS5M3BNYECVQ,20,78,99,5.750472589792061,11.124858115777524,8.146456059022567,10.209386077892878
AH736FR3FOS2Y64G5QQQ6JPPKAUA,25,99,78,5.3999999999999995,5.412811387900356,3.9393989370225952,5.1298482293423255
AHDLM7R2LUNV4NASNZDDK3WZ4FEQ,24,59,74,4.7104194857916095,5.991247264770242,3.844967031756523,5.639552840354673
AE4EVAQ7UC7KKJGWHLBHN4ZAXY2Q,12,57,74,3.9865030674846635,4.104947526236882,2.944086021505377,3.9595103853843385
AFCMHYJTBQ6PGQWDCDWX2KP4GJ5Q,38,135,125,6.38353765323993,6.567885666246322,4.997309275087053,6.346475710784658
AHFBYEZMBRSYTTHLR4IVF4OVME4A,21,65,74,4.577464788732393,8.860841423948218,6.024975499757377,8.222222222222221
AGWX6SQBZEL3KTMSX4KFXFN6MQ4Q,21,63,39,6.059541984732825,11.790697674418604,6.358778862544551,9.447204968944103
AFTUMJDQW4LZKXAPCB64N7R66REQ,22,99,102,5.755137991779213,8.444805194805193,6.18475971242505,7.9117916475829615
AG6PKNNRVSDAUZ3RCXHP7MHREZFQ,23,51,72,7.905775075987842,8.756756756756756,5.798657718120806,8.150943396226415
AHBFB55VJ2743CUAPFVX4LHWYZFQ,20,63,67,5.20183486238532,5.977363515312915,4.090587987807141,5.47439838548243
AFBKBWXSHQMW65V4VQMTLARY5G5A,22,56,61,7.0,5.00807537012113,3.3919781221513223,4.716096324461343
AEITW3SRFREQ2TVLTA7ESOBIENDA,17,49,54,6.7254901960784315,6.4799999999999995,4.313609467455622,6.2042553191489365
AEXE6DSTVGL4MNBOFEPICPJLNPKA,31,131,155,6.557508597630874,6.209614887567847,4.84135500686059,6.086915509969879
AFMDKDPTKFZNV63MUQS6N6RTXG3Q,11,54,47,3.8067885117493474,5.620865139949109,3.712605042016807,5.125290023201856
AFG2PVZLQQCMIGV5C6FCNNRNYWNA,21,77,66,6.354769560557343,8.218867924528302,5.657142857142858,7.458904109589042
AHCBGJEJ64FBE7XMJHXND6LAMPIA,22,55,50,5.612244897959183,4.512635379061371,3.1075427530651414,4.378297141455036
AGL3NO3YEF4FJKFVUSOYESOZYTQA,19,62,66,7.8770491803278695,5.808000000000001,4.136443486203453,5.325183374083129
AHGDVTFSAAIENYAIAZWJG427I3EA,49,441,397,8.076118101407749,9.184138453470078,7.87135772639608,8.934750595606868
AH5IGKVPREWG5F3QK4AGFO4ZHTMA,25,74,89,7.320855614973264,5.769118718135472,4.0916536276926365,5.508347587316831
AGTWNYPUQHU7KPQHJQ74FJJWQA6A,20,72,96,4.563380281690141,5.383177570093458,3.9045182391264213,5.2844314684762885
AEKOTHIOGYJJXLJY7XBZBEAWW5IQ,27,112,91,7.168,4.979555021046302,3.663063557177985,4.702466056454071
AFU5DVHILPAGOOMK7QCVQJI7ELZQ,17,58,48,5.356687898089172,7.89041095890411,5.18572972972973,7.15527950310559
AFS4R5CFAR5YLMH7GSJHMIBE6BMQ,19,51,50,7.583090379008745,3.434065934065934,2.513590489257613,3.276545601956823
AEKAJQP5IWLMHGWCYH5XDRX4QOZA,25,72,100,8.937931034482757,5.605381165919282,4.184495082674097,5.359112213950924
AET7LRH6MCYVFN4IELYHTGCRPE6Q,25,94,88,6.924764890282134,10.464864864864865,7.289853784464333,9.655860349127185
AFE4VGX7IE642QV66ISXHCLEJ72Q,30,79,75,11.326678765880217,6.768953068592057,4.751687973282892,6.327334083239596
AH46BCKSKE4RXYEI5Y6XQUCBCKHQ,16,93,94,3.91180461329715,5.209905660377358,4.038206823437096,5.052031382804837
AGSZEKYLVNYPRYCYRZRKHXL2PSHQ,14,54,66,5.097902097902098,4.704103671706264,3.5524402180400267,4.518691649126431
AETU6ITSYPQHDV2VJCBWRLKFGYYQ,62,555,575,6.296633210000203,6.761662269668895,5.921348418625161,6.663275978541062
AFBQL5VDQMWEILHC7JTV2G3T3QCQ,31,112,96,6.658174097664543,8.777142857142858,6.29379725660756,8.31019611669431
AHIBPWWDWSLYAJHNE4DCSRZAO34Q,24,73,55,6.636363636363638,5.87378640776699,4.070785948494676,5.440665081598654
AEH7RAIDBU7QALXTMWAA73PTL4JA,97,1615,1693,6.7971557607961985,7.135634993937977,6.617132105222146,7.1172960601492345
AHPVD7QJKTTNAYZ4PFGYTOOKFUZA,25,104,130,6.743142144638403,6.653543307086615,5.241448616798162,6.261586098439006
AGJTKP2RZ6PKYQYHQD5RWTFCAN6A,23,76,76,9.958620689655174,5.6962524654832345,3.7697440709312433,5.383080290449223
AEDGZN5OQEJNL26DU6HSVJP3XPGA,18,49,52,7.08259587020649,8.047619047619046,5.237298405061036,7.210717942883152
AHMJQ6J5KZBSVRI4PGHCWXIYBSVQ,28,99,94,5.85833831440526,5.303721488595438,3.937086393345216,5.137209302325581
AGNY74UEPE5T4CYNABHAAL62NGJA,33,149,163,7.803514938488575,5.990755355129652,4.858560445311991,5.78971563447446
AFOKYQI6WRSAK3JX3FZIMUORMTGQ,24,71,68,5.334391534391536,8.140845070422534,5.597386859435496,7.386656867548586
AGFJTDS3WBYUDS6YYUGUSTPS5CHA,19,54,59,5.380073800738007,4.42312579415502,3.2018048480627224,4.173866912034274
AGUYOGXDDUBFRS6KQ7VIVA43VVNQ,23,89,78,6.16420233463035,6.285123966942148,4.720347321963606,5.718125927496288
AGLDFK6L3PSYP4RAS5XTJPWVS7FQ,18,58,48,7.4096916299559465,6.095238095238095,4.128294930875576,5.551839464882943
AEJAYH2QKEUOQTIHTLO7CS3N4KAQ,19,70,53,5.5056179775280905,7.490666666666668,4.422927601082832,6.563119940169122
AF54E46D5UB7ATY4RUYY7DZIE7QQ,26,68,68,7.006060606060603,5.081318681318682,3.5842186862505105,4.680161943319838
AHIVOEPP5OY7GCRETCWT5EQF7GRQ,21,52,62,6.035714285714287,7.975103734439832,5.179896675651395,7.23919704922684
AEQHIVYS4WSENWROXLUYDDV52QQQ,15,62,78,5.737313432835822,7.9012987012987015,5.279881800518134,7.312499999999999
AFZGTA2DJG652ZHZNYSNRPAJG2GQ,15,46,55,4.198412698412699,6.395348837209303,4.252204088738657,5.828602932168089
AFEFHGLDYMHLUOZMAKMO63OQ4O4A,21,55,49,9.30769230769231,6.688022284122563,4.26389883525362,6.093947885463976
AHGAZLFSLXF427HSFBTRKF6J5UOQ,21,98,93,5.049421661409043,6.826361483820047,4.942039994460011,6.567213322686561
AH2M2JDJDLEELUZZK26TQWCRXDUQ,21,76,88,5.96694214876033,6.675862068965518,4.906548373468526,6.210140192926046
AFXG46EOLSQWTNDZVGACNKPY6FBQ,27,156,190,4.348820586132952,5.652990917632322,4.530699794186998,5.603851896661124
AFVIFBQRIO5EV3XIYYHVIBCKSQOA,21,70,66,5.384615384615384,4.776315789473685,3.3663060278207104,4.518749999999999
AE23NZUELB4BYWLHKWJXAS73PTSQ,41,254,250,5.551196007571845,5.514381506970178,4.6446328626977555,5.369419770535724
AEXCRWZRJLGRZPCVD3YGA5QMMVKQ,23,78,78,7.643216080402009,5.872586872586872,4.3619426722427415,5.59706085472863
AGT6E6L72BKLEEJGX4MPM2BW5IDA,37,155,153,7.727565133483435,6.915509601181684,5.539676779859044,6.5959425190194425
AEHZBUFEOW4TY3K4IYFFR5ZU5B3Q,60,481,496,8.97896534326852,7.997399388856381,6.7828936835626665,7.798643752670976
AF23G463PQARWNZSXZQZFCNRFNNQ,21,62,84,5.005208333333333,5.591125198098258,4.2299625210011635,5.218946331856229
AEMHQN774P5NDQE4HTZQGNH33DUA,22,68,89,6.422222222222221,6.893820713664056,4.938918265127501,6.476696647587899
AHKPULDR6GRWXHPI7NFSGOJSORCA,16,51,56,6.7911227154047005,3.7244655581947743,2.5656578365151383,3.592215480864107
AGHH6TIHULUOEPCFC2UXZCWKZT4Q,22,87,89,5.72108843537415,6.508627773212818,4.7835280074689,6.164217267101134
AFYXFMSPOQPZCETOYAM3Z4RXDI7Q,28,55,62,10.254237288135595,7.171641791044776,4.592191142191142,6.791519434628977
AFGSQ5BSAABOI3U6EISFYY36GDPQ,23,59,59,6.9481037924151705,6.294755877034358,4.226608362861155,5.715927750410508
AG3Z6KI55YOIHANOCATVJMQB6AIA,36,109,118,9.231546231546229,5.950427350427349,4.337694704049844,5.758482020688522
AFSOTCSSXV222SS4GJEDMDXVBVZA,28,72,57,8.0,9.363112391930837,5.9823275381418215,8.43896103896104
AHNDRGDP4AR4B7GKGU3SEJP2YCUA,28,114,143,5.665213600697473,6.24778490681332,4.808489111080186,6.044634939402895
AFP43DMRT5KF2VSPUYQ7VDP5FQVQ,31,118,130,6.45227062094532,5.238685678859268,3.9143111793700354,5.0659490630334085
AF43BDFHZRMABFFB57FXB5RVIXAA,28,91,90,6.515342250196694,5.696202531645571,4.209107578672795,5.447231317498507
AHMG3ALUBE3FEBHODTBHP5J24YDA,18,67,57,5.095346197502838,6.459244532803182,4.6334925789904995,5.994648601725929
AHVEKNHP5YYEYVLWQSPBDLE2GUYQ,61,467,471,9.102591927876789,6.891398216892919,6.15806020116963,6.759740789394213
AGUREQYPLUPVADJ46BNP2KHJT4CA,42,233,214,7.025883266468227,6.841350463101287,5.456000996280748,6.743632592729313
AFUWDOFADAGPN2ZIZKIS453IVBIQ,23,66,61,8.281368821292777,10.250688705234161,6.680430879712748,9.210452470667526
AFBNJCYVOQ6EX2FXLP37A2K4WJ2A,30,181,182,5.345243922336433,6.5905292479108635,5.476761325374962,6.388434098838724
AGX7PWZWK7GLPJPHIKNI4AQSSW3Q,22,77,91,5.899502487562188,7.688950789229341,5.678238158293066,7.2260530096923254
AHNMPBI327EOW3J2G7EY2PHVPZLA,20,53,55,5.629258517034069,5.570902394106813,3.9537328186381027,5.224525043177894
AHTJ5KL3HAI5QMHSVCIAZUVK47IQ,27,81,60,10.04747320061256,11.180124223602483,7.223201104814516,9.49874686716792
AHZAEFKBL4KUA5QSEAJRANLBKJJA,26,62,51,9.658291457286433,7.627565982404694,5.109019642520733,6.881000538902459
AFX75C3ZAE2NW474FKDCYCHNM3LQ,37,150,141,6.495381062355658,7.3934548159167,5.582512755581032,7.095289982949112
AGNVJOLG6BEJWVHA7DZ2W6KVD3IA,22,65,55,5.084235860409144,10.467128027681662,6.418465996341251,9.138972809667676
AEMMJOZ6MN462IVHK6GDTN2OWT6Q,32,96,89,9.423312883435583,6.3520449077786685,4.661333887969291,6.069731800766283
AGOTQJS3QBTH2PNPRLVQSQ4ZVPSA,36,136,161,7.687448046550291,8.886184436064449,7.118417622628435,8.745277648616238
AH645HV55R4NRLSSGUMWHGIZQ7MQ,19,58,68,5.881118881118881,4.257826887661142,3.228600550878449,4.092035398230089
AFEFYWKLBMMNZLML4322HXASDY5Q,35,169,138,7.019169329073481,6.996326230712709,5.580661610995127,6.703274325757501
AE5MYIUHLA3BAMM2MFJXJQN6UPRQ,57,535,519,6.283340284942814,5.92796936552301,5.174472424041142,5.839679065780659
AE2HPHSU7NQORN4TZFCDCSLZV7CQ,19,50,60,6.281407035175878,7.758620689655174,5.02378906010191,7.08672401767031
AGUZIRNJXRWDW42Y6CFVVYV3XLDA,24,77,77,5.071856287425151,5.515348837209302,4.10795042534173,5.080563336845622
AF77WIID7TAGOWST2NGGZQIRMEOA,29,181,161,5.630005155525005,5.394588969823101,4.380703662242124,5.256743918929562
AEUPGVS25SRCGTJDEU7ZZR4PLQTA,24,77,81,4.912178956089476,6.172154280338665,4.268705270006507,5.991780821917809
AH4L6APZD375POUGVMK4UYDK5OJQ,21,53,48,6.200883002207505,7.836734693877552,5.380685358255451,7.00310421286031
AF43ICLBXTCEJQ5VYEXTTRE4PPHA,25,78,68,9.657142857142857,6.100263852242744,4.194495184840013,5.737008029161124
AE7ZKGE2DPSHLHF32BT7ME7R563A,18,55,56,4.999999999999998,7.839999999999998,5.190345067967932,7.09502262443439
AEADNHGME5X3LCENGISLQP7IYPLA,22,82,63,4.748587570621468,5.535564853556485,4.09224030037547,5.27793486506703
AGRCXV4NM763VGZGD6BQ2VGNCJNA,49,260,295,6.113221197323204,7.073478013492644,5.655828398497786,7.047130061594009
AHGPVOMFLP3B2J4PEVQZYN53U7WQ,25,79,80,8.468113975576662,5.633802816901408,4.100224237106367,5.284920955300741
AFINFIT7EFE5RFVRUECSDDEWU6IA,23,85,74,5.720506730007918,7.691011235955057,5.057310721223936,7.047630721119444
AGJKZ4ODPJ42XOXCBRBY6JLYILLA,22,55,68,8.473389355742299,11.917525773195875,7.9164570573659345,10.753488372093024
AEURYORXQ4THF56CV3JBGWTCIPGQ,24,68,52,8.43795620437956,8.83660130718954,5.750763982404165,7.815028901734105
AHFGCYK6JXYXSTJFMC2FF7R3IXFQ,29,119,111,8.404154302670623,11.070080862533693,7.932466338601511,10.241895261845386
AEWJY37OGM234E5CVFSXPM2MJYPQ,19,54,58,6.024793388429752,10.256097560975608,6.834641358510358,9.191256830601093
AGD4PHFQFZ3D7CQ5PWIDCVX74ZYQ,36,151,162,6.147479104880022,7.9672131147541,6.338824492194059,7.718826200285884
AE3CPW5S56VZJEQR6IFNX7WNQ2OQ,22,71,69,8.828371278458846,7.381395348837209,5.015283875559281,6.715145113064652
AGWK5TRRULB7JGEHV6EM7D7JAU4Q,26,137,134,5.345770435773283,7.063729346970888,5.617222041891518,6.79379590256774
AEH2Q24C74EEOEZZPSLVLR5ZRUOQ,17,65,64,5.686406460296095,7.557195571955719,5.184810126582279,6.989761092150171
AE2NVW4KBIH3KX2BNLI73EIXWLLQ,23,74,79,6.519047619047619,9.49923896499239,6.5973890396688315,8.52597219604235
AH2IVA4E3XWUVEN2VFNZ3PNHB6FA,23,68,51,5.6390243902439,7.672566371681415,4.807763401109058,6.703652776947451
AE3R6BFCJCJR2UEVQOWJIH2RGZUA,21,78,65,5.591911764705882,8.501006036217301,5.681887461784603,7.66787658802178
AHQFIH3CQJ5XL6LNUGMKZKEXK47Q,21,54,71,6.75,6.140073081607795,4.334479793637145,5.821023928102353
AESH4UBOA6VWZ36CIYMP4JVYPOLA,24,77,62,6.093525179856115,5.913846153846154,4.106837606837607,5.5389048991354475
AGI23OO7W75HK7RBFDU7XCVMBHRA,28,79,98,7.420927467300832,6.688022284122563,4.939316855562302,6.406940809968848
AH4QDXAQ7DM5K24NANQ3KW2YZCZA,19,69,53,6.459972862957938,6.39863325740319,4.463014478140529,5.913789053323939
AFW36RMWRTV7OWBDGSOSZSUIGELA,20,53,60,7.868347338935576,7.171314741035857,4.876733942541581,6.557572861920688
AGSYWLPDRPAHVHKQ7W722ZFI5BTQ,23,71,53,5.497273718647764,5.518664047151277,3.699952168560066,4.989342806394317
AGISDCISVLO3JAB6KU6SEM444QBQ,28,63,73,8.355789473684212,9.235701906412478,6.335004397413617,8.485690306123743
AEFLJ44YE4GTJNXRJNWEVB4BPBGA,40,238,251,8.546167773083887,6.23834042974552,5.125408310252319,6.175359256294575
AGVU67A5T33P37BNRW2Y4UPOWYVQ,27,80,109,8.465608465608467,5.25940681717574,4.118054927395201,4.998317206562893
AGAYVC3Q7SCOHDCBLYQPUK3VGQYA,20,99,104,4.664921465968586,8.39751552795031,6.1086769769255636,7.866185978809112
AHVXGKLXRHIGF526AXHULCZS4FYQ,25,79,90,5.904446546830653,6.357927786499216,4.524520064698865,5.964770341321209
AFT7XZWH2HIIFWF7SPYTL3PSLJAA,23,57,66,8.852861035422345,4.9954128440366965,3.6221689825030765,4.585263157894736
AHJDCIN74QUWW2WWLEKU6HXTRZIA,25,60,45,9.782608695652174,6.008902077151336,4.1066752719896735,5.487966097960443
AEXGISIVX7WBUNI7UHHERVB3DF7Q,27,188,173,5.306906906906907,6.564816845799515,5.420643992752708,6.446058578550218
AGI6YCJPJXN632RE2AIFQ7SA55UA,24,54,55,6.100418410041843,8.242506811989102,5.483216356423559,7.61964735516373
AFWBM3XXYYDKONNZWYBFEZGN4PUA,21,62,57,7.040293040293041,6.6441717791411055,4.59482567035668,6.084290999631781
AFKSID3IJE4NMLXBF4UZBD2XS75A,30,70,59,7.291666666666666,5.81135225375626,4.167868506134334,5.4475743348982775
AFSYMONH73DKQ7MKQPZVDAIRNSHQ,20,63,73,6.453658536585367,5.994375703037122,4.265593383072993,5.493866983529442
AFB463FV6UCRDUS2BV43ID776UCQ,20,55,66,7.736572890025575,9.990825688073393,6.761887508626639,9.075
AFTZWAK3ZHAPCNSOT5GCKQDECBTQ,40,171,163,12.332770982707718,8.623498864005192,6.438564013555748,8.132549687429528
AESEHBT3JQXLRKIR53OCZH3P7WAQ,29,103,121,6.920417482061319,6.0978758850478965,4.714390245792514,5.917955347023453
AGDGF3JQEBAIWJTYZ4JJXECGIS4Q,30,111,91,6.5712,7.717614165890028,5.583200413926767,7.138798408738412
AENGGJFDKQ2NVKLH5AASUYFZMXXQ,34,96,98,12.38709677419355,7.586097946287519,5.6737939243775966,7.077380409330049
AGRVLJUZPVWLC3AIHHTL4TLDL7IA,20,56,77,8.209424083769635,5.841379310344829,4.2459977280569845,5.556701030927835
AGBXCFLD75PW2V5JISYE3NKE7TKA,18,51,54,4.2569558101473,5.360294117647059,3.583510316943954,4.909146562670053
AG5ME42II6XQNYRFBTGSPRH6OSBA,19,58,75,5.780068728522337,7.372214941022281,5.173372662531742,6.744691588059471
AENRY5O66WAAZIZDQQINVD3PLFZA,33,105,95,7.535885167464114,6.770442610652663,5.035479021721461,6.315605318404479
AGOVWHWEHB2MT55YUMFKBU2MCSSQ,34,183,157,7.209687836383209,7.29908202546639,5.504593414418471,7.038549974262073
AGILWMVFZCVGKZQWAUEN6XYRFPJQ,23,58,68,8.086538461538462,8.169611307420494,5.265320585333602,7.434083601286172
AHJNW3RHHFQUH6I7FECKWHRC44HQ,53,403,413,8.008728241037524,8.462023118519621,7.450350058538159,8.394969997695586
AEUKAPRTGFNNOHLUKOQXBYOPOIXQ,24,58,62,8.538071065989849,6.063091482649842,4.270637595466863,5.669616519174042
AED3HJLTUSJQBBK6H6726ARBBH6Q,35,229,207,6.602165428679339,6.317116320212294,5.258126679334963,6.150281918239354
AE6G64ZJUAFLSNHPZSGGEEKYTFGQ,25,68,51,8.05574912891986,6.973190348525468,4.401015228426397,6.406442806442808
AEZP4MEPLS6JWVV24LLVBVZXMSNA,36,169,155,6.721816898093669,5.827067669172931,4.480856400445942,5.609390837029485
AFNNDWDCDX6GZG7NMFSAHO526WNQ,19,68,72,6.984894259818731,7.4697406340057615,5.0403724612581815,6.812101118939079
AEQCRXKRQ2CQ56HCJUQHHQD5RPSA,22,80,62,6.53061224489796,6.180064308681672,3.882047029652665,5.8866906812254935
AEFX6HLMILKKZQ6UOAGIINMLKXGA,23,64,65,6.989761092150171,8.017077798861479,5.24586494312148,7.161037520935135
AG7A3O55CZYL7FOM7QCRVXVP3IDA,29,69,60,8.516994633273702,7.142857142857143,4.986149584487535,6.605526826115061
AFPIOO2UG44UOTC46QKKSHX4SGWQ,27,62,62,11.305882352941177,7.507812499999999,4.743358386911768,6.791519434628976
AF7R4OC3YUOI77VS55Y3B3XSN2OQ,27,144,130,6.230769230769231,11.177248677248679,8.323489173680366,10.57571964956195
AG3XXUIZ3QUAZJWYZZGCELHTAFXQ,23,62,66,7.687999999999998,5.6571428571428575,3.6415334448160532,5.198090692124104
AGBGZZ2UQZVNJE5J2FQD27BN5TRQ,15,49,51,6.047858942065492,6.454094292803971,4.18250663400694,5.818791946308726
AF4OKXGGDYYQFGZDWKQBU6RXEWAA,30,77,76,6.684329199549042,6.197424892703862,4.315927290198591,5.741573388983747
AGMYHXQI54TNRM34W7SIRAZ2LPNA,21,56,64,6.87719298245614,9.183856502242152,6.299611385556339,8.462809917355372
AFUAKR7T37ENPSFCNQFHAAWRCVLQ,56,465,456,7.3061327927014705,6.781111400991389,5.760223418390924,6.699832452635647
AFO6T767OXV24YU65XUACO4O6DJQ,25,105,114,5.668380462724936,6.254090471607314,4.717591373492839,5.956003666361137
AFATNFWGYVVMEZWGDNLDUXRBRFLQ,22,65,73,8.399602385685881,4.848953594176524,3.5121623569343883,4.601903259075754
AECG2F34PVCOVKTTSHEAZLI7SHTQ,22,84,65,5.257824143070046,6.591263650546022,4.243285306612347,6.362966239127228
AGE3JQYTMBQARXIVWFQG62YSHOSQ,15,51,54,4.096062992125984,7.633507853403141,4.65740522170896,6.845070422535211
AFQVCWWD7BEUS6YTHTDLCTLWFIBA,41,168,153,9.79319916724497,6.581107675007029,5.103224305398883,6.420465125796012
AEJOYSPMLMXZBI7F4XP2LF2TK3CQ,22,52,53,6.2883720930232565,5.350476190476191,3.643320363164721,5.007130124777184
AG4NCQHIFFYHXXDZEYE4PEFVA5DQ,35,126,97,6.609492089925062,6.803326102675345,4.877404219550651,6.353151356573509
AF7BG2NE2SR2QAXCRW7TKYFW5I6A,26,81,73,7.314381270903011,6.382035928143714,4.495164804124076,6.160693641618499
AG2LPAOPEDJQZBIZX65L7QVSAHDA,27,55,45,8.197831978319785,8.132530120481928,4.92001863643423,7.363636363636364
AE7ONXWBLUX652N6OQUSJSL653GQ,17,79,101,5.170671085335542,6.468611287254282,4.939951573849879,6.2201242638772545
AFCMONQZTRUTDG6AETEXBRVA47IQ,42,215,188,6.981573780395711,6.407541696881799,5.244465285899773,6.240116106540719
AFRWPHO6IL5LW4RGGHBM23HHDMFA,22,87,70,6.463706233988043,5.257510729613734,3.8043478260869565,4.841897233201581
AEYEUF2RKNRZHFQONGVF7SHZKWJA,19,55,64,6.737193763919824,7.160839160839161,4.946859903381642,6.543130990415335
AER6II7VS3FHCWLZZTNXHXBZCMEA,17,73,72,4.646033129904098,8.150943396226413,5.525479065093097,7.491329479768785
AE6H2P47PDD47Q4KJAPDHKTVTAWQ,16,70,59,6.186868686868686,6.555555555555554,4.409699554571722,6.1285401226818905
AHJZPHBEQY7LOHJN56LUBYXGOWSQ,28,104,105,6.076404494382023,7.505105513955071,5.37653650859094,7.140570999028074
AGI7Q34LZXOCFJ5HKAPWQOJTRQSQ,23,56,51,8.521739130434785,10.362549800796813,6.862796833773088,8.728286206547075
AHSGFDWZPO4EBZXPA4ONTLKFWETA,24,82,79,5.806563039723662,6.926748057713651,4.948854765317776,6.507820646506778
AFQQQ5LGNSQUEBGDCYBAZZE5T3DA,15,51,55,6.826771653543304,5.718336483931947,3.8233109907846927,5.307033878220616
AGCTA5FTMXTM42RIG3JUZCYJ3XSQ,8,50,55,5.434782608695651,4.049531459170013,2.9853005143148885,3.8633461047254154
AF2VHDDPCPACXHHN7B6TTAFSPYOQ,20,52,50,6.76,5.020080321285139,3.198434448434448,4.587171407024349
AEMRDONNNZBO5PQ2HEFXCB6HREDQ,20,49,60,8.138983050847457,5.389221556886229,3.79746835443038,5.084745762711866
AGGLWPPVEYPUYVDVXWNRACAQIPAA,20,55,51,6.368421052631579,7.858006042296072,4.931793789568888,6.89920424403183
AEMGLNAYIQXYCL5QC222GDNFOQMA,23,69,69,7.921797004991681,7.741463414634146,5.428116718101189,7.13799521224586
AEWYJHC343CEBQA4D2NYEXWEMMBA,28,106,120,6.672209026128267,7.392197125256672,5.340653258274451,7.090105116170822
AFLBMDZDIPCHMWWA7CXQXITPBJKA,24,100,109,5.5555555555555545,6.439566395663956,4.795371803882175,6.17515759331672
AGBW6HQDAQNXGB6XOXYEC6KMWSZQ,22,53,65,7.530831099195712,7.585278276481149,5.146163215590743,6.937677451014755
AGQDXR3ZO6DYGPTJ22BGNKM6CZCQ,18,50,55,7.71604938271605,7.219570405727923,4.689922480620155,6.368421052631579
AEBPXYZA7YGK5FLY5IC5XQ2RV34Q,19,52,71,6.531400966183575,7.3591240875912405,5.2527355383680545,6.730307076101468
AHIWNCZZSLPVVHPPLCTJPLWTG7KQ,16,45,59,5.3713527851458895,4.622841965471447,3.4195115059418995,4.3786163522012576
AFNY23C57HU5NMYS5T37EX2RNI3A,23,63,61,9.124137931034484,6.777777777777778,4.835645879900041,6.160612913394462
AEQHM6Y3TY5VYFG6SHGGXUA4XWCA,24,49,55,9.880658436213992,8.06666666666667,4.963147032530354,6.767337807606264
AGCPEDYIF2QXKNLBIOOEKEHJ5V2A,29,101,102,8.771281169389507,8.003076923076922,5.6201634572324215,7.533706804701458
AFQJOI3SFAS5PBT2QVK5NYBW26TA,27,77,88,8.066666666666666,8.083507306889352,5.515277220540378,7.584728137830474
AHOTRV7O3LMRFLM3D3AFTMUZQZUA,33,124,115,7.950361944157187,5.854360336432051,4.299838398513477,5.599077618261939
AFKOZVHBJBVDHY7BNYKA25EIUCUA,16,58,61,5.096969696969698,9.142506142506145,5.767214438432413,8.437641723356009
AGEJ7CYCLW75IWZY3M74MRFW3CYQ,18,70,75,5.0829875518672205,8.358098068350667,5.998782947119642,7.900421158531172
AFU3OZVM7DT5BYNOSENWS5AF7D3Q,30,160,148,5.12615138165799,7.3503355704698,5.7748559955016585,7.056703960596222
AFRHXT7JQYG6KQYNQ52DAVG2J4CQ,23,59,52,6.812133072407045,3.8850574712643673,2.7029269841269845,3.624664879356568
AEKES7KPH7KJ4KKJKT7A7A4V5ZVA,24,60,55,8.108108108108109,6.160896130346232,4.2780386743086956,5.740037950664137
AFXFMZLAUHOG5OZQ47Q3X4OY55SQ,24,73,67,6.911802853437095,7.025039123630673,4.700523560209423,6.611192930780559
AEBXCJZAQ577RFWTGV3LOU5I55NQ,27,53,61,9.856140350877192,6.050406504065041,3.816410256410257,5.715821812596005
AH7D6JEGJBPOOYTEI6P2CLXMKNCQ,23,93,78,5.232304900181488,5.675373134328359,4.159728778072082,5.332168863489722
AGW5RTGKZVYINWJK7KO7JCL45QBA,24,83,64,6.592344497607654,7.288256227758007,4.932002294893862,6.606520359212896
AEOTWG667CGEIHYH33COIX53Y25Q,26,103,128,6.89343729694607,6.627831715210356,5.132671377881146,6.325868725868726
AGZANVLLZFFMIRWCE4VTLEFK2ICA,26,81,83,6.701736465781409,7.274551214361141,4.7721130805666885,6.800618808866021
AFV22WB4XLGDNPIAQXH5LNSO4K4Q,23,62,62,6.2200647249190935,6.515254237288134,4.435268213310938,5.95046439628483
AHZT5X5DWMOS44PEHTQ555CMBFKA,23,60,64,8.571428571428571,5.801699716713881,3.840970438926564,5.461372169757651
AFIIJTKBYPZW47HFORMJHZYVQIDA,18,78,54,4.768025078369907,8.331428571428573,5.332137011924245,7.290000000000001
AE2ISZUYUETFXQQU3GLBP46OEPTA,26,118,124,6.329090909090907,5.996879875195009,4.753897000446748,5.826450249270566
AF3ZPSVGI7TKJLMLH5C7PR36TE4Q,22,69,73,6.603328710124826,8.062027231467475,5.579521628999876,7.505648692022797
AECTQQX663PTF5UQ2RA5TUL3BXVQ,31,118,127,6.681381957773511,7.288296430185268,5.487362020390845,7.067924231923698
AHBLQCK2VAXLH7YTETLY3R5NMFZQ,17,48,57,6.857142857142855,4.729257641921397,3.3808532778355884,4.3846473263312795
AEQQOEWHVJBBERGEYUTCTLY57ZMA,22,63,73,7.282568807339451,7.350344827586206,4.73688888888889,6.7370417193426055
AGVPTOCMRGSG6VLDI63SYQRPHXDA,17,52,67,5.3650793650793664,4.632610939112487,3.3818048087968413,4.448959365708623
AF6SH3CW7RGUQCQF3P3EHSTIBQKQ,37,180,186,6.008902077151336,5.816408876933422,4.696491097947194,5.646490151326262
AELWQN5ALO4SNKDDGYXQOO5OAESQ,31,99,83,7.591789310611926,9.581363004172463,6.988319092075437,8.798212005108557
AEDJRZNH4XDXHVSXYQOBNR4X2PAA,21,60,59,6.382978723404256,5.623586429725363,3.844306977025028,5.314553366851506
AFWKPVOLEYTBZNW6FRJ4C4VJ76DA,25,64,68,7.474452554744525,5.73697270471464,4.172534607692907,5.452830188679245
AH6XPUYACXKVDBFK4IV324V6UDZA,28,72,62,8.20253164556962,7.171641791044776,4.938983395414721,6.732069684701264
AFIV4IDDEDQJGWIH4QOPVXBM4RUA,18,58,55,6.5193798449612395,4.340028694404591,3.121133345424501,4.1438433924627365
AFJGIE7UPS7Z37UWF4OIBCHXEQLQ,20,88,99,5.761904761904761,6.936305732484075,5.027961010892858,6.380862079561902
AHPJXSLDL4ZFGJEGEURFUAMZYVGA,26,70,48,9.760956175298803,7.111111111111111,4.068536410585881,6.472114383107659
AEKS4KRTVTUVDTWF5AE5JDKARA3Q,27,66,74,8.40926640926641,13.227053140096615,8.743451490273788,11.751072961373389
AFQ6DFTKAWHJTOBWJSBOCNLZH6QQ,19,108,107,3.831800262812088,5.648248643315245,4.4625085155003665,5.355062081669309
AFLOM6HXIM7CJECSEUDVO4I3JXBA,38,240,237,5.806451612903225,6.401025641025641,5.421771256639461,6.283593801124744
AET3GRVVMHEXRXTSBFFWSY3HQEMQ,19,65,47,4.442691903259726,6.222535211267607,4.097572694007868,5.592405063291139
AET6PG7VY34KJDBH2U2C2FHJL4TQ,27,77,98,9.799999999999999,6.8404558404558395,4.737144098482146,6.618886672366296
AHWLAJMDMMY3U64I5ISWYBVE3S7Q,26,109,108,6.336533333333331,7.244720496894413,5.355126241564941,6.845079852266762
AHSJLMX6XBUJSJ4HKZQ7TXSMAA5Q,17,60,57,5.538461538461539,8.062034739454095,5.282926829268294,7.0477223427331905
AFX4KLMEDBLOCTDCNSG6HL73R6ZQ,22,78,85,5.173469387755101,5.324244657332351,3.9623815839418217,5.052469789343295
AHKTG5BKQKQSQZQZ63KNM7L53EYA,28,80,69,9.937888198757767,9.579476861167002,6.6709899276744915,8.625028306252318
AERDQD3WFTSIGCSDF6GGFCF5PPVA,37,202,199,6.2678955453149,6.091524380864482,4.982076853377405,5.982927934733343
AF4G7X5CE2VHHBTTPM3Y22QUCZ2Q,27,89,80,5.845756457564574,7.048458149779735,5.35072389322226,6.801282919998194
AGK7DEPABLFQZEYK6ZY4MD7EW53Q,47,188,190,8.073092736409317,8.603431839847472,6.920085939424509,8.279818256000812
AGOVLTNJALUJABLGZQTK6HUCKIKA,23,55,55,6.737193763919822,6.211498973305955,3.833000094297857,5.839790103718281
AGWDLG2MSBLD5247MVETEVYXK6WA,25,62,41,7.909465020576132,5.857142857142856,3.792884593048212,5.172307692307692
AHKSGEBEMDMPRIRPKPMILMO3DDSQ,21,58,50,6.893442622950821,6.720430107526881,4.43184096433852,6.188118811881188
AHNKWCHSFDBX35B3EY6HNRBM5KNA,34,177,206,7.401133947554926,7.646126126126128,6.005585943513832,7.434477925718291
AE5VT32F7URDDGWM4KOVJ4LLBASQ,49,362,380,6.520899681528663,7.493513233004671,6.429499774652846,7.414638544972862
AEEHTDVCZHZ5G5YD37LJK3JPTOGA,37,143,119,8.066666666666668,10.481865284974093,7.689793127285913,9.889087042371521
AECL7JJZHWTNAN2RWAMJEVUQSVLQ,16,52,67,5.026022304832713,5.807244501940492,3.8052298998895884,5.299881936245572
AGIDJMSMKVJIHG23IYLC7OX5NG4A,38,235,262,6.949163206241348,8.731111676418216,7.20732456005792,8.513456660779752
AEMDRXCB2CEAHDULSQBPKETWRCIA,20,53,48,6.398633257403189,6.095238095238095,4.235294117647059,5.8035632708999545
AGDHEVKQUYELZMDFFGG5UZF66JFA,23,85,108,6.900668576886344,7.476923076923077,5.698667978871977,7.231248904591031
AHDXQCPXT6VYDEEZORX32ZIS5ZHQ,32,124,129,6.190016103059581,4.816497829232996,3.7821344077468777,4.627642182115138
AFFISBC4NXQ7B3S6ZYXBEMUVEMTQ,19,74,65,5.9781659388646275,6.204111600587371,4.348528485803458,5.811554332874829
AHNS4IA3FTAYFENRMTJJ2XAKO7JQ,41,242,224,7.487087701355151,5.918376975701817,4.71818937567311,5.86239022634428
AGZ2SJY5T7K22CPGLYIFZBBRTBXA,25,78,88,8.3801652892562,8.362850971922247,5.785596110941084,7.697843546449123
AHRFTKKYKME7JFAYLW6GEGOAGKEQ,22,86,78,5.00405953991881,7.720812182741118,5.392190138466732,7.041666666666664
AEFELZWGKCM4FWBKEETRCVWKUYGA,25,92,78,5.270236612702366,7.107476635514017,5.120352857433392,6.6130434782608685
AHLJJBY3MKF2NDJ56A2CDW2V52PQ,22,58,54,8.494949494949495,6.5675675675675675,4.212061712241416,5.951119552179128
AEGXVCKJYG6A7ZIDP4MNR45XSKVQ,27,183,148,6.148154947677621,7.097861309138043,5.674024572552256,6.989151244416083
AEAUDYX2GGJJYZ5GLKTG3UESI7WQ,18,59,50,4.937588652482269,6.127450980392156,4.204587125379204,5.681818181818181
AERILPVOZA5OUHF3XWFWFB7EV6KQ,20,53,62,7.075566750629725,4.653753026634382,3.26843000358038,4.388127853881278
AEA7GX2M4IUP4OTI7VFQ5QW35MGA,22,95,76,6.069266980497647,7.386189258312021,5.039700579503926,6.771404382579631
AHT5JNOJYQIE43OCNK2FY3I2P3GQ,24,64,76,7.728301886792453,5.480075901328274,4.078235476411833,5.241396574440053
AEZ46SSKY4A7ESP3QNEZQRLA2Y5Q,20,70,51,6.901408450704226,10.703703703703702,6.6166450864817845,9.094516779754263
AHL47FCIM5NLRK4WSKMZL324GQLA,30,108,119,6.861176470588236,6.043960734101579,4.719723400807648,5.740185337901797
AGMNCSMEST5JWV7BQF3GN56FRORA,20,66,54,5.364532019704434,5.5437262357414445,3.5809989812428835,5.044982698961938
AE6ZY3SJW5ATJ6TR3R6HZQKB3FWA,16,50,52,4.5787545787545785,8.193939393939392,5.1397107961746755,7.097161752548912
AF4QNP7565O67RE7CFPRZBS5D6LA,50,352,359,7.422957105200096,5.978060206874159,5.036642002315226,5.953209829471854
AFDDELZUNQV2UKYDUHJ27QW3IBLA,36,140,163,6.105919003115264,7.9145070002978875,6.120197427106704,7.503257244690724
AF6AHZOP3ARBRLR7M7BAFEYHMHDA,18,58,66,6.5960784313725505,8.312977099236639,5.337582698115921,7.446175604282574
AE2CSDOAQ3A3NNNHJPOYKXLUAOVQ,30,94,95,7.670138888888887,9.863387978142077,6.524727859824284,9.070498349004907
AEPI4GPTILJZJGJHEPW57KTA53TA,21,54,52,6.257510729613735,13.938144329896906,8.551613924050635,11.555555555555555
AHL4DUQINPGMLDA37BT7ATAETDEA,38,220,233,6.039430995757425,5.348143040094572,4.467776891959725,5.27897710164522
AHPNEEABM5OSDMOU67FIV5767RUQ,35,161,173,6.345410036719707,6.89131936449459,5.40712908268087,6.698550008383034
AHDBQ7V6POIUED7PH5WZNISK4M7Q,26,99,89,5.972577696526509,7.3004608294930895,5.13526085841239,6.893820713664056
AFAZOFYCJDB4GHEW7TXEEYSP3TXA,29,90,85,6.9230769230769225,7.487046632124354,5.473141359095739,7.0282167673022755
AEBIJ7QM7KYDN6KY4ESFLIPGCJBQ,23,57,47,8.572559366754618,8.15129151291513,4.853882703729531,7.363415149057213
AG2XHVLDSJXRCWTFNXKHL7B5KS3A,30,102,121,7.638766519823789,9.213971050975454,7.177338949311947,8.6581904198699
AEZUHJ6LZS4UZMCMZXUIQW4FFUZQ,24,82,94,6.28411214953271,7.917562724014337,5.562837193740019,7.3817929548132035
AFLNZ43COHJWS2PKMQHVOIM6FYEQ,29,107,114,6.786603438055721,5.786286731967943,4.505618061590345,5.546744048790085
AGWKXOM5YQMBGMUEXDQSWFMWHEQA,22,67,60,7.69982847341338,8.61244019138756,5.305875694587363,7.843174482627681
AELU7VBQWQH7VMYK6Q3CIU5C43RQ,39,216,203,6.205905826017559,5.653587597750034,4.642806148590539,5.491605355332312
AEMPTSYMS4DJSHZ6NQVAHOXJLJCQ,26,79,78,7.100113765642775,9.78135048231511,6.1936381176975015,8.629804596961113
AEONEZTJSCG744Y6IYFJPBAYRPUA,21,72,69,4.95602294455067,5.260773480662984,3.7789075119593116,5.016859852476291
AEWSNEDPCKO4I5RHNORKUKTDOQ7Q,13,52,50,5.827586206896553,7.142857142857142,4.558761749724308,6.345177664974619
AFZUAHAJNO4UMQWHTXHGAXCG52BQ,25,78,100,9.246200607902736,6.28140703517588,4.716315518557306,5.89622641509434
AFNNVYHVCZRZZWLJ334YZWRGJVYA,17,62,55,5.044619422572179,6.677704194260485,4.603563122021974,6.086519114688129
AFP2WXHZKBB7XPY4N3AJUTNU5VMA,17,50,51,6.127450980392156,4.109004739336493,2.8919387338375477,3.923076923076923
AFQQLOHJDAZ6FLE55O3J4NFZSE4Q,27,76,80,6.876190476190475,7.511737089201877,5.395383111085919,6.9640996495216445
AHD74CISOKM7L6YTYKY4GN2CAIWA,20,47,56,6.6336336336336315,6.616033755274262,4.566857142857144,6.137009803921569
AGE4RTB36XFI6KKPR3G5AZMDDI3A,18,69,72,4.995802728226653,7.513043478260869,5.214768126833289,6.995964158228309
AH7YO7YEDTMDVR7QRKGJPUSX3TPQ,23,65,63,7.612612612612612,6.878682842287695,4.577854671280278,6.320079719460526
AE3VE2MPKBXR3OM3CJXE7FQZ5CAA,27,148,156,4.975920036347115,6.374017810371922,4.9068736930128285,6.08552176088044
AGZK7EECJXRY6YUVGTBM2SRBZFSA,30,141,135,6.289465359063589,6.600869250271643,5.030254514513006,6.476546660108264
AFYVMSSEWRVG6CEOM4PF7J6SSDUA,26,78,64,6.285123966942149,7.340501792114695,4.909516957862281,6.7037822779384975
AHZJXRSEQSJ5TKYWWINKEORIBYSA,18,44,56,6.585034013605442,5.681159420289855,3.803995519044063,5.351598173515981
AE7PBNQ2S6SDNLDN5UDR7DD3Q34Q,19,49,63,4.950515463917527,6.878682842287695,4.7750292915973125,6.34027177033493
AH2TH7FBK2XSDKS7LCJJTLX3OBJQ,25,123,106,5.321491382342597,7.372703412073491,5.4753669443542865,7.062227805695143
AFB5EMZ7KD3GDB2FX4JDT3KRS5GQ,33,94,71,7.643598615916954,8.223491027732464,5.926790281415405,7.626323751891075
AGYJAAK7DLCRMZJYZ7EUGPNTEDWQ,27,69,87,5.661117717003567,6.874659400544958,4.859720536646367,6.547582754324326
AGSFFWGHDHFIIM5J6OQNRGX7L4EQ,31,166,153,6.495992456388496,5.033111158890561,4.010731120821746,4.912710594740993
AEODJ4NGAI3BVHZK43GVLOLQZ22Q,22,53,64,10.36531365313653,11.07027027027027,7.134649632210608,9.893719806763285
AFAQQZSNUGEJP2RYTXHYJKFVG32A,23,44,69,10.521739130434783,10.282937365010799,6.510344744379086,9.31702544031311
AGP3SV3HRCELN34OMNVEBEV75HGA,31,97,92,5.577356253704802,6.307004470938897,4.511007887539681,6.019914651493599
AH7IMQ5YIPV6NG6C5D4QOT5L4UUA,27,70,85,7.6802507836990594,4.952021932830707,3.5913219767843207,4.816685933410401
AHM57VOLLXXAKPBFJV3KGMYRLBZQ,23,68,62,5.531100478468898,6.025078369905957,4.1125927231001365,5.587209302325581
AHNQ42N546NAAKT43DUOXVS6U6NQ,28,60,45,10.112359550561797,9.782608695652174,6.344031755582947,8.402489626556015
AGPW5J7HI4NGTJUANOCMKDXAIDZQ,23,61,51,9.187654320987656,4.703435804701628,3.228683032150649,4.39359361758588
AE2HIN4P37JPH3GCTZNNNWCK62DA,21,53,48,7.296103896103898,5.236363636363636,3.418397626112759,4.860759493670885
AEGCGUV3UYD44P4JPEJ2RAKX7A4Q,16,51,50,5.1301775147929,8.865248226950357,5.703905960755275,7.71604938271605
AELBVEAU2AZHSNEXVKM7C2WNQHRQ,32,113,122,7.292404340376927,6.528070175438596,4.947699053618408,6.272230359530097
AFAUF3KITTRYFEHRBT7TECXPB4PQ,22,78,76,7.294964028776977,6.333333333333332,4.512500000000001,6.035534280797686
AHGTTJLK53MVVEOESYW7QJFVHYRQ,23,63,63,8.83964365256125,5.459422283356259,3.7685175751400917,5.181470971700285
AGCZHQWQNF6QRKDO7T5NQWR7GQAQ,21,87,78,4.470761961015947,5.761363636363638,4.061415220293725,5.360356583948132
AFOVU64LBEIX5AQOCTZSAUC2IA5Q,29,116,111,5.9277533039647565,6.7735019241341385,5.03069813896435,6.387274742846394
AFDM5JSC54MIFFQ36LONQJMWI3XQ,25,61,52,7.967880085653107,6.090090090090092,3.807383911311003,5.5409836065573765
AFHBDFGDRJW3S3M5Q75Q6KV2URLA,20,73,73,6.947848761408086,4.140637140637141,2.9419260890854217,4.0371235291113
AEZEZ2H4UC56XJNN7A3ORZREEDNA,27,151,165,5.391581934263419,7.416235358213021,5.8082741571239165,7.244545483705755
AEOK4TQIKGO23SJKZ6PW4FETNNDA_1,42,263,284,8.452767933520715,6.615485564304463,5.603409211605327,6.481545491753893
AFXS2DNVD3WRLMLSJLP2UXL2OQ6A,33,87,85,9.021454112038139,7.661717921527041,5.442172199951263,7.083503544395052
AFEOGCJOFIPCVENKECNXZ4NQHKEQ,22,91,72,7.660499537465309,5.721854304635762,4.094141881553906,5.366459627329194
AEV53RCOPMQNNAYIDOT6K26HPCGQ,31,105,91,7.4442943956785985,4.037542662116041,2.98188765398392,3.906139897485555
AE2K7G2RD7RULVI7EICLIIF3VZHA,15,43,68,4.3505882352941185,8.227758007117437,5.926692830978544,7.54325009048136
AHW4XT6VZ5BJUSH7LMYWFWBLZ73Q,21,66,67,6.892405063291139,8.995991983967935,6.008568497398583,8.08828828828829
AGDWW6FZQJQVOH4J3TEIA3SIL45Q,23,104,118,6.223245109321059,6.832188420019626,5.162786848350033,6.434402760694273
AFSQAZ4GRUOGBTBB4IUKKLR4UA5Q,23,79,60,5.547555555555556,5.980066445182724,4.03408071748879,5.429876606122376
AGX23Z72LWKSGCDMKI4NR6OVR2WA,18,52,54,3.918840579710144,3.9299191374663076,2.6847903744994905,3.8167539267015713
AFJYUDW2LLMAVP2L5F7FQPYGWP6Q,42,265,300,6.569838151370568,7.064364207221349,6.059427112552952,6.970264403875526
AED3R7P5VL5PEBNPLOMFMC6OLNUA,21,75,58,9.028892455858747,5.08157099697885,3.446368885983439,4.854266962069596
AEAKWLN7QQ675DPGNXDKUD5EQE4Q,23,61,54,6.827522935779819,6.657534246575342,4.286981424148607,6.311688311688313
AGOVZTWAXGQ4KG3F2LFWT6DS6TKQ,16,38,67,7.520833333333335,6.81183611532625,4.830527103492341,6.278321678321679
AFO56ALOAN5ZYK7XVV2XWOSEE6DA,21,75,74,4.446640316205533,3.792243767313019,2.838359339497233,3.7506849315068496
AFRPIQB4EY3I33OXHAWYPDLRKHQQ,22,78,78,5.471223021582733,8.15549597855228,5.664278000456895,7.3478260869565215
AFOTTSAZYNXVVEZ5IV24QOP5QOWQ,30,80,85,9.329446064139944,5.784627702161729,4.3430017680688575,5.395817774458553
AH3D2AFXD6K2LDRCCTC6GCIXTSAQ,42,348,306,5.964539007092198,5.918836915297091,5.156650153674447,5.8529839095963645
AFHPTQMY64EIQHJ62AEQSGCEBVGQ,43,329,372,6.927423999999999,7.571897570584374,6.6008731914405,7.483047661528263
AG6KQ64NNSYP4RHXA6RVER43RGJQ,27,81,90,8.644268774703558,5.107187894073139,3.720899495281248,4.861951784726066
AGXO3CPYK7TUTKH4BTVJD2DX43HQ,32,119,99,6.7983677388382135,5.728229105786089,4.151031440338424,5.515482507184761
AERZA2PMTCZCBSZAR6GATANJB3QA,14,50,50,3.644314868804665,4.512635379061371,3.179856346829001,4.194630872483222
AEBYGDBFCD3QEOFKNHCXHUFKREGA,30,102,83,7.285714285714285,9.424076607387141,6.4161823499101045,8.643663739021331
AFJBKPK5W56XWSNPQU2WW66ISWYQ,40,179,189,8.804891453696072,8.39506462984724,6.707917253190753,8.005603270769555
AGBMWG5RST3LJWQ2YSOEISPVKSBQ,32,101,91,12.73533083645443,13.917647058823528,9.3297330241669,12.378287011486806
AHYSAAK3U3UXMVID65JHTIJMFCJQ,23,62,51,6.24025974025974,8.527868852459013,5.211384445537782,7.539130434782608
AGPJIILGSLMZLC53Q52HRBMINIJQ,16,60,60,5.070422535211269,5.042016806722689,3.707959430694102,4.878048780487805
AGVIH2XXBIIZDXDEQJCUCY42JOOA,23,102,114,4.375105130361648,6.491508491508493,4.873084086968091,6.224137931034484
AGZ7PBBXZAOSSRC4RHDY37JQG4XQ,20,86,92,4.963758389261746,5.657754010695188,4.282108032812259,5.39452099311062
AE3A6XP5TAMJ3GBGD52QK5APNR2Q,21,64,65,6.206060606060606,6.096681096681096,4.305520698747324,5.73270013568521
AFTLLGHUC56MJK4QPDC44CADACHQ,26,126,126,5.030418250950571,5.14785992217899,3.9543090384865076,5.030426331684124
AF7KAM4NO674XYRXUWEYWKAUKTGQ,30,95,94,9.820457018498368,7.875222816399287,5.686146583432627,7.278418451400327
AEF4A5PLYVU67SYR67JR3227YS4A,33,171,179,5.073919833420094,6.035223205876811,4.965677297513299,5.896393280289403
AEEX3WVJK5TGMRJ43V7IOI63JOFA,27,72,62,8.668896321070234,8.618834080717487,5.586399561846984,7.688
AFJPOTNIECXIDZ35M6PDCFEVQQEA,31,166,168,7.313163481953291,6.305630026809651,4.935819078661436,6.0256235232344455
AHKMCJ5V6ZXMMU7XSNAL5ST74WYQ,19,48,60,6.857142857142855,7.407407407407408,4.918032786885246,6.691542288557214
AE2ED6WSUDMW3NGBDG4NWQCYNOMQ,21,61,46,7.486921529175051,6.297619047619047,4.162923190048715,5.813186813186814
AGRR2SWMCD33X27M7Q6NV2VEKGZA,24,57,55,8.572559366754618,6.561822125813451,4.546838407494144,6.050024200096802
AEIPJBAN7A55Q5DFFPZSR2UV3OKA,96,762,756,7.145684117256146,7.434904776771778,6.673618178550849,7.5096395217541225
AFBXMLDI73OK56CZEJGVLCLNHRJA,19,56,58,4.694610778443114,6.8373983739837385,4.345135941226094,6.1164445149687925
AEARZR2FUPD7O6LU3TTTRD4NCU3Q,20,79,69,6.414182939362795,5.516801853997682,4.0440039471671385,5.141474678562057
AFEAJYA7HTYXIWK4Z3NPMMAIXHWQ,21,49,69,11.712195121951218,6.696202531645571,4.811068001765675,6.159120310478654
AHTOI4KAG6UGFCU763DHZ7JR54CQ,32,147,161,5.4664811535542635,7.524238026124817,6.115824938587917,7.330647037581934
AHPBTFJXUI6X4ESAHBRBQBKOQP7Q,20,50,68,6.2189054726368145,7.180124223602483,4.929113097128341,6.458150948401645
AEVDXSTWTWY24KPOCJIDVHJNQV3Q,19,74,69,6.030837004405286,5.98867924528302,4.0626782368121095,5.777921131116756
AFB3LK6JUTBNOFKZN27PCGOUULFA,29,137,131,7.427384250098931,7.712808988764046,6.205614668441291,7.471054858558376
AFKHG4JI2HAW6CNNXPM7CPDUQOEA,35,127,99,7.728318160038334,7.545034642032331,5.3828969739897365,7.081651095953703
AHQQJATBFWW5TORPLQ4LQOGXKIWQ,27,130,126,5.465717981888744,5.47448275862069,4.090713522371046,5.290265371167868
AEEBX6K7I53KOU5BKJTT43FZULAQ,19,59,61,5.850420168067226,8.17802197802198,5.232010071503743,7.48692152917505
AGUEIZI5BONVZSNA3FBBR6DBX4JA,38,163,123,7.628194085558428,7.867394695787831,5.767823103316813,7.526867534681701
AFFA2YLWVHPOFFX325YI7MITMACQ,10,51,53,4.652951699463328,4.6894824707846405,3.3066725079563577,4.501614125200643
AE4RGAHEK5Y6XTJKQBUVDR6K32ZQ,22,67,67,6.630723781388478,4.388074291300098,3.1234356022575755,4.215023474178404
AFK3P4OWJK6XFYNFYTSVBZ46RCDQ,18,81,87,4.617171006333567,7.531343283582088,5.433207049070234,7.0540540540540535
AHG4LOFDG63TZLAJ7HCGHELCMSLA,25,62,70,9.066037735849056,9.683794466403164,6.278862423532474,8.828857491624028
AHG5KKQMMZJA46LDH73IZ4QUHYXA,19,65,49,7.3734729493891775,7.433436532507742,4.7724146211837875,6.632647298978199
AG73WJW3CJUPPVWTGBJ6QBHUJ5XA,36,181,200,6.003481766538393,5.126890540886952,4.2757892749811495,5.046682128046919
AHAVFW4GL3ZT2A6PDDDJSJJ5GY5A,24,61,68,7.800838574423482,8.85823754789272,6.06744719737258,8.098098392835233
AHQR5RU4UKE2S65XWC5WMU2JZS7A,44,155,163,10.38694336359706,6.946143790849673,5.462158337969259,6.881377881377881
AFKOXRKM5XY3N3FR54SGGLOJJFVA,27,76,69,7.826558265582656,6.207301173402869,4.179251035236048,5.981165218626454
AFGJYXOLE2THZ4IF3UVLSRTECMIQ,25,84,97,7.098591549295775,7.254433307632999,4.734093717324854,6.847922019930429
AFRFJGGP6CP5ALZLV6SA5WQ74U6A,32,139,121,5.371420628301363,5.81684545093365,4.4106059027685065,5.554256056030615
AEJI7AVCH24E5LOCL7OPS5LDY5GA,22,66,55,5.777188328912466,8.473389355742299,5.589445301768725,7.581453634085213
AEKVYKMVVSJSJNVPRHQIN5UX6UVA,30,101,75,6.2698217578365085,4.675810473815461,3.1993227059676594,4.404855129209084
AFC3Z3QQ3D36SYHAL3MKGJMP4ZBQ,21,79,63,6.865786578657866,4.599073001158748,3.068427669148298,4.2631578947368425
AFEUSBBGM3XTTIYAYK2GNGDGB5NQ,18,54,68,5.3999999999999995,7.4580645161290295,5.035401635401636,6.901492537313432
AHAYJYTWBY6A6HTPQ4KHWKD6X7RQ,54,347,329,8.088197756431786,7.400082040062898,6.175498030653223,7.314571173160855
AEIIRIHLIYKQGI7ZOCIJTRDF5NPQ_2_1,31,195,204,6.660535995796111,6.087770626097133,4.993101799580039,5.912203557312251
AELBDV3WKDSQE4X5KJ4K2NR7AS3A,17,63,52,7.125673249551169,7.229946524064171,4.9137109221713535,6.3773584905660385
AE3LJU64A7LIZRAIDLWLY7WIXKPQ,20,69,65,6.67741935483871,3.145941921072226,2.43193598474827,3.054959389549246
AE3RVPQUALI4HMJUOSE6YE4VVMUA,34,133,177,5.878697241608508,6.88095761036679,5.612208614241796,6.608099557055474
AE2ZVBITK4WG7SXTTLG2YFLRTUSQ,32,90,74,4.34549356223176,6.251141552511417,4.276466812015504,5.794871220604703
AGDOGDBA3K4KIWTOCBCWKC5C6NEQ,33,135,130,6.5913200723327305,6.864337936636881,5.260283903066237,6.4701378254211335
AFMOM4ZVIZ6EXLU7AKHHL7OVWSQQ,37,178,169,5.811445341159209,8.130088243666382,6.428025094213636,7.712937707684504
AHIPYT7Q7IDYXLLNNHYX5GGWMEVA,18,72,79,8.20253164556962,4.82675947409126,3.3906119908362644,4.529049042196037
AFFRCOTU354SFF2TWTMJSVJ3T5HA,25,87,96,4.956777996070725,5.702970297029703,4.338168982732852,5.505376344086022
AEB5WZLYV6NTC6TQPWVOCRS4JYBA,21,63,76,6.761499148211244,6.763466042154566,4.836713338534631,6.291968862730207
AFAWXPWTSIPWCOQPMGFYIG4I2QYQ,20,44,63,6.049999999999999,6.854922279792746,5.004414570891528,6.464186527672782
AE25GU3LWQGZJN4NNT5GWAGBN2KA,19,58,69,5.443365695792879,5.92901618929016,4.186967459767746,5.37359601016567
AF6OKIE3IGAMM2RJLNGUTUB7XGKA,17,56,63,4.379888268156424,5.915052160953802,4.233622662815453,5.527865876013292
AF6HB66K65MYYKBU7CWZ5OBSEAUA,29,114,148,7.2280311457174635,8.496508921644686,6.816063682276542,8.401995866075929
AFYZRRCI3T6HD4Q42AQBYW75N7SA,31,106,97,7.470744680851067,9.977730646871686,6.963956019548084,9.143828960155492
AGCQMKREJ7MZWNOKELGVDQ4F6HLA,23,59,62,7.453961456102783,6.6048109965635735,4.559508335532682,6.044025157232705
AHPOHKN4PU4W3V5PGFL7AGTAD2AA,39,185,195,4.601990049751243,5.9441925902766934,4.859144649938274,5.77712061674805
AH5PTXCOZ6L7I5PPNE3VRD7YSNOQ,19,64,59,6.320987654320987,8.902813299232736,5.984345449022982,7.929384965831433
AFYUZU3JAPLETO7EEBA6BOU2RJSQ,29,93,77,6.826361483820047,5.142237640936685,3.6254168458160927,4.92444917829453
AH6MLMA37WGURO3Z33AE7WRAI4CA,24,86,69,4.692893401015229,5.124865446716901,3.7550634944521057,4.848273866743819
AEJSXAQNOBEI3CK3ZZMT5AAOCHBA,19,77,66,4.571318427139552,5.627906976744185,3.7348927812479866,5.273638666103841
AGF4BUNATUPXTAIBIMBR7DBCSA5Q,46,392,414,6.460813992600066,7.0129296235679215,6.200048486792682,6.914195913925428
AF5JGDC5GYAXYUAXT4TMKIA73LYA,30,104,92,8.24390243902439,8.091778202676863,5.703120227242222,7.618368008296067
AG73LHFDVR6BQRW2J4TNCZPZ7ZGA,19,65,69,5.551905387647832,6.096030729833548,4.1991925132334265,5.813186813186814
AFHAEXH6TEITVFXH7E4RWOV6HT3Q,20,49,64,5.9875311720698265,7.501831501831502,5.235199585613002,6.781456953642384
AGGMJWZGH5H45UG3JGME24PISUZA,24,77,72,7.5721583652618145,8.334405144694532,5.580892323394328,7.748896237375995
AE3PLZHW6NXWBMZ76TDVFQG2MJFA,29,166,146,6.17847533632287,7.36049723756906,5.5739765458655235,7.126714270384348
AEZAZKOMXKGYKLF4N4KATERBLMAA,27,82,88,5.261345852895148,7.54775828460039,5.4348080849008085,6.995534665099882
AFOCBFH7KGNBKSQGCSCMN6JDZ5QQ,25,83,76,8.019790454016297,9.168253968253968,6.431356594902251,8.35891765100109
AFMRNKCMPCQ5LK26BNF6TCIOUJOQ,27,142,143,6.033512866546977,7.922898101511041,6.148498401833617,7.587771817438199
AE364T67IGWVWILEHKOWYBCB2IDA,20,48,54,5.788944723618091,5.673151750972763,3.971141468443921,5.282608695652174
AEO3BSI7NEEABNNTAITKL7I4IH7Q,24,62,49,6.471380471380472,7.3876923076923084,4.643205763203304,6.506775067750681
AHS76Z2GPIHBUHEAIIRXUEPHYMUQ,23,64,77,6.564102564102564,6.580466148723639,4.446535235598609,6.241059546880384
AHEPLA43HWNAN5VRVBK457ILTEVQ,21,57,50,4.885714285714287,5.0,3.2688951537119073,4.664179104477611
AEKSI575UP7LPD4NUWJFI53IFV3Q,32,113,107,6.913373037357877,5.298010180472004,4.069887410582306,5.113447581614393
AGRY5TWPJIIYA77EQRWDAR4KEOIA,30,118,109,7.0680203045685275,9.104214559386973,6.757913307822272,8.659625591603833
AHHBTX27ESJYBLDTOWDXT6ROLLIQ,20,43,65,7.868085106382979,5.596026490066225,4.012345679012345,5.301162616793004
AHCZW7RP5IJYIBL3GTD7QE6TW6CQ,20,59,69,5.126656848306332,6.034220532319392,4.28341714635335,5.634319526627218
AEPHGBC4AGMSWWJ2TG2FOBVRJOJQ,14,51,53,5.407484407484408,5.651911468812878,3.7483520960576233,5.280093843963211
AFKXEFXBBZXYWYNL7772ZQN5LSHQ,28,133,102,6.515285451197054,6.3671970624235,4.877208853863907,5.979310344827587
AGTXKBHHGPNQTA7DOWDBCV4W4KXA,15,54,53,4.876254180602007,5.815734989648033,3.842681258549931,5.2900188323917146
AGYVC7KVHP2AWM7BDCEYNHFA6F3Q,16,52,49,5.753191489361703,6.506775067750679,4.216039714555427,5.87041564792176
AFYSHCJX77N6OZHBKFSTSYZGNJWQ,21,49,54,5.928395061728396,6.177966101694915,3.7982445973838264,5.706479779411765
AGKWJQMCUR4G6H3CUJAAS3JQFPOQ,23,61,59,6.170812603648424,7.359408033826639,5.096632503660322,6.567947910102919
AH6KFWUFNLCMPBOCEHR7XQ6GDRTA,29,98,111,11.298823529411765,5.628597533120145,4.2392335358564655,5.347657257392273
AFMUA7K3BRXWB4XO6QARYIEBI42Q,39,251,270,6.759038729750029,6.732545253047656,5.63879579669543,6.680113082291479
AHGO2TTEJQYOBIW6HXBZF7PMZOGA,26,102,83,4.665470852017938,5.87297527706735,4.324544883866918,5.5377849289353716
AHQINHUXG7RTVNS4B5UZV5JXGGZA,28,101,94,7.209187279151943,6.085399449035813,4.525715540314486,5.745133252164502
AFJMZJ7LBFLG25RUFZ6VXZB2J2AQ,17,70,65,3.8102643856920677,4.976442873969376,3.607413194759888,4.673678285396131
AFXYY6I45UYTMLLLUFJZX6YFWAFQ,20,51,49,8.102803738317755,4.717092337917486,3.3260414887607235,4.279857397504457
AFPI67RTLSRL42VFGZTOMETXABSA,21,71,82,6.022700119474313,9.391061452513966,6.538958297270242,8.57658642614032
AFWTSDRXGJQT2C4VF7PJPDHDSZKA,21,83,81,4.995649021029731,4.643312101910828,3.575087989118598,4.421161037209588
AHED6ETFQH7SFT7MO23RR6TCU4HQ,25,82,69,6.202952029520296,5.4787111622554665,3.8648004349864933,5.119360757730094
AGIRT2W576QSBRPEDGFNUAWVS7DA,22,70,70,6.155778894472363,6.109725685785535,4.082993621741543,5.758003402412619
AGI7Q67LEC564DC6HJQ3FAVIYCVQ,25,74,95,9.126666666666665,5.941408821593154,4.429884508112402,5.726525148211896
AHAPQT2ARS3JS6RZKGJT6JH4ZJAA,41,182,182,8.866167023554604,6.436844150796733,5.100629825409131,6.306930693069306
AHCHHNVEFWLHKTCCPALFK4JE32AA,27,70,67,6.9800569800569825,5.5215252152521535,3.8929846851616143,5.256447488396645
AHCIJZ45JJ56KJQ7TJXXN3YH3M5A,23,56,56,6.426229508196721,7.031390134529145,4.531138911562359,6.29718875502008
AH3CTKRANSNNRHTW7MSGCZG4LFXA,26,111,125,6.433942558746736,7.903388973191705,6.079550977355366,7.526508973686977
AGARAGBTDWJVZAZH2DJZDDS4CQQQ,19,60,66,5.172413793103449,4.566037735849056,3.4066040204072734,4.321428571428571
AHYTEV7JD4ZPZ6C7YQYI4CM4EMHA,21,48,53,6.620689655172415,4.78534923339012,3.4040270497496072,4.627677100494234
AERVE4SIHRBO3DSYVVOQKQRX67CA,21,48,64,5.119999999999998,6.095238095238095,4.187711698176203,5.752808988764045
AFWBP55YO33V7AG7BI37EGHVV7SA,22,105,108,6.8013571869216545,5.263537906137184,4.010591188579726,5.161078114427486
AFSBW7GPPNRSTTEWVKJZKP526T4A,28,65,74,8.604887983706718,5.599182004089981,3.916744533006337,5.421782178217823
AFYB7O3AY4KNFJ466V2KSOQB2ODQ,41,524,581,4.932030464147147,4.422331686994799,3.850170727477933,4.412563757076908
AEJUJLXYEFXUHS4YQTETBDYWZUXA,26,62,91,10.445652173913047,9.190899001109878,6.541652993385685,8.47594677584442
AHPYMAQYN5EIXUMUTE5BLQAV5N7A,19,52,64,7.595505617977526,6.64935064935065,4.7407407407407405,6.0593837535014
AFKOASIJHRHMFC3ZM6FHBU2OIYPQ,25,79,63,6.791077257889011,5.147859922178989,3.8790098427501456,4.787696019300363
AEXAZTZ2QMNUW4YQMHXWRZGJLE5A,31,71,78,6.095525997581619,6.350730688935282,4.478480350360436,5.9823066689355375
AEC4WROC543KSOU7GOBC2DDXND7Q,17,68,55,4.836820083682009,7.697201017811705,4.869616747181965,7.018561484918795
AHBEI6Q4F4WHRIFK5CWQMRVPOQMA,34,131,160,7.036080360803609,6.222654350996598,4.64744799969245,5.946576639225909
AFAOHY7AXIO57KZQD2WMWPAVEHCA,16,62,46,7.225563909774436,8.816666666666668,5.396589143271522,7.666666666666666
AEKV4Q3JUQTQA2UR7PH7QLUHUTTQ,30,166,168,5.371539961013646,6.449725776965266,5.211714696190001,6.3155071410117
AE5GEGOV3K3LNIG45Z7SFL6XHJ2Q,26,100,96,6.30517023959647,6.898203592814371,5.248788658252079,6.499307710670804
AGWSEISP3NKF47Q2CG45DBOYURYA,42,212,238,5.838399584307612,8.230746875908165,6.6716136464967075,8.082765190325599
AEZA72MOZXB4K4VQUOROOHAVECOQ,32,152,195,7.414634146341463,8.126736482154309,6.492120709998961,7.709856867210435
AGJOIAF7JKTG64GKFWQRBD7YTYNQ,24,57,64,7.943765281173596,6.059171597633136,4.16175899410816,5.634123452305271
AH7CUVVTYJSU4ELS3RX6FYSS2OAA,28,65,78,5.99290780141844,7.7404580152671745,5.18228279386712,7.455882352941174
AH65J4QJTJGMTAIOUDUUQHCCHZCQ,26,69,73,11.255319148936172,10.552475247524756,7.021080368906457,9.46536412078153
AEOROIOBPBERU4MECH4D67LANECQ,21,58,47,8.946808510638297,5.564231738035264,3.5901347158399113,5.020480477688417
AH6URM6URQ2EKVJMCPE3XZXRCIUQ,20,58,74,5.339682539682539,8.322188449848023,5.831859194929023,7.856544149128874
AHV7LKZELPOHGBWXQ6GLKLYHHPDA,35,87,83,11.66255778120185,8.310012062726177,5.50504498704452,7.766629086809469
AGT6SMFGOSFI3BRCY6DTOO4RCACQ,17,47,54,8.73122529644269,5.695312499999999,4.118063977082835,5.27307330089468
AFND6MK3CIEWNMQ4F2YISGPWTX6Q,20,62,68,6.913669064748201,6.780058651026394,4.611590991245854,6.3255932330264235
AEMOSR6PPH6SLWWH3FTRNSCEFJSA,19,57,58,6.1885714285714295,5.0815709969788525,3.4235941104877727,4.771640806077775
AGBIKKQCO7YF46LVG5FMLLUAYGOA,42,214,224,6.901145268233877,6.099683929005594,5.146203638964264,6.027871215761654
AEBKVV4GWV4345OOUE6FSNSJDUMA,70,627,620,7.042419791125522,6.732756506813326,5.959515316715794,6.745516475870274
AEOXOWXY6MIDO5SAXL3GPXFOWLLQ,28,72,59,6.967741935483871,7.583877995642702,5.109368447377027,6.746149368086984
AHC6X7NTYM3C36TZF7C3K3Q7HDEA,46,339,343,7.664976989261654,7.483557025634502,6.3473005456448375,7.3438826753070945
AEJ4OE2ULQVAN3AIGYVV2WLZPXWQ,21,78,85,6.108433734939759,8.470105509964831,5.469965075929545,7.8277356446370545
AF426CEAYWNEUOCWGK7ZAAD7GYZA,23,56,44,9.27810650887574,7.0656934306569354,4.379103990868696,6.474988814317673
AFOHELIML66A52IGVQREQVZ453BA,18,58,58,5.191358024691358,7.859813084112148,5.283611998064827,7.097046413502108
AETCSIAIBEV7UTIQRBGI4FLLHYEA,23,72,69,6.680412371134021,5.169381107491856,3.5875220502805933,4.833502538071064
AHT7LA5WBAB4ROGSGGDPSOYFORHQ,20,90,83,4.975429975429976,4.827610371408549,3.3388107356585595,4.556218924188032
AHFARMUVPKFUECSFCFMWDKRHYYKA,21,62,43,4.733990147783251,4.9838274932614555,3.3920403200107345,4.434052757793766
AG64X4UTSQEXRNHWGWME6HL6HYXA,22,74,81,7.2433862433862455,8.29456384323641,5.689389297469832,7.810813913442775
AGTGHYRTZXKX4AIL42A3FKWR7SOQ,31,181,177,7.176560788608982,6.54459995822018,5.213262709107824,6.406748734186824
AFYCLJKUNJR5P62O2IF5ULMAWPQQ,18,58,63,6.494208494208493,10.814713896457766,6.6449336233405845,9.360901126408011
AHC7TXAWP6DKHKM75VOZCHZBSKZA,19,59,55,6.458256029684602,5.3350970017636685,3.755458598483405,4.959029720585113
AFY7R6NIDZW2RYSE36LMS4OVETZA,20,90,83,4.485049833887044,6.257039055404178,4.475414119621239,5.943934869725306
AGZHZS4YKICTOZ3XYAYLWKA2OCDA,19,61,59,5.878357030015798,4.129300118623962,2.6067140199843264,3.9828427425953192
AGHOTW5ZUB27GJG5FYONY4UA4W7A,26,110,95,4.38723712835388,6.700074239049739,4.9983489268024215,6.391671912265171
AFLTMIAEVQND46Q243LNEFKJ57CA,22,49,71,8.084175084175083,11.535469107551489,7.281997267114343,10.204495256827915
AFNKQZEEGYXHXOSHESNOE3ELUACA,23,80,99,5.237315875613748,5.023577652485904,3.895786120888264,4.8209542547958675
AHYDC3YH4YUXVQHQXKJRPJJUMDHA,17,91,67,5.251109701965759,4.493493493493493,3.3517540971317996,4.291590920515668
AHESUURQOOLW6WCO5JVH34XXQ4VQ,24,79,62,6.850713501646543,6.101587301587303,3.946207543676575,5.587209302325581
AFVQ6XMBHSGTRAUUEYSUJ5K7WT7Q,41,176,173,5.853363567649282,8.65750650853341,7.021874618455036,8.500144747660343
AFZIIL5E6KJ73THDLDYHPGRHREEA,26,80,96,8.163265306122451,5.7816813048933495,4.442946368963727,5.578700670550731
AGDJL2BHGWTC3WWWE7UKNMLF6AZQ,24,74,66,5.645360824742268,5.4314214463840385,3.7737204924400882,5.006896551724138
AGEXJG5LADC64QIVX3RMUA4GEVWA,18,49,52,6.14066496163683,6.377358490566038,4.4444805194805195,5.982300884955753
AGWITEYQTALYN73Y2AP27U5J46HQ,24,74,72,7.130208333333334,7.534883720930233,5.212181238524587,6.949111609453167
AGQANC4MDXQAMK5QBH42MAM3KKXQ,17,53,48,3.895977808599168,5.619512195121952,3.943863572826391,5.212669683257918
AGZZURKYSVGYT53XSNBL7GVIL4GA,21,69,68,4.122077922077921,4.446153846153846,3.050131926121372,4.2344322344322345
AHBORN7QVR52CPM5PSTBHFLVCJUA,26,97,87,6.4844934527911775,6.333891213389121,4.650417433389346,5.955153422501968
AEQUPI4IDAOEZ7ZMTTMOGSDKBH5A,17,60,59,4.651162790697675,8.768261964735517,5.659245233295121,7.857787810383746
AEIDUSX3CGQI3URKTYY7U2JRMPZQ,54,200,154,9.624639076034649,6.58411993337035,5.0807803557523465,6.416674182307983
AGEMMF33OU43HMF3U5ZSEQZUOQ2A,27,61,41,9.46819338422392,7.818604651162792,4.735211267605632,6.805668016194332
AEYQ5YP2XQD6ABDBCVPECI6LFO2Q,22,88,79,6.295934959349594,6.234765234765234,4.494876306300211,5.778708658014969
AGQPPOLMA6U2DAA5I5SP3M4QJSFA,40,152,125,7.901504787961696,9.153485647334506,6.765539666949976,8.533598384755278
AFH3T3A3DVGLLVJPET6OAEHNWPQA,27,69,57,7.8955223880597005,8.618037135278515,5.494699385251129,7.772771758726671
AEZY3WQ5CO4DOXRNJOWWXJYKCAXQ,25,103,120,5.349974785678265,6.666666666666666,5.073817109847243,6.293711102706048
AGG57MAZR474OPZD356G7BL2EXRQ,14,45,59,5.609418282548478,8.68079800498753,5.457983320551686,7.735593756018548
AHH53Q3XLBEEPK36DLJ5UDEVZM5Q,30,119,125,7.441408302679979,6.058549825513763,4.780499315820683,5.845495229131167
AEVHHDEEO6UERLRZC3E2IYDZOEHA,25,128,120,4.471615720524017,5.714285714285714,4.50987368795588,5.41353689498383
AGM7QZOUXUAKEPGNXQNR6UVFVHPA,25,131,118,10.319302465423933,8.180963572267919,6.374004945221898,7.804932735426007
AF6EOOWDGXOGQSENWNYO4AQ77CUQ,39,214,232,6.97684338817794,6.620418204182043,5.478771603092507,6.551918098356559
AGTMMNTVLEDXN3TWKWUOI5L5Q2TA,24,76,58,5.68503937007874,5.701694915254237,4.090485152287984,5.306204906204906
AF4JG6AGQZ26FUBADCRC6CZ4Z26A,33,92,85,9.981132075471697,5.411985018726592,3.987978336346376,5.05598320503849
AE4XAONOTHWDUYQGLCZSHVJ4TP3A,38,199,231,6.024798417769663,6.365382321364665,5.342560250900978,6.24397455835258
AHVMJWRWKAWN3HWY5EP2ZIVWW62Q,20,55,54,5.510018214936249,6.177966101694914,3.9506855636123928,5.67323764534884
AHSGXUUQSRZPYZN2AKZ2BTAMS4AQ,24,58,58,8.009523809523811,8.047846889952154,5.076309015177246,7.112082528784954
AHKIOQRM2H4FEMS5PI7J5RMPJKQA,25,117,100,5.242818843355035,5.1652892561983474,3.965766034731552,4.975124378109452
AFAFYXZDO7IQMWKTKLIE6VDCPPMA,24,92,95,7.503546099290779,5.658307210031348,4.226968467910651,5.417168818488554
AEYLTTG6BD636LJSNQICVOWDJLDA,39,268,242,7.136724960254372,6.8560056192929055,5.908398419950408,6.762588047850925
AHADLK72WU2URWGZLNJCYYV7F2JQ,23,51,54,6.3906633906633905,7.438775510204081,4.403511063934025,6.657534246575343
AF2ACCKOTUKHIGCZHGHSZXMJDTKQ,37,154,134,7.406620861961274,6.496382054992765,4.844854835823892,6.276134129035032
AGXKSKQILCBPSNPGMZ6K3AXTHBSA,26,132,134,5.142857142857142,7.299186991869918,5.683910324582472,7.179529336530776
AEUXRQJTAD7YFA5OZG6LFOMVX6SQ,19,75,81,5.76923076923077,8.130111524163569,5.669723221643787,7.4556914458825485
AHJZK7DAWKCCNUCXXQXPS4URHJXA,19,60,52,7.468879668049794,5.365079365079366,3.586206896551724,4.828571428571429
AG2YZT7UL3WX3GXGTLDVHHTQNSWQ,24,88,103,9.330120481927711,7.923076923076925,5.8401155622772984,7.551027386677433
AFBR5VDMITJI24U5KZRYEPET3TJQ,38,209,221,6.700567571713452,8.471986123156983,6.533483870330216,8.283757653405907
AE7PTCW7PBAYTJAO4F5QMUZ2GODA,30,101,96,7.158596491228071,3.701204819277108,2.703593523759379,3.528330781010722
AEVZZ2TAOV3HJQD2FJ6NPFFLIQQQ,23,61,55,6.609236234458259,4.9835255354201,3.268868225138322,4.6899224806201545
AG5ALUCP2JUPUPJZQEGVYBWBSVZA,21,59,61,6.785575048732943,5.878357030015798,4.192701086799415,5.432116788321167
AG7TKTNIUPIPKJC4R6RVJZ5OECEQ,25,66,69,9.469565217391306,8.672131147540982,6.07362779284515,8.015174231581334
AEZ75ZGNAG3HTCX7UJJ5NZYKD5HA,30,154,162,6.102933607822954,7.245720596355604,5.62806239808912,6.897252382925819
AEVVEYZF4MQDPC2BY2HBBNGZRYHA,27,187,195,4.336971350613915,5.228241440945966,4.398140662894098,5.098551982251982
AE4XVWBZQQW6XC7TWY7TLC6QPHKA,30,120,150,6.539509536784741,5.2619270346117855,4.035733198578148,5.142857411545203
AE5HOA4YXILTVNUKYPDZOADT6MPQ,30,66,60,8.541176470588233,7.929515418502202,5.084745762711865,7.200000000000001
AGNE2VHYOU4D22WTQMGNQMHPZHUA,15,54,49,4.925675675675676,6.614325068870523,4.403899667452081,6.06316997736186
AFR3I45A3TZAQV2AIZOAZBKPUOUQ,25,71,68,6.821380243572396,11.676767676767678,7.580327868852461,10.25282202556539
AEIE2UJDKWR3NG3CE34PT7R3QSVQ,45,300,273,7.537688442211056,6.968583450210378,5.945790972062253,6.859549940312945
AEROQUUIQIBMTURT6F67MG273XFA,19,55,50,6.619256017505472,5.2742616033755265,3.654970760233918,4.798482169171823
AH7BKWN5OQPMQXJ4ID2CDIUSZ5CA,17,52,57,6.008888888888889,4.900452488687784,3.5574363533866404,4.67497500046583
AERA2QF2GEAJIAHJVKPK5DQHB7AA,16,61,43,4.382803297997644,4.498783454987835,2.8036693273088953,4.231121281464531
AEK3Q3YE25YBBW4NBUGXY3LP3JEA,20,57,58,5.79144385026738,4.976331360946744,3.3771329324695767,4.698324022346369
AHVBNM37DPQ3X527HJUDBMKJCEEA,24,81,76,6.464039408866995,5.618677042801556,4.052268858142198,5.279707495429617
AEBNZGOWU7JLSAMWJFWOYNKN4QHA,24,70,67,7.8274760383386575,6.009370816599732,4.075731956111707,5.555701579044914
AGZRMANKR7DOKXA7CSLFIIZXBPGQ,20,53,54,4.582381729200653,4.959183673469388,3.3498197492163015,4.6507295333835295
AFSN2VRJ3SF7TUDX3BJNQZXGRPWQ,20,63,48,5.932735426008969,5.236363636363636,3.445067759218405,4.810041841004184
AEOUNGYXHQECUPRUCSZUSVXUGP2Q,18,72,56,4.507826086956522,7.361502347417842,4.518731988472623,6.686597563193308
AE2B73KPXHFCO2FD4L5CR7BVFISA,21,59,58,6.812133072407045,10.782051282051281,6.921810699588478,9.63904761904762
AHH667MCWRTSMWKYOVEN4PMWLDHQ,21,53,48,7.111392405063292,7.944827586206896,5.068355674878524,7.067484662576687
AGNFGBZW7HNYC5LDKBV34LQZ2YBA,19,57,61,6.284332688588009,7.060721062618596,4.836878560342297,6.360683760683762
AFP2CXPW657I6PLKLC7XRPJWUFJQ,40,265,304,6.131581245088623,5.280914285714284,4.321515298122633,5.310348807972181
AFZUK3MTBIBEDQOPAK3OATUOUKLA,29,120,135,4.739960500329163,6.0851419031719525,4.588031334505663,5.963678649039766
AGOL4YVNGWMNV5WJWSA4IRBTSZ4A,34,109,111,7.477029578351164,5.051660516605167,3.800438664341733,4.877679089035675
AH7VYZN3WN5YY6N3CFLIY7426GYQ,25,69,78,9.657200811359028,7.437652811735941,5.214743436927638,7.0011600190688075
AFURBA64TYZCPYT5BXLKHOIDWO4A,16,47,63,5.481389578163772,6.784615384615385,4.545354947160541,6.153488372093024
AEQWHFILX4XRKJX5WYHP7KDYLVJA,24,99,120,6.270633397312859,5.611847233047545,4.300690557254697,5.317577548005907
AGDVIDD523KC4LS2WMDIXUPRGABA,20,91,93,6.335883703136957,7.42403433476395,5.684164939380955,7.159812370010724
AHWJGIMDAMS4WBLZAGOYMXYDSDLA,45,306,270,6.081839438815274,5.722135007849294,4.898541834598902,5.636032041797708
AG7Y5UMCEMWJOXKMOJKW3WNNHG6Q,34,148,136,8.392337164750957,6.706308919506888,4.99311672963737,6.455847208848102
AGY5AUOWAZ52AMPFYIILS3M53RZA,17,54,61,6.657534246575343,7.114722753346079,4.81309168301131,6.64466404548484
AEHCGXYNYNEZT6YVDLAVWPZ7R4ZQ,15,57,57,4.384615384615385,3.9963099630996317,2.7318623645621827,3.863258026159335
AFW5SIGDUGYOBFH7NFQANKDR3TPA,21,46,61,7.557142857142856,7.281800391389433,5.007403145239234,6.692467692108626
AE3RLEXEQRD2K7SCXE7HBCOMRDTA,17,47,57,7.012698412698412,9.363112391930835,6.206409479155831,8.309462915601024
AGZ7N4QS64RBGDJ5HW2Z4BOX2WPQ,19,52,53,5.728813559322035,6.935802469135802,4.607296913341082,6.312359550561798
AFTCOHCMM4Q633XYBEWYEWS7H46Q,21,64,61,5.885057471264368,5.953600000000002,4.0573556198181375,5.488212529068946
AEZUYDP2QQDANWCMHUYJDONZYV2A,17,56,64,6.373983739837398,9.570093457943925,6.021768145854833,8.605042016806722
AHDHCALBCB7CJPXRW7KYVDF2KKQQ,39,155,158,9.152380952380954,6.1156295933366,4.792752231048953,5.952325010233319
AE5ZXSOGDJVHJQZZIPWCGIOAWTUQ,15,54,73,4.55625,5.178814382896016,3.687380247921846,4.875571820677036
AHQMCHVUHJFWMNDCPM5VNJRY7LDA,26,75,92,6.041890440386681,7.283993115318416,5.3542768313188045,7.024458243568622
AHRC5Q3ZFV5WWITJOSVDWF57LMGA,21,59,55,8.724310776942355,6.890660592255126,4.717725453204174,6.123506874013972
AF5RRRO3XOBWXMELE6NO4SJNOSAA,17,47,65,7.69686411149826,11.575342465753426,6.999797759171622,10.254914782936556
AGU7PO73VGUO6TWDTPEEAP7JGC5Q,33,113,109,8.848925848925848,8.222145328719723,6.1553653947071885,7.936553912195643
AG4QQGPDZIE3Y3HF3QYWOBWBH2QA,20,60,89,6.338028169014085,6.261660079051383,4.435076545853798,5.893604453216043
AHKL2IAC36ECZBY6GALHYGJKSJCA,24,75,78,7.470119521912351,9.536050156739812,6.484763625005091,8.753974957766076
AHIF5F7OVMGSN3RFGZT5YGL3AM3Q,26,81,70,8.070110701107012,7.335329341317365,5.125523012552301,6.758633547935405
AGGSZYRA42CYQHGYK2WLFZW4PNVA,21,89,80,4.618658892128281,7.424593967517402,5.270963012257109,7.048458149779735
AHGFE65TS742WVLX5LVITKOZM2CA,31,133,122,5.8631090487238975,8.583621683967705,6.089270650322319,8.15561888703138
AE27M52WTNJGLONE7KTAEOHZRJIA,18,54,46,4.142045454545455,6.335329341317365,3.8194945848375452,5.612771586175842
AG773IIH5JWYUNOQQVNEXQGDRN4Q,46,417,376,5.617114061440064,6.883630343753043,6.06024194814479,6.769596539714602
AHQ63Y3CMMAXTCZPQH72VMXWBPDQ,19,63,57,6.004538577912254,5.81216457960644,4.105402612937476,5.424040066777964
AFFNS3Q4QAGF76NDEIMZ2MTFSB7A,28,98,107,6.318421052631581,9.929748482220294,7.241161766603816,9.07211346171113
AEIOOSP7SVTJCXS53SSMVOMO3WKQ,25,71,96,7.603318250377074,8.565055762081784,6.337941563251054,8.112676056338028
AF42I4ERCBTGOVGQZS2HVNAUV6EA,14,54,60,4.570532915360501,4.411764705882353,3.2356819170997726,4.220404393574563
AG5LRZ72HYVRRP43W2JMFC4SYP4A,23,85,63,6.746031746031747,6.330143540669857,4.144767413647525,5.959472895131382
AFNUHCITVPCKVVAAYVQH4JNECFWA,21,62,79,4.769230769230768,6.222333000997009,4.519188993482984,5.810992002427449
AHCUWSZJ7OE2SWMIM6EID2NM7XCA,19,54,52,5.380073800738008,6.407582938388625,4.432786885245902,5.865537361189535
AF2KWXX365N4EN25OGZ2J3AJ46UQ,19,51,59,5.818791946308725,7.060851926977687,4.951635846372689,6.446318403012356
AE47KV6GYAL37KXMPJNXFLVIHJPA,16,53,69,6.970223325062035,7.074294205052006,4.515920090618885,6.7531914893617
AHSSDNEMHCJBRRMCLPGASYU2JQLQ,21,62,68,8.466960352422909,7.81081081081081,5.24144694747726,7.059558439621092
AHSYQZJEGKCFTMBUTH6K47V5OU6A,30,109,129,4.716554188169908,4.281193722665295,3.300497967199248,4.151948433941493
AHOBK4UZRRWCWEHSRSQOZXPHWS7A,25,54,50,8.476744186046512,6.648936170212766,4.512635379061371,6.067961165048542
AFAQEPXRG5ZG3OJNGSBWWXBO4JLA,28,88,63,6.804920913884006,5.299065420560748,3.471534302337534,4.924325197995799
AGHHCLYVRWDCHRLU5XLZYZICDNBQ,18,48,53,7.200000000000001,6.200883002207505,3.8103688403766953,5.540778810502932
AGS2KXBTAM44IW7T4FPSTTO3ZISQ,41,269,297,10.48862153935353,10.227130434782605,8.419784454356375,9.875693129552435
AEBQCCHFNT4D4HKLOU64IBWYX4IQ,17,51,66,5.191616766467066,4.0710280373831775,3.033335034187162,3.94923262053184
AEH2JMQUALDX63YY5EG6XQSX55DA,20,55,54,6.36842105263158,5.321167883211678,3.643643300248139,4.884435815133218
AEWHLGO6FWZ4ZO7N6TX7I2FYO6EA,22,83,71,4.702389078498294,3.72579453067258,2.7763474900101968,3.481355251554465
AEXP2IBYPZQKMOVKNYX53XVBX5BA,76,574,521,7.251111404551258,9.082850928559479,7.8647800851783805,8.911131745917057
AEW6DQRE6GSOIU5VAPACM56T7ADQ,33,106,84,6.435280641466208,7.127272727272726,5.025641025641026,6.72
AFDFTOOEH2YAHC3FCJUXZ6Q3E2HQ,24,97,90,6.378983050847458,4.43592552026287,3.442858652336674,4.359531423804227
AH34XZLFFNGG35PVAA5P35T6FMMQ,28,136,137,4.412213740458016,5.209270052733833,4.088669612014498,4.971921925367322
AEERPQ3ERAHDP44DLQDHLZ3G53MQ,20,45,62,4.975429975429977,5.968944099378882,3.9946036150581605,5.483606023606025
AGHYDPVLKBYDXTPJQCLDQLESK7LQ,21,48,55,7.48051948051948,4.983525535420097,3.3470284639401737,4.604261796042618
AEXPJUSFZID56K6EIKI4OQ6E5W6A,19,61,56,7.034026465028356,7.09502262443439,4.853740014524329,6.247011952191237
AHIP4YNGJHFG2XOFL3A4DUNNPEDQ,17,47,56,6.1876750700280105,6.8471615720524035,4.836555254441434,6.452674897119342
AFKSO4QAZKP4GZMNTI2TSHFMPPXQ,27,61,62,7.281800391389433,11.239766081871347,7.773656898656897,10.062827225130892
AHNIPRAKWLONQWATDOZ73ZM4PH7Q,25,74,63,5.692307692307692,9.610169491525424,6.600729426792799,8.761589403973511
AGLBN3MINRB7262SANHMPBSRLVXA,29,133,150,5.941887806516627,11.083743842364528,8.78049413427253,10.60321394307643
AHNNHOY7YG6U7QQYTUAJKPHF2NHA,18,60,47,5.53846153846154,5.828496042216359,3.894578958910541,5.34866828087167
AHTPJH2GRKY3ATUF377HTJLNGI7A,20,51,61,8.816949152542373,6.29610829103215,4.359225040489534,5.832302729687035
AFAVAUPHJ4CFL75JGCGY6H7XK6PQ,27,74,60,6.030837004405287,7.346938775510203,4.953331402731061,6.7796850617108815
AEHC3WKW7WCNNPC5S23T4COBVADA,19,68,46,4.836820083682007,3.7651245551601424,2.6249852590718126,3.5683069433069434
AEGJUYLQ33YRTQUTCMCJNFRQ7SMQ,61,381,329,9.856793644326745,8.246933333333335,6.596919730240285,8.201946616361393
AEIGI2BSHJLGSDDP6V2JO7MTABUQ,36,80,100,10.355987055016183,9.27643784786642,6.665780141843971,8.764248625065289
AHWAVTDTHEKLCOWMFZ2MCLGVYZUA,25,58,55,9.894117647058822,5.206540447504303,3.342541436464089,4.871175523349438
AH4VRF3XSROKY4VFKDERPGK2MYUQ,25,127,147,5.374541819393535,6.316574101140017,5.075197397633633,6.135434906880038
AEN6EKH7NJ2VGWM2WWVDXORGLNIA,24,92,71,8.34714003944773,5.95159386068477,4.03068100622353,5.539567129050994
AEELNPQG53TVUO2VBGJNSPQAOZJQ,18,46,56,7.611510791366908,7.0,4.735737550239062,6.413114754098363
AH3UA2OVRWGWLLE4OWHRZJ6S6N6Q,21,62,77,5.38375350140056,5.8529121421520225,4.375001805647195,5.375357655114026
AECF2YX7HBNFG7GE4SDPVTLHGI3A,14,45,60,5.37135278514589,5.128205128205129,3.695342714251521,4.787234042553193
AGKMJKWW2AZPOJGCZGHMNYONC33Q,18,84,90,7.4904458598726125,5.664335664335665,4.225373755585845,5.3964047936085215
AHW4RM32F7UDMQ5ETAMLLHIPSZHQ,33,176,172,6.319053447572419,5.872171496625645,4.768926045223724,5.665283126917183
AGGPFZDUFMEICMMF73QJCIO7CGLQ,24,91,80,5.987707881417208,9.116809116809115,6.38658937105868,8.333333333333334
AHR3ON2IRYSXJZZP5FVCLIESBSAQ,18,40,60,7.843137254901959,6.143344709897613,4.2051173125939485,5.678233438485806
AHLQ7RTLYEVSPPFCUB7K7CCYOV5Q,20,66,51,6.066852367688021,8.938144329896907,5.471254658385093,7.718100890207714
AH5KZK4WNQG4E6GKEZORFDZSTN5A,22,53,52,6.672209026128266,5.656903765690378,3.6232188694312932,5.333354081727927
AFMOMWWWDGAQLHVFQBCQVJPG46CQ,20,59,67,8.190588235294117,13.087463556851313,8.505476986731246,11.364848321700283
AEQQYNZCHBT3C5MEZBUCUHBQ24EA,31,75,90,8.235724743777451,5.852601156069363,4.391204699304361,5.495261134676564
AGS3XA76BVPORI2WMOOFMGU4Z6RA,29,100,95,6.165228113440199,5.2501454333915065,3.706213415862065,5.056022408963585
AG3UVJTNY4IQQSZ2FOEV6X3YAUMQ,16,66,87,6.701538461538462,7.942287513116474,5.615043101552177,7.298939247830278
AHLADUQIONX75OSWEO63UTN2HL6A,32,133,166,7.324637681159421,7.528961748633879,5.9766643920286935,7.257308904747715
AH7HTVJUXS4MUP3NSI3XCGE37Q2A,24,64,71,5.970845481049563,5.345705196182397,3.591996395291451,5.066331658291458
AHV4GVYJF4SYL26D434UWRGLR7KQ,24,98,109,4.508920187793428,4.106809540269616,3.3062486042532355,4.004383349700701
AGT5GPBG4R64OTKTLJOK6YAXEA3Q,30,127,105,6.854653633659158,9.887892376681613,7.313927743139275,9.504373914510428
AGNAZ4WBV54GOM2ZDCN352DXVBAA,23,66,77,4.086303939962477,7.328800988875156,5.1604272968786375,6.910265797112865
AFPPPZX2PLMWY75AVRTJSMICZOEA,35,168,165,7.098591549295773,7.2541966426858515,5.593450570734588,6.855957417785472
AGEQRBANWEFCXNDWJI7QFFHPCSRQ,31,116,97,6.635108481262327,7.379607843137256,5.293735372257983,6.842909090909092
AFPSXDH6U3B2ATWUBT47IKOHLLHQ,21,76,86,4.643086816720258,5.9645161290322575,4.3030196588667655,5.68923076923077
AFETPCZPQZEICIHWZTCUJUVJPALA,20,74,60,5.952173913043477,6.716417910447761,4.390243902439024,6.1855670103092795
AE6IAH3TSJOSBDOJGBJHUR67WEEQ,21,64,61,6.849498327759197,6.680430879712748,4.51030303030303,6.253781512605042
AEOFL6B6OAGTNKAO6R3HGN76ETWA,39,106,106,8.29837518463811,6.586166471277845,4.687927086880566,6.277126317537245
AGKTK5ONWYWZ25UKBIWRGJTLLH2Q,16,60,77,5.09915014164306,5.187226596675415,3.807719776564115,4.867819373208235
AFOUQMBPVJ2MRVVJ3GU2PJBC6E4A,21,71,86,6.821380243572396,6.173622704507514,4.233806718563715,5.926282051282052
AH5DFYUNDHZLWG7YL4M6LIXUUFMQ,42,212,222,6.748348348348349,7.026518391787851,5.924484188689232,6.839309012383918
AFDZHJN4DODEXOLEINLGVZOWICGA,15,66,74,5.0533642691415315,4.3948635634028905,3.1644083449604685,4.228594121940398
AE33DCBS6ZICG66ETAHGQSZ5O7HQ,18,55,53,6.186094069529652,8.335311572700299,5.41233140655106,7.490666666666666
AH3VK3QFSAVL6IEUH5JFUATC4Z5Q,23,58,68,8.452261306532662,5.218961625282168,3.4030248267316656,4.993543812509331
AEC5AGCCT35DGIGTZ4HRI4VXUCLA,44,217,236,6.4426050075249695,6.805474095796676,5.399316971379286,6.675818395657981
AH3RUNX6MACJRKEU5XAM4MEKQ4JA,29,84,51,6.437956204379563,6.20763723150358,4.01947330693041,5.569593147751606
AFC7BRIIFXRLEECQLEDHJT2A55VA,24,71,66,6.095525997581621,7.510344827586206,5.064528678573355,6.870662460567823
AGNVKXHFTQ5WSP7TRRLSTH5APJNA,28,94,94,7.19543973941368,8.94331983805668,6.3559225044641465,8.391270625753062
AELYFHJ4GGQO4WLCHWVK7VLBXV6Q,20,71,62,5.461538461538463,4.35827664399093,3.240330986792218,4.093721362790909
AFLHPISWNLXE5TGFDGMJFMF2FO4Q,22,52,59,10.165413533834586,4.84144645340751,3.525080306776459,4.691383184122435
AF6ZBUE3EUJZSDTG3QJSNMKG5PVA,17,56,52,6.125000000000002,6.828282828282829,4.63013698630137,6.076435179574194
AEGJXCXNUKZK2OU2X6FUNLEE3HZQ,22,86,66,4.072687224669604,3.3302752293577984,2.285294699954464,3.2580422115410435
AHKRRX7546VO5P75KP7R7WY63JFQ,19,53,63,6.014989293361885,6.495908346972178,4.413441945931329,6.096774193548389
AHNEUZEX5AYASGVMAYOS6EUNQIQQ,21,51,49,6.091334894613583,5.870415647921761,3.954869435134163,5.4198645598194135
AGVEWYSBJBPUE6KH4ZC55JCNLQHA,15,61,49,3.8479834539813864,7.210210210210211,4.750748267809237,6.542234332425069
AEUO4WFK7DXIG3QL3N5REYFZ67DA,26,59,51,8.268408551068882,5.110019646365422,3.449714724542966,4.861682242990655
AF2DLDMAESDOKR7FGYZ4WYD6BLAQ,18,58,51,6.7280000000000015,5.617710583153348,3.4541832669322714,5.0800975040340575
AFFNF7ZL5LKLILX23E3OFK3VABKQ,19,65,65,5.341340075853348,4.212362911266201,3.0754308774016215,4.050829851679238
AETUVJTNVD2EBPXDH2ALUO6GVEEA,16,69,77,4.626822157434401,4.628415300546447,3.229320857539459,4.444530233682016
AG2RSDSR2D3Y26RV2VO2Z76KH5ZA,24,74,72,5.245210727969348,6.4,4.529505156888172,5.986175115207374
AFBLXQDW7LLQCIUBENSMOHIVCFGA,18,63,72,4.719381688466112,6.52896725440806,4.48799915113359,6.260906094110096
AFOHEGEBCTPWINNSOPTRXCJHBCMQ,16,77,70,5.270222222222222,6.5159574468085095,4.122516835016835,6.322591171847945
AG6CLWE35G65YRYXAUFEC7JN5YRQ,30,165,158,6.6386247256766655,7.970625798212005,6.321941395268544,7.5671422533399495
AGMAERQDDST54IVN3LOHZW5SJQYA,24,67,75,8.92445328031809,9.95575221238938,6.800055875920535,8.858355591598652
AF2TLLNCRHFF7QNWBFERALVO4B7Q,24,67,82,9.217659137577002,6.7374749498997994,5.017536534911137,6.391658082587874
AHJYOD56GVUHGUW6NV4US7JR6NDA,33,174,167,4.514762898896509,5.325377124307811,4.165273350894749,5.31627359204446
AF326CNMGP26ZJX2GVSQMT34E7BQ,16,56,65,4.148148148148149,4.4333683105981105,3.0369477104478615,4.199805342700598
AEPPRFHKQ7HC7I37WH2AL6P3RSCQ,23,65,56,5.62583222370173,5.2441471571906355,3.575523486997997,4.8544891640866865
AHISU6WTZZJNNVYK5A5UITDIWCNQ,25,84,76,5.313253012048193,5.94238683127572,4.0842894847614915,5.68503937007874
AHSA2ZQUYBCXFXDXJXDJM6LRS2GQ,25,56,44,6.877192982456142,5.866666666666667,3.7960784313725493,5.4078212290502785
AEC4YXC4GCBMXC2KGNFZ4EYPRT5A,22,64,67,9.351598173515981,5.535141800246609,3.737718567860117,5.095372456861176
AFOFZZYF454MYIWDTFMC2U53OR6Q,22,68,71,5.65281173594132,8.196747967479677,5.3759759709209085,7.29522431259045
AEMACRCBRYMRQ7KETZSP6NPRL6JA,19,51,51,6.652173913043478,6.390663390663391,4.239661533546828,5.884645506057954
AFLZUVWTQ54JZIKLCEW3YIMUGHHA,35,134,135,8.784735812133071,7.5779625779625785,5.782598919172578,7.217826310566453
AHBHMDGRX2RI75ZBA7OUZSS3X2RQ,23,63,68,9.56385542168675,6.662824207492796,4.66791024012581,6.190104801364855
AEQN2HTTOK67RKE2HRPXQ3CK3E6Q,32,109,134,7.356656346749225,6.07031778228533,4.455712349998609,5.953583519893689
AHXCOH4ABGDUF6PLAWTVRWDNTIVA,39,239,253,7.934574246423115,7.204164321890827,6.023754059193696,7.137489647965874
AHQUHSDKN3Y3NZTRM72JRA4UVOGA,51,347,343,8.975698844576968,7.69400300830554,6.590837226043974,7.605963268006246
AGMP22CF4X5SCBMB2MZSZFHJ3DNA,23,102,92,5.972445464982778,5.257142857142858,4.026340440653874,4.978830420526533
AENEYRNRPZ3TULDMG67JW5V5KFPA,23,81,74,8.33672172808132,7.038560411311053,4.984998980752666,6.54242271985018
AE2KBNJCWB2VD4YFHYXZKNQWKTHQ,17,44,68,5.531428571428572,6.586894586894586,4.436771468311785,5.989677505956575
AHXDJAIRSIFMWO4RW3IFXFWAIPZQ,13,50,57,3.2894736842105257,4.372812920592194,3.1497958111231923,4.1283621128090875
AHOFWAKAEW6AMGVHS2AMVTHNUGGQ,20,59,54,6.117750439367311,4.542056074766356,3.0432085208703157,4.17768472906404
AFR6IAONA6BU5P362GGVVKKTRS5A,19,54,67,5.062499999999999,7.69982847341338,5.426746813690182,7.003120124804992
AH64ZXDWRRKT3RN6OI3Q4WNFBKWA,18,70,85,5.147058823529411,5.73868149324861,4.181873225425689,5.485952923310555
AEY2DACINSKKJQ67OPBOLTCBXIOA,24,68,85,5.478672985781989,6.244598098530683,4.6421930763558965,5.922135126400918
AHWISDI4G4W75Z7TT3X25MOARQUA,31,60,60,10.465116279069766,6.844106463878329,4.386042712101762,6.440092165898617
AEMRAZPNN2NBBUDV4YGGYMGPFC6A,38,170,174,5.5921052631578965,6.5560848852317015,5.203136530995683,6.31539863948183
AE2A32OT4VXAVNKG6XEKFKWAUWKA,30,134,171,5.628840125391848,9.30945558739255,7.512540555776778,8.928549618320613
AH4THCHYAGNI4HQPYQV2AYGDJY6Q,32,87,75,7.591775325977933,6.834750911300121,4.7201783082663535,6.399350535892017
AFT5J6QOJXIGZWFLXKAW6DEDYKVA,36,198,177,6.306949806949808,5.376523082203535,4.359060022355366,5.314542967380088
AETN34MM52LZXBRETNU6O6KVTKTQ,24,80,100,5.136436597110754,7.53012048192771,5.591285868215491,6.997904056727585
AGXKNAHWKCWU74KP4BRCW2NSWW2Q,23,57,68,6.617107942973525,8.198581560283687,5.478025388502346,7.530944625407166
AFPSDKWBOKQRKTD2GCKDOG5KMHJQ,25,96,87,9.867237687366167,12.1104,8.116460041960709,11.163741099844893
AGCJCB57J5PDFKTMK4V6ZYIMIZGA,30,78,86,8.403314917127071,6.465034965034965,4.858441462391038,5.969333993433738
AFSHMZJ2563DIY7KUGGH4PB2RPWA,21,58,50,6.323308270676693,6.410256410256411,4.063390675895766,5.868544600938966
AGCVQM5SM6BVF25XIW74L7GGFLOQ,28,100,79,5.405405405405405,4.538909090909091,3.5315762311554737,4.454684310196113
AF2HV3JRC7AUG7NPYXUED4ZMZXMQ,20,83,92,5.121933085501858,5.620185922974768,4.132886093483626,5.343434343434344
AHA2VLVJNU3BGAVHMXWKO7WKCGXA,26,77,103,7.1866666666666665,7.5616535994297935,5.551657093495449,7.158598834866584
AGWGBSXM3MQKTMVXOMN35LKGXWJA,23,68,55,7.386581469648562,6.013916500994036,4.003488261654161,5.335097001763668
AHSRLDTAB3KAYS75LMEI7W2IJASA,21,82,65,4.929618768328446,7.809611829944546,5.285238828585299,7.1247892074199
AFSE656FI32TV5FE62DMMKINP2EA,22,66,62,4.89438202247191,5.859756097560975,3.995427489410891,5.237057220708447
AHJ4YK5CHZQ4QJZUNNKZVOMDKTVA,30,84,77,10.376470588235295,11.250474383301707,7.081947445508489,10.257816171430452
AEF6XHHY4L4AP7SECFHSOBQMAMTQ,24,69,48,5.1248654467169,9.680672268907564,6.124434490481522,8.378292605522056
AEDTSN4EJBDRNO3U75QDDYLJTJ4A,30,118,146,6.707129094412331,6.95691906005222,5.470412558664478,6.696832841796066
AF3Q54U7ZTVZEF7QJ6QATK7QNDLA,17,50,82,6.067961165048542,6.440613026819923,4.399092960872555,6.14064439077116
AGA6YFOUB2U6X6J5GVZ2DE3N4MUQ,22,60,57,6.040268456375841,7.109409190371991,4.81191556210113,6.498025992103969
AFVK356Y7WNJIYQHCHPYYGNHYKXQ,23,57,55,8.664000000000001,8.426183844011144,5.566858181842489,7.3068059161585825
AHMEG75KA5DMD36ZW3P3PTPAH4WA,27,110,121,5.925563173359452,4.927970380343318,3.746832249499016,4.783077425677883
AHSS6ATF4QH4GZBEQ54LTLJVJFLQ,19,64,59,7.393501805054152,6.530956848030019,4.632107693465217,6.227271127154959
AETXGCF36FY7PP3RNVGTGZVWXO7Q,29,204,235,5.82367758186398,7.327185882977312,5.902882157285172,7.087397447327207
AEF4QCBYMXQN3RDFNM4ZXM67UTJA,47,213,219,7.680548501777553,7.58036984352774,6.016051578518012,7.313361982242148
AHN7QO7GCXIOGEEGYQ2UD7LVG7OQ,22,72,54,8.334405144694532,7.182266009852217,5.069132404181184,6.6728038205353775
AGKYNKDZKGZJONU6HPIMXMUTCFSQ,16,56,65,5.333333333333332,4.4899043570669495,3.225946944434339,4.315700237368599
AERFSIGUZKWIES3W3FRBVUNX4RUA,32,149,157,6.124413793103448,5.383053068355537,4.338011912993044,5.205705932536133
AGBXYTIEHHTQW3KCY5UYSSGMIPHA,21,70,67,9.722222222222223,9.105476673427992,6.072789790867217,8.206581352833638
AEQGZGDBYSNVHUDER7LBYGXZK3MA,27,93,85,7.593503072870939,8.295063145809417,5.435602692998307,7.810810810810811
AEGNI7IZS5Y7GWJVGIDJWROLZWBQ,23,57,56,8.664000000000001,4.429378531073446,3.1347555555555555,4.153649670891051
AGNSZL5KXPO5FABO6EJR3T2ELWSQ,24,86,81,8.056644880174293,6.870157068062829,5.080153739809277,6.561006561006561
AFZ5I65JJHDHGEYLJTJK6AZNQ5BA,24,51,54,10.362549800796813,8.73053892215569,5.6024020319303345,7.496193497224426
AHVDFCOEVNZ4WGIXXFLA6RSETHRQ,30,108,96,6.71889400921659,6.176943699731902,4.732746425288051,5.79987643172853
AHM43UJO6V5U6IEDARDC7LS2ENOA,17,52,61,5.777777777777777,5.823161189358372,4.066223191566702,5.448023426061493
AEIRN72SL3Y2Q5T3BFR7STZDZI5A,22,92,92,6.307004470938895,6.232695139911635,4.885992500205966,6.002836879432625
AF7TP6AYY2MOQ5YZ7UZN2U53GY5Q,26,65,70,7.271944922547331,6.824512534818942,4.519464266333839,6.282051282051281
AF4T5RPWJXJS6P72SODZ7LJEQUXA,16,51,53,6.267469879518072,5.744376278118609,4.005432328437653,5.310018903591684
AGMLFR2IRQGPXU3W5F5W6FUQAETQ,32,91,73,6.287775246772969,4.662292213473316,3.181033990556653,4.42608278749875
AEAV2UUSIOJUPEBLLZAEFDGLIAPQ,25,70,82,8.974358974358974,7.107822410147991,5.4008684724653016,6.579281556372548
AFSNEH45IGUF23MBKFH4TY4S6D6A,20,57,84,7.573426573426574,5.889816360601002,4.317710196779965,5.529780564263322
AGS4LY74Z274M4KH5PXDUG22E4RQ,46,295,258,8.23087108673035,7.517957985091484,6.104380928331786,7.39271763191179
AHICGWRMC4GD7VHLFMKBVARJ6DZA,22,65,69,5.975954738330976,5.5040462427745664,3.984100418410042,5.203278688524589
AFSGANS6XCW3SS3KGMPH6SBFRQOA,18,54,61,9.918367346938776,9.187654320987656,5.5446305551803325,8.324384787472036
AFSKRBKXKHREEG7DNKSLHUKREI4A,22,56,64,9.116279069767442,7.062068965517241,4.904959770501356,6.450409697835447
AGVQDS3VL7L4TVNVITE7AJOANDTA,25,81,96,8.070110701107012,9.365853658536585,6.569300194892609,8.501873959620509
AEYBI3JT2E6M5WVV457G27YXXQUQ,19,66,58,5.967123287671231,6.323308270676691,4.283418367346938,5.996453990849007
AHAFS4E6NJTO64CTO5KBPTN7KF5A,41,217,244,7.073606729758151,7.11472275334608,5.885971086346795,6.888360110545825
AHZIHNW6OOJ4YJJN4WVC46M36BIQ,20,89,70,8.733186328555679,8.221476510067115,5.800950629149681,7.692326649711164
AEBKAHAB4JTXXVVDXGO3CJSLZDBQ,19,58,64,7.188034188034187,8.258064516129032,5.251282051282051,7.301270971021861
AGP6TIDX4WVW25J4J3BVUFTW36LQ,19,45,57,8.265306122448978,5.730158730158731,3.8075794941362897,5.248788368336026
AHKLR5H3QROA4F7ZJVCOZYGSPZ7A,30,125,138,6.874175098988121,6.123472668810289,4.928443943537062,5.921650951787938
AF35KUQK45LLCSVCNP7SWL7THESA,16,60,49,5.787781350482316,5.253829321663021,3.5153733528550513,4.860343803142992
AE2RWATLMMUSX7TMKKCP2DYHDCWQ,57,236,215,9.767800771659065,8.381686310063465,6.479085945249705,8.288507431375024
AHFPHVUL2MZM4YYUYE2ZQOTRVV5A,37,93,78,14.487437185929643,12.071428571428568,7.180768104626194,10.5625
AHCA3FF2KQI7SRT32XBZCNHFEHOQ,23,122,129,6.49389179755672,5.42936378466558,4.102615138922436,5.198706175311928
AHVC65VOV46OLEZOAOBGM2L7M2HA,18,43,58,6.7236363636363645,6.007142857142857,3.9294485109905675,5.644295302013423
AFKMX6JZ655VPVYHBTATZQS4IBOQ,41,213,219,8.536030103480712,8.744029170464904,7.271777004004251,8.423089653199272
AECJOZHQ7KWXIFZHPSOEQYHOK3IQ,24,113,99,5.037080867850099,5.454090150250417,4.139813421077467,5.163892527687953
AG4VLC3WRWUPR4XKG4KPOXFA6LHQ,30,110,91,7.236842105263159,7.576395242451968,5.1521218583761135,7.3348095659876
AEHTOGJ2OJ5TIFG2EFMWXHXYASCA,20,64,65,8.641350210970463,6.204111600587372,4.10961011692872,5.740499727706551
AHW755HALUYCUV4XZ6VN6JN6STRA,25,71,72,6.8585034013605455,8.668896321070234,6.007102609025049,7.926605504587156
AFEIXWQVYO322QGI3W2CAAJUQSXA,43,221,235,6.803315224961692,7.694719242023128,6.3932302142488995,7.4790120966525375
AH6NR2Q7F323VVUTIBCZA27BPEGA,21,61,62,5.263083451202264,6.385382059800665,4.1864555125496805,5.904775837659273
AFPYTWJGLR6BXQUZEZUINKBWZ5JA,24,68,57,7.113846153846153,6.1885714285714295,4.148370795542509,5.601740789954787
AGIAZY3EALI325BAMVZC4CGI6EIA,17,46,81,6.571428571428572,7.33072625698324,4.8203663742565555,6.891814326996601
AEGAARQ7APNX7X5D4XB3Z3SS6BYQ,25,61,48,7.060721062618598,10.285714285714286,6.618798029556649,8.861538461538462
AHX4ZX7A6B35GDVQWPUTLK5BYSTA,27,133,123,5.824497859729997,5.061559049849449,3.9137538560409166,4.861508373917798
AFZH725RZ23IXX5TA44V5NEM7HEQ,23,61,55,7.609406952965237,6.1111111111111125,4.276841879739968,5.654205607476637
AEYMLXBBZTZQDWFTUH3ON7PFHFSA,18,58,56,5.5695364238410585,8.858757062146895,5.978033496638943,7.762376237623764
AESMEFOVUX4NQIMYIO3HI37YBKHA,22,80,101,5.087440381558029,6.201215805471124,4.662476601065666,5.859284010270935
AELR4ZISE4URDI56E3XVN7AP422A,24,57,52,6.433663366336634,5.903930131004367,3.786059939296053,5.473684210526317
AETIEGYSFUDCNXOAGQBY56XHS4RQ,31,101,108,7.733889310083396,7.326633165829146,5.425116279069767,6.914070471826729
AG2C6A2ERINH56325T6QCUWGYVJQ,13,49,61,5.0976645435244174,8.514874141876431,5.822252739874854,7.703933747412008
AEF5MB2QOBP6PBEIXIFDGRX6VJWQ,12,59,56,3.64502617801047,8.082474226804125,5.350625711035267,7.293023255813954
AERLC2UDULN7N5FQATSWDM2U4JTA,14,50,54,3.424657534246575,5.170212765957446,3.382830626450116,4.827814569536424
AG4SGGZO4SXO7HKIOSRWEMO76UQA,28,76,55,8.04456824512535,6.395348837209302,4.386663050297212,5.873786407766992
AHFHKPVJJ6KZE2LDKHOX47ZPEPBA,28,81,60,6.339130434782608,6.228373702422145,4.243791701648183,5.723384895359418
AGYAYA64QSPPDNZ43TOZSAR2IJ7Q,21,73,77,5.580104712041886,5.4847363552266435,3.918187921773109,5.256209804752185
AGSPIUWZ6JJ6N2HKLHGV7VBSN6HA_1,28,164,185,5.852045256744996,5.8534291089447565,4.7528190407099595,5.721338492955354
AHSPC5CJU3KSQTDFHAYJN5Z5X5CA,25,86,93,6.925093632958801,7.488311688311687,5.415779586725109,7.077784065225762
AEW7T5OK55DUZ4EJKRRXZYNKRT4Q,33,114,100,6.664615384615384,8.389261744966444,5.928410229818244,7.955454517837433
AGWY342JFDA3VD4A5DN3RHKLIBGQ,29,142,150,8.882819383259912,9.176182707993476,7.169715675976985,8.78563195257611
AEORT2SOUGKL76PYWWGS4SUL3OSA_1,43,294,307,8.497443963822258,8.964995719585275,7.544328534189326,8.835598699221649
AE4DMDCBOZ5DGWBQF3KCY5337JGQ,17,55,58,6.449893390191897,9.344444444444445,6.36881692868535,8.41
AHDNIUCTSZAY4XEMCN3QKD6NHY4Q,25,120,94,6.2229904926534125,5.946164199192462,4.235452756357031,5.505400671434826
AFEP23NFXJI3T44Q4XC55NT6COAQ,48,403,362,6.774098018769551,7.123505109806481,6.208439264928439,7.034408737860607
AG2EJPIALRKZQWAF3Q4ZNDYTQMWA,31,138,141,5.914285714285715,6.357850975375759,4.790722113163702,6.23815500470662
AGQ2HP6PMIPJLLOX2I3VVYRK2HCA,36,96,100,8.827586206896553,10.080645161290322,7.221815640841169,9.389878328337153
AEL6YYPDTZAOPQKOJSBXY537NH3Q,27,126,115,5.497229916897506,5.649295173002991,4.233296973880888,5.382583949066111
AFZBRVQRMNE3RV6MZUYG4E5MZP2Q,39,207,223,10.608814062886855,7.912330946698488,6.510398988820947,7.775020386205011
AH2IB5VEDFNG2HMMS3WYXO4JYZMQ,20,124,160,6.067876874506709,6.900269541778977,5.5331367765776935,6.6528084500003395
AG4GOFNGMDU36UFD2CH5PGWIEW7A,25,83,84,6.361034164358264,7.857461024498887,5.596923076923077,7.427401340282948
AFGBSQKH7ZHHGPLJNNOSXFJCR7XQ,22,59,57,7.390658174097664,5.1818181818181825,3.3595291684409037,4.756995401781409
AHIRNZR35OCJEU4K2TYROGUQAKBA,26,111,105,6.988655700510494,10.050136736554238,7.017823042647994,9.264764764411328
AEN5LX5777LX2H7KYOC3ZV7BHW7A,34,135,143,7.4115494103294,6.026819923371647,4.837139071186673,5.8392351991433795
AHDMAL5TGFYGKX66YVPSBYEVDXVQ,15,52,72,5.451612903225806,6.276029055690072,4.5362685226355,5.917839066319855
AGI53IW32Q3RJYKUFQGA36JMCOKQ,23,63,53,7.706796116504855,6.39863325740319,3.729917592323861,5.976622800465371
AE3TR2XUR4PAO3IQAZLPQ254OTXQ,18,44,57,7.389312977099238,9.996923076923078,6.454188372699225,8.572798095198312
AF6UTAVRR3K743WXQGBER7HSAAPQ,32,128,100,5.3542483660130715,5.767012687427912,4.214264042842931,5.543244063750994
AGOHBDT4ITFA6OJ6FYEPZ7MV5YUA,19,64,57,7.288256227758007,6.095684803001878,4.2538183678036,5.720088152425587
AHSQMVRKFLYTKXI5UHFXISLOE46Q,28,120,119,7.010710808179163,7.65045921123717,5.763604275761299,7.344934795913563
AEVT7G4YZM2E5MI3SGA6J6EZZR4A,49,386,424,7.004983544898921,6.159243524736194,5.259796286547089,6.140942528008606
AGQYTLVJV3COS6QCEYBO3G3ZENMA,21,75,66,4.89556135770235,8.889795918367348,5.655681063122924,8.022126655090078
AHKMODQX6CK23H2UIZ43KP5QZR6A,19,62,74,5.771771771771771,8.322188449848023,5.820656992789103,7.553117818060057
AE2APNKX4UAEBYWYZWY5ZADN32KQ,30,169,156,8.043086454519852,7.242857142857142,5.446488726031104,7.08678167001799
AFIRDXKIWQG5TK6XGGUKG44Q3QNA,33,117,115,7.125976054138467,6.416787967006307,4.8525006965494795,6.12268649748939
AEYVPPWR4CIKWX4BGYKCBCDL2CZQ,40,313,313,5.927815090458038,6.192339295872573,5.407991015517361,6.113168677324169
AHPA33UDNJSFMAC4434RUVHWNP6Q,29,102,123,7.452722063037249,8.6107000569152,6.4842285740068135,8.298957761930883
AEDVKDAZN7FTLWSG3VSXZNTW2IDQ,20,49,62,6.763380281690141,8.857142857142856,6.041200846411567,7.860973569755771
AFHLKSW47AKUWYYBLAFNOF2GRAKA,19,60,61,6.593406593406594,6.80255941499086,4.6058745071533185,6.264327518528491
AGXBLKRDWSQC22LUPEBX5SIOQVWA,17,56,56,5.701818181818182,8.296296296296298,5.481562340098924,7.25925925925926
AG255AWDO6UOCZ3NZA33DO6ERRYA,17,48,52,4.571428571428571,6.173515981735159,4.072289156626507,5.6216459197787
AF2KNUSGFTIR5ZXKSEEXHTXIPR7A,22,54,64,5.855421686746986,5.720670391061453,4.211000091820466,5.4037315510999715
AG7NM7QU4MXV6SMECCFOS63VGV4Q,21,69,83,7.09538002980626,6.291324200913243,4.57680195680843,5.949054522757153
AH6Z2YQWTP6LAMLX7VN2IXJKNVAQ,17,43,59,5.297994269340975,5.314503816793891,3.6218923261616323,4.9728672915659
AHXUXID2G63V7G4W6A4WIN7CCRJQ,21,80,68,7.881773399014779,4.708757637474542,3.1920578218421247,4.441985279461379
AFAHPCAHU3XBWSPWWBNPZSRZJK5Q,23,68,64,6.440111420612813,10.343434343434344,6.66885086914814,9.041986667186464
AGTHAKGKUYJALL7LV2B3EVSM2XYA,25,65,53,8.970276008492569,9.332225913621262,5.93619920131548,8.237820033196591
AH3GCL77XMMH23DYJBWV3QBRNH6Q,31,130,116,9.174809989142235,11.02950819672131,7.776244570531537,10.132530120481928
AH7LDXK3GT67FZKMRW7MP477DJVQ,15,56,71,5.463414634146342,8.091492776886035,5.2238341968911906,7.49034175334324
AGECX44JOL7NOUX2N3F5WXVXVBRA,30,65,66,11.639118457300276,6.2228571428571415,4.336930538714706,5.73914039716706
AGM4UVNEXQXLBLSH5AGUZGXAFIWA,15,57,76,4.96030534351145,5.418386491557222,4.010278930382664,5.080039109878957
AEPPREPGXD2Z3K45LGEW2ZSCJBIA,26,55,60,7.939632545931757,6.741573033707866,4.625478726194848,6.153864135770725
AGOJFLBADU7CZEM5EIKOHQHT7LVA,25,106,95,6.66429418742586,5.910281597904387,4.365809598629403,5.668972086000071
AEAUD2E4XHJI6XJDY4TNECNQ4EEA,24,86,87,6.615384615384616,5.131525423728814,3.859176747802276,4.911778714050191
AEJJ4HTWBXN5WXB2X2NXUCIS2LFQ,23,84,88,7.538461538461541,6.0405616224648995,4.429448217738337,5.669106881405564
AEWUN4XMRUYX4XWVL5WRLMEMAFOA,26,72,86,5.8378378378378395,7.531568228105906,5.139726910756633,7.0505307161032365
AESYTHEUCGQZR4QSELPK5RI6CSLA,23,63,64,7.828402366863905,6.2629969418960245,4.5395196186643485,5.769014084507043
AHODD3PARPO54FNRADPLKP4TZUGQ,45,191,201,7.498663926002054,5.334873894097451,4.448879315425738,5.2475649729006175
AG24EM535WK2WEPXRFRBS7QRO46Q,22,57,54,6.69896907216495,5.5437262357414445,3.7480719794344477,5.225806451612904
AHRBCL6MNOKHCF3ZMWV2PQRB4Q7A,25,75,54,7.470119521912349,5.9510204081632665,3.8963330786860193,5.440298507462687
AHPG65LKS3QKRWDUWAKZNLEK5RZQ_1,39,218,175,5.903602484472049,6.914653420636713,5.678361117738347,6.763472061329431
AE5PTCZIZG7X65BFIM6EYRABNXDA,24,80,84,7.547169811320756,7.334719334719333,5.097165550796357,6.7328244274809155
AFNYWDUPWKPQD4ZDLWBWZCJKLNDA,21,51,57,7.627565982404692,8.267175572519085,5.419586831911972,7.36734693877551
AFIQLHOXJGGFHI3ZMEJROMHZMEZQ,19,75,58,5.301602262016966,5.33968253968254,3.7870170506076546,5.066265060240964
AFU3XTWCLLCF5Z4YWDJ7HHPAZWMA,23,57,44,7.644705882352943,5.694117647058824,3.7490739096987986,5.108214981899193
AHDNLOQPOEQ2L6YXCCCNUWKK7SJA,20,69,60,6.7724039829302995,7.086614173228345,4.850451283755953,6.642066420664206
AGKSBZKWZHGJKCNMBMM6AYTX3WHQ,30,66,51,8.409266409266408,8.584158415841582,5.252439424303153,7.650066177043054
AFTCL2WPSSUILPX4AGK2KFG2X7FQ,17,49,59,6.801699716713881,8.595061728395061,5.8691651905281494,7.667438080683114
AFFW7M4JEAYPLMOFNGXJZZQLUYEA,29,83,81,9.100396301188903,5.329813160032495,3.721497447532616,5.0742459396751745
AFLHUBPZV67L3BLVWGVDMKU5D7UA,32,108,104,7.253731343283581,8.489795918367346,6.1983190829848755,7.912220766655537
AHN56ECOG54ZI4HWWGEMUQMZ6TUQ,15,60,66,4.166666666666667,6.0,4.195325891967312,5.584652101591725
AEG7ZYNIXB5WKB7YXNU6BBNUAS4A,19,49,56,5.570765661252902,5.785977859778597,3.97819176821082,5.4921359342411975
AHPPU4M3N2FIOENT7SXDUJPDS6PQ,24,79,81,7.910012674271232,4.959183673469388,3.6065311695858653,4.740629210831727
AFKH5JGQRU3U7FWUGDPYDQFRHNJA,16,63,64,4.930434782608696,6.849498327759197,4.717811694076861,6.420062695924765
AHEGS5VUBXZIZNQ3YLHKH6RCMJZQ,24,57,58,8.572559366754618,9.344444444444443,5.859609707704221,8.389079601990048
AECNJEZHUGFLNU7Z6VNYLVUQQQDQ,24,69,82,8.516994633273704,10.157099697885196,7.167680896429706,9.160762942779293
AEZG2W4TRMMNFFAWS2BPQE676K4Q,46,270,282,7.432707993474716,6.793439261916965,5.694567445242139,6.666482520755418
AFABYMP565JRM7UTWNGXF6E6GL2A,34,86,71,10.59598853868195,11.535469107551489,7.293124967464522,10.266802443991857
AFP5VNL55CIHTDHYPHBIPBYP4EHA,29,85,71,6.255411255411255,4.966502463054187,3.711584153185378,4.702429465106951
AEGNC24TVTS47JL4ME36RXAMQTVA,29,78,55,8.843023255813954,9.482758620689658,5.8050318735480735,8.197831978319783
AFWG3VCBDRXV4MMDNVOFWS7J4TDA,35,165,169,8.494539781591264,7.022621096631423,5.749112854973214,6.753612095440586
AFHLPILVTINGBE6RHVWNPB35YE6Q,17,52,55,5.386454183266933,6.288981288981288,4.218967921896792,5.896686159844054
AF4GPEBQRCGMFH6VAESYFQCFL5ZQ,28,92,105,6.251107828655836,7.494901427600274,5.469041827220587,7.076452856399538
AGOA7BWDPVRUG5K4HHKQFHALDRHA,26,73,60,7.211096075778079,5.7324840764331215,3.97263663488829,5.389221556886229
AESVJJ7VSHXGXUARIQSRC5UM3XVA,22,61,77,7.486921529175051,7.0165680473372785,4.952803261977572,6.501104307460357
AEAYK5TRLFC5J5MMW2VZ5UOVYJUA,40,163,183,5.777125462056969,6.463810075275043,5.0728002869589295,6.192492815285049
AHT5WSGAZBECQVESCGDK6ORYKORA,22,65,58,6.132075471698111,5.860627177700348,3.857356769466546,5.496732026143791
AGFNIYBZ7EMW3CTBLV2E75KRRI3Q,21,54,52,6.718894009216589,6.726368159203981,4.551424762163017,6.18767542206024
AGFLWZC4BBYYE2ZY3NXNOSHSJJNA,16,50,57,4.512635379061371,8.527559055118111,5.215088282504015,7.627138818628181
AFPWTVLO64OEI2HXO3IOS7AEKV3A,21,63,65,5.284953395472704,5.596026490066223,3.9434488654899713,5.2354399008674095
AEFLSA4IAQRPF6G3BH23PYA2YYKQ,51,288,274,6.703087118150963,6.698429693076374,5.649824680772888,6.607062140084169
AEVA6FDG4VQRP2P7IE352ZSPSKAA,20,84,75,3.8058252427184467,7.333767926988267,4.819639091262938,6.961729633685889
AFN7XJ2HUAS7DU7XELUZKDIORBTA,19,57,51,5.750442477876107,8.584158415841586,5.211384445537783,7.627565982404694
AELBFSL7STN2GUP3BAWKSOXJWYUQ,11,49,59,6.204134366925065,5.660162601626016,4.0140723054940874,5.157037037037036
AGH3O5QKKBVBNPHPAP6DQ63HBYKQ,18,55,67,4.793977812995245,4.661474558670821,3.1803121747244805,4.4624426993627395
AGQNPHVDHICIZIBMSI3ECYO4RTDA,19,54,57,5.321167883211678,7.301123595505618,4.728571247488609,6.657814842342628
AGEQPZPPIJOYSM3X77DQ3IQ5TD4A,20,48,57,7.783783783783782,6.4850299401197615,4.407222628118152,6.072897196261684
AFMUOWZ4DDFQQNW3TT4PW24PWDRQ,25,84,75,7.013916500994036,6.548311990686846,4.460392253631229,5.984049325542468
AH4D76SJ2Y3VOVHEZKVVPWO3IKIQ,18,48,68,5.142857142857142,8.437956204379562,5.597386859435496,7.850616856912255
AFD4FZHNXGOHCVTAPB7HOJSCP2EQ,27,75,84,8.259911894273127,7.199999999999999,4.618235998029048,6.631578947368421
AGGQPSSYKEUIDKQK5CJSZHWVU7CQ,28,166,157,4.999274310595066,6.803477780844604,5.610716782716275,6.583604654373056
AHMYTQHNWTWG3H2BDSA3GTVKPIHQ,21,57,50,6.095684803001877,8.865248226950355,5.577887958280658,7.668711656441717
AFYF3RMBXF63VL5WHFNQCOFOWTHQ,42,252,251,5.699515347334411,8.174516673154276,6.727067069669963,7.920674980475713
AGAC4A4L6I7B6AU2Y674LRSKYHLQ,24,88,83,7.446153846153846,5.614506927465364,4.134356698508088,5.175819349871327
AETJVSLQFY2F7D5AZ7H4ONORPQEQ_1,19,49,70,7.167164179104479,4.138513513513514,2.8905415676502564,3.8981727137403417
AECUQNTYGADM6XKCDKWEJPDQGNVQ,26,85,94,6.51487826871055,8.961460446247465,6.201608926342072,8.537206037206037
AHHPMD6V4I2Z4SM3MIEMROX44JUQ,28,126,123,6.950963222416813,8.147011308562199,6.1273340371640295,7.715069756338453
AGYAFULM2L6YNLWUQWAM6SKXYGVA,27,154,167,5.489814814814814,5.889968321013729,4.767191243548948,5.769344381761595
AFWZ7MZXTZ4GG6AP2LLNEOTBDA7Q,18,57,50,4.556802244039272,9.765625,5.503016663474429,8.333333333333332
AEOWGUSJMRLKRYP56M43YT5C2TSA,28,114,96,5.587274290627687,8.33273056057866,6.092046871104461,7.738084361199938
AFGCJIO7DNVCCZPG4KVMKKXVPJLQ,27,102,124,6.170818505338079,7.198501872659175,5.649249124903952,6.907457322551662
AH3OA7UZZDPP45TKL3XYPE6SALPA,29,102,117,6.148936170212765,6.381818181818184,4.682563062654533,6.282244851925121
AG4I7OL7GICMY4PRESVKVW4HK6TQ,44,193,186,7.732821258044425,6.299344501092498,5.240789753862196,6.202223019003227
AFZ6AFS7QH2XQJ5YVAIAIIQOMJYQ,20,56,46,7.724137931034484,4.94392523364486,2.971910112359551,4.550558679887524
AHM6PNKJS3K3GYC6MXUYVD62KUMQ,21,66,67,7.26,7.003120124804993,4.816131657279911,6.3764333202183145
AF7YD2GMNDP6KUR7MGO5QK6ISZNQ,18,63,76,4.764705882352941,6.361233480176213,4.2766337085984665,5.875896213137285
AHRKSR7YAA6TGQGDO6CA5GDTRXDA,23,61,51,7.397614314115308,10.530364372469636,6.789358787426674,9.190812720848054
AEVLDOXJ3ZE2JLNGWBT2FOPRMB3A,23,96,89,5.961190168175938,7.382106244175209,5.261041266531908,7.022168639474121
AEEX2WRVPIRNRDB44DF22VTO2DUA,17,88,86,4.26431718061674,5.569277108433734,4.081004160018652,5.215796897038082
AHYA2FWSOMURLKEWO6ETKYQTRSIQ,21,53,63,5.2309124767225335,5.161248374512354,3.5186687388650926,4.781934652249459
AGPIQK2GLZQLAF3BOENG2KHDXFVA,22,96,88,7.222570532915361,5.761904761904763,4.18890082348729,5.54727793696275
AEIM3OP6ADOPSM4W7OXP2CM6G65A,27,60,67,10.778443113772454,7.673504273504272,4.9596741123368275,6.927485633586805
AEBHOB3LZW4G2YKOR5DY4MQIVNFA,19,62,53,5.180592991913746,4.409733124018839,3.062254088240542,4.180068780268522
AFBYL2QEG462L2MLUCBRDZS7VWTA,29,100,105,6.720430107526881,6.860609831985066,5.1345947346984095,6.605751947273818
AHBMKXIATNDG7I4FAAAQKWVLQMIQ,34,99,93,8.853658536585368,11.045977011494253,7.2358489961294445,10.247644717724107
AH5DLRT53GUF654APBPQDBSTSD6Q,16,52,56,5.903930131004369,7.879396984924624,4.818115154306772,7.176238951028444
AETG6PGRERJL3MQCD6DI3OQGFSXQ,28,78,72,7.9012987012987,4.687160940325497,3.247109055328234,4.453621395653675
AHJPNFZDSQAACCYT5XMAVO7WAFRQ,39,179,181,7.1249722036913505,7.809535160905842,6.327816060074558,7.550358829329307
AGA5ERKYNHM6AHCZ2UTS5XZLU5QA,16,52,54,5.473684210526316,10.195804195804198,6.365428137459654,9.084200310559009
AE4ACJAS2JESKVSTFEGR77WFC2NQ,40,226,232,9.469039673711531,7.997622585438337,6.511578147581275,7.833540462765676
AGMGJENGFBLDLGUGIJXQ7V4NPVMQ,47,332,359,5.682821200247474,5.701942220059284,4.876931543016493,5.660372256594352
AHCRCBG3L7SZB5GU4VMFUFEJH5TQ,36,217,212,7.593775197548783,5.2443407234539094,4.384524117867956,5.148224783375244
AEDJ3ICA5LN4Y5LZADKSRIS6IHCA,20,57,74,7.717339667458433,6.097995545657016,4.422472219277121,5.605059800692297
AHQ7EPM5HNCDGNFWSFJU5JPIEDGA,18,58,63,3.6805251641137846,4.5360000000000005,3.329741850002185,4.337725642333387
AEAQOM2CZ2I3USZR4CE6XHTZZHIA,24,68,76,7.0703363914373085,9.376623376623378,6.623095333067412,8.569732937685462
AFZIHXLLRIZYAZDRCGC3Z4DYUMQQ,20,48,60,7.432258064516128,6.081081081081082,4.24478357380688,5.642688679245284
AEVOB3QCKW4D2YH3C5EFJXAIXHEA,16,55,52,6.619256017505472,10.3206106870229,6.591935901967716,8.722580645161289
AHZGQXTGR3WB6CQR3PP2TB2YPTUA,115,2032,2059,6.877511384721988,7.055747226868378,6.573318807331849,7.0004755751153525
AGQN2DS4NE27V7DWAQT3242BBYPA,20,65,72,6.222385861561118,7.60117302052786,5.329546991210279,6.912000000000001
AG4PLMF3U4KFWVAOV4NDVOIJNPDQ,19,66,62,5.513924050632912,9.467980295566504,6.063091482649843,8.429824561403509
AGY45ZXEHMDKRWNHJNWN46VOJ54A,24,72,71,7.534883720930233,5.066331658291458,3.6339403011532063,4.724461105904404
AHN22PZT5J4PWUTUG7K32KIROH6Q,27,89,80,4.966144200626959,5.5846422338568935,3.932241011191777,5.320066334991708
AFTRM6DYEBLY6WCVATTSENTHPZJQ,19,66,95,4.8616071428571415,5.933596318211701,4.305235518437627,5.669025768621774
AHMMBO7EE3UMGYHT5K5P54ND6DWA,26,140,148,5.493273542600896,4.841732979664013,3.788321643375988,4.779402365885783
AFDES52WQO3FHH7LGY7EUH7BDCNA,29,81,47,7.782918149466191,4.919821826280622,3.4661999409166713,4.781407682613155
AGT3Z52Z65ZKWWMPHD2KZLT6VXLQ,53,464,425,6.968861267560042,6.413556794375599,5.574538300765085,6.405597503045536
AGYOOOF3X6KSMLZIWBPMMQGAC5FQ,27,75,57,7.694938440492477,8.352185089974293,5.547355849492746,7.434782608695654
AGU7PXXOM24XC55U2CFUTD7X6FFA,48,207,201,7.023274872971642,5.746124306642012,4.786023344903113,5.612833488438811
AF42AMQFGUQVL5HUY4OH3JTLAOCA,21,56,48,10.116129032258065,4.413793103448275,2.9606821872596134,4.099644128113878
AHHLGWPDHJGZGN5UM2UO76AJQJ4A,26,81,107,4.534208707671044,6.691408533021626,4.994790621202508,6.388952882401721
AEBZJGN6VG5Z2E7AVXBGXHOU5KPA,25,71,77,6.372945638432365,7.630630630630631,5.233009708737863,6.991755005889282
AGFOX4T5F4APNS74FHDC2FHKE5IA,20,58,53,7.067226890756303,6.0408602150537645,3.982715982882964,5.422800132675917
AGLIK7JF7BZWNBTMOGOR5VG7JMGA,20,54,66,8.010989010989011,7.778571428571428,5.060490602102578,7.117647058823529
AE4BY225FXPK32UJ5I67YPNQLIPQ,38,223,200,6.715597569209994,7.163323782234959,5.867943139559662,6.928823353051216
AGVVVALPBNHRSEC7AGSVYAD33YUQ,19,64,43,7.968871595330739,8.217777777777778,4.7989125452552575,7.003888370758306
AHYDKUH62SQ4OWDEOYEEE5PL5AJQ,30,71,67,7.580451127819549,5.590286425902864,3.6951213308001587,5.281183780185163
AEZP6Z2C5AVQDZAJECQYZWQRNG3Q,22,125,153,4.685157421289356,4.98594249201278,4.11044776119403,4.835574464380923
AFKDMH3LF6HWDMSG7JGPQA6M4SVA,23,65,72,7.222222222222221,7.140495867768596,5.071911692759296,6.8210998691126665
AGV5NQ4JDQD6NHXVF6AVZPVDX66Q,59,525,497,6.73553920969673,7.448330971263157,6.650933347614802,7.2935016841089615
AFFU7MCUYCZCDWNRLM2S46JEI2EA,26,83,96,6.9097291875626885,7.529411764705882,5.496852130439208,7.072912838200786
AGBZTDO6WLH4VW2YCOC7CKGJQNJA,35,141,141,9.157531091662829,7.285086112128987,5.735852349543201,6.992968638360338
AGWS5WAG4X34YIKBNI44UVEZJGQA,24,86,98,4.765463917525774,5.36536312849162,4.007514255540891,5.160667798528582
AGP7S3IRJ5QNJL5TMST6OPENPQRQ,28,111,96,8.186710963455148,8.027874564459928,5.838831218024635,7.378707692307692
AF6UXJKNCDIFZCL3JPDPIZ3Q5ZEQ,22,46,81,6.9150326797385615,7.464163822525598,5.335480186194848,6.848650468585028
AE5BCIMWYXN2F3HE5SIGCLTU277Q,20,66,52,7.025806451612903,4.552188552188553,3.06472390758105,4.298897988069962
AENF3YG6JBULQGMMIJPFCOB3CHSA,23,71,37,7.070126227208976,6.678048780487804,3.710027100271003,5.90097170354681
AHMD4J7GTK2NSI7CQVL764KXO2MA,24,59,59,5.363636363636362,5.234586466165412,3.477522477522478,4.861741327013293
AF42FV7ZU224XIHCU47NMD6SK4AQ,12,59,48,3.138863841298467,3.8528428093645477,2.9309257178284955,3.5999999999999996
AGLL7CPD56HB3XKAZGNJ5IP27FNQ,53,307,346,7.34655857822122,5.830703292421586,4.872170224056534,5.787855563583707
AHRGDPUQS3UBFH4H2OZD3NWA3RGA,22,75,80,5.927291886195997,7.729468599033817,5.012185490786994,7.191011235955058
AEYL7IITMEHHN64SHXTR4H2R6EQQ,18,59,65,8.948586118251928,6.096681096681096,4.2806484295846,5.7482993197278915
AG7SVRGJ5BM4KRSN354GSHDUY35Q,34,111,78,7.444712990936556,6.0,4.512685459940652,5.878310256754938
AFMTB6XAI3YBCJVTOGKOFJU3LUOQ,48,304,261,8.089635854341736,8.546104629281144,6.645238084024659,8.339988433693591
AHF2Q6IQXQWNW2QUZ6CQTYQB6EQA,22,58,51,6.276119402985074,6.486284289276807,4.476764199655768,6.048869923579901
AEAXTXXZ4NLDZW6B6FI4U2SOZOWA,20,48,54,7.578947368421052,8.476744186046513,5.379084816583461,7.8810810810810805
AFN7GACKXTF3AWN6DOGFNLEOQ2OA,58,320,301,7.722473604826543,5.788091739602632,4.78090730163576,5.75500231609209
AEPEDW5FBBJ2XYR2BIJAKUPHCMHA,21,48,61,8.408759124087593,8.714285714285715,5.64138501862326,8.002150537634407
AHR3H2GGG6JCM5CECI3QMWKSTE3Q,21,61,50,9.975871313672924,4.826254826254825,3.3072981044838947,4.512635379061371
AE4RIJOVOVA2YZLFX775C4UZQNAQ,22,73,63,5.615384615384617,5.582278481012659,4.053312024539751,5.2920094080167255
AHC5J6N2P7OVOYZZUFMNTOIWIJ4A,19,49,51,8.484098939929329,6.755844155844156,4.160936267942583,5.924829157175399
AFYAG7CSWHL2WLV52JBRW462JJFQ,25,71,55,6.555266579973993,6.111111111111111,4.081225262433317,5.696798493408663
AE7EIS6XYV4XXJ66AZVESUQ2QF6A,18,60,50,5.504587155963303,4.098360655737704,2.813130480813407,3.9246564539342677
AGQSAGRYAUXXM5Z6PVFBYYFFU5QQ,19,77,53,5.151172893136403,5.135283363802559,3.5147689281589534,4.793529317549762
AH3BXW7KLIS2VAE56UXJS2NS7I5A,39,124,121,7.198501872659175,6.40183646698732,5.1412543883722295,5.997951659156084
AFKBUQBOWYAUFRGZAHKTTDF4LH3A,23,65,72,6.450381679389313,6.785340314136127,4.645161290322582,6.291262135922332
AE2J5DDVCHVMRBD7BJ24ETJFQSOA,26,60,55,8.256880733944953,9.029850746268657,5.547436687257528,8.002701511026507
AHSEGNS77TLPYIWMD7JKHV4VPTBA,42,228,237,7.262363788767812,6.553377668883442,5.547336565895809,6.473321647633476
AE3H7UXU4IIC7QDBIVKZVKHXBCAA,24,94,85,5.197647058823529,6.159420289855072,4.597816503931091,5.845473081996079
AHSJMJWY5FSOQKO7FRKLE5KRD24A,29,128,119,4.779463243873979,5.564243614931238,4.30426283349142,5.274115456238362
AEAZ4ALBHH42OZPTZP3JSVAQMNXA,16,52,59,7.553072625698324,10.329376854599404,6.731778118163557,9.136482939632545
AGJCYVCTN7GIENR7XGKY5LQSEXDQ,21,65,50,6.530139103554867,5.1229508196721305,3.5602447075534895,4.646840148698884
AEOX46QIOAQYLU3KJ7TMIPVBMVIA,22,55,63,7.0843091334894615,4.54639175257732,2.920529801324504,4.337787816423379
AHGPQ37FYIJYULFHMF6MS5KX6VJQ,35,131,119,8.998951232302044,8.801118707271598,6.6102310635068475,8.30558327580021
AGK7LQIMYOFD5UR6JTJYQNQHIP4Q,33,105,85,7.296492389146262,9.370946822308692,6.295243105070561,9.019975031210988
AEALOAGLZ4HTFWFPB2X2NOH5OYNA,25,71,69,7.5804511278195505,6.734087694483734,4.419388266884774,6.239885599443454
AHB545NIBWW4DV23YOF6NKYQ6NBA,44,301,294,6.723636363636364,7.842133913990201,6.6454474740850085,7.6716992676631435
AHARXOYR2HZCCPJ7IZSV4WTXQMXQ,19,48,60,6.031413612565445,5.769230769230771,3.909698996655519,5.365138592750534
AGPGG7WGGS5HXQ6L6SMPXADKKOCA,22,81,93,5.082106893880715,5.28344532681735,4.026737108872038,5.037281150306045
AF5T5YATPPSFCEM3UK5YTVOU4IZQ,29,107,80,6.152068780225686,7.547169811320754,5.423728813559323,6.941431670281997
AE7ASEVRPJIQKV5PTPOX4AIDSYPQ,25,79,61,6.173095944609298,6.704504504504507,4.5763141889087615,6.170880488442128
AGX3AJ2D4XNUU6YESJ4G2HZK547A,18,51,51,4.256955810147299,6.297820823244553,4.131264493822996,5.938387118633465
AHC6HHDXZRRMMNA4RTWJLDTVRANA,24,57,51,7.140659340659344,6.119999999999997,4.253528309495008,5.741721854304636
AGGPYEPHVLFMAZK5MQMZQUX6FWGA,23,55,48,8.618233618233619,6.545454545454545,4.128294930875576,6.047285753651143
AFWMAREYRP3DEKOE3DHJJQ6UNXYA,18,53,60,7.334203655352482,5.75079872204473,3.9267575013587726,5.3412462908011875
AEICWNHLXQDGNO2XLQ7DKMJCSXZA,22,49,57,8.992509363295879,9.584070796460178,6.160475979357677,8.373766963591798
AESDODWKLW32QTRNWQYWHJSO7C7A,19,59,58,6.05391304347826,9.779069767441857,6.641779268927902,8.581632653061224
AH4TDMQHUBY3D4BX2QO3SRHEIGQA,29,124,104,7.125115848007414,7.781294964028778,5.871559961467892,7.278600269179003
AFP6MGUZJXZS2CEMNEDE6OSI4ZFQ,19,67,71,5.837451235370612,5.708946772366932,4.047063288955344,5.437971952535059
AGDKEE5KR5ZW4PBRXPSLGSMK2MKA,21,55,45,7.50620347394541,5.869565217391305,3.945841392649904,5.301083448119899
AG73KPN6A7OHE4TDURUPA23EKGPA,33,101,67,6.925322471147318,7.889279437609842,5.4149577804583835,7.125414778066963
AG3PBRFNWNXXDVXAT67MRO7J3KYA,26,104,104,4.867686768676867,6.445768772348032,4.9425344484843325,6.212523588951793
AEPBTWL72RD6XOTW3HFIACUBIPSQ,20,57,51,5.875226039783003,5.362886597938145,3.458453670224952,5.110098542132263
AH3ODUOFNNVKUICPVY6X7UK5IWYQ,16,49,64,4.890020366598779,7.613382899628252,5.318105976710628,7.037800687285223
AFZLBERQPA3V4XA4BCQ4Z4KYYLFQ,25,96,106,5.992197659297789,6.893251533742332,5.225803665600416,6.636760355029589
AH76RNVXZKA5VFZFH76O6U6QEVGQ,20,72,82,4.400679117147708,8.004761904761907,5.243708152052791,7.380909003277425
AGGYFVQ524L62PL5GEEHV3NGKT2Q,22,57,62,7.468965517241379,7.877049180327868,4.964498111707415,7.239197049226841
AHNZQLIFT6OIXVVS6MS5SCMLWCBQ,19,57,47,6.898089171974523,5.149184149184149,3.4897314375987363,4.791757049891541
AH6KH3PEADMEAN2IR5QMAAA5YKTQ,30,114,96,6.524096385542168,7.337579617834394,5.4144883401466375,6.8469690546841875
AFEAADP4WF3WCCCWDJBVZOSBXCVA,22,93,111,5.928032899246059,5.94356005788712,4.396301835119397,5.623459607485167
AEKMZRFI24IXTBXMZOKENNL3VFBQ,17,59,55,5.203288490284005,5.675422138836773,4.067567663672036,5.224525043177895
AHXY7OKWZZA2AMR6HYTRAN2ZIL7Q,41,225,244,6.783465094466034,8.483328583642063,7.0193528749540155,8.347729203848115
AFHRGIQHOS75DP7CP4ILF6RTMYIQ,17,51,57,6.120000000000001,6.141776937618148,4.3332474672111845,5.601740789954787
AEH6WQXNWZQA3ZL4T4LMXZ4OGW4A,24,56,84,8.43010752688172,5.755301794453507,4.076512744540417,5.465533875728994
AEXBAGK42T4VUE6DK5APFV5ZJQKA,25,70,57,6.004901960784314,9.472303206997085,5.982327538141822,8.163368118028067
AGZZU4U7G74SBKXOUAH57MWALSOQ,25,120,112,9.523809523809524,6.3353535353535335,4.615158204562179,6.095243851762304
AE5INRAIGFDNXPWT5LNVJEEAAHBQ,53,592,561,6.3017225878375935,6.680697955804623,5.931790594614114,6.573670308327426
AHS5OQLOPMP2YCRIWK3W6WDJ7BLQ,23,60,69,9.836065573770492,5.226125137211856,3.860378925787808,4.990571521181389
AELCQ4XXBVXQGVV6ZKPSMATY5VFA,22,62,67,6.2402597402597415,5.63237139272271,4.292056786111349,5.331361439172424
AG7BPICCM3LVR4A52RQBYS5JLYPQ,25,50,52,8.928571428571429,5.903930131004367,3.9532163742690063,5.586776859504132
AH2D3DFBV7M72TOCB36TKOOPCY7Q,21,75,51,4.754860524091293,4.686486486486487,3.114597900972248,4.313432835820896
AEAD7ZP6VV4IJL2Z2HVIRVEBHZJA,28,70,66,13.031914893617019,6.0,4.388073574680947,5.556122448979593
AGSGIJR2WQ6XRRRYNMSVCJLOH3CQ,22,61,85,6.4265975820379975,6.927133269415148,4.806096885089993,6.532555069140436
AGVTEUBWUZ6IKQF5XWBICOPTM2LQ,21,56,66,9.333333333333336,7.284280936454848,4.724511930585683,6.732628138974887
AEVNAOGKLGUNEKB6IGX3GZFFWBJQ,19,61,63,4.8640522875817,5.299065420560747,3.7876274264498164,4.9987484831901785
AFD3QKEFR4QC5A77SE52O634AH6Q,33,104,97,7.883381924198251,6.26014637391883,4.705449094512447,6.078188203038439
AFWICO7S6CSLJETX6O4DTDQIWUGQ,18,63,48,6.115562403697997,5.459715639810426,3.511130820399112,4.933641465830307
AFQRNCF4VRLK654LPYWZYBZM3MVQ,24,83,82,5.560129136400323,6.3916349809885915,4.687681180446343,6.096106551987163
AEG6ASBOHNKM2H5ZOADIGDHRMUOQ,24,60,51,7.531380753138074,6.297820823244551,4.091645050532011,5.729102685394076
AGSP5T6QDRZHHZZ4V5DFE62ZVXOQ,24,65,64,6.222385861561119,6.543130990415335,4.519977682361788,5.818181818181818
AG2TLPRRHQWYTBYVTE35TFE4WAOQ,30,72,71,9.459854014598541,6.18527607361963,4.318885198348843,5.651352394166876
AH4IUUFWBACGOJCLV5HWBJBLHKQQ,20,63,50,5.229249011857709,5.482456140350876,3.675395596835226,5.020080321285141
AFC5ELAF3WQ726FJEUQZSOWDKVZQ,25,86,77,7.455645161290321,6.4375678610206295,4.500877415000422,5.893783763219965
AHNGXLYEOGW5COA66X5ZXJOOCQ3A,27,58,53,7.751152073732719,7.781163434903046,5.021499717623749,6.987605428117053
AFV23FOLCTY6JC6Q7P3GSJ5AABJA,20,71,65,5.267502612330199,7.695810564663024,5.182783133703379,7.006633499170811
AFJAB5S4BMMXACJU7CEK356C2AYQ,55,596,621,6.297486083040811,7.145866918672523,6.310760669595449,7.0417419978877795
AE4JPPM4YPZ4EONHBXME6VWPVS2Q,25,87,82,7.9256544502617805,8.140435835351086,5.341222072155135,7.454545454545455
AFFV2L7G7ZRITBQ7GVVKMO4J26XA,18,65,51,6.983471074380164,4.327787021630615,2.9621635847761922,4.045101088646967
AG4WSKK6TG3LFCXZ5ZM4KEWLBNRQ,30,125,131,5.071405387861083,5.887135506003431,4.434599690707212,5.57718557036074
AE75H4JVORAPLLQO3MAC3FRN4MAA,20,68,80,6.8809523809523805,5.734767025089607,4.06039966587419,5.414551607445009
AEXYYBY3TRVAAGBXZWZP3EYCHXAQ,29,97,97,8.118205349439172,7.873640167364017,5.3597347925393235,7.260035186635035
AHXFDISHJCHQZRESFA3SIAR6GVMA,23,56,51,8.808988764044944,5.15049504950495,3.5674131495836923,4.843575418994414
AGO22BUOE6AX3PRTYLVVQKPR4R7A,42,435,439,5.5082525543620635,5.739672990439882,5.0610316545734495,5.6801261457750005
AGB7ZKRLJLQ5KJYNFCNXXMN4G36Q,26,91,90,6.221637866265967,7.472324723247235,5.457853714633979,6.994839517957284
AGPFJ4F4XFOHAKDDX3AITBNIOCMQ,59,750,805,5.9230477634571645,6.056931086373366,5.489715570611609,6.013372040833453
AF3QJNS6XCODZPL6SVDDITEDSIIQ,22,93,111,6.244765342960289,6.864066852367688,5.347219383323371,6.488158855436904
AF4P3SU3FCXKY52PIF5MDE43N4IQ,16,51,65,5.844943820224718,5.942334739803095,3.943812436766721,5.508474576271186
AHY5L4NFQJZOERBXDM7EHXZWQMBA,18,50,59,5.506607929515418,4.9236209335219225,3.395437483704283,4.635153129161118
AGOJALZXRUHUYIYJO43DNE46PZGA,30,91,78,6.872199170124484,4.623100303951367,3.324227613207717,4.480117820324004
AF4AYT2KDUA3BZUYDOV54XGILQ2A,20,60,40,5.013927576601671,6.201550387596898,3.9990049751243775,5.298013245033113
AFKZ5EC56OPE56AE57EWADWTQFXQ,19,52,60,5.281250000000001,5.882352941176471,3.987226453292201,5.389221556886229
AFGM3WALHHNWCL3WI75IQQTENANA,50,241,251,7.424389620350248,6.97917359034009,5.668927205805798,6.81390060543532
AFVTHPT46GLPZLSL64FJFXT2535A,16,51,54,6.1489361702127665,8.055248618784532,5.855421686746988,7.147058823529413
AFRDP7XVDBRVHJV2BCP76MI355RA,23,117,114,5.370341310317771,6.0166666666666675,4.453033557270465,5.781157093872589
AG3IKRZQLJKKTTUCRSNS2GIXKOSA,31,122,118,6.8400735294117645,8.142690058479532,5.611603570784954,7.911373852497228
AEUPV47K3MID5ZL4QXGIED3GRZIA,22,59,67,6.681381957773513,3.7129859387923903,2.877947320728591,3.568364734926825
AEOOFIVJLXKVNYX6NM5PGAEKONVQ,30,97,115,9.233562315996075,9.164934164934166,6.898081957726657,8.746696947653756
AEYFIW5EZMPHAQ3GIKWEZCYEHP5Q,20,52,58,6.2592592592592595,4.672222222222223,3.323782850371479,4.357542199402664
AHDDDUNFUZVAR3R2PD4HABZCJMBA,25,51,67,7.126027397260274,6.1409028727770165,3.989868165237109,5.762554030159663
AHNTAHDGESFMTOVBMCCCO3R5ZYUQ,19,66,75,5.404466501240694,6.533101045296166,4.730866274179983,6.154274325319161
AG2SIW25DLCWFWTLS4CFAAREW5WQ,21,71,61,6.933975240715268,5.4163027656477425,3.6867197195682215,4.941567065073042
AGEN4RIQ7PSB74XHK5AG7LJMNCSA,31,112,110,6.393476044852191,5.99603567888999,4.439737326264385,5.734597156398104
AEUNG334KUZWXHHAIRMJXCBT5FYA,34,145,155,6.978094922004645,7.105885832593908,5.461096565389048,6.775266109207147
AHZKXDFUNNEGHAIB7N7UJSWGFOLQ,18,43,65,4.0637362637362635,6.149927219796214,4.049273257537678,5.7956540474223655
AHRMJPYIRMJZNMUCT2TEOTEYUICA,23,141,147,5.096385542168675,5.829241974642567,4.610137603720504,5.579397305022457
AH4XFUJHJBD23NTO5F774MBO3O6Q,22,53,53,5.963906581740975,7.258397932816539,4.3255620988149435,6.593933048629289
AEOCAUXMWWWC2TDXR7OX2DGORO7A,24,65,51,6.674565560821484,9.32258064516129,5.92215429073875,8.257142857142856
AHHJ4BPQ5TYIUPESYDW6HDSKNIAA,21,57,54,8.664,6.657534246575343,4.5972131309148265,6.0
AG7GB4YT6G3ZDXENSCTMLVRMIN2A,17,56,50,4.751515151515152,6.127450980392156,4.221555867948485,5.592869154388213
AFPIVFTKD2B5U365NQ2PSOOZZBFA,22,93,103,6.208901651112707,7.841093865484112,5.475619799758124,7.4922652685947035
AE6ZACDI7GDCKS5MTEQZVYT4DORQ,29,115,85,5.6109461179465425,5.246913580246914,3.749156955683914,4.979324603721572
AF3QJUZMINQU5V6DCZIN4CPGLCOQ,11,45,56,4.612756264236903,5.6000000000000005,3.8711281396338877,5.107491856677524
AECTZ66656CDAFHMJI3PIJVIN3UQ,18,57,55,5.750442477876107,4.2545710267229255,3.1128199028148633,4.033340503716452
AHSRXEAKIZWDKIKTZF2HOG6NF2CQ,25,52,68,10.24242424242424,5.598062953995157,4.123536585365854,5.3271889400921655
AGZFC4267K7DXCAQPVQEXJHFUEWA,27,88,100,7.347248576850095,4.248088360237893,3.2022583617812925,4.071661237785015
AHSGGWMLBEVI573TDJAKIUGRFKFA,21,49,59,6.471698113207547,11.192926045016074,6.833608585119682,9.696378830083564
AGLRX3SNKMVXT7LB4CNMLQOZBD3A,19,69,69,5.102893890675241,6.791726105563481,4.853211009174313,6.314334714123637
AHBWJLR2FWXYGPSSCWWU7DRXBSIA,22,91,90,7.047659574468085,8.003952569169961,5.593536864164603,7.500025720252813
AEA4I6B4EUGTHM2PEZYDRNXONDIA,20,49,59,7.08259587020649,6.975951903807616,4.596606768457264,6.216091250290975
AGYGB42MVBQ4X2XNEX45VHJD7GOA,22,81,78,6.743062692702981,8.005263157894735,5.578612364508231,7.662468513853905
AGRH5XIRBBJTYZ75VD73TU7JG5LQ,20,71,65,5.138634046890929,6.470137825421133,4.449845833161568,5.942522823710943
AEJUZT6ZKPG4ATV7G4D3LNC624XQ,18,50,56,6.009615384615385,5.540636042402827,3.7687788230953703,5.049932579607924
AFLI33M7ADMQ2B3DSIJLODWUHTAA,20,68,64,5.751243781094527,5.475935828877005,3.9976833976833976,5.132832080200501
AERXVEPEZCQKJBVO6ALDYGWDSQYA,25,64,67,7.613382899628252,7.673504273504272,5.284929074358879,6.9705137015202485
AEMUDVQWVGL2U7M52PFGDRO3DQTQ,17,47,59,5.14918414918415,4.685060565275909,3.1654328406040935,4.445721583652618
AHJBJXPD5RRVYSGZ2KTEM6WLXGXQ,26,73,74,6.522643818849448,5.926406926406927,4.216229628535178,5.55939659295173
AE5RI4JTP6U32UO6VJY3MS4OLORQ,21,62,49,4.865822784810127,4.5908221797323145,3.1206293419557394,4.3497661596022255
AE3QO7L7NG7AUKZEYEOLHM2Q7M3Q,27,92,85,8.396825396825395,7.694355697550588,5.502247197518817,7.225007225007226
AEGSMK2RONJ4PU4US54TRRMINDIA,33,80,88,8.290155440414509,8.399132321041213,5.982705479858594,7.592156862745098
AGDJ4U4GGIQ6AJLIBE6RSDPL2VYA,21,45,87,11.312849162011172,5.216402481047554,4.048896201462154,5.052739234305836
AFQM4LM7JQGYBETRKRKNTUP5CVNA,34,175,187,6.178131934637886,5.718560915780866,4.614361992969336,5.658415572882044
AGBE4G65WDC55OINI4OQKENARLJQ,28,65,66,8.970276008492567,9.469565217391304,6.238909705385349,8.344827586206897
AEJYZEXHGRPOQ7JWTECOBUIRSEDA,40,280,251,7.472359893252,5.681395977996212,4.803589758055902,5.566936264799038
AERPMHQCRO2J4KJSGXXXOO7EOD3Q,28,70,53,10.79295154185022,6.066954643628509,4.2190979651772595,5.732676937429977
AFDFF7MGLO3PBKMESF6JCR4EW3FQ,21,57,50,6.072897196261683,6.544502617801046,4.194630872483222,5.910198515604042
AEMT3I6AICC5YI7Z5G2V4LEGYKPA,32,201,177,6.032701209496789,6.684232984851717,5.570200682140335,6.505193554135284
AHJYWQZ5PICKUZPXVE4HU7L5PE7A,46,340,320,6.476190476190477,7.670411985018725,6.528114241999237,7.516700063560789
AHJ5GJR24U6AOMQL3ZKAFOXXS7MA,16,46,63,3.9185185185185176,6.096774193548386,3.9201592283156175,5.743897611822142
AEYKTZXAWOPJG5MGGMKBLRJR6Q3A_1,14,52,49,4.134556574923548,5.276923076923079,3.4943981425731443,4.763907643249415
AENVDZJEJQBHTA5X3JB45EG6XXEA,28,96,100,7.314285714285713,7.44047619047619,5.5605034263491975,6.988150908899125
AHCY5HIXEHYPRIU7NPMXKPLPJR7A,18,67,42,5.74775928297055,8.647058823529413,5.4411246612466115,7.443170488534396
AFQGXKKBN5V3V5V7CY42FCQTAYHQ,31,125,111,8.297928836962294,6.238481012658227,4.76874911952816,5.926428864762942
AHYOB7J3MRXOLCQ67KGALUH7TY6Q,23,50,51,8.169934640522879,7.285714285714285,4.6190757478111895,6.568558801584113
AEVZGLYUEQEYH3ACTQCPBU65KIKQ,26,148,140,6.461356932153393,7.211184694628403,5.400944650766939,6.947891691924141
AH3T7SU7USHPJ26STB3EGNFTDPSA,63,553,566,7.1589531100030435,6.824216087252897,5.949171623033198,6.682018581738345
AFPAS6247PI447QH57WTGC7RUU3Q,18,53,47,6.5174013921113705,4.322896281800392,2.9807053870310942,4.038391224862888
AHLZZ3NGM3Y4NBNDW26J4WAPV6WQ,21,77,79,6.58046614872364,5.338751069289991,3.990191111084201,5.115577207455797
AEP5JNRRA4BXDGRZC5ZXWRKCZR2Q,22,81,90,7.062432723358451,9.0,6.659007352941176,8.526315789473685
AEN6VLVSAZEINQOVKNFAL6IG65OA,17,53,59,5.475633528265108,7.4539614561027845,4.978554610630508,6.798854060569994
AEPPEVO52IBP32OZJXPDIPPQ5TZA,10,43,61,4.3505882352941185,5.595488721804512,4.066223191566702,5.240855466882497
AGXJG6MR7XYFSA2J6RX753MSFVXQ,19,56,54,6.616033755274261,10.340425531914892,6.448497904052166,9.000000000000002
AGDBVEKDSVUHJRPRIVHNADY3L6IQ,15,47,58,5.173302107728337,7.008333333333335,4.671575100030778,6.494208494208493
AF6M3QM4HCJWGINCDUKAAH5IQ5XQ,15,44,60,6.2857142857142865,8.108108108108109,5.306638458164555,7.4074074074074066
AFVFWYK7J23ISMRK3ZI5DCKFXBPA,45,166,137,10.359398496240603,9.010561689870379,6.648130414913827,8.832478412160807
AEMG5P4JZXUEK35T56CZ3O4GOP5A,23,65,53,8.501006036217303,9.652920962199312,5.837508626786978,8.512199377404752
AFVCWOFPUHU3ADTPTITP26RGLF5Q,19,74,78,5.4541832669322705,7.901298701298703,5.389845261121857,7.492656292656292
AFQ5IKV6BEJT7H6BIRHADAGRF27A,27,109,90,6.879559930515343,6.053811659192824,4.42796520150411,5.632834261838441
AF57NVU57KDQAEHYO4DFKEI65IRQ,28,93,99,5.049036777583186,5.503088152723189,3.9978018865252243,5.272195451400614
AGGYJVZ522UT2OJM4FFKRRVTIX5Q,27,84,79,7.506382978723405,5.412836079791848,3.957514267596703,5.0575397880814705
AHCFLUHDCLAHZU6AHAJ4C7MPA4EA,19,66,50,4.164435946462714,5.5555555555555545,3.857431149097815,5.285435886433525
AGYRMITUSD6IEQMJDPHYMA7CJI2Q,16,55,56,7.2541966426858515,7.84,4.637012615176387,7.015695067264575
AHVK6E5LV26567B2Z6JNDM336G2A,40,160,173,6.4679130874178865,8.242632883503166,6.328822161133434,7.942941111464764
AEHQSCXIJY2GACS7FBGDVSHOP5GA,31,126,105,4.99245283018868,5.493273542600896,4.234364584175896,5.2776641563003786
AH27HGQKIHLIJMZEZKPFNGOU35EQ,18,93,73,8.74519716885743,8.896494156928215,6.754119138149558,8.09880290001686
AHKKFCPXS6OQMUSMNSNXXU2JKTHQ,24,96,116,5.218573046432615,4.785206258890469,3.7586460003693913,4.572218430097179
AEXYLV5YOYWSLGG47VVECVURA7XQ,19,60,51,7.725321888412017,8.102803738317757,5.030947775628627,7.185137702891419
AE34VVFABKBA5ZFYOCL3BRUN7QVQ,33,78,51,8.868804664723031,5.7928730512249444,3.7959780915957744,5.140336282148926
AH5NA6LIKHFQO3CDP6LULJT6VLYA,25,67,59,9.29399585921325,7.583877995642701,5.248022644725361,7.018173688596223
AFYZMA72W5SMBGZVYUP4EX5O7RQQ,22,54,48,7.438775510204083,5.9381443298969065,3.9986206896551724,5.358139534883721
AFWMG7UFWQJPALHSIATX2G6YNOXA,19,66,54,5.950819672131147,6.942857142857142,4.827017900465544,6.465663716814159
AGPH4RMR4EOTWJJKC2T6CUBIHAJQ,25,67,70,6.260808926080892,6.049382716049382,4.2909604519774,5.833333333333332
AHLA24J43UD2AKTINUBUWKEDPQHQ,35,172,170,5.807616804083234,6.416518650088809,5.168097281831186,6.175213675213675
AGI2PC6YMBH3TM6UEQRAOOFZ77IQ,22,53,57,5.674747474747478,5.791443850267381,4.00567246486275,5.516129032258066
AE6GBO7A4LHI7GQULR64DPYFYJ4A,18,44,62,5.260869565217392,7.092250922509223,4.47863085988086,6.396166028040488
AEOLORJKMS44IUJWCYBJGYDLCD4A,21,61,67,5.008075370121129,4.730242360379346,3.3323439012538087,4.489004489004488
AFWAC4NJFZ55V55ESCI65QLDZOSQ,21,74,67,4.969147005444646,4.585291113381,3.429073788866493,4.283400846578767
AF4E3NZ5US36XUBBPFET6A66OG3A,23,66,75,7.778571428571429,7.391590013140604,4.877734308530376,7.031260986345292
AHL3FVIBAL4FQFWRBAAJJLYPZ5DQ,15,66,58,4.829268292682927,5.780068728522337,4.111967916989682,5.239875389408098
AGIYFVQRH6FEXW2M4OJMT3NEUTQA,13,66,62,6.540540540540541,6.385382059800664,4.608561380560623,5.9785885676690285
AHYCWHEN55G5GAMWHMI3UJHQ3T6A,29,83,87,7.749156355455569,7.093720712277413,5.094926823343657,6.710111656631691
AGKMSOLXXD3VWLQXUFEF7RG2PYZQ,25,69,77,7.691437802907916,5.887785501489573,4.279637175044899,5.57761053621825
AFVV7CLXY43P3Z3F7SROBZATZVSQ,21,83,73,5.1525804038893055,6.823303457106276,4.865340599455041,6.359197599691276
AHFWDMP5HXQ3A3NTN5T4S7B7BDZA,18,53,59,5.290018832391714,5.697217675941079,3.810232260738285,5.266263237518911
AELDDMYRH6UVEDUIQGRSHZWQM2LA,21,54,63,5.5437262357414445,6.041095890410959,4.318824809575626,5.6619115549215415
AEFUPXKTX6C4GW2B77FHBRTDCLUA,21,59,73,7.177319587628865,4.527612574341547,3.2065884878150928,4.2700347928703835
AFC47ZK3Z2BFXSQPRI5DNSQCY2BQ,21,58,59,6.276119402985073,12.387900355871885,7.71501084281572,10.912225705329153
AFO4JFVHP2IUNIAM3R2HWEHDEUJA,43,184,177,9.536901408450706,6.985284280936454,5.805650982457777,6.876427021359161
AEAY2WGERHFFEDTKJDKID4D3RW3Q,23,104,108,5.753191489361702,6.191082802547769,4.668404580123427,6.012377524048809
AFBJTBLXC6U3IMQB4RIPPSBCORLQ,19,65,64,6.738437001594894,8.714893617021277,5.79925518031639,7.9689922480620154
AFRANYYHRL3ZMJ4F5GAGDECQ5GNQ,23,86,78,7.562372188139061,5.451612903225808,4.039039081768165,5.028112910628811
AHCMBEGSVFSUHRNRYBQ7L5URHCYA,30,93,82,7.488311688311691,8.200000000000001,5.572257020906397,7.446299275945295
AEMB7SD3UGIGU5NDJYV2OAIABJIA,22,92,101,6.269629629629629,6.332091868404717,4.646116962697897,6.10840294583044
AFOTHO5QENS65RZSHAUT6TP7CIMQ,24,62,68,10.737430167597765,8.112280701754385,5.401869158878505,7.482200647249191
AEMN5QZGZ2LV4QGL7SURX33C2NHA,16,73,84,4.686895338610379,5.755301794453508,4.017312072892939,5.708737864077671
AGX3ICN3W5V2XY47PLFK5NOTH5DA,25,98,97,7.231927710843376,5.705882352941177,4.325381966513303,5.489515066953458
AEB2MNEEUALSUMA7CAEQJSFGTJDA,15,53,62,5.963906581740979,5.25136612021858,3.6947431004110394,4.9664082687338515
AG5HSUEH4BYPTBNEMPSDL4L3DRNQ,26,65,61,8.857442348008385,5.233473980309422,3.606020883590579,4.889618922470433
AHTV22XCEITN6NDZ6XFFB3P4SW2A,20,53,56,7.1841432225063935,5.351535836177476,3.8049059612588536,4.985704175513092
AGBIP7TJWZYYCSCBNLFJMOPGOUGA,32,118,93,7.866666666666665,7.436801375752366,5.50366944995694,6.94145275995535
AHIG7XX4LPDHSXX7MCQYVSJWX4EQ,19,51,59,6.454094292803969,5.023088023088023,3.335903263196328,4.775178058992331
AHNZSE3QYPIWIB537LY2Y74GBTCQ,19,58,74,6.622047244094487,8.197604790419161,5.496345862491884,7.450353927259805
AFVP6OSQJHBZCGMJFIRKZANPJ6EQ,24,72,64,4.738574040219378,5.704735376044568,3.9686083996821253,5.2851700897733025
AG4XQOAMUDUVDASKTPIIDLDX3BSA,23,60,52,7.3770491803278695,8.047619047619047,4.845878136200717,7.078534031413614
AHORWDUASCJWOSOEZPQHAF7I6OFQ,23,61,46,7.735966735966737,5.539267015706806,3.7778990849008647,5.062200956937801
AFRY3KL45NKPPE4WDGWARUKBI54Q,29,78,66,8.791907514450866,7.891304347826085,5.318828739985179,7.272140468227425
AF7ONCCYEZYUVOL3GHBGUNXRISOA,31,123,129,7.802475502836517,6.281993204983012,4.936224819539206,6.0733649448937745
AHC4NS2FA5Q6SDVKCXSPEIPRB4GQ,25,79,87,5.103025347506133,6.178775510204081,4.469972538656733,5.908679508360059
AFJCRMSGWYMAVOASYUUBR63OTLQQ,20,55,47,7.254196642685851,6.796923076923077,4.439428713736248,6.119113573407203
AGQLKAQYWNXSQC6BXMKLU7HA5EGQ,22,55,62,7.61964735516373,13.255172413793105,7.625476817868125,11.239766081871345
AH36N5HJJQCBDAURJUTFAIB4GRFA,30,145,164,6.423770241368775,6.249070631970261,4.803740902018314,6.195810376755334
AH5YBY5VBPNDMBGHVQYEMMQNPDEQ,23,100,93,5.910165484633569,4.68780487804878,3.7068344803725535,4.481348353337902
AEFO4YEMPTW2MIA2FZ3TSMYOUHNQ,17,51,56,5.642082429501085,5.540636042402826,3.7947892533430885,5.200677652856923
AG5D7S6MKAW6SARHXXJSXSX4ML6Q,28,67,72,7.4692179700499155,6.62915601023018,4.704174228675136,6.120501812099248
AGXZMIBFXPDAOZQXMMBUAPSK2TLQ,15,40,60,5.714285714285714,9.677419354838708,5.843210187870382,8.47063513154398
AEUITNFQ5YAJ5BGEKIEQK4REHFDQ,24,66,66,10.944723618090455,7.806451612903227,5.258977166093213,7.082945556072592
AE6MQHV66OK34BGN2TADAYGZJDVQ,24,66,73,9.594713656387666,6.021468926553673,4.488715351092192,5.856051027715286
AHF7W2GQAELHFR4T4J24EYR4I4ZA,34,99,93,9.487899322362054,9.41131664853101,6.5857066472962105,8.675025075225676
AHQWSREBML5RH7GZCFX6L57DDMHQ,19,62,47,5.619883040935673,8.800796812749006,5.5802182241701646,7.861209964412811
AHNGXSJ44HVTEJAF4G6XHN4MJA7Q,35,219,232,5.8768533267981855,6.005802276277616,4.967560107519262,5.8914287280699655
AEK6SR63YICRLQH7KO6MHRF73RMQ,18,63,65,5.056050955414013,5.8926080892608095,4.121150062812582,5.515675196632326
AEMDWYLUJDA7LTRQSX6BOJDVTF7A,19,53,62,6.119825708061002,6.00625,4.158831168831169,5.603498542274051
AF7K2QWRCP3F5JP2VHS2RBUIUUCQ,24,49,51,7.5741324921135655,8.938144329896907,5.843636226528919,7.858006042296072
AHJ5UYB6WIQRWXQJ2B5MUV564TAA,20,74,64,6.084444444444445,5.375328083989501,3.9154963291638083,4.964855779402431
AFM5EFJ3XC66O732Q2CPS2TKMG4A,23,60,70,7.377049180327869,7.18475073313783,4.8218889918171985,6.49867374005305
AFY5ZS4KYYBPX5IAUVPK5JG6AOCA,11,44,61,9.680000000000001,7.427145708582835,5.218063927657196,6.632882875726446
AGVNQCF2GD4RYDYJQWD3CFBT3RRA,42,267,246,5.654715634171492,6.11519805982215,5.116290873612223,6.008340189252953
AGFGISQL32VM4G2ZDX2JUXXYTJXA,26,109,80,5.8041035661944305,5.111821086261981,3.600610577354763,4.7372342756958155
AGPBLK2TIZU42KPLDX2ALX6CPFOQ,38,207,172,6.388698374832266,5.735556417215976,4.69699190873571,5.5535966553100184
AG644AQBRT56BVFDCJMISCNTSRMA,47,344,341,9.077631175207118,7.973736542549543,6.764535060396367,7.836709075183359
AFIL2IVD4EMGED6B55QB73O5N7FA,35,140,128,8.419243986254292,8.780278670953912,6.7252286737193465,8.47594639672334
AF6SM2ESLD534XWS7P6PFSL257CA,40,315,305,5.6839663172366395,6.227823525473655,5.231270531638708,6.120874373719806
AECCWTWRVTRL36SUIZOJ5OYQDYGQ,43,99,79,10.595675675675672,6.604232804232806,4.523765089543854,6.36837397789877
AF3OWPUMBCPUFZE3ICY25MOCL2BA,44,338,363,5.650608368780296,6.40370316372649,5.281682791672432,6.304157831729931
AF2S7MHKYEU5DFVE7DSDOXF67ETQ,21,55,64,6.954022988505748,6.671009771986971,4.6293655103066875,6.131736526946108
AGDMXN47VMOK7TB4EGSCLWJ43QRA,18,84,88,3.9774520856820743,5.947772657450078,4.334499325491681,5.652566791127478
AHPYUJKVXMGAHDVKLVYCQ7IKAGTQ,28,59,72,9.485013623978201,5.38877338877339,3.8112057961014325,5.122549651414845
AEQY37KSVMAVV6AUETJFVEXSYPQA,19,56,50,5.52112676056338,7.396449704142011,4.664179104477612,6.510416666666666
AFVS7ICCOISHBTZBGXJBWKYRBEDQ,31,121,110,8.285795132993774,8.391123439667128,6.214720129143015,7.97627241788077
AEQCVAHIOLXISDG5N77DBCMIX46Q,20,60,64,5.960264900662252,6.895622895622895,4.549106216348507,6.350402861373382
AEDF6LSTO7L4BWZPQXJSZ3FPMX5A,34,115,120,6.827568404749613,6.617647058823529,4.996530187369882,6.480779326838942
AHSYS7DOWAOLGVZ7ENICI4ZNK36Q,29,123,127,7.194008559201143,8.352667011910926,6.331309818893268,8.044397031756798
AH2XZBSDLT2QDYEFM5MQQPWDQDAA,37,106,88,7.138500635324014,7.592156862745097,5.337775226984052,6.939090386462103
AELUXKVLA6MVN4POAMLJIP3CL3ZQ,12,50,60,4.222972972972972,9.836065573770492,6.270688153310106,8.674749163879598
AGH5MIN6VJSDWJF5XACS6K4ZX6QQ,17,51,58,4.898305084745763,6.1163636363636344,4.052524907321594,5.578788145475347
AE75RQ5THMDYEJUAYOJZHODWFMMQ,25,109,111,4.031557516118085,5.4493586908447575,4.219387348235755,5.251926746827183
AGWNDI4F6STGUPVPJMHGTCLEHHJQ,22,57,53,3.8268551236749127,7.296103896103896,4.408357232248474,6.4279176201373005
AHNSZCP3JIOZZVYXFJRGQEKRSTFA,37,150,156,7.425742574257428,9.664813343923747,7.544907508376785,9.211208912116629
AHUKSS2YODCRG5GLY5APDL62IC7Q,18,64,79,5.43236074270557,7.850314465408805,5.343395207579397,7.299415204678363
AEUX5GR2YXV6MFH6SIDE3DMLPZGQ,31,87,83,7.160832544938505,8.579078455790786,5.660176552705957,7.792996397745231
AE3QC4R3QMSHINRTN3L7YFNSC3XA,31,87,86,8.730103806228374,7.030418250950571,4.858441462391039,6.699297348565652
AEJBJGF6POXHQ77KUHQNO7Z5WEBA,13,48,80,5.485714285714285,8.205128205128208,5.603225106438905,7.424633936261843
AHBV4TCOJOKIL4BC7GHVCIAG7ZEA,21,65,64,7.451499118165785,5.019607843137255,3.552820512820513,4.768341735783596
AFYDI5PL5YM5JKTHFCREJ7KVWVLA,21,43,74,8.366515837104073,8.529595015576323,5.810715834171416,7.789489445739445
AFHVL3J6IJCOWM5SQRSXLTUPW3MA,20,45,55,7.258064516129034,8.287671232876713,5.716190766677188,7.619647355163726
AFQPRBK7XJNB4IT6Z6KZYWEZUF3Q,19,58,59,5.964539007092199,6.204991087344029,4.023813295464395,5.72534443533705
AECMBFXDJHHNGEBXIOVY5M3V2PKA,36,147,138,8.417997662641215,6.8307030129124815,5.234744365035734,6.679768883412203
AEHPITA5Q7OHED7NAZLRHUTOXDQA,25,85,89,6.2338222605694575,9.221187427240977,6.592614123518043,8.489817792068596
AHQUWJNO5Q6WUGHOV266SGGIDTIQ,30,138,123,6.390604026845637,6.507096774193548,4.827234353588884,6.208046856649264
AEAEB25YC6CS7TKQ7EK5GKHJOBAA,21,80,73,5.981308411214955,7.370677731673583,5.3109587163336895,6.893919793014231
AETN2CVMM7M6VM2TZPWV7ASPULRA,19,57,64,5.961467889908257,8.462809917355372,5.783685647178316,7.529411764705882
AGUSJIO3JXYYZMXZ7D6IC7OQCP5Q,22,70,73,6.481481481481482,6.686323713927229,4.5582078005755,6.366822493273288
AGVEMZDSO4JB4BLEQGXF276DYASA,24,67,74,9.410901467505239,8.637223974763405,5.823684494624623,8.041133344833534
AEJAUXEATYKRII4CIPIRJ7BQTBSA,18,45,62,6.958762886597938,6.16025641025641,4.268764346764347,5.669665854507484
AHF575RNOU3ATD7PN73Y6ML7QD4Q,18,90,74,4.267650158061118,4.68034188034188,3.413752511622562,4.481178396072012
AE77RHC2LWRCCGDDENZO3HG6LH5Q,28,80,90,8.96358543417367,6.639344262295081,4.885109799875013,6.254829984544051
AH5ESWZG6Q5ZEBQTOVP3NMJ5XYWA,31,133,142,7.734586794927855,7.926100628930819,6.175441444826105,7.640782894275844
AGXME2AH33KRTXNBZYFTN53CTZIA,20,62,72,8.857142857142858,8.024767801857584,5.153081510934395,7.459008248037365
AGPY6LHJBO532DRNAIMK2LGZM7SA,25,86,77,6.153078202995008,7.476670870113493,5.210981714940414,6.926411321964967
AEKR5LXGQQGEXVFZYE6B3FVEIJJA,22,53,56,8.917460317460316,8.711111111111112,5.7226277372262775,7.859698492462311
AFEJ2BL4NFODGY5LNUZO7J65NNMA,19,82,72,5.960992907801419,8.7864406779661,6.007770512550096,7.902439024390246
AF4II6OQKIGB4UOP5PTISI32N5XA,19,57,71,7.573426573426576,7.963665086887834,5.85414155035442,7.457116910115431
AGL72EW24IMRO4K5EJ6S3QGG365Q,18,49,53,7.210210210210211,5.839916839916843,3.8186990137420422,5.454368932038836
AHRQVI734AF32IXI37RUF7P56KMQ,27,119,120,5.680304853590051,7.228915662650603,5.603112840466927,6.827882047177532
AHGLOADA5HFF7PC5TMVKWHSXTAAA,28,81,72,7.550057537399311,7.043478260869565,4.791127541589649,6.587050025186966
AGF3WT5EJRTCRVYOYADQDZ6DNKMA,21,53,47,8.002849002849004,5.078160919540229,3.684785260601275,4.6311086693769905
AHYH7TLFGKACRF6RHZO4QBIICATQ,18,60,59,6.521739130434783,7.857787810383746,5.168576053117635,7.075232480800452
AFGI5DGPZLP4CPYUGFNARKBQ2UTA,16,54,56,5.543726235741445,9.445783132530122,6.1976284584980235,8.521739130434783
AHMEWSYXEUHS2P3EEHMYAXRGZXXQ,10,56,68,5.501754385964912,5.103752759381899,3.788929353340097,4.786770001028771
AH7L74WHVFDSZLRLK3R7IX4U6IPQ,22,57,53,6.754677754677756,10.289377289377288,6.54626634000184,8.69659442724458
AH767XBPUFJVSH3CXBUGWG7RWLKQ,30,81,125,6.266475644699142,8.47802495930548,6.426868215731603,8.189205603792704
AGHL4KJXMKZQKJUU5YIBPEM33YUQ,67,415,507,7.476665943130018,7.370580645161291,6.463865906348922,7.307721408744407
AFP2H5S2KB4WGAOIEEDTQBUMG5ZQ,19,58,60,5.5147540983606556,8.653846153846155,5.624123831775702,7.627255588472934
AFYHJ4RVLCJG7YH65BQX6JZXGQRA,27,86,79,7.2795275590551185,8.07373868046572,5.364461003338785,7.704950015165396
AHNTFF22LTGAUNSLSBEKMULD3UGQ,20,94,80,5.265792610250298,7.547169811320756,5.4253167252209105,6.964099649521646
AEGFD2YDVUT5DPJLMPJIA5IA7NWA,31,152,139,8.346820809248555,7.332447817836811,5.63015858566075,6.922611938851894
AG2APLJTY4VQ2QPC4XSEZLXCXZKA,26,56,50,9.560975609756097,4.29553264604811,3.0262688470131356,4.058441558441558
AFEC6YQLSK7BNTVCOWWE255V4Q7A,23,85,90,7.146389713155291,5.9558823529411775,4.353212035666334,5.536571281200242
AFJ6SABJN4EEXL6FRBTZOKPHEUVA,33,190,180,7.165541881699087,7.80722891566265,6.469132641362337,7.591379361456139
AFVRRXH7SFVMLOH3E72LOV7MVOEA,27,73,64,9.300174520069808,8.325203252032521,5.816538263995891,7.288256227758007
AERPJIRYSKZ6OJ4IEFQGXXQL2UZA,23,64,60,6.942372881355932,5.642633228840126,3.7101994253844857,5.217391304347826
AFZIFPT5R7CPKTJ7WYZYW2N672PA,23,57,59,6.141776937618149,6.812133072407043,4.545665771216724,6.283413974553214
AGEG5UCY42IYI2H4J5X5XNDZPENA,20,63,52,6.153488372093024,4.432786885245902,3.187930729028257,4.140897919363614
AGYITYRAKLJ2Y6B36QH5XC3MH7EQ,23,64,56,7.474452554744525,4.962025316455696,3.5315315315315323,4.5847953216374275
AHYAYKJBZNE53SC6362TOSCTH35A,24,59,49,8.347721822541965,8.03010033444816,5.230936819172115,7.297872340425534
AGURLNZQXE2V5LK2UUQ4DVPUUE6Q,19,69,71,5.478711162255466,5.05616850551655,3.500726124922065,4.773678523228128
AHZGUAU2CB7EFW4YU6H3JHGV4IIQ,45,253,244,6.1071462646694,5.76675707090275,4.832927562100252,5.6906919883207285
AHARWQINLE3C6ZTBQ5YVJO3OHSIA,19,60,52,6.691449814126393,4.916363636363638,3.151827436582109,4.5142028985507245
AGNJKAAP3I5HJLLJVIPCAAHIINMQ,17,61,78,5.804992199687987,8.691428571428572,5.925833333333332,7.932324743319507
AHIKLYXTQALJIG5VF4M52VBALJQQ,39,233,228,7.3692140627120954,7.683121489801951,6.239754315519311,7.4561101549053355
AGTHCG4NELYQSLQC7AUYHHTNLL7Q,24,105,111,6.101272827891534,8.491385251550653,6.3068294227319095,7.979925627166848
AH4FH5YNNEBXKGQAXBWD5GZS6SDA,37,131,148,5.7108153078203,5.665804449042939,4.2185546651521175,5.543921812005042
AEILG76DNJ24BKXXDGEOZYMTM6FQ,22,53,57,9.270627062706271,4.975497702909649,3.1315799653507885,4.582547043131077
AHHTQUZDCFOPDNKV3T7MW5P22RCQ,23,59,52,7.82247191011236,4.988929889298893,3.7036035631409527,4.694444444444445
AHL64ZUDNJXWVP3ZAI24IY6LV26A,26,68,43,6.860534124629078,5.907348242811501,3.7046712186848745,5.267806267806268
AGIACQKEOAZQJAG5NTO54MSCQE2Q,13,46,60,5.316582914572864,8.372093023255813,5.8432101878703815,7.484439834024896
AFF4JUFLAGINJQPJ3VT374YA3NRQ,28,89,65,6.382755842062852,6.372549019607843,4.5076370175794,5.868066875129003
AGKCPEL4BVM2GGWLPE6I7NQRGCVQ,19,66,51,5.018433179723502,7.204986149584488,4.196644829735541,6.535547207929544
AF5RQRYTKQECVSWP76KTOB4B2EVQ,22,91,105,4.192911392405064,6.605751947273817,4.96242547495082,6.2147708586544645
AEUUKCBNLSPNQ2ZY6H7XHVATUDCQ,20,43,57,8.291479820627803,11.08873720136519,6.5623157124565585,9.640949554896144
AEDT5EC7SLKP3WBVF6YQQWFM4OPQ,21,61,65,9.565552699228794,8.783783783783784,5.565803438025343,7.752293577981649
AET77DOZUE7O4A2BW5TN3VQRENGA,20,54,46,6.126050420168068,6.9605263157894735,4.479314971751411,6.241942220675252
AEIFF4UKBMMHMIA3F5OUJLVN22OA,26,55,53,8.521126760563382,8.486404833836858,5.743206344049746,7.5308310991957095
AE5NAUQACM24472YWOZQ5B2FOZ2Q,22,78,85,7.720812182741116,5.511060259344013,4.130225818905065,5.296923668163581
AHK7S4HWRWXSEHYJB534QN6XQ7QQ,38,158,143,5.736213235294116,7.269463206541058,5.4395771741446035,7.068444442851347
AFZNDWQKFM23I4GJ4QYLE6WXIMQA,20,60,68,5.357142857142858,5.9282051282051285,4.185414078674949,5.6253041362530425
AHH5FOFTTVL6KPZAWAG626EVAWLQ,24,58,66,7.6454545454545455,10.835820895522387,6.7999865797546,9.637356828193832
AGILOAAIB2PZQIR6P7LL3OEUNZ6A,21,61,56,7.253411306042883,9.011494252873565,5.934961555857078,8.124352331606218
AHRVF5XWCSVGJ2EVNYGSGKATVULA,27,105,93,7.608695652173913,7.037428803905613,5.096641131408368,6.678764478764479
AFPFWRMIROG7L7JVP62R34326YOA,22,55,47,6.505376344086022,8.46360153256705,5.372105648872863,7.53924914675768
AE3MEONE3CIG3KAFE4NLA2VKDC2Q,22,67,66,5.867973856209149,4.704103671706263,3.499659286674607,4.431337241070985
AHPGKGJFZMAVMDP7FWXXCWRXYD7Q,20,61,73,8.00215053763441,6.788535031847136,4.846767411311702,6.2990631745876495
AGBWV3ZQCJ5OT6OXJCN7WO777UOQ,61,652,731,6.810817739041272,5.724090280976507,5.180132902755593,5.713871451437549
AFCLMP3NJA4M2KK7VX4QOA5Q3RDA,38,158,172,6.899944720840244,8.324141812042766,6.662015882069766,8.129706577095252
AFFQUYFZ7LGZ22ADJP2Y5WR7UURA,34,164,161,5.198299188248937,6.023936788287241,4.66780918010858,5.753833614954297
AFDOIYOQ5JU6UHGI6FFDK64SB7DA,20,56,55,6.588235294117648,8.023872679045095,5.222732753283149,7.289156626506023
AEIRJMAT6FJDDDMQMGIC72LYXNRQ,25,66,62,8.642857142857142,10.115789473684213,6.582191780821916,8.877645502645503
AFG7GFUNXVOCSGKUG6EOJYYDS56A,16,43,66,4.827676240208878,4.463114754098361,3.423192682424278,4.152529989094875
AEUAL3EJKUSTNB4YY6STLYGTJALA,29,163,168,6.2295427901524025,7.203675344563553,5.8047799158120466,7.013932094655935
AHLHFTYY2I2LMRIFZMTTCRRDFSEA,28,70,86,8.305084745762713,5.552552552552553,3.900433266711081,5.34393063583815
AGO5A6WJ4WFVLUXDPRR267J26VTA,24,65,57,5.625832223701732,6.644171779141104,4.358185697142096,6.005545286506471
AF7RCFT4WYCIWAMBXPWZFINYTFBQ,22,39,70,8.133689839572192,14.583333333333332,9.106120060581027,12.962962962962964
AGGBDIRIMCGGYSPNMA5RIGICN6RQ,24,87,75,6.680494263018534,5.5201177625122675,3.8657140431192465,5.198710540409644
AGXMWJK3YL4SV5FJ27JEJZPZHRBA,17,60,54,2.6706231454005938,2.4422110552763816,1.779894922595653,2.3940886699507384
AEHOR7WHZBXNWZUN4LP3DFEN5FSQ,24,85,110,5.81255028157683,6.007944389275075,4.527598885004041,5.742763514743276
AG7X54DILTLV7MYBLOVZCC33GU2A,20,56,59,5.701818181818181,6.555555555555554,4.562254259501966,5.981117314147547
AF2MDP33GBSNYE7QUSYXFWQR3B6Q,21,54,49,8.331428571428571,8.859778597785978,5.437233259749818,7.846489026539222
AEEYDDE6RPPR5KIY2U2ZJBC5NS4A,21,115,115,3.956027520191445,5.901383311021865,4.552495697074011,5.666239257795469
AGJW5INVGJR3DNGPF3U3JA2AVP4A,13,51,68,5.407484407484406,6.494382022471909,4.337304916696532,6.100263852242745
AHG2QI6BFFMYOGYUSVB6L3MRVBPQ,19,54,53,7.043478260869565,7.147582697201019,4.580160865680846,6.3123595505617995
AGI3SL4FH4BXVEF6RABGSHGJ3QHQ,22,76,75,5.96694214876033,7.933709449929477,5.514284785049478,7.23938223938224
AECOPBDL3PHOESNB2RXKPZSXGBOA,53,520,530,5.693110998820954,6.564311086184334,5.822841547950936,6.50065955776168
AHT3FWUNV6WCU3WKDWAMAVDEV6ZA,17,60,65,5.504587155963303,6.611893583724569,4.527436426258348,6.185944363103953
AGRISXOWIRNNRSJZTUH6C3E3QGSQ,43,171,159,6.7081899518238135,4.821857715048635,3.877989310333219,4.757434711588083
AHVTV6I7RHR7XDLTTTKO5BJFEFMA,23,76,89,5.94238683127572,9.073310423825887,6.259204526079207,8.09094285800736
AHL67BK7CEZ3CEYSKYC5ZMPRZ4SA,21,57,66,10.380191693290737,7.383050847457628,5.088785046728972,6.8924050632911396
AGZNQYNYTWLN3EOYZWCG6ZP35I6Q,29,81,95,6.827263267429763,5.2379570516540905,3.8086643079295444,4.854766243127287
AEF4ERFVACUREO7O325GCGDHS3AA,23,67,67,7.469217970049917,9.695464362850972,6.169677228419385,8.836648415309439
AG4XQCP2HKDBLNIMZBA3CE6LIQPA,22,75,61,5.552813425468904,6.704504504504506,4.6799158795167415,6.060276661494184
AGS4U4TYF24NZPSIH2HMTKJF7ZHA,16,44,58,5.866666666666668,4.932551319648093,3.32216295083992,4.678729495512225
AHVBTWB5RQY6XBD4GK6L7N5NFKUA,25,97,84,5.282987085906794,5.617834394904458,4.238615682589163,5.313253012048193
AFP4QYATVNXK6THSST5R3Z2CEPEQ,19,68,56,5.853164556962026,5.82899628252788,3.9175802469135803,5.397606351463445
AEZIHPOKDE77G27VSJL3WA4EYPKQ,19,80,62,6.106870229007634,4.309417040358745,2.925196273010321,4.0763566519126275
AFFFO22H5N22MUDHQ5KN3K5EUZAA,17,58,60,4.03357314148681,4.063205417607223,2.8472056364939102,3.9003296053187597
AHCWSSZCQBMGVHJZN4J3K2NBCBBQ,35,127,133,6.645653069633295,8.110499770747364,6.072433916924135,7.62463837828488
AGJRXFVZAQM4Z5DYKNOKK5WF6F7Q,40,289,277,8.478428585930361,6.982345982345984,5.901686024743431,6.88029988035003
AFTOUY6XYFZNTJGA73BV37T4NMRA,27,76,63,7.348600508905854,9.208816705336426,5.776454072416833,8.083637178162995
AH5HSMUMRJRDWBPFDQ6G3EAAOSFQ,19,77,70,4.969823973176865,6.186868686868686,4.055289012295843,5.785196543072204
AGW7SXB5FPGXDQKSUWGAGBTIUCKQ,29,91,92,8.256231306081755,9.796296296296298,6.585852696561779,8.985138004246284
AH4OMBYMTGMZIWISGMIFF7B4BXYA,21,66,58,7.83453237410072,7.787037037037035,5.051051051051051,7.142282726289215
AFXHHAY4XDFKDA4W6DFIRX3V35WQ,20,72,77,4.415672913117548,3.477419354838709,2.611790767675225,3.3802747589399043
AF3PW2SV2WOIN7LLCUD5QOPHME4A,16,56,54,4.6390532544378695,6.422907488986783,4.377722932513352,5.9510204081632665
AEL4PBKFH7QOW74BY4ZYRZKKRAJA,44,264,268,7.252445369406867,6.835173201370384,5.713377594285721,6.77265928608575
AGVYGK2OBBRQKKBBSU3ST4X235BQ,17,54,65,5.460674157303371,5.959097320169253,4.235193191069741,5.423620025673941
AHMFFGPZCVEFM4KLP6VQHMMCQE5Q,26,84,64,6.87719298245614,5.970845481049563,4.1116273092369475,5.649665920886413
AHM7F4GRRASR5R4HCACGTBSWQWMA,37,204,186,11.78923512747875,9.305002689618075,7.5156509519630275,8.98131083239542
AGB4ADBYUVM7I3J2OQK4Z6NXR6FQ,15,52,63,6.438095238095238,10.41732283464567,6.693086003372684,9.187549230266367
AF7V5BRBYBFIXFMZQOKSXR54MJDQ,23,68,87,7.247648902821315,5.6867017280240395,3.869845186228923,5.391050254996049
AEI6B2JWUTT6THQ5DZLER7AL37RQ,26,82,65,6.237476808905382,5.876216968011127,4.028993017360733,5.430600231627189
AFI4CT4JFHOK3NBZOGCHC3CP7J7Q,20,55,63,7.2541966426858515,7.797642436149312,4.9756263856292176,7.024778761061947
AHJ2EQIOGKETX22VMNQA5OFEXGFQ,20,56,60,5.82899628252788,6.293706293706294,4.244783573806881,5.863192182410423
AGFCGZLKAE6D7XDIRA57POPSG4BA,24,63,57,7.502835538752362,7.982800982800983,4.594181154100944,7.093920281460505
AEYW6QANLCJWTS4I4OQGA6WUWC7Q,21,57,58,9.756756756756758,8.452261306532662,5.44248773358388,7.42608475303107
AFWAIE5XLG5HPKZFCCHPSZNVFSGQ,26,79,97,7.583232077764277,7.705978705978708,5.844141742599659,7.2321291314373575
AEK5RL4BLD5V4UMVB5C5EZWFWXIA,21,62,47,5.460227272727273,7.195439739413683,4.46083763486569,6.329512893982807
AHTRYL3DQY5AJG2EO2Y6EPQMNQ7A,19,61,46,5.595488721804511,7.837037037037037,4.989394543360794,6.9377794977640175
AGQOWYU223QXK2YEHGRQ73OHNETQ,17,41,62,8.120772946859903,6.025078369905956,4.258384085825772,5.571014492753623
AGIGXAVHVBQFXBXMOBNJ6HFY36MA,58,578,616,9.721918286578978,9.733634311512414,8.669218388996228,9.616462663618128
AHV6V753M3GUN346PBRISQW3MMDA,27,89,89,7.07864164432529,7.300460829493088,5.597879858657245,6.954345917471466
AHGCYIJQ6PPNWPUDGTFCTNOVRB3Q,25,119,153,5.987737843551798,7.070069465418303,5.4806614006334025,6.814847161572052
AEZVSVUS64KDDACIP3FNFBBE22AQ,22,56,55,5.42560553633218,14.336492890995258,8.187016896554194,12.148594377510042
AGJ55KRH6CMRAY6CKMUZPV5RF4GA,10,46,54,2.3775280898876403,2.580530973451328,1.9157744161743249,2.4483644464497205
AGOIB5PDEMTQG4DL45T53A62R6FA,34,119,110,7.17012658227848,8.89705882352941,6.392335322050407,8.61823361823362
AFF62QYMZF44W6JUGSSSAFG2EJQQ,26,72,81,8.526315789473685,7.895306859205779,5.489917890961715,7.093006132388055
AEXWRXHUHQ3SC2PLX2TETAGTVG3A,37,123,109,6.1877300613496935,7.4024922118380045,5.802576599706414,7.157231513003161
AF4WQGVF7WVIVMLLTIX4A6EMMBRQ,35,120,133,7.868852459016394,6.039262546944351,4.598739309534797,5.90617696160267
AHCR53CDYDQAS6C5TZXQWB4PWTCQ,93,1320,1302,6.44955914686961,6.468960359012714,6.0270164251661775,6.447482134986924
AHG3EKUDYEFZHWGKOO5KDZKNKGUQ,20,58,51,6.299625468164793,5.666666666666668,3.731173453365434,5.090019569471624
AG5C7Q2ZIBXFX7I2DCT5YEWCDJCQ,26,51,53,8.938144329896907,6.228381374722839,4.185048738753657,5.852108733110821
AEFYJKT2PY4EDAXNW3EYO2PEJZ7Q,20,64,60,6.69281045751634,8.333333333333332,5.60747663551402,7.287449392712552
AFK4TBPNSHT4GD6JTTKWZVQGY6GQ,18,55,51,6.288981288981289,7.1260273972602715,4.667170613952568,6.4701892910403895
AECTRGMRKOGAYIV3YXX73CQEQCSQ,33,144,142,8.388349514563107,4.976307996051332,3.8892676103374133,4.821634095829049
AEW3GXS55W7AHA6G6KV3RTIFV5GA,30,208,197,7.167660702451956,6.377814297452752,5.146493841587454,6.261537446315188
AEZFFXESKDJ7V2HSHIUWIJICOUEA,19,54,61,5.926829268292683,8.250554323725055,5.28714054805849,7.517171717171717
AGV4DZSNB45EYJUBILFMDI7O6DZA,22,63,85,7.953907815631262,8.821733821733822,6.199601915780308,7.9308452250274435
AGRCPWKLYGJTMJSPEI7YA4FEVEEA,24,73,64,6.720050441361918,6.585209003215434,4.310225941422594,6.122584681383502
AH226IDGXDCUTFVYPYVDC3ZQRBAA,32,105,97,7.7805222300635135,7.345042935206869,5.426216174135907,7.047955893236586
AGC2RO2UFFY4Y6E477P34M3ILAOQ,25,58,66,10.011904761904761,7.778571428571428,5.0399281609195405,7.117647058823528
AFBOBB3SZOCXMTKKE23BWHDCJCGQ,23,69,42,5.58147713950762,6.485294117647059,4.452318181818182,5.919463087248323
AGBYWW4V2ZDUCJGRQNQWLSCPPOVQ,50,187,175,7.435466723368063,4.985349177926093,4.0326319737542615,4.933207223271971
AF6R73E4HU27CLJXSTF6BBCEENRA,16,52,50,4.134556574923548,6.944444444444444,4.612546125461255,6.313131313131311
AGLULUPQPXUOGFGKTELWMIQK7JYA,22,65,52,6.983471074380164,6.008888888888891,3.751973963063881,5.451701543014163
AGE3URJ2ZFIGHT3FPTKYWVPSE4ZQ,26,73,68,6.737041719342606,5.794486215538848,3.8978383150174856,5.370506663788917
AF6VZKYEJNO5IW6KCGKGZBMDKORA,39,228,225,6.162162162162162,4.264594389689159,3.625965359392989,4.20508394290353
AE3LFNXIKCQ2EU7IKXHEEZB4VHYQ,46,290,279,6.87540876389797,6.861260467166153,5.929314787679707,6.740651825449495
AFPFSWOQKMB23WJPUFIMHEH46BCA,25,69,73,6.991189427312775,5.1990243902439035,3.803440521814426,4.848953594176525
AFJWJOZBX465TCG3ZWJRPR6QWBPA,27,59,66,8.190588235294117,8.376923076923076,5.636758633386813,7.642105263157894
AHEOTIG232B7ZIEZXKPDWZYMUAKA,25,61,61,7.310412573673871,6.426597582037996,4.338400850964637,5.963156340288925
AHOXXKOAGK2TNWKIIN5PTVHYI7JQ,27,74,68,7.0932642487046635,6.116402116402116,4.27007091245169,5.935903182429403
AH2YFS7V23YAFP7L2JSBZRLIVUAA,20,61,65,7.900212314225054,5.959097320169252,3.981717756815443,5.479933113181044
AFG7DY6UWCTJR7B3UATMI2DTUEVA,18,74,84,6.0979955456570165,5.774140752864159,4.355555555555556,5.586701839555458
AHAR2ITQ3O2FJJDLIORAQ226KZHQ,23,77,74,7.346964064436183,5.347656250000001,4.01436885742133,5.056329334088165
AG5XM7RKRNHXZU7NZAVS72AWEKQA,25,82,107,7.356673960612692,7.84715558601782,5.872497173592074,7.678739101274312
AHPWDADCHSGEY2FHGGRJX3CQIM4Q,29,92,84,6.2789317507418385,5.305263157894738,3.9189171270718233,4.934275386132105
AFUQ6SZA7L7A5VBZHUMRYR7CZVJA,22,70,76,5.9610705596107065,6.700696055684454,4.436251920122888,6.298807926858274
AH5O2IEF6BRK5ZYKXPLZBZ2RD62Q,25,67,86,5.072316384180791,5.993517017828203,4.3712720183329346,5.702393520896345
AGVDYHJ3Y6WRQZHIOUAZLPVU4GFQ,22,55,65,7.117647058823532,5.395913154533842,3.8990627253064165,5.0
AEJ4NPKOL2ATUHAR5YR6E64JN5GQ,25,64,58,7.557195571955719,7.008333333333332,4.738028169014084,6.494208494208494
AHOHXQZCEU3KDM3TPKZRNCJ3ITVA_2_2,52,391,399,6.415215475640971,7.221637559537309,6.208387888116582,7.230821697491925
AGRLVQDTJKVF4WP3BUF7VPGKK7QQ,32,161,149,5.784646284311538,6.097500686624554,4.760893973092176,5.952021419009371
AGYIFIF36UAWEBK4TO7X4MGJNAPA,22,76,70,5.918032786885246,6.380208333333334,4.5679492729721565,5.961070559610706
AHO7CJSLW22GMWPFB35V3L4OFUYQ,21,87,88,4.584494245911567,3.8336633663366344,2.9218243820719225,3.682379351076203
AFBDU55MQTAQLS4EL3O34AIJC65Q,18,50,60,4.940711462450593,4.9586776859504145,3.7090725848783257,4.681412337662339
AF5A5PMCP3EPIOVGZSAJWNICC6UQ,31,95,85,9.63180362860192,5.605120248254461,4.098128190584231,5.383758578049634
AGK3JFLW2HEGNIVEJAYK3NOKLMPA,25,65,62,10.131894484412468,6.2402597402597415,4.384676517366989,5.824242424242424
AG4BOVVYVCOM6NORNOYUNJGNESGQ,26,79,78,10.214402618657939,6.195519348268839,4.406169179020805,5.861293436293437
AEVXQOJ4SDXQ4EFRY5GCSXXFIWXA,34,102,90,7.175172413793104,5.364238410596026,4.144708395128778,5.142859216068215
AETXNLY53XQIV7O5BADK6TKM3BRQ,25,72,74,6.352941176470588,5.680497925311204,3.861234003638175,5.384469316089909
AFGI4A27USRD2DNCLS4VIJP7GHXQ,18,56,50,6.077519379844962,6.983240223463686,4.680774498295041,6.3939037153322875
AEBP2Q4O2JGI5KXYM25VW4I6MUCA,29,75,69,9.748700173310224,12.97275204359673,8.166380789022298,11.228836045056319
AEC6IZVI2NGFBCIYVD4X5MDGB6DQ_1,23,91,76,5.970439798125451,6.224137931034483,4.2826642614064685,5.899904010684029
AGQ3ORY46EQE7VBJEDD3SKUL536Q,26,62,48,7.65737051792829,4.000000000000001,2.7490760313672,3.8082748672218214
AH2IJABKXWIZIO2FYJXNFEXNRR6A,29,138,117,7.491738788355627,7.69477234401349,5.817432522785657,7.3008000000000015
AFEAZ3JN6U6RGEXBS5RLG3GQKPOQ,32,168,149,5.674306393244873,6.914045468701338,5.601680566960359,6.654990968985085
AHOGSYNNITBCMLPBNOTWYUBDJGPQ,11,61,48,3.880083420229406,2.2994011976047903,1.7323308270676692,2.2544031311154598
AFTX63FUTUVRYZE3HYJFEELNMFSA,29,75,60,11.456211812627293,6.04026845637584,3.9551783009113426,5.678233438485805
AGH7TSBL5MHSFRRFXBEIQI6POBZQ,24,76,63,5.289377289377288,6.5820895522388065,4.685398475600853,6.06882152835416
AFYYHK3HLOWUENSICGSRAAEW7P4A,24,65,51,6.570762052877137,4.539267015706807,3.0993836926692087,4.263945885369217
AEDPBWYXW4NPHUASAVGCKNHRUJOQ,25,87,81,5.349116607773851,9.049655172413797,6.122098129574412,8.263237288538864
AF547SASL33DEMYH3JXTB4VJ5EDQ,31,144,139,7.860500379075056,6.529570800946265,5.00531842661229,6.3140691455987685
AHMOYBDULQMZKOUODA3BNH7DWKDQ,42,136,141,9.229540918163673,7.805653710247349,6.296241953522468,7.55645988346098
AH3KXYPNP5BP2AFQZXLETNUMFJ7Q,26,82,115,6.875255623721881,7.756598240469207,5.675745902778552,7.523164514568526
AE4OOUOFUEJB2QEIMULD6BLVBNQQ,13,45,61,4.373650107991361,5.804992199687988,3.8927310686977723,5.416302765647744
AEQ3ACV6ULD4IUUBEBYAQHMGYBNA,17,47,53,5.173302107728337,5.310018903591683,3.8202214327026356,4.971681415929204
AG456PPH6KGFGQZYGO2ZDWYGKGAA,18,56,68,5.961977186311787,7.113846153846154,4.826722338204593,6.64367816091954
AHKLYD5GR4BP4K65HR6EGXRNP47A,23,58,66,6.094202898550725,4.938775510204081,3.7100763133191945,4.80794701986755
AHMCRLIDH3MX77AHVUEZQOKZ55CQ,14,52,63,3.2267303102625293,6.648241206030152,4.784842803555845,6.250393700787402
AGYP5AA7QDNPIPTIVZ3246V2KALA,18,56,52,5.681159420289856,8.193939393939393,4.845012800819253,7.210717942883151
AFAWOUAVEQOGIRBDOP5EPV7WAKFA,26,88,119,5.984544049459043,5.5208576998050685,4.378662050294509,5.409091698287245
AG63W2BMC4HRP76AMS36AYY64AHA,44,330,307,5.771065182829888,5.42190646033481,4.707390117759066,5.34261096309733
AGTM6TECFNENFVXRGNVCFUYVL22A,27,59,48,8.768261964735517,7.731543624161075,4.605267984189723,6.857142857142858
AGFHRN7K2FW2A4M67ZBV5VCTBL6A,24,67,69,7.673504273504274,7.31336405529954,4.882079358843402,6.649454311378996
AHHJ5NOCY5EROHZASRCKXZBGLUKQ,18,63,68,5.828193832599119,4.471953578336557,3.0691400595416933,4.226691042047532
AEKJQLMPWARYDWN4BQXBCPML2VWQ,28,108,93,7.9672131147541,6.191123836793129,4.728555295337363,5.832139529744602
AH73UQ5CDREGOYN6FTMXVGJUW5KA,18,50,63,4.664179104477612,4.764705882352942,3.4660733335110017,4.5360000000000005
AHUOOO3WCQNZA4MQPWHAOEUEQ4YQ,50,335,372,8.169542112542768,5.44390243902439,4.7151685504599685,5.3793586087117635
AGSPAJOHXDUYYHNJMRB2CTU7LBAQ,31,160,172,5.075337034099921,5.775868801249511,4.742014692521861,5.642571252376582
AFVVHXC46GES3HXVII6FWLQ6X7TA,50,268,252,7.17665867306155,6.24670470194767,5.258043350864427,6.151707072228229
AHLASMY7HPI5ACTI3XRP2DDHUOTA,32,110,105,7.515527950310559,8.784860557768924,6.019664502142027,8.352392567616043
AH6EUO4QSQBUFNDUGEQEOYO3DBEA,18,49,53,5.25382932166302,14.115577889447238,8.230414867274588,11.147000929089963
AH5BEMAKZE5RJ3JSHUYOJ7S2WKBA,20,48,73,7.89041095890411,6.0902857142857165,4.526084266299575,5.639153439153439
AGTG65FJY3OIZZZ5PU5F37M7I2PA,15,65,76,4.850746268656716,6.892601431980907,4.8779670479923425,6.53393665158371
AGWBUG2EAT2MCTDE7UPQAT6RRNMA,21,50,64,8.680555555555557,6.564102564102564,4.828491891653042,6.224924012158055
AFSVLFSMZWWJ6VDDMHKNS4IDWJHA,30,80,66,7.048458149779737,7.211920529801325,4.498155737704919,6.520958083832334
AHKB2DDGDMX3ISA753Q2BBM574KQ,34,100,86,8.103727714748784,7.752620545073376,5.31896300102775,7.501014198782961
AFPRW7AHA7P7METQRELKLUIL3O6A,22,70,100,5.456570155902004,8.012820512820511,5.811606448324884,7.558583305529021
AEOBEJMII4N2INI7GGALQWH5FTDA,21,59,58,6.865877712031558,5.6066666666666665,3.8930689205371647,5.2727272727272725
AEVEXKKEIOEM5OH3XGSVMUR3VGBQ,29,125,151,6.8201658664338725,6.73589364844904,5.287563976919107,6.367223805897668
AGNGAILNEEBETPBT3Z4RSSJML7VQ,27,54,47,8.73053892215569,8.091575091575093,4.626272605564379,7.035103199959428
AHTZ3PYRZPGOTXL7T6I4ZUYY7APA,21,58,67,8.20487804878049,5.74775928297055,3.8862441678172024,5.344055192821985
AFO2SXNWPO3ZX5SFC226HLM65YRQ,21,64,75,5.580381471389646,9.2668863261944,6.607556899906349,8.471404756234477
AEUYAGVPGKPKZU5SG3A66V5VLMRQ,25,85,87,6.758652946679139,5.678169542385596,4.181340433674508,5.238062283737024
AG2TTN372SIFA43IEXZRPCN7B5HQ,22,60,62,5.825242718446604,5.429378531073446,3.841346351084813,5.038016517568812
AHNHPHEADEG6JOWSHQIC7P6QGYQQ,14,53,62,5.54043392504931,10.278074866310163,6.96002415458937,9.330316955343466
AHJATMQAWS7LNWFU7UPKS3DRSX4Q,25,64,66,6.224924012158055,7.071428571428573,4.797356828193833,6.570270270270269
AEXABEL7SJQJOJLVQN6TTURYUYVQ,29,75,66,6.041890440386681,6.980769230769231,4.66232311267028,6.387096774193548
AFGHGOPDUDFGC2Y6VQ7IFPONKYYQ,28,81,85,7.3471444568869,6.4682184422560445,4.646003837043371,6.1910882604970014
AGHUPJ6MXDNOQUXKVRGDA3LFQM7A,55,486,450,6.653783311735872,5.821307422526304,5.068772621181881,5.819467200254059
AHQBZUEAUUPWR3ULUNAMLB2JDKRA,23,100,95,7.1225071225071215,4.523809523809524,3.4455779195985374,4.4502069770410495
AG3HTYXKJA3O5SEBHW4BZZ2NQDNQ,21,122,111,4.398345153664302,5.051660516605166,4.040771448960357,4.887349367163894
AGVQEU3XINYKGW2P3KVB5D6SZJWQ,20,66,84,6.620060790273557,5.626794258373207,3.898431214802897,5.353566009104704
AFXRJRPJH2ASWIVLPOTZS3CCX6DQ,21,61,49,6.170812603648423,5.899262899262899,3.8281323536474092,5.230936819172113
AGFPFCL7E6DQS2BSLZK7Z6KP3LGA,22,48,55,8.112676056338028,5.510018214936249,3.852041679080742,5.016583747927031
AF2B32XMOHK76UH3LEXDY7TH66IQ,23,96,98,7.667221297836939,6.850213980028532,4.9,6.419797570343681
AEHGPXYD47LUNHVXIN3QKXAIRVMQ,14,76,70,5.013888888888889,5.157894736842103,3.555107301358256,4.895109780439121
AGH4GUP66FUWHCHHVG4QP3RW3B5Q,21,67,66,8.359404096834265,12.167597765363128,8.092189208397114,10.782178217821784
AGQWB5SVFC2T66LVVZW3LKCHGO2A,31,89,89,7.8503468780971275,5.996214988644965,4.392263155493038,5.593929343584091
AEW5WKS7J5FAU5HYG6N7VXLTGWXQ,12,45,60,6.553398058252427,4.245283018867924,3.0027842456726117,4.0358744394618835
AHMMSGQM5DXTYMKO22PU3ZMUPE7A,22,62,47,7.6269841269841265,8.595330739299612,5.052627427782707,7.437710437710439
AEHS46H4OJSGKSTCUR574WZST3WA,18,58,55,7.1271186440677985,9.789644012944985,6.449893390191898,8.6676217765043
AGBCUH6OF5SMVV6ED5G66Q4QWI4Q,16,52,59,4.863309352517986,6.482309124767226,4.478904219749291,6.064478336747856
AG3KFKJCPSYRVYN5PN5NEQJS4V3A,31,84,79,7.945945945945944,4.972908366533864,3.688985867840945,4.778716431123893
AE6SPZALZWZRHJVUFJD2YZWQ6LXA,27,110,106,8.153638814016174,8.564024390243903,6.065325493616797,8.106782106782108
AHATA6X6MYTC3VNBFJ3WIYVK257A,43,204,213,7.082368958475154,9.079247548529116,7.1538525230839936,8.909858945360549
AHY63DRHTWWJHOFMQKG2PEUYZ2LQ,19,47,54,7.012698412698412,6.4799999999999995,4.471708785951483,5.96321512211442
AHHMAAVNPDO67K5ASIXFCKLKUQSQ,23,53,54,7.653950953678473,5.808764940239043,4.0488812154696125,5.226075002890657
AFF6DS6NOWRIF2AROFASUVVOPYLA,30,195,201,5.206764343420512,5.9299867899603695,5.066229676010825,5.85607840020341
AGCW2JGKPSQNHBVZ4EOLOKHUOV3A,22,59,48,6.707129094412331,6.658959537572252,4.31380177762871,5.745671641791045
AEIID43Y5VNCZCTG5VPY64SUTMUA,20,57,62,6.40828402366864,5.475783475783474,3.6873061456835714,5.2729866024386585
AFW6IVJM7XDAUKLUAPUATO5REKPA,31,79,89,8.13689700130378,9.963522012578617,7.217340303150829,9.242908474973213
AHF2R43HMV6S2J42LN6NLQTRBLJA,38,184,172,7.003723624327678,7.362867098058737,5.935227231387525,7.035443954303812
AGUZXENJYN23GI4PEDZDI3QZEMSA,21,55,52,7.151300236406619,8.836601307189543,5.8275862068965525,7.792571922131419
AH4EDJHZW7YAGYZDZFZ5REDHE3XA,46,235,263,7.344726692379305,6.8982746584222605,5.678860168856561,6.762061743012395
AHQ6BQIVU3QKS364JCPPPYSNU22A,21,55,51,6.859410430839002,4.020092735703247,2.8740331491712703,3.847641555883801
AF2BLE54TEMGZ546U763ZHZRXC4A,47,247,300,7.282917512235886,7.670018748934719,6.332413283883759,7.480053398164883
AE2D3KGDRDJH7G4HXN3GTND5IPLQ,30,113,138,5.796187017703132,5.301781737193765,4.029889016190567,5.16098925504463
AG2YJWMXWKLFZGVDPSXO4LHCA3PA,46,284,294,7.156699201419699,6.977397481433644,5.943410571063416,6.846431347902154
AH2OZFAVVLVSJS5CU7K7CURJSYOA,15,51,54,4.879924953095686,8.427745664739884,5.41907063197026,7.496193497224425
AFBLQXZ33YGRLYPOHARWDQAWSTSA,27,66,57,6.1525423728813555,5.918032786885247,3.918238755091905,5.397024859065738
AH5BPN6MZXBEZCOH2UGKU2ZNDLDA,17,61,49,5.189679218967922,5.75779376498801,3.5133384044597653,5.300220750551876
AE4TTQEAURIY2SPMNXY5DQV4GLBQ,20,46,54,8.076335877862595,7.838709677419357,5.380073800738008,7.182266009852217
AH6TANNCBRUNECUZORQGW2GZLQ4Q,36,172,157,6.222970130416492,7.256108330880191,5.437817217824687,7.050629867497298
AGN5KJZU3FYSKVWXWM66LXYWL5CQ,53,554,607,7.061709079195619,7.351190119909819,6.521068031339301,7.348258204965773
AGSGNSTI2FQVP2FA472PPANKG4DQ,20,53,48,6.200883002207506,6.4,4.15159939118731,5.774472361809044
AFC4QRDNQDNCTDE7DA53APS6IUAA,26,64,62,6.826666666666667,5.3988764044943816,3.76716105897612,5.111738284703802
AFIOSFDSBQUVK4OMOFVNFVKMOC7A,24,58,50,9.091891891891889,8.223684210526313,5.245643339302934,7.396449704142013
AF7KGUAKKGFQFTGJUCYUC5IKM3XA,15,66,56,5.124705882352941,8.000000000000002,4.944821652838622,7.276141257536606
AFCFX34G3LQLDXEEBCPWSX5RRYYA,16,53,58,3.7908232118758445,5.478827361563518,3.8598078344419804,5.066311024014951
AGSRIOVFCVZYN6LG2C7I374OWKEQ,28,101,120,4.993147332354382,6.672845227062094,5.145616832536061,6.428591927907931
AHEMJ62SUJPUYNWGROPI6MUAYQ5A,28,102,97,7.506493506493504,8.901608325449386,6.5558831263483865,8.415928021166106
AFFHIWPXXKSMZKQYTTMPTHMJ6DUA,19,57,63,5.770870337477798,4.208907741251325,2.9651168927523806,3.9809428284854564
AGPGXSO3TUT5DZEMWXKMOJRGT3UQ,33,133,147,8.193144974525245,7.889375684556406,6.178415545232101,7.742390217206697
AFFAHDCNLJ7E3HVOXDMB4HUMM7HA,36,166,166,6.824170381376921,6.7046228710462294,5.126322757136773,6.368384902190514
AF5G4UJW7YODZLKQ3UBOCGXEEDJA,26,94,85,4.755651237890204,5.1644031451036465,3.909861074621405,4.88175898546338
AGM4CTJZTX4ODUQDZKC5NP6D7U3A,34,135,140,6.256436663233778,8.17347789824854,6.18238126643835,7.858861267040898
AGK5FELCLLLNYLINWVAPXS4P2MHQ,14,51,51,5.170974155069584,9.19081272084806,5.382881630466668,8.103118297310674
AF46LCXEZRBDTD6CBAZNXSYV7JKA,20,80,70,5.807622504537204,7.802547770700638,5.079862764437793,7.0911870654268245
AHMSYVI5H2GXDIKMFYR4Q2KRZUDQ,43,225,225,7.646125962845489,8.489854100285092,6.847416117645213,8.098705036368909
AHRKLNYIXJER22NUIN2R37FP2Z7Q,29,80,75,8.290155440414509,4.652605459057073,3.4144750961649573,4.377442510723882
AFOQ7PCDGLQB45W67ZVPGBUBD7ZA,18,46,58,6.571428571428569,3.805429864253394,2.7664473684210527,3.6967032967032964
AHI6NGJKRK3ZZPQ6IIDLMT2MFT5A,24,107,90,5.802838317283324,7.019064124783362,4.968111642958268,6.677663235845825
AHNN7FW7ZAZASAEMMS6RJ4NAGVFA,20,58,44,6.050359712230216,5.727810650887575,3.693954082373089,5.1489361702127665
AEWA73ZOFSME3SMC6WKEDTKMDGHQ,24,61,55,9.3727959697733,4.661016949152543,3.0808101679661317,4.309125553212947
AETKA752YU5A2RYBJ4GIAKSCGOZQ,24,51,65,8.153605015673982,5.7956104252400555,3.936463468038042,5.348178390651363
AG7I652IF32AVKKXGITD3RCCT4FA,21,48,60,7.944827586206896,9.137055837563452,5.824303163169433,8.0
AGOA64RRMXMGKXQHXBPDPA44K6PQ,20,76,74,5.764471057884232,7.691011235955057,5.315989689169864,7.111736291018998
AHMTSDM7S76CXUULLBES6YYVYTDQ,35,170,167,6.8032015065913365,7.112726345320074,5.493096493174244,6.956599386625636
AFQDKSGTHRRSVFHQXGLW54EECG3Q,17,70,59,6.330749354005169,7.857787810383746,5.233021567371343,7.118609406952964
AFL7UIJ6DCL3LV2K6H2FTBVGDLDQ,27,112,138,6.722400857449088,7.369969040247677,5.79304773529441,7.069046212318288
AG5LC5HSFYGJSK3AQGHEFHKX6ZWQ,85,1343,1396,6.098332775450449,6.268829171947476,5.835894364429475,6.241904257409599
AHHHJ7RIH3UDF4S3N4XUGV65ANSA,18,70,83,4.8902195608782435,7.022426095820591,5.0288749807115325,6.462482234864986
AGKSE7R54LFVQ4E3VXSTOX2H7B2A,46,277,252,6.806440166770158,6.0514579759862785,4.943934545043815,5.87347411884447
AHFKVOFR4GL5OD5WQOWZ7WKZLJ5Q,17,48,65,4.987012987012987,6.391830559757942,4.479907645867349,5.8437067773167355
AF3PEYDVYBSOSCDYP6LIPFZLLX2Q,29,68,65,9.10236220472441,6.372549019607843,4.254355867960143,5.975954738330976
AH4WEBZJR7MVVWIQFUYNPKKGRCWA,26,94,105,8.73122529644269,7.277227722772279,5.4522829671706985,6.852092625489739
AG5FGCIM6PBJX3JNDRKQMITZTIMA,38,170,157,6.607224508459077,6.078668310727496,4.8858275520317145,5.956742735505598
AE75XLGPCAOWCQB4QUAFJW3KZC7A,24,69,61,7.52132701421801,5.99194847020934,4.279980265393715,5.472070657592253
AGOUDHOTOEHTBZKBSZJOBRSFBD3A,19,77,76,5.684563758389262,5.157142857142857,3.7783887111998427,4.845637583892618
AFDR6DYNOICACU76IFDVH5KPNJQA,41,161,162,6.848348745046236,5.113795791114575,4.080608193533813,4.987475253303315
AGIEN4NCW26MHD2EP3FPCESQPR5A,25,72,83,7.0626702997275235,6.694849368318758,4.704706374887705,6.331806819554583
AFSF7Z5BISXKOBEXL56VUKOIFOIA,23,99,99,4.465148063781321,5.0861442656979765,3.9588862997187637,4.866464949332757
AHJCSM7OYYT5AC3YPOKL3VNKNMNA,20,69,72,7.450704225352111,8.64,6.122671944581891,8.12539184952978
AGSW2VSRS3CCXUDHTZRK4OKV4LCQ,20,62,55,5.222826086956522,5.3921568627450975,3.537187944638469,4.918751206305307
AF4XJ2HKW3BUYIALQQL57SEVM2UQ,23,58,53,5.322784810126581,5.562376237623763,3.6897520417621084,5.300018867991699
AGYNBKMGX6FOEQ7BVPCGZTEGAOFA,24,102,130,5.254545454545453,8.3498023715415,6.32935112920227,7.897203159405327
AGTI6WMI5QBD7246VKXGNA2B7WBA,23,61,60,6.929236499068901,6.9230769230769225,4.519254689288024,6.360424028268552
AFBLBHZPHEI3LN5WKJGOUACDPJXQ,21,58,70,8.326732673267326,9.00735294117647,6.063607749663855,8.207728221588741
AEY5BQPRKCUUNW4KWKSNAWVOAIIQ,26,61,72,10.976401179941005,7.1208791208791204,4.9133779618095,6.697719138934886
AGIDY3FWTUROJLSBWP45RKRQGQDA,16,57,61,4.743065693430657,9.27930174563591,5.913870156747213,7.985015311643756
AGMNDXKFAM4SI46VYU6WDS2EUD5Q,19,50,65,5.458515283842795,7.222222222222221,4.893464312274087,6.601578617135297
AEJ7QQUJCU72CVRVJOF3H4TWDKCQ,25,55,48,8.768115942028986,4.347169811320754,2.8280739237260977,4.04932170303195
AHN53SUJ33S2PFQA2NFOAB2J46OA,21,73,69,5.188899707887051,5.929016189290161,4.157354829147046,5.688172043010752
AE4CRFV46QHI3DKTUAILVQTPLEIQ,18,57,45,4.9754977029096485,4.124236252545825,2.9212394492164933,3.962878709543998
AFRHCRFFRBM3RVBVDMFDB7SVPTHQ,76,763,761,6.869493905388982,6.7109450141954925,6.021893838670403,6.660161250624122
AFP4VV7FHGMDUUZRR6UXBRKLQQRA,21,51,71,5.792873051224945,4.197335553705246,3.131078597560302,4.0135375760284235
AGNN4VNS5K4D4YL5UD4X3POSDMOA,23,54,51,8.627218934911243,4.2569558101473,2.854791564221159,4.12202852614897
AHOVOKCNGKMCAEBVWTWOGCPY2XLQ,21,85,113,4.762689518787079,5.0410580339518365,3.9609000130462193,5.005491120608728
AFOUH4HQ3WKELXFSOZL2X7VIKZEA,46,286,262,7.487733430977664,6.834328952608522,5.6203924026501,6.726509779303593
AFRDKTRM3R5K6PM7HXYADVJSU6SQ,26,72,79,7.950920245398772,7.2150289017341045,4.971725279690121,6.768988439952334
AHWONVIIJ6KH2AO2G4RCTXKP3TFQ,28,121,122,7.062711046792087,5.164469118667592,3.9451877178800734,4.944859230885717
AGPG7HGPSPPUFHBJ5FY4BTX3NGAA,19,55,45,5.761904761904764,6.4696485623003195,4.2258068699023585,5.81901356696366
AHX2B4DEER2QR3IU3CCNB3CWC6TA,37,195,243,7.733374008541794,6.548630364866363,5.349917283488085,6.285152815734538
AHRQMW37TRCLFNW5QLQ4FZHPBZJQ,41,264,225,7.025806451612901,6.1415746694164755,5.094396508286534,6.044058662611247
AHDJTOPSX7M6KTZ2HQNCDDVAD43A,23,74,61,5.576374745417515,5.878357030015798,4.269198133385689,5.464023494860498
AF4MOVQNF3RJNHPA5KU3OWOOZIFA,22,65,69,9.086021505376342,6.407806191117092,4.3082080712209825,5.973651191969887
AHIQC6XUZUUFYILUUUWSG6WYVYGA,28,66,55,9.723214285714288,7.3600973236009715,4.689197608521141,6.59041394335512
AGUSITPDSZNUNRZWBJZNIX3CK77Q,25,70,53,6.430446194225722,5.412331406551061,3.780111646056708,5.043087971274686
AFNS5D7Q66EQPPLNEZHXBOUREOTQ,26,68,51,6.49438202247191,8.003076923076922,4.506247222114505,7.0871934604904645
AEKNPKUKD3NK3ANSAE2HPT2LIW3Q,19,55,53,5.718336483931947,4.971681415929203,3.4044367740280683,4.705192629815746
AEF3D6PGXOSS2P6KUDKVWHVUDSAA,18,53,54,5.864300626304803,3.888,2.776615885063703,3.6911628980156896
AE4SBEJSCJAWM7CRKJDBQF3O7RGA,40,230,219,7.15832205683356,8.46918594384602,6.838784741314023,8.178888368820374
AEX6F3NHCLMPXTPAS2CVOUQMOEUA,34,152,168,5.438794726930319,5.182519280205656,4.036106843082139,5.022957980765941
AHTUMCM7WLMQFR4ZZQY6V3DOYTGQ,18,68,78,4.533333333333333,7.174528301886792,5.188930371961677,6.6202472293265116
AF4IFF3OA55YOWXILYETWH57F7UQ,42,259,272,7.047063767202437,6.735615440640933,5.586637583677634,6.7044884250768835
AFIMONJ5LR4L5EUEJQVO4ISN43SA,23,60,70,6.844106463878329,9.607843137254902,6.34715025906736,8.536585365853657
AEW6LYMS7YOBKV3SAOVF7RZZMBOA,27,99,110,5.049459041731066,7.026713124274099,5.314719380511278,6.7296996662958835
AH43LZPH7256CHBSEDLZL4D3XWSA,20,66,51,7.025806451612904,8.527868852459015,5.451691810769292,7.410497008855735
AFKFAIJ6F253YS4ZYM5EEA6FG66Q,18,70,73,4.570895522388059,5.849615806805708,4.058335683816993,5.556830031282588
AHSMLO2XZ7UYPFGD5PLPRZVKSUIA,19,60,55,5.0,6.0621242484969935,4.148952240480842,5.530164533820842
AEMF7JLOJ45VE3WDYLRTZO6ZPDUQ,29,99,75,8.58983347940403,6.970260223048326,4.642267311548896,6.586660085148394
AGCTK2Z2ND3YCNM4ZCOI6CSEYSIQ,26,114,83,8.214917825537295,8.687263556116015,5.9609306063198275,7.927502876869965
AHSFFVE5G65JPMAA3PYUO2RWUA6Q,19,47,66,9.731277533039648,6.331395348837209,4.651874185136896,5.800358870338586
AEGCZJGVCDX7GD3ZDWYV7UOGJHZQ,39,234,230,6.793548387096773,7.053333333333334,6.060890449675526,6.996429166159398
AGYO7XP7YGN5MVWQT2B254GWJD2Q,16,52,59,4.970588235294119,5.81135225375626,4.215873586881931,5.371926373471969
AEIMKGOOPJCFS55HP4VNWY4N3SVQ,23,87,92,7.370009737098343,6.792937399678972,4.902411478552471,6.490797546012272
AEOVVAOWROFTZAWM7DP4J3ORLSQA,17,45,55,6.596091205211728,4.455081001472754,2.7980764877772115,4.121261055581851
AHNDLHG5E446HK5F4VRF6R44XYSA,28,97,105,6.547668754349339,7.70440251572327,5.579757632727205,7.374581939799329
AFJUNF4A25PMTEFDQIHCEN2ADIXA,18,52,51,6.793969849246232,7.245125348189414,4.789176339398856,6.6863753213367625
AEP4QCX5BLOJBRHIMJCQTVIBJ4RQ,29,129,132,6.349103395650513,6.126582278481013,4.862034731178015,5.920489980196849
AG3JQ6U7SJNCLQ2ID3BXHDJS24YQ,19,68,64,6.780058651026394,7.876923076923077,5.249942438513867,7.001729861143579
AGPM5O2RFTK3SWT5WTNXPVF62WJQ,24,66,63,6.2228571428571415,7.647398843930636,5.173364312927725,6.987697715289984
AGR23GQ772XEO5XCZ3UDPGUIVYOA,19,66,76,4.204633204633204,5.68503937007874,4.008635116598079,5.348313219543813
AE4E2RFS6VC4SQX6J55BNT7NM45A,32,103,114,9.92422825070159,8.112359550561798,6.032867015522989,7.680851063829788
AHY2QS4G77WG5LI3VZ5QX4D3XMLQ,19,52,52,5.852813852813853,6.76,4.515847613652457,6.062780269058297
AEVJRHZZOSWCWC4IVTH2QPPG775A,20,83,91,4.834385964912281,7.347826086956521,5.311398015860462,6.923917883970736
AEIIRIHLIYKQGI7ZOCIJTRDF5NPQ_2_2_1,34,273,261,5.356018684872441,5.578658586520351,4.765709864132376,5.537392330525224
AFJUT5BEWATK37VVRUDVOQOWLKPQ,20,51,65,7.0871934604904645,7.752293577981649,4.963009404818547,7.209918606852167
AGLX23K3YYZ4NMO3V4CRUO7DSTQQ,38,181,173,7.735773317591499,6.059728690018223,4.800573811041654,5.778928637512441
AH7SYWBR37OYUGQZXCIBUEHGISSA,21,53,60,7.0049875311720715,5.341246290801188,3.845743808430375,4.9180695009518125
AEIXEEET2JH7UHPPX4WEFRYYX7IA,36,210,191,7.6882845188284525,6.485511111111111,5.123470127344633,6.519122674169132
AHGVHBZZ3SJIXLAZYKE3BUXRBW6Q,42,209,192,10.373070529565423,9.013202933985331,7.188849506864652,8.677966101694917
AFRPWBSVEF2BQMQTKA33SMTXJI6Q,20,66,74,4.96127562642369,7.845272206303727,5.6899603489294215,7.130208333333334
AHQXAWB3MSHU3AWTNMTW3IJRUJCA,36,122,109,8.124454148471616,6.6411403018446045,5.0430972109265335,6.40141758693795
AFPT7MUXVAM4NE4IKGKSXS6G3AOQ,22,61,47,5.859842519685039,6.755351681957185,4.1577512651369295,6.2051051406478095
AHOG65RHFEAC7IIYORF4NVA2ELRQ,20,59,52,6.530956848030019,8.24390243902439,5.342821574180699,7.638418079096045
AES7PNXX6XJGBHPCE36TL35PGQ2Q,24,45,58,8.472803347280335,7.475555555555556,4.683938919281784,6.865306122448979
AGFEBWDIGOPA2I5RFLYVRSTBXG7Q,30,120,115,6.015037593984962,6.448074110190151,4.95826640543737,6.220614456133333
AFAKTJSLYPNT723YXA7UODJDEMFQ,26,53,50,10.365313653136532,5.73394495412844,4.096364700872897,5.296610169491526
AHARWDOEUNRTMI542YMXT7AVCEHA,20,57,60,5.690017513134851,7.00389105058366,4.7980952380952395,6.371701375836404
AFKKNZ23TDLTOKKSP43L6UPZIEDQ,23,96,64,7.337579617834396,6.965986394557823,4.845288925605462,6.481077562465575
AHZRHNKVY4DBGRSOIBHU2ZMTIFYQ,24,63,56,6.453658536585367,6.7008547008547,4.318375787765576,6.137009803921568
AELHYMCYVS6T35HA3UH5UGFWTK6Q,46,286,307,7.102813476901702,7.307823524850739,6.131613443898397,7.109915769818775
AH2SMIKK7I7T5U4AVBUQBIWP5V3Q,39,292,279,5.187005718457233,6.146150809317015,5.3580356190271505,5.943880186183389
AFKCZLML2XDKU534TBIHQXDAJWZQ,18,76,65,5.7991967871485945,6.114327062228653,4.19114546087977,5.756226948827557
AE5CXHJTPWY4NF2IIH2N5HQBYBJA,25,75,56,6.578947368421053,8.858757062146893,5.659631717009064,7.840000000000002
AGKPBR7KJ5LDE42K7QB3UX3SIGFQ,21,75,61,5.053908355795149,7.4569138276553115,5.132413793103449,6.7654769106674735
AFIWIDNKGCGYVNUZFYYRIPFIWA2Q,21,71,64,6.641633728590251,7.557195571955719,5.144442211055276,6.815326688815061
AHM4OPQPH2VEAULTUPXDDXCTULIA,23,101,115,7.664162283996996,7.191408374116367,5.639658848614072,6.870159533831011
AHUQ3WRTMZBW6VD6URAQHTQQZIHA,21,48,53,6.295081967213114,5.606786427145709,3.5870270314241313,5.330247547033936
AF3GBDAA4XLVPJYDWRQ5BIG7JSTA,21,64,46,6.671009771986971,7.347222222222221,4.873349746438566,6.654088050314467
AHU6H4OZYENZIG7OGXLW6LPFPIVQ,28,62,78,9.023474178403756,5.318181818181817,3.9493749476330122,5.138513513513512
AGCYN5IKEDNDPRNNLVXPOZPLWN3A,24,87,75,6.680494263018536,7.550335570469798,5.325823893459365,7.013726615081087
AEFKVSX3H7JBJ3AMZXSSRTL5ZKUA,35,150,159,8.720930232558139,6.816122944189808,5.308797699160582,6.631974094531836
AF2LHYGBVJDHWNWA2HTDOOISZEYQ,22,60,59,6.79245283018868,4.598414795244387,3.4346482048134748,4.4457215836526185
AHM3J77TM53S5IMGFXFHC53BJ7QQ,21,66,78,5.701570680628272,6.598698481561822,4.248935945239022,6.298136645962732
AHSQ5K552SD4NH32WTSPO4O4PPUA,40,308,299,6.184093872229465,5.4924740431283405,4.547892005961094,5.482034367896185
AELCHJO64W7III5PDR7RURIJV5CA,43,185,205,8.755436172934253,7.400070434935729,5.752672901259586,7.100016894745734
AGI2TAFRZNJHLDIPMIHA5DUYJFPQ,22,80,93,6.18955512572534,6.1296952515946135,4.333613696100021,5.804721518172003
AHIHAORYK52MNKEKMVQ7HI4AVONQ,25,98,101,5.288546255506608,5.948104956268222,4.324289953370073,5.670379437380518
AESO27BUQYLOIWXWMISPD6XY2A4A,47,189,178,8.507025482257681,7.307195571955721,5.556755896363425,7.110418655997808
AFNUK4ZREIOXG2KKXC7QXB66YQUA,23,55,49,8.287671232876713,4.421731123388582,2.9460122699386506,4.139667478202967
AE26QWXI2OZ4KCJPKNB6YZTNBR5Q,32,129,134,5.764114998268099,8.461828463713477,6.22953322015421,8.124993345667395
AFS3ZTSIAQMOGYXILHK6MSBA2NEQ,21,60,67,6.020066889632107,7.32300163132137,5.285541710577976,6.770739064856711
AHTKS67ZUSMEDXXG2G2EVA3EHOWQ,23,68,60,4.718367346938775,6.185567010309278,4.221457778931654,5.696202531645571
AEIO7IC2JCLNTMWTN7NWQC2WSLVQ,26,79,62,5.904446546830653,4.829145728643216,3.5057136917411333,4.565320665083137
AFIAYD5EZYUL7P5HK4HIPGN43CTQ,20,49,57,7.526645768025078,5.592082616179003,3.6703605269680275,5.4059900166389365
AEX4IPQYEQ4WPVENZW4GMACJIZGA,31,128,148,8.023506366307542,7.896178803172314,6.216567291311755,7.814485475526448
AFKD6IIRG7SJSY2PLY4G6L7US4MA,29,99,67,6.335488041370393,7.159489633173843,4.718814710797741,6.487116141629511
AFIGVDHYZFZAYERO26QVDKU4TAWA,31,143,122,8.467494824016564,6.0602605863192185,4.784842568239153,5.771230026280813
AFJKKKULVD462O6AJXMVUIRMZQKQ,17,57,48,6.236084452975049,5.759999999999998,3.6799251134490536,5.3958141371594035
AFOOC4TGAAKXXWTRPPKD526LA7RA,22,68,57,5.531100478468899,4.7709251101321595,3.3302819733458033,4.45679012345679
AFGMVOVC3JVTQIKZCWMU7GLGODOQ,22,52,48,6.347417840375587,5.818181818181818,3.6565641952983725,5.421206484188148
AHS4NPCYFLOXMQQWY5DL7H5AKLOA,25,62,78,6.83985765124555,7.78005115089514,5.0366785654392565,6.953151938810696
AHA5MSNKUQADZA6E7UAMRHJ3LOSQ,25,94,105,6.61377245508982,8.66064414768264,6.456072459609355,8.094718020013556
AHJDX3QF4FK5G6VTSNE2SBINPO6A,20,52,56,6.259259259259261,7.91919191919192,4.624688530279369,7.000139511709017
AFC2ORBDTHTTGKUIJ5GBTDI6ULQQ,33,91,93,11.453665283540802,12.096503496503496,7.923989190728204,11.06012038794943
AEWI5XIZD3CS2CT3ERJCKC3NC2DQ,25,78,69,6.011857707509882,5.701796407185629,3.8485171693603792,5.301788311799434
AHJVUQE36DK4XLBZPID5LBPC6BHA,41,214,231,7.725371120107961,6.743460128901808,5.549370252222262,6.632815413300188
AEDXXN3WREPYHF7VOGSKGJZFA7IA,21,61,60,5.512592592592593,6.250000000000001,4.127497800678648,5.6426332288401255
AFSBX5OVGYFLTYAEINDN3NGWNZ7Q,24,67,69,10.816867469879515,6.658741258741258,4.445378151260504,6.034375627505
AFVUNKZU6OKGHABGBKQRF3KS7WTQ,26,79,92,8.422402159244264,5.53202614379085,4.1690481518617,5.323270440251572
AFYJ3754GI5AK5REM7E7IMYLG2OA,17,52,52,5.704641350210972,6.8979591836734695,4.445915032679739,6.187675422060241
AGAU5BH2622ISFNPF6E3FZGZ2G4Q,16,48,58,6.295081967213114,4.685236768802228,3.228097675410535,4.318363983916683
AE3TKU2QYWGQA3RSTHN7CKZMHE4Q,22,73,73,7.191632928475035,8.037707390648567,5.341856689990687,7.432357043235705
AFOTJXRQDUCKYFT2PPHRCVFKDN7A,22,65,54,5.70175438596491,6.024793388429752,4.2254762503141485,5.607692307692307
AES2TITGKXHZZPQ6NQQXHK5RQP3Q,21,63,62,8.761589403973511,10.333333333333336,6.649372389929605,8.93953488372093
AFSB4OKA7PVZYWLCYU4464RHAUWA,18,75,59,5.853277835587929,7.718403547671839,5.066222379965479,7.089613034623218
AFE3KSBVH635IKGQVCPZIMGL6ROA,27,75,85,5.552813425468904,5.888345558272209,4.257012669243403,5.609475431042538
AF3ZQA2HLR53CZ3LCLMZUTN64BMQ,18,46,62,6.87012987012987,9.240384615384615,6.001629807692308,8.248927038626608
AG74K4LM3CPISJHR2JAFIV7BWQKA,32,72,56,12.461538461538462,5.279461279461279,3.514910313901345,4.7443376361805365
AGYGWOTELHRTF6OJXYJLPIPVPQCA,23,80,86,5.3156146179401995,8.074235807860264,5.572719289425172,7.35921126626694
AHJC32PF2J3DSTP76N5YT5RF3T6Q,32,106,107,6.6016451233842535,9.122709163346613,6.549079764714021,8.576029962546816
AFNMR225HEQXEVOYEYDQZXMDFUQA,23,67,66,6.791225416036309,7.408163265306121,5.041084488067745,6.8706624605678215
AFNVHFWZWJWPVYNZ7MRSSP2Y6RXA,26,99,109,5.893565844858688,5.0622070728589685,4.000878630789431,4.827712312068265
AGMEEC2LLXHBMVAEVVKVQ4JPGZ2A,16,51,58,4.327787021630616,5.112462006079028,3.5170071121044377,4.691780395574298
AED44JCNUQP4Q25OI2UTBCLYVVCA,20,53,62,6.768674698795181,7.014598540145983,4.675831502610258,6.220064724919093
AED3PQGKE2MP7OA6YA7ITROMHQEQ,43,320,294,5.634422801804774,6.037720033528921,5.1076750153674855,5.910557986870898
AHBQCIOT4JDHIT5CMKFXMLKBQ2EA,24,67,66,9.217659137577005,9.810810810810812,6.329565465788412,8.712
AEFTTOKTYVK4P65S7TFLFZDMURJQ,23,115,104,6.454367984382626,5.540983606557376,4.095735669952537,5.362431297747451
AGA4ZROJLSQMSIRXATGSO7LJPIKQ,36,207,195,6.78312490106063,6.8157375873812525,5.4687837294733255,6.636130707408352
AHY5EQP2NXLDUS65OPMXMM3TMQNA,18,53,52,5.651911468812878,5.656903765690378,3.7234974904713383,5.190038314176245
AFCGZ22Q6PGK4CYOXTXDWUB4HTGA,16,67,77,3.3276501111934773,4.863822805578342,3.41670221658691,4.661166402860845
AE3TWUAOUGACXZQFGGAMV5ZGDQOQ,24,63,46,6.370786516853934,7.006622516556291,4.299942398209408,6.471008529103695
AE3KLVXGZPANXE5XLXYKHTVAZ3FQ,27,112,108,9.169590643274852,7.838709677419355,5.6055519671168526,7.472160846255118
AHHLTGESVKQVOHKAURKEZBRHMF6A,24,77,83,7.937081659973226,7.036772216547497,4.924231593995712,6.5422602089268755
AEHY474ZXCBIST6LCUFKNRSXON2Q,22,70,72,5.645161290322581,13.090909090909088,7.972945659844743,11.469026548672566
AEQXZCNKESE5KNCYCQZROO7GZRKQ,39,184,209,7.299698145752478,7.245148449162382,5.693285242367611,7.157306606435981
AFTFDX6Q66PKOISC36VFGNRLSYUA,34,166,151,7.771009588268471,7.3813531887342165,5.5259164486513725,7.076661141016963
AGHIAL5ERJJS5DLXOGU4PO4YPKDA,24,93,71,5.072727272727272,7.170697012802279,4.983710526035354,6.438058748403574
AELJQ3VP26KANKYL3PDK5BYQLAXQ,16,53,52,7.040100250626566,9.013333333333332,5.60879942388807,7.860465116279071
AGFN3252BBTYUJUUDQMAGYZNUT5A_1,34,240,191,6.227027027027027,6.936870127400646,5.80041025259901,6.774559894553531
AGNYFMS6OLLMFUWWSSR5AHC5WBUQ,22,50,62,6.72043010752688,4.805000000000001,3.5374156794199525,4.581651324014093
AHFHWIE5I6WPLXLYUQCXAFOVRV5A,23,94,92,6.302425106990015,6.133333333333333,4.520885499243708,5.927217374929384
AGXAVDHJOM2CZKJYOTOOP32KVUOQ,27,95,101,6.342234715390021,5.175545408422121,3.9266419482400265,4.993147332354381
AH5RSXUJXN5QO34BV3OF3CMG655A,23,60,73,7.929515418502204,6.174971031286212,4.519549425128861,5.875413450937156
AEQFY32CE5CX4736RGL5MSMLV5UQ,25,86,95,7.322772277227722,4.808204581779435,3.385355574218606,4.519278918377566
AGDQR7EYHX5Z7Q6OCXXTGHQZV7EA,27,78,68,6.570194384449245,6.740524781341107,4.461610378851758,6.190104801364853
AESS74O6T2TUXQ3QFIPNL5KBBZKA,17,51,49,6.2374100719424455,9.415686274509804,6.1375557641879,8.138983050847457
AHCLVNN7XIIJQ6AMCQJ2VWXBDPGQ,33,136,126,5.227812323346522,5.033608116677236,3.9373048810703666,4.900001867094142
AFOI5JOKDCYBNP6G3PIGN3FPIO2A,16,67,70,5.646540880503145,4.675572519083969,3.2424946251413864,4.507823502329108
AHFCWSKACRWBMRUSHWOM7NEZLSBA,18,58,52,6.893442622950818,6.531400966183575,4.159361963190184,5.878260869565217
AE37EGKBIZNM76LDJ2N6BGHTRZNA,26,52,57,10.991869918699189,7.982800982800985,4.6702046656046114,7.0174095584633704
AFTCZPOQMEHTBI6EASOCKG5LWCKQ,23,86,72,8.291479820627801,7.714285714285713,5.31039143526263,6.921240641711231
AE7JBM6K7UPOFSXSCXY2VAWFWD4A,23,56,64,7.159817351598175,8.126984126984127,4.970271985707233,7.340501792114695
AH5IZV3CROHO2XHVBMBBS2MSMOWQ,16,44,56,6.24516129032258,5.315254237288136,3.8332733019261744,4.985704175513092
AHI67RO3D527NGHY3BUSNSU3MMVQ,27,101,92,5.547036432843937,4.3583934088568475,3.3613979348689433,4.175630024669436
AGM2A2VZQTAS3OVZNQZ4OYO3BWHA,37,143,169,7.953714507973552,7.7380113790300715,6.190612354040579,7.420368926994025
AGLOSDW6BQHIKTVEKCI23IAZCY7A,42,187,204,6.201276822131585,8.309904153354632,6.639346567650479,8.200205003960303
AFOMW4XMP7LLRB2UZIQGTH3HHCWQ,24,56,51,8.615384615384617,5.254545454545455,3.471707828233128,4.916824196597354
AEKBPFBX43IZ5DPNC5JU7NSRZ7FA,31,103,99,7.2614647501711165,6.495029821073559,4.877098184345606,6.270633397312858
AGUCUEA7OM5LD66E3TZQAH475MMQ,37,144,186,5.067448680351906,9.970028818443804,7.763694219826292,9.607498001075964
AEP4KJDGBH6XPJKFEHPYSAPUNDBQ,35,129,128,6.606192933703851,7.543278084714549,5.511493655001943,7.2591950448837546
AEDIN436FJT2VQGGITVASPGVSDUQ,41,176,234,9.224538415723643,6.959328927300457,5.71071003388382,6.8299872355547375
AGWXZA5KLFY7A3BM55VDVKNSBBHQ,26,83,90,9.347354138398915,5.159235668789809,3.946984435797666,4.94506231737134
AHPDWNIO6GPOATZP63X3FUAQPPQA,39,153,146,7.879165264220802,7.437543614794136,5.668998241089507,7.0958721704394145
AG6XXBNJSWEZT4BFI3ZZNA52ACKA,21,59,73,6.387155963302754,8.69331158238173,6.25840815819607,7.977562788112671
AH4OIKU2GPQPLNH7F36HQCDKR3IA,22,50,53,6.443298969072165,7.0049875311720715,4.434829563798666,6.340857787810386
AHBIJ2LIUGHYB52V33SJ5B3X7PKQ,22,87,79,5.4649819494584815,5.3296327924850555,3.9325771896660364,4.933596837944663
AGIIKUUJY44Y5QBXG5SFVD5IY4JA,26,126,131,6.299999999999999,4.941261157500722,3.836575005589091,4.912968794732321
AHDKNBCGKFE7YQJCLD5CSAVGDKTA,28,115,106,5.176125244618396,4.487220447284345,3.391493916407143,4.3466313489569295
AEM6W3ILBY2U4WLIT5AOKS53I53A,27,102,82,5.095004897159648,8.824146981627294,6.235179395716097,8.16019417475728
AF5HBFQDGPBBPLTYS4UIFO6EGHEQ,22,69,52,6.870129870129872,7.906432748538011,5.216107579605679,7.0785340314136125
AGYU37WHMPZ46LARWU6EVYEVA24A,27,143,149,4.541194759049523,5.157026713124274,4.176747808771361,5.046832997565781
AGM4DDDEGGEVOSXIEZDCZ4I4WVMA,19,64,53,4.71889400921659,4.752961082910322,3.363669936113437,4.53065694759872
AF6J5S76N3E52XNARY66M2ITNNZA,16,68,71,4.337711069418387,6.405336721728082,4.446151955305545,5.96568047337278
AFYOUD6JHLIXCTM2NYWNARHGVFMQ,19,73,71,6.14648212226067,6.877216916780355,4.795023075739013,6.4794451521024055
AELJS2BCGY3MO6DUM7UABUMIR2FQ,18,75,61,7.202304737516005,8.43764172335601,5.463223491420549,7.656411016321259
AG5M3UXGXFXQMEUI3HQFQU4GF5QA,18,52,58,6.3177570093457955,8.41,5.5249400958466435,7.542600896860986
AFFSSZFCSN4TEOSSF23HO7ZOYD6Q,29,124,90,6.515254237288136,6.876061120543294,4.620678592411639,6.5747446317320755
AF4UB2PGVLHK45WF7I6OED36OQDA,36,241,257,5.314392899624851,6.6817400101163384,5.667406956178544,6.59830492501446
AGQDS36T44DAQCNPZ2JZFGS2BOFA,30,92,80,6.045714285714287,5.9590316573556805,4.070730163650689,5.678797727473137
AFONENWGNXXIUGGYZKWZ3GPZI36Q,49,300,227,6.309590577678069,5.516432930093137,4.631238807314402,5.469598089673655
AEVTMBEF3SO72ZFYYULPKGOO6S4A,20,53,52,6.8679706601467005,4.7272727272727275,3.330049261083744,4.440077653149267
AGX2Z5MHU534F6QN446JLSQKZ4VQ,41,265,237,7.702643413403533,6.584105028718789,5.648702724541638,6.5040528894317475
AFAZ7BYC4253DDBXQSHTLJ34PBDA,22,79,61,5.617461746174619,6.23283082077052,4.194567575896304,5.760075722176294
AFVOZ4UNUZKEQ7GTQ3IHQY7PZ5FA_1,47,376,383,5.508298916854981,6.048781493546656,5.344805192422291,6.00004091317983
AGLI2MZXMBJZN2LUL3A23ATGMRPA,34,184,200,5.873698820263708,5.866823115283074,4.8235781266991795,5.803831016895701
AGQYXWUJLYNMIMVTCD5MBB5E6TKA,25,67,55,6.278321678321678,5.851063829787234,3.8017390831137137,5.500018181878287
AF4DRNWYQUORJOPAVYG7FNYK236A,26,61,63,7.800838574423478,7.953907815631264,5.400000000000002,7.04973357015986
AELDRQNEHJKEJ3QZM6SVNWUF2UTQ,32,129,124,5.28789323164919,7.507812500000003,5.692099019048395,7.151634095518958
AGLRCLAE5XJSLRKSM47RCFY5O2JA,29,88,71,6.59625212947189,6.356872635561159,4.730696378830083,5.909860320261465
AETFWHTO6X2T3ADRTRUXJJDEXWBQ,19,71,50,4.646082949308757,6.6489361702127665,4.612546125461254,5.910198515604042
AGX35ESQFFIHQKVWS2TWSF6BZYTQ,19,54,66,8.94478527607362,7.3830508474576275,5.100702576112413,6.98076923076923
AF3YCUIIEWLKFZUPK75OBCSMB3QQ,22,92,94,4.681415929203539,4.56404958677686,3.519759500520555,4.333497854490176
AFCQFWUU42HNXPDDY72QCVHDPBHA,24,57,47,7.3011235955056195,3.663349917081261,2.6906211936662605,3.419512838024035
AGCVOYO6WC6M4KYGVG4NC5VNNZPQ,19,72,61,5.411273486430062,8.03671706263499,5.227714999313208,7.502046623173383
AEDDFVC2YXEZOQDIVJL5N2CQB4DA,22,78,76,5.147208121827411,6.747663551401869,4.886220103352081,6.489920413687229
AEESOLSSR4LALOZ372WQ2PZBLLSA,41,226,223,5.500323066982554,6.316397815318176,5.057670206049475,6.016094321653757
AG76OCDIX3F6A2HVEF6RKQKMMYUA,20,59,44,7.147843942505134,7.333333333333334,4.566037735849056,6.496644295302014
AHY2TURQPNIDXZGH2CMQLZ343YMQ,33,154,152,5.370471014492752,5.102473498233216,4.269198468851972,4.9675340933255665
AEFDMVDBTPVJ54OUWN5S5UAEQL2Q,26,72,65,8.876712328767121,5.248447204968944,3.8018589235826004,4.98819362455726
AEA3ZE7FWZ4HS7Y7XTMWH5VY2L3Q,21,59,80,4.951635846372687,7.111111111111111,4.875110196885102,6.632131474274718
AGDFPMZUWIYJBX3DTVC2ZPJPALGA,26,124,113,6.559726962457338,5.919796012980992,4.535735018086481,5.590631544543389
AHX25MN3P7B6FZCQIZDBLBNIGKZQ,24,97,103,6.5204435204435205,7.4240727781665505,5.663270781364946,7.077384923282188
AGF5RVFM6B7LTHYFA2BZBRWO33OA,30,89,88,6.991173874669019,5.2680272108843536,3.6978327474294432,5.074713828310728
AEQW3WUE2MBP5LKAK4KNN7ER2VIA,20,52,63,6.969072164948453,7.767123287671235,5.354837377387714,7.07486631016043
AE374LLQ4N5HUWHFHZCUVTA6K37Q,21,83,76,6.800592300098717,6.942307692307692,4.778717984847336,6.417777777777778
AHY6GBYQX3XLNDQN6X2FOV3UGKVA,22,56,53,7.879396984924626,5.370936902485661,3.6718954248366016,5.052174616267974
AHROI4P63GJBWUL457XH2BOLUT4Q,23,64,65,6.3015384615384615,6.803542673107889,4.55624755026934,6.250013676896986
AHXHAZ4EW6MVBQFMWLQ3OOVRSCIA,29,78,69,6.805369127516777,8.338003502626972,5.581477139507621,7.754092229339911
AED23W2XZJFEV4S4RBIYPAYTMZDA,18,53,48,6.73621103117506,8.347826086956522,5.562554607863531,7.222641509433961
AEQKDH33QLWB7DAQYYFQQ3WJLFWQ,17,46,70,5.062200956937799,5.990220048899755,4.0946198070704005,5.60006582934526
AG247MO6LCT6AVOQPX5N4TXUVP4Q,20,76,72,4.970740103270224,7.081967213114753,5.041338461191097,6.595462550502434
AHPPNXBRVHYJ4U5ULMVS62PKMWWA,19,43,63,7.609053497942388,7.6473988439306355,5.068319789150012,7.1513513513513525
AFACZSTCNX6VMUJQGUK3YVE6CK5Q,34,178,178,7.634698795180721,6.650713685978168,5.0832689636877175,6.425473885154165
AETBVLWLQTJUDMRM2MROJ3JFBTPQ,27,94,86,5.564231738035264,9.45780051150895,6.47243559832504,8.501149425287355
AEYRVFKM3PK3OWJQEK3U6RMFZ5ZQ,28,185,192,5.131953816164342,7.6322981366459635,5.986083342291018,7.468406497110909
AEIK5CF6YXQFSLAAHDXNGHNVKPRQ,18,65,66,4.2292292292292295,4.22093023255814,2.988935828322621,3.996330275229357
AEKC7ZX3MTZLRSZMDQG7MGDAZTNQ,18,60,46,6.10169491525424,5.11111111111111,3.2644304324774676,4.6711044403726945
AFPDURRPOTJU7UIJXEEQ66K3CWSQ,23,46,56,8.076335877862594,6.877192982456143,4.53179190751445,6.309884700090686
AGGF56HQRPIWUGGVP4M3FY3EXYOQ,24,61,64,10.848396501457724,10.088669950738916,6.242953517681074,8.67812191399587
AERPI4FAV5T5IFS2QYG3B5Y6IPAA,33,125,113,6.44861741642592,6.795635976583287,4.882609902484929,6.423078859720571
AFQ6DHE7IBI76LX6VHJQHQTGNCLQ,22,126,118,5.144523655217109,4.9978463747307975,3.867777777777778,4.789818248257411
AFSH2ADUKP7QBX2P6BCWUKZYE5NQ,17,51,59,6.328467153284672,7.822471910112358,4.684431698085938,6.962027848111392
AHDDU73MUBMMU54XRAZN2YX3KGAA,28,107,91,7.287714831317633,7.373998219056099,5.2836124193727025,6.855137147998683
AFTPYOWXMACLVYLUMVFHD4TYLIFQ,27,93,87,5.9771941948859695,6.76407506702413,4.909221922556106,6.349836683761911
