uid,x_12_NLL_test,x_12_avg_mahalanobis_score,x_12_cov_stability_frob,x_12_cov_stability_normalized,x_12_intra_spread,x_12_kappa_profile,x_12_lambda_min_profile,x_12_mu_p_norm,x_12_n_profile,x_12_n_test,x_16_NLL_test,x_16_avg_mahalanobis_score,x_16_cov_stability_frob,x_16_cov_stability_normalized,x_16_intra_spread,x_16_kappa_profile,x_16_lambda_min_profile,x_16_mu_p_norm,x_16_n_profile,x_16_n_test,x_4_NLL_test,x_4_avg_mahalanobis_score,x_4_cov_stability_frob,x_4_cov_stability_normalized,x_4_intra_spread,x_4_kappa_profile,x_4_lambda_min_profile,x_4_mu_p_norm,x_4_n_profile,x_4_n_test,x_8_NLL_test,x_8_avg_mahalanobis_score,x_8_cov_stability_frob,x_8_cov_stability_normalized,x_8_intra_spread,x_8_kappa_profile,x_8_lambda_min_profile,x_8_mu_p_norm,x_8_n_profile,x_8_n_test
AE23NZUELB4BYWLHKWJXAS73PTSQ,9.047310231711775,-12.8271323799037,2.978711493119658,0.7857941393282342,4.6122362050363135,4361.454670641749,0.005776095355278027,6.279953101766788,252,252,7.517595773274001,-17.345443553875935,3.611268560497802,0.7735026886198052,5.026952754860562,12581.234193611219,0.002383429360390457,6.294112155208829,252,252,6.9746256885752675,-3.9772308721682124,1.3650628135955658,0.7822292847284218,2.8662688606036646,11.593167647187325,0.8626432462647454,4.7279238384046245,252,252,9.300754394771227,-8.50532714113882,2.657863150268989,0.8148738678866014,4.493397191495886,5915.447387666724,0.004157406297752761,6.454312871464344,252,252
AE23ZBUF2YVBQPH2NN6F5XSA3QYQ,8.693518301864428,-12.433833164556892,1.0320489903572225,0.9235570694050462,4.497707646362547,3990.685475143214,0.005978629299836168,6.441322603323142,599,588,6.9128981276548505,-16.059297302865655,1.9134453496438106,0.8894612031504185,5.106960145132267,14649.307390644033,0.002121889711300011,6.725792728798642,599,588,7.031064157876253,-4.038190516857913,0.6416975959617045,0.907237217667699,2.953364619631873,12.474900527631538,0.8632357339996825,4.802506600567574,599,588,9.290585848721483,-8.324475244347981,1.1454050582318984,0.9138158746318842,4.259292915296942,4589.2552290869,0.004824764591388241,6.6788759784195,599,588
AE2B5CUQIA5ULZCR34UOPOXROEPA,8.705916087679809,-11.900883325841066,1.4428717319535138,0.895331107838341,4.616010299080013,3981.2457327431925,0.0062910442287847455,6.588216816488714,696,704,6.874641105851726,-16.604695206322116,1.600774468616841,0.8993894937062629,5.002209701938402,14714.910940307813,0.0020160807474494586,6.410200624058419,696,704,7.0156559108993575,-4.02799595208863,0.5934757319042991,0.9039005006482291,2.876598970128118,10.755814889258744,0.932771579442374,4.769492069006056,696,704,9.254444793590714,-8.01852042195378,1.7895025081605502,0.8620714409834603,4.392783262253382,5239.057413385038,0.0043910106923193346,6.507952250863395,696,704
AE2GO5B2SWCBHIYMOE45YWL7RQHA,10.695863931835927,-12.01575182401356,13.610690199959489,0.7258888487163262,7.329261799422189,7739.833574417167,0.008776051558436165,9.214704967132855,273,281,10.056497783380934,-16.16710913682961,17.81734872429321,0.704150872628716,8.424427676077066,29242.43669881179,0.00295827428947746,10.416683074103595,273,281,7.78346766891648,-3.78553221937605,5.017826270343021,0.7447403020133949,4.57871830937196,32.045176617791334,0.8180445178211996,6.659103037435311,273,281,10.764375903660314,-8.002359547163955,15.05199596416693,0.7267014324011971,7.595156055274818,14076.461972260458,0.005149487335390525,9.883581500387978,273,281
AE2RWATLMMUSX7TMKKCP2DYHDCWQ,9.834738046515506,-13.126104777464798,2.846090744018432,0.8590497756082068,5.011877900093709,4680.402908183523,0.006710236612693296,5.98323089646837,221,230,8.34196728552789,-17.230783735851585,5.108529083320368,0.7765756911467411,5.595683490729246,18177.030903141436,0.0021140585136860037,6.384976095292192,221,230,7.324653905924604,-4.187617253609072,1.1555207522509165,0.8647525611611756,3.210851689090239,13.690897854555418,0.9304402768526981,4.558486543350816,221,230,9.770097500639721,-8.582309886513936,3.291202856719028,0.8510985670400721,5.049767811172426,6963.618112174239,0.004662072006611509,6.460984272414799,221,230
AE2SW5HC66P6DJEXCZJN7IID6ZIA,8.351148016116195,-12.09313582090827,3.195329821378782,0.744551925832382,4.43138430295141,3946.178689395931,0.005785097416134871,5.999585125100393,128,134,6.476756496249842,-16.323724913138943,4.3606813815602585,0.6769565095869354,4.805018993306019,13645.32976696785,0.0019273350572702904,5.922024737542527,128,134,6.911382011479205,-4.28711043846519,1.94788959003932,0.616075835568081,2.6852219108986226,9.941846526198024,0.8567043485180821,4.371384093119057,128,134,8.806616441996168,-8.142062085942184,3.8142915414780645,0.6752470160230191,4.140275219033104,4458.5703789807585,0.004616800166373166,5.83470546535189,128,134
AE2YCIHHZH57ABZB7EWDTCF3WPKA,8.241296258706436,-12.556188624138931,4.907856129271623,0.7220217793487552,4.777180033296109,4376.262612754582,0.006331571002268341,6.355494678763491,277,316,6.907028830192274,-18.49794747276956,4.527401794841381,0.7689498589188588,5.161164879866449,17296.552968057586,0.0018792791598370717,6.531820878161478,277,316,6.803662924397353,-3.867368170552574,1.209638084109383,0.8415757273516415,3.028502514403676,21.496174340400184,0.5235503765945261,4.748754855427584,277,316,8.95794245677337,-8.406341908524023,4.217730064339062,0.767529720449936,4.671561353293728,7597.332687893834,0.0035438781635053628,6.625947062621305,277,316
AE34VVFABKBA5ZFYOCL3BRUN7QVQ,7.9636163510092475,-12.011922193545947,5.231322528143897,0.5167736408683861,4.120591873166606,4268.896615546707,0.004916890889472308,6.163008979271117,67,62,6.34082641544171,-17.914606104232835,6.407841529008256,0.48268154136166896,4.511533696588462,23992.59938993903,0.0010387499465973704,6.019483797198779,67,62,6.2857044664984025,-3.0817152053377916,1.972585740392144,0.5614298846200524,2.5165013873732702,11.17338937000989,0.7175975400282841,4.747270996988011,67,62,8.126314481059742,-7.5076539394507815,5.528020693260952,0.45814921767009875,3.821961663870361,4370.228306847129,0.00426440071975668,6.180121694160491,67,62
AE35OPCE4E5LOQAODQT5QTD5SFIQ,10.144542899140054,-12.795740119563328,3.0605051878923124,0.8642778897695352,5.499631108312969,6040.188067977969,0.006170853653129368,6.482077453003293,382,368,8.597776195642142,-16.43327024539924,4.238165994342987,0.843926376682367,6.088525483664065,19951.747480700975,0.0023334302136870403,6.645915346728092,382,368,7.427171941014327,-3.623553891753324,1.4474235714225185,0.8669708235164731,3.5714688307289886,15.426066111583273,1.0342242816385256,4.822054993451542,382,368,10.040260182591654,-8.321105916997249,4.052163514318343,0.8282951370289082,5.401565057173634,6987.436011604,0.0052703926812592275,6.64302495168033,382,368
AE3LFNXIKCQ2EU7IKXHEEZB4VHYQ,8.744229155005796,-12.41434657417179,2.848928514596524,0.8232639323207696,4.64057094618424,5867.50305992375,0.004453540482448308,5.926090306466637,293,276,7.396791093295227,-17.576819261474952,2.8282026509776252,0.840024394255074,5.056351237687664,16402.47640230459,0.0018896771406024587,6.033708539862773,293,276,7.0611512467895565,-4.3165841803545,1.104397810211487,0.8392895904253141,2.9193270526478683,12.352513411633382,0.8465983731021169,4.412728772881598,293,276,9.448648755991869,-8.686794925658393,2.644825462435754,0.844833038048511,4.565432219566511,5867.579211871575,0.004468097093847521,6.055265593310646,293,276
AE3RVPQUALI4HMJUOSE6YE4VVMUA,9.063481493809864,-12.29456839470975,3.4250613453582157,0.8696860971072765,5.453331690378406,6860.504974215278,0.0053838699574270165,5.962621187187116,159,151,7.628231642568915,-17.790965154646912,3.87523430801175,0.8750664934961432,6.0594897952404425,24853.509938730895,0.0018140031524199827,6.281784856553709,159,151,7.1880078571643,-4.141362545522407,1.2667105361596263,0.8836537792345213,3.4439674919383543,17.98906697739418,0.8050899583197035,4.443291346355194,159,151,9.724003071107312,-9.35339138994421,2.4811747913279545,0.9010284787828498,5.319078996467015,9742.075083505359,0.0035403311295410292,6.129562091645827,159,151
AE4ACJAS2JESKVSTFEGR77WFC2NQ,8.685957101900923,-11.081205112444952,6.275136260054982,0.717382421160683,5.20063646910247,5068.755820386193,0.006614829064729273,6.670136403946585,226,232,7.11989648548181,-14.985252730652974,8.707310507154203,0.6796482124281913,5.96722372025014,14760.2356133908,0.002930148330448096,7.255945559035321,226,232,7.111497133858389,-3.881509414590022,2.9294197807230717,0.7135534948630851,3.414880353437055,22.621447879717348,0.6321719036114521,5.055235444829545,226,232,9.220984931410246,-7.271572381162103,5.419628497755838,0.750879106499671,5.037855372125691,6445.428389218316,0.004901704899258335,6.980343390840046,226,232
AE4BY225FXPK32UJ5I67YPNQLIPQ,8.758674271217243,-11.98744128237167,3.280773490112368,0.7789360408648115,4.6337104665141045,4033.084459769096,0.006485328832625957,6.318033741889875,213,210,6.6686214044524075,-15.857278349127562,4.524357856203289,0.7354014244469631,5.0631420492103,14429.920558321744,0.00217933267248055,6.020554620702775,213,210,6.755800628107186,-3.6012916841669647,1.6882789412970645,0.7434006909671318,2.8788779718707196,12.49570399882876,0.829017233438743,4.563486758796819,213,210,8.746322123413226,-7.4449940966146775,3.456491263940035,0.7490373994544863,4.351442709077329,5529.938339543291,0.004285501847077888,6.122724958346033,213,210
AE4SBEJSCJAWM7CRKJDBQF3O7RGA,9.37267225375883,-13.328163680606645,2.6618917548423195,0.8589095544126841,5.038575489130645,4784.944934119129,0.006313180017772629,6.176329159298388,220,229,7.968001256182497,-17.764859839402575,3.7007773964549275,0.8365915081870714,5.628051806711629,15413.992336479878,0.0024741033104207217,6.18324949255188,220,229,7.283136502079154,-4.318353389373673,1.1348144400317755,0.8732147820906201,3.2543673199873027,16.61746613065728,0.7790667885135644,4.592461617905118,220,229,9.731934849420863,-9.024542477998969,2.3216261933477167,0.8858408189015313,4.980316387625996,6931.363981995937,0.00443005170262924,6.222534346953872,220,229
AE4XAONOTHWDUYQGLCZSHVJ4TP3A,10.37686846437954,-14.093807607783466,6.462397018925689,0.7537118096956068,5.703218118588203,5967.029341535384,0.006465967551997042,6.884519487403189,224,206,8.988045482792574,-17.84500614892575,6.751432800643294,0.7923154459436764,6.5573399598329285,17964.770301801796,0.0027947576791198555,7.461934602584893,224,206,7.300170666401066,-3.942128659373611,2.055931539386811,0.8266060851451941,3.6956602599159925,19.788760830789,0.8223092392282476,5.117619859290931,224,206,10.235588377054144,-9.154631144095108,3.242351362104574,0.879291087151752,5.649068609265568,8371.713746910764,0.004529406604741181,7.192822585391825,224,206
AE5HNX5HIVHJH734GBQBRKUMGYTQ,9.773814053614759,-13.322917698450633,4.154196665670198,0.8394727796063037,5.624678388459807,7224.7574417466,0.0053022404099531024,6.433408686021226,111,127,8.617168462430072,-19.38065250630035,4.2494125399525755,0.8595462001652565,6.158465712002498,24285.53806896871,0.0018789581623220527,6.596351664818425,111,127,7.263409631304981,-4.132267439349965,1.5113935052238492,0.8567023391975203,3.4994021799989032,18.352187776417406,0.8029635450925653,4.766550219141817,111,127,9.572126551700832,-7.5434183099436325,4.451445064592844,0.8328380947625414,5.649391209330722,7116.537893324171,0.005386183415147885,6.706515085918923,111,127
AE5IMGWRBJA7JQFBQTBK25HDYGVA,9.9021907912362,-14.65859513716645,3.29761827575121,0.7434803394304603,4.4238883038811165,4100.079675329822,0.0057221620205286155,6.589906005838834,198,227,8.136204663305467,-19.11295270412881,2.8141239676937158,0.7999130502966637,4.84684576454502,12460.099915400173,0.002211580457445498,6.492527357717656,198,227,7.163314659616506,-4.368363461018771,0.8059392229428929,0.8463223062814471,2.735523361050123,9.920744423919103,0.9169223628910604,4.916718311268214,198,227,10.081845817520835,-9.17204237527475,2.809268109919291,0.78325050757159,4.357863599260327,5086.437282502021,0.0045068391011777505,6.535713442872865,198,227
AE5INRAIGFDNXPWT5LNVJEEAAHBQ,8.727825984140475,-12.28180407089574,1.4329919027820692,0.8965470418565684,4.597284936064261,4017.860045518121,0.006153725200975919,7.0492556040217265,551,602,6.505963241168545,-16.931019292308186,1.6544058814339053,0.8972062925928184,4.902895583236742,12830.828271739898,0.00224204197125161,6.720120806477778,551,602,6.673854595282836,-3.8352327116793767,0.65885445014877,0.8894893055126366,2.718321387226615,11.22135709482275,0.8254594015747843,5.069930312677156,551,602,8.851109882435681,-7.686885472288635,1.3853066806161916,0.8974345169813137,4.401723437996837,4479.581586641,0.00514641884427784,6.731488857114926,551,602
AE5MYIUHLA3BAMM2MFJXJQN6UPRQ,7.178347351110771,-12.746855858906528,1.155949875885462,0.8672669979637593,3.7871180757848935,3602.531784908337,0.0045993905450609105,6.916793239939581,525,529,5.32142750655046,-16.441520601348195,1.2297848904440267,0.8761308471796965,4.200068302753233,12102.13264915946,0.001678587494590405,7.009737946749339,525,529,6.3134393075170765,-3.9441101374420673,0.5201819692005045,0.8632926931869639,2.380391565112039,11.265901500450662,0.5941170685023541,5.0864952716475385,525,529,8.042375287413668,-8.286467348691701,1.1214373442430396,0.8663566335940001,3.62800240132482,4313.940341146873,0.003583341053057928,6.978368333109466,525,529
AE5UVV7CEOPTGOGVKMICTYGYINCA,9.876924776320578,-14.03456230837114,5.529705642384721,0.8292236386607126,6.290637622335423,10823.527498729045,0.004325799031814771,7.063921865804386,119,115,9.320240561846331,-18.184420366212848,10.547899046382073,0.7813785868721252,7.544235052348175,32254.36933459308,0.0021196001226107654,8.170675933889374,119,115,7.328176644090352,-3.468504102200184,2.810667711762072,0.7898448582891944,3.8551558815560782,23.561602077001314,0.7714053344698639,5.7559109494197385,119,115,10.128805480531764,-8.444320177182185,5.977113800672396,0.8408199000762456,6.509391220522826,9063.91090560289,0.0056269532672093385,7.653487507457245,119,115
AE5VT32F7URDDGWM4KOVJ4LLBASQ,9.064105649817696,-11.793946596514015,1.7745443403940704,0.8891733798618454,4.837770369393621,4907.0257079618505,0.0057023930555457954,6.508078280556928,368,374,7.67926590337885,-16.338332573922862,2.3291757522496437,0.8515799466815797,5.0693310419098845,12506.49647159763,0.0024392055667316896,6.365811076216408,368,374,6.910179455353339,-4.059496062959331,0.4427851780131831,0.9267145980306039,2.8140980766033024,13.93310194186644,0.6935632462955094,4.816400636697083,368,374,9.57765472388343,-8.353474312082637,2.012769875988458,0.864155877459793,4.596006543782298,5922.25312101878,0.004344263973645266,6.573621203120213,368,374
AE5WIXDVVE4ELVZ3GTARNEEVOBKA,9.237754713940028,-13.283292552856018,4.976073674899935,0.7846005043439672,5.448885250981747,7113.900669125606,0.004913060149076756,6.240288522483035,278,256,8.387507267631932,-17.581457192992936,3.7087145691018324,0.8659687574404127,6.175441465770075,20994.88908512443,0.0021262873009380424,6.717267124819904,278,256,7.327542790864578,-4.1463997942168636,1.8002858829599238,0.8189689205015377,3.491369755354947,18.742029642449204,0.7621630193799124,4.714144940902673,278,256,9.776885696544266,-8.421686548863464,3.9351918054722166,0.8282586363202433,5.363322549745191,7376.411060210157,0.004637304685682147,6.489581086004615,278,256
AE6JXZ2HEEC3RLKQ23MI2JSCXSNA,9.29515489926338,-12.349794255627804,1.626792946573752,0.9333532172795796,5.392120592035368,4716.917954543755,0.007609108214419836,6.481043611542949,242,255,8.19226362828698,-17.74544893662496,3.120084641271934,0.895372675551119,6.165826446206132,19656.425380049368,0.002313767142021325,6.7823149748508165,242,255,7.326076617106443,-4.029575819714524,0.9467678143787721,0.9136322670407793,3.5370751899700705,17.721762969881013,0.8591516016576313,4.839723113352309,242,255,9.6166934851936,-8.056089521247383,1.7973506934924501,0.9234397878017434,5.258774201032678,6258.6623528787095,0.005453398305014269,6.616791817263015,242,255
AE6PSXRFBXPR4AHQKR2TQC56EKKQ,7.949146204235195,-12.374099720025793,1.3760033635741207,0.8930529646655456,4.2904951914947915,3968.993242416162,0.0055430880038500226,6.054483663430075,543,515,6.266682090280847,-16.771031061583894,2.012290519365087,0.8657177499736134,4.781609139870582,15703.202543245503,0.0017207452306807326,5.974045923721537,543,515,6.772457922316966,-4.020482488836993,0.4745720469096257,0.9240877466345085,2.8188327677134817,14.149506963395922,0.6820083885118003,4.4765807015591275,543,515,8.766763889702132,-8.621957263979967,0.9676842075936124,0.9174024881678472,4.084197028645615,5536.533977243373,0.003601276719118483,5.9621760497339755,543,515
AE6WU4SFOAVPE7A33RAHPQGCKR4A,8.68412601499357,-13.408028372806017,5.6348586202797595,0.6683181568128764,4.842938552944236,4368.487698105802,0.006130408517199854,6.175710974385951,104,109,7.283315208131511,-19.063263778337475,7.07844323613815,0.6872978212125234,5.68596234847874,22705.730409967673,0.0016174841894246311,6.977349858616494,104,109,6.795673458328581,-4.338764021419611,2.183325395567461,0.7253003892742287,3.0808318722057013,21.80894722843068,0.5071092296560996,4.680257257232069,104,109,9.26223735026734,-8.26415935931503,5.716962496875137,0.6681746410306036,4.849879216279907,6872.366092192591,0.003932909200993701,6.706284796655966,104,109
AE7QX327FYG2YS4OL27GBQABRRDQ,9.831476701015069,-12.793295877298542,5.718023993077358,0.7816568226291667,5.608952594691277,5919.003032104474,0.006431546592491807,6.9499405876035585,209,195,8.776470578520343,-18.771685547888183,6.470984803949271,0.7908383379074729,6.417039438530582,20391.897200790805,0.002363856063447023,7.34057985854963,209,195,7.3984600684601665,-4.710503690305071,1.2375452457735239,0.894097629268405,3.630122698792335,27.535164888055856,0.5687517326786683,5.054829639403003,209,195,9.944239633983694,-8.139575016665484,5.747688655722322,0.780833368779363,5.55702994974942,7270.441588060123,0.005192697664015624,7.082124491732766,209,195
AE7WDJBLIDV4PZNMNQ6E2ASAVUHQ,9.239108919534031,-11.796153518170273,6.990968406180421,0.71179537999005,5.479311525362811,5558.010739539621,0.006587405538927523,6.3377546361992,237,231,7.858036040815765,-16.619349763428193,6.128234215035869,0.7627822241300002,5.858659863400613,18946.32699892522,0.0022043717660008397,6.611563250230102,237,231,7.141131393969934,-3.8644274686203475,3.1557352975179582,0.6912626535889412,3.4480466000373426,19.354307197097768,0.7477369661306469,4.799310658451446,237,231,9.596029907052742,-7.684525898593558,6.672408702475058,0.7274571119012541,5.40350351541543,6733.863903922446,0.005349862474759129,6.654380610108377,237,231
AEAYK5TRLFC5J5MMW2VZ5UOVYJUA,8.654655081235266,-12.142769707840396,8.918171981399292,0.5185144640856896,4.881120262533291,5010.397879716959,0.006063865177778172,5.947207028099042,186,160,7.483982083146776,-16.972635364023795,12.312124496184303,0.4461685844216349,5.469541580681296,17858.11987262713,0.0021948347444181874,5.99367531861692,186,160,6.834715207561859,-3.80500483974771,3.2412662749694467,0.5427840271878774,2.864246741243849,14.664621000509658,0.734339574776072,4.432148301034491,186,160,9.365351088910199,-8.079535588343411,8.12508030673314,0.5604544035063602,4.8554762623202254,6548.969444618641,0.004592831427837412,6.1873238190760045,186,160
AEB2KGGJANOW27FHME4SJ3IIFGIA,8.623800947845684,-14.652821066408174,2.0979213295310615,0.8222431538803577,4.18272762029606,5364.200008878423,0.003852130854888054,5.9770550892568295,136,130,7.222383768257382,-19.06801363635679,3.7978257730022382,0.7254240689107099,4.693707978735762,14417.734055200595,0.0017942844867206167,6.210850099097627,136,130,6.761974778511897,-4.014168975112601,1.2824314366158696,0.7761294384940544,2.7725741335603025,14.039452436017651,0.6525161417645582,4.72559424127554,136,130,8.911635402852248,-9.334023742317976,2.277141216539725,0.8149061764055369,4.078535324772637,5627.4353079479315,0.0035781572162251335,6.237156934937377,136,130
AEB45G7B26CZ6NV5SNZKP5MZBWIQ,8.055267637975373,-15.042395938372485,3.804521277911324,0.6103058100065755,3.859976498396028,3745.844095334254,0.004695631689650568,5.352617022075301,124,133,5.990996029133402,-18.693871732623684,4.011799129988052,0.6242362694072878,4.204785685648667,12452.097340581377,0.0016852957010358512,5.733901338609762,124,133,6.780333315325083,-4.783734677307905,2.1306156403016523,0.5219649089783178,2.4724700522794683,10.574190509079804,0.6908779593297242,4.37585691183797,124,133,8.204033837221122,-8.416099945226081,3.8003463699475017,0.6100519364073893,3.7190144885826295,4971.554717776204,0.0034008331778819833,5.577218451155246,124,133
AEBD4EQFW4THUDUVAETCYTEDJU6Q,7.081550934814133,-12.389959947660033,1.716736067867811,0.8045256665997742,3.7837951560509264,4358.093065448657,0.0038572289025918627,6.842565639630817,238,229,4.824675981926224,-16.842407377474963,2.1118941504166515,0.7742991378248377,4.077386455861078,13140.050703733186,0.0014671414862474752,6.720569449773305,238,229,6.297036006637488,-3.688364613343733,0.5462788616395905,0.8443053288206166,2.3163140214505664,7.026803769080948,0.9205875235035532,5.020031864912665,238,229,8.109006612722473,-8.141048715699085,1.5732709979926032,0.8126912615716504,3.6059903645845583,3895.807447496574,0.003978780046216474,6.997175400062433,238,229
AEBEMOA4RWLGGTJNMNXBX5DT4CPQ,9.095590163390021,-15.7212054421574,3.6443111757080717,0.7158374862697773,4.385876483073186,7252.5644284393,0.0031200433745100873,6.153163198345846,116,107,7.517779101824811,-20.755275952259662,4.348749838992437,0.7244285830050123,5.002866621809708,19228.58487949878,0.0015241113390526482,6.147763089778826,116,107,7.051643259782319,-4.512634301946993,1.9182288891925827,0.6641617067082564,2.7902409299718727,14.63979828908071,0.6375630949015745,4.600769241918969,116,107,8.839729269173919,-9.290757357578505,4.692024888165096,0.6066274198743121,4.121604614925294,7954.3782692043205,0.002587708456726172,6.026508563053822,116,107
AEBKVV4GWV4345OOUE6FSNSJDUMA,8.717836110365557,-12.564498290870901,1.4618863605394916,0.9066752400220616,4.638387188441457,4302.148582048034,0.006025814546292003,5.668431180958586,632,615,7.389335484010854,-16.536948203849313,1.3828265545248313,0.926282645417438,5.242830820676401,14239.457771232024,0.0023262242636045705,6.143445527385295,632,615,6.981110714933654,-4.06037156426671,0.33974321452066447,0.9492518240534523,2.9272978355053665,12.447510965746604,0.8387613514263698,4.414804106795068,632,615,9.17535522631363,-8.304928508667052,0.9768951309626761,0.9445589977602256,4.6813470117652,7058.828847056469,0.003848870723266677,5.9840737460634195,632,615
AEC5AGCCT35DGIGTZ4HRI4VXUCLA,9.78400170572593,-13.478759374548263,5.658829441741732,0.7229305864517934,5.153883870029737,4236.71253700083,0.0077222507994902,6.2258535787607805,232,221,8.935193788736527,-18.803826753713576,6.13756524516966,0.773200284480773,6.006417263841635,21235.07293126932,0.0021003213673199466,6.893459922832112,232,221,7.255562055002385,-4.223317553046239,2.4111138028073524,0.7405211409141416,3.3310773011679533,19.334695242162574,0.7024146909528309,4.716874823913774,232,221,9.762768821048482,-8.018921332811573,5.076558690541388,0.7607219527768057,5.142538230999066,7027.815420301222,0.004689172198176016,6.587173340079427,232,221
AECCWTWRVTRL36SUIZOJ5OYQDYGQ,10.833347094604513,-17.280446326143466,4.5196748680087175,0.7979461037349893,5.250177515375485,6941.979384809884,0.004673903216031975,6.284268114915185,82,96,11.132396023792658,-24.205280108954906,8.258239479016488,0.6499354553614356,5.688890087120003,18290.455992957126,0.0020546286097753,6.732739855089846,82,96,7.650088829757093,-5.460119091351989,2.0996557736929313,0.777709389086493,3.384142945947138,26.83242795537748,0.492984740571448,4.942613487982216,82,96,10.252485348255917,-10.194469051692538,3.726269921218025,0.8474816236967079,5.269953574372805,10102.032843176084,0.0033616812271606835,6.751278982715793,82,96
AECKGMR6XCQLS2CKXDI6KH46UWTQ,9.934648871546447,-14.04302844235117,3.5148563174574674,0.8131197297480773,5.073928579812009,3925.518436381088,0.007783232911698755,6.34466548066558,152,161,8.915587731663743,-19.771899672450942,3.8546940122874935,0.8341746134505148,5.808220063282231,15959.286543014727,0.0024576256942002027,6.858215471063314,152,161,7.510547782915939,-4.72200223619954,1.8644976448942716,0.7900451470223523,3.342647502840545,17.69813144406865,0.7387713894730775,4.797450334065605,152,161,9.904257724316464,-8.985233241753829,3.5949143638896586,0.8142944887552829,5.00217330338715,6770.812231531725,0.0044861029834027495,6.615838374261365,152,161
AECMBFXDJHHNGEBXIOVY5M3V2PKA,8.07551271372977,-15.563531283624599,2.3901343739858563,0.7018008421355371,3.6791934907950714,4207.510163310929,0.003723976182917085,6.124577361300771,158,127,6.316614089816833,-22.3533041141487,2.8241314926977426,0.6896707438258558,3.9948281361507205,16104.32943099179,0.001129569951750439,6.124683300832472,158,127,6.484670477816995,-4.468759626848745,0.9197955535797087,0.7309733364553351,2.2660230325885684,9.06274864986065,0.6766903109696233,4.76576895515841,158,127,8.451013674769644,-10.060155473226356,1.9403300741890652,0.7343204014050637,3.419193627067232,4308.9847863265995,0.003158918845415202,6.303229331008559,158,127
AECO2ZWV634CZOOCC7MQ23TC3GMQ,9.920452286439629,-13.588378366794936,3.100348144455299,0.8722223965353313,5.385480453037316,4843.123420751173,0.007362320175950956,6.440723572706802,490,527,8.183384923340567,-17.261079613498804,3.7531061057950468,0.866029901053784,5.959858298364608,16303.743174954232,0.002626492298046438,6.70279251169358,490,527,7.3203208089047225,-4.200096663428375,1.0632606908311488,0.9006828106051695,3.4733112299644624,18.324569472030586,0.8020475292397963,4.779744722554438,490,527,9.884213900652478,-8.574807902641869,2.7316322557622104,0.8862519595040684,5.280523841441216,6504.395238645858,0.005309433516097315,6.632235441663103,490,527
AECOPBDL3PHOESNB2RXKPZSXGBOA,9.174994857824853,-12.208995353356235,2.537581443494573,0.8800658207636547,5.160897142804755,4127.431129377425,0.007833075285473792,6.78561165220409,528,522,7.646792503851418,-16.823496547110736,3.656636332584884,0.8581659225052625,5.809288039637034,19157.705282802814,0.0021152303951219513,6.8658270695269925,528,522,7.143320761170175,-4.01423158785751,1.1707810104464378,0.8850974468391987,3.349020683598698,16.698044193761245,0.8327351078980288,4.964906925901518,528,522,9.468195837834466,-7.95651262838882,3.1081485338316903,0.8552870230368411,5.098920769586984,6473.2188808178025,0.004907919919799047,6.784798344820441,528,522
AECSVEHBBVKZLBL45UNICW46HFLA,8.099373846128463,-14.303288072181918,1.6231182830668807,0.8298473255500098,3.8929243786511805,3799.2565194600706,0.004721814315937887,6.375568990046888,206,204,6.405688947220067,-19.03412972276037,2.5862085430820785,0.7363919690080307,4.17265449703266,12353.526798547111,0.0016218568592848434,6.410302278727017,206,204,6.655179942701404,-4.428693884903217,0.6992060968707118,0.8223899999518034,2.411540663834782,9.32901615025664,0.740208719941884,4.788275379231379,206,204,8.525126425887604,-8.921936082387374,1.64865835875198,0.8140715178543968,3.721849387917996,4374.210390618274,0.003727180605484648,6.3982199975193055,206,204
AECTRGMRKOGAYIV3YXX73CQEQCSQ,9.763327406479242,-13.126224457900117,4.599736538769066,0.7630301632877217,5.141232849329279,5601.664215815342,0.005700821270040352,6.492677215769419,137,149,8.055810439528083,-16.654554390202016,6.267199695451974,0.7298121307777216,5.694300175720968,15692.909574666628,0.0025519548050124087,6.443330166755024,137,149,7.401426716431377,-4.457694689928216,2.5525967642388236,0.6978103374576992,3.1832725486514124,15.452733277865113,0.8118338403091924,4.8973387100909,137,149,10.06471249356085,-9.160148668755218,6.187645571133605,0.6850294290588224,4.975796004251726,7895.479861429743,0.003949436804841423,6.48020316917198,137,149
AED3HJLTUSJQBBK6H6726ARBBH6Q,6.853449305924931,-11.784454131750058,1.3619194580687428,0.8510706973891672,3.9096548004625573,4348.996492345558,0.004007286680914743,6.729999239113507,202,234,5.303413544324724,-18.463209646765137,1.6138647823771228,0.8516392472803395,4.3098407743479505,15506.186209128424,0.0013814403332082926,6.656656717143682,202,234,6.518920284965965,-4.173715303621106,0.5435613813494095,0.8473001908404475,2.359807304784691,8.964306143862162,0.7277805287199337,4.955052558455589,202,234,8.2280052115333,-8.38901991121532,1.0125130446099118,0.887374187164278,3.747328514924542,4828.048945903227,0.0033939282832563897,6.701143903894772,202,234
AED3PQGKE2MP7OA6YA7ITROMHQEQ,10.253303077125377,-12.598546728490277,5.017693194862814,0.8496411306802196,6.284563835709418,5765.627638500052,0.008220027117546123,8.16265975998195,305,309,9.19874786802062,-16.610535778732718,10.924544993983819,0.7150135472910358,7.032834962017928,21996.694451603555,0.0026409657394160743,8.957822641642224,305,309,7.536190643623882,-4.171252568667509,2.335603784908237,0.8469149510073984,4.064377073508139,30.744141297870282,0.6591150862166563,6.077726027810264,305,309,10.593602812652247,-8.47621265006036,4.463410942336733,0.8706890568677859,6.337655510665506,8583.151337465946,0.005602830126929543,8.648897131675485,305,309
AED4A5D3XDKTGB566GFP7YQLSHBQ,9.493277433416162,-15.21006512337399,3.462644960686365,0.7674743252883595,4.531767922429705,5271.3765326405055,0.004679509481545633,6.013535194836757,246,246,7.191623398486753,-18.889672005128908,5.073572927041654,0.7009643422630878,4.9230503086750135,13115.083844537101,0.002230421859911409,6.213955165775471,246,246,7.022773951222217,-4.612534653628544,0.6073583874652022,0.8979154884081691,2.731312387551149,13.786416477144389,0.6702431745869412,4.697585289781798,246,246,9.513057829502422,-9.282689015902859,2.945476792301445,0.8078981808469656,4.447663505195443,4741.028391765442,0.00512914932756242,6.337144135927085,246,246
AEDF6LSTO7L4BWZPQXJSZ3FPMX5A,10.678957259784799,-14.776167278593672,6.36160413762068,0.7960685830613092,6.079174790441393,6502.588685044543,0.0068063237776225085,7.198475052098991,118,117,9.382602979487277,-19.637132198960412,13.892603261607304,0.647006182265474,6.988692204680203,21450.53408625372,0.0027005731979191467,7.9488857392162116,118,117,7.373277164628996,-3.7458256226419735,3.9337376527760184,0.7080736255711302,3.9830163221906725,25.8403360253038,0.7211258272918493,5.278851881890057,118,117,10.141588752898933,-8.706656355431495,7.748334325080598,0.7620522921260994,6.122817721910568,9670.763709092013,0.004649600989988503,7.609579940578024,118,117
AEDIN436FJT2VQGGITVASPGVSDUQ,9.041738189143304,-14.653905478738178,5.012500790995665,0.5338263162606592,4.077434745127977,4233.435669870578,0.004774491828132153,6.17430096753795,203,207,7.385392470634716,-19.0558077469402,4.1448996823879325,0.678691840260517,4.634607848681396,15670.028002900151,0.0016703852416152466,6.100188800956576,203,207,7.225155003477293,-4.9913592018169854,1.7825020947786774,0.6165581899103062,2.5360153138389023,9.678492960989095,0.8362975633039677,4.654739586085521,203,207,9.251304107765772,-9.247284073197575,4.136025821275516,0.6173435064121177,3.9894931355539436,5243.386220595551,0.003773091499488528,6.194302453883293,203,207
AEDVEEUD4NZX7NYETDDN5N3HBJEA,10.35655665758604,-12.197422068696035,5.175430134973965,0.8815850031648507,6.883611097199594,8094.840720095662,0.007300007038168942,8.850764910303935,774,712,9.624838630908215,-16.559175834542504,5.849323316557069,0.8814002713634305,7.6320625346947555,23295.746243361293,0.0030825038102170006,9.748476462222596,774,712,7.650154063555452,-4.005052707867018,2.338305403363167,0.8676380675607813,4.304506097913928,36.769660448897206,0.636196157747869,6.349936991894858,774,712,10.678964386020432,-8.51945043767774,6.435326946985891,0.861472971413525,6.869467535640564,10699.132307784983,0.0056639452866708425,9.405772620419366,774,712
AEE33OSHYGNPVW65BJVDZQ5QWWUA,11.106924322381255,-14.48854896402444,5.700149059642288,0.8837113074967315,7.240758815051226,8295.486682121016,0.007649165887971353,10.279899962412701,515,494,10.439206272689411,-18.336346252486766,7.477278491923472,0.867593953046633,7.98473057365363,25001.036780860086,0.0030851633548926124,11.461165932778982,515,494,7.729433457530955,-4.501166579993253,3.4442971181928876,0.795939452053159,4.207280976393042,39.33532185804014,0.5566400238694483,6.980399455852767,515,494,10.916487355508764,-8.983379300827629,6.600370864699877,0.8837937304876262,7.525273215294231,13217.334387770386,0.005271329848230016,11.452209178100661,515,494
AEEHTDVCZHZ5G5YD37LJK3JPTOGA,8.294380482563083,-12.69155303726952,2.495831813527067,0.8198603020757858,4.443823443397043,4650.305216695707,0.00510501182286539,5.7370675259069825,126,136,6.773337473665572,-18.105546806169606,2.733343692047871,0.8209994885023244,4.886477653889758,13720.85034382299,0.0020479297323405233,5.812697085053302,126,136,6.9523958023590655,-4.175809495396714,1.352998367142773,0.7961133615642508,2.9007960728463837,13.246199209177462,0.7748445562391258,4.53151323472967,126,136,8.993790211499,-8.062806446191333,2.6719034247156244,0.816919674660319,4.434371779566676,5455.7627223045065,0.00446198610511503,5.97044955926615,126,136
AEEMHCO2KYLSSU547E7HNK4PMAMA,8.668514397233883,-13.57143911974294,2.181165861669994,0.8532653510987749,4.5514542663414455,4914.619809683063,0.004994468483054216,6.053336192368382,188,207,6.448504318768138,-17.63792389781491,3.1944939511630803,0.8269578981224952,5.049030988660003,16875.48542387452,0.001792227484373104,6.089887517130636,188,207,7.059175015511992,-4.857967019098665,1.7240848994091524,0.7396592915631781,2.820830310155898,14.577293380821718,0.6622524038918355,4.501811249653294,188,207,8.753667258933705,-8.977525697481264,2.451015311207643,0.8159740022780035,4.177133216813821,4596.105480301373,0.004566252014207081,5.990012327054453,188,207
AEESOLSSR4LALOZ372WQ2PZBLLSA,9.370793177135806,-12.192894958424361,2.326045078372532,0.8712965650136562,5.153774962619193,3851.4687372798294,0.008051156360339772,6.0069554032252945,238,211,8.091249973729502,-17.23781678651478,3.5196873145686185,0.8354690000860778,5.7184278214856095,16512.238568689398,0.0023234551520378314,6.121808291261011,238,211,7.333962899588734,-3.796382531919311,0.7091187667436001,0.9131780930350801,3.3119432331813754,13.325303362757195,0.980741201735543,4.584094326090749,238,211,9.993086052366559,-8.55229500560798,2.240169117433354,0.879444361596201,5.027113091910771,6272.013485202968,0.00479701393258754,6.358919933907981,238,211
AEF4A5PLYVU67SYR67JR3227YS4A,8.27230110104186,-12.190456853448772,1.8412454310462216,0.8679489024510872,4.445539437904082,4030.464158874104,0.005940005488825976,6.253708745548743,182,168,6.132401489144462,-16.983889450599683,1.9468138202654355,0.8839502762380834,4.9159720699131695,16992.87450534657,0.0017437098641845663,5.960811314016076,182,168,6.958994382525234,-4.343747819305416,0.6548522410939542,0.8995460561443308,2.803041298200275,14.848323033743197,0.6708183973328634,4.679424678731313,182,168,8.668331620336048,-7.8715960751345335,1.5809911732570838,0.8759732561179926,4.248321069671336,5057.744573543715,0.004328407943616687,6.283234914818945,182,168
AEF4QCBYMXQN3RDFNM4ZXM67UTJA,7.139614628678063,-11.04382710226635,3.238005723603758,0.7524824654516682,4.345288742944841,4471.699899944174,0.0050787383694496195,5.6890835909534525,232,200,5.219990464079346,-14.51992858137288,4.70242899932751,0.7129376538706286,5.035720560711555,16694.13504227936,0.0017978550411863444,5.854785420857416,232,200,6.555908969036913,-3.264616892532465,1.8043304380950915,0.7091442016994001,2.839996067060862,12.748329910129016,0.7806925897086192,4.407690854085133,232,200,8.034138778364257,-6.963365895598322,3.687938968571456,0.7225128353283643,4.217088950835491,6735.77246713779,0.003296443980595634,5.716866761585667,232,200
AEFKVSX3H7JBJ3AMZXSSRTL5ZKUA,9.202997630512504,-13.282585177052294,2.6923342184819075,0.8513493326465222,4.890887654857503,3705.5905869518238,0.007945090458848487,6.085119474930005,155,154,7.952989001584418,-19.610518444030127,3.251049952765725,0.8537394602211904,5.570070233618926,18425.827464372665,0.0019966699430149244,6.101902344119625,155,154,7.281040732923388,-4.702057065524756,0.8787850083236471,0.9007360000124071,3.201208280062058,18.13537600501926,0.6844455133898961,4.489961640444904,155,154,9.923351735094846,-9.615046760391985,2.9206867941627177,0.8374637658631187,4.8133706250162955,6113.034332575856,0.00461820250631848,6.2236901291438365,155,154
AEFLJ44YE4GTJNXRJNWEVB4BPBGA,8.374029667187665,-13.04335851556366,1.9339993985357613,0.8378359441131615,4.2195103094433675,3788.367491285635,0.005650076125478912,6.330861850934657,239,250,6.529757248766447,-17.757517525408424,2.3259510639056566,0.8390267297398931,4.675505320687037,14311.428560571898,0.001858212255753869,6.160762907401414,239,250,7.011034998504205,-4.404037562883083,0.7507693058663603,0.8611547132006734,2.6703453470893104,9.547020468789151,0.923763717278713,4.755218791603107,239,250,8.963036804901234,-8.716898699505236,2.1473835508731844,0.826422697561124,4.126149146958271,4648.84948820505,0.0044770019690471615,6.383726231558347,239,250
AEFLSA4IAQRPF6G3BH23PYA2YYKQ,8.631115143398825,-12.669923273050495,2.7046250780106322,0.8398804893206848,4.778926848603793,4501.389636664499,0.006047192673671272,6.225615760226716,282,280,7.315122119668472,-16.92277740477924,2.8325035818746542,0.8661446611407096,5.432724783008188,14343.859435224442,0.002421810665409869,6.486792852405651,282,280,7.162760820320688,-4.505474600142965,0.8590642859210762,0.8949339313750039,3.0961434287101266,16.150095294208747,0.7240933812009425,4.675899833230502,282,280,9.174732165070214,-8.09068615922667,2.9469148266851954,0.8203291670133699,4.658158663556612,5716.127161194962,0.00454037856789354,6.367513854703546,282,280
AEFVTTFB7NFHCAZVLUULL3YC7WMA,9.29508074058761,-15.304024078491723,3.6200519355093586,0.6934725003504809,4.127498469472319,6048.93389470508,0.003534850158427871,5.779083784557846,132,135,8.01726298944512,-20.07909578955855,4.385900243308375,0.6825679480086495,4.655400327907227,14257.383441099639,0.0018974425797589382,5.9222431425490605,132,135,7.046579735572726,-4.478550986484259,1.648710494735054,0.6859061398805439,2.631346365803678,9.502144769393773,0.9161097679179232,4.545249372305392,132,135,9.859172021852054,-10.706455044198124,5.196136163696128,0.5184913321123759,3.858654763262705,4188.48702499917,0.00449162775444205,5.8563123375176245,132,135
AEGCZJGVCDX7GD3ZDWYV7UOGJHZQ,8.192643243006529,-12.956991352041717,1.2773475680996782,0.9165297686134727,4.572853570548229,4952.76415584759,0.004944985058349409,6.283687701777314,249,215,6.462572814386324,-17.253260804569564,2.1479654194033095,0.8771703951289198,5.122042030496554,14696.027485946766,0.002058439647226074,6.406312537233635,249,215,7.007767072382079,-4.262465089307444,0.5487650155937017,0.9252250812389206,3.067849438115855,17.2723100571831,0.6349977035526538,4.690086472589308,249,215,9.041292156656574,-8.44513765483242,1.3089586111424676,0.9125970039370933,4.464335083976876,5457.46873572767,0.0043187966830816,6.344201835892009,249,215
AEGJUYLQ33YRTQUTCMCJNFRQ7SMQ,5.079548028883857,-12.340747451722867,0.9664024738075188,0.8300135574197378,3.025115308456698,3085.304065696927,0.003552940003842665,6.362777609151356,353,357,2.9606355862957145,-16.446648797068963,1.7926542496311546,0.750485463607118,3.5745144742105377,14644.290640003026,0.0010263921519524494,6.4989934769429505,353,357,5.6357715205140355,-4.1150300285338846,0.4132999647232518,0.8413331722552293,1.921512447491485,10.17894371980295,0.4482023849496926,4.786031350275253,353,357,6.72055013460463,-8.0354955306683,0.8163420499269256,0.844145978563467,2.8687042503345435,3329.1134849348273,0.0030017741746027333,6.355047462681482,353,357
AEGSMK2RONJ4PU4US54TRRMINDIA,8.124432236123594,-14.478925009329643,3.2667142910099387,0.7452518966655372,4.284465968112469,6191.706373450546,0.003540378416311413,5.666157168343864,84,84,7.424745179419172,-19.889936684953078,3.6137043250332512,0.7875121753234138,5.146373618398158,17188.03084812169,0.0018248975607312694,5.946611861048761,84,84,6.765082809231121,-3.610011345036274,1.4004133606161224,0.7715745059655157,2.8607355282876346,11.002544067394549,0.8907564933226912,4.71301856857502,84,84,9.116244925617014,-8.807071216025165,3.902507729226006,0.7214801142407177,4.45297775198537,6747.931005138604,0.0034957234746666975,6.07800754151304,84,84
AEH5Y525F3CTRR4KHLJLQTCFUSDA,8.339690890531081,-12.09603631227117,1.737393536867579,0.8833676651586794,4.663250871512981,4385.167166298928,0.005788434031468769,6.332998966603674,312,295,6.646940339114996,-16.406227269465244,2.2184831882048246,0.8818870394131015,5.270282475582379,18303.110042274162,0.0017703268203390838,6.347361105552859,312,295,7.053007873807867,-4.082523382026663,0.6468854426020615,0.912916927600627,3.0595315427292737,13.643761735535653,0.8146519855422747,4.700567996393016,312,295,9.095769176894944,-8.081564236714573,1.8220028885213755,0.8728028486142594,4.470551981068954,4789.720755103262,0.004913249840056328,6.435403328695657,312,295
AEH7RAIDBU7QALXTMWAA73PTL4JA,9.730035173815915,-12.323785761072264,1.2658419059400932,0.9263541759812131,4.976154707721136,3575.939637843315,0.008208434824744891,6.757442241724473,1664,1644,8.162423483242247,-16.04445493472735,1.408179966455487,0.9300477237131777,5.541283090111543,13912.877696188687,0.0026028495284646305,6.813198302720679,1664,1644,7.185362739847871,-4.1311083581538846,0.3987903002128416,0.9480278421035017,3.1054637440806823,12.609238969838815,0.923858005346715,4.920391972094506,1664,1644,9.673912716940013,-8.158938502949448,1.095953553845175,0.9336747303909172,4.7772150585340984,4987.144446894207,0.005492432679901712,6.851047342035348,1664,1644
AEHCPFOSFRCQDQJUNBXOLPM2YU6Q,7.992445849936523,-12.504396886938535,2.5358913155570897,0.8123005584900234,4.37854086316,5346.539545705479,0.004306206347164775,6.074718950071045,254,254,6.401380985696393,-17.336899037266786,3.391317697433605,0.7775996362997164,4.772159971138947,15049.593718570468,0.0018017744884741465,6.311976243612422,254,254,6.416059865285888,-4.1109885141235525,0.9050527318081438,0.8437084677461442,2.629398071358136,13.84762080774072,0.6091009103926409,4.628774496738089,254,254,8.782299166593763,-8.70771276515827,2.7389709150064507,0.8035822605678793,4.153568869279068,5205.897689242936,0.004183299029271604,6.208092032599633,254,254
AEHM3SNZYPQT72AV2L3KF2SQ6E2A,8.998561498929538,-12.080851923716791,1.8265211995646098,0.8974159961140178,4.9423874555188005,4743.104789883262,0.006244615057428025,6.4933425464790755,644,574,7.910007640293206,-15.959283718335206,2.5449108571779027,0.8878272462997174,5.6305280453347475,15911.518153003462,0.002407893165663891,7.19834107067838,644,574,7.1813013579808205,-4.356890755587063,0.9245103301079511,0.8796995282808414,3.0255603536173727,15.891526915075804,0.7183416438734617,4.953814246700434,644,574,9.428724544055848,-8.081856386815462,2.286513875978282,0.8939327508121304,5.038477992607568,6952.125058654243,0.004573634288052642,6.9912912724549345,644,574
AEHR5NMNP5YWBOAEZVPJSA7BMBQQ,8.343758046882373,-16.68065224752516,3.035184195384828,0.7022473896657526,3.712917710947596,6877.983291055482,0.0025991505040118754,6.522859933966733,142,161,6.242289362941965,-21.686857563238522,3.6938673848660004,0.6607347630761902,3.96652549452552,16185.69896632145,0.0012539146078174937,6.244766414609553,142,161,6.1792880192579345,-4.262247437578182,0.6627935089095365,0.7996165680770785,2.054352657421157,8.404657017145707,0.6771380499920023,4.694028365919601,142,161,8.29060795304251,-9.268922874182538,2.889198645237242,0.7168316451882383,3.6451084784673577,5814.002128756238,0.002951444431897121,6.298615603828737,142,161
AEHTE2TSRQVOUF5DERVN3V5W7EMA,10.274029309815544,-14.448047036849056,5.7318281826355735,0.7847837013897065,5.38356000223699,5876.323242662038,0.006353184128928663,6.285090582539097,206,193,8.875740440790922,-18.212731959131155,5.004915504759293,0.8421794572683622,6.071441868911683,23437.590181363503,0.002020828306242718,6.76153475342801,206,193,7.470355112270263,-4.624578305468298,1.676896399408888,0.8532121454321484,3.469882223341331,21.425377993318115,0.7146422960737987,4.812687305799806,206,193,10.254112914022723,-9.192564478079488,5.747792967260335,0.7936203189559584,5.430247932604738,10231.253736936851,0.003762824378121487,6.720799495707716,206,193
AEHWKRPNWNMOAJSMO2F6O7RFRTNA,6.361009650344209,-13.168703429207813,1.784810735349675,0.7918503300029507,3.697636819295083,3439.8417522662166,0.0045946467715942,7.451419610308784,155,162,3.9567013196532765,-17.94438194835763,2.2938770330651232,0.779592272960419,4.173419599069359,15969.862188522577,0.0012471577914938596,7.158240639018096,155,162,5.902816520145901,-3.8130761237998416,0.7359929662478752,0.8008218516733183,2.228313366506831,13.43025484034919,0.4595098669104165,5.5635950226178705,155,162,7.3297702827413955,-8.163868539154143,1.2286149264834818,0.8506422553012752,3.568724219678229,5372.936787403654,0.002805956605143131,7.227221235570071,155,162
AEHZBUFEOW4TY3K4IYFFR5ZU5B3Q,8.06527189309023,-11.76641203628851,1.9109859020947733,0.8530785324421291,4.384797888605419,3531.806543631421,0.006540177515415085,6.09044437279207,499,478,6.041604932324798,-16.67293432725525,1.49654769039603,0.8934600188359229,4.66635234981904,13367.532926743119,0.0019648857142523595,5.9062422710442375,499,478,6.77471302424256,-3.9073013948405,0.6152451190796411,0.8911367439363317,2.700815842368896,10.185739715957238,0.8920550423544605,4.581138801576066,499,478,8.739682131966683,-7.814916447902875,2.182491654762381,0.8302022977383663,4.2157902347720855,4313.052759686477,0.005111609930446979,6.007684532405418,499,478
AEICZD35OTDYVWA2KPYWN4PDZ2SA,8.479630321090895,-12.55380809263096,1.083103855482618,0.9316533953639998,4.580389438766345,4883.820377537947,0.00525854378623063,6.230424937474035,959,994,6.66918045201463,-16.364208918675374,1.1708022418784214,0.9391715136881651,5.203998861640851,17990.4502103014,0.001813452317685143,6.492334628573144,959,994,6.992216380247244,-4.216743482388917,0.3730057773028616,0.9487667011628282,2.990584996260579,15.176123999972791,0.7149517052680493,4.63182626024424,959,994,9.103828107153236,-8.285309504852908,1.1236316969104563,0.9305655474706641,4.501177571940862,5838.835723419536,0.004319902128085307,6.3698201875059555,959,994
AEIDUSX3CGQI3URKTYY7U2JRMPZQ,9.397696890050668,-13.579791846762815,4.433922921471954,0.6828026933571976,4.580482154025795,3623.8624657856235,0.006936389978523277,5.461866701650373,193,161,7.6360155908240905,-17.282984555364322,4.467813828697389,0.741912490623356,5.118520453037084,14807.541587332222,0.002154424292035435,5.674592342137598,193,161,7.139194133371261,-4.041793057863368,1.4789027536645671,0.7770527262891167,2.9832833691474674,11.3154431491004,0.955067025277369,4.364588657688709,193,161,9.566163598837068,-8.943657153630705,5.369600021579509,0.6477738821604837,4.559637967237393,7480.726256528792,0.003443565025820219,5.743689623688999,193,161
AEIE2UJDKWR3NG3CE34PT7R3QSVQ,10.259651318917316,-12.007696114147056,5.005357248810798,0.8483299816475401,6.430082660940041,6281.796040250675,0.007714961708747814,7.690131884184566,298,275,9.209222371889336,-16.26094654415109,5.691919636028731,0.8524201928668758,7.108683342237119,23500.450808815625,0.002546317250460778,8.291098048582917,298,275,7.704855231420115,-4.05145388228537,2.0696239160561998,0.8584915498556303,4.116157671738611,26.253134140846473,0.7654945389954702,5.733660032828207,298,275,10.456381958682305,-7.8138861400286626,5.298995664217371,0.8663830317779909,6.63112701700256,9416.951719174023,0.005661914749151357,8.522812051619137,298,275
AEIEKUH6Z6OH2GVPS35MCF6C2YNQ,10.090364444927843,-12.540243956896477,5.883411882711431,0.8128591282104833,6.024714216400707,7552.801657838395,0.005953860378595076,6.900342946925629,215,225,8.68094309234502,-16.464398332881267,8.790108125633084,0.7679186493818065,6.727458840190931,19779.0685474052,0.002865132373480598,7.200629970731297,215,225,7.323442101886114,-3.447149923020039,1.7062571665535802,0.8724977702088779,3.799970876153258,20.852818387041022,0.8880561177301755,5.114791953740918,215,225,10.0365092541326,-7.92055461784147,6.939239466063039,0.7961913668160022,6.000897190778926,10134.01676101638,0.004618480262115388,7.064174389400576,215,225
AEIFOXPMNJWZXDDGPO6DBZPSQ5WA,9.702447305437097,-13.985800188307394,3.6269242039494674,0.8618204803223802,5.602242599471742,6788.391886387437,0.005581737617704475,6.866135845817136,185,172,8.820907150792477,-19.421877907861752,6.002229387834554,0.8032980588457365,6.302499722013908,21659.522235361765,0.002158462188914053,7.56494425650804,185,172,7.423291133658154,-4.239496282561282,1.7768882137394009,0.8535804858243605,3.683148891169902,23.20558851379618,0.7113382223050527,5.236295646800324,185,172,9.820714134361971,-8.34840680204313,5.074984983643528,0.7927016833259064,5.514238906520395,7645.5037261518,0.004720282778845223,7.178696407417756,185,172
AEIGI2BSHJLGSDDP6V2JO7MTABUQ,8.777533142017711,-14.721964796742816,5.66368571347154,0.6934207813476623,4.849368971692885,6523.8820151522705,0.004266496652110961,5.3556330665876795,88,92,7.535274265861283,-18.648664266634768,5.826630883101626,0.7666016719270425,5.76982631835072,22751.83666563461,0.0017196021802557753,5.782521288978554,88,92,7.082956665634744,-4.180075534158015,2.3651706624899127,0.7520576492447842,3.324057104136274,18.108281369242853,0.7207041678287658,4.270479351405478,88,92,9.012690112106066,-8.5924140977227,4.200205546839396,0.7862778439971385,4.939219334953232,6991.962980128017,0.004142280449361893,5.611241840936752,88,92
AEIGRLFPH5Z3EQ73Z23CJ3WX6R6A,9.09687206052405,-12.301094080090323,3.474130957297021,0.8136661915273864,4.965339021626562,4473.178002282906,0.006644164719473471,6.161038372832742,355,391,7.0354342713629485,-16.526235837968002,4.508810621445015,0.7925869440999147,5.5300197181747075,16842.915948680828,0.0021556693291146668,6.2150605088755535,355,391,7.042123821763064,-3.8028950035004843,1.372059743819481,0.8380509361131893,3.2015261746959527,14.351183380831225,0.8688591505426803,4.602125461599029,355,391,9.244068763631898,-7.790794509179343,3.8480794242186507,0.7994497163691432,4.902039759159173,6889.061430720261,0.004281313575154167,6.362878678934599,355,391
AEIIRIHLIYKQGI7ZOCIJTRDF5NPQ,8.822221493967715,-11.902535132904319,1.6805118555636251,0.9116616912878642,4.954738087380006,4361.380253954385,0.0068850339274496705,6.79611179856934,1014,1048,6.979648846405852,-15.410445444338857,2.8986438360924907,0.8816217230126243,5.815447913306293,19222.978313557494,0.0021077271185041017,7.361659084349076,1014,1048,7.052899784760256,-3.744266550230704,1.1488287391637737,0.8799113708411932,3.3267376079530484,18.875939031899538,0.7206475742212471,5.119736577894295,1014,1048,9.238029643493071,-7.528357197373077,2.6328038448161513,0.8660238432330782,4.886081541614699,6032.736033644718,0.004926492862516861,6.975925940367974,1014,1048
AEIIRIHLIYKQGI7ZOCIJTRDF5NPQ_1,8.491371709698225,-12.082185533168726,2.482935133122271,0.8393664854303873,4.671574704916344,4071.9815487166547,0.006407977235902046,6.915888240306342,185,183,6.52783721475891,-15.840858965617056,4.217677126639322,0.7765019077605455,5.306496868865276,19416.23861394224,0.0017279905831533316,7.214919399584562,185,183,6.7935750867670714,-3.519669669914583,1.4774698332651892,0.8125233897828524,3.106284043693153,16.652807441527838,0.7017523627749715,5.140592940260278,185,183,8.695051814470167,-7.204660715215624,2.836076625181235,0.8125039124395308,4.488654985201495,5049.7243034197545,0.004786957993280179,6.961922171197767,185,183
AEIIRIHLIYKQGI7ZOCIJTRDF5NPQ_2_2_1,9.1579906575431,-13.468996387855578,2.1439420963493268,0.880859177716785,4.743900610057922,4703.879832083941,0.006070340510590135,6.726303616490385,262,272,7.119529354622662,-16.965142643295607,4.461815320670953,0.8161501299234927,5.622564833800825,21180.334757703986,0.0018645083623472494,7.222462744498139,262,272,7.1071587728253425,-4.169515717862439,0.9691369187260235,0.8943332153990609,3.1692051015992027,20.23502733808827,0.6354618099023172,5.033990983485887,262,272,9.41964264455693,-8.4228862737793,3.145080171297663,0.8411295848465268,4.743378286821117,6713.73588482067,0.004372654432959399,6.958640891938626,262,272
AEIIRIHLIYKQGI7ZOCIJTRDF5NPQ_2_2_2_1,8.837627967724163,-11.183711350137452,3.6654049736796086,0.8284220378399146,5.165818597684211,3997.4461530311874,0.008126626829060922,6.938863716896873,293,330,7.2201477478520815,-15.90143846918356,3.3965710470363586,0.8664432579760603,5.982865306769028,19100.244217705465,0.002184248919831607,7.657225029033916,293,330,7.035869527525882,-3.702180085366308,1.4547669570981296,0.8495877232776627,3.380776756050539,20.15539959501636,0.6834729879978073,5.238284589929969,293,330,9.198873748058784,-7.023966728456797,3.7519038913591256,0.8213721091571253,5.054419031914396,6055.381942079328,0.0052175693993603365,7.058555068631976,293,330
AEIPJBAN7A55Q5DFFPZSR2UV3OKA,9.1600667271662,-12.35464185183188,2.279372713171032,0.8723313223829167,4.881220800864789,4650.6834001539055,0.006190359394974925,6.447779190669362,772,746,8.012850129660228,-16.88438354902223,2.0589903695615184,0.9013203979271718,5.459918648116234,15426.98927864593,0.0022977441477243874,7.117121937788734,772,746,7.135421213611014,-4.262849508907603,0.5539297231372876,0.9293435585777287,3.0922318164633316,18.12406480851983,0.6423714404879889,5.055520599130669,772,746,9.480000146912598,-8.121725362599452,2.2105091189144823,0.894129600914111,4.975531555433755,6583.163492265378,0.004635233949913642,7.070263211804271,772,746
AEIXEEET2JH7UHPPX4WEFRYYX7IA,8.369200357075886,-12.223532054276813,2.437337968585502,0.8506783567052005,4.715828267561511,4929.644912584109,0.005275491649276085,6.42834330516603,200,201,6.3052006645909895,-17.014620546837474,3.521111831903844,0.8210691025820619,5.351824269718268,20239.983856534058,0.0016274464200719272,6.613172399774973,200,201,6.759300375468163,-3.5375310136945286,1.3282007439214902,0.8357566940090276,3.1204041699013056,14.022142942037034,0.8258106902681027,4.831102578766371,200,201,8.618190100363384,-7.672137403488015,2.569844699440035,0.8279992617482235,4.424705434143152,6208.875032041996,0.003739814607346278,6.400499072719389,200,201
AEJ4MQMARLF3CETRXSPSFLBPJPJQ,10.174928145111833,-14.307268172383097,3.8787611987791193,0.8033511974377601,5.281942304828099,5258.068017361529,0.006205856895071416,6.318363456713093,179,190,9.585194815273958,-20.318519503684428,4.8455612104211,0.7962295127474489,5.931077066628198,21250.716023517216,0.0019280595775046868,6.697384637542661,179,190,7.554888981041299,-4.5439438816892315,0.8518452515315026,0.9106157051442799,3.4593267094385545,17.18188415730841,0.8279714196592248,4.72540016797066,179,190,10.2027744349234,-9.433689946306231,3.913908835832729,0.810914240676194,5.156458778641394,6947.487851286652,0.004654413248776117,6.6054395305266125,179,190
AEJYZEXHGRPOQ7JWTECOBUIRSEDA,9.150929966623757,-12.755965767474459,3.9077922801591773,0.7585690982345293,4.69780296236919,4263.404023845195,0.006391906586259561,6.568290650339245,269,262,7.404984265125614,-16.88895516886712,4.97899956610642,0.743019099003868,5.165293432277303,16627.09157051778,0.002021756899750666,6.488641685714382,269,262,7.143914058694188,-3.9097753993674913,1.5914947031777316,0.7915412784402649,3.0053412202565277,11.774322412324286,0.9913667491778154,4.878629272968391,269,262,9.233711790140402,-7.979139356294057,4.218666560591532,0.7362729424248716,4.481182872978159,5813.268418030503,0.004405636243980301,6.462167557817872,269,262
AEKXTCRO7YBU4MT6WTY4BKAAH5JQ,8.342162262463932,-12.150886400430347,4.092842570666987,0.6916777567587409,4.496277232665325,4727.793665746352,0.005080486651307125,6.0120767261279076,142,138,6.479553028940203,-17.301105683250935,3.601271366423794,0.7405637222183336,4.815637499223812,16426.66908403844,0.0016456959395367038,6.1406437584346545,142,138,6.709070625743206,-3.779528250639187,1.6997219509643189,0.7231111633644371,2.791316925723728,13.724609261759593,0.698826331933698,4.744071194361474,142,138,8.76511388222495,-7.837676660838381,2.763181203856666,0.7856832995248549,4.301414556350928,5613.9044507539775,0.003951151350201188,6.234534286415496,142,138
AEL44WHEDEFNR3LR65SSDZWB4G3Q,9.783258225563,-13.273769953705104,2.0835643607195697,0.9224804468628077,5.725580516032832,5488.051582377217,0.007151677880229032,6.813066808607879,156,133,8.443959042158296,-18.003433297995908,2.953901232635288,0.908338932820757,6.5460459960847714,20613.295362700876,0.002437057926867914,7.523949756001048,156,133,7.260496732017016,-3.8496126730162956,1.9033250445616499,0.8465479931782698,3.810090338126015,27.169398994039735,0.6360694450340725,5.252839527642417,156,133,10.042801321616803,-8.612924330872165,3.2673448603287696,0.875476722112046,5.6616052023746954,8309.051319326984,0.004630229778467842,7.324069042838344,156,133
AEL4PBKFH7QOW74BY4ZYRZKKRAJA,8.850189622647644,-11.409177238746137,7.866733402362888,0.695737897704294,5.450690887889105,5375.170111782063,0.006756395811762209,6.991005926236422,269,263,7.144976785816539,-15.627140407241729,10.387208153954722,0.6867161807389235,6.432603400779406,25817.4005389653,0.001909052706746569,7.998379727288738,269,263,7.030628170373369,-3.747111899453876,3.5333035860147883,0.7094057344065736,3.5973581626274944,23.773345666563813,0.6707937045151428,5.383785316171608,269,263,9.297070837691072,-7.825578881222248,7.054486700083039,0.7289812176192543,5.366252696603673,8038.076569874685,0.004475820622243597,7.310515221620284,269,263
AELADMN45VGEJ7XYNZFIHRVMEJ4Q,9.488489537116878,-15.909614094288989,2.934143771217117,0.8051227966408014,4.453617441314833,3925.0522292651767,0.006166079832669428,5.5223120425905865,115,115,8.042337338529965,-20.395972323463436,3.4318629321884018,0.8030507183142712,4.95972890571904,19612.95499455079,0.001520754840730818,5.800967819944333,115,115,6.950969086221726,-4.172471858844457,0.7263657459736741,0.8967024074198643,2.928630103181645,15.41614500188653,0.6853933254178007,4.352589590566641,115,115,8.961517689552506,-8.38652074246856,3.313392588351396,0.7859172600093816,4.3942029616988965,6477.877247306114,0.0037029024192914224,5.7795078137263065,115,115
AELCHJO64W7III5PDR7RURIJV5CA,6.751915920515522,-12.981204539803489,1.6412929482157943,0.8084964856313951,3.4868010830568297,3427.9761388925253,0.004646823342624211,5.783615956566607,186,204,4.923945199122065,-16.88747758251221,3.953192442614669,0.6526040698795543,4.049871963569425,14366.109751914062,0.001562407125733982,5.7355313792560745,186,204,6.342856899780053,-4.087718062902147,0.943437841223371,0.7466785421159379,2.2025761702046642,12.191835940130952,0.5365436854526446,4.51552143685905,186,204,8.120838883145096,-8.932517264512326,2.0285722105699655,0.7708358055337545,3.5092279773595223,5934.627569510748,0.002741495833561691,5.830968266736475,186,204
AELHJGJ7U27236OSGNIRZI7ZJDCQ,8.962115746075446,-13.907746049340625,3.6162633274488796,0.7998443633029405,4.7747059735566175,4840.7833472018065,0.005852141768977328,5.868024719306181,144,168,7.5641574978088135,-17.937287806639088,4.411485490534923,0.7987220314894008,5.460759778957717,14018.906125375779,0.0025974614147772795,6.1102414447998035,144,168,7.135329982179965,-3.971272336836789,1.4993503187668145,0.8076648610594541,3.1736229505889906,13.161013348315773,0.9121316257109398,4.4771745378051735,144,168,9.623619408408842,-8.981711268099353,3.873527438208548,0.7935837768815187,4.836861299017745,8516.608668369301,0.003373646761031933,6.1815587598419945,144,168
AELHYMCYVS6T35HA3UH5UGFWTK6Q,8.375955825654817,-13.577120601677551,4.654954296226221,0.5969297010054571,4.1741782311570255,3855.918343425921,0.005308763112882799,5.594379245220803,304,289,7.331754605501172,-18.192120433283943,4.924167272054333,0.6274103542813823,4.697183933895911,13513.43767607403,0.0019112265968315822,5.843366942600003,304,289,6.910648454296724,-4.1326660987437664,1.2971967348245534,0.7415874659290287,2.693658852502733,10.286765368210382,0.835895271239077,4.464682801520028,304,289,9.096186214861406,-8.81949303444033,5.298342435122969,0.5854132081551621,4.210404061720062,4828.729074582649,0.004427851367392548,6.018334981500528,304,289
AELU7VBQWQH7VMYK6Q3CIU5C43RQ,9.152004590216563,-14.746838559492211,1.8010277477086871,0.8407308003536647,4.118962851535958,3363.1455977673636,0.006044883820999846,6.2312511285211,212,207,7.595628004857369,-19.289037648639223,2.4538033769971563,0.8326610256497327,4.702859886110747,13235.802503137873,0.002011578659249822,6.144546056057162,212,207,6.9273823608697755,-4.538030143999055,0.5295996106762327,0.9082705930112034,2.688493095113403,11.96217978381397,0.7444840599866095,4.666329199659376,212,207,9.295652842324124,-9.392397860553952,2.130394951884876,0.8187271079345668,4.116086683242626,4863.239727612996,0.0042104664230474325,6.28404015990881,212,207
AELUTBS3LRR5WHUB7JJ4UXR3QHPA,8.731634035119004,-11.756947627815386,1.5625726545064142,0.9214782254297024,5.070231547718367,5186.637343191466,0.005907488090786179,6.82079159967654,403,399,7.391836614866128,-16.187692447039677,2.4668154700748373,0.9030000924954648,5.847023009991383,18232.645931267805,0.0021992873507477636,7.12006198951686,403,399,7.104205495133695,-3.945431283487026,1.2201716951973474,0.8754338233171836,3.377854161048019,16.299980143847527,0.8375126448809255,5.078861740320385,403,399,9.265804755239444,-7.858326543241589,1.4406547513868149,0.9295044067629206,5.0243969708722815,6249.3827696599665,0.004898093953071069,7.063693763878626,403,399
AELZDJ42ZTKWK3733KORAERLI2CQ,9.2953416691596,-14.641864423614537,4.016760007207832,0.7194089845845888,4.542090419559815,4011.3005724264517,0.006098205491118646,5.56977251422473,119,158,8.703456892217924,-20.769485313559098,5.7716871965548044,0.70505876089961,5.2776543996028416,20540.078144758176,0.001623640226618378,5.926279979448512,119,158,7.20078809888532,-4.348046698909357,1.9493033270582225,0.7246237065752366,2.985452540848447,13.781742531988884,0.7980458917717816,4.417038854146839,119,158,9.423635297614146,-9.507836307005164,4.6270112250898086,0.7081866740944396,4.54110917244726,6441.482536220238,0.003874849366826092,5.724006150453859,119,158
AEMRAZPNN2NBBUDV4YGGYMGPFC6A,7.875857744518106,-12.962524702525052,3.3842913405015764,0.6962409721320717,4.090154589316491,3952.8613174550287,0.0050740215621672986,6.250577916254361,157,187,6.179009549029088,-18.412991138487417,3.6619229973449703,0.7017663570676719,4.434585617269682,13715.180333072867,0.001684562655087567,6.078613732327841,157,187,6.820104491189829,-4.333199534288427,1.6948636694191814,0.6801176020958353,2.625401382449106,10.435503786181767,0.8157118785471209,4.652708919697906,157,187,8.368806223040801,-8.369839363277707,3.1830837022074756,0.7006978803475815,3.885044700179005,4707.852767896611,0.0038012403370204363,5.986401800203101,157,187
AEN5LX5777LX2H7KYOC3ZV7BHW7A,8.005969341894724,-13.209808557357015,4.166775412501704,0.6720154867383893,4.234135163721674,3645.470966439623,0.0061007873850459195,5.99680657555033,141,137,5.7895958558447225,-16.7611927976894,2.799069059583295,0.7889077359472226,4.49684520255292,15293.32148147209,0.0016287646292053569,6.014807677159074,141,137,6.671258365947874,-3.7636153837293356,1.7537954155720679,0.6850127469260531,2.638259415530611,12.5712938564681,0.7160332515645347,4.680949373916295,141,137,8.217196707473446,-8.081215311488783,3.232434169457246,0.717435964292884,4.022089043251918,4807.5993114797575,0.004086732205004787,5.938982533315187,141,137
AENEBO2ESDZSB3GSHROPTRBAN2VA,10.220927668885086,-14.014587622391579,5.852871107529687,0.7456334550421133,5.527276465338573,6746.474169835431,0.005331710182084765,7.379177856384049,152,146,9.450334097557542,-19.932805951649055,8.509411135842965,0.7009228972501531,6.411968909412714,26625.78543578886,0.0017815255939516712,8.08824160532636,152,146,7.394364166984035,-4.14695004499475,1.285555948348882,0.8887393209298229,3.719394473195952,24.73164942229401,0.656340654950677,5.688579144956551,152,146,10.700055990873311,-9.352795248261568,7.553352336256287,0.6823979618870339,5.580337364601296,6376.197099496369,0.005765466391587504,8.021202961743551,152,146
AENEVJH3U3MYSPDNE6VBEQCW2V4Q,9.101504706087285,-11.96193329373824,6.796839330437164,0.7357419369980676,5.383564431061207,6132.966467126412,0.006101362826520817,6.382984423376392,266,241,8.4457543494459,-17.351137385778262,7.398647025768022,0.7504035400722926,5.993887559255006,19196.584243799636,0.0024196486506587217,6.786081883904356,266,241,7.135285033905299,-3.8203054691043814,2.223505312534772,0.7965821349989588,3.4295121131261035,21.439169055445213,0.7071463041719772,4.6292241178362366,266,241,9.870705358890222,-8.064990095653654,6.731933886516467,0.7557235320720813,5.485486030386706,9915.134187767928,0.003969832370957895,6.799454117326189,266,241
AENGGJFDKQ2NVKLH5AASUYFZMXXQ,8.498656893393724,-14.416922862773406,3.259901407637927,0.7122128229225522,3.950728727649599,3317.1137674423203,0.005894855948356287,6.119448590754162,98,96,6.903883733926738,-19.53536785519854,5.760295378591313,0.5936712965172279,4.620754896577787,19440.64211288464,0.0013613370864974806,6.272066028238851,98,96,6.636055687938328,-4.175460550258356,1.7271828474349908,0.652883503039168,2.5670612102738617,12.290038499912505,0.6606042167416051,4.77807414093029,98,96,8.669302999170418,-8.788526725594096,2.978678756669041,0.71959539373608,3.839153476729412,6207.322955444687,0.002989315807986658,6.39948727903319,98,96
AENPFFAIQ75VTJYM6BCEKB5WWWJQ,9.911832655802097,-13.637712358855755,2.0435539608724325,0.8847071991427365,5.0319390569,5492.852867698286,0.005474101259804463,6.2121170015980915,191,209,7.875144932190304,-16.62471822930152,3.4937096301812787,0.8352688242826023,5.5937740876022755,17427.06281502038,0.0021682051177437946,6.228593596162242,191,209,7.420959601451124,-4.164921247666168,0.6312647901658576,0.9217313077436574,3.2135615402912876,12.861798637978435,0.9766767119476318,4.790380634211924,191,209,9.936785207292282,-8.639185556770391,1.9880847590865056,0.8880260649420335,4.898813330720556,6012.480340400473,0.004818214808888327,6.363646734841891,191,209
AENRY5O66WAAZIZDQQINVD3PLFZA,9.719611486223155,-13.482992874548781,7.346261227416226,0.688473445146508,5.4280657833828565,5960.358583589257,0.00600008411542466,5.870789507619298,106,94,9.339061781454198,-20.442442490847952,7.3039217539511485,0.7163645571718634,5.9540354493702585,18726.105868977334,0.002260093351928777,6.258988088020881,106,94,7.0773562004288975,-3.6355220653018723,1.9581794008118727,0.7917593217124498,3.3851389947993873,17.387766957099554,0.7855709020809766,4.375208893852968,106,94,9.878632115080592,-9.503677447455091,6.107929842050071,0.7413597371727869,5.245350420280965,9642.330400424093,0.0035492341991851047,6.112428199216331,106,94
AEO3V6QEVI6RWUKVT2JDK43FEIVQ,9.493158203328571,-13.45260070273675,4.781176146178864,0.790873497732981,5.131594460121233,4813.889911173786,0.007043487061088025,5.878170932690578,211,188,8.519234199589095,-18.35077937764259,6.294592965547154,0.7743376682038147,5.85505186087809,16986.583697815997,0.0025646984761899267,6.370286563995585,211,188,7.250858950711197,-3.9638131322477346,1.9413260501528746,0.8138208071548535,3.4155181079006085,17.882142042621012,0.8148199197062823,4.645065430976346,211,188,9.66453413407031,-7.937025055539983,5.516020939328051,0.7782998856156437,5.28738554263278,8010.510431962372,0.004479294113135066,6.342245482429218,211,188
AEOFL6B6OAGTNKAO6R3HGN76ETWA,10.06935031287776,-16.733623358486224,5.820065578857744,0.8086662789469451,5.393757779826806,7634.523232843414,0.0051953263499936115,6.485625658200117,100,112,9.152826341062058,-21.603226938757196,7.428017402033953,0.7918705336893065,6.349509355064251,30899.592502443862,0.0016895608490842585,7.322320257312755,100,112,7.217809873462241,-4.1385919529498185,1.1590358459673868,0.9070253425620347,3.5880347626740066,30.582408420070994,0.538222773728746,4.9924794036535305,100,112,10.072055137292685,-9.86104346906838,8.006711306932027,0.7383531587615516,5.527677567358694,10828.057695070764,0.003721467628784245,6.920338396161749,100,112
AEOK4TQIKGO23SJKZ6PW4FETNNDA_1,8.895612422114038,-12.620612285339567,2.149029557039733,0.8440444167074477,4.461965282409798,3947.673215570599,0.006144626155613204,6.094798998466703,268,279,7.311526279240803,-16.832137048317627,2.3010127115090784,0.8530816633964537,4.974834641134075,14622.650726835518,0.0020282246028779536,6.182011075724496,268,279,7.031411844757779,-4.338194095431,0.5535079134380004,0.9004004929287351,2.742114087661072,11.350043250362402,0.8047619242447487,4.662709405836018,268,279,9.287398283778543,-9.090905085603907,1.617344823062048,0.8927113514872461,4.358301367560162,5793.098601113676,0.004155633076168675,6.208628137709711,268,279
AEOK4TQIKGO23SJKZ6PW4FETNNDA_2,10.750452420764514,-16.162341852849714,6.558939492416172,0.652965187276876,4.883899827308681,4554.14403085138,0.006457213399887463,5.781129546815583,112,110,8.943078252613171,-19.373542823021904,5.513167856094377,0.7523582536175291,5.555459235325464,18159.540816475554,0.002052804672803908,6.137091256739484,112,110,7.885067694206159,-5.527824107451939,2.545266353147813,0.7201890716808252,3.171371570476687,13.373294932788063,0.9534690951290159,4.491796079858353,112,110,10.21609346717662,-9.85150298987378,5.132627810293979,0.7625183934306665,4.909486509477568,6243.317227438067,0.0048942909248338475,6.30300711319008,112,110
AEOOVIA4OZ4YXXMOX52QKRFPI44A,9.211787938383075,-13.479620458287862,4.72796034368143,0.7591356579012791,4.999663774032901,5725.738139579632,0.005443522975257396,5.632014575535216,106,101,8.094749045882816,-18.786490709096686,6.441146385284636,0.708759389510917,5.545452317237199,24735.385393271325,0.0015452522503191202,5.807567256925054,106,101,7.269839498743753,-4.263370637639142,1.9138238495909965,0.7569509255451671,3.112313572860585,14.783862457529594,0.817009741157162,4.2989262578466,106,101,9.152417051524067,-7.703834199444635,6.1056677478500685,0.7468753617388797,5.142954989920737,8934.87477113703,0.003910664103785392,5.813761929218872,106,101
AEORT2SOUGKL76PYWWGS4SUL3OSA_1,7.450868005957714,-12.758915043993142,1.902098303755045,0.7949129296473488,3.8283722145370827,4007.5027863235146,0.00440299862049701,6.39184059727441,315,286,5.5701086303806555,-17.887353834565072,2.8041327920751016,0.7293900802894722,4.171902736569667,12984.482291876746,0.0015902085751888454,6.200258582603739,315,286,6.56952577069432,-4.42881987834552,0.9484336024117379,0.7551844141916648,2.3369483772380772,9.358198438566152,0.7171630304349474,4.837683483259314,315,286,8.465845743083804,-8.958265282241275,2.3854083731282425,0.723678217033678,3.628093557788234,3704.947945915782,0.004268842579006705,6.341601637390956,315,286
AEP4KJDGBH6XPJKFEHPYSAPUNDBQ,8.736269990259004,-13.205429526838325,2.8556479582199303,0.7717557380111677,4.408031895106495,4854.010421918425,0.004865501210198983,6.154555436102707,129,128,7.6704604691345075,-18.795749164876717,3.0516086551476156,0.7899935483522924,4.891926882403357,15448.392437918441,0.0018424495352467516,6.120022648770848,129,128,6.749940300582861,-3.727217908302702,0.7760223274122793,0.8304570599339902,2.576877545943639,8.008047339576082,1.0306183146226853,4.56822741962896,129,128,9.286960681458917,-9.34239198200784,2.4449593302493593,0.8037900570233467,4.172954188127095,5587.813861931514,0.003878048803631339,6.08786813927628,129,128
AEQ2P7WFOZXT2WM3WSFJPDWLXQAQ,7.448467855983876,-12.922788662772424,1.8044740461701168,0.7955395766947067,3.7960549516268896,3663.152889830007,0.004610155520800422,6.004750912690843,175,170,6.290209031938992,-19.12138515843073,1.87475134335253,0.8159093099844887,4.245504013523094,10556.044467653237,0.0019701689611332195,6.1708665659165245,175,170,6.290961708429712,-3.9670915719419395,0.7599761994304239,0.7796408712109271,2.272577784710327,10.294214481573704,0.606717318482791,4.720346890322915,175,170,8.289674689600208,-8.81115546600424,1.624950422050824,0.8279291682772338,3.8028229971655967,4545.925489297732,0.003728327430616813,6.302081566213013,175,170
AEQOF6IINLJ7YDIGCTZUORSL3G3Q,10.293429612361297,-16.195978483751013,9.449756884788739,0.5848205310355971,5.2806430607649855,7612.172549773491,0.0044607458446839325,6.316401852333761,86,86,14.217221988774517,-33.269845671899546,12.554821826293532,0.5462713200146909,5.868581119648258,21954.799733656706,0.0018906335389294007,6.708527011960536,86,86,7.563446046961713,-4.941455312167353,3.3790181292712544,0.6491764566579276,3.3291327624708598,18.52397366879399,0.7269977354877296,4.904458715907256,86,86,11.920789269135454,-14.25009673861179,12.588763478578922,0.4666035210302757,5.137584285043382,10508.14558849754,0.003155053044433759,6.738798303588473,86,86
AEQXZCNKESE5KNCYCQZROO7GZRKQ,8.806777687997526,-14.547121547586633,3.414410912199406,0.7568916064232712,4.414231515876157,4074.0228921098565,0.005688249263106539,5.820438374937974,201,192,6.968824737825481,-18.14464768450271,3.638814816524006,0.788523396898292,5.099018408390356,17459.12297735407,0.0017593340011630484,5.890041765363045,201,192,7.101170559290893,-4.478058279183088,1.165358363942681,0.8109523395213689,2.8723132352480523,12.554350627263766,0.7715453180138014,4.51542933251992,201,192,8.972206751626011,-8.863803768034673,3.5487267286321043,0.7296160564819059,4.230874067164447,5907.817418556692,0.0036369879431902125,5.824479423303947,201,192
AERBXNFQCS5OD6LJOIXMRDPTOVHQ,7.525895327001752,-12.900097954635283,2.4589543755861576,0.7830983231056368,4.012282688490213,4381.618166003054,0.0045028527543603146,5.973827367694736,189,175,5.749672470471994,-18.11574569144624,2.920971025318818,0.7617591114819118,4.44735526853525,15942.82539192908,0.001440063266328313,6.174648955717174,189,175,6.42032944830788,-4.012016766848609,1.0381449958998534,0.7922124187935757,2.595486640838252,16.310234063207293,0.4917420188596935,4.605115972602111,189,175,7.826090603100858,-7.019899770512241,1.5883821453947962,0.8650082375280223,3.9352035643185688,5390.6234459559655,0.0035251970913332273,6.159851122398779,189,175
AERDCAMJOVIBWC7P3ZRCGDXSHBXQ,8.317756563388972,-12.775935204204112,2.8991213043627404,0.8263723638260568,4.681123518365401,4513.9513453431355,0.005932552806388808,5.802898476218782,153,171,6.661049759462893,-16.64177099416863,4.354922692879666,0.7787431887729137,5.296096801358059,17817.32503120158,0.0018624669898028349,6.214603012156986,153,171,7.01764861363278,-4.172816321832502,1.011920427237779,0.8689392463103617,3.1011294410114525,16.200475585125314,0.7077329835315515,4.422812014595705,153,171,9.206698628020527,-8.92301867758267,2.799579283840877,0.8306687418900589,4.609884779916402,6558.7746123800625,0.003959477464538105,5.983659900993472,153,171
AERDQD3WFTSIGCSDF6GGFCF5PPVA,7.557736835584151,-12.229712821485627,3.0392185390898607,0.7188821195059674,4.0934938261598806,3767.9459282196344,0.005281473556323766,6.5235856893378426,208,193,5.575781535203695,-16.783628895662545,3.0738718817724116,0.7506261746444289,4.510181442403375,11355.551265951666,0.00208662363204304,6.559862870950641,208,193,6.230761372164855,-3.8663159459625507,0.7866550109124334,0.8071730861024473,2.34079239636573,10.283009327845305,0.6572999794689393,5.090746573875269,208,193,8.0833954345785,-7.896012585371888,2.575037542052919,0.7340559048049444,3.836219396763752,4250.478571285726,0.004060061582898229,6.4665965442700655,208,193
AERPI4FAV5T5IFS2QYG3B5Y6IPAA,7.521121382772468,-12.697029242204067,3.7397163015296067,0.6388420020582568,3.959058942033427,3483.47439538575,0.00539795199849769,5.508750225080445,130,108,6.6734249219964665,-19.688070413616032,3.5480667408027475,0.7121588175848732,4.395773498551282,10848.745973726085,0.002163694296660644,5.576046086478123,130,108,6.649097564655894,-4.458520748914204,1.2205055201101949,0.7235240876143879,2.424705080534001,10.514819244172067,0.6899881457211439,4.159311719169608,130,108,8.264869003836958,-8.203075340655248,3.7637948761452997,0.6328515817197743,3.8158009941975646,5088.1997745466215,0.0035255816497774296,5.501113582629475,130,108
AES3YWD3ONJOUDRWFIV2ZO44QDAQ,10.279618325083907,-12.69881589376463,3.2610796629145953,0.8795808519416459,5.815076918750002,5572.779184060075,0.0074171138283696016,7.810536512988413,375,386,8.549970890861808,-16.51391246152935,5.738264415623173,0.8362244140526245,6.775003494566361,22281.25311295048,0.002458896756647715,8.615183163505568,375,386,7.613927478689945,-4.1288032258327725,1.4129963012661422,0.8908551711038274,3.8811471993288134,24.911234878335186,0.738025589257198,5.880597591524532,375,386,10.497912518484295,-8.483277414676826,2.8916854266736323,0.8926359698722538,5.893870265885939,8525.330914345184,0.004894850957466398,7.982902803442055,375,386
AESO27BUQYLOIWXWMISPD6XY2A4A,9.887309337449222,-14.73700582564947,10.517461898407001,0.6274705544810206,5.714217738139579,6895.93270908639,0.005863026803842182,7.309390849422018,177,190,8.895256038592184,-20.13543152253338,11.98030893536757,0.6560518854182543,6.554707703343301,24571.66683821827,0.002097212901195776,8.08624475481401,177,190,7.240940139440889,-3.8140086360131193,4.052457430253835,0.6960877729543296,3.8345643152425257,30.90960017309474,0.5843401928109614,5.458729679790566,177,190,9.878721779408053,-8.599509969700112,9.363226163453431,0.6719407978987256,5.742568912665881,10347.994336434294,0.0039085712136518935,7.684004774915129,177,190
AETGGEJL7732J4VMO6KOTNIO5I3Q,8.29900398829625,-12.08339695645711,2.537648389282752,0.7852294224259143,4.248210167275375,3517.472739310196,0.006154774202898231,6.420001111529254,142,149,6.134316813348188,-15.886428460505133,2.6185319333431267,0.7945339224065862,4.648387383090814,17383.639097711,0.0014541197752055246,6.68277507463578,142,149,6.64039818521941,-3.801777400479731,0.879043042473012,0.827391458781497,2.6897238190237567,10.665729928932938,0.7965708495521727,4.936077000686488,142,149,8.652482365203731,-7.115560595948757,2.1708369131090346,0.8183651552229945,4.187267943798213,4321.673763869303,0.004854391589147463,6.7568873979347845,142,149
AETNNBJAVBJBCISV56OOOWLPJMIA,8.223562294273282,-10.783871351297064,3.5865379441562077,0.8006876639336972,5.000730597756095,4813.046262670005,0.00619746827934239,6.609855170284909,138,119,6.853897079241288,-15.901325573612356,4.55452970139363,0.780214187365085,5.477821660559276,16239.614995451542,0.0021697754198212217,6.985820434338523,138,119,7.00957261898417,-3.4746006428486296,1.108495497893557,0.8688749970566232,3.2569227519199155,16.55651407301929,0.7846284704749498,4.906722781727553,138,119,9.044678745732158,-7.841746431155761,3.835746212342061,0.7904889425350816,4.86491154462926,7184.426813345658,0.003958699674879842,6.835974497807804,138,119
AETTD4RUL7QCIOVIRKNYKIVGKMIA,9.9945075105282,-13.865063548191177,5.683357325199491,0.743335539571031,5.505356826343704,4695.472876957546,0.007564834329321902,6.597664818806228,126,162,8.840039492403045,-17.038416707965744,5.60497074812055,0.8018774472244966,6.378825843099982,19649.678870916156,0.0024124911159232997,7.0871613222301475,126,162,7.474067941818231,-4.319590399577915,1.356977760473363,0.8754405852678152,3.6515348546380926,22.617911928149194,0.6967269405259251,4.813434353324633,126,162,10.32249412169487,-9.343853958409753,4.3408285347642215,0.8096547509713483,5.474845204217554,9268.07688327774,0.003799562171799251,6.829624364401332,126,162
AETU6ITSYPQHDV2VJCBWRLKFGYYQ,9.002460168975583,-11.493436259411984,1.4793496485181077,0.9055945138577038,4.874519530375199,4473.875876842659,0.006259356444558383,6.4947219720602885,579,551,7.576178257229094,-16.026839105544255,1.9117900361301203,0.8901958930989254,5.335335840150659,14321.389565889624,0.0023192567124384745,6.677649293129602,579,551,7.057095557790114,-3.8384586209770575,0.36832314667223187,0.9471855070906727,3.0576479382853843,12.592013231201694,0.8860569279520656,4.748995455883964,579,551,9.315518486364931,-7.454262389681178,1.4926759970461145,0.903192785877465,4.644316380990868,5652.474094644362,0.004621041046883705,6.4939114537427765,579,551
AEULD6UDDD7XSH2HXR2L6TNRHSNQ,9.997037283757743,-12.485050777347071,6.248137108198257,0.8054101985227566,6.06752079707925,6131.138971301667,0.007295379775396992,8.117764984919798,898,898,7.776684009983633,-16.611916078941718,5.802099717017008,0.8482212175914501,6.775633984708086,21103.907786772426,0.002591158018766736,8.551978264342734,898,898,7.280159451922841,-3.7914659424047916,2.3368840036952654,0.8453431245726881,3.9370076162919303,22.33044300818913,0.8559752518186166,5.709773043544925,898,898,10.121275994471558,-8.479138533735101,5.5409092642544575,0.8195620871116365,5.9156176692053695,7667.820674288049,0.005554115329327897,8.360281067637645,898,898
AEUNG334KUZWXHHAIRMJXCBT5FYA,9.844799666028827,-15.098668646735211,3.05666803848531,0.7686916585549097,4.473172268749301,4666.831008800727,0.005079101931462465,6.500435360973891,152,148,8.635670740933778,-20.3561151206727,4.227843664075843,0.716316086799857,4.941374849565632,13624.102840352862,0.00210177379357902,6.532827926583689,152,148,7.071139883556968,-4.2303413108741355,1.0926567088094215,0.8116994005742899,2.8326924498340933,11.465889119948192,0.8358607454294,4.83080325433897,152,148,9.504879012655183,-9.537814744302088,2.8035156627244366,0.7780315390722278,4.243534612541142,5137.578948008023,0.004234471253167462,6.571525123680127,152,148
AEUOFJ7IEGXHNGNVGLC4BQQ7XOIA,8.211395978457057,-13.037191378436216,4.710060774302649,0.7033660955477018,4.622169272861799,5781.04866271952,0.004681989297591087,5.781262534537666,102,121,7.342094867061071,-19.2694637860545,6.502805407341109,0.667262417590766,5.209006988202164,15503.796436080976,0.002189517035908406,5.620398073132617,102,121,7.136316756262987,-4.325398114782456,2.471211696791147,0.6780747262362132,3.0030288068584325,18.550858585772982,0.6241483496498637,4.416802714020364,102,121,8.650196862160112,-7.893723834838878,4.020936616593747,0.7370084831087365,4.440747405886501,4790.750950175177,0.0051928299683578925,5.710507833561644,102,121
AEUUFC2JXLKMGJJTTOGUQUL5SKPQ,9.349342516767763,-11.638632135859263,5.155389182350389,0.7872233384528687,5.324157393232889,5015.079689004271,0.007344065131267201,6.234231315731168,260,238,8.112720178799007,-15.821264793897042,5.420450956234614,0.8053766737307387,5.991914989587095,15657.003345576784,0.002894676965662003,6.567026580690564,260,238,7.280819707359932,-3.9585539205367213,1.6358790989378467,0.8442564763834675,3.4137863195964675,22.083003257766165,0.6810011253153715,4.648240487099479,260,238,9.833475588269934,-7.646859245730432,5.544799148687574,0.7876584028607485,5.316749292035825,7544.905906055834,0.005021650192235208,6.6194470017553435,260,238
AEVIVDBW7OKSXHS2P7KPTBSPPU7Q,7.790783695680236,-12.3763966968527,2.940893654495925,0.7756262562830586,4.290660329075432,4950.875006109161,0.004455821828704012,6.411633726724851,179,209,6.020703076191374,-16.752964815718357,4.649086549801496,0.6862727236958521,4.823800732118039,17954.529717176836,0.0015164089600858525,6.632171911744369,179,209,6.685894996006028,-3.9887298407049325,1.7564858911331696,0.6998308485401786,2.8227182131663717,16.773595349130645,0.5583957422504394,4.847534579729431,179,209,8.668105715965002,-8.399906037503664,2.9190439806176873,0.7680101340266622,4.089777578867958,4538.295411488773,0.004484199490346145,6.534132983115864,179,209
AEVT7G4YZM2E5MI3SGA6J6EZZR4A,9.747131126398275,-14.75072957852914,4.9567613176114715,0.6627045816784634,4.6556974804455695,3875.5193679903473,0.00656662247984407,6.3261136135445755,401,409,7.954216310949037,-18.661326836445813,5.400925315827545,0.6590631821701507,5.08880115021415,15962.270738116446,0.0018886214606858326,6.417260656558793,401,409,7.145170248236933,-4.134642408206575,1.7336898638019858,0.7128377970710613,2.895182227344706,11.985850346825817,0.8387562059663394,4.670266379403455,401,409,9.618380566462683,-8.925706358347025,5.918726722101338,0.5762560156697009,4.480763003634646,5578.463996718235,0.004288177061161949,6.420817701680606,401,409
AEVXQOJ4SDXQ4EFRY5GCSXXFIWXA,11.40147876909846,-17.190311167708295,14.98782406247365,0.4634969836460129,5.876090597085359,6702.240605272741,0.006211558683978586,7.041275908575456,91,101,11.723230354725477,-24.213147064964513,20.413478879792734,0.43844236985440554,6.865383753922811,26261.11634470763,0.002178134823509657,7.97211083183237,91,101,8.031502206327984,-4.6476656972056745,5.373640617722364,0.6227988306409578,4.031096325078833,22.339778310113036,0.8922742715628156,5.481425210699567,91,101,11.212526780603522,-10.710711171310797,18.642622402896468,0.3697988570230222,5.914787637591115,7867.536668603963,0.005466498562201619,7.603112616387403,91,101
AEW6DQRE6GSOIU5VAPACM56T7ADQ,10.279524575997232,-16.489760179316477,4.903490195710997,0.7432239719657703,5.13745305320568,5274.696580354058,0.005812131189019481,6.234919849448971,87,103,8.85020683463299,-20.994410659610185,7.636773189967081,0.6756063262777153,5.846568916265545,19229.551952415586,0.002016156544820345,6.281077648008915,87,103,7.606377376295344,-5.102058105597942,2.009683946998139,0.7850787758223106,3.3381258682645107,16.402477800357584,0.7926545808257185,4.549368267680834,87,103,10.190343727038652,-11.15954662381081,4.276732015986063,0.7836486776174303,5.028797651244501,9634.097737003636,0.003114950984677428,6.209106870187932,87,103
AEW7T5OK55DUZ4EJKRRXZYNKRT4Q,7.501245452053441,-13.760859966048823,3.3923538245559475,0.7087053176674842,3.871800854147019,4720.784657617673,0.00410710485152218,5.3746969322736105,108,106,5.15160174798863,-17.46918162157353,4.249285436799539,0.6901260979459231,4.35852235073954,17972.36085878999,0.0013621178659342457,5.476450298031053,108,106,6.340907244478802,-4.001567742466841,1.4553903127332777,0.6963887762194159,2.410767015979563,12.218966931228914,0.6164721438418651,4.174443248531729,108,106,7.911580965372848,-8.663928719955305,3.508193364273977,0.7219174057142301,3.6749116748667037,6317.596977886763,0.003012840411148084,5.398094356098255,108,106
AEWH45WQQ2EQKJVI4CXJYZ6EO54Q,11.632479242375679,-22.013735956769292,6.0214099022277505,0.5695802217657945,4.366579461698323,5828.747798443249,0.00388504710779328,5.208101419283995,104,84,11.375187210246915,-29.834276036154648,6.518954576519286,0.6456185998320115,5.235270160269723,35982.572706891755,0.0008781099093937371,5.5138774855402986,104,84,7.364106705168175,-5.180619120401739,2.759810228409202,0.5915911864772947,2.9119430149719303,15.034502562760578,0.667166478613375,4.269303885561811,104,84,9.862785569855593,-12.08494867778944,9.17630301593113,0.3522468748779294,4.272960891464473,7721.804282232152,0.0029265049289619724,5.438613870426972,104,84
AEX2FAB4OAZBA2MWYMQPDZBYWD3Q,9.319741583497558,-12.68684771702921,2.313793517314245,0.8650963177531922,4.982267858953431,4807.251369406053,0.006100979044161215,6.474912011337606,210,203,8.446547935958796,-18.166808962691757,3.8850846690840357,0.8113287130502423,5.634422603143776,16040.230366788695,0.002270689834344845,6.671997672294725,210,203,7.185508311927397,-4.1409278982709505,1.4760125821230679,0.807410789913157,3.1552953301823448,12.760365371806584,0.9184690280935153,4.803160877188493,210,203,9.276481071093867,-8.057237405086479,2.0024792272430316,0.8791616525653613,4.77665140317645,6912.201880123802,0.0039893809707577926,6.561399349932578,210,203
AEX32AJWO2E7MT72BBNSUKH6PYYA,10.155865403172356,-13.141898495459506,6.692656821193301,0.7804271790380424,5.917374639445409,8955.30499070793,0.005199273293757009,7.079225213329618,127,131,8.616825557206505,-16.02731679018196,6.386679919313822,0.8143407831069239,6.7340528357226,20875.05982691376,0.0027159923452171743,7.805915677794379,127,131,7.634542165796496,-4.1465748451086215,1.9102831247568763,0.8459554365900716,3.8020074280076748,24.07775689817937,0.7500445399001802,5.353111363328161,127,131,10.149390322725631,-8.13538436306254,5.795917394450439,0.8209913456995843,6.0135374143264,10023.295569902475,0.004687195579005168,7.609369270935382,127,131
AEX6F3NHCLMPXTPAS2CVOUQMOEUA,10.217419954446774,-14.121047269733854,5.802503482431876,0.6629249545944774,5.011020678907146,4460.7335028927455,0.00683688003937729,7.363187088032629,154,166,8.764104104787691,-17.70672793188384,6.862797341110963,0.6354823265172886,5.4793542256627745,15315.644022682183,0.002306472524989381,7.622017264407819,154,166,7.157570839801002,-4.083254986770008,2.9467220055232493,0.611412413155393,3.0878099152914116,16.99969315863226,0.7001990063538057,5.6274486617077635,154,166,10.441161649997845,-9.279870140626745,8.980529427094405,0.5534582272948396,5.054684713632758,6150.461277827021,0.005246531184680534,7.876870468136327,154,166
AEX6GC25ANZIT36EQGUAJOGXCPLQ,8.345417361672238,-12.667066229378941,3.8221171872248907,0.6515470165882145,4.102308582837205,3254.2054872675303,0.006167290824516082,5.933795360573559,200,209,6.733141631077752,-17.537237350219833,4.830596630635021,0.6161888400179911,4.563860707617319,14080.620005658177,0.001763804946938824,5.957954013791039,200,209,7.006337721413948,-4.7361420795856155,1.8035653505904692,0.6001899483625469,2.5322558416635506,9.77692557037502,0.7904373189537428,4.5449047479171,200,209,9.02296872063146,-8.627529746555393,4.277423723292286,0.6097477867992468,4.02105040177551,4168.860317873967,0.0046524852698614635,6.130326373343392,200,209
AEXP2IBYPZQKMOVKNYX53XVBX5BA,9.020908976928574,-11.486994171516475,2.4334682314222604,0.8665020134653498,5.084911689484643,4466.404947566382,0.00686360366930893,5.988308541630911,556,539,7.622990572257388,-16.75977413258923,2.8439319917818118,0.8724647177194472,5.647226835634591,16856.896567465512,0.002248305279784636,6.090703874287838,556,539,7.173121167083763,-3.889466361972773,0.8899128145055867,0.8919355204323952,3.2317634318013098,14.254689074940574,0.8795004426218033,4.491007444748599,556,539,9.373818511008166,-7.963414090121163,2.6271587916717483,0.8602285672399069,4.9986414931490755,6746.352068988132,0.004421668247471081,6.158553661800531,556,539
AEXWRXHUHQ3SC2PLX2TETAGTVG3A,9.402557565231863,-12.985880137545589,5.407648244765436,0.8076736471749314,5.820440726983672,5922.57387948547,0.006943219759358705,6.489744286350462,121,111,8.425608030566684,-18.19662884870504,8.715568904337214,0.7542681255414038,6.640369132889604,27454.774637956383,0.0019429192547303787,6.7042109078427305,121,111,7.117513828433255,-3.855875942932052,1.6976071970559288,0.8562014190326896,3.641345199850596,25.189733943729614,0.6358796014877642,4.692787213554547,121,111,9.544904360883109,-8.241081543821542,4.876373116543842,0.8303229586590802,5.720642435104219,8965.070021221067,0.004555759114154282,6.633029269565644,121,111
AEY22LM45AHO3BB43OEE4IR2M6DQ,10.093907188978564,-14.307631971466776,7.3424372891678615,0.710901040077871,5.544659425940497,6341.014891367773,0.006176809790117026,6.225910186202022,161,137,9.00108427531409,-18.503294484858515,10.074528088690746,0.6507898125068943,6.264133030103001,21083.20941126774,0.0023177623692094114,6.751658228283168,161,137,7.312722824837259,-3.980212618956059,2.4624375835941046,0.7386749617101374,3.396969289279104,17.80472784589912,0.8080679543268581,4.756226513694082,161,137,9.884534864491556,-8.595048146717831,9.200604821099356,0.6586587376595558,5.549195071894237,10061.451118266687,0.003982116378964771,6.62245584050039,161,137
AEYLTTG6BD636LJSNQICVOWDJLDA,8.367138886996882,-11.886575533724667,1.7757473418292893,0.8576672486640416,4.451503742494569,4564.137630956948,0.005106607994225363,6.791916830442752,258,252,6.717663464151432,-15.798129269168912,2.201996018353857,0.8466149188186178,4.982725692669646,14964.828180166349,0.0019201393903390785,6.858168635740459,258,252,6.754896422209867,-3.501708479442526,0.8161444350950662,0.8524747913040435,2.7841319862217278,10.352478337002836,0.9090083352469226,5.104577571128431,258,252,9.056254640041763,-7.567347136216295,2.111275511683164,0.8345932266494974,4.384940391415869,4421.831774729453,0.005127429429810426,6.869732678681366,258,252
AEYVPPWR4CIKWX4BGYKCBCDL2CZQ,9.342871479651965,-13.217924824395972,3.2515969366196846,0.7906028966538129,4.739967491065724,4609.367795231586,0.005868468285809242,6.308576030852989,324,302,7.540845002957983,-17.082723394792826,3.8701768649536237,0.8043126324574648,5.3282503723912615,14483.07533124348,0.002388412955066899,6.31408738263932,324,302,7.027906470320799,-4.01886133346418,1.2546115870524384,0.835006768982627,3.0297657287817823,13.569612064925325,0.8404873084311141,4.768532570883336,324,302,9.408137205616807,-7.824895253688813,3.0553206590793835,0.8087744587242549,4.642876230238164,5343.253771702187,0.005001979897428229,6.423765795005209,324,302
AEZG2W4TRMMNFFAWS2BPQE676K4Q,10.515530935314837,-11.9544719951802,4.8724207909357276,0.806236066191786,5.830496241470617,5576.100282508265,0.007268630278452348,6.893770840553452,256,296,9.180683941929084,-16.36015240759797,4.994328405313671,0.8297130110714652,6.499897317018599,18832.583724028158,0.0026489269683181577,7.128005451200731,256,296,7.519759346067122,-3.5866069066287753,2.533093948834849,0.7896019884021321,3.8353161402490965,18.171396385864913,0.9799204590468741,5.196380503310229,256,296,10.238807384150784,-7.600665336671362,6.290351569191276,0.7638098844519698,5.79206580043506,7359.675981480586,0.005579632548987083,7.288078937294957,256,296
AEZGGDKCIVNXHMK7P2MPDSBOEPXA,9.88773996868125,-13.30108871951917,5.702606058525896,0.7464629511381448,5.432026392313942,6098.933267468636,0.005742428778377312,7.231120693989529,161,171,9.099019109984381,-17.916052934588354,7.029599410514359,0.7623749590949871,6.417122026547895,16597.546110368134,0.0028831913350175677,7.932080009533033,161,171,7.357380060245773,-3.8776095967381417,1.6538253103219946,0.8600054875838835,3.6678075024612995,17.522907326712136,0.9331513421618877,5.42081628350316,161,171,10.404298491875736,-9.315230287125173,5.644040207557664,0.7548099798705651,5.357364645891056,5585.75304421536,0.006192729717765615,7.556645114639614,161,171
AEZP4MEPLS6JWVV24LLVBVZXMSNA,9.94887752773537,-13.8724723323025,3.430142822285346,0.8059163981277462,4.97019206542491,5049.815053838111,0.005868263431844538,6.116742490377683,158,166,8.300629566361524,-18.459859989236357,4.021742050094281,0.8052655469878365,5.470342019706187,17064.484123592065,0.002109332866211845,6.24300942488636,158,166,7.288355904260251,-4.334071178956769,0.7816550484312134,0.9018024829630993,3.1389106540652882,13.747650811257827,0.8683953936579862,4.49450705621041,158,166,9.879568578500212,-8.98008049268638,4.492221285908295,0.7627307616460237,4.99370808279567,6669.8655340747,0.00455580992754153,6.466643481422846,158,166
AEZUL3R34WWAORYARPTJG2X6KC5Q_1,9.578598871423187,-13.617476210221858,2.5879650723100016,0.835876315902157,4.768305417357684,4340.814888353408,0.0062231266299617085,6.179154813440294,288,317,7.9023440348037255,-16.99986872453202,3.0518362555404095,0.8401291488738162,5.405682095249983,17316.158293673147,0.0019978928258607576,6.1439096933741695,288,317,7.126453305508692,-3.8820470855454556,0.6889807434663345,0.9115032491451904,3.12448473939922,13.122021903322588,0.9104470041266525,4.6036574110503885,288,317,9.64447595215875,-8.54306865151591,1.5894155131926275,0.9033958660703442,4.750393016234964,5954.734587627632,0.0045917100929277555,6.162909516046502,288,317
AF2ACCKOTUKHIGCZHGHSZXMJDTKQ,10.087922205966038,-12.82198140027458,5.38078494676373,0.8393607879744347,6.169665218305027,7796.027455974948,0.006144629987315507,8.097346373000564,148,140,9.646882055143058,-18.686729646016865,7.152435889203111,0.8157765866961764,6.908300093223786,24460.933238631525,0.0024060663818577144,8.899665596976693,148,140,7.244537960523705,-3.5200686902445004,2.501433516091884,0.8280534621993643,4.019311900940954,31.47488921323216,0.6345084270754044,5.940705111041919,148,140,10.058327097366023,-7.626518102961423,4.12988602287722,0.8812346543434683,6.143735050062325,8308.909964078262,0.0058081404999803625,8.808656492023623,148,140
AF2BLE54TEMGZ546U763ZHZRXC4A,9.468173355421204,-12.356806046940399,4.538969202050574,0.8233886415819696,5.764341814435943,5708.7794282768455,0.006971431090136317,6.628203578424142,278,269,8.177494816671123,-15.864348284661252,8.01032676914761,0.7628399369265718,6.742233161751167,21884.978035137712,0.0025106348093159687,7.239751805801471,278,269,7.535840101873709,-3.767076705085805,2.5387685806857663,0.7893976153575597,3.791793142321421,18.486868516366066,0.9433623419772303,5.033399774005785,278,269,9.818763980200584,-7.30290846192068,4.302479477169626,0.8345727729017203,5.721892729495796,7689.427904193441,0.005187249491362281,6.966675995682502,278,269
AF2T2NURQISR3BHXLKR647ILUOFQ,8.410679561855982,-13.755257812439629,3.301048635893319,0.7535152673875468,4.432156863843237,4069.4525315963333,0.005639634946052521,5.4272715272232706,149,138,7.788082302463135,-20.057343071907113,4.648365001816887,0.7483534025425858,5.252465306266771,17133.658466934077,0.0018921874112468498,5.711394595790727,149,138,7.015189122486273,-4.308412905077262,1.317541134299071,0.8059895869461525,2.954601279072771,12.819321287955463,0.8069014363530917,4.271714106413406,149,138,9.05654589194535,-8.531734855084721,3.061408588321158,0.7861003476025579,4.4255645421897,5378.603217938006,0.004298999149511393,5.69146438579723,149,138
AF3OWPUMBCPUFZE3ICY25MOCL2BA,8.32135227630668,-11.323889505520059,3.3467810196327155,0.808976072617436,4.715757636790404,4914.111236895508,0.005701916613249086,6.006015824165279,351,350,7.095644730473084,-16.588301401041225,5.571750804481942,0.7377279706710761,5.347379033041581,18803.88443664827,0.001891324376067299,6.2605904755737205,351,350,7.046679414571597,-3.871238091818445,1.17935993530392,0.8464336655454028,3.0451420763074513,12.913703469222206,0.9011070198272441,4.473490621758202,351,350,9.104889353067618,-7.735999311864058,4.075332997477535,0.7752104941883798,4.643549661833488,5895.259455175159,0.004748682858304645,6.174402989473821,351,350
AF3YEJ63COKWZNJHQ2JQP5B6AQ3A,10.616490356126532,-11.922253999467475,5.2804279545214845,0.8745266060468618,6.681394973097709,7603.120344306677,0.007424128893859983,7.06246011584185,459,476,9.510569955644485,-15.878095342157826,5.6648625018451,0.8736421201443182,7.146812640414286,20070.42789066259,0.0031768689473522247,7.467022070236634,459,476,7.593305437370996,-3.8847867728752723,1.9291976518679224,0.8803525643082276,4.069064528547833,23.249039033232975,0.9002155746132557,5.22792333743718,459,476,10.450476417808275,-7.808074167317128,6.080532255105612,0.872966221120805,6.835984707712595,11325.393410563396,0.005406064135295183,7.707874227231099,459,476
AF4D4XTHGULOTY56CV3C2T5WPSEA,8.29101608125768,-12.49471755642407,4.370419491072426,0.7053576947921796,4.615269581501782,5300.064531687457,0.004802268089714744,6.208526267523592,178,175,7.509011177602234,-17.879396683850494,5.523776976326122,0.6947633546480518,5.183288656056302,15350.355072429651,0.0021007595367633363,6.391402752066013,178,175,6.710767716556878,-3.3378786341931495,2.2627027192098477,0.6830115377918375,2.998748189152312,13.257120881951131,0.8234449450988919,4.779058188374642,178,175,9.189454785723594,-9.056859870799915,3.68895714384148,0.7714928982977494,4.478569969797672,5223.075198914023,0.004730390351345714,6.369660172071685,178,175
AF4DEGIQ6C7TB4CHIWRXZACZOH5Q,9.105160708662417,-13.509413547682286,2.714394114940287,0.7882495200314897,4.421079086562579,4236.605715639814,0.005538533724115394,6.7756999225244225,264,260,8.176849225651633,-19.224916345125134,3.202103318453766,0.799009065448393,4.960362538300965,14088.870721689782,0.0021349584024636646,6.8365300522549175,264,260,7.248489513636481,-4.373896129199525,1.118639720412575,0.8150785074326159,2.7771151460893853,9.651686540609822,1.035636110083481,5.086115569268833,264,260,9.484898828279617,-8.703542346521603,1.9477625477277223,0.8451555458273402,4.304083851872289,3947.706171987124,0.005734454665777208,6.924125972415218,264,260
AF4IFF3OA55YOWXILYETWH57F7UQ,8.31199557836523,-11.583026763052022,3.622811893395964,0.7318634920600491,4.447818793368619,4033.4050214682416,0.0059153754735835045,5.91320371065013,272,259,6.413934994628847,-15.61849171046064,4.885623512626291,0.6911733430344076,4.904337726922339,13792.939202581338,0.0020986364529840974,5.879224623365893,272,259,6.655836748398458,-3.6320105671764775,1.6094464668698671,0.7241272015550209,2.747790539080023,10.464150049027776,0.891686008265312,4.3207250476386525,272,259,8.90740392573969,-7.723584949272701,3.6872075036845393,0.718294226383402,4.271641172444339,4774.7727183570105,0.004697674842047693,5.862932531120245,272,259
AF4JG6AGQZ26FUBADCRC6CZ4Z26A,9.030793454466044,-12.745138874483239,3.2290641634947774,0.7355860639236723,4.415068350090768,3442.32471915019,0.006712524655766286,6.740113618992105,77,100,7.95934857626319,-20.077583556942553,3.8998779189767543,0.6990684498388943,4.767912172239469,18670.390897474208,0.0014185009981650789,6.594136335968737,77,100,6.7977912123270725,-3.7639697585730314,1.4758687566242592,0.7041582145773277,2.657113792677679,11.483986833550153,0.763728034752903,5.08635949481126,77,100,9.314529119861447,-8.017118552478246,2.7182043014303203,0.7431476978100462,4.068646218552022,4040.5237007732085,0.004883380119579398,6.3654280755694455,77,100
AF4MF2TEL724JVL42HY3LH2EZEOA,8.515919250100874,-15.045466592297071,2.5157685529635407,0.846706390187698,4.3879694138415815,5704.358906489431,0.004294551838235336,5.7900942207318,170,161,6.996672384702839,-19.938173618151193,3.1019850529591424,0.8390459107818076,5.077839183229348,23597.87173737015,0.00137497386450489,6.185987071960634,170,161,7.236743166183748,-4.7836014131592535,0.9878180793751994,0.8675351792196943,2.9276615649081656,25.136391411384988,0.44202105459833524,4.780916390307213,170,161,9.053519969215328,-9.72236059772366,2.0094401287370673,0.8673889778841446,4.162908900116998,7756.562602535946,0.0028846873571179935,5.959517060284888,170,161
AF4PPTRCKDJDOQSJW42JPRBVXZVA,8.70565907615439,-13.095036705134236,4.433666959736276,0.7626173857871847,4.692243271867431,4941.842925936145,0.005785946353272555,6.093798450120794,177,171,7.431717699578931,-17.681975059139262,4.262047124402566,0.8146589777030689,5.291825656534503,13162.075019887334,0.0027148245157059695,6.508870193590795,177,171,6.982678443395429,-4.114980838026871,0.7956788288211233,0.9038163223793307,3.0679046702274486,17.326683344419887,0.6862435626672687,4.585167716707462,177,171,9.135942207723456,-7.98281525336088,3.340487108358524,0.8135540050149358,4.632063128094433,6348.842175977832,0.004306000914684655,6.47483931757192,177,171
AF4QNP7565O67RE7CFPRZBS5D6LA,7.365992034000802,-12.525913163856693,1.4091480743585192,0.863726324762527,3.8806793089517857,3804.4214208944018,0.004770863317092505,5.788888432203239,356,355,5.351339606320628,-16.23542268720702,1.9725929860483074,0.8508928312838084,4.457888394781417,11700.655438892383,0.002029573811935363,5.943104503655702,356,355,6.328744139806245,-3.8866154055455526,0.9302901989423308,0.8132683693675471,2.465308894074719,10.870259895294023,0.7034413600611625,4.569478267926478,356,355,8.027658180841446,-7.560416732640919,2.2359686527919282,0.8039422596704233,3.9460729233959078,4743.299035276596,0.003998234025769985,5.8811803582876,356,355
AF4UB2PGVLHK45WF7I6OED36OQDA,9.979643775025743,-13.359684490713498,3.935054947804553,0.8172050299739557,5.309801420180428,5326.116823435349,0.006337384957876379,6.922275218211344,263,235,8.158671151523064,-17.145669917935216,4.735545548808139,0.8153589648756128,5.901678267420815,18241.844435257495,0.00230079413914722,7.72235094136233,263,235,7.253867411581838,-4.334768084841502,1.58924193373317,0.8315195909430746,3.27090025105202,20.349029219909237,0.6539959039431101,5.071486086466521,263,235,9.787409986099373,-8.24960473977601,2.541985141545074,0.8766454633012767,5.049557216788067,7157.078079287887,0.004337873265757206,6.8456254685821385,263,235
AF4WQGVF7WVIVMLLTIX4A6EMMBRQ,7.678619852811603,-13.950901395630702,2.899546636489636,0.7694432497885247,4.113608073010605,5234.90898309983,0.003835955507857589,5.8970466178787575,127,126,5.881339896377074,-17.83396302742589,3.8249773773768707,0.774133682380854,4.905701118484367,21450.850298003817,0.0013402378069984698,6.255948500307354,127,126,6.8424765128698475,-4.563752577703758,1.2083158825537246,0.8059800482525592,2.7145532960237553,16.6964959680287,0.5483094299270883,4.532312075355201,127,126,8.478308957728895,-9.162878377100112,2.702314617355957,0.7913002913025582,4.035627203061714,5452.294697729898,0.0036459951617463307,5.998595432584058,127,126
AF5QVEMAHL2ZN7BTEQ2QXX6HJSMA,10.337584874599735,-12.178103525055613,6.558297622178822,0.8312498416346709,6.542126682079705,6276.9940902028875,0.008465974384918758,7.9064399550155064,402,437,9.476640354124033,-16.6838061872387,3.6612114015909567,0.9108108204195312,7.076727839363737,21046.997060980317,0.0029146868851059105,8.63319935186645,402,437,7.500443091237963,-3.8738587155542876,1.6483094713479176,0.8919890108734349,4.01626131983666,24.773264401525267,0.8182527713889277,5.6991189787558465,402,437,10.725109255344968,-8.882602706078119,3.4622220778204733,0.9130285059724804,6.528088838550702,10994.49518128233,0.004821346528770621,8.664144323251973,402,437
AF5TD2FIKGIYPODNQVRGRDQANF7Q,9.555988198757266,-13.414146423999423,2.4419612286947987,0.8705843293203893,5.102555128729202,5372.036420958034,0.005693313758026426,6.024162923244763,204,184,7.924687484375003,-18.07038728111168,3.0018892153434673,0.8719164428250732,5.811387333979684,20645.58300676695,0.0019299612957762455,6.230627901339985,204,184,7.11811239204527,-3.9572730048774343,1.2609753448906047,0.8546118588500087,3.230704161804348,14.563971423160996,0.8647134635072619,4.552302046228806,204,184,9.64915958832027,-8.463036558251428,2.0820339452576047,0.8926867922076298,5.0102611164248785,6299.546082889883,0.004738683369053927,6.098861057439108,204,184
AF6BAP7PONMFFA5LTZZY7SN6ANDA,9.868587470907244,-12.230769309835482,6.0010374208368065,0.8144264594156921,6.1467060331570105,5960.059151052139,0.007696284581242712,6.737358032921125,442,461,8.73925252635468,-17.204926904491813,6.346523220330312,0.8284508512039634,6.779099915161339,20168.42149043714,0.002731784436575132,7.05091941753893,442,461,7.451830404569591,-3.934614006963502,1.6044814442869353,0.8803105213010438,3.8624905097562277,21.3048177712802,0.8488191886413556,4.93094387051354,442,461,10.063958117988346,-7.983912561934753,4.2639458235969,0.8619510402308485,5.981016842883556,8244.62389393931,0.005288313739742049,7.006980330964787,442,461
AF6EOOWDGXOGQSENWNYO4AQ77CUQ,8.18365278674825,-13.123271088593166,1.804131751167348,0.8219177314643114,4.005696478049531,3544.8159328617567,0.005274133643702573,6.102107477581241,216,230,5.693412253534613,-16.284151167470945,2.2248700102203647,0.8229877684356606,4.476302047523699,13255.055167314058,0.0018124732851805725,5.999093524489936,216,230,6.583139362691311,-4.033976091242084,0.7420400037851288,0.849391679915553,2.559992385979796,10.092839923232654,0.7951284839966622,4.56058042904109,216,230,8.435975626683351,-7.999811642581065,1.264424628418336,0.8775616750613948,3.8506932071397677,4511.257227045402,0.003997690384522383,6.0563627217203555,216,230
AF6PYKOUHORFC3TLKFYFD33N4BFA,8.148405613952008,-14.173264859698408,3.6639723030100635,0.6245484733339222,3.9089777127469176,3211.5449496475903,0.005782505165818109,5.690315460136949,187,175,6.1825370148321195,-18.48811105757854,4.084144542084099,0.6328120072757499,4.339050277988529,13328.69466611403,0.0016840653899673939,5.729972622191091,187,175,6.841192647672679,-4.392963010241656,1.5669145372703874,0.628425233256718,2.4669787499283036,8.550067687527626,0.8781460613667037,4.4037403072967845,187,175,8.59522014225769,-8.955027801645624,2.8917170870136273,0.6815770735603084,3.7630746523432905,5287.205563759376,0.003245298782704428,5.606127173849877,187,175
AF6QHJSY6N5MMHTC5L26QOTX6K3Q,9.505623218755316,-12.618872675898162,2.1246938451134105,0.8957141602351333,5.244233093654326,4975.056944184759,0.006551815228490186,7.318443992880057,367,332,8.344463772654514,-16.160089451308874,2.3645735084665085,0.9032558126698853,6.0337944372867,15600.462303498687,0.002678302390614319,7.995528111302482,367,332,7.430954528102127,-4.191702779419816,1.2368487762634583,0.8738494467707145,3.4840878313759602,17.234128910788638,0.8305163401848824,5.34555852120167,367,332,10.111496128772982,-8.34265566012162,2.1454186840847376,0.8998627165538908,5.2697670059697765,6795.210927537425,0.004917543497491738,7.632813750123219,367,332
AF6SH3CW7RGUQCQF3P3EHSTIBQKQ,10.120931192994842,-13.439387459398365,3.577333792088542,0.8716897325886399,5.856792012546162,6171.678576842572,0.0067424767316427905,8.250217500792937,195,171,9.07593046284954,-17.64139783252033,4.7885680422814,0.8549420552986647,6.663179909201666,20000.711160280465,0.002613771268230191,9.121401626850222,195,171,7.469826215447783,-4.228782665921508,1.1480442421661519,0.9037720353332868,3.754248598503036,22.31250503487312,0.7569070997804395,5.965907726215545,195,171,10.346978786017633,-8.558515937100733,2.8307984709696843,0.8946438547991531,5.674749014983714,7590.914645529203,0.005137353938411865,8.689817112082311,195,171
AF6SM2ESLD534XWS7P6PFSL257CA,7.544239455747711,-12.148561130396509,3.3210213809121267,0.7420503380718828,4.325883489515421,4959.133883275504,0.004390602597989598,6.318050186876803,297,323,5.702951310797783,-16.639022365930337,4.225309149226845,0.7443352394263757,4.956493830596786,17450.234935654596,0.0016562298367565767,6.485658169116661,297,323,6.767412645114399,-3.878942876974433,1.4138989654542995,0.780566759692034,2.849261464750285,12.988652592350281,0.7572142854690362,4.7195966432790675,297,323,8.55840475243694,-8.43775535142669,3.0859891731485765,0.7593628360839899,4.139789468243127,5411.006200060932,0.0038136276663543753,6.348231058569816,297,323
AF6VZKYEJNO5IW6KCGKGZBMDKORA,9.43576136891315,-14.621278196388955,3.1837364442692118,0.7486208948987814,4.322084283817702,4382.885470168015,0.005102219171685169,6.478474211804065,222,231,7.069739275105789,-17.97455054024849,3.127686340659017,0.7825234077365555,4.791413713842651,12991.640707946355,0.002053262784865844,6.409919731887177,222,231,7.189014946034298,-4.433790692273771,1.4308593541806636,0.7342750238191695,2.7645631711199523,8.460788398600021,1.081332280569045,4.652893804641809,222,231,9.442387617979518,-9.338072628233531,2.289065895192241,0.7996183103887113,4.039197718390111,4285.050876375226,0.004557412461412421,6.2675858042111345,222,231
AF7JHO3LOD3C24EXXXVTSVFZCTZA,9.390418947682807,-12.860463764456814,7.901668718485066,0.7415674886657837,5.76328387977718,7277.829721648497,0.005926603034136348,6.4542360311054905,148,155,7.838057164975923,-17.60288011034331,11.379154629216991,0.685583812569948,6.407421628211018,21634.137208043765,0.002434937676275968,6.955364780066624,148,155,7.011508042261318,-3.6916283926125977,3.5534949243026253,0.7086935298522279,3.5383987586202603,27.429311927223672,0.5930040043305836,4.754810453233965,148,155,9.77431080750083,-8.490920962523386,9.043206342996431,0.7214606679744799,5.875395788092626,7247.774549829291,0.0060520275325545445,6.790508725376196,148,155
AF7P3N4WIHMAVATNPD5MCDI5Y2KQ,8.468719749260861,-14.426471888219588,2.477586736619101,0.7435955698977681,3.8536210069772845,3190.75126100115,0.0055839806549376125,6.148134776692839,338,330,6.611588247236423,-18.60989911207113,2.3289079770626784,0.7771336241424104,4.201805384305801,11023.927934695526,0.0018944569289717442,6.12895642171561,338,330,6.608894549344414,-4.393120264921809,0.8426836574609253,0.8016054033659027,2.3716495874865795,11.191915295196008,0.6369710630049943,4.781109669783357,338,330,8.684756177965935,-9.121713944017191,1.5721341952774002,0.8439023049537872,3.7693521153619782,4090.775400908751,0.004342774216986039,6.18380658980474,338,330
AFABYMP565JRM7UTWNGXF6E6GL2A,8.071137850054846,-14.7855268936018,3.768841683374199,0.7487820848021378,4.259459436127498,5103.365345114183,0.004542363558656201,5.453457520069449,75,82,6.367393987359327,-18.90999269684872,4.973990508925895,0.7433002102569117,5.085285741147731,22421.79572161318,0.00139600048043249,5.586732930143698,75,82,7.046669381232989,-4.828128316218416,1.6085044720570185,0.7816599512802958,2.892061957172102,16.90229269881223,0.6122919714254055,4.138490170463369,75,82,8.548726807100584,-8.718554861539877,3.4228754896924873,0.7686014672134641,4.336475111848898,8940.643375999503,0.002546873909210568,5.474897325215617,75,82
AFACZSTCNX6VMUJQGUK3YVE6CK5Q,10.42278814879451,-16.5920355508197,3.3544206320525953,0.8046616044928236,4.705842360967477,5205.78546934395,0.005333937572311342,5.9545500144666015,200,156,8.48464035861274,-20.495083947055946,3.9575462641296877,0.7818279677942743,5.088503261605031,21889.09003120268,0.0014464005859643762,5.931040996041849,200,156,6.936286390605052,-3.8753144958144654,1.1427962352782683,0.8442045610568483,2.999763826123436,12.484159421594171,0.8857717502886274,4.416680706452401,200,156,9.789734659212845,-9.486983660257422,3.303892025368243,0.7942516207488983,4.541042592829777,5765.984986562252,0.004433160308633076,5.887236534320113,200,156
AFAGLQ3MJPGL5736PU4ECCH6JIDA,9.287669369652082,-12.245239293729137,2.039570242732291,0.8911232351518753,5.003397881147884,4723.810497405747,0.006479382275305198,6.216419593394412,551,556,7.6669216533364555,-17.08608720850619,2.545438646057362,0.8881985032985193,5.617162170729206,17442.77464035306,0.002189019871085646,6.283675403289613,551,556,7.119191777770109,-3.8991217504923656,0.5661946025484632,0.936749770425209,3.2537699466644168,14.503787048697735,0.892476349879448,4.681725556413454,551,556,9.545836762624935,-7.881857692395277,2.425381779420254,0.8752800120839296,4.987045571013633,5950.494966537463,0.005107740066374473,6.347791609748181,551,556
AFAJBILA4IKTWI22BUPLOQY2H6EQ,10.338587144228798,-16.837658169434693,6.036627934194928,0.7226439483818731,5.0274604812967665,4773.226416282419,0.0065325397285708395,6.488394597515038,86,78,8.16765766912217,-18.635720096112532,7.815812049054085,0.7183776934615147,5.882401915018752,28592.014603367006,0.0014638113055562114,7.115713238571918,86,78,6.893908640663521,-3.850693005040801,2.7455306402279285,0.7371910556603971,3.3646007424540034,21.94960050159518,0.6412409022283012,4.7712627992075225,86,78,9.467533077378395,-8.728413750524233,5.226952705945782,0.7441436249347784,4.922221344762303,5968.5385277281275,0.004961392729307753,6.648419902769031,86,78
AFAWMUZHDWA2BUULOOOVMF3RR6QQ,7.514011651597839,-12.879978210100697,2.89987314578221,0.7741289256768407,4.135521125297142,4134.924550135018,0.0051354170804343,5.915336722703008,130,137,6.432276317493133,-19.09358952363329,5.310345565211466,0.6803572181382991,4.794289043878676,19292.999364628005,0.001489820132045919,5.9530068819475455,130,137,6.532450411809061,-3.8888786529199963,1.33323532983734,0.7649464657539846,2.693831595318947,14.23007150653178,0.6158331813954134,4.508715678351539,130,137,8.060789930236174,-8.007730674991755,4.838997846531263,0.6408689218078495,4.110083469552546,6508.53435971829,0.0032980418085635653,5.953923513359492,130,137
AFB5EMZ7KD3GDB2FX4JDT3KRS5GQ,8.136220042207716,-15.916006678410692,4.033548145631098,0.6673114522110075,3.87810282168249,4753.235019662165,0.004129258230085721,5.330181347855303,75,90,8.726416499431199,-26.122335712458796,5.429981361125724,0.6481776270802233,4.44286694203481,28265.86652448514,0.000935856978505859,5.290733072505911,75,90,6.79146017846914,-4.522402526666901,1.7523372317887842,0.692144363185005,2.5748283651791937,13.184634812927674,0.6548520312276007,4.106893448026434,75,90,8.999072341735362,-10.568259197306135,4.252624555539905,0.6175394987377159,3.7302448887950446,5011.647158445393,0.0035592320853635494,5.402005757378693,75,90
AFBR5VDMITJI24U5KZRYEPET3TJQ,8.993293679965303,-11.538138335870583,7.495795392564478,0.6605208917217278,5.240790405832803,5989.685117841786,0.005957075887112143,6.041171387103637,210,220,8.014772382151953,-16.195320586374574,7.233772476047414,0.7010896009389542,5.86614093187438,17505.39487793551,0.0024542944282339232,6.4924170190570525,210,220,7.219874281411278,-3.4388555839893487,2.6695201072506682,0.7263775089410109,3.406950728736261,15.065673712569845,0.9816125831089033,4.755983525378736,210,220,9.498917786818472,-7.247267537250487,6.573391539591739,0.711230414217125,5.215946224064487,7763.349492889708,0.004530766210476189,6.401315846596022,210,220
AFC2ORBDTHTTGKUIJ5GBTDI6ULQQ,6.524403822483183,-13.601203447858348,2.3775000130745783,0.6868571192591961,3.486354034748484,3988.7320402848577,0.00351811681944592,5.674679316628213,92,92,4.50235113388463,-17.235425990078213,3.14090784743995,0.655397606573606,3.995347657138088,13706.566932096977,0.0013564693087865193,5.720827499401078,92,92,6.126489526498069,-4.011537222336303,0.7126966339498959,0.8112854040081037,2.300238395328268,10.87444629512757,0.5776597566650693,4.463133661810905,92,92,7.487323921751483,-9.183108248037703,2.5647305420730175,0.6534301154495875,3.3938817775106433,5707.15963111479,0.002335092506752323,5.731606475694194,92,92
AFCAOJBDIAIIQUFMWEPZ4NCEL2PQ,9.023582087746936,-12.410017357430151,2.9290401234957395,0.8674055458439981,5.1576923160867185,5048.595281380185,0.006490688306687403,6.026710365325748,398,384,7.644678261911189,-17.144238019062783,3.134923832606179,0.8773207020432002,5.77708472961107,17029.541398931804,0.0023506464269334774,6.43273989812589,398,384,7.262750824224821,-4.495116928991078,0.9765055317294189,0.8981652788654064,3.277829207169325,20.528080711984412,0.6494816644507221,4.465684454965128,398,384,9.563431574318402,-8.618263788688138,4.012860805989775,0.8149997820787775,5.040787759747745,7433.780028709552,0.004231143793809092,6.223835660393185,398,384
AFCLMP3NJA4M2KK7VX4QOA5Q3RDA,8.348874233320982,-13.505519095274467,4.738048750595903,0.628547431442415,4.294796058453185,4242.670323821441,0.005239681785941918,5.903318690979712,169,161,6.547485967087165,-17.24263960412809,4.804243941161136,0.691597407880347,4.889059924271824,15127.998992182771,0.001923478126609132,6.090161821867038,169,161,6.833931128416225,-3.742221170408473,2.366676772905072,0.6193786577346909,2.7603869803326724,10.611890844953445,0.9295379714971902,4.478295304895963,169,161,9.048516106308188,-9.028155864030802,3.3288942778806336,0.7279466368297417,4.11149064112321,5585.713016977188,0.0037230952676983718,5.991179043226422,169,161
AFCMHYJTBQ6PGQWDCDWX2KP4GJ5Q,7.44847255955213,-11.82779896241817,5.693154946033265,0.5947501293787173,4.314456131960621,5838.431413331716,0.0040256984869649175,5.595730981438858,132,128,6.202863207114704,-17.426832407244483,5.520911835009079,0.6329994235189522,4.782832273314171,17776.441186677574,0.0015981413346707384,5.788636566310253,132,128,6.619304878784525,-3.5608545039589563,2.041540180660401,0.6398790250012081,2.7150323131140124,9.938389594546244,0.9198186304391915,4.5307561024929,132,128,8.762123843987975,-8.444902278697636,5.938490013421468,0.599567020648919,4.273108657181631,6934.461293870879,0.0034137991696292346,5.948218140503686,132,128
AFCMONQZTRUTDG6AETEXBRVA47IQ,9.605018424609229,-13.584918540275078,2.6107981403134204,0.8702861431231648,5.138098091206217,4823.0922242837805,0.0064945158435805745,6.226143077775804,178,225,7.846759725810459,-16.932007627711084,4.685797372876462,0.8065229315935596,5.726036652862553,18265.784958506174,0.0021549596935677684,6.552362007985839,178,225,7.371181894771166,-4.302412904654082,1.5309656837671204,0.8373570766784443,3.3205156522865065,13.64932414488168,0.9781685254956433,4.657957626431886,178,225,9.69619314839515,-8.712610100377852,2.642881925179777,0.8638926118273131,4.982134756300703,5681.079297076349,0.005121668879500181,6.492926152983026,178,225
AFD3QKEFR4QC5A77SE52O634AH6Q,9.779249637655685,-15.786863310662376,3.853043616771946,0.789859906670582,4.935437682363099,6388.286841362033,0.004441836754860093,6.0935501076938605,96,105,7.214715271213272,-19.43039342819103,5.148152054165882,0.766460769928296,5.562328786974607,16538.79309673419,0.0021975951779131435,6.2027010142648695,96,105,7.558595214974674,-5.512622888670776,1.8506057844377137,0.7844949023617668,3.1930898747801066,20.229783490701315,0.5951938559695831,4.54447251843531,96,105,9.46228348295669,-9.436407452573269,3.4295773244734953,0.810433342484491,4.714524070118099,5372.147931254718,0.005012928228756136,6.116389280677796,96,105
AFDDELZUNQV2UKYDUHJ27QW3IBLA,10.207903679882996,-14.30757368698429,3.7335634292968694,0.8446345064654589,5.567474999289457,4973.67098868578,0.007339489742391222,7.076204944736539,148,155,8.330443142225253,-17.19345322664379,3.4694117240326054,0.8765685570443553,6.3207316057733465,20539.05674589574,0.0022381284745264505,7.5681389941149115,148,155,7.386841801167799,-3.9428274150042237,0.968643968093722,0.90896173494275,3.649751853701851,17.771407095556405,0.8778204450412108,5.1653539712049215,148,155,10.164497598072671,-8.933020974505204,3.886855458954653,0.8405129927105586,5.5785532534284785,8762.235978638882,0.004145048938497636,7.32214833301883,148,155
AFDNVPMB44ZS5O2CSJTL47BI2QTQ,7.41804035677039,-13.425951243447399,1.3084301416555058,0.8456576509412054,3.643242079231715,3791.6213553232583,0.0042703679507718586,7.178535844301558,295,289,5.46214720813969,-17.88482180636199,2.063053930148881,0.7872068112699742,4.1246809278043814,12913.711462297064,0.0015427264265773974,7.110450316019026,295,289,6.440901914199637,-4.476634035266384,0.6270358517477497,0.8077200388292709,2.1677768367441823,8.923333922830645,0.6618727118232022,5.215971917435492,295,289,8.279697405514874,-8.481355635083437,1.2361627540473457,0.847271727979941,3.525195854083448,3405.894047777513,0.004434750041283147,7.091899743839926,295,289
AFDR6DYNOICACU76IFDVH5KPNJQA,9.065584072425594,-13.07736403594194,4.711760799085808,0.6479744347124751,4.609895683649779,4551.054251614606,0.00549531943095933,6.130280824797659,162,161,8.107395031416525,-18.497600809537616,5.820030126905271,0.6290892693427532,5.09377300458866,12537.112762624372,0.002432938561255331,6.146801353234683,162,161,7.108952356575092,-4.316381610711948,1.6236732098469235,0.7372693349307082,2.8882669413688853,12.439451757871142,0.7973528144347561,4.517872683081459,162,161,9.31942245647523,-8.795110300748068,4.549477669400928,0.6860738574636727,4.4782000626242136,6460.208666509399,0.003791873634669286,6.1582507838380725,162,161
AFE54MELB5IGFUYBSOBGJOSOMEPA,9.842100181844978,-13.152327226849701,2.3685542394529673,0.8849793711779889,5.086871006808372,4474.7793373560835,0.007052964884798792,6.843679432687586,410,436,8.412295550819792,-17.043776861774532,3.0866150727364747,0.8724402129475929,5.697862818244407,15942.925074909484,0.002472621027173454,7.178523772718773,410,436,7.251897658372638,-4.24796001308458,0.7838531982678052,0.916240863205122,3.267956435776645,17.093243664607325,0.7786072111377019,5.035958271891148,410,436,9.986203838012464,-8.368343082311837,2.4234738762023205,0.8938524787689971,5.1134378505371565,6135.54116701668,0.005356136966240081,7.194723041925826,410,436
AFEFFFWPK6A4NTSVTBW7Q7KSOFQA,8.225994710101787,-12.999405562091424,2.0301591293519987,0.824251527874505,4.168209871495726,4072.036609296987,0.005174610253402668,5.846730964945674,209,202,6.444797021634425,-17.503808315967966,2.4036195218318155,0.8153515848987778,4.459541720037429,13764.33461159305,0.001792022882125902,5.830532699106702,209,202,6.782262534057151,-4.445481481276672,0.9969094967209053,0.7848671737100381,2.4712753950204482,11.338107750431236,0.6854391714870758,4.445829684941683,209,202,8.655241219846527,-8.643696124297236,1.4904769148787087,0.8709592303481545,3.951057809333875,5356.579633887548,0.003658293456309143,5.879817938126821,209,202
AFEFYWKLBMMNZLML4322HXASDY5Q,9.871131814820144,-14.681798055664615,6.793116808015407,0.5605003792305383,4.750831640367684,3734.708620060606,0.007095506314266614,6.192208991607444,171,136,8.009932735248027,-19.462815047542193,9.568307507101085,0.4949618618474365,5.3307537182842095,16286.116954791747,0.0020605703115095697,6.095808166953731,171,136,7.193098091669259,-4.253505763205417,3.303575569620629,0.5542059083586197,3.0290173867494095,13.81049870593785,0.820421502085709,4.6022014766886015,171,136,9.721984477859742,-8.91821418194809,7.0614781535622475,0.5671136437285851,4.740656462290677,5635.390179612557,0.004755807824383467,6.20493082143933,171,136
AFEIXWQVYO322QGI3W2CAAJUQSXA,9.36179725047893,-13.41516586256992,3.346298148703305,0.8572633094435297,5.338847361025302,5393.530726258954,0.0062983589188244414,6.827871489557377,231,225,7.997962510932159,-18.264464661013548,4.068299538475987,0.8691229432898728,6.243637471951551,20553.623746434703,0.0022404198497029274,7.338530687588712,231,225,7.172684761113844,-3.9453585178848427,0.9517307868566651,0.9196158535731317,3.6515163578864542,22.55151794758579,0.7014155586652604,5.0584570888878755,231,225,9.653998576292127,-8.977889016359779,3.793716362249989,0.8388741741399308,5.22516200237844,8560.646934146595,0.003856455287725468,6.940407010329229,231,225
AFEP23NFXJI3T44Q4XC55NT6COAQ,8.811643416949984,-11.420916693155272,5.212373672953192,0.7522079277283555,5.169588553933296,4681.566597755963,0.006877941702113269,6.590754707722466,384,381,7.172064666609011,-16.026748514276626,6.392050290917939,0.7541891131973715,5.797136725841065,17429.549779485733,0.0023222045752519455,6.890974328226939,384,381,7.115691148841893,-3.991810085447995,2.3634325723898293,0.7669220686080395,3.406279771986879,18.36051286629788,0.7603384495782509,4.857191254517222,384,381,9.538656531835224,-8.638631535158206,5.166048815450796,0.7468543561595238,5.014901022407459,6329.357715452754,0.0047824935937066815,6.783364532615491,384,381
AFF3DRE7KFNNEPNE3TQZ7WYGZLEA,8.357945478035882,-15.120766636254722,2.548003019183818,0.756725401603376,3.858285144552576,4419.381524142699,0.004097332897720641,5.624901385885701,146,143,6.575493845213368,-19.914066330468565,3.4325541307520275,0.7133544762114292,4.332290715757578,11908.082844524799,0.0018908112762771277,5.5551877385241,146,143,6.444590600662447,-4.020838350497934,0.9765461461134378,0.7856922529286222,2.43883527548622,10.825243421809448,0.6912998434892608,4.239725563174802,146,143,8.467044005632818,-8.29012831510544,3.242673008693136,0.6912491225763868,3.798114731198933,4904.255527813218,0.003670475376533231,5.6767353642993035,146,143
AFFAHDCNLJ7E3HVOXDMB4HUMM7HA,8.929494135809566,-12.837197618701328,6.0559052718527795,0.6697904481845298,4.982958444794034,4263.757268742915,0.006864383980002533,6.080014150106254,165,167,7.519750130180251,-17.45283445247971,7.352157200363963,0.6739494298754041,5.670749422681643,19367.81917390329,0.0019221313139855117,6.581633022065373,165,167,7.211012280944689,-4.253791282389844,1.909045861967111,0.7940454263670662,3.3435381548828933,16.63645968190688,0.7928279086263921,4.723529180532602,165,167,9.568993304848952,-8.753588552274104,5.417436440714486,0.7019741089630682,4.875366627446715,6470.535297300889,0.004367926422833175,6.380695750856991,165,167
AFFCTK6Y27DONGPEBDIGH6YXH2TQ,9.052965731496164,-11.823516855352953,4.993667029322815,0.7522653272244904,5.117036236463065,4381.077530215637,0.0073698212052966975,6.15468846115915,492,451,7.269591559715253,-15.43369300495077,5.384822529020671,0.7706502174532099,5.652675993609414,15899.247843672303,0.002448547000315494,6.236502633170755,492,451,6.970439025264136,-3.505528094728009,1.7136605697267009,0.8060162298457461,3.2363089625006363,14.643718053143784,0.8888722959531767,4.506860851551636,492,451,9.360368404339,-7.560674328753589,5.018517795883494,0.7586093076326823,5.059267875939707,6392.444536975905,0.004994600230876308,6.3285842281784905,492,451
AFFQUYFZ7LGZ22ADJP2Y5WR7UURA,10.117078075308465,-13.314348513315675,8.31095453252856,0.7052512795345155,5.767046660595908,6591.2524869386925,0.006315230480208406,8.235918587896046,167,158,9.412740223669626,-19.068190948364656,10.332086909346343,0.6942087177333904,6.540319290324206,23130.361450392866,0.002241636045008465,8.829107184594463,167,158,7.66238251015655,-4.651534638688895,2.6868367742577237,0.7925531485417805,3.721657014160439,25.996867043575968,0.6756173417673063,5.9223542962714335,167,158,10.480550491624282,-8.808635750923315,5.546116471591581,0.822028929236556,5.960201820552917,9524.428704392405,0.004639217933458603,8.598569098397373,167,158
AFGK5TZEPMOTH2NGW6WMAOX7Q4EA,7.673861754833504,-13.12440798500729,1.8913981248971539,0.7859211250656752,3.847639251027068,3561.6531536878883,0.004807215836484466,6.596699337412594,267,265,5.848875261093751,-18.030814261651706,1.6119118770044072,0.8352955321667771,4.180166048923814,12544.51010105312,0.0015905037894255684,6.591474047863853,267,265,6.5220838389106595,-4.393189008120329,0.5341741101874571,0.8636697832507305,2.3846151706186984,11.014752957119038,0.6105449618199792,4.9781820018031215,267,265,8.337873596625172,-8.398908823224879,1.19424897241823,0.8548855553753865,3.580368586966315,3544.670976030444,0.004277965231265886,6.704314872183174,267,265
AFGM3WALHHNWCL3WI75IQQTENANA,10.202223265420283,-12.935577942870696,6.945269101778306,0.7853721820235777,6.304126683607055,5672.24489078297,0.008188913406668994,7.946400438240373,248,244,8.506242748539648,-16.9991809569472,9.947867104684441,0.7582041282650699,7.07962130396269,23080.64552058035,0.0025949158789182157,8.423766088849789,248,244,7.42699135861034,-4.053918595491703,2.5871286029658886,0.8243990952670252,4.050902581047823,29.55325874846828,0.6616654220608982,5.581732406670679,248,244,10.260409533985552,-8.51472023716679,5.699556624000985,0.8308817028632065,6.324731426226091,8909.56256935426,0.0052993067880177415,8.261183639206429,248,244
AFH6GLY2ND6DKFGNZD5NF2DUWP2A,7.59295691873062,-13.825481583784981,2.538058179657236,0.7485457905452683,3.8215177401213847,4033.281896868172,0.004407955957857851,5.384431604691355,152,139,5.626336203046907,-18.520238496718378,3.858788988815187,0.6729094226832562,4.317033887287879,14622.993408213271,0.001532639993649559,5.284383908920801,152,139,6.750615519962746,-4.693745178648668,1.104045198656161,0.7473566580289104,2.40884970607078,10.561666688219907,0.6803365788056261,4.029477822169252,152,139,8.264640078865574,-9.17538457200472,2.4986160357004663,0.7422298409441516,3.7277073004796004,5770.466724817625,0.0028919618929122174,5.402439271283494,152,139
AFH6N5LK3FTDXNGDCZTIFLRWRNSA,7.290852622057502,-12.608772961772871,2.188618267132955,0.7462265133607229,3.79052654255103,3164.4626177886753,0.00529931888753596,6.506053526131811,253,259,5.560660012466026,-16.671854408326173,2.283148688136042,0.7803944165196222,4.2982921624388215,12763.492511481782,0.0016836247850428874,6.444368549189439,253,259,6.348636268573288,-4.134659696225894,0.3823935384454569,0.8939653959834981,2.2953346205634113,8.338292369512134,0.7606311933522413,4.881055384188558,253,259,8.282657151111716,-8.417356976128906,1.4359765441293837,0.8279715692313143,3.67910523551348,4220.841267421251,0.0037678312548717983,6.580429917646176,253,259
AFHILCC5WFKLYGRZHHUQCLQTKNHQ,5.814871178197575,-12.069178424216043,1.4664688513937416,0.7642529237076892,3.268782502110726,3026.3847436537685,0.0040957129970612335,6.821181023087371,249,259,3.5186418507310853,-17.122742385243342,2.0462310530645365,0.7283808670065606,3.7235748189561324,10944.051316282208,0.0014684269667854034,6.775257080301073,249,259,5.7010750264383425,-3.989220415539349,0.6004002644646614,0.7481947985045933,1.945631475078351,6.908552097423504,0.6398161086063712,5.100361776682396,249,259,7.1155538292086264,-7.465449019483194,1.0505256041592665,0.8255700009852365,3.184151375236612,3504.941568340437,0.0033782241080522082,6.9911558377750795,249,259
AFHIQ5JHFHHIGV35KUMBBGG3DR6A,9.356865834446863,-14.757220814954016,7.230645849426827,0.6569501105006801,5.055798856061684,6905.898038916315,0.004450287914444339,5.505845119272286,131,135,7.890849179910671,-19.545227170825154,5.439219363303391,0.7752931259497994,5.576084189540819,19387.934926343678,0.001921180493305169,6.0259961441223195,131,135,7.444527602233041,-4.834458963966008,2.3157624676787565,0.7493157360268721,3.260887020694606,19.911587055477096,0.6520498131821847,4.327552080200689,131,135,9.458070203445553,-8.829175926461152,5.508894083958127,0.7761563408247385,5.36004503644543,8316.111347511636,0.0041857008657598845,6.12272359552318,131,135
AFHPTQMY64EIQHJ62AEQSGCEBVGQ,8.30926458504284,-12.496914490607585,3.8622403515251946,0.7565479153544634,4.557500374837907,4961.627203441643,0.005330884157354765,6.016807023387641,366,335,6.467773340019614,-16.384082834735633,5.116981189826245,0.7307487134781914,5.1354722577590906,16470.389879486756,0.002022240696934848,6.034799518298254,366,335,6.857316587708716,-3.481973322529497,2.0025602536326654,0.742141439912434,3.0397834838915756,14.96502155984336,0.7977823229276162,4.594909690124144,366,335,8.759699624637095,-7.5755288832570775,4.149964434549537,0.7519990184788476,4.501031460799528,6781.6386150811495,0.003938721049458881,6.021334795579627,366,335
AFIL2IVD4EMGED6B55QB73O5N7FA,10.389822496049062,-13.725226793973649,4.289015514424409,0.882053655736684,6.473670955416449,7830.129986814264,0.0065217903946862684,8.936621251160803,133,135,8.976497934139402,-18.412606942314643,7.621971388331628,0.8251429392336116,7.280357679093856,25968.46642789198,0.002435944032251848,9.90031535313629,133,135,7.326319723933718,-4.067691485071,2.05158470305525,0.8662668422924067,4.021770368698048,43.78648092606102,0.4667139054147321,6.364357315007129,133,135,10.286272055406714,-8.207882207741452,3.361753349185222,0.9051201441856933,6.390131565057227,8822.17517517831,0.00565552079295466,9.209261912361123,133,135
AFIRDXKIWQG5TK6XGGUKG44Q3QNA,8.951943634473743,-13.610488037905442,3.9809110066648694,0.7915077851020453,4.940224608646021,5467.302330101473,0.005436203240847067,5.924047831553309,122,110,7.162503177091786,-18.145240804254293,3.920222449221763,0.8345350205812027,5.692555075240921,23196.63394883223,0.0016499369868097048,6.158101354474153,122,110,7.06967684651693,-4.076613495152032,1.554976495142127,0.8262580248667908,3.227727891462912,16.39685625229832,0.7697144561950275,4.427933272319994,122,110,9.237642790505783,-8.65957714099308,2.7106750015688696,0.8464894988759584,4.807714375086139,6660.299672425294,0.0041441296426019715,6.046283528218476,122,110
AFJ6BZFH6T6LBXYN5NKMBPTHRGDA,9.044393076658656,-13.556673004467024,3.3000287418989216,0.7730608071630307,4.622259152557328,4216.075896034871,0.005950486540478621,6.385752351555654,173,168,7.325078788688333,-18.727554535242,5.4227760093199775,0.6996136564691516,5.190530947545206,17304.39480370618,0.001802475038458447,6.215015931643285,173,168,7.007749477077536,-4.416284727331967,1.2455234558443886,0.8307768477946167,2.964032011662803,15.823519341205062,0.681459787107254,4.647483383030718,173,168,9.217048968089514,-8.367370611356687,3.5970311258518435,0.7420277723901981,4.481489089082532,5256.472123207035,0.00447767802262581,6.359553041526655,173,168
AFJ6J5LH2ZHMUBNKZ2ZBCHMIBE5Q,8.940740744889073,-13.135459724111287,2.7213620512008956,0.8648947823653714,5.020687982605651,5942.4822427236995,0.0051271072423045285,6.051482829093764,172,183,7.797022856363576,-18.67746503027145,3.7404736804592944,0.8483520262331047,5.782076934120112,24075.263317292647,0.0016600545253885766,6.465332518177763,172,183,7.144034890783035,-3.8942292094501063,0.8249073187548301,0.9136320339964565,3.321258190053757,18.933218496639697,0.7217060240165155,4.600047294698734,172,183,9.358929339261755,-7.763769439367524,2.4957533677375063,0.885425357367426,5.108484433053832,7018.831329145568,0.0046018918141393405,6.279275032692999,172,183
AFJ6SABJN4EEXL6FRBTZOKPHEUVA,7.7730630646457,-14.345374893776098,3.7369895084811615,0.56472795246719,3.719126405701806,3397.879295773843,0.00479683498464719,6.528283779061641,187,183,6.231591801802113,-19.71147165513599,4.260031075397647,0.6089668626071505,4.365725491395145,17903.215231878567,0.001236611454382113,6.780774632337057,187,183,6.775337779251391,-4.669556483919709,1.0517617395986745,0.7405191384698668,2.4092064137157156,11.41414821067761,0.6216694556493259,5.008292524007071,187,183,8.466160043451456,-9.27845364073543,3.943749880997409,0.5131955738453906,3.6094542540797017,4201.384164765638,0.0036829971575844697,6.693794459004233,187,183
AFJAB5S4BMMXACJU7CEK356C2AYQ,8.131388919976976,-12.137167604128587,1.3717274514827755,0.8744239215310623,4.193564207856931,3010.8244330801977,0.006828987930274204,6.582029318256236,635,582,5.981491041115861,-16.746872418016228,1.12760143469868,0.9060957548297512,4.5410672088697694,12250.62912346236,0.0019451669037523075,6.326694443202472,635,582,6.485386792359823,-3.778104492897952,0.5043378504021448,0.8795287710641697,2.472469331026863,9.738808254243846,0.7623619368630824,4.726663925330959,635,582,8.241310242262243,-7.633320558860224,1.1554153321378968,0.8800560482951617,3.841626001133994,3946.158601790879,0.004439288896759966,6.16651490547597,635,582
AFJBKPK5W56XWSNPQU2WW66ISWYQ,7.1731050922187345,-13.132749853421295,2.101696686838168,0.793846856088378,3.8272963816632903,5063.724525317077,0.0035787255706092964,6.391776194312511,167,201,5.245077866802798,-17.237421072949225,2.8684287995030147,0.7632826931843293,4.4056190972292075,15707.85754441077,0.0014775964505321642,6.335826376324382,167,201,6.538714567710388,-4.024784777263594,1.0165873614724144,0.7744125529834692,2.4428635580610933,13.647646885556055,0.562657304411485,4.793513002156953,167,201,7.955800962234412,-8.117101518668825,1.6627689616930508,0.8191377484678422,3.61159539264265,4548.063576786342,0.003554245473636261,6.297259658882882,167,201
AFJQ4OBA4ZV7PHBJQNERUVN7UZOA,8.034224381014404,-13.036778962872669,2.8878408185107403,0.8130403912765976,4.458380145853327,7078.731447609837,0.003579560255414239,5.853259173835425,124,111,6.788965630318824,-19.147804592605063,3.69659596128831,0.7859485283765836,4.852463334270757,23936.3586303106,0.001235091059630292,5.8597112741787845,124,111,6.900442329733984,-3.9019951698239987,1.0698671007464162,0.8447039890479846,2.854452689872882,12.609208508646766,0.8356497199305964,4.511723671076741,124,111,8.8273218860551,-8.173027016143449,3.842228860506953,0.7233953155002621,4.265977277871369,6150.970821864566,0.0036808839445978563,5.998482269223684,124,111
AFJWF2QUDYVVTT5Q6UTEBR5SNENQ,9.93710767789393,-13.899007359043855,7.045278239754859,0.7710103697444906,5.897695863595736,9241.995543287216,0.004879969530444035,6.609443784185303,132,136,8.914357064964747,-17.470270436706983,11.045422735747312,0.6516164526029743,6.342023195348531,21022.650248603582,0.0024530657055622574,7.010380187229579,132,136,7.851643642826669,-5.010352916147365,4.024245739236485,0.6677710260594777,3.5363076876623025,26.908443837851458,0.6274957648119059,5.13556695584127,132,136,9.907278740598484,-8.207119237757635,8.090068325340548,0.7365192728127993,5.837088522417966,8507.72293880762,0.005270102181431986,7.069918286553477,132,136
AFJYUDW2LLMAVP2L5F7FQPYGWP6Q,9.57076608903385,-14.082123212165872,4.560588054300025,0.7572866471667884,5.067969171302056,5035.901675587276,0.00597811830840585,5.839430154195963,270,295,8.157529625155426,-19.043156890562912,4.1085242131471045,0.833732893947948,5.941904444913462,21113.119185242664,0.0019306193879867093,6.294533801708712,270,295,7.22911639596565,-4.186735124605648,1.9515470960605374,0.7867784909562197,3.3506240974130304,16.975248213986827,0.7763128598651071,4.548363812807723,270,295,10.025081690600066,-9.004046384815256,3.6094673159832147,0.8178085051440135,5.175200772476345,7216.331617536435,0.004365487240831862,6.332516203840409,270,295
AFKBVRDWS2ZPNM6EAEA2GRYRXFPA,9.126361366518385,-12.949391008150071,2.24916650265447,0.8380386021585946,4.638478807863581,5172.486125886329,0.005040677474541623,6.431083262785959,228,240,7.029150140024445,-16.644122031858494,2.363248001611332,0.8401372954304407,4.87731485472716,12559.6986791552,0.002274043687218148,6.219960552025565,228,240,6.7829872523786205,-3.6850937109179926,0.6165436192456407,0.8936247119339351,2.750832557404182,11.338516004780043,0.8384414910792077,4.697881628346181,228,240,8.99832679262507,-7.411776350690866,1.670973386401535,0.8778670117119647,4.434198908546038,4901.17154137289,0.004881404058471487,6.436684753884676,228,240
AFKHG4JI2HAW6CNNXPM7CPDUQOEA,8.074975016045274,-15.094983963115444,2.420645848159105,0.7474365716046854,3.8314156980622283,4554.607486833854,0.0038702681256694224,5.989631811975285,114,112,7.03813995622623,-22.345305387393957,3.1751062682724354,0.6978122387167383,4.1370344661654705,17869.282323248564,0.0011204135565991192,5.841189393415217,114,112,6.405704392392179,-4.994613828922051,0.8748745675189028,0.7474251246170822,2.1518018144622473,11.59817309320611,0.49340256369547925,4.470351540617886,114,112,8.342708505735036,-9.319977850722513,2.048656652050024,0.7754292073592243,3.664239744949567,4098.900121777805,0.003941456252799223,5.90342581776769,114,112
AFKMX6JZ655VPVYHBTATZQS4IBOQ,7.372360390448769,-10.991653259872008,1.9314318884798494,0.8399896392967612,4.137822859448842,4703.36827198639,0.004541325426645233,6.293953427123064,198,234,6.259922708268651,-16.95727632837715,2.493354175917759,0.8347206115228676,4.837793088498976,14005.068371672125,0.0020316310483317057,6.603887278469759,198,234,6.549900921394849,-3.5183535892051534,0.8669977625552618,0.8395930471513263,2.682332531152436,12.061282797639373,0.7414471516230161,5.009348420862228,198,234,8.458121661367347,-8.202043622722465,2.1527166880388897,0.8336513422543308,4.064228777108521,5767.888588588101,0.003607182131028093,6.321467377281536,198,234
AFKZESU3PTCQ2UVDBDSFVFTXBFNQ_1,7.467975625209669,-14.010713912818714,2.119245181133131,0.7679482501030239,3.7602403125963644,3987.2056340328363,0.004170617727709991,7.030487665006402,557,620,4.808753629228488,-18.368139878297463,2.2480550697830926,0.7899588691990135,4.104516956689988,14719.139738703741,0.0013681896188449773,6.9387016989184005,557,620,6.183235701953332,-4.143487467486094,0.49466316423490975,0.8710583522332869,2.2263406382839777,11.885474661701641,0.5286343853687174,4.973589830710542,557,620,7.840561565077766,-8.012115726483293,1.7219819170775865,0.7864571697197993,3.522238786936969,3762.7532118815657,0.003949780898221176,7.012636135797336,557,620
AFKZESU3PTCQ2UVDBDSFVFTXBFNQ_2,7.94435867566559,-14.633806301686421,3.8377144079904553,0.6233364073130576,3.929308649639378,3687.592130390537,0.004886511140060427,6.97970404114282,361,343,5.0880377896157505,-19.650048824579436,2.7891384992368757,0.7646147259486802,4.261301111644416,17707.101804215952,0.0011969984193151817,6.836041732554722,361,343,6.4270273796347155,-4.258355896835891,0.6070930148078353,0.8736209956641616,2.4524914769684028,14.385982319232546,0.5213200428669625,4.944447546468808,361,343,7.6243502625596795,-7.832603428800759,1.7597621183562873,0.8036197416095392,3.6646741000477667,3750.80900545804,0.00414047238722406,6.867335460728202,361,343
AFLDVQ2MD27WFGPH5HJ66GI7PO2Q,8.655476327508781,-12.59713151412065,3.238054233767141,0.7653647471038487,4.441380255744744,4614.906090612369,0.005294099690140613,5.745757515908487,232,221,6.95463833824051,-17.595782517179114,4.407946850921307,0.725566517521173,4.976095771167499,17342.517112215523,0.001732691478796677,5.9210623019908875,232,221,6.849438339544559,-3.8790330288507846,1.795153661695262,0.7120935019701126,2.819006425319199,12.783715174504513,0.7845462628561473,4.373697094722596,232,221,8.567905209163525,-6.899850904582111,4.153446789027819,0.7398415212227772,4.541076135449303,6581.193303758323,0.0039360432401693655,5.903125445210247,232,221
AFLJQ7ONRNGXUCA67XWGIN4OLJAQ,10.377309281089477,-14.522705600957982,8.754371041009934,0.6462926605321233,5.686515552960707,5628.209235020208,0.0068283635704038505,6.557129118346578,104,118,9.77696317175697,-19.43408710799046,8.253963167517155,0.7238786075330633,6.365726655048919,22576.726243773854,0.002180929492838092,7.322168780131279,104,118,7.618631294791723,-4.525362051981986,1.6070434573958134,0.8511228768190632,3.5847484115228863,17.6450007651036,0.8681917117707985,4.95338906963826,104,118,10.610909667146592,-9.47631956394498,6.09293822929884,0.7971659007615381,5.890103003039395,10580.547686999742,0.0040953737901327746,7.457848070303828,104,118
AFLOM6HXIM7CJECSEUDVO4I3JXBA,9.812609354175283,-13.94705130937247,2.4055427308767934,0.882479429688635,5.1779171553986645,5853.574558503545,0.005464919242895743,6.934773815880745,243,234,8.416084068846503,-18.38447094540382,4.610680935871126,0.8285751916624505,5.9579315397473085,18207.91718867033,0.0023134991262609072,7.343945524424517,243,234,7.20051440856666,-4.124561620233337,1.1602606183845496,0.8834439599162133,3.371526189342567,17.156363729342743,0.8064830312982879,5.025044363254957,243,234,9.888011207068171,-8.724813507668802,2.549557473003985,0.881011179019291,5.228360973090639,7007.595129412858,0.004693809233855284,7.0811954221065765,243,234
AFLSHORZNVM6GIFFISRTSRNYTOMA,9.737473323366743,-12.503375082935412,4.455238097613496,0.8035436188743235,5.301309688520974,5086.32861150786,0.006751033135516641,6.8183662600184745,222,191,8.72650204566524,-17.3845543468557,5.603316981049292,0.7849275218402584,5.96381536280962,17234.226844464578,0.0024678311511793123,7.082199325667557,222,191,7.376102090739201,-4.093238078708442,1.430058831271466,0.8686259375497305,3.5041545095611126,15.612631093799148,0.9669244815207323,5.014942976550917,222,191,10.264493462640061,-8.879718831756913,3.089181307661386,0.8663063561486744,5.227498519932472,5735.16008108489,0.005889030108343477,7.043706276131564,222,191
AFLZUVWTQ54JZIKLCEW3YIMUGHHA,9.945676408470282,-12.84504473533312,6.66865609753402,0.78925622296601,6.224258282546186,9290.131238889022,0.004908367658596837,7.422727017783228,123,146,9.414759211204867,-17.26606229411267,9.396927775049654,0.7574259568290542,7.104631127835613,18207.679337484587,0.0032473336623619377,8.937618185195559,123,146,7.683244481223355,-4.756585151648659,1.6672644324307244,0.87535682493631,3.886632631157963,34.09611198999317,0.5245367571714572,5.801662551147482,123,146,10.449421063147097,-9.253944673510214,9.192527946202041,0.7619545474411288,6.443821384287699,11489.899784049181,0.004392891181047146,8.55785912384236,123,146
AFMOM4ZVIZ6EXLU7AKHHL7OVWSQQ,9.260110689559273,-12.626976719181302,7.7462347308765205,0.6259266893739858,5.034668163755672,4722.223396704156,0.006638268110430206,5.936724429014332,183,164,7.4205322834931415,-16.951027753730862,9.450488375213949,0.5949649039873953,5.658497141178667,21407.27643045301,0.0017996186032856684,6.362243257619389,183,164,7.192887142317054,-4.123459672235166,3.271488917256926,0.6261749946471022,3.207641404810906,13.373307622479143,0.9380646023572906,4.582677754934058,183,164,9.459079663539477,-8.106598768245961,8.068739225716586,0.5878735660742944,4.903998849138343,7176.643673023069,0.00408896422036686,6.1646748832743645,183,164
AFMOYMIUNUZZKVZXHRPX5B5XUH3Q,8.522072512705929,-12.658632176606805,2.6427942252563676,0.7961482114599535,4.381888306691944,3993.0500227437574,0.005877398423467549,6.204578081653633,248,229,7.341865181736418,-18.861824380707755,2.846786062116113,0.8210127622661271,4.8872224206405415,17375.45045468426,0.0016894652214595022,6.228813018532186,248,229,6.927213825256365,-4.057143172023862,0.6682491348169918,0.8895718312323604,2.7962418112959777,11.53208038794301,0.8376902189510702,4.774748690664388,248,229,9.06569712856283,-8.175795622393313,2.165725589048463,0.842758975508314,4.305768611180376,5566.733686440035,0.004213352559533199,6.399393521211178,248,229
AFMTB6XAI3YBCJVTOGKOFJU3LUOQ,7.6481567217681015,-12.969176686911803,2.531807060605386,0.7686242219817261,4.214438752246473,5544.65979546003,0.003670100338771271,6.747785611137925,272,293,6.034972378648334,-17.25369235042925,2.462845188944866,0.7888512704160154,4.553781625437771,17814.19720012382,0.001337359037097271,6.983316932710665,272,293,6.457038202588927,-3.750281692916253,0.9912286765936397,0.7898056155308084,2.6053548866065976,10.892478573198279,0.7297476166992357,5.015131068558249,272,293,8.511261600566444,-8.355640275169716,2.2017370080186733,0.7923629482753968,4.065512575313456,5064.1307596860015,0.003786706510169331,6.899588585568908,272,293
AFMUA7K3BRXWB4XO6QARYIEBI42Q,8.060132485428934,-13.299019460617643,2.4163681332123987,0.8134356829633622,4.23189907196519,4566.024723641744,0.004782328067546066,5.941556606035734,254,267,6.978691741272402,-17.916271592458443,3.7905060917050446,0.7435202761830388,4.764187473065852,13426.960346090933,0.0019945286609299594,5.973398117998435,254,267,6.90838537557918,-4.20236061080297,1.0292780642640438,0.8201434817696405,2.7628069337562473,12.62403837170811,0.7311360634854975,4.4874055949878375,254,267,8.507397563591017,-7.924136141126227,3.3595731074011956,0.7379418791477523,4.108869295711982,5206.397579178359,0.004061577430740831,5.941976034649871,254,267
AFMY5CEPFKJXLHTMOJSYC4XABXOQ,8.802836068694987,-13.601743368866513,3.159825305236365,0.7896712838909165,4.502225180470101,4939.115266212066,0.0049152215967721916,6.152693679042353,235,218,7.2297302438734325,-17.63654655007005,3.3612302787396398,0.8202879780609014,5.1580782113628665,15386.742227326498,0.002045065684404253,6.458486647311055,235,218,7.0303004215476,-4.312881872819162,1.036286577696129,0.8556274257497942,2.98110918502509,14.78284515682006,0.7257978391008217,4.598931503686701,235,218,9.127872876366965,-8.022902317323718,3.4347751106791757,0.7667910036785495,4.389338320598169,5349.2641317558355,0.004332891109723074,6.3454497088151935,235,218
AFN7GACKXTF3AWN6DOGFNLEOQ2OA,6.300069975919724,-12.933292817768312,0.9571710857942111,0.8562872871998017,3.342576941385731,3244.9145246066114,0.004015676270903332,6.519818385678987,295,326,3.900524074692699,-16.950138413623204,1.1967111831694892,0.8481333592061648,3.8086281187481084,12552.3863730686,0.0013302592149881372,6.282956153471847,295,326,5.912604753833023,-4.084456753700268,0.31706622817002955,0.8892572625155518,2.0691457391894086,9.626707759175146,0.5296749165119716,4.834140732015066,295,326,7.385696762853655,-8.551527335247878,1.0413770514634704,0.8238889438392997,3.1712495993267784,4088.510503481593,0.0028745398799836556,6.415479373306079,295,326
AFNI2C3GRBCPIQOT3H66FUQYRPJQ,5.889757975065139,-11.99328320463428,2.6809894679531223,0.6534489913498411,3.5028203949397563,3715.9415596453687,0.003943068480756538,5.958113574289983,86,95,4.643428973182531,-19.33133505461745,3.098999921472239,0.6601211926272242,3.880428564709987,12708.717885100557,0.0014392986728471505,5.712189057310183,86,95,5.733224278929777,-3.3087860165229754,1.2025176605219317,0.6366176546151097,2.1687822817562696,8.506873641097664,0.6796587557415915,4.557946084982342,86,95,7.538840811395936,-9.152422445947845,2.424199034709056,0.6487541939426844,3.232203638222326,4173.883600054289,0.002983270226095826,5.621534466224254,86,95
AFNQHTOCHFLU75HS34DIMKZB4EXA,9.314753732717723,-11.054268271378167,5.081715354248344,0.7923962356086123,5.637636169560666,4924.947596719152,0.007680554189100769,6.337409825317415,234,217,7.956638018163243,-16.01869211450825,4.417657405000651,0.8334213685100437,6.078172694258167,20925.728276502825,0.0020836387663753964,6.614676392970875,234,217,7.219090864640042,-3.7252318593521005,1.5995586793099594,0.8394465561252282,3.55216333028443,17.318013196879416,0.8502653747592083,4.81356347604278,234,217,9.753035879995121,-7.6272314053128545,5.686378504129617,0.7799338930852745,5.647042718596287,8382.954906652183,0.004583506663336433,6.8179100406263835,234,217
AFNRTOQBZEL3MZE5FUDIGEGV7H2Q,9.672423361587759,-12.335012292307477,1.8266564316016891,0.9354055287783075,5.891184256241134,5845.581763642142,0.007080050875897375,8.417723246861526,269,237,8.586885169401663,-17.405590900989406,3.461307312735916,0.8939797050318039,6.6126013516000555,19405.05792752666,0.0026335739478122767,9.292757209467233,269,237,7.410720955155107,-4.195291221462351,1.1899953000905057,0.9041422447125252,3.8083685564530865,32.509430514228995,0.5374653860603197,6.103531119774048,269,237,10.053925051269589,-8.189138886723779,2.6316188185091134,0.9097580553370174,5.886869171231262,7249.527191108173,0.005690763657141711,8.791851468497862,269,237
AFNWEYQ6IYHI6PXIDURCBE62P2BA,9.107789414136011,-13.206846344148996,3.6384684806274037,0.7670835628374033,4.702345342599181,4810.359669776927,0.0055570358289364725,6.1999539924223965,193,229,7.177010877777582,-17.503220113959166,3.0449848050503587,0.8199488604428752,5.038458687592719,16060.869005276872,0.0018960446766854138,6.371073501212587,193,229,7.100457848332615,-4.481638380642086,1.4270886170407906,0.7837336027417339,2.846895325263915,14.014342042093348,0.7205779139792075,4.67810957638805,193,229,9.631757463489807,-8.668816440197995,3.207835051785754,0.8142444777531546,4.590865380019229,4973.982239589495,0.005430260768352907,6.495636281952953,193,229
AFO33UNM62QYS3SHDST3HB2SXSXQ,7.105622428527746,-12.47542618166689,3.1572897068370316,0.6685365483806955,3.8122736203642176,3965.469258204032,0.004375020225803253,6.419672896999861,148,148,5.081878614088529,-16.79595379158119,2.668933989165367,0.7425099021538313,4.1782599410576795,11553.330411283201,0.0017884369210859163,6.4413491015339535,148,148,6.308149600911686,-3.781445117841865,0.8878254196873239,0.7736166813171272,2.3695862710733437,8.235410144522657,0.8238909703647157,5.001297699726597,148,148,7.7168358380784845,-8.201868298780022,2.5644156805787253,0.7156379888992075,3.6119491197410474,5104.444729033576,0.0030887133393852754,6.260180760947358,148,148
AFO4JFVHP2IUNIAM3R2HWEHDEUJA,6.703413856153052,-12.243262047880794,1.564579710867673,0.8023595570767393,3.593082836091695,3278.7430853963288,0.004672199782269824,6.378022012477602,174,187,5.002426268742558,-18.2873930513075,1.9861941977697841,0.7812984563720565,3.978888699206342,14197.748699040894,0.0013234083615442488,6.136524296444188,174,187,6.217259089661296,-4.254150619054767,0.46686446880496396,0.8497021736081412,2.114609382037841,7.608496833973637,0.7351304462026017,4.71123234313901,174,187,7.525905136973919,-8.039373345974976,1.138390967803937,0.8382551952849249,3.276460049692372,4043.460934119015,0.003288027236074877,6.074043820639683,174,187
AFO6QRJE7PPMBY2P66V2FPKJUIEA,9.109083736850472,-13.461082914953865,3.2316354089730535,0.795242241591074,4.607380828817051,3774.576770685165,0.0068645458254611305,6.187141684232946,203,216,7.411185901772235,-18.26187199460276,4.150126459918346,0.7972198712075895,5.242461700169087,17215.713994037105,0.0019654208134070156,6.1924709040042245,203,216,7.294258550091128,-4.561845636906643,2.2896787359099653,0.7469540096792588,3.0634505211447016,14.256914900089017,0.8808972782785282,4.697861166770845,203,216,9.546733314067817,-8.50731184437079,4.327896671194085,0.7503013051187365,4.687597134129697,5749.128068405388,0.004717521424163667,6.325267908928748,203,216
AFONENWGNXXIUGGYZKWZ3GPZI36Q,10.909823936428102,-15.664047907914526,11.316458582927732,0.5473694385268677,5.5721830819262435,6170.285794593815,0.005969239114700602,8.52082329093492,270,257,9.956617990131459,-19.30379183132395,10.171215686203162,0.6625226720790411,6.355124346000849,17975.6182261993,0.002641276800786678,9.347858637109654,270,257,7.6479805460447885,-5.127158299245458,4.0558588668080535,0.6252254620149296,3.5508362093516066,30.9963360382652,0.496628231967573,6.119294021684569,270,257,10.80448083523091,-9.723922286174815,10.16452552610299,0.6301288282210771,5.704073630439218,7111.611871739178,0.0054903043151479395,9.120495411115916,270,257
AFOUH4HQ3WKELXFSOZL2X7VIKZEA,9.796474783407493,-14.005547470198682,2.860219587750463,0.8807902474568962,5.396048281057081,5409.5131330203085,0.006406866418996886,6.522024643013831,258,290,8.5269266598946,-18.580499730932647,2.783906958809818,0.9025047810255927,6.1406976460116764,19989.226862056243,0.0021891378613488597,6.962813304148264,258,290,7.413792671662012,-4.555691295811318,1.5107542229713335,0.8605810215693057,3.485570636545411,20.40378523563931,0.7174890968324055,4.848998123988507,258,290,9.803411354257015,-8.395542058084343,2.2294666479033776,0.9054521927475009,5.317173451232867,7481.8055797566285,0.00454474800699483,6.682124182851397,258,290
AFP2CXPW657I6PLKLC7XRPJWUFJQ,8.784795118949441,-12.315433480380443,3.369680685847048,0.7785907265203298,4.693504494792821,4857.5533324329,0.005424139480899278,5.9353472835820815,260,309,7.508757059129993,-16.86845689738629,4.02237742085396,0.7705114133143272,5.169448252134035,14726.78759548492,0.00217994981379626,6.123501803514535,260,309,7.094585459712925,-3.8964604406792622,1.3556375032864603,0.8078186421211707,3.0355504615074884,13.211701952266766,0.8555703934234056,4.580395058600692,260,309,9.285673990579074,-8.246491258698473,2.3691098525766203,0.8505755348061119,4.576169609850706,5843.382405205457,0.004497984753596025,6.152358460466738,260,309
AFPF2CONJ33FNFKOEQ2TUNWQJTFQ,9.96454004605263,-12.604952220368006,5.230041400606566,0.7956965606022501,5.616534185839579,4894.568985856105,0.007739919840137599,7.96840658808353,224,241,8.964523833921781,-17.30983121683372,6.266442967143202,0.7996005900352507,6.468633398833176,19526.038894045065,0.0024820377302254685,8.438765073279844,224,241,7.435769144586456,-4.473288889274021,2.1522435070404753,0.8187862284426553,3.617573501331841,23.907394765647133,0.6654664457052024,5.6563221130258885,224,241,10.121879174449358,-8.479997973644345,4.772624005489084,0.8098063453924044,5.495195342390564,6463.961041104777,0.005576629073159961,8.108731946899182,224,241
AFPM4D74WWLFUJC7UGYUBK5FY4KQ,7.819393007439762,-12.414668024189957,2.1106424172220444,0.8189711463025554,4.112455917779791,4186.642707897591,0.004979916693073413,6.071728393162215,130,148,6.583695837418559,-17.979603524318733,3.126353984509883,0.7712164288800507,4.609277914590094,18582.20391425767,0.001401597335621067,6.252540420168833,130,148,6.554964776501341,-3.9605534968531386,1.4255850918600483,0.7449602704576015,2.6873163517135996,16.76092560215605,0.5297041936304444,4.631999456946593,130,148,8.600062640722482,-7.917363929018835,3.4296461347169207,0.7255662459445135,4.030630948795787,6207.377356373661,0.0033499140915151603,6.378486052143236,130,148
AFPPNF3RSFMMNC5UAM6V4B475MBQ,9.174857029573314,-12.681104666938001,1.6330477929303673,0.9077045126048102,5.075641490081636,4654.6760971781805,0.006306170241209081,6.9795084500894555,1019,1016,7.326912285531653,-16.3602800090551,1.4018879231346881,0.9387984641465692,5.932256727658651,17963.852532621,0.002198975296220928,7.48049067066905,1019,1016,7.26254371297538,-4.341500676333328,0.6859736602074626,0.9165040355470078,3.2477266644594383,16.355637316034716,0.7361971842438866,4.947381193069281,1019,1016,9.34526369745094,-8.269662353742543,1.407151541554611,0.913328343814622,4.730608172576502,6028.764983685528,0.004281271610596358,6.572628784349125,1019,1016
AFPPPZX2PLMWY75AVRTJSMICZOEA,8.226433712478055,-13.026179876594153,3.516720671298188,0.7435219662674166,4.439593185141994,5214.399221157147,0.004454704274685606,6.037950495147182,163,170,6.756904587310947,-18.881235444752075,2.472542692758326,0.8286713703605311,4.718703261482839,17138.882808121332,0.0015208147221057566,5.938645405906989,163,170,6.730355019372292,-4.1532320299037675,1.2312828330455678,0.7835614715428033,2.7398061780332528,13.837630226934495,0.6458312654935805,4.505244045205638,163,170,8.872976182599995,-8.767998084317423,2.7711271808371216,0.783320096881181,4.272723776530897,6921.772239435611,0.0031094567046042526,6.015201837105897,163,170
AFQ3NFIIGSWMRKJNKGBKZOFT3HOQ,8.589011273253504,-14.71983485287786,2.3287467755330686,0.8190629753837856,4.166126999081898,4597.9878670693715,0.00484225508340375,5.759222841874417,90,109,6.459830408539388,-19.188929538304365,3.354033108304424,0.7947064572231864,4.674577455184461,19376.66969831667,0.0014762756495074868,5.729397884291074,90,109,6.887367343557727,-3.870174152844056,1.0230717528980158,0.8383302449277881,2.712837484885567,11.3700404567112,0.87809039953533,4.492860596883914,90,109,8.38555995739113,-8.331272244867513,2.1929918559491473,0.8201748018777013,4.070070847535485,5877.540721399195,0.0035808620980985004,5.819331912884126,90,109
AFQM4LM7JQGYBETRKRKNTUP5CVNA,9.084003106215285,-12.742442856350298,3.656305340246834,0.7987356647238626,4.929792487944183,4787.400725615158,0.006199983871487019,5.854148772457007,179,183,7.61763107194606,-16.941715063257135,4.423326882679485,0.7930715224488987,5.588037680580079,17253.762925873118,0.0021637837252908784,6.153992646593527,179,183,7.114707516409898,-4.042807878697799,1.2192074075768897,0.8487835622425786,3.140115568033899,16.10774094733909,0.7457828231800085,4.565694693779285,179,183,9.27803380715142,-7.981491356251677,3.465362399993488,0.8197296496973806,4.884497203154506,5929.778115836739,0.004945889975009978,6.288952752282018,179,183
AFQQRHNOS2AJSMORGOJQTDOWF6EA,10.237979562365583,-13.43207725984716,4.509087622587836,0.8566474192905273,6.089941090961614,7132.35827620193,0.006485805308848089,6.787562954481742,242,218,8.890445544194032,-16.535908675883068,6.230649585339341,0.8360266362137903,6.872122402794538,21977.053811516365,0.002636157565492986,7.682176383996745,242,218,7.659467821486611,-4.32371475462222,2.2232970779895576,0.8036977229865099,3.6084489750953934,17.938716666481348,0.9029057961185991,5.061005992417986,242,218,10.441077453180192,-8.758569189195857,8.55502113788922,0.749314304827569,6.09574901704575,9538.304950021095,0.004910035707569057,7.661959308027121,242,218
AFQVCWWD7BEUS6YTHTDLCTLWFIBA,8.596090491491223,-12.836940747299176,2.3151925150726167,0.8071642876965552,4.294845200012363,3916.150955964721,0.005623231500654248,6.0845274575090444,164,157,7.1508465946857,-17.15729180100718,3.1384857325122324,0.7891797222212525,4.878196942684438,15032.10332083655,0.0019226670970434367,5.937704190893463,164,157,7.111931802802999,-4.23371260428764,1.1301072239652226,0.8017692078449896,2.770141319137929,10.724808481210925,0.899125582121133,4.555634608553044,164,157,8.874160595515601,-8.015155316334457,2.415155983732684,0.7968812555599172,4.105445256658799,5893.878303765112,0.0035888705010699174,5.94615584735405,164,157
AFR6N2JHAAWJLI5EJFQDENFMVVAQ,9.660788002262175,-13.49759061204618,7.17280813261097,0.6937397871406641,5.368269484561247,6374.984110508855,0.005371225666247076,6.9079051456387495,170,186,8.19182164337813,-18.383420205531316,11.097879875086978,0.6133903540912462,6.194597501730995,18854.31479558144,0.002328191248007545,7.620357307468673,170,186,7.416493147554854,-4.776434220888588,3.2654932932376,0.6791826091344699,3.4236644308379134,20.666580838311283,0.6746516581678308,5.1498191002669556,170,186,9.900032204550717,-9.110019311219482,7.235770592253822,0.6932548132036175,5.26885086846252,7603.876992655879,0.004447816287837423,6.954618396898976,170,186
AFRGJMSUHGKN6E36WF7NUXIQVXVQ,9.735412370436007,-12.91753474068347,4.3827550471410905,0.8165061036664281,5.522911722887687,6073.349563874996,0.006082037242981602,6.867247002649631,155,138,9.211745481919612,-18.576210377086543,7.250631888397044,0.7354600269306677,6.028135254800624,17230.259941653298,0.002545133519038826,7.5218549728780815,155,138,7.456352407018269,-4.307813837161793,1.4002325089446603,0.8580137468683413,3.4402417750615415,17.34692012624811,0.8198848752655932,5.200373845512409,155,138,10.224960845356318,-9.058229548959522,3.3299003418591195,0.8720268735837937,5.544455528266448,7671.960793075977,0.004883873484732646,7.469900299074451,155,138
AFRHCRFFRBM3RVBVDMFDB7SVPTHQ,9.556698990005106,-12.544298759158764,1.4036723152960489,0.9475562074442961,5.697665306531265,5543.848132956249,0.0070469470738812375,8.734293604743353,778,746,7.457391980281925,-16.113915378562673,1.496019338225485,0.9591471718840272,6.686663801104522,21106.176136606737,0.002511407984684711,9.654024546860912,778,746,7.069380786204913,-4.064289255339811,0.4254722020399758,0.9655345670003228,3.6069882775127606,30.284924246556873,0.5327720327332243,6.104514882427515,778,746,9.687115128638853,-8.124787257958044,0.9096576318184684,0.9659794017036242,5.591197858199308,7465.547681445962,0.005090572282134959,8.788547027212914,778,746
AFSHXT5PTGDSFW2725SDXIE6ZVEA,8.364474046501517,-11.924689743622674,2.1658422725030366,0.8330453390233277,4.458991503876473,4675.432992420403,0.005011554901435704,6.181795400028753,170,195,6.518290164359186,-15.553412150343997,3.722682761600563,0.7602787627137466,5.019011085960692,12770.043802424756,0.002303249544647949,6.392742907322187,170,195,6.4810714243064105,-3.379853934548617,1.0021664043061667,0.8316546167591574,2.774158070640095,11.406145808875456,0.8174435011017754,4.7042129306254585,170,195,8.883707698317476,-7.654647123186514,2.6964497194244044,0.8159738116120876,4.396771548511681,5197.277198485207,0.004665706064626708,6.419669553576991,170,195
AFSPTSJ4WN3TXSMC52FRT3SD7WXQ,8.67690249322064,-12.40504854533538,1.6861239744819951,0.9056638081838236,4.826473853244943,5137.565986049022,0.005438446913690376,6.709328728166173,649,638,6.897494573729194,-17.17082444512867,3.2225453457419015,0.8528014693072071,5.416422657182494,17066.392937647466,0.0020404261860875158,7.194062560724108,649,638,7.094691754942014,-4.145687543413262,1.434914725334795,0.8324851141821474,3.2053307881856163,15.644884990400833,0.7864898509595482,4.947391627579416,649,638,9.417980557033621,-8.450742928488785,2.151008946896838,0.8778878593258852,4.7309184907349575,5613.042471242392,0.0048164971197389855,7.155255547886888,649,638
AFT5J6QOJXIGZWFLXKAW6DEDYKVA,8.92554929051682,-13.224459028675616,4.217602410447645,0.7034573411878029,4.419283787721718,4404.132237206169,0.0054176860091394025,6.816621737282991,207,168,7.843322229445055,-18.04898622868661,4.7360757499721275,0.7516780769779888,5.20510738530823,13305.241665045532,0.0024917412383287808,7.05608044529742,207,168,6.997075164625769,-4.095185481417854,1.3502310008611476,0.8214664203246569,3.048591600925146,14.55566744506841,0.7791551859282507,4.869237722898809,207,168,9.4863876031294,-8.136473033545817,3.5942320927875886,0.7722268154779577,4.553373187640428,5266.207913576017,0.004838771819377379,6.988302255148869,207,168
AFTAXGFUHVRCHPOVABUAO25E7XUA,9.568819014672039,-13.139839617038184,3.7174169360520684,0.823583408792504,5.134410133860888,4307.6461283267,0.007478835904308299,5.979573184568137,358,301,8.236974517995122,-17.966570241920255,4.06708419831296,0.8338156989105359,5.747988482151448,17781.329028836903,0.002223256291871526,6.3471917003086595,358,301,7.295795056871654,-4.247807583232184,1.6248038134838045,0.8297331889324292,3.3599724607861567,16.411977677717587,0.8277151427266899,4.623312306191645,358,301,9.772812003925837,-8.731787024702726,4.180472197930233,0.8056844397077843,5.097884370178604,6918.606063100913,0.0045958907162828196,6.326988012612869,358,301
AFTFDX6Q66PKOISC36VFGNRLSYUA,9.344047954274195,-12.568344716512344,6.938453702048648,0.7088809490237074,5.5084824235428815,5887.678567401089,0.006152614350237549,6.403134653212304,147,170,8.240533095829194,-17.18543569937029,4.394619676545769,0.8301033423345935,6.2155095193908325,18669.869720397033,0.0023794864522283963,7.131252920979675,147,170,7.151011185912091,-3.7110397283436134,1.6683117424404441,0.8276356015561699,3.4863447796526033,20.33093153312473,0.7064685921539129,4.8264045884274305,147,170,9.505950985885443,-7.714190345902024,4.800488380999393,0.7997512301303047,5.541456836664979,8751.677008932282,0.004177486423470465,6.946135594782389,147,170
AFTJ7XQN2EIELHARUBBL6Y7L65DA,9.23615920263842,-12.10428367030096,6.2773880483387705,0.805336356390398,5.6837747292311,7623.004498199841,0.005643856604394404,7.227089824423693,219,185,8.219079483982973,-16.82113661504878,7.585582128528204,0.8004021885790976,6.608894990910392,21583.000982280344,0.002545113925534946,8.147478490249757,219,185,7.433264538277406,-4.435079470343117,2.0142717153871175,0.8593358013544216,3.7248129318333527,26.673144926592634,0.6745665962248394,5.448575705821335,219,185,10.00274551914052,-8.71047607121535,4.608038401378861,0.8526595838332123,5.625081534747098,9294.475215136634,0.004445499098788255,7.568112704409186,219,185
AFTQN4MTJHHVFM4FEXY5KT76OY4A,8.087299748822609,-11.880495930814767,6.712236773893134,0.626728760375053,4.7308166962673095,4111.224240220165,0.006857898651743674,5.789236301356454,136,144,6.6362142559499215,-18.054910823173476,10.017398520667841,0.5486732771951736,5.4537457420718205,19797.68141010247,0.0018548201244108996,5.877185861829503,136,144,6.634522742692285,-3.2275855612983886,3.281092233038862,0.5941389758188196,3.058234723110985,14.294362551900509,0.8187529200761497,4.498201034792274,136,144,8.592826243360687,-6.9269182637299735,6.956006751864744,0.6345683045244532,4.838409261283742,5917.69260610867,0.004943431924021908,5.94621840646556,136,144
AFTS2ADH7XVJ5VNQCXLYVNMTJNGQ,7.632820836243842,-11.723875490023687,2.228093069704422,0.7829310899351447,4.031449667791839,3811.951620796221,0.005139599603111785,5.973822274889679,196,153,6.521179627989213,-18.596317652119115,2.9210764841905426,0.7434953839392026,4.349642414116341,11641.500027855745,0.0019253955095495181,5.90364102815292,196,153,6.468453849980947,-4.045956539325156,0.7687482457006546,0.8111949867894392,2.4004294314738233,8.14926335015958,0.8536453997989598,4.488007070747616,196,153,8.261619250805301,-7.926572534851346,2.2298601087006427,0.7856228027004578,3.8399035065030342,4617.427320686654,0.0039866618122494975,5.8962744537303555,196,153
AFTZWAK3ZHAPCNSOT5GCKQDECBTQ,7.50393164471084,-12.707250132504102,2.4529693398641585,0.7850519896142173,4.065737722667065,4348.067880209468,0.004596405236995023,5.654976910991961,181,153,5.916642550384872,-16.968087416989846,3.077684024808187,0.7729599825060929,4.620896322057639,14250.755060954234,0.0018027222781697063,5.907899759833925,181,153,6.716366884476769,-4.298484479468808,1.1628276729589755,0.7478256411063644,2.519283429721354,11.26699183100753,0.6860484540105899,4.640236430582727,181,153,8.219140602642483,-8.00921795205739,2.4431700381503947,0.7737436280845216,3.932240457035647,5096.698227545637,0.003716422719836703,5.789739585226589,181,153
AFUAKR7T37ENPSFCNQFHAAWRCVLQ,8.822757471282825,-11.658909495280465,1.9962759344695327,0.8510800847463358,4.664106613427403,3836.262734370324,0.006632399573779955,6.589171872080707,450,471,7.262621502473256,-15.977303177059715,2.6022039239748542,0.8331929163028844,5.097561807138335,12990.82649760113,0.0023514131696250875,6.606590614857549,450,471,6.952542878349808,-3.9003313639781414,0.7509602700084843,0.8688774762215122,2.8006000959398283,10.547543452100083,0.9033489181808468,4.991615338331974,450,471,9.036149457886596,-7.485731813206092,2.6996474933308163,0.8077349525146857,4.54832350768676,5233.627008099421,0.0047477621499327684,6.783091426923151,450,471
AFUHUI2URN4L3V3SJSUCBC4PMUTA,9.816675090360663,-12.6921031260862,2.439690665848395,0.9195377912704683,5.900620379545563,5882.481070086468,0.0072415132934611996,7.453195666404355,362,326,7.846315440004605,-15.837018961865999,2.7089212725264815,0.926278175219369,6.748200957476111,22458.5932082848,0.002411322244316524,8.264350606908392,362,326,7.207479566358594,-3.7866415086684238,0.6766640706457749,0.9499095538489419,3.8238946957127897,25.937812545669672,0.6884162063625435,5.523109871939582,362,326,9.86479897965353,-7.80057095840019,2.2557327509681198,0.9227195934912761,5.771119495763683,6828.836731442849,0.005958032703154347,7.665796194833597,362,326
AFUKCEULW4KYMWRQCVGI6K3WTVUA,9.077690122030011,-12.72074376219983,1.2431988938703329,0.915229570467459,4.588057141045493,3975.191350589733,0.006335940864196182,6.172380204886946,767,682,7.306992447768522,-16.409158363002554,1.2653231872221706,0.9230310413246312,4.991800839818263,13475.805113375072,0.002209219438093237,6.27314030864728,767,682,7.01232265010671,-4.0418679364800925,0.39310577078134923,0.941001848079688,2.926867759545833,12.465784495109006,0.8336737517149995,4.680333243235592,767,682,9.308632740610943,-8.287032536354793,0.8183293591437616,0.9472564846666068,4.5056883000816095,4828.473140344273,0.005153210898178,6.385466906392826,767,682
AFUQBLHWSNJSWDEXPNYV36DODBXQ,9.112017249620367,-12.944632614622678,4.592222521738281,0.7876653334400786,5.193765258043947,5165.656346175941,0.006289989381631365,6.190650600041572,172,175,7.6956347544243675,-17.583395618737054,6.234576374497578,0.7784518185753242,6.127391713538459,18718.48704793061,0.002336313001184733,6.576314993008127,172,175,6.865190277358386,-3.662216721493239,1.5274617962192847,0.8476740248954129,3.391545963447595,19.578509149388918,0.7017206954738131,4.653185289532822,172,175,9.429517691777232,-8.446923688079389,3.799116729282629,0.8148562401765068,5.109144081248793,6615.586539538557,0.004670435283841831,6.248787984277051,172,175
AFV4TYPSM3XZC27VSC2NUVOVJ2JA,9.418956196470706,-14.812588014165017,3.0446105950413402,0.8266921586255283,4.491763750145341,5478.832093229561,0.004986569321516461,6.049020709545386,169,155,7.5043109633754375,-19.386924369219596,3.7094874659045516,0.8161525452044982,4.893920399828813,19456.33954324671,0.0016786247280215346,5.965149728878412,169,155,7.128008924017824,-4.317464446580878,1.1525760820842472,0.8514187117285376,2.8844955571771482,13.740461456686173,0.8263655425579779,4.5218128570251555,169,155,9.403592081200555,-9.566448537111265,3.4912535819885258,0.8006526036397097,4.3858692413380425,7427.630852629047,0.00353843654858586,6.055704431551121,169,155
AFV7LKHKY7TF3GKWLEBIWI47JSDA,8.028716869183798,-11.84108320256214,4.221034138283429,0.6521263817111917,4.325034919988957,4087.271290533323,0.005450342879065939,5.889487129618154,266,277,6.54398041216365,-16.104130425305534,4.864587187998931,0.6600979768131636,4.846623933360373,13847.38074346897,0.0020181402201188423,5.99401085948206,266,277,6.595483078644975,-3.716635831669372,1.7476821952426882,0.6793246688561148,2.6702306602903967,11.164077815686898,0.79149217194721,4.474919636459956,266,277,8.604978391747057,-8.141640389047101,3.2287116644020935,0.7349735452365553,4.164751658662553,5733.6421477085905,0.0036707804893021233,5.877896964695519,266,277
AFVFWYK7J23ISMRK3ZI5DCKFXBPA,10.876534983996844,-13.4261331581989,4.310057140720201,0.8741876455456072,6.602373361587641,6515.6190379583395,0.007894238630579475,7.533176630335396,153,150,10.331902852493968,-18.01490889330429,9.04953563309213,0.7821997839203314,7.510830085718487,23496.852782535407,0.0028434292115920553,8.436963845669704,153,150,7.911230355170101,-4.18614373169696,2.844708461034739,0.810594663537529,4.165008810784748,24.250547149436045,0.8802294241222006,5.731966690504555,153,150,10.575943181741366,-7.507331154937322,6.4891017754620295,0.8432273120150043,6.881544239876275,9544.367183639897,0.006095622320802064,8.279059508045185,153,150
AFVOZ4UNUZKEQ7GTQ3IHQY7PZ5FA_1,7.571556109701217,-11.373486100141305,1.357897688810104,0.876411951427098,4.1955657167978035,3798.935828912569,0.00551866557932068,6.713608221628066,364,395,5.743104985781464,-16.413954971199388,2.0692841790958223,0.8310936253986206,4.486751104028025,12189.209358346718,0.001994439422821331,6.520025665185547,364,395,6.381674624810167,-3.6120419265441055,0.9067807452095712,0.7976768975608092,2.483609061956198,9.930302548093247,0.7702525580130442,5.091615195896804,364,395,8.424961337374326,-7.915555348174827,1.3042230109938482,0.8691341588820327,3.9175765597808363,4471.295042286871,0.004164163704352544,6.582313730845827,364,395
AFVQ6XMBHSGTRAUUEYSUJ5K7WT7Q,8.61823316254404,-15.646446307510523,4.807662422519739,0.5095725775775066,3.879459400254481,4001.9342721029234,0.004406334037117126,5.495415737083032,177,172,7.3938043238684426,-19.711548814328903,5.5030994791244625,0.5518471066302073,4.470209608235189,12265.52574448037,0.0019455728720295786,5.990908770571808,177,172,6.992776196294315,-4.884590195542652,1.6362089207974002,0.6339435928954202,2.4920898961734754,9.287277994863622,0.8128120242839284,4.279686678734281,177,172,8.785300366711045,-9.423497714995273,4.775542703944629,0.505741390000845,3.7295422198176107,4624.297929797536,0.003667710248445499,5.6873264890729285,177,172
AFVVHXC46GES3HXVII6FWLQ6X7TA,8.781266749438426,-13.621501902940265,1.9444695581905036,0.8552904061495611,4.350671084272373,4285.175079373246,0.005393728949839011,5.914498001809005,255,265,6.964025219778094,-17.745071341531965,2.8134275282549344,0.811192667672495,4.758807987796708,14286.964109113085,0.0019228339157983593,5.894327704591957,255,265,6.9635740006443,-4.359892399453284,0.9101851437189277,0.8486814091544412,2.7238207506427528,12.144881365405645,0.7747826526625914,4.562756227387284,255,265,9.203385141928923,-8.475246647992748,1.9634998631343015,0.855484155542602,4.3313059014194515,5230.782829179619,0.004394266258838086,6.057983097390619,255,265
AFWG3VCBDRXV4MMDNVOFWS7J4TDA,8.77279979766072,-15.11436610701368,3.6119016918171356,0.6687143396210274,3.957462559974798,3973.6232623454252,0.005042705888219613,6.254849047579347,178,156,7.130580250809733,-19.41878359293226,3.967778053066391,0.7047714264448676,4.441952207133069,13752.220789818239,0.0018577674911044362,6.139156093642765,178,156,6.940219162051869,-4.8136824792087625,1.129336382827081,0.7404962033371044,2.367787344614952,10.092565867671077,0.7336268694531974,4.641195106994902,178,156,8.929578083076425,-9.640271761133354,2.4629104429557542,0.7526282095033123,3.676367306294367,4391.344054422501,0.003933425209265792,6.007821595872968,178,156
AFX75C3ZAE2NW474FKDCYCHNM3LQ,10.394899073753049,-15.492724978521167,8.47899986365029,0.6093085549823627,5.275441698587672,5014.132683061526,0.006484591262548714,6.9271550841298835,146,145,9.405290416080208,-21.773415642283496,8.47173037821555,0.7053143420494072,6.109972655875504,19991.337827431606,0.002161632480425308,7.596971668588779,146,145,7.48216194346135,-4.795736457688576,3.022534088226631,0.7124848206783919,3.443445008029588,22.19110480917261,0.6461549780679113,5.144717280426443,146,145,10.415505260094722,-10.113470234024266,7.865902855186775,0.6501235588853409,5.249322688048342,6493.696205923981,0.00509323156327104,7.186839109920965,146,145
AFXF3EGQTQDXMRLDWFU7UBFQZB7Q,10.809162293212669,-12.132354538667041,2.0166502387422582,0.9391632588941994,6.3641068033890695,6566.672653920969,0.007624570068007935,8.995102147089668,1438,1489,9.244254943470613,-16.252646018948983,1.7125003418552838,0.9467613567556115,6.5608782903405025,20605.000678853812,0.002524862366318798,9.235499729236796,1438,1489,7.813235636870573,-4.006324704136085,0.7950571790039542,0.9465923672962485,4.071883751194811,26.460275264487887,0.7869456427124777,6.427825928238405,1438,1489,10.754229304823872,-7.872798864469383,2.1522450961300246,0.935611378838657,6.194828931057684,8145.008741649432,0.005874436837477528,9.393948311786303,1438,1489
AFXJTDF5NUVLHKVJU7BMR2ZDVKBA,7.516673395578561,-12.621223741011965,2.781540390874525,0.7673673043903391,4.2447761470498335,4876.926841177424,0.004318394288471123,5.614447323472246,143,146,6.225836774250198,-18.385185519705306,4.733332785463985,0.6928011039091504,4.868779856355367,17983.712954721308,0.0015701042046020294,5.654146088227138,143,146,6.563266331273082,-3.398336881417613,1.3474162242887353,0.7602989193943761,2.8250921165592024,10.992762987102036,0.8501695709892815,4.314636844922666,143,146,8.320731787745581,-7.930415039102561,2.5209714704873614,0.7667406746935035,3.994098852763831,4831.582809763894,0.0039900690690380875,5.571031986832091,143,146
AFXS2DNVD3WRLMLSJLP2UXL2OQ6A,9.542282735157615,-13.281340073105016,8.53083752421201,0.6433615080742681,5.29325233673637,7339.314191473993,0.004835996643991992,5.987229310416866,86,86,8.403248357603633,-18.206053869761103,7.922542960140591,0.6982865794122239,5.758674499894741,19446.182665348202,0.0021189538540047877,6.413969647165356,86,86,7.026595962256696,-3.6372400013462274,3.744703005830825,0.6612043688534877,3.413176352440306,21.522264021264302,0.6948586301761432,4.635803570125403,86,86,9.200704597916637,-7.746847002230612,8.253196349660316,0.7017739390169548,5.451315128982651,8516.041530027846,0.00445826366545078,6.522724889283417,86,86
AFXSVEP3YV4X5H2YRFZJGLAFFZWQ,9.473161211184955,-12.915657670179542,5.072971241786427,0.7279380733738336,5.101324453648921,4459.007864363931,0.00686783130505284,5.899585456619471,230,235,7.906758733668749,-17.019258124745033,7.792569330109152,0.641547931512374,5.73086432120034,19067.259320523888,0.001999740103074596,6.157719459859808,230,235,7.360257200516169,-4.204008599469299,2.8660694731249183,0.6627118563034569,3.304569217342743,14.89239107859748,0.8721930803482041,4.445839362090275,230,235,9.487088437574455,-8.48915860656175,5.765141261507389,0.6907854213634752,5.048179259333057,7629.057506539443,0.00391884416273517,6.0666085390441795,230,235
AFYB7O3AY4KNFJ466V2KSOQB2ODQ,10.344879282151672,-14.303671785747083,7.851102637046026,0.6561129000664503,5.697765760828874,6428.490187510744,0.005768907245768472,7.2992377165548925,480,625,11.056853668088886,-21.66100851053319,8.770694367187366,0.6791347561821454,6.43975950127348,20029.306326123362,0.00241476754369097,8.36141058540947,480,625,7.40486067703153,-4.200867680388548,2.0079570143573897,0.7935056837334927,3.514988736433047,18.481081196897524,0.7790482557557964,5.201794784607244,480,625,10.721611418882585,-9.87373642729032,7.86072486673047,0.6528742589604695,5.454953167084217,7253.337389453731,0.004832489741226396,7.779557034639333,480,625
AFYD3MPCZTULGZL2JJFW324JB5BQ,9.783087949743194,-13.644080874743231,4.449940135965503,0.8316575628410108,5.588491390215504,5373.922461851517,0.007122929170931846,7.432180737915077,228,181,8.2172126011582,-18.197521610236052,6.090737979728344,0.8144765092393658,6.323335976980283,23557.57418014466,0.002044778991415693,7.900419266028289,228,181,7.328903960969965,-4.736856529676148,2.2515080202692666,0.8069229561153868,3.523314538615105,27.731144259054833,0.5508273265165258,5.352832927085279,228,181,10.24522482460576,-9.592386740556947,4.896558088865326,0.8065735571064241,5.466365327866599,7984.721797991882,0.004576608078589304,7.450698663806584,228,181
AFYF3RMBXF63VL5WHFNQCOFOWTHQ,8.959271237686913,-12.414669693193261,4.355726338352587,0.8076813109980711,5.21896955404296,5447.1942286423055,0.006145881048598639,6.400667598046269,247,256,7.529143575314334,-17.415805606092313,4.436476827030478,0.8290442059161821,5.924240490872839,19444.362015316616,0.00212338730855317,6.948429315789517,247,256,7.103335220935616,-3.769988650600883,1.5907405785393929,0.8461890583878953,3.4460101520907727,22.265528335241438,0.657865866015653,4.817132844060118,247,256,9.603759980740218,-8.697333401985873,4.459297584178413,0.8068123549558526,5.145249028074951,7709.834072309824,0.004306631229140542,6.659304631815127,247,256
AFYGKU4M4BODTPVSRIQ2UYZYEVDQ,7.010511013094584,-12.562106976572272,2.6108529041944832,0.7267269747067251,3.8658826442021192,4697.791344593141,0.0037987688439749165,6.3474136303153115,162,142,4.980656564686747,-16.272805098824527,3.480237349520811,0.7164721532037963,4.469964068477413,16643.587418777326,0.001432307039066978,6.401218383671435,162,142,6.3614360286309015,-3.7033353482994342,1.1231387472835133,0.7612731724138617,2.518891847084661,13.760175026466808,0.567162833030811,4.753348199108757,162,142,8.05020876271418,-8.118698908973569,2.2114311240756064,0.7593520640563506,3.675156136127093,4045.0879890797432,0.004029088238245311,6.30840873295962,162,142
AFZBRVQRMNE3RV6MZUYG4E5MZP2Q,7.485339869302008,-12.908342191914869,1.2279753449235724,0.8776224175714378,3.884013652826671,4662.729844646439,0.003933990646834208,6.831589192759556,225,205,5.82337969277316,-17.618235669441905,1.798519855664536,0.847761629270199,4.31018148670071,12894.64109866625,0.0017831312238358282,6.790978783077873,225,205,6.568747744616665,-3.955219357248235,0.5677567359920982,0.8707412001203203,2.452181490351109,10.11957742472279,0.7511801813058884,5.057796996024135,225,205,8.304115803017195,-7.932921465118093,1.3474981691526553,0.8644818445415735,3.743636817366529,4205.430770808045,0.004258678123663678,6.87499156988772,225,205
AFZUC23U6UM5PQGWTWF3DEYO2YYA,9.644576044936658,-12.606177568760149,7.8333948911890054,0.7355107900914193,5.984753026895543,8743.395409880593,0.004927753718056685,7.455200377390591,100,80,8.183364487083981,-18.40577954400843,8.200654943606919,0.7619820178914685,6.621371287651269,29896.071184908124,0.001774735904126686,8.137968672158653,100,80,7.346036526663971,-4.228837199209774,2.6078452159092174,0.7923489894331841,3.7408136414860977,28.107391658910778,0.6050407677620491,5.589098281785914,100,80,9.641873018477426,-7.55558648852905,9.067042418653797,0.7155217653198538,6.001128303492358,7783.689540793187,0.005694189611330438,7.855981802797747,100,80
AG2L2V7VZCTSJXDAMHS2IQKGK4XQ,8.88210587839001,-11.418413305484133,6.062652337347095,0.670506416124621,4.949166771513031,4118.186117725895,0.00732113257727845,6.30127852597626,273,242,7.3504130232261655,-16.104537946771995,5.819045931877591,0.7211192718162454,5.506536968464275,20354.862282811227,0.0018067800228978772,6.603714108209531,273,242,7.062839982457581,-3.48822293868157,2.2691000072695493,0.7255993555943441,3.2323295265108998,14.692026783956983,0.8675793026377734,5.002292622740991,273,242,9.054447014824524,-7.332215181508162,6.206726810654074,0.6764167630145878,4.883022286449555,6232.8304685615085,0.004820205138145456,6.6533190804032225,273,242
AG2YJWMXWKLFZGVDPSXO4LHCA3PA,10.401651796260568,-13.701651313209341,3.5676416770834325,0.8685042834142087,5.7523607279481475,5950.847024742358,0.006829986066644583,7.235643211045137,296,282,9.201565630306373,-17.545051852011525,4.812015038649029,0.855019667098288,6.458432168706087,20766.211647451997,0.0024588357154021524,7.654431387484229,296,282,7.578902636843686,-4.114839469241275,0.9311658550437589,0.9274080786395777,3.7718191448673486,20.50620259100764,0.8662520159819552,5.364346684194532,296,282,10.535491676754923,-8.60375660537937,3.112771963543444,0.8932789191580996,5.830764873583659,6903.279029915664,0.006149191011750264,7.850181078111992,296,282
AG35UADO45DOVFVQMOZH6RXPZLMA,10.2729021906414,-13.69281479314119,4.270617994694391,0.8201876774702428,5.689588698695826,5672.723709663178,0.00660175002174845,7.021916530800278,406,374,9.26583410521321,-18.0246269653009,3.621426569837086,0.8736041659429441,6.371709647296222,17809.33642779264,0.002651724978269352,7.178862820360519,406,374,7.44409937324549,-4.180602856461228,0.8851249388301037,0.9142839860266119,3.5366514073343467,15.844665393560412,0.9339982747610425,4.828950664428481,406,374,10.452064181820257,-8.91228216568407,3.4305725014655337,0.8612334210977486,5.627640633114318,6309.880538774084,0.005865273002391712,7.098160188774754,406,374
AG375WAXLZ7PIOQKIQ6KQB4J3JVQ,9.60836251408846,-12.376595661958731,1.3628593062368548,0.9462400047034194,5.653591456212403,5888.57144690511,0.00660664734165023,7.673281967621374,1482,1401,8.391081424016251,-15.8821441332656,1.4504686922928276,0.9477414599296379,6.18161825215166,18171.714321269315,0.0025475522970793895,8.090017045199476,1482,1401,7.398668300366978,-4.062803899400467,0.2896335216183778,0.9730393473593875,3.6052129713109973,22.487976162698043,0.707708478794736,5.482764885373278,1482,1401,9.88067428268713,-8.308714088108674,1.2812847651070667,0.9498619267159241,5.521524653387519,9053.335885201603,0.004191470950450058,7.977490197932029,1482,1401
AG3AVVQWEAP4AXNUT3EZ6QK4FOBA,9.298796799418115,-14.040230191043825,4.5461189253936976,0.7490164534626396,4.882096814727179,5051.351535582153,0.0058449023899963225,5.8858360926939195,129,125,7.465801734086283,-17.662781516865532,3.6447204305479386,0.8437092893210357,5.581528746578287,19898.2440681721,0.001948223748279517,6.032947966765993,129,125,7.026682943830642,-3.819848290358182,1.0166392845505332,0.8857206927196895,3.1439918378421914,16.296515708015473,0.788797632076623,4.450819003250746,129,125,9.425781121930324,-8.94320652209854,5.016749451799505,0.6916906458064593,4.630477249413473,6827.8482579570755,0.003861758618246347,5.79501329230907,129,125
AG3CK7F7NP5GM6BN6OHZJRWWF7QA,9.199242382982515,-13.086499672547195,1.676739561336748,0.8978246670174972,4.75933695597607,4639.904291241341,0.005812292706014582,5.975819661789757,325,337,7.955164585092966,-17.181657727514374,2.856965390395737,0.8578876271513489,5.438257602943044,14373.453348183544,0.002419146257653324,6.290260531332448,325,337,6.984711301819786,-3.7971020798547137,0.7443213539332544,0.9083517488752928,3.179342191875641,15.228246963914499,0.79548811149066,4.532415856570701,325,337,9.737450141661718,-8.614194646933319,1.9018552999840523,0.8843078839242785,4.72051917617993,5694.75289205878,0.004702758861236081,6.2504803293726505,325,337
AG3IOEGF2MNX7OC7JSUPYV2Z3ITQ,8.080638805171654,-13.039531611862799,4.213016004714517,0.6566592495154284,4.2302140526106875,5300.514558363982,0.00405181863162095,5.4491859607583475,151,147,7.251614392738567,-18.745241041187285,3.807333153695613,0.7490866248088931,4.862022754094269,18725.23240089414,0.0014963069503284116,5.574948331378072,151,147,6.793829467379524,-4.120769586632961,1.4911371858362152,0.727696015157224,2.7025466769109823,12.076341583201426,0.7334526639628959,4.154071143225315,151,147,8.967914512820927,-9.125546849232396,2.714554912568922,0.7895034013460547,4.154675368677537,7424.1818633804,0.00283703090997984,5.505225445018819,151,147
AG3Z6KI55YOIHANOCATVJMQB6AIA,8.911501293177741,-12.94652555134004,3.367196492677847,0.8139347609158996,5.087004384115997,4629.431954797667,0.006409519766649553,6.055359007753015,121,106,8.100646079538526,-18.712830473862404,4.719706261302535,0.7925740877775751,5.645790823367693,17791.777649315038,0.0021433775476538694,6.332495284209367,121,106,7.09384203398871,-4.24372882234001,1.3740670778452144,0.8384886640518746,3.1695234690957155,18.65384308299827,0.6571138363244319,4.484803493899082,121,106,9.507216656661225,-7.659048667751753,3.3064435955903764,0.8513680561259744,5.331882441940459,6763.959484324215,0.005025246064332484,6.363808824157805,121,106
AG4CEAFRHGDNLJ6FREM7SVHAEOWQ,8.898088667338648,-12.388509620109588,4.429743348625016,0.8016133952264789,5.2774104159996424,5969.055118568452,0.005654161253566443,6.447874819934352,227,235,7.443411896852335,-16.79331585043399,4.873759755286713,0.8198465102389803,5.931015827192595,19294.185903421658,0.0021883522803980275,6.851036423949826,227,235,7.092105508861452,-3.866308535760694,1.1740926193511052,0.8832611512961994,3.4398043146824064,21.960800040569186,0.6515014955236805,4.752723183893608,227,235,9.31842807698518,-7.864511217857026,2.841249068308129,0.8718835747380318,5.181796125295868,7090.304160337771,0.004570200115101678,6.675036950804073,227,235
AG4GZ4MJEIPVMN4LDCQ447EGXNBQ,6.704115234065948,-11.894528935178759,1.805006183059981,0.7781043216818517,3.698078149374776,3595.7802179930895,0.004422807362502245,6.539882938423494,251,281,4.155067659300157,-15.102981688876795,1.8463073554468472,0.794930930626766,4.070884927485384,12037.968837398977,0.0015723990589878495,6.45113495028324,251,281,6.295167015882876,-4.12522047305127,0.6257631084646145,0.8184086306776082,2.27814013547762,8.763961574598687,0.6972046550403446,4.896344144723418,251,281,7.606840854850038,-7.746066208315625,2.064054480129143,0.7187891902214546,3.4748982136460462,4525.952139620625,0.0031354016950216083,6.344769711658663,251,281
AG4I7OL7GICMY4PRESVKVW4HK6TQ,9.42854495618088,-13.03665569099713,2.9849593467434623,0.8306489156849498,4.941309753886438,3843.1085691847525,0.007521686623498951,5.938574389150403,184,195,7.472705901475582,-16.8308725815151,4.933832251690534,0.7767929609258759,5.584105026688071,17323.211920299644,0.0021114403691817997,5.958769981053662,184,195,7.182100606038225,-4.3390455609642,1.2020821283270564,0.8544102034305607,3.2018320602740826,14.858467965924282,0.8104897234042265,4.544430393447148,184,195,9.595237533948833,-8.546868110349589,3.8330492312835025,0.786468891756694,4.8944187206529985,5782.774329755437,0.004862124174648125,6.054655886415348,184,195
AG4NCQHIFFYHXXDZEYE4PEFVA5DQ,6.230043138515483,-11.256039652649333,2.941372940231612,0.6429861770896503,3.566879141718629,3783.4195221838627,0.00415679317636292,5.9636422499801975,127,96,3.7170002463171925,-14.299505037860172,2.9954086008876764,0.6819341702505659,4.040461443870548,13901.656409882518,0.0014184566033424242,6.027743050721295,127,96,5.862657909420899,-3.7091106493268717,1.0048930045530204,0.6953798876786272,2.1619797748681635,11.109984114898005,0.5119551688354214,4.522592299372543,127,96,7.076892258921846,-7.484202024045534,2.7958401243871247,0.6459359843446284,3.411454163145007,4837.753643673746,0.002963820122931842,5.976504815544957,127,96
AG5FGCIM6PBJX3JNDRKQMITZTIMA,9.580987053153123,-14.24192105516688,4.941159770647736,0.7743446669686435,5.200071606296441,5811.737833954911,0.005479279046630102,6.416321217912834,174,153,8.18278592583124,-18.286276816956544,6.60976979493063,0.7603397026613257,6.0679503907829,23685.668031188932,0.0018119917751164222,7.115066644680834,174,153,7.482484895427298,-4.650900718468232,3.0550726490124855,0.6872564156874181,3.4363677549316995,20.01037959064186,0.6934866041240854,4.975389090289245,174,153,9.869567923266246,-9.30702843310407,5.345904710561744,0.7507259218735864,5.165350319168671,7039.925309367256,0.004467662324548485,6.695921912653131,174,153
AG5LC5HSFYGJSK3AQGHEFHKX6ZWQ,9.491707743699207,-11.694843109218377,1.3442933170988904,0.9266655352983355,5.191435653486406,4401.619906717879,0.0071884387080030235,7.31909071950974,1362,1377,8.117854099753258,-16.22943103633035,1.4478342949954295,0.9326890534273972,5.698847656390684,14620.614515717754,0.002620055559888482,7.550614850594868,1362,1377,7.328541240576575,-4.187065580099701,0.5032304128103302,0.9372261195152023,3.20989812838839,13.532699038667156,0.9168946753369001,5.076490071339508,1362,1377,9.953446961115207,-8.146193115156006,0.9571086218333833,0.9516569607867579,5.103144889111292,5746.288086860002,0.005465965094236855,7.281569789326512,1362,1377
AG5XOIPAFARFQZWOMMNCV5YJR2HA,9.505595063686885,-13.621312995832835,4.343926525461517,0.7695708445623487,4.929319177993799,4397.700084449932,0.0067075646769485225,6.190568857636684,196,175,7.930506405836852,-17.55642280584575,3.9777324200507578,0.826020088788136,5.554497122497686,17029.087032638672,0.0021973566557642603,6.527155391921214,196,175,7.373289789546037,-4.548516411124178,1.0495385170049127,0.8811184872852521,3.275275752364706,18.179378368699684,0.7116755077154627,4.687710611331019,196,175,10.084931894839073,-9.391293836018738,4.171301728459633,0.7796420506525724,4.949096587835892,6522.536066325811,0.004519656019423313,6.691402056684607,196,175
AG63W2BMC4HRP76AMS36AYY64AHA,10.008267543832249,-12.76221272960189,3.0661954554321085,0.8956285078093948,5.9220663054268625,5629.685676391892,0.007439773879975669,7.816436411556708,318,319,8.732439403419436,-17.05648819205399,4.7896189286288715,0.8575287545343674,6.72168251657053,21959.245587456982,0.0023565610138372457,8.652900452902848,318,319,7.533656332837912,-4.130760343360405,0.758190382122981,0.9443573679208352,3.954001122792974,24.30444243833783,0.7692171021917625,5.854548931247728,318,319,10.228795730753598,-8.365910572184609,2.995263264445329,0.8959717781414572,5.8766521257848865,6537.155436048452,0.0062345006391768265,8.321661777814517,318,319
AG644AQBRT56BVFDCJMISCNTSRMA,8.666878030610384,-11.04010458366192,4.4805773227224135,0.778770821436992,5.130753855134404,4957.83003020442,0.006486419123975083,6.16291026914263,347,338,6.9691143281738555,-15.066625340689939,6.250154863127878,0.7553481789600778,5.884539393202434,18457.880966576588,0.002275653507748456,6.2435106779359275,347,338,7.101029742657518,-3.5553994521573125,1.7376558959908597,0.8149037628321895,3.3324259519097574,14.043789585870043,0.9723878628680555,4.645925215673426,347,338,9.046213369220128,-7.051101587085585,4.501736963014044,0.7747401554729105,5.042184612250297,6052.168253033953,0.005143721009462071,6.273788552101012,347,338
AG65BD5EVGIFAAFJEDYG5VMAO6FQ,9.502569330894662,-14.546919607105512,5.277695190429088,0.6491366123606462,4.7285162332366815,3788.0907536696795,0.006861452510678115,5.889706029536791,103,105,7.806862581194123,-18.31363464332242,7.555023584029169,0.6170922800823699,5.508412087138982,14055.574583458,0.0025421117505233137,6.4906704258150825,103,105,6.958923478323159,-3.688787982028511,1.5731850122128117,0.7766349238229201,3.0059798421295905,13.137429665705382,0.8352753088604449,4.314676079474761,103,105,9.922298109044572,-8.76170813493722,5.088387639757131,0.7342915005163833,5.145469918298427,7750.264266031629,0.003971968122574285,6.643631442289948,103,105
AG6M2OKNHLTZENAACVZFQL36XT2A,9.570640420521075,-13.647084423604108,2.9028200455794897,0.8667502409537721,5.291319679104425,5501.211447524207,0.006075611631430904,6.430011065052036,184,208,8.002042783635552,-17.394910879030633,5.624107010453264,0.7775537588936867,5.79727196719059,15791.87346836634,0.0025378062207982157,6.633032178347798,184,208,7.340311558758693,-4.150242359460932,1.8065406033633467,0.8247020906086674,3.396447614261967,16.08463075297666,0.8940001207259721,4.777082079074607,184,208,9.545650045675371,-7.98685503537751,3.0326223095054,0.8635337675062144,5.201978510079898,5958.472790794299,0.005563473511557249,6.589002334581355,184,208
AG73BVBKUOH22USSFJA5ZWL7AKXA,8.44574817119176,-12.664757413915378,1.3553321525327253,0.8938786764138443,4.424502039221077,3783.355749536883,0.006101528811723303,6.49864322674479,657,718,7.1386595671115085,-17.140016219051738,1.5856696770031784,0.8909252451593389,4.85302728035418,13040.03631929106,0.0021309297745452606,6.718047098543689,657,718,6.893331345320512,-4.19577906062167,0.5026158731365766,0.9136991282693018,2.810710948183527,12.415683667828416,0.7652663095797759,4.8568085594669625,657,718,9.220168729710284,-8.495735525924966,1.3032659028217874,0.9001530792138078,4.299920056993018,4777.946811637739,0.00472636215935602,6.743556745731925,657,718
AG73KPN6A7OHE4TDURUPA23EKGPA,7.878555836892562,-12.97353983167168,3.5648458238863916,0.7464424638983733,4.374236110587816,4343.107742722834,0.005202330824501579,5.480114241263427,85,83,6.868055629600197,-17.92380043089379,4.282408162855992,0.7349356046901941,4.862241976742196,13751.131376088413,0.0020134239994244996,5.876494853940103,85,83,6.654089332560928,-3.9865841874476375,1.6626698510824534,0.7238328689092886,2.8137132723449723,14.613050745891444,0.6324304706588486,4.422922518432794,85,83,8.595219695014713,-8.115395232958734,5.038146300634471,0.6862126227003298,4.442097917034214,6956.637915314233,0.0034291735275217153,5.898132061917014,85,83
AG73WJW3CJUPPVWTGBJ6QBHUJ5XA,9.45208609141494,-12.93702235944731,4.142166527101255,0.8321479496286865,5.539735662435205,5562.602733606164,0.006654534879681288,6.481045189140908,181,200,8.731560054659633,-17.555210647603545,8.785490198675165,0.7224983729684223,6.346488200757913,21328.48583523061,0.002283361217749829,7.00937959971637,181,200,7.395204090653173,-3.8759289876693956,2.418294487492445,0.7802137159661906,3.6200337665268445,17.961176253153575,0.885375254796856,4.8964039671939865,181,200,9.597861579567189,-7.995070439765918,5.0264628193332355,0.7968768671776438,5.4799877267774715,9351.965975491456,0.003919207049339735,6.7743569106438235,181,200
AG773IIH5JWYUNOQQVNEXQGDRN4Q,9.846906697155509,-13.053623132073438,2.8203764124757558,0.869862874965139,5.397065136722528,5788.837662025361,0.005876678798422985,6.820915772247521,380,413,8.522762387621194,-16.593614518335993,3.0009395118475894,0.8953865399823975,6.278104554152749,14646.746967684823,0.003121711502221959,7.1638575592319285,380,413,7.295648158010983,-3.829000580487363,1.1869889369828834,0.8867159748544488,3.5369856419855177,14.212109950485122,1.038451928314907,5.05256958946879,380,413,10.108442231420861,-8.657790193876407,2.2720926250551425,0.8992586578650005,5.336722873161095,6397.3616397044825,0.005263133960325873,7.06211485192221,380,413
AG7J2BQ42YTOXPDVY4T4JZWUDCRA,9.412818689847434,-13.83699060452044,4.202180433018606,0.7957786786493265,4.934243301280843,6231.231832641139,0.00503616706327987,6.1690506479366265,125,145,8.645444603157015,-19.70161869407306,4.805587447391205,0.8106247539957776,5.524873566562735,18618.30664030706,0.002150230469864763,6.426893576683815,125,145,7.2447949304541375,-4.0416657704980015,1.2534417829826632,0.8738780245751019,3.2827723759533156,18.742605795225828,0.753963103038762,4.672813645005157,125,145,9.65586000831043,-8.370900111213018,2.795437197622846,0.8739822842953914,4.983005874636436,7740.33618483768,0.004256977518976636,6.470364163006549,125,145
AG7JCEMC64AM7JPATDVGP6YZOTXA,10.216040736120087,-14.89019714835118,6.169357283994287,0.6634885364732408,5.144753138859679,6143.476897139519,0.00500214841332927,5.946298497456243,127,143,9.06933947404512,-18.81070069699313,7.879224917032699,0.6398933388613959,5.78696120307104,19595.588571121145,0.0019737150308710583,6.205879453176113,127,143,7.627655758176436,-5.1164419426788275,2.43991730188666,0.7064236523055638,3.2759141409029398,17.574810884993866,0.7073784118482581,4.506103747008577,127,143,10.424546118573206,-9.452316163148947,9.016065685084445,0.5528458038007962,5.268358641581201,7024.28131289312,0.004576131349099824,6.34101151084123,127,143
AG7NHAT2HSVNIBI6LH5QM6YFK4JQ,9.379064007990854,-12.276017023121135,1.5823185632916463,0.933511338094072,5.494968280820323,5066.564344990094,0.0071551027693907395,6.307407966998398,707,676,7.856483066766423,-16.562580164858687,2.2670875118007814,0.9229747113828694,6.259714443769648,18124.462687927862,0.002557334565777066,6.690801632612495,707,676,7.352778458041693,-4.300905511986638,0.6222276788578819,0.9443506720576387,3.597669899234187,21.421413792090487,0.721119229552298,4.696140548919035,707,676,9.684651761445458,-8.24403557531876,1.2815658587615741,0.9458667566747226,5.4481935866176325,7824.322842625698,0.0045376617985751575,6.509033600908533,707,676
AG7SVRGJ5BM4KRSN354GSHDUY35Q,10.330190751088333,-15.30254945739826,6.419764577303374,0.6491532964274536,5.179043545219815,4966.633501815033,0.006180190157260296,6.221736439589188,90,99,8.518029335684338,-18.628077762902958,10.446806529674506,0.6290897615928763,6.231345249613029,18924.688426524757,0.002404344331864775,6.510072656324939,90,99,7.395869755457155,-3.908788616565518,3.349229017686599,0.6979190082233413,3.661905182963546,19.053409518945557,0.8271464645354609,4.684804564718972,90,99,10.106248655081705,-9.566137090400812,6.212652216391394,0.7076130037083894,5.259972650612174,7837.259234318993,0.0042163148234257986,6.397365287699851,90,99
AG7Y5UMCEMWJOXKMOJKW3WNNHG6Q,9.393876514574433,-13.39817809312589,5.536377631066643,0.691188741540242,4.946115963400135,4504.81433698327,0.006341386398972033,6.1516485303234605,147,137,7.667219222651685,-17.967258088823176,7.419600240634363,0.6343497876013691,5.3482102026250145,15598.273032689598,0.0021532561738475575,6.16931669520384,147,137,7.225057752406333,-4.491290456352042,2.668090792737687,0.666315257987367,3.1375886474496206,16.709328500223176,0.7013415121676109,4.505528683332137,147,137,9.41954964814212,-8.278490508736848,4.715252845178531,0.7340626415294194,4.8728824564234205,7511.282513994122,0.003698881338477888,6.2810743057776035,147,137
AG7ZCPDIT7UCFJYYA23SOBDVJQUA,7.925988852291903,-17.060400898789048,2.41893318918439,0.7077215964085448,3.489178337011719,4610.873627453006,0.0032250485217616516,6.242009994860507,98,98,6.736586272864092,-22.579769383056338,3.5488858118907034,0.715857908983931,4.37362238329981,23829.09977994324,0.000994684951976941,6.176161190862845,98,98,6.616139841916959,-4.672009908736959,1.5827080936180864,0.5763435329676949,2.2505254793329037,10.71124947988817,0.6005325819426626,4.583242406280506,98,98,8.439121819361448,-10.02820109420468,2.7464925498631847,0.644014853878243,3.3235509574740885,5230.733539770053,0.0026759582460150443,6.083694814488175,98,98
AGA4ZROJLSQMSIRXATGSO7LJPIKQ,10.749534110856864,-13.651087371331213,4.237688109590517,0.8425240816894107,5.864276667405751,6093.597005787123,0.006709249832293145,6.90587238042972,184,218,9.814166636462762,-18.000991622266312,4.773834660128784,0.8591903389096698,6.695378603701082,21465.72395076276,0.0024795136031761887,7.456357212313652,184,218,7.561149381738901,-4.254807368883725,1.3591508962462906,0.8937241637287392,3.7419389723014262,19.20511305349824,0.8983642773137898,5.109966776275437,184,218,10.540078818617564,-8.870773117046426,3.7770455532205593,0.8679117649516378,5.937033489937533,8808.491162003094,0.004791686808269996,7.4589849824455134,184,218
AGABRCVDMJACNEUZQF3K5N6ASOTA,9.686961546551293,-15.137905806031247,4.018653699758086,0.74715704178992,4.631669775583336,6283.289278581606,0.004244463558304637,5.794569134003575,118,110,8.536129556931046,-21.041886444246405,5.722274397826206,0.717120565063692,5.182129440342285,21208.291968743393,0.0016235078336996262,5.736588275420215,118,110,6.992006709591085,-3.961571685788877,1.7770160643604496,0.7605842701593628,2.913833041268384,12.76873460419056,0.8685019947707355,4.344667214134485,118,110,9.523694790895684,-9.337636456796574,5.050294819242236,0.6739090838522717,4.398999775205712,6442.961085415385,0.0039323964408128145,5.738803616287379,118,110
AGADKXWLAJJ4FGWIDIWAPJL5A6HA,9.774436999756686,-13.72083521960439,2.656700155802832,0.8527982937966245,5.059244579923924,5044.114863111378,0.005928927241898575,6.281062085848651,141,174,8.909107654984647,-18.66720423936602,3.18381490766318,0.8583681329702619,5.797844680933499,15242.86429490794,0.0025710212076659024,6.4921007879299015,141,174,7.480617845899838,-4.329989823535437,0.9937915964175229,0.8906094613635561,3.3551739001954552,15.107886102638444,0.9054559072129558,4.75017075051568,141,174,10.121883247149155,-8.97618672247476,3.2856550120466363,0.8339789156645293,5.139751055552013,6675.917369128487,0.004700275183314684,6.567634060052979,141,174
AGAQBOI26SMK7M5KPF4PFK2S4OKQ,6.946064769413084,-13.61027876200482,1.3229281612337156,0.8298794514406039,3.438144516278564,3931.730040360984,0.003701019749055868,6.5960318114327805,202,192,4.449641685195432,-17.306262681479847,2.3030346778914095,0.7575095860941121,3.8579112419107187,13340.720006941678,0.0013890099326627778,6.568780078516196,202,192,6.328838076323458,-5.073426639284983,0.8760361728704147,0.7282884765880007,2.04218256801424,12.937543210492738,0.416051506431589,4.894923154835723,202,192,8.011702161742981,-9.390801904867665,1.3359255989282413,0.8292392967671812,3.252529707656764,5033.735169237957,0.0027014117933596383,6.457854335479565,202,192
AGAVE3RJU2Q3N3WVKPORQ2PYU26A,9.04411302922277,-12.849231520889942,4.197708734432678,0.7865623298817378,5.1060870047336095,4969.022621065679,0.0061235860814298874,6.547939560686255,191,201,7.163074877821745,-17.37260259051711,5.370132316771588,0.7925506367191925,5.89546150897229,19561.042586494295,0.0020673885148986223,6.805380316244491,191,201,6.923471601943767,-3.694463852384956,1.5692738264734405,0.8459109494167996,3.4302159211772505,21.324052171341272,0.6586875641856275,4.969161216945001,191,201,9.231675751667195,-8.161766257467267,4.350945696630629,0.7849241689495916,5.025630409496298,6326.278684669247,0.004779008814690427,6.772936564496593,191,201
AGBIKKQCO7YF46LVG5FMLLUAYGOA,8.594850790925507,-13.377272675012444,3.0005089724990515,0.7944450618907439,4.776587276448319,5362.934342054101,0.004869006348177729,6.133817151901935,206,232,6.909432468994503,-17.322429846845715,3.797565565264679,0.7648967161494657,5.205690984309157,18036.705615162067,0.0017238643280077723,6.454581911884297,206,232,7.031234979253819,-4.1079488732304075,1.3178705315199342,0.7912773964268376,2.983129640549716,20.17257155880551,0.5148438499513832,4.774482660510451,206,232,9.06745857373758,-8.040152035198746,3.3409177173451394,0.7815778834318233,4.738729689480655,5017.007816378035,0.00518029974225791,6.457821311902599,206,232
AGBWD5VMK2NVIAIXF7OINPOSC46A,5.355144078234344,-12.776563112629935,0.8483805416436595,0.8583437061593626,3.248239638299821,4452.933103168735,0.0026742176089463317,7.4326047908207284,428,421,3.4292631824594837,-17.652567439512698,1.1221945961520245,0.8363261281512516,3.632322797511852,11545.126603140106,0.0012762650046230595,7.488702102732948,428,421,5.751388873272226,-4.37928794393142,0.44631638247644045,0.8231075426859831,1.9530509527896078,10.342813489272864,0.4286063207395149,5.392396677418241,428,421,7.310102495171883,-8.65168004525707,0.7728571133569382,0.8563785667963814,3.0577856455089725,3096.1473633711144,0.003448263136324986,7.322550646639005,428,421
AGBWV3ZQCJ5OT6OXJCN7WO777UOQ,8.308601619217235,-12.705853017335999,1.6812147984357066,0.8400548143495719,4.082055170196203,3446.6136198571153,0.00576693247559886,6.932266657388104,684,699,6.076604152327886,-16.169180222483995,1.5449111805991047,0.863050652007531,4.388761866595787,12931.78540468544,0.0017467077476609467,7.062295834181038,684,699,6.65179358821659,-4.124620028180559,0.5842875019544927,0.87440463421186,2.5599517332573147,11.332083160106857,0.6920609361766374,5.118189042670351,684,699,8.869773925712417,-8.462619434386536,1.113808240906854,0.890915785329948,3.907852322101414,4374.356826058768,0.004227390584954562,7.092421381933694,684,699
AGBYWW4V2ZDUCJGRQNQWLSCPPOVQ,9.360253887794126,-11.580756102897995,3.983195734547665,0.8316744458728391,5.563628952315237,5772.177515618625,0.006516701524028692,6.948543232826708,174,188,7.91772414891971,-15.513744637868793,6.123655173514449,0.7732044267612458,6.128568766329795,21847.457653075395,0.002058757995281033,7.33515606718723,174,188,7.138300648666603,-3.520296315580239,2.0320348436716174,0.8055488823405443,3.536286005771579,20.486345380763538,0.7527585729325993,5.1292399681305225,174,188,9.638845323474301,-7.440353367228466,2.856341434261667,0.8816170973282886,5.485443354739113,7193.505681717861,0.005066314507011537,7.383319913247655,174,188
AGBZTDO6WLH4VW2YCOC7CKGJQNJA,11.105202062468335,-16.854894236172825,12.156777520356316,0.48609959956230975,5.360162461243729,6573.5685324690985,0.005456269465782836,8.315899105869029,141,141,8.929457641253396,-19.558280030687325,10.614572790867715,0.664960444099093,6.421859848811397,23067.7494405462,0.0021618542951235076,9.185292233311793,141,141,7.470276586266362,-4.94111619258275,3.7908912102758756,0.6498328019172633,3.4615688940641776,36.636439169642124,0.41574346296323583,6.053780463979659,141,141,10.151662082967846,-9.607992226068223,12.599973225867013,0.5082789165178863,5.495786427522669,10352.475800568756,0.0036416621283159034,8.588280501086174,141,141
AGCXLRMTTQO4VGIB3RWMXECECWTQ,10.195698658060197,-12.672479459183554,5.969646797732894,0.8608072837306145,6.687248684205509,6829.91366317329,0.00823007747376979,8.070844379560727,194,174,9.297660619515272,-17.18559280343847,4.342087974252846,0.9075999666020548,7.326664939134119,21091.837456360743,0.003112710977907484,8.925921248294799,194,174,7.444532031948248,-3.8177239747687337,2.869122200275543,0.8356416514043093,4.2172515349918145,29.37308665752322,0.7539080526841062,5.942250560940679,194,174,10.199360737369007,-7.772747535661276,6.680670201437805,0.8577869159541774,6.942086490438992,12880.180218758602,0.004647122375544303,8.921601632799561,194,174
AGD4PHFQFZ3D7CQ5PWIDCVX74ZYQ,8.364654915663118,-11.915042619848366,3.042393039160758,0.7850752660795597,4.554885854581221,3997.970177066535,0.0062157359590153055,5.786039436631178,148,165,6.753386932785998,-17.696706713374432,4.453032940692191,0.7460394160778191,5.098536517300214,18728.799517940875,0.001683276417444329,5.869970786767393,148,165,6.806379635387407,-3.9483963104689033,1.1106317668124033,0.8437295389092218,2.9195380077004383,15.130471970250868,0.701505553474936,4.359183708209616,148,165,8.96002669461077,-8.080220567907512,2.9982899481252274,0.7859912537117144,4.419172031573899,7197.071220723185,0.0033775714484194294,5.860429476548599,148,165
AGDGBICJ5Y4GAZHCEQMQA34JBJBQ,9.481293182385587,-12.793295119189215,2.413284031095026,0.883941652498931,5.212038234106875,6265.372441115425,0.005309758377199396,6.821117914455211,203,190,8.010834459314674,-16.908303527421438,3.405792803521626,0.8528765666396831,5.617744779355813,18511.025038140175,0.002097325001005821,7.042725433953737,203,190,7.357520103311137,-3.8880657489064063,0.8862395292476475,0.9077703728595019,3.397502304314489,16.192764928077274,0.8933617432250542,5.112807548367723,203,190,9.879421565904234,-7.981458462770579,3.999905277751654,0.81816034402187,5.188909368292287,7398.046463756485,0.004565204765841694,7.164655022963038,203,190
AGDOGDBA3K4KIWTOCBCWKC5C6NEQ,8.188837184158512,-13.164434650217405,2.823302178489159,0.7457161844893057,4.283414926375668,4273.769491985222,0.00496193939937635,6.544452315091094,126,139,6.2899484381044815,-17.29238039739285,4.023880487790579,0.7027757962202744,4.729159089749312,15834.060793093024,0.0016795465075982294,6.279347457230468,126,139,6.689066035164054,-3.6635924548114596,1.002226912446781,0.8032712354039495,2.6682682798342783,9.444310892587348,0.9175939876475779,4.881176640411754,126,139,8.434793714393592,-7.632525923188552,2.435095030597537,0.7768714837078932,4.156813408094494,5332.044990345283,0.0038067837347294784,6.414151624826311,126,139
AGDU4N5YF4PWUEJSUPMJUGYYJLSQ,7.692752014516081,-14.959270160369034,2.3702381874744667,0.700185528423064,3.6475710854787895,4745.848288393939,0.0031916104053912983,6.261631430852789,147,126,5.957964180569581,-19.264985576571625,3.376084735767579,0.6412771940660189,4.130102605961531,15388.137144158694,0.001257909547140997,6.221258705395455,147,126,6.119292245841471,-3.839520701460813,0.6326968100947774,0.8173424424532941,2.265746224197435,9.10987574545029,0.6652779022171144,4.706140936549344,147,126,8.413546180527812,-8.869902036192334,2.4407991512822305,0.6718106777403452,3.5387844023759705,4133.605569235739,0.0034832593036384267,6.270843303855826,147,126
AGECNBG33ROS6O4KC6IL2HK2XNBA,8.569042470190155,-16.098020427018117,3.335760233726615,0.6357783310226683,3.717038315452832,3221.2531253931925,0.00515066951476262,5.8575663397873265,106,75,7.832017849115273,-24.13318657859414,3.6040297065805897,0.6856616454835622,4.177027999366256,15110.224325524165,0.0014067851717303305,5.638157715177988,106,75,6.7275781886085735,-4.429592339856456,0.6526861851713922,0.8579034748582304,2.480518416314097,10.755505284327251,0.7050633012765455,4.548340635361026,106,75,8.375681616567322,-9.260318290438937,3.072308397245839,0.6585606773356545,3.6689372690762054,4939.771876689007,0.0032741222120751274,5.764137860768698,106,75
AGEECCQF4MDXAP7RJDDPHK4U54FQ,6.6423991384200525,-12.566363710425033,1.4709861302345821,0.8216260031210724,3.602600627280911,3657.229913261437,0.004327995388953097,6.44910956756427,197,201,4.621145393757929,-18.36891043688589,2.5601098189237037,0.724173305420446,4.063370550391939,12926.73435393942,0.0014751286068082905,6.24656228548982,197,201,6.3645292113597,-4.761013282628,0.7041063839584558,0.7869859918848954,2.1915298544686803,11.083199092874706,0.5106524539970501,4.9213370321613565,197,201,7.978190412331634,-9.123661033193487,2.276560891281158,0.6829768559603691,3.4012323736169665,4715.408875722217,0.0029157839482743613,6.287941742269422,197,201
AGENXWWALUHJKAUVANBE4SANON4Q,8.131042974125966,-13.142442505808473,2.2692192418948904,0.8347255674454698,4.469946273567246,5035.576065634126,0.00467564187056266,6.086517284328318,116,154,7.02517795428617,-20.148663787281,4.684097386768349,0.7043547082045809,4.966334009063284,20224.94349240086,0.0014002848793010587,6.246104511988774,116,154,7.056488034401682,-4.464421221361872,1.7093210016361822,0.7180430475003357,2.907835038095412,13.21812506657692,0.7230084836595464,4.650255867663496,116,154,9.156847600205271,-9.309476522387019,2.7398745629274273,0.7675488741125889,4.165947019531166,7122.142345755119,0.0028152250953522823,6.143242502707396,116,154
AGEOZXPAYILCESAOSE2D3MWKWYLA,7.543022273673618,-11.951675645707422,2.6174277472137244,0.784499010964412,4.190912999491088,4296.2687660275105,0.005004685533010102,5.877840709562437,163,140,6.417370535839749,-17.32665466846978,3.5277664280914736,0.766551476015942,4.724881402625059,15986.818911752076,0.0017409083503512335,5.929947781586681,163,140,6.54312125384531,-3.6556722781770192,0.7355748991576609,0.8651541755695228,2.62727036742716,11.375199691492382,0.7709598207604649,4.409547175575392,163,140,8.258260895413851,-7.578426736119997,3.3583976329178187,0.7467606051958491,4.158791807256728,6729.895151689104,0.0032597867993678963,5.839396111223185,163,140
AGF4BUNATUPXTAIBIMBR7DBCSA5Q,8.101144946528427,-11.662609851997027,1.616974680760211,0.8602986250729359,4.318974747971795,3190.4461860829456,0.006803647312950404,7.257148719076644,417,389,5.64454413752292,-15.73049591476897,2.4362825163653485,0.8076227314572446,4.627154516221319,11169.81804658928,0.0022222783806707014,7.026019164964837,417,389,6.39135835952788,-3.710481262894938,0.7326506631393698,0.8248634075808727,2.4110626725795936,8.997666748624123,0.8024832153306716,5.134927239075923,417,389,8.826537654237885,-8.234922848880347,1.569851831561529,0.8572524797277645,4.1083333050816195,4530.5864523599075,0.004401810874732599,7.159819702545271,417,389
AGF6TCJ5DIUYHXKWWLFKAY2HUIXQ,8.66856847418637,-12.303360071682105,1.4239704641155904,0.8932555852113581,4.460623628977257,3852.0837030628823,0.006159615913919263,6.476487564955359,364,376,6.865847156369319,-16.624745125736325,2.794605743066683,0.8256000113912444,5.009327378595301,14949.283326037192,0.001989234358958999,6.47156080356804,364,376,6.941900524789733,-4.12153327371385,0.3709071974936325,0.9361716540025444,2.786517796713835,10.859355189402933,0.8723809539655162,4.746061080180124,364,376,8.752842862438476,-7.81758312949069,1.4754822264140481,0.8844980588338263,4.237509704120662,4793.51223460824,0.004543691731458685,6.361482461695816,364,376
AGFFCGQTNV2DUYSKVMV3QMI7MJXQ,9.259720794954987,-12.04018936743528,1.3633738010854122,0.9278936030340341,4.966551295437519,4181.367800467733,0.007229157590960768,6.427188942878944,1179,1185,7.609924142694463,-15.912179899436463,1.3683889362185893,0.9399152613397537,5.56545811107844,15444.740227299484,0.0024543270299445074,6.4610150527512165,1179,1185,7.153662318645143,-4.071484310424894,0.5502751340196551,0.9365137942287645,3.1965991871173958,15.981941347674336,0.7902357834319831,4.693802918076153,1179,1185,9.488887570093539,-7.899450745223102,1.265207434390837,0.9334009395158541,4.871733659803756,6134.459505216001,0.004830069465309442,6.382879916601509,1179,1185
AGFN3252BBTYUJUUDQMAGYZNUT5A_1,8.738238733747542,-11.594490816207959,5.35915652710412,0.7599645652256641,5.357706663204335,5287.5977694354915,0.006573690963814847,7.229431252704148,218,213,7.504369177941604,-16.463091968759173,8.530597488650473,0.7111279154799257,6.175705468987072,17780.75067411166,0.002585146964138763,7.705763019967802,218,213,7.130607972119334,-3.9162314201266515,2.4343491143344793,0.7745362638505301,3.5313769066052463,23.80606568961456,0.6380002033898811,5.272885683362083,218,213,9.579429153477118,-7.460318613530769,4.790310453420546,0.7926313578368173,5.287124290224725,5686.925729728121,0.006025382178493868,7.398772068662774,218,213
AGFTTJHW3JROK22D5O7AJIWHUGUA,10.236321020267358,-13.41276571035935,4.120539096988893,0.8432171130113143,5.7028513061545265,6612.9739448585815,0.0058885471942999035,6.841750896950198,284,277,8.451180293568106,-16.600140194661638,5.07795600764372,0.8372905327557195,6.480334724234392,21391.454593551418,0.00228657729028648,7.178139013603937,284,277,7.557815343934914,-4.437225247878717,1.8967426340268145,0.837845427495921,3.722948917494391,20.910439638922085,0.775656128132435,5.047146536419767,284,277,10.20430760922946,-8.6641852761171,4.035081440248978,0.8530923332517273,5.723909589994008,9054.374910021288,0.004417675179386637,7.008396955395178,284,277
AGG5SZ7EMJI66IQ6E3Z3YJKQD56A,6.518746745490147,-12.755761147656044,2.611114028853719,0.7510896747738275,3.8397714099858726,5010.94427426412,0.0035095190971443364,6.288485282592375,112,130,5.45496944064728,-18.94217526572448,3.3860699729499486,0.7423034861805684,4.508009905418057,20135.147657599075,0.0012083954963268528,6.489862214254816,112,130,6.398134092196066,-3.788499071361831,0.8244332343908353,0.8289867762036236,2.550921852922957,11.881865822188924,0.6551702222562371,4.7337497587457955,112,130,7.654715868189356,-8.497405514779446,1.748688803432529,0.8150341702679573,3.57447621740382,5420.479778502259,0.002925489105277465,6.302218481053932,112,130
AGG6BKDYWE6N6DPLJJB2WGTUV5UQ,9.973625474593671,-14.44239933195072,7.465844966551464,0.6940345037629374,5.316728013434868,5614.274470112215,0.006190481164594505,6.579258792323579,176,160,9.485232679734242,-21.63290727962555,12.983432094663588,0.5174399021440739,5.856571148342955,21026.3338136869,0.0019551997291991506,6.897266785304854,176,160,7.351072327579985,-4.407224482274556,3.042296227351901,0.7226447180115512,3.50202452724216,22.385732019403225,0.663023566767998,4.957420181067779,176,160,10.010743807953569,-9.041443149057395,8.58997383411055,0.6370567718886087,5.284786736930061,8194.851405933045,0.004095728853028056,6.8525096783155375,176,160
AGH2BA6TQ43WVJL2HXW53TOBIWPA,9.815023458288172,-12.514985667401746,2.3400229412505267,0.8954442081130053,5.392057978981619,4097.725779292829,0.00853702585036732,6.754747233071894,227,207,8.358252907314117,-16.628670970845633,2.1458274961487236,0.9162208653463608,5.922099467767854,17768.691308158428,0.002368179386741002,6.729673467958578,227,207,7.4257804701519134,-4.1749914796213545,1.324381963558592,0.8612623707441667,3.36815696587831,16.769837610686935,0.8292654861357274,4.824843288678266,227,207,10.059551581765087,-8.037626093567932,2.027035487881028,0.9087766362731593,5.353427558715293,5608.232061839473,0.00609486913293474,7.009434788576354,227,207
AGHETJ7PN7P2EEPPQZHFVHGV7TAA,9.057352016955349,-12.420015340073437,1.9944953624572481,0.8652749590756351,4.778217947712879,4012.491551862392,0.006646125207394542,6.015087070727152,159,172,7.730521143266287,-17.63261810721059,3.6278659381686054,0.7821661934726041,5.201948606298544,16943.216391507674,0.0019021775479558976,6.121049919288488,159,172,6.9410139316261406,-3.64045662694137,0.9879793132635438,0.8467719279794144,2.9809960466432783,12.778587248347023,0.8287334083372021,4.450513396375274,159,172,9.166035406335917,-7.839145234558635,1.941152515529547,0.878839918366276,4.766428815472775,6817.889876847778,0.0039329497856928465,6.156566790517478,159,172
AGHL4KJXMKZQKJUU5YIBPEM33YUQ,8.534516874413109,-12.859819274027801,2.9256986531916924,0.7560761549925207,4.220319024762792,3575.5666296360982,0.0060273545219712305,6.003665259918025,456,466,7.104201097085862,-18.230173989399116,3.080486584629802,0.778713166458485,4.68457892051378,16358.868370090435,0.0016138763493176243,5.994019379063405,456,466,6.965011681731555,-4.314393007606354,1.4440720456757123,0.7276437893099574,2.6608230667070343,10.180075313078966,0.8650390174769127,4.59830771149096,456,466,8.861100977020115,-8.43875971029654,3.266443710300198,0.7242164387097919,4.113742664373811,5177.230496231964,0.003974640461049411,6.074995594877879,456,466
AGHUPJ6MXDNOQUXKVRGDA3LFQM7A,8.939479008120035,-13.390944266954438,7.220321539447878,0.4560373188099701,4.374890381895002,3692.679445127727,0.006258254899704772,5.993096050092315,460,476,7.620206140086606,-17.81823475492666,7.007412390418069,0.5115879161419998,4.8431023059139715,12528.070800737712,0.0021938770574438772,6.292633453174581,460,476,7.125494903225114,-4.500780219966444,2.6112362110548952,0.5293436379311449,2.769424019412925,11.953207261877242,0.7713842024832644,4.695043221790572,460,476,9.442060408327086,-8.758515022707613,7.847825677631697,0.41671758218186084,4.2834306881049,4919.324182241682,0.004553099763095958,6.240428825284207,460,476
AGIA3ZNA7OJDRHNPWVATX5FDCEHQ,9.178758936736452,-14.572822457754699,3.1460064500669147,0.789786974887117,4.643803122144467,5483.780179956058,0.004507464920372188,6.150103063880278,139,162,7.712030615426562,-19.87972256773544,3.6813887532299674,0.8222393413796532,5.423292564546278,17653.876955100466,0.001946903749185643,6.436611559248157,139,162,7.129265659965896,-4.150696214214039,1.8953751091556037,0.7679833511440302,3.1523972126812256,14.64006079805404,0.816012164951093,4.707887757511123,139,162,9.250142927313608,-8.711303741355124,3.59456596595758,0.7653073733993024,4.541478690055488,5433.0968943204025,0.004455661794506555,6.269123913335262,139,162
AGIDJMSMKVJIHG23IYLC7OX5NG4A,8.259631347893485,-11.792884057489452,3.441395342234452,0.7888334260053194,4.8585800644035135,5147.370704254527,0.005421740635588781,6.170099156422973,255,242,7.508623318458306,-17.478629119167273,4.337772396272978,0.7767100345043724,5.440373081710799,17865.163209979448,0.0019608818933065887,6.314905399079847,255,242,7.092640093226267,-3.8053200357425347,1.73983436273791,0.7718148846945628,3.1773262577584025,15.539509791493943,0.7773485445138615,4.712206847067206,255,242,9.11162684522326,-7.569561764473485,3.1609305585678062,0.8072584551275545,4.723086091472035,5758.613703589005,0.004698151331830757,6.364707081042133,255,242
AGIGXAVHVBQFXBXMOBNJ6HFY36MA,8.539559420074267,-12.943785850277985,1.853786417516758,0.853175611716854,4.323282371212453,4433.332126637538,0.0050213411055695205,6.9450171945875265,618,576,6.658079304872463,-17.422301839011958,3.1042953167293437,0.7980440279100298,4.82847081754888,16538.054796950968,0.0017041495162035982,7.012714742696599,618,576,6.906009254876746,-4.3006953784741215,0.5658425539083157,0.9153781582476165,2.8877622487917614,16.47810086336118,0.6190584898033172,5.149380799605365,618,576,9.124175227743207,-8.697337503021291,2.4144124709711696,0.8043616513700355,4.1060624910641215,4500.25265106333,0.004574865951283635,6.946196939423201,618,576
AGJCZ3TS5CHMAP4DVRV2752DQ3NA,8.954328218517295,-12.621016038771636,1.1125063680678002,0.9409225211124931,4.914574131577567,4460.180275782439,0.00655893570818432,6.500271863449833,457,477,7.584007676277253,-16.90358352282047,1.4541282573785923,0.9364964251221223,5.640370112362745,16159.548429098028,0.0023413630931438507,6.888146347081581,457,477,7.0623751767822185,-3.875087022540974,0.4567525953144391,0.9494251532009689,3.2640575351554646,16.149488178156417,0.8028815721077099,4.865284063230065,457,477,9.46954159716257,-8.356040432861036,0.9727271336273818,0.9461272079712958,4.744249409480291,6068.922238077593,0.004572231039576368,6.657294949286052,457,477
AGJDDGXMJFWUVAPWYWT6452FFQSA,7.278046175368552,-14.02939125187007,2.1481946102167173,0.7582628496471259,3.782301992192501,4304.666948267009,0.0038822602676500686,6.558566948061276,125,111,4.93488350426667,-17.78534769200641,2.4452510451615357,0.7745772707259793,4.233483842115013,12860.025351141625,0.0016385173246177237,6.50700543322281,125,111,6.065359309546598,-3.8041643153112146,0.6125657280799137,0.8030816277361976,2.1613577537576982,7.978583806970994,0.7119223475608935,4.984180131272503,125,111,7.972356080146695,-8.832474027034646,1.8704502563834884,0.7782152829382214,3.6556560322881415,4591.944910734861,0.0033648793088061173,6.41099968869885,125,111
AGJRXFVZAQM4Z5DYKNOKK5WF6F7Q,6.187441771623094,-13.976553119529141,1.122727387839077,0.8389619768025829,3.3192141666195845,3461.225747777333,0.0036608401776825478,6.950036318662245,295,271,3.4522111430677813,-18.545142842586795,1.1531242809473095,0.8641774933523236,3.752436732708258,11849.045573464675,0.0013613736463694976,6.930407395302116,295,271,5.695096028221444,-4.317222034846312,0.36680454803624046,0.8590340872228891,1.9712283689859273,11.841864662531794,0.3805878233763205,5.152495860480856,295,271,7.173063978913899,-8.280357572846,1.2585514006522793,0.8171340348658391,3.270991484250012,3929.406928000699,0.0031937682072276665,6.9619561295316315,295,271
AGJY27POQVYKPEBOBRR5FKI3NS5A,9.17887913874647,-13.56337758881262,2.901261592982152,0.8138997178746584,4.72504152427223,4560.119090159826,0.005834365109505505,5.664393935749504,154,148,7.061268661955665,-15.905570331276902,4.741177016626911,0.7581677871622632,5.414008874142287,15645.217787574149,0.0022002030298109037,5.998317642972998,154,148,7.037195513355965,-4.064218345779713,1.5547214062733519,0.8018759789146022,3.123552559117719,17.05635044831168,0.6908297375911592,4.358084982519502,154,148,9.04341068683318,-7.379163793518653,3.619016599879119,0.7872588943445928,4.686208328533125,4903.219291220973,0.005439594345523425,5.87408126226931,154,148
AGK6P7T6FVUJW7W7Q5UJKJWF3NGA,8.915768314016143,-17.376398881204157,4.519528785100924,0.3906664474723526,3.5527256873809274,3664.543112690009,0.0038998629120529523,6.231947608774797,153,154,6.4265970337980916,-19.4853301343658,3.4716092437755353,0.6127644305164948,4.069366161773425,9230.476049342671,0.0020248708106176817,6.364392196144169,153,154,6.558160609735298,-4.7214607077722,0.9257526402819496,0.7473560652165325,2.275921753263889,10.592430637800247,0.5939586509734787,4.854791311387827,153,154,8.838071713353555,-10.09495935722497,3.5011370017947554,0.5325698296381428,3.4911998356121816,4812.146056762095,0.002960019749446177,6.482067244631267,153,154
AGK7DEPABLFQZEYK6ZY4MD7EW53Q,8.321471730759487,-13.110696130542111,2.5793819135534037,0.829196707562796,4.406266107544908,4263.099008240183,0.005722447576887172,5.687608802179359,184,194,7.002023373230028,-18.896153424590906,3.9078655585068574,0.7653307355859983,4.7591224039168125,15457.23596465047,0.0018221329224071185,5.622410824688278,184,194,6.712993600014874,-4.025889090312985,1.2373222860201984,0.8071851055431241,2.7676127231152283,14.741022410399172,0.6512268789682345,4.30816715976539,184,194,8.706305824288046,-8.553683646913983,2.44441731511767,0.8443535271899829,4.366348725954829,7083.638352803809,0.003431792791643748,5.723714346473107,184,194
AGK7LQIMYOFD5UR6JTJYQNQHIP4Q,6.892639591642721,-13.796612983317168,3.4480739737782007,0.6089124455858659,3.6272632380469725,4640.665271485326,0.0034733499251494025,5.812660231495092,99,91,4.597590313078125,-18.56683474548064,3.707198062913217,0.6278791953797775,4.024827557010034,18618.065140730465,0.0010701723852208065,5.912317914815448,99,91,6.11994990903567,-3.6842256681687013,1.4965496404557594,0.5859064272306944,2.2695878930039486,9.9508088868903,0.642115722635482,4.552520628556028,99,91,7.343168845980886,-7.898779192815193,2.7452344453930864,0.638692673924435,3.355834836890751,4760.113246029948,0.0029663812963847897,5.771856237170802,99,91
AGKBFSXT5MSPV2DLOXJ52CES22EA,5.839124516036423,-13.007770668628956,0.6155738858060031,0.9054322507673849,3.3371626152801555,3417.8017477119174,0.0036940300727007274,6.833209944110207,352,304,3.069102448784571,-15.82785546695284,1.0950207897768294,0.873240249096326,3.9453792009262783,12657.793182704558,0.0013689623900299906,6.847250045050512,352,304,5.923212823826994,-4.507957142694841,0.40063483165077163,0.857402812205881,2.0573991749432126,9.809489682839304,0.49277794985802537,5.055673809787937,352,304,7.2426513213161545,-8.605207151957753,0.7748043198082087,0.867830110132504,3.1553916777932964,4079.8590316634027,0.002799958168170961,6.697694168510978,352,304
AGKSE7R54LFVQ4E3VXSTOX2H7B2A,8.476540106078936,-13.024585294347613,3.466378990353138,0.7505880925767954,4.517767726005235,4583.550135076106,0.005225603641823641,6.071647234485299,259,270,7.325881226800099,-18.648220057300836,4.613972228448335,0.7359751243240229,5.112985072867025,15680.931755342961,0.001952254759491985,6.178992378920516,259,270,6.9204018957237485,-4.4420256193033,1.6080359331511997,0.7589328501479607,2.829982220764272,13.012876240702811,0.7505490851918541,4.504970722190923,259,270,8.990532116877151,-8.374857798126977,2.3214985095156098,0.8277996473688713,4.308286328959441,5810.085085518935,0.0038345195254587965,6.149311536851331,259,270
AGKYAPJAIV6AKVK7MUVYNQB2RRNA,9.9881681380046,-12.574036224173156,1.5100231269710536,0.9345430216923665,5.500124014520203,6053.697799194274,0.005991430207864939,6.898907474179735,501,538,8.277007328643357,-15.780981295496213,2.3004735275396255,0.9168506676307353,6.190179617493343,19480.20145882089,0.0023184611091875583,7.261146456558533,501,538,7.383751596169043,-3.970978646244643,0.8359093120096508,0.9227463488561917,3.604133919654397,17.614396871537522,0.8844319509892377,5.050134175638996,501,538,9.948324673535966,-7.615020282403109,2.2241471952968674,0.9091498137644768,5.491649680723323,6615.665306787546,0.005587032884254833,7.143671776927596,501,538
AGLGVDWNM5KVHS3PBM5HX464YVGA,7.68926587424949,-12.077591878497756,1.4970296415540567,0.8816064002212304,4.361537545727842,3947.472625315391,0.005431375440079887,6.0995708359092555,309,305,5.761002032025958,-16.478191377630438,2.2778771798001047,0.8682866131780548,5.067544175153532,15620.25031183327,0.0018632615905365283,6.068565040679298,309,305,6.497163522348661,-3.554576676788656,0.5673668916147298,0.9177353533684323,2.9527747826014483,13.688059128258686,0.729930354582428,4.6121658979705575,309,305,8.226453973810674,-7.856539530044391,1.515294668266642,0.87433721055441,4.208009137006223,4575.1998278112105,0.0044021191966783614,5.905760208514267,309,305
AGLI2MZXMBJZN2LUL3A23ATGMRPA,8.62120797995047,-14.6845849105969,3.2344793538275787,0.7228548480510925,4.055363785079695,4216.608626187512,0.004818309720813453,6.650077217518446,191,193,7.19461584498172,-19.75902638355358,4.897521965556402,0.634333858490798,4.508124709382589,14537.955420099446,0.0017105840503791679,6.623330164918962,191,193,6.923156554056321,-4.764145421939892,1.2413969251553103,0.7540734661659734,2.480978838677795,10.790489689051594,0.7432472395781469,5.135816435581456,191,193,9.082308857841316,-9.421481997715194,3.613242200454882,0.6918104319570832,3.931525598151386,4767.843383288299,0.0041110740383364566,6.542961464797317,191,193
AGLL7CPD56HB3XKAZGNJ5IP27FNQ,9.241816135719858,-12.054375502250032,2.0754683014186806,0.888713607232538,5.147351866360394,5114.507658774908,0.006088395132877078,6.784127864385419,322,331,7.793845423024534,-15.447665930813836,2.3340576259688732,0.8930383905649395,5.877498860351056,17459.629115484997,0.0022731249771612257,7.4405335846326945,322,331,7.401425758418808,-3.9063488936726047,0.5623782657668983,0.9363353308180224,3.4393272190008095,16.363599419524046,0.8553714373363385,5.168752170719139,322,331,9.8330596298826,-7.743045614834714,1.8657743176304167,0.9035970115580274,5.047133681748537,5877.688263795305,0.0052261369437264045,7.135652100018445,322,331
AGLOSDW6BQHIKTVEKCI23IAZCY7A,9.1036141315871,-13.275168551845288,2.6786994438431146,0.8526001617972185,4.929652508828281,6033.621307076808,0.00483333052895463,5.997491940712573,185,206,8.057499091964273,-18.049013989404592,3.073117847929579,0.8591907538164124,5.499584226282718,15615.223635487862,0.0023275674597806185,6.428168702055796,185,206,7.204514039591237,-4.271812755194814,0.9564058848999174,0.8830775505713395,3.144024193843066,15.629601041140559,0.7694709806527733,4.647026270550308,185,206,9.323057614289988,-7.691280409211785,3.255554324544029,0.8402520297334528,5.004800364935444,6307.467924064884,0.004892829693947971,6.475723633717548,185,206
AGLQET6T4ZX4C4UXTNEMYHIWLFHA,10.601041796184466,-14.383564003848955,5.819104106079161,0.8185861184186398,5.984112230186422,6260.401728121592,0.007117373130019523,6.874907887176693,191,192,9.999473416322632,-20.100698943372496,11.368996833948998,0.6624017472122411,6.438293011833425,22137.93591584122,0.0022835149911954815,7.2977864267753345,191,192,7.778743305808753,-4.704860597890615,3.0622762304726803,0.7594219039299706,3.7647775001544255,19.764474531742607,0.872590319831113,5.220856459380827,191,192,10.536913730249319,-9.172606601419199,7.378334776186142,0.78026099828538,6.005848570212683,9259.226670134965,0.004884695530987547,7.389886588177168,191,192
AGLWDF5SJNRNIW2HHSD6ZPADUHQQ,7.619843387485954,-13.169314146915932,2.2871251487826574,0.7527326316248297,3.7963460916674405,3081.3612134449636,0.005592783703252218,5.884925521951908,245,249,5.619941992311903,-16.691167413391657,2.8190471907672605,0.7541235194369906,4.342148541723049,12206.189684918165,0.0018553325073583716,5.874545755403973,245,249,6.617655594781252,-4.444599814357693,1.0397127107969706,0.7439330016474546,2.389415829719869,9.584896028294343,0.7210920721757786,4.3924730780914825,245,249,8.607197626568816,-8.770513024206648,2.164203515915645,0.7736888155383749,3.732536620863755,4759.055766117543,0.0035538800780709,6.010862895514464,245,249
AGLX23K3YYZ4NMO3V4CRUO7DSTQQ,9.784868728628375,-14.05615003731195,2.629581301219591,0.8801964981514544,5.102293326303714,7100.457764411328,0.004697073800941546,6.090764574705632,165,189,8.324003853463687,-18.4148797174003,4.649694751231386,0.8242153384147863,5.699069554849786,23845.339612872467,0.001743990541984172,6.433695585854504,165,189,7.277201056420805,-4.356939154179542,0.949213945680407,0.9070191089244656,3.2301306454658696,20.600240090601908,0.6831520409800261,4.612815986466347,165,189,9.893646394645943,-8.888698867341546,2.1885588064262,0.9002814967662046,4.930259786269619,8149.266940538369,0.003905211876845467,6.391220870605624,165,189
AGM2A2VZQTAS3OVZNQZ4OYO3BWHA,10.432084845053744,-16.010287908537503,9.120759827133845,0.4661588016927788,4.787391821314555,4540.820161355613,0.005990489528915988,5.527490709626453,145,167,9.654415660789045,-21.520794083152815,12.299621295021357,0.35095826764667304,5.424877739117203,18169.82274342142,0.001876751071842465,6.124175365686854,145,167,7.758018923462744,-5.4664370047315165,3.899254434520652,0.4383397214568199,3.010502768109874,13.248022218142141,0.81191546214215,4.363914504447177,145,167,10.306437193785221,-10.359856012991484,8.63638441139173,0.5053593431786954,4.690574010610608,6107.458323642561,0.004381891848326796,5.703456294237258,145,167
AGM4CTJZTX4ODUQDZKC5NP6D7U3A,8.998620973540508,-14.184353201641082,2.749890797492167,0.8152065121940097,4.556673846100291,5650.861878722713,0.004413617841821959,6.099846397287656,149,126,7.857504508501841,-19.04150516663439,2.8419170349806233,0.8435982193690378,5.255302221604869,18390.257352840694,0.001759749861748451,6.668216163408653,149,126,6.969005757804852,-3.9732421665766013,0.8150177570338307,0.8871482760015674,3.0938686713107413,14.176764419582396,0.7834809759500302,4.665316186829395,149,126,9.72260862159199,-8.878011780422831,2.8545568314538086,0.8145414861595093,4.54745121187452,5688.0595642832795,0.004349691797694228,6.511815423738493,149,126
AGMCZMRV6MJ5SCCUIEILXUKJ66WA,9.457954079246226,-11.880844947154563,2.951105326899948,0.843503193804507,5.12441087653832,4829.389099205028,0.006565860199210245,6.234611682038176,366,392,7.707982081345467,-16.138460883747925,3.459865949418721,0.8487345107511496,5.713552711878512,16205.050318732943,0.0024257935287835966,6.230307210003292,366,392,7.161460900155111,-3.768302732043117,1.2112620369031815,0.8618864421611743,3.290729533255701,15.747983088742052,0.8329676471642787,4.582091271610574,366,392,9.439512125768356,-8.16275742315036,2.197685308736122,0.8842316384381068,4.996008877167189,7070.08593960297,0.0042585449028457074,6.270922166747017,366,392
AGMGJENGFBLDLGUGIJXQ7V4NPVMQ,7.445124565240585,-11.73042714241122,1.8992339443821646,0.8316100623563033,4.145247693962046,4381.293349619596,0.004645343862318128,6.240688392268674,335,356,5.796860820319839,-15.658720016768605,2.6192077436711823,0.7937370447601619,4.64867618566806,13937.752541043354,0.0017971370344151332,6.351441583531158,335,356,6.661284903708994,-3.8027139145356936,0.9097086751468616,0.8245289605953536,2.703645397970428,11.144131247172187,0.7746594351397836,4.594776966767362,335,356,8.53755961376611,-7.882306524356251,2.191682047602231,0.7953372499458723,4.017033809011868,4716.353107079819,0.004002746030853693,6.312442032839524,335,356
AGMZV54XEXNBFMAGB3OERT4UPB2A,7.618109131142138,-14.72748471513055,3.7280378049473772,0.686418032204239,4.124527483851183,5885.079398743259,0.003397130474155953,5.4399427210794995,84,116,5.890820399629581,-18.62571240305508,3.291258980065325,0.7895108593223539,4.791084459854151,18280.438895306503,0.0014863083374787333,5.477904365227915,84,116,6.482138466594157,-4.02267422764677,0.8443322627379226,0.8519386601674179,2.6854983514404926,14.891397044985345,0.5847737961545634,4.1367323516455565,84,116,8.454035446966573,-8.756124115885306,2.790852588699108,0.7869782861688221,4.194322205418309,8927.60435704183,0.0023929326861175577,5.501298073736409,84,116
AGN5KJZU3FYSKVWXWM66LXYWL5CQ,7.180800178965744,-12.177862212246607,1.1319201524162459,0.8772295558028427,3.7512950637918028,3472.3082141067944,0.004862252859130615,6.340579307068558,574,587,5.4481697274966985,-17.013532713665796,1.834329267728772,0.8238800716137401,4.113184425638645,11660.512811768165,0.0017530026942983179,6.400189364669083,574,587,6.4558042458578715,-4.209525784701139,0.6888824807345927,0.825248527767904,2.3451199943493535,9.676147809691983,0.6990890385999692,4.714861295642017,574,587,8.215722477049612,-8.489197131378821,1.0604379471284362,0.8824401227474931,3.585973329650742,4622.047065891424,0.003427579327450236,6.40061451601922,574,587
AGNF2DGDI5VR32QJTJPKHE7LS26A,8.3166949305164,-13.215605791040588,2.4969006958435873,0.8571622842445724,4.614023689462654,3846.312165919358,0.00692101871500058,5.662518454483701,87,80,7.19739819154356,-18.329750315864136,5.398704919482922,0.7009079130463098,5.07736971498303,20537.63011067799,0.0015351390386018817,5.831700992581058,87,80,6.775453577227232,-3.7862083039696577,1.8442364438670231,0.7443941577675879,2.9383768412546654,16.041153304591106,0.6689417226362029,4.430833404792985,87,80,8.724530188240397,-8.130132710638268,2.92263723794885,0.8373499292166382,4.55422435798335,5420.130890390372,0.004882139215599875,5.944464717012157,87,80
AGNWFBNXATPJXGLZ24PZ42I47Q6A,7.761980778485324,-14.05877582297638,2.0311808247435796,0.8109714136098916,3.9288804406038413,3553.0360345431527,0.005063357788185059,5.499314703349532,134,154,6.460380191436803,-19.654328989050295,2.845178016751911,0.7789435577873607,4.429340600305848,15418.970694407599,0.0015014851422797716,5.525177707901639,134,154,6.492409807551695,-3.875142602287478,0.8854268622848515,0.8315958354326312,2.590621700012484,11.810190966963669,0.7035310151476732,4.368888909529015,134,154,8.40644080032483,-9.661946229254513,2.2931637648718524,0.761905061454575,3.662147179369014,4633.443624238971,0.0034444109320686703,5.645825187142777,134,154
AGNY74UEPE5T4CYNABHAAL62NGJA,9.501084066312725,-12.641807964422698,7.006719288985346,0.6732006653323475,5.3543127277168505,6101.974198416011,0.005534449848178692,6.423134081023044,159,153,8.26442641634866,-16.50052141122266,8.103025827864423,0.6626695373356886,5.941073969985047,19003.449296278035,0.0021661440700787974,6.727289305703704,159,153,7.392545537811107,-3.898049923439751,3.667859641267276,0.6176583368638786,3.470000287089281,13.92408649779062,1.0190254530206844,4.849134706530245,159,153,9.785826524530925,-8.260098931733038,6.3152726668011665,0.6902573221428432,5.144530062849993,5792.592376761409,0.0054042057372352004,6.68933250130778,159,153
AGO22BUOE6AX3PRTYLVVQKPR4R7A,9.198334670726966,-12.381934354337979,4.01189362600353,0.7943527502913983,5.0730022298170745,5132.553410954338,0.0061383916498856,6.401406799610389,407,467,7.941801494099714,-16.941629494336908,4.169703368429968,0.8067249993499737,5.5650800485486105,15813.907898797777,0.0023580965857425357,6.643521276596936,407,467,7.1504789380214016,-3.641691716200877,1.7580339450454008,0.7996049822401473,3.2696735239932972,12.830353031137122,1.027825889775716,5.005668232427005,407,467,9.619836368767748,-7.8808587145569575,3.8658591879162527,0.8153837888600316,5.007739850639104,6479.142578566598,0.004895684559237005,6.814684730863872,407,467
AGOGOL42K2ZH35WKFK55FCRVNRIA,8.329764019688422,-12.376044409112556,3.0489829265206367,0.7920821862124556,4.55649277224408,4309.083797221002,0.005745419691697185,6.302376504439628,408,434,6.520028452104047,-17.379676692926544,3.46192958679756,0.8095284684231445,5.08345334532135,15588.945848578796,0.001991550906221203,6.144183700812441,408,434,6.826974975127925,-4.073706114890902,1.4037365773517905,0.801246423493374,2.8995459924955886,15.292454888760556,0.6798541181152368,4.494462066928253,408,434,8.775932625467117,-8.025168904720301,2.8216666743410737,0.801445700676408,4.378911612118618,5717.343057655448,0.004062775005204795,6.136142128223219,408,434
AGOIB5PDEMTQG4DL45T53A62R6FA,8.455677982263971,-14.852405503403869,4.969773107259214,0.545495982749307,3.962546139669496,4006.926219163155,0.00481385330477239,6.0077721388579715,109,120,6.89614390654948,-20.16566131925705,5.563705032766099,0.5780652696905889,4.521774658597338,15817.500275434397,0.0015744104862617885,5.962921259741295,109,120,7.006828045867044,-5.053395535064011,2.387585069437083,0.4122324739199631,2.3223642851087507,8.592561761034654,0.8193780453376249,4.5658829358174025,109,120,9.482131991325625,-10.942364947179662,4.355776206616891,0.6146658617756665,3.9422739527226507,6705.888364798086,0.002890747904925761,6.038375138912462,109,120
AGOL4YVNGWMNV5WJWSA4IRBTSZ4A,8.232081127556343,-12.552738632823358,4.480284160308504,0.664185766818038,4.459757168248138,4332.775452097753,0.005371427581711955,5.539013823786462,109,111,7.09636592143595,-16.864018119646683,6.870667864922355,0.6091584387082459,5.164152558661792,14617.016590798883,0.00218292630040794,5.908139434443558,109,111,6.663552524395522,-3.4853173437918494,1.5501298798834253,0.7557301893064153,2.9186672977139283,13.75860054590843,0.7435182993195262,4.374314039595939,109,111,9.13895498485563,-8.67688905439413,4.8745444495470664,0.6352654253937975,4.347835592811411,6068.269972851433,0.003766925214916444,5.751011658790195,109,111
AGOTQJS3QBTH2PNPRLVQSQ4ZVPSA,7.544108608707504,-13.525126659393202,2.5082576908566594,0.7552495486523436,3.9760519191360455,4179.363238488895,0.004450419098942687,6.401359944790315,155,142,6.098749289949157,-17.55201338135742,4.017269666023081,0.6770824619534161,4.555315310561305,14836.171279969996,0.0016281694314561137,6.366162452815648,155,142,6.7643366944240695,-4.29581426626424,1.2221922883814076,0.731707620566068,2.5511763450940257,11.24759798583224,0.6960054738190826,4.833507484497003,155,142,8.249766915097963,-8.463391113294016,2.5868411994434277,0.7348324985454053,3.794334188589444,5826.297572627385,0.0029730532198470046,6.453375432508404,155,142
AGOVWHWEHB2MT55YUMFKBU2MCSSQ,8.741858981242862,-13.760738669348187,3.183977804464249,0.8311754726047916,4.805164949488487,4384.899255114658,0.006382683502245996,5.750424332060602,167,173,7.072545555673155,-18.45118373989721,5.068353265005236,0.7839861736102762,5.481899916467899,18159.321585998594,0.0019899366058446413,5.84635898025562,167,173,7.1741700096517045,-4.55736422695432,2.033514021560574,0.7859880068223504,3.2634816456309332,17.526774846790076,0.7243242182827745,4.337549113640978,167,173,9.149978494302855,-8.583533965954969,4.106024765775126,0.7909750547112484,4.785434290026772,5834.316362511276,0.00481044598037082,5.868517574423424,167,173
AGPBLK2TIZU42KPLDX2ALX6CPFOQ,9.40397289687771,-12.529886888991722,3.2132481802889403,0.79996397288014,4.778204128614513,3910.074878010806,0.007033672173727257,6.076790558425999,199,180,7.523749152535426,-15.130841174307006,3.2887137825458015,0.8360874215018688,5.56923347963172,15525.43053154931,0.0023584192468775592,6.438119352336149,199,180,7.080795535497783,-3.7171158509105227,1.0003573024885304,0.864884788413983,3.140280677940641,11.728316441121072,0.9958296160203702,4.57797340295228,199,180,9.502025411172038,-7.602135059518107,3.3366834608885334,0.7918842755940677,4.8026468744084525,4988.865715643151,0.00547371519040901,6.520204999206025,199,180
AGPFJ4F4XFOHAKDDX3AITBNIOCMQ,6.8127014296135595,-11.894258268493022,0.9271004785871511,0.8784495567946471,3.6055865542122008,3072.8473567201663,0.004881043047460218,7.404238338998063,813,742,4.126770510671106,-15.680766506465107,1.0276072781359393,0.8812041600696087,4.030978396014463,10905.836844439938,0.0016760012172372886,7.080832527464245,813,742,5.8583618954415755,-3.86268644848337,0.28499950745190716,0.8942554354830723,2.057508805163379,8.404722755762105,0.5943185182902874,5.198266430222764,813,742,7.724164315102807,-8.012094402617949,0.910897360607605,0.8697637178701079,3.406350869658362,3682.4381481070964,0.0036306971846935578,6.9861602046687326,813,742
AGPGXSO3TUT5DZEMWXKMOJRGT3UQ,10.077837214392078,-15.540225333155922,2.957526844772004,0.8565115265169931,4.819217511328655,5744.0338086781385,0.005340057266690408,5.993576851557318,119,161,9.246487296188358,-22.228771809421136,3.6728835779895226,0.8527731041906585,5.511283115821147,22443.288253597635,0.0017726899240538528,6.296287606936903,119,161,7.3443480868208475,-4.599653756761055,1.2436728998119582,0.8652488570603458,3.1300180182597406,14.607188136512482,0.8793887443263783,4.526776516105696,119,161,9.90903311025402,-9.233474654170674,2.4288135249651606,0.8878753164529618,4.786968264916647,6413.110405965598,0.004882190420813922,6.1978948953961215,119,161
AGQ2HP6PMIPJLLOX2I3VVYRK2HCA,8.853859371490683,-13.879172830651243,3.855839306511008,0.7872087378163646,4.754460694819929,4571.734751327537,0.006066301899718378,5.95331357070276,93,103,7.454722694951956,-20.38723291705959,4.012344701583433,0.8146867574899226,5.332188991230841,21692.038572101563,0.001594067077311296,5.955878090336871,93,103,7.0345143475689005,-4.1399182752270205,1.0595363377965357,0.8699382423499596,3.065969511554326,16.012490849117345,0.733202117370326,4.4438384104033855,93,103,9.134206566846894,-9.347338096216907,4.232773706791544,0.7637151576781525,4.68571212927892,8110.061919097667,0.003349184301332615,5.988953464263427,93,103
AGQFUBXP54N5SB54U5LRPL62B2NQ,9.476946649764919,-12.379372691157078,2.291020395678519,0.8922800155014542,5.404648682905083,5375.53084538696,0.006132069726773272,7.125853189456249,232,220,8.468509386665321,-17.731409643026556,2.8011013214214264,0.8924926236105464,6.10783883353012,18481.964041820756,0.002268050710961477,7.765431279971289,232,220,7.239382702574678,-3.899460027955485,0.9887990578725333,0.8980495937619305,3.5214694935596698,18.998839480744888,0.7413495914096782,5.3777021537231455,232,220,9.767840946970988,-7.994356278717651,2.618409650852658,0.8753838544849655,5.294800838019634,5886.617085411765,0.005354331097663564,7.39980888961567,232,220
AGQPPOLMA6U2DAA5I5SP3M4QJSFA,8.811650208008489,-13.185905277423688,5.107167546352319,0.6826424468054053,4.579413594314847,5595.062804927393,0.004681428961870551,6.10048714822028,137,140,7.9692770053414215,-20.411653964277512,6.644302591639152,0.642779172620586,5.101198931600818,19650.76649174432,0.0016028820663445014,6.097426061845076,137,140,7.3300878058656345,-4.966623000285973,2.532853236036454,0.6644788246933828,2.9764722231395147,17.665160067314815,0.6231851458712595,4.671935315037884,137,140,9.22529973067324,-8.607908904388545,4.5475863148335405,0.7056293136260692,4.364023665245958,5497.37459075989,0.0043746667685239625,6.092651345385961,137,140
AGR7754BCGDRLYBG47FPUV5LF7ZQ,9.209759720709501,-15.567678190795005,5.90498238932253,0.47461403848933814,4.05955662448062,3421.030958634488,0.005994494008368879,5.797094838050516,148,143,7.350967404359644,-19.897104333079344,5.632722008409308,0.5577967509259291,4.563658942972714,16607.655025510925,0.0015112361062100395,5.7947375263372445,148,143,7.17639165184642,-4.91378553176085,2.785552110419182,0.4620131537426986,2.5893864153631707,11.474284914085736,0.7416479111805249,4.540401397551276,148,143,9.312121825575385,-9.959322397110032,6.324518141483339,0.44032753180599093,3.9514525846297763,4959.949794644813,0.0039524305986077075,5.848163080112619,148,143
AGRCXV4NM763VGZGD6BQ2VGNCJNA,9.188409447776577,-11.909454053706,2.841252965961243,0.8832507718192003,5.66125463332258,7062.1731905263105,0.005437415604943401,7.439745912510558,272,283,7.721451658854165,-17.235689494842813,2.8457286181838466,0.8932574689645248,6.068636066341688,20844.163735717953,0.002087718216221777,7.890854366913335,272,283,7.340725707234297,-4.292531097947172,0.9914143507216362,0.904597215737785,3.5773061775714554,25.096713572056746,0.608111962084571,5.492092049501486,272,283,9.790235009925636,-8.38728464161671,2.695934609122186,0.8951483167007609,5.558812930117409,8630.951663797165,0.00436414334370174,7.80308295137945,272,283
AGRISXOWIRNNRSJZTUH6C3E3QGSQ,9.917399973386818,-12.460686573786209,5.552201537857282,0.806541894540086,5.863877487970619,6360.178698252767,0.006696255938642832,6.3941240478637456,160,170,8.618185607141681,-16.34919044454052,6.858427642989162,0.7965475112693198,6.509550071930988,21743.337415901122,0.0023989779126448465,6.691232286559402,160,170,7.485034467346998,-4.075546598296591,1.3437591780605587,0.8905435611891196,3.6726307039217696,18.78439359458579,0.8958904966196142,4.707174690504015,160,170,10.028246664829874,-7.506345013667627,4.846800044806698,0.8503993917906043,6.006038653283323,8810.095854757848,0.005203373026335466,6.766353441750394,160,170
AGS2KXBTAM44IW7T4FPSTTO3ZISQ,6.8809801854877,-12.178870538961137,1.9681416685070041,0.8257875887704655,4.089681476323462,5956.838799761867,0.00332822093983625,6.81304273973069,299,267,4.601720096159603,-15.40839370291424,2.0727643558786464,0.8276574305818771,4.419327644892487,15001.886535185287,0.001536834769184443,6.832249668002571,299,267,6.192184968678692,-3.387527696929535,0.8600522899277767,0.8111223474713081,2.513717501499853,13.154018729826944,0.5843475139179016,5.122260635786619,299,267,8.25145930494549,-8.043220189596713,1.6147722034988328,0.8579418675419009,3.8722999043219577,5100.899193635854,0.003675559373378838,7.034036136228794,299,267
AGS4LY74Z274M4KH5PXDUG22E4RQ,7.349165528674798,-13.653279259661423,1.7083672947908781,0.7842905966600386,3.585481996158227,3346.632640931397,0.004451352700447056,6.443390195839959,285,268,5.220132815457614,-18.181102024360268,2.237428308339284,0.7439182437530694,3.9729461286245114,11748.01856314957,0.0015300209156173341,6.524943882355965,285,268,6.336165104519976,-4.328016999824894,0.8822250548483828,0.7234823820871945,2.2133916355757974,8.219451790927822,0.7042683938480054,4.8117705084449325,285,268,8.084637902824669,-8.574567063280814,1.700347872182681,0.7719586776325342,3.4503374221972236,3192.589354135155,0.004390485722387355,6.49749745396374,285,268
AGSIU3JOYC6CJLFFB7APDN3UGSHQ,10.11365866825189,-12.147354787010263,3.369242746961235,0.9119974966051329,6.5016709452928545,7767.288090237029,0.006671163254493125,10.194230144841157,296,312,8.537228872642945,-16.618552249403585,4.647763629528062,0.8957255046408681,7.315137712624895,23849.434334874553,0.00267517199923221,10.979305117025053,296,312,7.203957799451646,-3.893318531332837,1.0917050718374837,0.9282518013478729,3.996542678833762,36.37052612122283,0.5425985096572805,7.104356715301626,296,312,10.237593902427301,-8.077175303747941,3.9239898910107973,0.896115055450239,6.471406825336695,12602.121857399492,0.00409731288074385,10.090054682756524,296,312
AGSM75HHGVYI263VKMFQMK6GJQ7A,9.38044240307002,-11.93090774797802,2.778959585122897,0.8853999059840318,5.514842660193515,6243.88364543551,0.005889810242529074,6.887938891492352,301,230,7.72995665459864,-15.883172129085791,4.6343717652616085,0.8505449993533273,6.3577555782977795,21669.94033188035,0.002214278985996596,7.558258589000937,301,230,7.188561066566911,-3.747759536070406,1.1724271352495372,0.8950028776155713,3.613422451686587,24.026738988235973,0.6575530117407842,5.027595822329327,301,230,9.6617041302029,-7.508829943744566,2.759255429780479,0.8864287129769566,5.533939295611357,7810.638365721861,0.004684275046194834,7.12882460586626,301,230
AGSNKFQ67XEX7JR3KMPUONRPNGYQ,10.05986269914881,-14.364742690986795,5.03664081534375,0.7329459732031933,5.008679835361651,5302.959560560417,0.0059201110412270795,5.909377020663741,147,194,8.573254205309475,-18.47988736750097,5.292573095000154,0.75447183160006,5.54617748552464,17073.252648652975,0.0022343216612305435,6.002435040380884,147,194,7.197511536289394,-4.044646460508784,1.2336399260398896,0.8368921395225715,3.0711819301110665,11.408848849421236,1.0193301666613626,4.452494336349597,147,194,9.494139769500226,-8.053732633270924,4.839226913305662,0.7614701222577122,4.960774386487028,7713.951728143396,0.004086063055029274,6.110664239175302,147,194
AGSRO7NXV6VMSP7OXAONAB7F57QQ,8.320647489547706,-11.872239358969432,3.192770256134173,0.7482439250113823,4.321820228194574,3686.3419684586547,0.0061135893454298835,6.18340621904127,175,191,6.74116469470353,-16.221440582355047,2.9718987450246823,0.7947690755221875,4.824296583587505,13605.355553304953,0.002063911509147824,6.169853054489369,175,191,6.877867931072537,-3.8256684275784223,1.298362786292196,0.7748961142047028,2.7618809629527084,10.480396929418315,0.9081959801567668,4.750846830784867,175,191,8.917693306145528,-7.75790317145942,3.322775918827873,0.7437404340756288,4.283796684620525,5082.046140963562,0.00445680082312903,6.390070118244719,175,191
AGSU4BF54NFDUP5SOHAAVNKQI67Q,8.300014465532689,-11.862842241685797,2.183637078955492,0.8531697802160432,4.6336669749515345,4559.69931722519,0.005539177886840629,5.760576366811956,187,202,6.871468635167527,-17.522022279841924,2.818510754188483,0.8378324908081547,5.077703263223926,14758.880717666658,0.0020730020864528492,6.04165551109201,187,202,6.847813243444318,-3.6977803973628456,1.2603686718301395,0.8201031168611154,3.002604042510792,12.626871939174434,0.8613671661166302,4.53172469867074,187,202,9.152564898544608,-8.372725735070135,2.1934524182473916,0.8602550004084574,4.5681690958250645,5435.2131300598385,0.004661735283264658,6.123058508523109,187,202
AGSVNZDZNPCMXG5DEFXMZNRH2LCQ,9.174147430155466,-12.790108737395808,2.1311950112517226,0.8793082888992487,4.882881406849728,4399.182069570912,0.0064236288347295604,7.523077288186189,485,482,7.322418414935226,-16.93748314153824,2.1196939260438348,0.9114737512117569,5.7388626521214094,16918.895101851092,0.002288404465795542,8.452437200437302,485,482,7.195238695641576,-4.053859878605826,0.7609716798786653,0.9179719079794302,3.3551511192603574,17.486069555170108,0.762665933401848,5.538494945059955,485,482,9.550133660823706,-8.18223490909067,1.8968931597327001,0.8981479425412401,4.827647617880083,5555.076995233969,0.005155932219335033,7.73098789655211,485,482
AGT3Z52Z65ZKWWMPHD2KZLT6VXLQ,7.077569590225488,-12.34064197786467,1.061489869415348,0.8891668075315329,3.849007697187012,3970.228732556286,0.004449438499493052,6.297366044469905,440,449,5.146803165798786,-16.73021384966038,1.5918960699905218,0.8553340804739387,4.242634485725685,12602.525538589192,0.0016932523237828594,6.226087657764688,440,449,6.388797191233382,-4.198603653302909,0.33454919816221584,0.9129085273533879,2.356766172850516,11.869250190405154,0.5606623236935974,4.6705896542811125,440,449,8.137725769064776,-8.60677258187656,0.8344913930420119,0.905216760906958,3.620607601188545,3690.523801061914,0.004245583000560991,6.1630400165122525,440,449
AGT6E6L72BKLEEJGX4MPM2BW5IDA,9.751132785500296,-13.877131179598331,4.692730409131341,0.8056932123621565,5.311232775858705,5518.011145835977,0.006288928801454176,6.23985558339839,165,143,7.704634785070742,-17.568640375362527,6.981078631785223,0.7543173000419752,6.026475114673011,20360.653476856387,0.0021101375559333677,6.521358215787201,165,143,7.334815928189331,-4.499130311305722,1.2476484909661307,0.8789921412414651,3.4353488421414897,18.673288554849766,0.7539708225507622,4.669218936805951,165,143,9.813110306079285,-8.7953896928067,6.368139521134522,0.7250767046229207,5.140847576498629,7318.358112416007,0.004520630611587971,6.379452176261028,165,143
AGTEJVERQWRSFLUOXMZTJLYBOYIQ,8.283682033019783,-12.638427072967962,3.5661548824640503,0.7439529203708313,4.441622430177031,4103.747332553578,0.005880605379316696,5.826982867288513,127,93,6.305442234815747,-16.792297876583586,4.224937192575946,0.7348397954123953,4.879109667866838,17509.222721882168,0.00164019170504307,5.833827934306634,127,93,6.60263347487599,-3.4584085518302343,0.968350564525332,0.8366787470463386,2.7726323385457383,10.51217621456482,0.8977447874314735,4.459912465245441,127,93,8.158103236095652,-7.093986306376172,3.784161156865695,0.7242163413409695,4.274386210262414,4419.467211592437,0.005041769212074011,5.859735871141655,127,93
AGU7PO73VGUO6TWDTPEEAP7JGC5Q,6.866680000560493,-14.336014942690788,2.4282460862402333,0.670706962146982,3.4740637165055723,3944.5586076799445,0.003564615181014062,6.261190754203755,116,106,5.136228104961256,-21.110681386977205,2.3443281445150936,0.7273531934683701,3.829442299483943,12131.677921609991,0.0013855552635127335,6.247586809448318,116,106,5.946960704491326,-4.263872226161415,0.41188803102904725,0.8516919620695288,2.0341347888533625,8.245543820049912,0.5980548614534219,4.73730026968029,116,106,7.925206515953223,-10.009636652750714,1.5859178380692982,0.7393397786555429,3.153414506871886,3518.1765544876407,0.003260637972170571,6.276142474571984,116,106
AGU7PXXOM24XC55U2CFUTD7X6FFA,10.279803935878217,-13.059660462925818,10.364574278084362,0.6880101636847354,6.25334036265583,6916.7123055134925,0.00695822003220837,6.539545979655519,215,193,9.05429441274286,-16.978071410420362,10.471425228149581,0.7200824100021845,6.890484166786214,28576.45111368122,0.0020594512860253973,7.0014783735035016,215,193,7.3531228923128475,-3.3252541485545546,4.2067571540204955,0.7068866279835573,4.045711269072985,26.352375187100566,0.7583816821700393,5.045851541596011,215,193,10.178650025839886,-8.148535522027093,9.4348511963449,0.7306799784642717,6.28240676636702,9015.568887280262,0.005492398866438332,7.014766899439544,215,193
AGUCUEA7OM5LD66E3TZQAH475MMQ,8.68390329362853,-16.056954843261074,3.3370536293331634,0.6777605636243915,3.7471642716111133,4930.378811835798,0.003568080473103671,5.95100016024049,177,153,6.829876205939479,-20.592594726956627,4.00554679751095,0.6758179961235141,4.166166670666851,14500.014848184455,0.0015382196573892298,6.139238926130965,177,153,6.744790370226068,-4.938121531704946,1.2229834748828616,0.7046327556811942,2.3739957857821334,10.679914103267325,0.6381220528465746,4.486955230366693,177,153,8.628072513914985,-9.83422711184136,2.3152580006853962,0.7754073719778468,3.6057192244749534,6565.375756328688,0.0025520966271361353,5.911167076057337,177,153
AGUEIZI5BONVZSNA3FBBR6DBX4JA,8.869217639531922,-14.38541216541379,3.091777021813182,0.7525159425983883,4.18375499652228,3591.2695031337444,0.005842668060404667,5.813621770928101,150,136,8.189713625285302,-21.276730659618142,4.553871264509357,0.6892705528992569,4.610317440940111,12732.552137785571,0.002045737792562294,5.933740073454759,150,136,6.619718196485216,-3.8762952497249983,1.1804634206336257,0.7887468608374313,2.634979249053488,10.563896528595428,0.8290760723241055,4.427112454466765,150,136,9.024741127317833,-8.762803803426372,2.3021640129043695,0.8111996907729583,4.045235166626808,4163.073074759035,0.004832062182390864,5.94707931214908,150,136
AGUREQYPLUPVADJ46BNP2KHJT4CA,9.425287662663315,-12.349571140036735,6.077946352059924,0.7365720143250555,5.526206200431046,5687.230095668813,0.006387092572292912,6.639984643487937,216,231,8.164985636410869,-16.998395723258,6.273237353417731,0.7663189036333138,6.128387099678727,18713.299483822135,0.0023554047796817547,6.760669731140667,216,231,7.253313700774205,-3.5477783246617727,2.7152944401922086,0.7492736936974362,3.641199425183512,19.060414386592736,0.8312843951117251,4.918746324011725,216,231,9.810717363939853,-7.896870605500788,5.559806468053164,0.7568174437418336,5.403764868566255,6912.313328911126,0.005103693201944808,6.8598303341865865,216,231
AGUTZC4GHLTGYHA3KBEDRF6MHB6A,7.500900699484824,-13.545840626762947,1.6264079111235772,0.8198963077722891,3.799031344506293,3919.560746507913,0.004360559126662003,6.921237045795156,411,468,5.577552337278541,-17.109784494579465,1.6151487377844886,0.8394560272322917,4.227458276538255,11659.78300505428,0.0017822621613739482,6.88775755865949,411,468,6.338760840998524,-4.183947595588881,0.41948685578282935,0.8813218863396353,2.2556507718795253,9.830355218508332,0.6347314269266916,5.070623999314975,411,468,8.368643711278803,-8.480455400659789,1.4988858441687989,0.8296897501266831,3.686742259828998,4127.826031319785,0.00396324361802394,7.025406395419816,411,468
AGV5NQ4JDQD6NHXVF6AVZPVDX66Q,8.969592404085413,-12.14983357385536,3.610786674578391,0.8199567271234146,5.030651144050792,4536.697430778136,0.006864583667156867,6.014862117574147,520,502,7.574417231325461,-15.601857588956399,4.655459465417874,0.8112084828791548,5.848164529345821,17855.761583363703,0.0023157253001340455,6.34961758351097,520,502,7.173644734680877,-3.8240746062087214,1.8582785645702906,0.7960091681980852,3.327394722738129,16.51722158806805,0.8179931373889929,4.629848535928786,520,502,9.376136004228226,-7.772967479300397,4.369599477801622,0.7889087780989805,5.035675473242976,8020.53188447925,0.00394464111613887,6.205601687215879,520,502
AGV5XLEMIEYQBKNM33RTOUZMJEHQ,9.326992265595754,-14.359673910393685,3.28183012206588,0.768268607748969,4.438593270412737,5464.5221377534635,0.004548940162040492,5.820072009924007,170,156,8.186009128541876,-19.661562595170615,3.127405986908729,0.8039085617826552,4.780249968901323,15872.81300263044,0.0018387286741250578,5.822228821872076,170,156,6.9340382731190715,-4.449040430855269,0.924559003748091,0.8331041648757753,2.577429064852563,10.683284703408841,0.815187939467696,4.251448159053457,170,156,9.749581924522689,-9.363349836646709,3.5702750534116423,0.7770103446387231,4.395839044859618,7449.664425182896,0.0034666156541177367,5.879751633185215,170,156
AGV7MJIYWVS7UVMOHQW5FYIEQC3A,9.241917479771155,-14.921332266196531,3.288034381188786,0.7849154533389745,4.407336408228287,4061.5736293186105,0.00611663145542369,5.8869882500052375,163,157,7.439355440598294,-19.51452727893151,4.362905462115532,0.7703273803185031,5.0707769670374985,19433.40868839901,0.0016726283199293556,5.828420691882138,163,157,7.203990541372416,-4.762992824077174,1.0020469250437458,0.8523079857207991,2.7899149416648545,12.800467384916368,0.7895183383144119,4.559477046765999,163,157,8.99300470628859,-8.990078553576925,3.658227477134171,0.7704263437441659,4.329159405326033,6106.325326310542,0.0040226831439185715,5.9516992683254335,163,157
AGVNQCF2GD4RYDYJQWD3CFBT3RRA,10.262371693015812,-12.994297162582836,3.3660549460071003,0.8710296412893264,5.595019348923192,5956.034496237034,0.006684643456127939,6.354114101475823,269,244,9.221416620005847,-17.496015921319884,5.726493974343646,0.7968595258465441,6.059102363491856,19260.738963010823,0.0023914443964287904,6.643292926066567,269,244,7.72422184466432,-4.511409084415984,1.759567668292547,0.8382500317122517,3.537678079211883,18.682864624897825,0.8445636840517629,4.774893498731851,269,244,10.440402090531055,-8.544298882444634,5.805767406339022,0.776632041826385,5.462029307335449,7717.182358430865,0.0050013932806740645,6.703579893757694,269,244
AGVXEMIIQ2S4N7TFU62FQASJJ6ZA,10.581289856095758,-14.592380154102633,3.275895123677158,0.8587999364397501,5.493115553566965,6015.202094910299,0.006095054136125936,6.599650574031018,163,159,9.763986432529808,-19.10669051411914,3.4006044349274935,0.8653033384152514,5.98806348400109,20391.542881280406,0.0021002000093134424,6.967902033913986,163,159,7.477839934522911,-4.244836137134237,1.3747340400057948,0.8599062365583059,3.4554730775010793,15.677719067144608,0.9183160629907472,5.020837813220647,163,159,10.548406758894208,-8.701631035500775,4.025729634067692,0.837515132169343,5.646812248290067,6715.866349495663,0.005675116704936859,7.140786631682402,163,159
AGVZL5MSRHWZ74DPTM6PFQYFVTAQ,8.28603268222725,-11.74084058344767,2.94444842215086,0.8119493520531038,4.612133675251083,4433.101781877378,0.005848624710276078,6.039654577486183,503,548,6.8793757249840635,-16.400090306025337,3.370875494004772,0.8205293740425963,5.1126037873113885,15889.304629429642,0.001999168935413601,6.042461353926428,503,548,6.881112690030399,-3.884031267784648,1.3396511827987208,0.8179984537995075,2.962195540501403,12.169807494466736,0.8968117613924329,4.497117753049549,503,548,9.023263335024366,-7.928015982301598,2.3139777798770096,0.850699875182682,4.504502260211761,5332.06732353884,0.004634247800879154,6.147834389295563,503,548
AGW7WEU5IG5DRNRQ7SBRRG4FYEZA,8.819989496076886,-12.377777364790873,4.113793193324428,0.7076507249890056,4.6481942465124,4004.05316958516,0.0063170758082440725,5.902236226380151,430,386,7.126109679589484,-16.210278377226693,5.068809591694737,0.6724340349841176,5.055141171467691,14414.9706898491,0.002064397956679244,6.018485341124056,430,386,7.129946961839693,-4.3183823203133445,1.471472905738804,0.7577211396210359,2.857685857781723,11.578408687809999,0.8542050037269727,4.4852871080370935,430,386,9.40915100864487,-8.458141591884056,3.519963533506372,0.7667271935158321,4.568261944007761,5657.900371665713,0.004442173947686382,6.0792169510130325,430,386
AGWSEISP3NKF47Q2CG45DBOYURYA,9.723335471124095,-13.549644740873562,3.1230670314490707,0.8506341997281349,5.293838972048677,5561.801149858775,0.005935506492523364,6.098218051314584,254,196,8.841897445340367,-19.040540296370494,2.1613937628978266,0.9156477640014664,6.151869956071344,18512.70812131528,0.002338020208678055,6.660496013128911,254,196,7.170188357909048,-3.8664723922074535,1.272434662076541,0.8625750605445497,3.430599103171463,17.962758753263866,0.7612107410239318,4.6130940790576105,254,196,9.697622708206971,-7.8965492780350095,1.9250210776359655,0.9136992487650557,5.3857885563265135,7665.782399642356,0.004509910989567865,6.5539826830353425,254,196
AGX2Z5MHU534F6QN446JLSQKZ4VQ,9.864304110171384,-13.686135382945757,3.97493693407792,0.748638385608365,4.851518328346722,4252.957618912125,0.006512220576301246,6.175893046992757,246,256,8.830923994045918,-18.978772836449956,5.574784605570515,0.6883471605944413,5.3238742494027305,14805.346485616848,0.0022343926719014047,6.1713794179012265,246,256,7.41356204625311,-4.464547916728527,1.807821905713823,0.7270103750740962,3.016445599841285,10.567414256211853,1.025638034068668,4.580830296318958,246,256,10.071466039934446,-8.995752212727353,5.131003252925758,0.6976023448242124,4.857815251641167,5565.206045485218,0.004973091215755786,6.408302061812126,246,256
AGYIYHWC5EJWEENTNN2IMPFEWKSQ,8.692835612895157,-14.279443684973586,7.903928508083528,0.3824873598009384,4.334091782094997,4050.0385600967734,0.005528689952462968,6.0667068834283775,117,120,6.921444098167146,-18.81923849021401,6.736786384040802,0.5471205723891042,4.857212893926099,22986.310419494075,0.0012056216061532268,5.980116040102038,117,120,7.082795047877251,-4.750069934391856,2.273744339364204,0.5962758314978458,2.763449426443534,15.635476510359243,0.5880789272220068,4.654163392085049,117,120,9.083488400958117,-8.789795762410957,6.378551914846994,0.49706427402290787,4.2888672209861465,5012.054698694409,0.004347392788673298,6.173662008385546,117,120
AGYNSON76GT77CALAB2ZU5ZUVUSQ,10.077319081066827,-17.97761941202521,2.8858408905211266,0.7846953708424876,4.281953015174784,5121.076010483624,0.004295518711206238,5.857581409684379,81,91,7.388076868397728,-19.737193604309322,3.3604406539725957,0.7969079992828088,4.904693078171747,16103.241344373975,0.0017831587477286767,6.0545492069495745,81,91,6.847608271450775,-4.282026535488414,1.7187520637508926,0.7507596129674634,2.812770394629645,15.708397718288095,0.6455190599724272,4.481952979613728,81,91,8.669554891538697,-8.625885797063127,3.473962696076413,0.7396664751729537,4.172300201301181,5197.033970444445,0.004046656282577355,5.869536813375187,81,91
AGYVMHHIDAGERGBVGPGA66DTQVAQ,6.262941344694102,-12.173608040037694,2.02082477840386,0.7827208306541125,3.7565987598780612,5488.34787746529,0.0031522343008110474,6.4554779775450735,165,213,4.768197100356174,-17.6192157852407,2.5230667076833826,0.7622887334719707,4.28897655935174,17021.184282542206,0.0012869431254575667,6.814510659565572,165,213,6.320046986336276,-3.9219188999745156,0.5381159417705238,0.8633633495935908,2.333059104303081,12.360573739549332,0.5552911123864873,5.001229759352408,165,213,7.624273144976025,-7.592850174389197,1.5528141128535056,0.8329288079947362,3.650924382773329,5189.516188367097,0.0031774461539680926,6.321876292501185,165,213
AGZ2367HI7GZ5GRNZJFGG3VMPZLA,8.134579630630588,-12.662498525747798,2.0137345241131612,0.8135269061980107,4.054670351146617,3529.749725528971,0.0056017984587970766,6.123563175829378,484,523,6.5495753728140675,-17.93790558687473,2.901389054706417,0.7668519572735105,4.433912624335044,11998.459806144005,0.0019679448351613434,5.927028110514181,484,523,6.783952219645766,-4.400997122070528,1.123879549928328,0.7656418667427528,2.4950427023651907,8.691732889893345,0.8995287981158118,4.5873137938365645,484,523,8.70614892172724,-8.906943097258107,2.4654612708732118,0.7643660660181477,3.8508640144532786,4525.673638748301,0.004012948302143161,6.066176368011266,484,523
AGZALMFGWGTHSFB4LFXNW2AECUEA,8.177283827801695,-12.490792512319574,3.1019350174368467,0.74103368834471,4.269534965866869,3548.9628250080964,0.0062745538423325045,6.054949860038787,153,166,6.168367993440358,-15.663664574636691,3.474811644082329,0.7438552041760952,4.746692157270467,10246.022675221002,0.0026298879710487935,6.195068255963546,153,166,6.486200497678061,-3.6425882014113515,1.263008593977314,0.7354825511710819,2.518041631274196,11.10332694619223,0.7206413042135957,4.647121021578039,153,166,8.662473980631797,-8.010515784661983,2.8885959362667215,0.7794043050063411,4.290327775668322,5798.548348078271,0.003921798628858178,6.335488963101085,153,166
AGZC734FUDTRUS54AWY5NO7XHCIQ,9.185272923339625,-12.562368017831604,2.6461019179805545,0.8351164136243427,4.755199608124193,5221.960970237213,0.005255198471688117,6.199276852016527,204,206,8.032935182076093,-16.71261562705501,3.5171047318285775,0.8252125575418635,5.401027756383717,16828.233135084476,0.002100781787777133,6.561476299172604,204,206,7.267980232579024,-4.331245460507092,0.8617989178223755,0.8859159187250246,3.081358419904806,14.2864497937343,0.8162252434553766,4.669885082716841,204,206,9.739406675471152,-8.330491733429389,3.1365178340398066,0.8387002874237195,4.933792437627409,6891.982165963086,0.004417998070097322,6.50776835944562,204,206
AGZIBDQ3D7BRKY7DVKB76XTWV52A,10.474034048494447,-13.772431204102647,4.2595837905898675,0.8625199573799435,5.98810968170576,5870.649622850789,0.007553432829271732,6.850392564934347,196,172,9.083553645045262,-17.700402300710213,5.974516790332955,0.8489299430841911,6.92696082919333,24687.86332604955,0.0024147906182790764,7.4660466408809825,196,172,7.5733318243296175,-3.8475265658003437,2.043543401775465,0.8584356952301682,3.9551357826320643,22.19416684289165,0.8874938126997923,5.1800499265592,196,172,10.420580299452576,-8.341145244433099,4.661477523416742,0.8604874847380932,6.111516968924769,8017.922088968602,0.005834839243897412,7.403548297665807,196,172
AGZUJTI7A3JFKB4FP5JOH6NVAJIQ_1,5.704133619502984,-13.867460843516824,4.498274688048814,0.8352959911202615,5.2475979823018815,15913.26011598544,0.002145592986241706,8.862790381913682,222,252,3.3306695589620072,-18.289719264806905,7.706398618931405,0.8442673192300714,6.9131462076400805,52304.38743565577,0.0011278774580698629,11.26334810076655,222,252,6.378664829972348,-4.082090974806561,1.0560158992467286,0.8708066549853477,2.9694664859360134,25.491032780130666,0.42933332258401874,6.368582853173618,222,252,7.572362718985362,-9.95399859315429,5.084093443706147,0.8496163702014237,5.674253406263799,17794.521123659044,0.0022489647737081193,9.513550180868627,222,252
AGZYMSCZZ5SPWHX5AVWTP64TY7AA,8.678963241804022,-12.87974586806964,1.7846930574728568,0.8533502201659937,4.322091644931484,3871.8715979310014,0.005843344036173277,6.780828373826781,189,191,6.861174618034099,-17.136798425620626,2.663804175601617,0.7959874557458138,4.661266490666593,12882.751066823606,0.0020161179747637038,6.676214786507001,189,191,6.708752239334485,-4.141864037598777,0.24762330317920894,0.9424207440894696,2.4620809576435683,7.7138482878584895,0.9723758440483787,5.246068504006699,189,191,9.257931025035592,-8.36874984335476,1.8765158185715702,0.8468502186753659,4.219008038867822,3704.668724860779,0.005859434361078577,6.936659911385148,189,191
AGZZXSMMS4WRHHJRBUJZI4FZDHKQ,7.904172882209266,-12.959796194518049,1.5885219790243272,0.8659037500071671,4.066309385418782,4292.291552609166,0.004672731733013033,6.887334307002394,1091,1005,5.629789329015413,-16.518229431798623,0.9885426696030233,0.9341038399048673,4.594560725931275,12297.050315507387,0.0021294062300696334,7.1146783182401006,1091,1005,6.633297078997377,-4.2656347783135065,0.2968959395596747,0.9488058166625247,2.602621468407008,11.898573145262686,0.7245075834727638,4.8513744180259355,1091,1005,8.546373970238346,-8.203469238907157,1.1108958246023442,0.9136698587458955,4.0421141876170665,4607.28826181618,0.004436369469057123,7.050273511869088,1091,1005
AH2DN3Q2OKAW7JAFRIYPHOUOM2ZQ,6.730776207678907,-12.730984098544837,2.2358635143709407,0.6942213275804272,3.4490664132804527,3573.9491357121583,0.004040488644479932,6.35161602464165,232,234,4.5858050357268105,-17.64448709163527,2.0281939347047215,0.7624953044496101,3.887944288378773,12743.697533176886,0.001413525221427224,6.30176200872605,232,234,5.951414104363875,-3.7857144712137902,0.49180316086858494,0.8298176927157234,2.109385206375891,7.4123937751090425,0.7186715709397888,4.864196738974936,232,234,7.677007701469165,-8.539697237766191,1.7207994691328306,0.740147098679127,3.241731424684482,3954.0436486758945,0.003265250359518002,6.258671897884766,232,234
AH2JKHXWYTOQT3N2FH5QPJWKSRTQ,9.682033935640113,-13.286354106238072,4.33566359164054,0.7899224809394763,5.263117363240837,5375.602471691292,0.006155717737403444,6.122121272715236,243,232,8.349673153117099,-17.198668047265077,4.8533349971994735,0.7951822672603561,5.850308917552139,17452.00542965528,0.002292198962944594,6.503209559227671,243,232,7.4447564765568375,-4.372928814131647,1.8316154463026553,0.7989175997777893,3.3517501792773507,16.014627495394635,0.8424894258954306,4.62617831422158,243,232,9.675264898721373,-7.993368699037718,4.062044102278049,0.8111175124885908,5.228688259274946,6278.00086440053,0.005250542693519527,6.4766141704981965,243,232
AH2SBB2BLWBT2UGU26STUBIODORA,9.916167397272828,-11.938311207065475,4.055704508438297,0.8426277818943404,5.85355471816848,5619.403478599546,0.007280522388406363,8.052651417505121,218,207,8.759331995895165,-17.30153022574933,4.1279849600336025,0.8709531112568202,6.68757483908782,21050.05799960923,0.0024562475420099547,8.606340483322985,218,207,7.221668074640902,-3.874063428847319,1.6955416165994794,0.8620063808052012,3.788826570269951,36.52746414188378,0.47501548508131836,5.885459105367147,218,207,9.871982466088825,-7.073495932857436,4.896141051436148,0.8221157025936916,5.987990563842254,9571.086882843425,0.004530660558012838,8.53963350700367,218,207
AH2SMIKK7I7T5U4AVBUQBIWP5V3Q,8.946858066857867,-13.273897468393846,3.625487711110091,0.7922224177843171,4.749056358958649,3867.3231585852595,0.006998556110671105,6.2802229420478,258,313,7.86942284807303,-17.949264898660896,4.563702380744935,0.798905739530147,5.470050762935174,16919.056204791854,0.002127501813217586,6.5704740692594,258,313,7.172832169264229,-4.353965715676185,1.6501772349928887,0.8075750022575906,3.176554463107202,15.017333684702313,0.8071977311713716,4.744408712852234,258,313,9.535749791021164,-9.178479705547645,3.6872121633531947,0.7971506951435572,4.752409923984761,8051.969592490615,0.003404693328247721,6.527467205581139,258,313
AH2XZBSDLT2QDYEFM5MQQPWDQDAA,9.290559850174075,-14.79453123700224,4.674057261805084,0.6260185764665138,4.240229191426883,3682.642258376818,0.005848896657001671,5.944270914832213,106,88,7.69577481353958,-18.80381529644094,6.535076497634052,0.60425797627049,5.000500117611594,14741.681704075023,0.002046488370953693,6.352727772605667,106,88,7.209671144798912,-4.788105058861834,3.036671015076912,0.4826604637791818,2.77916505156131,11.858088358781565,0.7868518090661625,4.5174814896771815,106,88,9.349743711073465,-9.182496467602116,5.185362427435282,0.5830797082006947,4.106345590599412,5346.2987626919285,0.003860610274096487,6.2817101582103625,106,88
AH3BXW7KLIS2VAE56UXJS2NS7I5A,9.457807727795245,-12.214254696761726,4.439683821706017,0.8312750287927079,5.485254254959542,5170.148494042503,0.007534169731654564,6.737466048200183,129,116,8.722196340087503,-18.79279257011104,6.816383700697208,0.7832028096395623,6.05101117349762,22791.757190151668,0.0020809273499449387,7.116804046624613,129,116,7.335928684381196,-3.968020197852601,1.9267603419817503,0.8325665230757662,3.5293847033550447,19.520520929355293,0.8095464458054106,5.126973917889645,129,116,10.702189126875473,-9.760879331265858,5.36199774452757,0.789677528180682,5.300783766351947,7407.858870719532,0.0049612226306295784,7.0850503053119995,129,116
AH3D2AFXD6K2LDRCCTC6GCIXTSAQ,8.659625737291234,-12.800231318849992,3.3016450562044817,0.7685535776332064,4.503041657220046,4904.847941023742,0.005022581890990232,6.906888464876437,337,317,7.642787550893562,-18.029140423239898,3.4782939746705432,0.7812012135853013,4.902677675507943,13524.800453811233,0.002153677709677284,7.087780301548186,337,317,7.070249752397565,-4.180172962276829,1.4810943140842041,0.7671902791814387,2.8600077264715456,10.797087433926642,0.9423983631795684,5.019778760753293,337,317,9.31633325941437,-8.594027122794067,2.6087229562226466,0.8165592852803162,4.313236018633777,5846.7794651752665,0.003946371428713947,6.893966517224063,337,317
AH3T7SU7USHPJ26STB3EGNFTDPSA,7.512690506503617,-11.499456837632536,1.7095123541334791,0.855500295685372,4.200630323870905,3882.331704335886,0.005446481292972705,5.806898923401958,583,536,5.1960652222857595,-14.499827210599406,1.9023484643775799,0.86796786475059,4.724007358246003,13196.271442767578,0.0020209183621564056,5.849880824609127,583,536,6.462853218458722,-3.5906942732664686,0.5428319421330879,0.8985273235011055,2.6784850358483143,10.473617448398867,0.8207575235729417,4.311919785562956,583,536,8.367089410594588,-7.802851463193221,1.3348223120519553,0.8817554634520731,4.033787882105555,5405.666081752719,0.0036303572092323726,5.815632962274333,583,536
AH4EDJHZW7YAGYZDZFZ5REDHE3XA,8.611108320278742,-13.418933011113833,3.328105870325303,0.796606263506537,4.654321620482796,4073.800187332723,0.006336114678335535,5.862300610962637,273,225,6.864146909877808,-18.05729585656773,4.321006850643916,0.7691219099245831,5.161509123791678,18222.20562192932,0.001713408420230762,6.096772982607639,273,225,7.079038149450339,-4.275938767548345,1.6729692774112825,0.7778621037741802,3.0649368252850504,14.613923547348621,0.7629763070684146,4.490003768388952,273,225,9.019840211478558,-8.737818335934179,3.788678417100878,0.7523399766825929,4.46043825242962,6295.401046556136,0.0038235979049587774,6.035104304693112,273,225
AH4FH5YNNEBXKGQAXBWD5GZS6SDA,9.08680668574075,-13.341738185228643,4.1255146792274004,0.7481214139022032,4.742051974619029,5014.788217274579,0.005431313099151386,5.912801273930848,128,151,7.737369549047281,-17.694950847399152,6.066687590095234,0.686391937903182,5.56134591613202,19574.158388853008,0.00179547358592618,6.29353018401463,128,151,7.128273285185021,-4.297847492002071,1.9643717195721482,0.7412515633469061,3.1009971379939945,14.711670039965385,0.7729117121365726,4.549860091414002,128,151,9.555709198139528,-8.924338975767817,3.8925585234131534,0.7497681715342408,4.646229683889626,6335.233366985318,0.0040445556521452805,6.035296161232273,128,151
AH4YBVO724V3BJUUFP4DBFQGNEHQ,9.211604054508676,-12.629386103933479,4.696753587813155,0.7290789678688583,4.947694034329436,4223.101363922686,0.0068727947694905926,6.244714804788628,159,199,7.9406296529588145,-18.873166724308753,5.925994926055288,0.6956046928954921,5.295636030999987,15878.256955551198,0.0021287347876266295,6.200126551142367,159,199,7.1037571257754175,-4.292085906085203,1.5543971406264954,0.7897781770789409,2.9923145159201474,13.806792453313943,0.7953219527203015,4.514034900563685,159,199,9.420120414868324,-8.41851315472615,4.304801691462862,0.7603399117860357,4.834194348012357,6714.270930960331,0.004226886815014494,6.352678079347126,159,199
AH53UV57HKNKIX5SQH4KW3DB5TFQ,8.462632759101712,-16.304143805253254,4.045289894700338,0.6697723386074389,3.9782975309550133,4262.829892410119,0.00475137884926166,5.413634689407024,114,109,6.561961443998648,-21.476329849721093,6.562358239097329,0.5267763156367206,4.480061184374621,17145.103519428416,0.0014334002333096939,5.551357261420965,114,109,7.002885394132424,-4.792696240149079,1.5942837957158027,0.7289009613750428,2.635628363010855,14.193692891326528,0.6281940867609649,4.275364967729191,114,109,9.294851900622682,-10.788828470911604,5.08285657224784,0.5394690324990521,3.8466170753504274,5486.7279946443605,0.0033821320683714816,5.635487800542918,114,109
AH5DFYUNDHZLWG7YL4M6LIXUUFMQ,9.760553937254793,-12.0734112642005,4.2879603344118795,0.7808915204098058,5.1384357407768775,5281.5072661260965,0.006144441453079784,6.7664389063321275,204,230,8.403898159473263,-16.437504230935748,5.057799710497014,0.7707911169038992,5.7056493138309,17379.714507916906,0.0023086631718784783,6.978658928075883,204,230,7.455732119803169,-4.121572134990783,1.6551839155041148,0.820835660504043,3.3423019413479964,18.958856757046842,0.738421986693045,5.183729828427155,204,230,9.67766755377797,-7.456302979037994,5.304903373604522,0.7342507931776475,4.94989201652553,5709.271096586069,0.005455991005790825,6.979462897652868,204,230
AH5ONINJRNZ674DXUMV4RMYIFYVQ,8.723115535412626,-12.130768189988924,1.7463136362178298,0.8941835476660261,4.807149694090509,5159.094638139402,0.005352158689267806,6.580227906270187,281,235,7.763378605769912,-16.33944346915554,2.8905088715228113,0.8496278300635908,5.453451499170679,16775.92218475981,0.002107368980263362,6.977265533310386,281,235,7.121772071995499,-3.9109269254063173,0.6418223893447706,0.912456418969078,3.0760474858519755,14.164218952253487,0.8239786754079027,5.020320232199231,281,235,9.414095593525778,-7.670506093850876,2.0723848204802606,0.8853771726239491,4.912982958766857,5739.39932798659,0.005084843970437773,6.971732739328152,281,235
AH5VDE2Z5X2ZBRZ3IYMSCVW7ZWFQ,8.785218063886015,-12.228603464326726,2.950573027723366,0.8197509520121322,4.80852957768132,5238.6125878420935,0.005310684966767511,6.402013416416361,238,247,7.293213175541768,-16.566317906759135,3.7409857927005374,0.7991473026212582,5.3113074569704155,14742.200672473504,0.0022895587477951883,6.7020113789193525,238,247,6.930121365015993,-3.7763572290119676,1.2430500191833502,0.8356550324382218,3.0861288942341485,15.497819540035803,0.7388530258073809,4.769304722828866,238,247,9.526312007613194,-8.436028041721785,2.0921699642200915,0.8736165149239363,4.638840498799428,5033.509909196319,0.00523597870294174,6.56623677201367,238,247
AH665SQ6SQF6DXAGYIQFCX76LALA,7.074079265879981,-12.571775860760946,2.0641913671704923,0.7770229481573903,3.742446954989833,3882.261175230647,0.004298903144596838,6.9983969811626086,519,535,5.411432513244493,-16.89699437162148,2.2334297618198753,0.7854975035675089,4.2320746347972,12758.23633949933,0.001610020538886974,7.243846772319555,519,535,6.413471152032497,-4.149531958909036,0.8775679701839252,0.795448887480606,2.437683540310271,12.010539690833388,0.5951469444050581,5.221384879609085,519,535,8.175999294671755,-8.316950774961908,1.5298522990866144,0.8406779505416577,3.692879530563681,3361.6957546359013,0.0048476442783304185,7.246878695172666,519,535
AH6TANNCBRUNECUZORQGW2GZLQ4Q,8.433143192019124,-12.35181621420781,2.5813040686351205,0.8565615586427694,4.801327412614372,5231.651107251775,0.0054714519253174655,5.881337042597009,164,165,6.7791948184241875,-16.603943542183682,3.9859279473633342,0.7960662669341458,5.189940482519693,19138.676516311312,0.0017424574238207207,6.103508997865109,164,165,6.796605424715415,-3.6340744508981073,0.7581372878503649,0.8949491973083203,2.9866557111737233,14.605215009239682,0.7470875270388507,4.601087398668018,164,165,8.919030110630848,-7.395826146334242,2.3831304305705254,0.864529480286209,4.691029368724385,4633.367542777343,0.005887328909142864,6.310418473524024,164,165
AH73XF37K7J2NQJZCZQHBH4KHPVQ,9.58783891439705,-13.371394080915444,4.49932882868311,0.8095039712605694,5.281838919843246,5816.256706830648,0.005901559806053023,6.795165285296913,127,88,8.783926363436708,-18.511132949345754,6.898935015230733,0.7363148910469417,5.902930371054015,21764.029433455085,0.0019211683722455371,7.587916712099915,127,88,7.2015994789021045,-4.277680287516995,2.8645647229138573,0.7003716988423186,3.2802433899189434,20.666247851792395,0.6517059878659031,5.147524227591013,127,88,9.526876849872043,-8.204581035217414,3.098697548403765,0.8799609187637251,5.247970739255911,8049.072427320006,0.004321091093563632,7.3307371160058326,127,88
AH7E66O45SE5D4T5WCFQVFTLRGQQ,6.3549044273456055,-12.699240867806326,1.3633923352842225,0.8254101367314165,3.6370700090146766,4180.565372470312,0.0036374243523990767,7.080261429112006,237,216,4.595335041651439,-17.50737113966555,1.7967219626670337,0.8065936078984939,4.068660790733618,15246.312545698604,0.0012480535096944722,6.95474564661599,237,216,6.2516142712375995,-4.503728327456733,0.8023917975054,0.732564463362494,2.131811830794269,9.241830866442493,0.5819381265098249,5.204351394604943,237,216,7.618014129504497,-8.203524649075641,2.0765658437015033,0.7117375746372845,3.399510719578427,3622.960626735817,0.003738240708871001,7.0423305984892925,237,216
AHA67Q47N35BIULG2YNU7ZA3YEWQ,9.191693263323536,-12.877559858989839,2.66813841701543,0.8878993128756878,5.250021063252167,6223.531205677319,0.005653878262778159,6.393297886602725,158,154,8.089717922770145,-18.14520615692913,3.8651894665746744,0.8644955224680986,6.105656849065143,23959.165650924526,0.00188874912294441,6.980203846562855,158,154,7.273877371044154,-3.651755465896915,0.8808327045966976,0.915966343049895,3.498172923128829,15.626075633985238,0.970609292273705,4.816284834795855,158,154,9.763602976296253,-8.37295265115478,2.791948654227942,0.878235715910062,5.215709979810448,7540.246050666267,0.004535066251533132,6.628294296003835,158,154
AHAFS4E6NJTO64CTO5KBPTN7KF5A,10.347501915186346,-13.79991803427218,4.284866651459748,0.8170497284738326,5.4395909888384715,4359.585786062098,0.008004942120968863,6.98636357941479,228,233,9.486894388082417,-19.051837107753197,4.757390141388405,0.8342319520064111,6.188295213859663,16773.752681029102,0.002650229757488777,7.258925468525134,228,233,7.500258659062007,-4.593092252901777,1.8976580014622004,0.8189129343547389,3.4372090181043125,16.27979137497142,0.8849782575374003,4.969158765127833,228,233,10.045144659734015,-8.398551225316517,4.160287703998693,0.8269505952453972,5.500815927995131,8634.347279676467,0.00409063039071923,7.354451346647808,228,233
AHAOL5P27IYGX3W5WM37ROVIJJLA,7.851538603326749,-12.891087100743738,6.070646762004926,0.6335223529866899,4.4660097815508575,6101.374105662316,0.004131120190424172,5.596478922112149,88,85,6.357413421887764,-17.328137987796193,7.193661203238884,0.6006039166830681,4.996904291728163,24106.116164934472,0.0012894120469612305,5.726429549743235,88,85,6.588745975965834,-3.4301481325645136,2.654498072888131,0.5751417221808799,2.8072107550013983,12.000973823096844,0.8121565296699802,4.386582557884053,88,85,8.582035303547567,-8.065142776094426,7.023371620810667,0.5695011415766418,4.308997113300945,5738.9584410823245,0.004163035459996591,5.562241848184477,88,85
AHAPQT2ARS3JS6RZKGJT6JH4ZJAA,7.774732851825953,-13.247272406093236,2.376676554177197,0.7406680978756236,3.89536122689586,4275.107565226163,0.00416748738238558,6.417579061728576,186,178,5.574708770377616,-18.472600845566724,2.503557555669285,0.7564363037646933,4.238468261029922,16885.35752541374,0.0012455675600450049,6.3179563105265455,186,178,6.472472023770414,-4.3488755553439615,0.6964889170605114,0.8057167180737983,2.338022664034655,8.52745862658672,0.7447532932364991,4.738588527107887,186,178,8.50004348922409,-8.72907726082107,2.3411584915995496,0.7257368141172098,3.621476968090436,3573.3342429219306,0.004382320497523908,6.293214165674982,186,178
AHASHJDTECMQU5NRAR7EFO2AESGA,9.01897933866713,-16.656826577591158,6.443615860410591,0.3525704595559972,3.927687033277843,4218.217350591608,0.004249619734881406,5.80849234419916,107,123,8.663834148236802,-24.837981819459323,8.264262170347155,0.3016785290105414,4.416643895531069,13123.073054292787,0.0017145196604947087,5.8136467117198505,107,123,7.024806776537644,-4.953891309156483,2.449114651915578,0.4764620400794971,2.5551770153059956,9.298431383005065,0.8262427563776544,4.543737010928946,107,123,9.400328959921671,-11.023581430208957,6.007781956710388,0.3884171605834228,3.7879223030413685,6631.356595231892,0.0025230566104230065,5.881605325357348,107,123
AHATA6X6MYTC3VNBFJ3WIYVK257A,7.171990303925796,-12.042966884342402,2.2459738961837474,0.8180763282280132,4.09885617692059,4934.612456933747,0.004286663026728972,6.087214959947076,221,196,5.788510587685449,-16.825179294514793,3.343996893704048,0.7836920438219228,4.70366079545332,17865.699201605832,0.0015481920109498106,6.2718877332273175,221,196,6.723655291959559,-3.988347413366712,1.079217197428275,0.8166417186697233,2.668767954969543,13.75206888210244,0.6739117485405713,4.648544066007074,221,196,8.350223385120081,-7.997143587340866,2.062009339707981,0.830472840413834,3.920877689109911,5165.790183023681,0.003881060587724279,6.222119344626278,221,196
AHAUPRV26D4WPQN2JIJUWUZQM7WA,6.336027131554765,-13.428328451253046,1.5346834160390608,0.7809946794365075,3.437468134921767,4589.523894098847,0.0029528214782188573,6.438194862068885,183,204,4.162218777232178,-18.328806322225756,2.022871824929416,0.7386503850308458,3.7592155309100628,13404.95332462773,0.001200256893907965,6.428032168535503,183,204,5.8132565811002745,-4.473562668659816,0.5766521249477223,0.8088811817045751,2.0944961576512755,18.005807880428357,0.2801923231023556,5.018839967287075,183,204,7.507230889946707,-8.594386138201452,1.3690902844515025,0.7906266280208364,3.2499381380716796,4072.2770737716774,0.003076101990322799,6.5017000769506845,183,204
AHAYJYTWBY6A6HTPQ4KHWKD6X7RQ,8.649949002748206,-13.925909824533884,1.3153526350117755,0.8726832142790626,4.026300535416221,3393.941848768667,0.005785507389219077,6.146852623332641,327,349,6.726520009397491,-18.351070825609902,1.8107394214316088,0.845774780117898,4.419618530045733,11613.936179382286,0.0020113326151231735,6.072212702352616,327,349,6.774739167253293,-4.595566099142091,0.7288289179827773,0.8408793367115855,2.427584604512782,9.880710777179623,0.7571862312293446,4.619862811529736,327,349,8.77878843926244,-8.759705815976975,1.9384321956680015,0.8035820780665964,3.866782077048288,4355.693392273331,0.004153365200149681,6.142976702597033,327,349
AHB545NIBWW4DV23YOF6NKYQ6NBA,7.755123913467725,-13.233237937307644,1.717392865791157,0.8291314101086964,4.027633937973644,5001.030576802162,0.0037615125984433316,6.567875492452422,323,272,6.1293165285176165,-17.436543373301255,2.1109120761911524,0.8115475205054761,4.4217128535720525,12351.851725451765,0.0018197124479861764,6.58633983832101,323,272,6.778212027822398,-4.801406964982299,0.9552251647509271,0.7481647813771515,2.3554408395936073,8.49930201194378,0.7835278183454678,4.857379773817496,323,272,8.695714479534043,-8.974786621541424,1.8053971210900168,0.8158879517310721,3.8060006428191597,3982.0309096822543,0.004346045792766274,6.494367057368407,323,272
AHBEI6Q4F4WHRIFK5CWQMRVPOQMA,8.850512262382848,-13.888648725786984,3.878200554986744,0.7559008793711196,4.640931454101402,4927.115844240207,0.005167146328085948,6.001895765982032,146,145,7.546351561269984,-18.97499949227234,4.201918223129931,0.7746380641991198,5.143419415289066,18192.736087165627,0.0017147567047721061,6.055551166315461,146,145,6.89207706524409,-3.9719692757940392,1.781804998805384,0.7655276620070632,3.0372903025820652,13.648784291423489,0.8100490958673479,4.536369144653895,146,145,8.87282651105279,-7.624897776286487,2.785929687954512,0.8260380825272073,4.604625813332792,4676.122018428286,0.0053655566319834895,6.200325657323586,146,145
AHBMKXIATNDG7I4FAAAQKWVLQMIQ,7.271344762806426,-11.983403112397202,2.544865993362444,0.794708481688399,4.108474548074526,4646.024745345543,0.004751390419078208,6.028156801974682,106,86,6.098069726235167,-17.324298440266627,5.186864508917866,0.6384106211213103,4.532594612204819,14143.817910264866,0.0019627703892038362,6.117284446667997,106,86,6.194735497587986,-3.273347358053025,1.0394464858486034,0.8003484185688075,2.3967533358893363,13.258952564248133,0.6221145764606095,4.575726666640045,106,86,8.400044083852402,-8.13746967377507,2.580347941922654,0.7994538344659331,4.043012111577568,6154.869839748434,0.003621994252722049,5.945667973323469,106,86
AHBOMGFP5PDU3LEUVNEYYC6JWFMQ,9.176996669729203,-13.275433530479061,2.8862705554597565,0.8400838736588047,4.901263338374199,5460.820808646763,0.005270690165798628,6.085350903441987,151,150,8.331699735338743,-18.48234745837968,5.326366049039073,0.7616542309952063,5.477152204781948,17377.61895571335,0.0020944506059343694,6.352461604195341,151,150,7.052268603314156,-4.221592888043238,1.9218218717642332,0.7775063989859967,3.1480170507886607,16.85299119901435,0.7199864259961486,4.59185036262669,151,150,9.25494169452537,-7.8151744593798504,3.5597246391146147,0.8294086019048992,5.013291933063861,5807.777369717384,0.005283304263016694,6.490776709648272,151,150
AHBQYAFF3P7663IHYQ7KCE75NQBA,9.32202540568449,-14.691154575763065,2.922381984701749,0.8246875076098511,4.760577893296077,4540.306218667563,0.0059147032258484635,5.828547399191319,179,147,8.460956197110532,-20.28267788891448,3.5597876138040645,0.8262933355590731,5.3971254367329795,17059.111717450378,0.0020138123492811338,6.082836062744682,179,147,7.245321860345893,-4.424482270253893,1.3177770640208746,0.8420443573639869,3.181411191173461,15.717309401125142,0.7798678994017711,4.416177243010006,179,147,9.714950106220531,-9.403361745811859,3.0441105145072096,0.8261418607723127,4.7537884219026685,7018.758800473965,0.003864874731899376,6.095302187899429,179,147
AHBWAVRW22FT4GAN2VTWYNAEQFHQ,9.693638812017015,-13.393439067620355,1.8712897829224857,0.9117509806498921,5.215140403206057,4522.664512954502,0.007284167955033436,6.189840624993916,279,279,7.983456928675778,-17.822786754618868,2.746539393174674,0.8872812368819688,5.834447285315305,19004.524106234327,0.00210449836301854,6.392080611196976,279,279,7.317315690133928,-4.2381724585567,0.5942785553259189,0.9366880470323854,3.323708820096452,14.901102389948838,0.8915046850423516,4.6541352617180705,279,279,9.618551502312144,-8.05261793252073,1.7125773971915195,0.9202540573755543,5.195210668231747,6413.415424051918,0.005055401246982183,6.5220668809736875,279,279
AHBXTSYI3ZKDKTL7IRBFGNSNR5YQ,8.810808910050813,-13.523143256053855,2.484183588775878,0.7918621377386088,4.257363243545182,4007.0310463509286,0.005386448978693759,5.947862994081415,248,225,7.348081134692792,-18.383535430266686,2.6195013903157065,0.8109888136347523,4.689726309454661,14462.448521765216,0.0018409356609242165,5.903825668337455,248,225,7.186015661859508,-4.974747148399776,1.0117597575302628,0.792054641856813,2.5910908023140524,11.809131428879185,0.6967923303126501,4.553701247534648,248,225,9.159527403811362,-9.098963549593083,2.4525243278174886,0.7857386187059789,4.062216727974823,4546.553044828561,0.00442338423125125,5.967960667574254,248,225
AHC6X7NTYM3C36TZF7C3K3Q7HDEA,6.9080114612719346,-12.485973652474437,1.0578076824702403,0.8702221554734666,3.659863284941226,3553.1232027221986,0.004376019647342935,7.012827497408924,334,348,5.031128150291778,-16.261698220527883,1.207752467870055,0.8719793484471611,4.07944668931372,13058.016355983722,0.0014911243427957667,7.076219771706976,334,348,6.365606767887093,-4.272974843315388,0.3063946835326046,0.9159668797501178,2.288909276935923,12.69865624339948,0.5025036644903061,5.245307235661788,334,348,8.202950935089639,-8.81630096838248,1.3568280390233904,0.8214624205619724,3.4160838235357742,3757.802806750879,0.003714400948703106,6.9598696232291335,334,348
AHCBHETWEWAL5ZJTZHD4GA36CU3A,10.064726373402324,-13.070704678594645,5.468890967063551,0.7442130126729245,5.447087969080598,5134.415962989423,0.006781349480700923,6.989933456331165,215,214,9.170029975068086,-17.901886694102156,6.7851237215957285,0.7417020473946403,6.108154820274068,19289.74454385325,0.002287787419292018,7.581587888661874,215,214,7.373374413512802,-4.087492937932132,1.7070796027014172,0.8252008091967831,3.462459572168782,16.42594618533923,0.8754438720201788,5.338319390910785,215,214,10.11972739220946,-7.96526203698464,5.210554939023573,0.786043444550367,5.545902308205396,6576.4111888276,0.0056218057484410215,7.572815124589704,215,214
AHCJBVEXBM7TIHUERG7CKWYCL65Q,10.079669682397645,-13.145170275204917,7.9113771401234905,0.6204774509822018,5.455965512336486,6855.8638446483965,0.005121969332068674,6.555598001124831,100,102,8.781045222550402,-18.51910846626226,9.074769176725814,0.6463486066290268,6.086388100722758,22538.302965559727,0.0019161300486039182,7.094527877372078,100,102,7.447300574144201,-4.286730964590902,3.3849581224437824,0.6269358610711535,3.379623330172335,15.444092758165434,0.8671626340481852,5.040795476369109,100,102,10.253122466297167,-8.672697901499662,6.679165182526959,0.7328363712100079,5.709900853656593,6796.60788354251,0.005593341820206797,7.295512752906638,100,102
AHCLVNN7XIIJQ6AMCQJ2VWXBDPGQ,9.788482039261124,-12.883094093177755,2.8655132558113148,0.9001467121923165,5.7604411395402435,8207.469679983227,0.005021060973101308,7.11987748501629,122,140,8.800085985010499,-17.847806619587306,4.0613945725807366,0.8720595148664736,6.35668787003824,22582.900456161533,0.00212064174765728,7.595697300383215,122,140,7.355787125547224,-4.331632440335853,1.520871171693193,0.8788353676026194,3.7059393937604526,26.21272733379981,0.6355759259805563,5.272808590309537,122,140,10.07884362587553,-8.993336203697606,2.3839076638898615,0.9195103258818609,5.715292368102396,8554.256641237986,0.00469241380951723,7.567386488629414,122,140
AHCR53CDYDQAS6C5TZXQWB4PWTCQ,8.083040727473676,-11.8266088430603,1.4358349739073497,0.873807639361809,4.266210625425715,4045.2218687509535,0.005262909806893921,7.042957431659274,1269,1353,6.095064732463304,-15.695785207178774,1.4238542614061684,0.8811415531479516,4.510820843803849,10962.915338538858,0.0021502801943873353,7.190269209222848,1269,1353,6.566207063649737,-3.823732718432003,0.737892610481512,0.8512253663203466,2.6326238949700236,12.300664360419852,0.6685793873022706,5.215414142589259,1269,1353,8.616057975478274,-7.741442720900552,1.214271607924908,0.8870443011781826,3.998817771272784,4038.8190414431074,0.004713755932117632,7.235002508129472,1269,1353
AHCRCBG3L7SZB5GU4VMFUFEJH5TQ,9.462140470251278,-13.42827051613091,3.991226799516479,0.741972775541366,4.728319958938358,5105.986548468664,0.005312245225537912,6.269160443154986,192,237,7.743987422060457,-16.80818380361695,3.8241728735563045,0.8069674305174089,5.399171066934017,17283.356809647426,0.0020509375273885825,6.377419891226804,192,237,7.276513461249492,-4.224617753642353,1.693361790032413,0.7608176209327928,2.9770686632368144,11.247497861619633,1.0041058292155414,4.676622146309215,192,237,9.683720082783903,-8.628635501634303,3.551023598970763,0.7625024756081605,4.55275816437686,6444.8439767115415,0.003921047216532284,6.312962934569777,192,237
AHCWSSZCQBMGVHJZN4J3K2NBCBBQ,9.887777803448397,-14.049494839572237,6.148305661548727,0.7339035594187391,5.175415827170161,4229.80016239305,0.007976235014142768,5.900530751416625,137,123,8.293969358594826,-19.2710411537785,9.048489639591663,0.700841685971177,5.90820448185241,22359.186262987678,0.0019687700451954367,6.071320482518937,137,123,7.408357080846127,-4.58056540078108,1.6324085144194629,0.8357604796422388,3.3018872891929565,16.888643863161185,0.804759052928583,4.525917959378146,137,123,9.832723529785538,-9.028985385560809,5.283056468070461,0.7548834793931921,4.932316128069113,5404.2373783596595,0.0057311475594339,5.9453863701325265,137,123
AHDEEVJGEQVXRHOX3HFG5Q3F4ZRA,6.646692392294221,-12.915698731561559,1.6673871987888684,0.8009231474224247,3.721224146342711,4008.843570617664,0.00392145738998901,6.332041169297304,218,181,4.601084889719316,-17.290668795494454,2.4949390391761663,0.754298649913548,4.282817068463509,15319.709563028251,0.0013244858368583734,6.383347682766324,218,181,6.34089755415462,-4.243463352797209,0.4961967441503351,0.8610052308499243,2.365376980584332,10.529249992532721,0.5962175666396303,4.841556467515707,218,181,7.672598627650952,-7.952993383348987,1.487490520692326,0.8079110561481713,3.551167236229912,4163.17144774823,0.003424954729760305,6.274137263520764,218,181
AHDEQBPVWOX6GCIHAA5O55N2QJMQ,9.465450359984654,-14.733537996488002,6.467899389124713,0.6135131768379546,4.869239636715253,5665.97412414566,0.004902907046900675,5.867456602446165,192,174,8.376762691652871,-19.94218371386507,8.0265023354256,0.5813615894083968,5.486789477649483,25462.079179710836,0.0013326160185928866,6.21745237905731,192,174,7.45958461719302,-4.996247420761986,2.9269410008471994,0.6110589539688883,3.0923165866681046,17.184067420531964,0.6543331878475366,4.434623769313313,192,174,9.678012073661437,-9.286775350374398,6.357424030456301,0.6287405228248848,4.864942646060858,8079.0794856299935,0.0034082645265189346,6.135517925850397,192,174
AHDHCALBCB7CJPXRW7KYVDF2KKQQ,9.45081331016886,-15.899982435513827,4.531073510810388,0.7077068928401288,4.5758965105059275,5708.649694057128,0.004371662399053342,5.620362805573986,155,158,7.699722269395835,-19.97653459949906,5.0623377542288335,0.7228525311717403,5.194425011586343,15926.279010652182,0.0019880383050583654,5.814214946027085,155,158,7.326825003441831,-4.7644705073833356,2.1565923335269512,0.6839222883769597,2.9623697872487766,11.564882688941738,0.9026084069411066,4.365446473614677,155,158,9.500074870891746,-9.53203271421939,4.063191188364141,0.7408338217313233,4.532313670485267,6459.106093744365,0.0039060918229809212,5.76624475710043,155,158
AHDNBD6BXVJE7DUHN3HPT432WRDQ,7.672442439262228,-15.758338634673636,2.5451066575309604,0.6542919396726032,3.4356754145514756,4780.057328925952,0.0029304305508297346,5.914228956094043,120,141,5.978170952649552,-20.000273688408193,2.5416306336500534,0.7148993752436286,3.9870345531290443,16408.120938890694,0.0011220117475909432,6.067778127328239,120,141,6.6254652256406406,-4.599956550159509,1.1512208756452849,0.6469093383568318,2.2418571516801533,8.463100258992796,0.7153192044887429,4.658899968650195,120,141,8.893599314023549,-11.098691979287986,2.81507582686678,0.593481803767796,3.3085059679188458,4352.346664609405,0.0030093731576567922,5.978944798568187,120,141
AHDY5AR2HZ2ERNZYAHL4XNP6F4JQ,7.059965994880589,-14.1663695214352,3.052703290686263,0.6302240151249431,3.5967450918306323,5213.962953234876,0.002993457678681647,6.069456300721459,121,128,5.0784836947998,-18.160762472638552,4.090889122533626,0.5732953325362391,4.01532372248116,14516.285949906522,0.001335180532959104,5.925090581183893,121,128,6.174522136281755,-4.033072379722556,1.4983648420109046,0.5512060195631134,2.15966182420278,9.289969674183332,0.639614683740736,4.594514506590809,121,128,7.8283088645678145,-8.288932407388343,2.9686479046340932,0.5981819118830713,3.3819562751058143,3164.413108804125,0.004389029322059188,5.989807358715773,121,128
AHDYWEPU7QZTV4THNKEIDLINVXFA,9.516417741120394,-12.822323211100715,3.6003326507805515,0.7688113849844405,4.7984638416235805,4113.152257663347,0.006634648045669412,6.79359537407407,567,549,8.13987905541859,-17.477967723081974,3.699848720690126,0.7897277572063901,5.186438552779848,13213.844857246153,0.0024363257213923556,6.941916835480001,567,549,7.218818846066173,-4.1977704598493295,1.4689889616252865,0.7996422102727808,3.069241427897312,12.427887105895856,0.9257755463536436,4.984474235893531,567,549,9.685300214115669,-8.240691135197144,3.5662795490536836,0.7743481707939444,4.677871999762813,4866.736767293368,0.005484956770348701,6.925872767963959,567,549
AHEDV6GYYDSJAT5GYDMXV2N77SZA,8.87996159881778,-13.867496812097171,3.289717826731226,0.716252320019941,4.298366829686312,3813.569267517036,0.005632044946601957,6.621527130969471,309,304,7.139510543839346,-18.206445094949164,3.871413259012557,0.6970200554573028,4.5979263558218575,10120.041675788721,0.002471229812616715,6.602951952881651,309,304,7.182560677726147,-4.605859161137386,1.1698908700900623,0.7741143794939422,2.7047984286121114,10.06447657855554,0.881361766941549,4.983331335493721,309,304,9.192329701510182,-8.735253894052226,3.1655420523967317,0.727542463887515,4.1108413062224916,4575.429348161009,0.004473707658821305,6.715461600983257,309,304
AHEHLZUNXPCYESYZNAAJXKOIU6GQ,7.528152314612606,-12.157385875459509,1.3840899919147056,0.8561749081475529,3.886324340177896,3586.668270824824,0.005143787337453885,6.229056033185201,307,311,5.747518434013141,-16.99008353035517,2.4405028366322172,0.7755166565445389,4.3065347248045,12866.663868985226,0.001720844335664417,6.08970152287922,307,311,6.603806049957507,-4.238299010739786,0.5471073498676932,0.8649044792187486,2.374535029634085,9.508205559941421,0.7467385961736874,4.625456470921616,307,311,8.313130161290452,-8.080579118114818,1.2840510201467183,0.8663749391122972,3.801194826641629,4573.300128083585,0.0038810649802437916,6.199443496416658,307,311
AHEK757U7544PNGSDFCIKFN7NZDQ,8.277575666184514,-13.25594317165825,5.785214930270969,0.6982078254362244,4.896342498231605,5481.677154465449,0.005251144197304925,6.107648056220135,227,208,6.080196937519479,-15.965995546827848,9.185798560463617,0.6433144447097765,5.676071175836351,17164.108549092824,0.0022646861504738132,6.148193197522312,227,208,6.874716709499253,-4.0171485380579375,4.075525710147643,0.5805860459205188,3.2087895471352854,18.120609468040396,0.7110046988800738,4.5124205359309775,227,208,8.723743435857301,-7.739712870191173,5.365978040010948,0.714395080341794,4.821711962496952,6354.227692453341,0.004368006627101208,6.099283848958314,227,208
AHEKQAHVNYETC2ZEUGADNIQ5Q2FQ,11.220620249860183,-17.919910639014105,7.725790281455625,0.675406070426151,5.390882639591592,9562.280616867962,0.003840040880825538,5.708457699498997,105,137,9.90742368619893,-22.630421617608757,12.173822366343662,0.5755944399014095,6.0101860151623,29139.088985306244,0.0015994256962906608,6.186688511658747,105,137,7.869734044960875,-5.3044492688172875,3.2204959715891914,0.6803562555897013,3.4974123399225863,27.585547877988304,0.5496511454680828,4.490820469993542,105,137,10.088227566330831,-9.789263335464312,7.58625617222484,0.7144307018073908,5.424509740169182,6797.794669309735,0.005607484580225807,6.058902983552294,105,137
AHF2R43HMV6S2J42LN6NLQTRBLJA,7.273599558156482,-13.786258682410573,1.610337667281599,0.8310759643868264,3.8957189299398847,3282.075190948862,0.005291540836788701,7.240357327484353,197,159,5.692678305878759,-19.893427492192203,2.1704976186354226,0.7916929207074827,4.073519941866361,7475.928822568866,0.002543102305758911,7.234723622000517,197,159,5.9411947464773105,-4.4303910807703115,0.7519894287029026,0.7572265611876072,2.046304283541163,11.131134108030583,0.4617890272987911,5.242607126808207,197,159,8.391312613533204,-9.409949643121829,2.0730547901110286,0.7445978432607754,3.564769806451497,3450.4370847652353,0.004275362981541169,7.027897751075999,197,159
AHF7W2GQAELHFR4T4J24EYR4I4ZA,9.456491154107287,-15.204421254660602,7.216383575806737,0.5697665694775527,4.769645287533425,5641.1364523146285,0.004698507407232531,5.891704175824096,98,94,8.118701040563042,-20.528488247479373,7.560687622525851,0.6643906451908339,5.639911515973507,17454.242679379804,0.0020879227990174684,6.505643684319548,98,94,7.294269114383531,-4.52692090894586,2.4336276369652725,0.7232367685975356,3.3323116088301137,20.664958965522313,0.6139810861667137,4.58476027124583,98,94,9.756497825770738,-9.638685842857202,5.548660541184525,0.6802381676196074,4.787439988470997,7085.5426471565015,0.003809555836986809,6.20454899680488,98,94
AHFJDIN4IJQSW5KVUA3I2XKUYP6A,8.530472637706312,-13.054937795402184,1.6238509338839295,0.8902905071560394,4.604437814627294,4006.3975599954365,0.006199408920544834,5.9291340689311145,356,372,6.6724130904586225,-16.62525113782215,3.1579642652321964,0.8320326384671398,5.293563721574005,15153.145734254162,0.002143685236082322,5.938459786726271,356,372,6.8983508517366765,-3.872854187019095,0.9850969611449693,0.8615501690176501,3.024329146960378,12.555316971001272,0.8555474093028181,4.4476632948606,356,372,8.866249242393769,-7.637510622928951,1.8592957628483078,0.867860891396134,4.506230413677436,5079.450576413969,0.0046949042731767535,5.963587739139484,356,372
AHFPHVUL2MZM4YYUYE2ZQOTRVV5A,8.725315117712503,-16.187898244031107,3.3422671389486642,0.7095406092871885,4.057316019720879,4684.0688323085915,0.004165327844093821,5.570240844190786,85,86,8.300909758205757,-24.39232820556231,4.983100990778086,0.6137856770316329,4.5166450346763005,21197.07375537266,0.0011181713006337296,5.848811244426573,85,86,7.033602744095339,-5.436822518557574,1.7705244522761054,0.6410802804871747,2.5546925535741307,12.929466301909471,0.5957276340679114,4.3989140180856285,85,86,9.23075563193325,-10.38079366102542,5.55125085595731,0.49715385366351905,3.7942499431741967,4197.647159863391,0.004241126747719017,5.737507547959466,85,86
AHG5OUYNZPXAKJULNIA667MM5SJA,8.94267774799888,-13.717884408558719,3.0954251451516726,0.7622723307841985,4.4717609461987555,3890.2711004547477,0.006145944630063827,5.734386963858383,136,127,7.86593396525946,-19.823173564524897,5.312564589318745,0.6706660839709138,4.976861763911195,15439.43182545271,0.0019371776164455146,5.870683442550223,136,127,7.141137395427597,-4.620897419875952,2.2807654743897072,0.6112180776830516,2.7769685372695068,13.192972438294749,0.7196347584726634,4.429248328057021,136,127,9.489257943648248,-9.570953145948415,3.6344608401583822,0.7435703089305028,4.369950305827675,5197.499478788989,0.004599550916093442,5.816362031433153,136,127
AHGDVTFSAAIENYAIAZWJG427I3EA,8.097926118826484,-13.893123688464064,3.235094314193106,0.6420153120082477,3.8604232815236945,4249.776175965755,0.004106014663579562,6.662191659689064,426,412,7.112063575190405,-21.170501781451872,4.413497017608159,0.5550762064390876,4.180565739822647,13698.050996076605,0.001472198922550285,6.49877376739559,426,412,6.747733179617279,-4.920831990349511,1.848959369075076,0.47592663779130673,2.275986950991581,8.833879803234865,0.7099504287670997,4.9025967009880675,426,412,8.788688748982821,-9.648148803651951,4.193411075420524,0.4858545966790395,3.5727745726214577,4081.380171364022,0.0037403334087883194,6.538227371955479,426,412
AHGIDR4IJFS23Q4GTZ33FI5LYDSQ_1,10.550248196238442,-14.546573343615028,16.307937542849018,0.44571685269611205,6.336734759365717,8415.026690090386,0.0055953516764741225,9.129123949217101,2160,1768,8.891587352229692,-18.941233512035115,27.961861379868438,0.45771789753473135,7.714695646065448,33459.68765852928,0.002096125163338438,10.271229726854228,2160,1768,8.025049576583287,-4.391388650509653,11.751812024646156,0.3944418916270962,4.598155692982728,36.54599902917694,0.7015749785577753,7.273609482265857,2160,1768,10.340664240219185,-9.409922063206018,16.744867067892212,0.46561549086124854,6.242306731693319,11352.304530175315,0.004124166360673377,9.111324102322238,2160,1768
AHGPQ37FYIJYULFHMF6MS5KX6VJQ,8.770553371585505,-16.709571430672085,2.5412623575286877,0.7878891375594863,3.844536549044667,4852.321629397694,0.0038805869469719007,5.962396706467341,129,121,7.169907138406793,-21.880799849889897,3.617532168764154,0.7190896126886973,4.289706010528721,14971.181716071917,0.0015097569944607667,5.8275350663710235,129,121,6.917045016922937,-4.91517499981937,0.8290544870350467,0.8380612626106281,2.482959684241931,11.404307271452264,0.7016636103815395,4.602326677943986,129,121,8.866031276376857,-10.841248545186192,2.0637714248921992,0.8123317713063102,3.5922102613011098,5542.804078991528,0.0030674098236596952,5.9828721383570285,129,121
AHGQDSOBAIVAAKJFIVEGS344MSXA,9.626590724996085,-11.792142385478613,3.870004693686615,0.8595428935917486,5.68208445106181,6851.501621073041,0.006073926948103732,7.165251816575047,577,608,8.324498690731792,-15.399682281550833,4.260059787132749,0.8475343020458864,5.975225086869567,17308.88647261949,0.002669151464911316,7.511615284332232,577,608,7.272269121562817,-3.669803121652861,1.4787381124486902,0.8732303812468525,3.5612405736378756,23.12011765986566,0.7169700604713407,5.558458022375836,577,608,10.003805572747234,-7.6719378836694325,3.6089088146410973,0.8765424057544039,5.641254129356775,7554.299743310857,0.005565973522129255,7.515551549608108,577,608
AHGVHBZZ3SJIXLAZYKE3BUXRBW6Q,7.044199121561551,-14.699925341839915,1.828725396226123,0.7985762743953182,3.6804695222384285,4808.006369147399,0.0033574958439161412,6.1798951893381755,190,211,5.369608318694105,-20.10155616989117,2.4691715232428213,0.7764398056224254,4.259546791465173,17859.066995538087,0.00119077813727329,5.952205184651383,190,211,6.399070666913728,-4.320684967426674,0.6095441495424683,0.850707583379348,2.3449658212511135,13.32951487998288,0.511619016383778,4.778588390173602,190,211,8.01691780930207,-10.304658896781588,2.269345503867469,0.7133496423944015,3.436476664711375,5233.367828362607,0.0026740043169747605,6.059370778101154,190,211
AHHQSSCEFBDD5V2IMTVEPR34BVMQ,8.744123023095208,-11.407930071001406,3.2012753708178416,0.8672473975142145,5.462856039184229,4959.919904476795,0.007161217626787544,6.431274001808055,206,198,7.626221925651306,-16.191969552939504,4.683812107815817,0.8480977316364364,6.34783137353496,17744.3364680001,0.002682480201274224,6.9114726337683665,206,198,7.074774934427682,-3.7834461551206338,1.111241519465352,0.8989162722543641,3.546466494656747,20.590094979520487,0.7275667434601073,4.791567953900593,206,198,9.471301940339776,-7.845592040065906,3.166681656563902,0.8679367552401778,5.458557047801689,7508.819174845516,0.004698515731832012,6.657730077782673,206,198
AHHXS2WOM4LZ5TYTWGBU4BAWTRSA,8.343460522621928,-13.020035668257576,3.576028655792465,0.7350748033337315,4.426553122638714,4691.870009180876,0.005013493907801288,5.766833014606852,141,130,7.266704771181685,-19.620707894428968,3.309552649636534,0.7743007855361772,4.809057820414303,20404.290746022278,0.0013504170495456595,5.864426175835319,141,130,6.863839305103629,-3.9942787612275406,0.9183834743461476,0.8271653607746462,2.6954271355514465,9.484176883123709,0.9335749306158416,4.559644843446748,141,130,9.06455441017941,-7.952111072556617,3.3077633029510367,0.7686104550072227,4.37822355383045,4073.540728750564,0.005783864567675966,6.082801238185508,141,130
AHIKLYXTQALJIG5VF4M52VBALJQQ,9.477217147323898,-11.1901988077384,9.546819976803896,0.7214927278944623,6.4834761861196,8189.789786541152,0.006144899665974618,8.36754933220247,233,228,8.54480841279334,-17.00683332212528,7.258312707471731,0.7896059611915548,6.83807291806825,23873.944750002982,0.002288204606156767,8.934512709689102,233,228,7.479251729863499,-3.8987427648250854,2.3626367339486443,0.8333730045870635,4.067711960839509,26.18835665091022,0.7612821777625346,6.19661821747858,233,228,10.245838366667785,-7.966221214386232,6.177888940865334,0.8163010165958926,6.150473759431717,8250.556191280726,0.005675629278243442,8.759805404489317,233,228
AHJGZUKX76JHUDT6MKANUXRC5R7A,9.756068339870067,-13.256584421061268,1.8432083383502431,0.8710422083102868,4.6472322538549955,3424.787778620341,0.007534763568150323,7.115013106708981,318,322,8.432470262239802,-17.42936777767943,2.767549324148155,0.8258874958481821,5.146020516942915,11547.621160954503,0.0026989225687214734,7.094034279308083,318,322,7.242981240296829,-4.214297567833098,0.6817225172371257,0.8944354042395279,2.9516416266888195,11.068443128482944,0.9564485676560193,5.255956508191075,318,322,9.82978623667136,-8.16805895503202,0.8639984636910605,0.939675023506208,4.527128588277905,3765.4737010859126,0.006562568338131207,7.178014021072979,318,322
AHJNW3RHHFQUH6I7FECKWHRC44HQ,8.343735366071872,-11.757343353503556,1.6707702842974983,0.8923320694801479,4.640561092574408,4108.639626806648,0.006290234823019004,6.097233337784545,397,419,6.573636008244492,-16.12094405258462,2.4032330304693867,0.8770105841197819,5.282852507803779,14683.367197365977,0.0022374111929887325,6.04415846735902,397,419,6.954030844859419,-4.020262021643419,0.8860480541423393,0.8827761150353144,3.051355747004394,14.644101890380343,0.7608927773772842,4.538725742493389,397,419,9.074967859212963,-7.950022138637154,1.2894494667326917,0.9154355622511221,4.506985791072289,4963.872550025581,0.004948251423928941,6.064637869080397,397,419
AHJPNFZDSQAACCYT5XMAVO7WAFRQ,10.009727136795908,-15.016617537093023,5.751046616430833,0.6390332909472691,4.828304183226517,3683.418464766749,0.007234544170657144,6.153920812501894,190,170,8.820888709112047,-20.416264191139934,5.894721559455484,0.7259149860023408,5.469800454777377,18494.44138912219,0.0018894312990641849,6.40286257178398,190,170,7.55732072476224,-4.979583252408197,2.359233804189848,0.7191525736301045,3.2187702460292247,14.742245323615064,0.8288165269848679,4.63649605707204,190,170,10.260280678357267,-10.313433166389027,5.2543358371294255,0.6676316790933026,4.666212563209667,4953.263174461695,0.005118488171824771,6.253502952283801,190,170
AHJVUQE36DK4XLBZPID5LBPC6BHA,9.239618674444692,-11.788167368448363,3.355558322376997,0.7926145105809024,4.906277006033916,3879.000353640833,0.007240360838506388,6.610958835040909,220,225,7.433796157028656,-16.277486884045,3.521283746328313,0.8092465993724421,5.437563004161661,12439.28824504631,0.0026911468930941743,6.645883155602169,220,225,7.01240788488146,-3.8978220073159244,1.307530968368174,0.831470456121074,3.142476794169199,14.592069234249301,0.7993452965178902,4.836499740320121,220,225,9.497531534177115,-8.482692973822106,3.77502680976157,0.7722826801796141,4.813295305614994,7540.9325365478435,0.003607459023750922,6.751202911979013,220,225
AHJYOD56GVUHGUW6NV4US7JR6NDA,7.033494116424245,-12.454218199571482,2.8144007642966127,0.7024821015502949,3.764272784286568,3862.7344618081033,0.004516406405259021,6.463129727235002,171,170,4.404011435881021,-17.629819793480955,1.8318867932532112,0.8252371452135537,4.093971640713414,14013.266904021557,0.0014392058128645585,6.412586536371742,171,170,6.29675990580398,-3.7462726301365894,0.7928864928712832,0.8073470706745189,2.3489491951918495,10.056405984466444,0.6954073269051104,4.734724354735252,171,170,7.80678590197605,-7.721820762360224,1.6552425227378649,0.8045058385731111,3.5956888412262678,3717.2083872056073,0.004251882063763621,6.370922332904114,171,170
AHJYWQZ5PICKUZPXVE4HU7L5PE7A,7.780572793774314,-12.19946316814277,2.0282821457162474,0.7895957086141616,4.068738461494741,3973.986621178603,0.004811160213532905,6.872264197642336,338,322,5.586905564117139,-16.1549902751169,2.374420271602867,0.7791442485029986,4.390624664692569,9992.159885392113,0.00221414794618334,6.5669200466788284,338,322,6.285286062978687,-3.767986974454294,0.6018364557423135,0.8352964389985152,2.3345434765334425,8.335788830590499,0.7821122505718844,4.926792599515305,338,322,8.279292612354153,-7.802642668650155,1.4257720289381466,0.8355645257031664,3.79548676201946,4273.699337723055,0.0038908275628066614,6.7034145849176685,338,322
AHJZICZVRJWDIAJ7F4KECEIFOH3A,8.697896678414832,-12.668877432818592,1.9804458260588382,0.8715563626872732,4.439645964762165,4980.777095314818,0.005136410571692107,6.262421853956446,285,264,7.276037198840119,-17.36478753215161,2.5876723190934148,0.8559361106721832,4.90069585642091,15149.374640751803,0.002069687943570875,6.329511564576198,285,264,7.074372152825722,-4.063379819496263,1.1189440917100237,0.8522529002262681,2.9023282831931727,13.490071419803801,0.8411732487757292,4.734743296512558,285,264,9.119494998077746,-7.972966390717288,1.2347755713728004,0.9154333967619247,4.266426950138891,4295.714511293836,0.0055346456454791375,6.430648086693367,285,264
AHK7S4HWRWXSEHYJB534QN6XQ7QQ,8.445793744837056,-13.223417474618545,2.354397328934685,0.8304521501990135,4.402350731536893,4660.927038139921,0.004957577071823399,5.6741528168541615,152,149,5.8903518570917415,-15.612328191988356,3.0788994363566213,0.8180088115525703,5.0202750601903725,14632.448091070928,0.002045128113564515,5.930353532432656,152,149,6.9217905883618265,-4.46516056420395,0.8499801258372883,0.8663293703073452,2.7889165757598886,13.945802796422873,0.6891820709439717,4.2366486336620275,152,149,8.621052430752098,-7.7004896274444,2.4356122254806696,0.8267836211277855,4.296215090622215,4730.034552828223,0.00476791509072478,5.751353391362659,152,149
AHKB2DDGDMX3ISA753Q2BBM574KQ,9.028328058245645,-15.863775838256482,3.9195394237274925,0.8038842078956953,4.9290846944510225,6202.116223510936,0.0047249645024323725,5.509515347107758,91,95,6.771817727545233,-19.158054512358042,7.125298325394123,0.7218875607023505,5.791870199772781,24443.051578652306,0.001612320727922882,6.268801800380507,91,95,6.917329497570316,-4.038913719857757,1.9627372713589106,0.7806652243000872,3.2509208591857095,18.817900198249955,0.6649189115721172,4.393932608728827,91,95,9.064959750778643,-9.009231838968661,4.831152176575076,0.7574217623629962,4.981693661772327,11646.445322387573,0.002547143582835216,5.961642913151508,91,95
AHKGGFWXAEA2DA7RDLFUFLJDZCQQ,9.938268803268192,-13.738542664888667,7.181003961655937,0.7601458994585841,6.197109050453982,8463.778425428018,0.005267703563695794,8.571034356756122,124,137,9.150619705939524,-18.119251422796406,7.257110284853619,0.7865768746254977,6.915303459195994,19508.9537994763,0.002827248305034175,9.498307875263299,124,137,7.277531072735442,-3.943558447398142,2.786439196516453,0.7828177478019654,3.930380485498358,35.309848373690905,0.518535632001719,6.177553898876411,124,137,10.335861230491798,-8.34561937439692,6.579914764007935,0.8028393832080437,6.267575625013051,10267.856154282788,0.004683786892966218,9.092592961362447,124,137
AHKMC6HKGYSGHJDP5GW6RWQSTRGQ,9.64865227539292,-12.74244624395517,2.4080789569560346,0.9045748383867764,5.570565602497012,5410.80993537065,0.0068482911121262174,6.3400168521724485,388,405,8.486370249389635,-17.645741245649976,4.763694593691482,0.8362223479372766,6.184777055046648,19156.115608665663,0.0023507008463373173,6.569064458928435,388,405,7.432787541405809,-4.179609685004784,1.5161552814578927,0.8678583885970891,3.633334882032942,16.753493410735825,0.9381457933978098,4.7075594958818545,388,405,10.044797837041775,-8.838590404245057,2.7481685051669427,0.8916102916163365,5.451159594844486,7370.564684200945,0.004907947816895172,6.499548890127582,388,405
AHKULNJ7UQDGZ6Q2GLJHZTEEDW4Q,8.12285686595479,-15.067255360371092,1.9848502656230431,0.8127121709064783,3.910456938020438,5726.119707392856,0.0032830380461001956,5.880468117754793,167,156,6.410835055408515,-19.962084279578338,3.0766940401828964,0.7353553910287389,4.266991844890355,13859.489501150674,0.001619953852553495,5.934846584742032,167,156,6.457291938048214,-3.526581352580167,1.0477205979203263,0.7628705054597206,2.4650392959027254,8.172748366955489,0.9494986967089304,4.5993150907476705,167,156,8.350185171417394,-8.284802961564209,1.9872663590021191,0.8046648903117148,3.796165162346815,5026.789525988781,0.003552673729783727,5.9601214371573095,167,156
AHKXLKWJKWHMQMPU6IOKT7V7X4XQ,10.92152082843565,-16.358258411249523,6.544759034593018,0.6705552585427104,5.054073289067192,4914.104957412713,0.006425929946877794,6.044851318018302,78,99,10.348944851927625,-22.628337386217027,9.22591733496918,0.6310360674579325,5.745292832405882,19390.395313346566,0.0021237541723451814,6.31466528915675,78,99,7.576928462353992,-4.617610780518792,2.592089607876865,0.7289423400635724,3.3459772652060167,21.24181153619595,0.6571714852651234,4.59906035732557,78,99,10.41191684574148,-10.914619738965015,8.028113362368407,0.5658949424677832,4.85724002033379,8401.730797797434,0.0034624861566581464,6.364501823875476,78,99
AHL4DUQINPGMLDA37BT7ATAETDEA,9.628314246973451,-13.120876907386723,19.57246356005033,0.38554377530083317,5.72739846497846,6791.141787835817,0.00651832261274616,6.719588542603735,225,228,7.926323775316364,-16.794590397217142,19.55769463942592,0.43447519955354774,6.200359258666277,21265.22785930279,0.002397570147307413,6.68572766364945,225,228,7.295078593061921,-3.7624961623685356,7.739305986953386,0.4253608630653122,3.6203059029833216,20.169461819857155,0.8712591865227438,5.028273558457985,225,228,9.845538501064228,-7.672299987736884,21.653941259010608,0.3746622345231799,5.872065877189383,8673.157263069783,0.00546032510071424,7.1355607662570035,225,228
AHLA24J43UD2AKTINUBUWKEDPQHQ,8.448590416085677,-13.120863936066872,1.9178467136194304,0.8346997661543111,4.343634674464487,4697.231557699442,0.0046550189196051354,6.512850492029996,174,168,7.840144712075685,-20.396647182617535,2.575046343485724,0.8059408302472272,4.762629798172634,14092.135614529765,0.0018848787198515252,6.492977481715149,174,168,6.660419362104522,-3.5963154843134753,1.010200382287645,0.7972972474098268,2.64711958426389,8.676826049958986,0.9926856552978468,4.941686485334707,174,168,9.201035462203768,-8.390419475014808,2.1741005367429715,0.8198646320421934,4.2885445747705795,4488.714507806779,0.0048718058814804,6.5461316028528325,174,168
AHLZVZPQ5TWJ6KXNLADJBDZAT7EA,7.063907744382191,-12.705634220854295,0.572792943267582,0.9308021064702852,3.6686487692610337,3478.1415766045957,0.004540237336736857,6.825047883191147,1129,1068,5.243862218465053,-16.718421627234672,0.84238739329932,0.9157017741784119,4.216942838463018,12593.269287455609,0.001632845942190854,6.762747673785949,1129,1068,6.301918503456488,-4.075721262001723,0.17038027425087113,0.951372643943623,2.2541756150348204,8.934348156564289,0.6965627758123032,4.917901176515062,1129,1068,7.921688148940382,-8.18037072591377,0.7479703663119156,0.8999429628040382,3.459953035324166,3710.6441469392034,0.0038203683158367823,6.668870650238727,1129,1068
AHM7F4GRRASR5R4HCACGTBSWQWMA,4.469709268026,-13.05189315060501,1.0288568779733827,0.8046916271992767,2.98641529781694,3832.7405406087464,0.0026589151043312476,6.95586954720501,199,191,2.4411910172895404,-18.31096891833122,1.4559008109248701,0.8200219858164755,3.727220434704937,17132.052637586556,0.0009086030893629229,6.934085283308628,199,191,5.359333841778498,-3.740394255641663,0.3673116325738491,0.8534002229854025,1.9210623192664116,10.426956779430212,0.4168701830959816,5.112094533133146,199,191,6.5014268493792216,-8.434496627151136,1.3724477795793244,0.728822113935217,2.9368002003113123,3701.905544838228,0.002675582245733196,6.780780943462576,199,191
AHMHS45MRB6MBCZJ7AWU2QSHHENQ,9.085973236549215,-12.054475131095238,8.115665685075257,0.6726616741929337,5.522933506468735,6522.108900278481,0.005728724357977702,5.896994482024281,167,173,8.279267004435255,-18.114373704830072,8.4704339717895,0.7083924461721733,6.213858440889604,23979.796873805248,0.0019240306534712064,6.264597767853527,167,173,7.177659526173562,-3.938396630070266,3.1310664264522776,0.6969219961627553,3.508218609624565,19.492466405043757,0.7558274813542437,4.467373508868087,167,173,9.536005038227549,-8.266681618241629,8.75598835797327,0.6533135002303854,5.468053999551032,8431.988224459832,0.004338661140472218,6.1829240511413035,167,173
AHMOYBDULQMZKOUODA3BNH7DWKDQ,9.509229539031438,-14.112413459404815,5.202822492561478,0.769835101190078,5.221794233072307,6383.65319491899,0.005145050688271831,5.795884996306329,143,134,7.751211237757059,-17.742072696502554,4.648425110902821,0.8313428212892151,6.022735886752498,22394.056206034886,0.0019005700178580868,6.04235351287089,143,134,7.486450879809133,-4.570917426443672,2.397276285702601,0.7593313570301419,3.4240467878413945,15.535564984121438,0.8913727592560057,4.494931656438092,143,134,9.49454124415843,-8.702944381216257,3.960601738268295,0.8295246092150735,5.246622503182534,7668.312596238015,0.004355572195581614,5.986418809780219,143,134
AHMSYVI5H2GXDIKMFYR4Q2KRZUDQ,8.12403028999923,-13.791455033482666,3.6170403068199364,0.6118282571710856,3.891404017328427,3901.8082220704737,0.004587467474090736,6.426036096312198,220,230,6.01277773748394,-17.098882621240985,4.825177018493916,0.5621716918947406,4.40576537624839,13425.719151866022,0.0016767811702975838,6.281970898741972,220,230,6.758899150842502,-4.631041823614774,2.02256235927854,0.49009848954986757,2.375177577705029,9.442282127704694,0.7342052540224835,4.74934746397652,220,230,8.6379756105077,-8.536383631229212,3.69960130204536,0.5869160420223596,3.7538452364878507,3976.631619709369,0.004240722276496414,6.385670128800789,220,230
AHMTSDM7S76CXUULLBES6YYVYTDQ,6.599327528129107,-12.131267386292896,2.6411436739733585,0.732782572549071,3.9090219284677277,3792.1764612700736,0.004759362967605276,6.436944325284629,172,165,5.111831378385699,-16.57892510934347,2.708996600101697,0.7738351886889802,4.509652749624016,12667.733359301066,0.0018508253581756044,6.547125059226614,172,165,6.431408668998836,-4.047561562051731,0.7012215097022991,0.8286639877840024,2.40782834971159,11.133385775045669,0.6353524676838793,5.119268987210748,172,165,8.12542188484442,-7.565968678471276,1.8442227933475235,0.828156109844951,3.918031129570425,4102.898113914179,0.004613378234854347,6.829122558663485,172,165
AHNGXSJ44HVTEJAF4G6XHN4MJA7Q,9.19517404621491,-11.766481900960585,1.9312338929269273,0.873693608161237,4.878465419450374,4354.256295652975,0.006328919528161958,6.467107597688429,210,241,7.596472942399224,-16.058447097657435,4.369191744384508,0.7423877273944739,5.333394228192583,15599.758288650328,0.0021265914039377415,6.470237431197655,210,241,7.174604536238869,-4.176859303552006,1.4005626747590951,0.7886749721474483,2.975162142449407,11.3970924880647,0.9362398904145326,4.717262101689759,210,241,9.790158456733849,-8.11605693094588,2.882594499103575,0.822399803158845,4.801301866354867,5909.639637272808,0.004705804938623666,6.506244111853659,210,241
AHNKWCHSFDBX35B3EY6HNRBM5KNA,7.814279433864461,-13.200828279328153,2.9237919851517495,0.7827342287465473,4.232659829232878,5733.474260934713,0.0038792400050400425,6.616938661728912,203,180,5.684704566920134,-16.35374846720676,4.459484277822173,0.710574593970827,4.685614591493574,15028.995990994901,0.001826851406101439,6.732143582738061,203,180,6.59930033956,-3.6326859264641524,1.2945922531742406,0.7731397800614783,2.6996368221643294,12.774053264678562,0.7193857936983317,5.062840103618948,203,180,8.606311541607463,-8.431469391184788,2.9267534637974575,0.7857883087403418,4.098051996578525,6283.347326921231,0.0034259270311280845,6.65737216155326,203,180
AHNRKRI4TADX6D5B32WFKOWYSWZQ,9.553750005009256,-15.020189518114854,4.8501863236052465,0.7088773953893734,4.7533052051705,4504.504209407825,0.006048288570450654,5.536048275184781,75,95,9.767267156923156,-23.165068168792946,5.4455076484153695,0.7429494684291122,5.477197353613024,20132.648444208742,0.0018063569737623345,5.863326531636696,75,95,7.359594298762984,-4.389983153877191,1.598447143709564,0.7938312074184304,3.0535432297320653,13.468527040703956,0.8700443747583143,4.334744121004433,75,95,9.847480651098401,-9.896563665334451,4.54527781343662,0.770671433534254,4.908746538389568,8061.456918596057,0.0037368883490626896,5.894376047154213,75,95
AHNS4IA3FTAYFENRMTJJ2XAKO7JQ,7.86958637957894,-13.308044492594252,2.6934570508761673,0.7637603750862519,4.133718184579494,3962.0084259861005,0.005113953603775684,6.18181559541767,234,232,5.841397177784394,-16.889998979683824,2.3776899449105557,0.8227069939419671,4.663582298287889,15363.196343597818,0.0016793525908112934,6.235180824680312,234,232,6.68134551721935,-4.4861103601946315,0.6527282127178757,0.869016376961289,2.588462491748861,14.007730091989364,0.5790543362987263,4.592174605827692,234,232,8.532405053336282,-8.451806298621364,1.9772052121751897,0.8081378688991421,3.8777781455977536,4200.822774981053,0.00435807854587597,6.2402729497059575,234,232
AHNSZCP3JIOZZVYXFJRGQEKRSTFA,7.906124472706063,-12.093195406285409,3.6585798527633444,0.7718696272816118,4.547084004773394,3598.127854236756,0.006949580992303874,6.084436256437689,153,153,6.469863626274654,-17.84998665080931,5.314129688688363,0.7378422989807751,5.306057684729732,20804.05807081648,0.0016219826085476998,6.278446029646323,153,153,6.921107825862106,-4.276620370024064,1.238028886774687,0.8314984004094959,2.9541832895511395,18.13220088599606,0.5864178037247275,4.6293254636428935,153,153,8.51435131308148,-7.9447780450865295,2.6998163242814455,0.8218406495965486,4.409110223530863,6514.850605404851,0.003631784217628896,6.160125006937658,153,153
AHOB6DWWDUHGACMKP2SXX5GHTXDA,9.200097614328666,-13.861033486414502,3.3246501315558517,0.8415073100654165,5.11372002667027,7280.361798893291,0.0044298085477626975,5.5632209038629865,122,120,8.032432516737464,-19.37083728448941,4.7565288658666045,0.8225968366244402,5.893547121936342,22904.157723368924,0.001879743723097469,5.824442674571606,122,120,7.072553954179056,-3.6283739681630265,0.943752517918222,0.9028337711396357,3.304810333448402,15.685569004757571,0.8815088027594153,4.328505031449254,122,120,9.754027305155004,-9.485801638228649,3.8547661170666543,0.8209372863045197,5.0180808926505955,9341.858005724522,0.0033884981317707755,5.684854057642598,122,120
AHOCOXJ7KQ7QW6J6SZITGMFK5IHA,6.961990473069136,-14.027122114174373,1.9503449587093524,0.7385034408185635,3.377143589277773,3553.8336170934585,0.003865118587899693,6.18670961702531,160,178,5.02408120897766,-19.111600228026475,2.8365307118599206,0.6533033287573735,3.7252706408225142,12711.47853435648,0.0012964549200907012,5.940489162008591,160,178,6.338215631687361,-4.8584644630492235,0.8554584775133205,0.7153693576997877,2.0977112317981663,9.295481262608007,0.5649505050357004,4.5130991399326446,160,178,7.789487191180891,-9.344556937720075,2.0163551761238243,0.6900023915103992,3.1403880956132015,5064.783193975697,0.0023446202050306135,5.931112626133636,160,178
AHODD3PARPO54FNRADPLKP4TZUGQ,8.1576829406122,-11.980812262885276,2.723345496415151,0.7630059292411995,4.240751148436967,3996.005705597496,0.00538756176389822,6.208819025702763,202,190,6.880825475398158,-17.411268196201853,2.9124436117428827,0.7751984976443659,4.669193436692351,12578.790303728807,0.0020412502410923103,6.242300940669245,202,190,6.749416798155651,-3.992205650197261,0.8265241191746748,0.8271024375549008,2.5924466147828675,9.026982466055234,0.9033946163066339,4.810149786040674,202,190,8.987266539323103,-8.270831302715873,1.854507868427291,0.8345570651337009,4.067630784387373,4381.436309435803,0.004552234395746259,6.202058662018875,202,190
AHOEORVDRRM4NKIKRFYBA6WA3HFA,7.481646365096094,-11.170180136139312,2.8613598869054124,0.7853404896060256,4.366916211098787,4785.785856522028,0.004714754389634522,6.132545665621593,222,177,6.265316547184731,-16.721504281678527,3.0304912623585376,0.7982793537461177,4.910028639564488,16632.295831243882,0.0016886514779634954,6.327374880648766,222,177,6.81456084805384,-4.041518345007742,1.1227168850776958,0.8137342145104887,2.8525411959985156,13.852285865641164,0.6848895399154092,4.632287588773705,222,177,8.363732202391203,-7.520715368667224,2.7705078745969565,0.7973503191638365,4.235202674717921,6147.093211787991,0.003576951722960542,6.272728338645647,222,177
AHOHXQZCEU3KDM3TPKZRNCJ3ITVA_1,10.063951909875248,-14.27409729782393,4.313851351369316,0.7909221050956172,5.237277605176284,4848.090212090728,0.006653003964802638,6.592992358219771,106,111,8.849350299215681,-17.978245820565878,5.504300054764899,0.7580737097891328,5.781167849555892,17048.0391371071,0.002290272518610938,7.509191029526569,106,111,7.202507688006217,-4.275552407111174,1.7311377944895268,0.7937059834131004,3.2113781681018176,21.157351850372027,0.5857883858251127,5.223342122205435,106,111,9.748389659159022,-8.406812741629908,6.0679136763614325,0.7054552487965879,5.1169309389579585,6635.278939806423,0.0046671610575850335,7.278502682185241,106,111
AHOHXQZCEU3KDM3TPKZRNCJ3ITVA_2_1,10.79826722729795,-13.494776715648104,8.587094813971241,0.6713141317340952,5.763118502773014,6109.5570814329085,0.006584539389454083,6.754119293193153,511,513,9.856127181417252,-17.920595585850865,10.337435131870654,0.6582206932356989,6.377502811326491,17720.579682003132,0.0028224237398973787,7.421929777733641,511,513,7.777406267458103,-4.402265122015835,2.8828515218208306,0.7407503554224197,3.6251911519197835,17.604916130844472,0.9292833102269797,5.234497695348985,511,513,10.46592521550514,-8.696375354662454,8.941006195156858,0.6989918021407582,5.765815197873484,8209.777636232735,0.005143620998128901,7.21813617082723,511,513
AHOHXQZCEU3KDM3TPKZRNCJ3ITVA_2_2,9.357603426182608,-13.274829495196306,4.240783029417599,0.7319746533443219,4.637087101786492,4243.673092159624,0.006278737697068533,6.007979256079713,419,371,8.005971213418817,-17.334788957233297,4.224300333457292,0.7605948810656085,5.106854948262375,12556.02887864213,0.0025049873942585353,6.3669216393437775,419,371,7.252780840012746,-4.494599578025992,2.077887462199919,0.6879114724622994,2.965817201196796,13.325059740710707,0.7961440173612214,4.605929523382684,419,371,9.743732334428362,-8.972270662277213,5.982868019387533,0.6147362804084718,4.5425380657491825,5621.626009216339,0.004477188584712185,6.460459277445813,419,371
AHOOD7DBLBIUO6DB7DZMCWYBZS3Q,9.737298358940803,-12.154925595172594,2.3647639335279766,0.9158289288813071,5.805075504184093,6257.351974879363,0.006608690470773456,7.154114345135333,298,304,8.51514377550447,-16.5845480904614,3.807312753414958,0.8767399405713229,6.375641565609524,21182.839433307396,0.0023077633520674225,7.764349682092312,298,304,7.198220291928053,-3.8274842288587707,0.9840035830274615,0.9164747236968551,3.6339111537845747,25.22228990216562,0.647333018122505,5.333782710200366,298,304,9.970289463943177,-8.150143545806094,2.2341143664920953,0.9278181719776629,5.96909106040713,9824.599619180677,0.004453404600066266,7.876416952788575,298,304
AHOTRV7O3LMRFLM3D3AFTMUZQZUA,8.502021432626512,-14.24821825962788,3.2342056802742443,0.7594951146622739,4.107893355192345,6078.936591718984,0.00373063166408647,5.829860413085689,115,124,7.360325688464554,-18.610268274533645,3.9641073490036347,0.7714916016159542,4.7520424386614195,18578.85062395071,0.0016414683725704063,5.899707798513948,115,124,6.904217894524523,-3.8138079417884603,1.189681196592008,0.8011049250622794,2.6147107864974517,9.496209637175069,1.0174159219678625,4.532145253644154,115,124,9.487101769315661,-9.540292486313431,4.959573769228193,0.6708487328720019,4.053989452192348,6274.016319631047,0.0037637915963692585,6.059079358546371,115,124
AHP5AG3KQWUBZ6QRXGWPC2OK2PQA,6.282607636986255,-12.37255752139882,1.526833054789649,0.7933481186620834,3.4904341369348377,3084.746762106866,0.004613963962258694,6.7372159864314565,391,402,4.9004870377674035,-17.93061646788468,2.055674035570159,0.7526557878707595,3.840705635211834,10889.058067575497,0.0015728936285008504,6.8720545624393,391,402,6.217435117031763,-4.58250876689708,0.8998701363941011,0.6942073190028459,2.1122921138816455,10.228458650425367,0.5142458069068092,5.133164228923173,391,402,8.056103860771787,-8.664876134117819,1.7935765679579632,0.747654272092566,3.3762239176104414,3463.925089347947,0.003907442281505324,6.887715395626786,391,402
AHPAXGZTH4KAGQHOWQ4SGU4BN23Q,9.772094461551044,-13.65848045104609,2.8906810115138626,0.8590002498771944,5.181606204745762,5668.338107352893,0.005785775189698466,6.2012157386863125,219,231,8.489382928995978,-17.693854092490103,5.0743102075185496,0.7549912071482824,5.5727138892835,15407.672482008975,0.002394464472540132,6.381383329658192,219,231,7.366146572628024,-4.15069499586723,1.953359617421116,0.7646457075188987,3.21001082302332,13.916684418302005,0.9140386443152805,4.684662828652923,219,231,10.003908738848736,-8.714011222309233,5.714391462510233,0.715888653725363,5.096792902375929,6856.771440037718,0.004664755989758046,6.46867250434442,219,231
AHPDTZPJURZALWCECXNGOSQYBZXQ,10.114884180291766,-14.913779174012143,3.106306628664427,0.8759872225854699,5.440772797187019,6627.991314099318,0.005545764477753049,6.423412432760656,112,126,8.037799890104122,-18.271330042901564,2.9760450399049136,0.9057515876134453,6.289581676125617,26287.841925855868,0.0018682223594693552,6.939468605557828,112,126,7.294725167478154,-4.2226000258095215,1.4137769889156726,0.8719462578759927,3.4806082425835223,23.434932008206715,0.6473065345393306,4.800465501503191,112,126,9.87402460275389,-8.47474390521374,4.165062943174587,0.8376101023590679,5.455004775306482,7635.379039463675,0.004908192522297636,6.522410834891936,112,126
AHPDWNIO6GPOATZP63X3FUAQPPQA,8.37504885594237,-14.77464612108558,5.092353759767777,0.6024918998402652,4.169350147311417,4084.383340818956,0.0051619030952146676,5.690676291878298,157,142,6.182451520477772,-18.249770943287913,6.213878548270764,0.6086704792603141,4.763268677456378,19313.821023442,0.0014274247687232227,5.6931531948547045,157,142,6.777840565422819,-4.143537031944489,2.0195248405827635,0.633633569703369,2.6702602709619816,9.95866592670223,0.8717722253705723,4.402837810472867,157,142,8.947820712245214,-9.011380908997218,5.152522186020511,0.6304567619629318,4.172913359521462,4976.273837959982,0.004390752822971891,5.8348342666206685,157,142
AHPG65LKS3QKRWDUWAKZNLEK5RZQ,5.877469053633656,-12.606642388876315,1.4380978045586172,0.7459630364971321,3.1488745104197027,2583.0441462171775,0.004421038322293283,6.970053536649626,230,195,3.5118056602660754,-17.458778422652568,1.6048300293311948,0.7731164644072854,3.6631214310366946,10915.577035877288,0.0013961438272351333,6.921349831790088,230,195,5.716695213535003,-4.225960009810511,0.4559097203239482,0.8043417088250272,1.90468121199889,7.352545164090599,0.5817673022494366,5.04465214630323,230,195,7.287130721854535,-8.823131674012911,1.6277676727762582,0.6924966847665739,2.9668343400790302,3778.4458273594214,0.0027296130350613038,6.823757418240016,230,195
AHPG65LKS3QKRWDUWAKZNLEK5RZQ_1,5.728068345390978,-12.604279846183125,1.2926918124833422,0.7661061302412148,3.1043937196553166,2644.09867368897,0.004199361705618291,7.023195804033732,213,180,3.466985291682722,-17.65600486294487,1.4624714142418143,0.7900391324923872,3.6244745407404264,11189.689103756804,0.00133929162869693,6.975997381527617,213,180,5.7700014144750424,-4.4846569663346925,0.5456643890175271,0.7590394292031245,1.8702450435330442,7.8929875592868175,0.5248916809592549,5.063989244853105,213,180,7.294496258311294,-8.936711046453382,1.675414659933281,0.6769054103256145,2.929244983466666,3884.719768556446,0.0026070591776220066,6.871841872602564,213,180
AHPNEEABM5OSDMOU67FIV5767RUQ,9.723567631146459,-12.286780813632985,3.6156471739167766,0.8103838613615207,5.1221458945401075,4329.186287485035,0.007389836106916566,6.382545061800889,173,161,8.526050859018898,-17.043283292694998,4.20142448727976,0.8217886157781139,5.878013392469842,17818.330009257763,0.0023418314401669168,6.855297933158122,173,161,7.450268060972152,-4.156281720010289,1.140183604956767,0.8840845810466366,3.450811458358897,17.022622990006564,0.8598618283499009,4.9472041851535815,173,161,10.101084903908601,-8.473712287898737,3.99085898621682,0.8266798770200867,5.354622073019777,7660.5501903521745,0.0046326820400448936,6.924412256552145,173,161
AHPOHKN4PU4W3V5PGFL7AGTAD2AA,8.944974348859413,-13.007307263467904,3.737708640919032,0.7723867105249875,4.7099368498791705,4458.434306962806,0.006013266749617642,6.1580849105354485,189,191,7.798661770960849,-18.652904709201362,4.955494247430608,0.7347712857333818,5.186454592757434,18288.195100240144,0.0017548766239781507,6.230139917555601,189,191,7.008068496644379,-4.079005198821757,1.2835874340894613,0.8268508648692763,3.013494089558837,13.618266002388072,0.8130813773480432,4.554758611631626,189,191,9.658957170176787,-8.808664804758902,3.6703959963638715,0.7812326223366513,4.66445802139102,5910.014534040407,0.004500876585683654,6.42623726942057,189,191
AHPQFIVYXQZH6JMFAXRDI3FUFEZQ,9.74263708331152,-12.947121305318364,6.150797091383444,0.7139635086079352,5.3626387185375,5176.780799733059,0.006627086473378835,6.766061531737619,189,171,8.400447046239039,-18.04964039062534,7.400463444867062,0.7200993113620558,6.000757306265602,20288.254329347474,0.002102521424417951,7.02967836004635,189,171,7.40731651613786,-4.0838274392195055,2.4463640805368376,0.7607918551770869,3.523113794435386,20.303024927470055,0.7382027967657447,4.946058882400832,189,171,9.394412850948859,-7.280655253468201,4.906169517497075,0.7740762732441422,5.251528017798851,7061.212348571774,0.00473565178378039,6.929121088143971,189,171
AHQAG7ATRW7YK5TUB2ZVQWWOXAMA,9.497680244437399,-14.608984130255402,5.369946467639246,0.6970261924080702,5.018577008981456,5573.641150740142,0.005268047825543739,6.3156496263155395,159,192,7.025125185968513,-16.674149877600584,8.25690765135548,0.6276423082658478,5.853768620876375,21590.760642671135,0.0018351024912542323,6.652540651695847,159,192,7.267147829265426,-4.195844995167587,2.606259499349073,0.6768321884179507,3.2302521977868546,16.802440717134676,0.7377405229236464,4.808690089098895,159,192,9.37105831328678,-8.579421303578053,5.693075731920709,0.689418704176572,4.984348495703108,9009.831940318149,0.003289464977467398,6.455938695473577,159,192
AHQLV6Q4IX2WPEFGJW3HFIYXCYIQ,8.839401960764812,-12.395315056297642,2.5768180130959206,0.8079926237932982,4.465429994067808,4646.370123538489,0.005147866279667006,6.562479768923819,150,154,7.794049368329246,-18.72548145596338,3.575924382729145,0.752212695013836,4.754634813904393,13354.702865216368,0.0020698962690571766,6.368963732729848,150,154,6.862562774749775,-4.159671495624747,0.9239530827308119,0.8214887608318291,2.6317094390948665,10.172719729576773,0.8436404408841187,4.772624669748994,150,154,9.230852957949088,-8.39055673151956,2.2427838863713907,0.8471078834162451,4.348669996423947,5353.170414886357,0.004407599543886686,6.5335449821495,150,154
AHQR5RU4UKE2S65XWC5WMU2JZS7A,8.07829269162658,-14.454866645504826,2.5541832872144794,0.8095348175092911,4.031639529945167,4700.45062181903,0.004369376419286574,5.236635212339376,164,154,6.16428876529474,-19.18559010175057,3.6970414985777196,0.7679627657552479,4.505105368476193,19883.475405750905,0.0013109057692296713,5.583482066575007,164,154,6.752243830948841,-4.60106701157809,0.7370525467768485,0.8649399621211593,2.56102652117855,12.180477257719224,0.6774718643431046,4.172030778037184,164,154,8.893709042234565,-10.744451931155812,2.447991605873803,0.8255731407771884,3.959191794265915,6944.520611490691,0.002910599103412534,5.228884373474348,164,154
AHQTBZRRGQHFON63FSB2VSOIXDBQ,9.411083876938731,-12.992606658374399,5.394228885506667,0.7621836490919139,5.302646024322813,5455.826595603253,0.006191805356402365,6.796709772791753,222,239,7.7506899767103805,-17.281222142383363,7.381855042089555,0.7410511881453399,6.097286050172163,22499.210932653143,0.001953540176801726,7.403306348506569,222,239,7.0458671933442965,-3.7984210624669275,2.773158395534094,0.7400513148842259,3.458080126754507,16.99949912172214,0.8517438954140433,5.065372774157963,222,239,9.558457477133983,-7.890700957867931,4.066522754475656,0.819303451579836,5.191968385722541,5557.952693882453,0.005938060471141486,7.0633842935938,222,239
AHQUHSDKN3Y3NZTRM72JRA4UVOGA,8.000450067972466,-12.264185973002444,1.5227887860643072,0.8670493739056226,4.120697895882007,4184.433842807708,0.005059453413849992,6.505447740016503,350,340,6.390998940540243,-16.303990435255802,1.9619922606518985,0.848746457457066,4.568873023687229,13415.342374781516,0.0019347659401507513,6.443750842467092,350,340,6.699076710574493,-3.865054618970026,0.47134544839992093,0.8986816118534079,2.518495644354871,10.83962197886884,0.7539962616246219,4.934190285318975,350,340,8.693302445858128,-8.003611819070608,1.5364967158614156,0.863993054551603,4.000791638959025,5236.22295251727,0.0038594487126755255,6.491751133573355,350,340
AHQXAWB3MSHU3AWTNMTW3IJRUJCA,8.728382110529958,-12.97184734568725,3.9218850675310453,0.7840121885408949,4.8549331134232885,4499.3026367615375,0.0063703555234296645,6.242508416270849,121,110,8.593417073773097,-21.10149429647887,5.9358618270280985,0.7144080367808175,5.447593936442944,18055.73457709707,0.0019445873245402222,6.410118620771378,121,110,7.0341349181303,-4.297400651181111,1.1336472272272418,0.8643273767362473,3.14706504703597,18.244619484120875,0.6465375465593135,4.553548516603152,121,110,9.302095865755941,-8.725485130495148,4.840544239779061,0.7163097348053304,4.762809133629704,5228.549659360776,0.005156866520537204,6.415823061551375,121,110
AHR375Y4F3W6I7Z5YBS6PVJR37PA,8.161111318717625,-12.244817458358185,4.147116928889072,0.7378462105023078,4.656017041309231,3217.060156940853,0.007834138364838426,5.644368421231689,112,87,6.604733171917948,-17.233238683666915,5.5778256703353595,0.7405142167343759,5.402920330806201,16219.127313592731,0.0021153000003105524,5.799148572538831,112,87,6.948345120969806,-4.253951093956577,2.1203508935219957,0.7199271574523914,3.021275441691066,13.653795210890165,0.7913673426615658,4.214240997563486,112,87,8.896682316082654,-8.631515527229888,2.817455327340845,0.8259685741652785,4.609964024676041,5459.313840070885,0.004624008836293376,5.558518577975271,112,87
AHRK5KLCWK442GNDV6M6BFD6EOMA,10.216658375915548,-14.784260296114532,3.6597730788386773,0.7885992304808915,4.900334819299288,6123.640998691525,0.004700218646190261,6.191610737543588,130,151,8.741356066878156,-19.284463459227318,4.730542093992122,0.7716148208479724,5.428130321633044,14400.846405205999,0.002503857488500253,6.341858854568944,130,151,7.290581492730911,-4.406165974288625,0.8859781729838925,0.8818209541868336,2.9823277571988016,12.984215764307688,0.8775503996414019,4.597067757065004,130,151,9.746477194442916,-9.409739744570285,6.753462390867138,0.5958889283869524,4.681262860742999,8483.766009968022,0.003163663570122258,6.308258012872178,130,151
AHRL4LYXD7XNEBSXATXTYL3VQO3Q,8.868201764115327,-12.84625221516352,3.4333161040897453,0.7883055467246252,4.6399908516039545,3375.1860925390947,0.007849452366194921,5.956411972968707,195,197,7.263777467936036,-16.90587654485021,4.866643621410675,0.7628955667948774,5.389423780042724,17006.65120051551,0.0020790946634745185,5.976949140948371,195,197,7.0063935135892725,-4.247463466016117,1.419627934689357,0.7994696438998219,2.907639910218118,13.933346070364168,0.7651335109523544,4.355509385838018,195,197,9.016696130043043,-7.454150535856746,3.7820663296314834,0.7800050206809801,4.674781847290458,6074.357896461834,0.004473401073269048,5.947904173138586,195,197
AHRQERYU7ZERE3SJCC5A3X5FQDVQ,7.436539733290626,-13.728363683109148,2.370659112392735,0.7084633540643551,3.6955031139077077,3084.8638146971357,0.005087410406083223,6.723081770518213,197,180,6.136241591999383,-19.71056742495713,2.8396148905662772,0.7233220817382722,4.31567775616852,13524.428365258362,0.001554424971778464,6.717961531428343,197,180,6.514597773517924,-4.7364547379106465,0.8882560714728895,0.7373339329753266,2.25674370317415,10.934653739721519,0.5466568544670545,5.064690566270724,197,180,8.490210882291487,-9.783289142017935,2.5317202777652,0.6593492141262759,3.515261234782602,4230.630013605214,0.0033903051291966323,6.749823273953548,197,180
AHRQMW37TRCLFNW5QLQ4FZHPBZJQ,8.423394622625235,-13.613350177984875,3.2179115526084114,0.7753080963965765,4.441470840079948,4252.16798326807,0.0055534079466597495,6.94396981053338,249,240,7.29756100957735,-18.593993755770832,3.5723631690899853,0.7955253130802161,5.104726002726067,17468.30265663931,0.0017519765209879708,7.325183614755066,249,240,6.915270882333633,-3.954562262846042,1.2165800559408477,0.8279747454437787,3.0134031165110478,14.901175063709573,0.7386291125389267,5.173788157401871,249,240,9.054097595327715,-8.466054323343917,2.962946018186768,0.7998600397856873,4.36555133375052,5346.110429376189,0.0043583795602798615,7.06773589555319,249,240
AHSCNOTMQI2WQ4YUTXSOBJ3OFG7Q,9.843524805586133,-11.50029987577594,13.992474281085512,0.6997935339721308,7.03686021208904,8728.52060011377,0.006993922407010096,8.85965978066528,162,186,8.574676301562222,-15.837852148238037,14.335791888245165,0.7358661235877981,7.833130181396967,26760.63733142854,0.0027520612409354848,9.62000863011364,162,186,7.475737968758905,-4.082759655145783,3.699750762525473,0.8014888631498436,4.3350445207361945,40.352310575880864,0.5818878710628198,6.196453034998933,162,186,10.191108921659563,-7.851093137721931,10.540160681501591,0.7515597784579363,6.767608999485244,9750.656422886099,0.0057530238640728405,8.989469701094006,162,186
AHSEGNS77TLPYIWMD7JKHV4VPTBA,9.207218961806197,-13.161062748820067,2.3899844922739946,0.8603634917253069,4.766086145728452,5636.333455707345,0.005219144561045169,5.755470617495853,220,245,7.75709056551303,-17.564265833392,3.8747564394716307,0.8141985793258475,5.339388719294784,21507.622286215108,0.0017652589905182267,5.854149752500991,220,245,7.147902026546504,-3.8879053959792795,0.7688521661816137,0.8935409168425074,3.0044876547712307,12.33805504973422,0.9395367507684936,4.555264139919232,220,245,9.63456637037446,-8.22573042547406,3.6229252681378186,0.8057862596628702,4.821377423650013,5989.322142217825,0.005127242274013355,6.006667785624873,220,245
AHSQ5K552SD4NH32WTSPO4O4PPUA,8.020466167901969,-12.973526900898282,2.947951910247811,0.8053647174779552,4.4231378846464136,4429.569942052373,0.005283904200851814,6.736934572215896,321,286,5.413378833325638,-15.56006961585476,4.137407298123867,0.8153927079850648,5.384575331106278,18500.483477016,0.0018585845411533623,7.189339752770172,321,286,6.635511006546457,-3.9143309816431824,0.9307704317832162,0.8871757516828133,3.0399945338984398,17.555151226795992,0.6350904168937377,5.007202113134106,321,286,8.358780209886307,-7.755508729487856,2.35896927323661,0.8506112474752641,4.400337532015972,6394.261773913697,0.0036755035070309876,6.854942257811961,321,286
AHSXYDM2OLH2JJHSW7XKDLLQARUQ,9.838158357498815,-11.403122137011302,3.5013355555404635,0.8953159961115147,6.162197034847463,6424.819175703375,0.0073810928451118795,6.985228798524004,352,385,8.585735683165778,-15.778992877598007,4.912196911229925,0.8822389747198163,7.083076955046292,24073.982598098894,0.0025452069819248357,7.571481129407023,352,385,7.525514442701124,-3.494066024497152,1.7913063834604293,0.8863156729117423,4.138268982636583,20.76696739916322,1.0144641784363786,5.335385522614121,352,385,10.260963420262488,-7.826736908524508,2.0543228122524346,0.9381112938227996,6.140791571660651,8385.066382534562,0.005511580060689626,7.433317525409142,352,385
AHSZXCJL6TJGVOVCZ4SFUYWDMMZQ,8.430239286242736,-14.373312960499486,4.7374442131667385,0.6259455302502468,4.270961932980429,3783.482285396021,0.0056809680445380605,5.749285691998156,122,133,7.063936056209052,-20.801130339617274,5.719131032575302,0.7039920882380952,5.198974304635827,20201.51432214637,0.001581344404634281,5.9829739923304555,122,133,6.875038251976509,-4.43677964411875,1.3704896724269713,0.8183492948232222,2.993182665693131,23.801741763698715,0.4565609483985711,4.354927360294969,122,133,8.886805615467866,-9.330365177963408,3.3607596546418375,0.7576159005536636,4.35672278926999,6016.952289524717,0.0037581265643421313,5.785515204169681,122,133
AHTCNFRA5SB5IVFQ2SICSGEBUILA,8.938747453167176,-12.035923718803403,2.7434061349604204,0.8715486575076844,5.248560191760115,5397.814633980009,0.006155353699646471,6.625601671487849,160,216,8.599499064730352,-19.596322789231856,4.735266680113261,0.8179194952958558,5.869046131259294,28868.223003527117,0.0014375610869654498,7.358266666916627,160,216,7.064123768164313,-3.92820101861177,0.7249624178810474,0.9228234738328602,3.32251129270774,18.16642394805411,0.7405277532365162,4.985196422394577,160,216,9.618477144680064,-9.102594806045042,3.489835292338125,0.8498220152369625,5.052276856165313,8586.51225432972,0.0037704523123403273,6.954158332867769,160,216
AHTFA4ASPZK2TI5UGDB4FQTRHCKA,10.032020040536402,-11.73438801605592,3.135279067833585,0.884388948963975,5.795135130983833,5029.163455577965,0.008350734559233733,7.00947474058946,442,479,8.868013564665983,-15.782976799445702,3.6229741438395577,0.8895540724523894,6.605286289115294,19062.500350255683,0.0027934743494132117,7.554234566131559,442,479,7.4299827731472945,-3.7745651302796475,0.9208636215667445,0.921173934176532,3.734438578590173,21.193932345818478,0.8035130335251218,5.185295895863018,442,479,10.34873048081314,-8.353029511023413,1.8984429645162033,0.9353551720759421,5.853767443021594,9215.056607972409,0.004695288818005099,7.373481495540788,442,479
AHTPMTGKDKEHK2LICVISESYKFCSA,7.413665193603428,-12.62854448603658,1.3146479676230234,0.8727805424720132,4.003634621230878,4200.801921264706,0.004560973605687321,5.602135717818706,208,186,5.800811778866162,-16.966039577429065,1.6792477906571341,0.8621694730640234,4.496841931469335,13022.859348351227,0.0018249453080770373,5.712083093915132,208,186,6.621619027878562,-4.109942066154376,0.7664884334571168,0.8345380475595655,2.5385840871722505,11.505355670508685,0.6777976637478555,4.441677344579006,208,186,8.343297495963226,-8.082793555501393,1.7584744135569523,0.8342533064628497,3.992574400569164,5180.754627701541,0.003679762591407063,5.866115251288483,208,186
AHU3PHXO5ROPM42MGBGX2WN6IX6Q,8.549236029934326,-12.050634898965235,2.652018973329934,0.8496408153531955,4.907798455754282,4830.345420283165,0.005964226022820051,6.489934093724414,355,325,7.247216147350059,-16.788727939108842,2.486447621809178,0.8844611343951527,5.557716870703134,17198.108303831923,0.00215174887978325,6.962510354135191,355,325,7.204593037993784,-3.9984749737544902,1.4604918883215399,0.8300471644920631,3.286188726712011,16.238811103505487,0.8001529932484119,4.856802057915474,355,325,9.235487413119715,-7.6946166684401955,2.5328738309621044,0.8570225656084458,4.790282667455237,5513.445210972563,0.005111913077303331,6.857849020670689,355,325
AHUCKCTVD7WAARGGJSAVNYJ7XNQA,6.863777033346548,-12.971388018552355,0.8731247401112608,0.9203618986041524,3.987058583824756,4506.0871288873195,0.004144999236681853,6.455696048765795,289,261,4.896060612414123,-17.912978635281327,1.4191183509666532,0.8962224897066986,4.630998306433318,19255.205094424226,0.001288738191609297,6.4492623540715295,289,261,6.334708388760065,-3.578500929487744,0.5219109653689616,0.8973514288618012,2.588981207455804,11.537512857411036,0.6984859734886896,4.76117035159225,289,261,7.736212490958236,-7.868416296128158,1.139543676932768,0.8931236867468018,3.821196787725059,5218.060802070899,0.003347350609749997,6.268832985832699,289,261
AHUDLM6F46QJM4BSG55J2CKT65FQ,10.334633271946236,-12.044855988652516,6.758820626070113,0.8598849770486291,7.166204542310772,7748.841700607241,0.008157854856949327,11.046099118536338,464,460,9.420307460206981,-16.00060887944971,7.3566963606445475,0.863053452103916,7.8306464751575575,22995.914064105385,0.0032534372003345945,11.89255739574404,464,460,7.242515209905017,-4.132606292976612,2.468075563111634,0.86216906967536,4.27559895223004,63.79323555492977,0.35683148303913925,7.60350742452883,464,460,10.437403897169462,-7.657168366469276,8.579695370772294,0.8340617953320346,7.289886327010985,12768.398816325496,0.0051784200273906345,11.874811201324455,464,460
AHUOOO3WCQNZA4MQPWHAOEUEQ4YQ,9.57514992761667,-13.945982192525394,4.830091618467631,0.6575019863066485,4.639507658165982,3714.980689035961,0.00669588678859426,5.955419300405399,352,355,7.960412711762181,-18.51224142250258,5.156110190344321,0.6962112547269936,5.176299481569812,14848.702415309606,0.002127846002576355,6.063565920303944,352,355,7.489284209473158,-4.900725546119329,1.7646879107005666,0.7299863038294296,2.983183471605855,12.082374844256362,0.8708442435642019,4.512825123157934,352,355,9.808086198348791,-9.09165674694702,4.387293304061865,0.7163839041679336,4.668375524262964,6175.526206512856,0.004227025843127058,6.1421810626759825,352,355
AHUSKFUP5FOS2PY32N2OT624O6NA,9.977751407124295,-16.42066961610866,4.042022781973595,0.7807611179439469,4.911647876900997,5082.92748770078,0.005596183621356704,6.530805844266275,126,148,8.830233951650982,-21.96186997679758,5.2179936189383485,0.7607860964772892,5.46663350880285,15158.94795771426,0.0023233716431316537,6.8090812719009906,126,148,7.0871498952239405,-4.437035525156135,1.3133311184766934,0.8492697739185747,3.2137656304481577,20.36935179417923,0.603770464714951,4.611547617059671,126,148,10.00197421408122,-10.68300775225091,3.259231894860324,0.8076169871497543,4.785146342393002,8304.549507607133,0.0031954729507828747,6.598469306327283,126,148
AHUX7IEXVU62RIOMQQ773RNTZ7EQ,11.109613419068365,-20.992230719660476,12.540196264127255,0.061202216397825304,4.118680450170368,5646.012448617451,0.003995642994682294,5.122013189169355,119,111,9.022080001631739,-24.58612930453618,9.37940210623387,0.4185576262828222,4.583222705512313,17948.792002831167,0.0016345983091447449,5.348546157305563,119,111,7.196083699220749,-4.780604162722398,4.513599082436808,0.29853991522003964,2.7164448768417166,15.022899872558964,0.6702727656072107,4.104565559832406,119,111,10.284512722100732,-12.057501255573749,11.810703794980165,0.17125695120758666,4.138861366509402,8928.705883654611,0.0026729066933540123,5.357624232154412,119,111
AHV67OZ7EO5D6QX53S4BEXRQ6FHA,9.083290085151166,-12.376180662593757,4.038224608011521,0.831848310893316,5.187638506269653,6047.1606585776035,0.00569171918545458,6.362677039278044,322,309,8.02446720717507,-16.30416997845881,2.9513886365293818,0.893568692848746,5.827422571907796,17456.629327645147,0.002423452100528888,6.8319436031888685,322,309,7.07556849967047,-3.7210917800413017,1.2708998156547173,0.8806557098045519,3.4017538730574604,18.428138990661463,0.7983526455870673,4.808278212023464,322,309,9.592060313584227,-8.002949154140866,3.0464726850725516,0.8800537772766286,5.2144558283997435,6959.654878622465,0.005059592635922332,6.694719663786113,322,309
AHV6ORJZ5R7D5AE4ACP6JWJJGKYA,9.836454754938531,-11.658102037890906,6.783272382581286,0.698075552719793,5.559722774231843,4999.804257539438,0.007351686110954339,6.791558257623635,123,123,9.679363672803373,-17.038372149126825,7.690501508248777,0.7159508051534944,6.305167271370188,18888.76128895078,0.0024978842936626837,7.42298538183701,123,123,7.48240346934917,-3.9984032751412273,2.4610656052900004,0.75489104067158,3.501357922967611,15.395748608370642,0.9671455290233049,4.937685906967639,123,123,10.017048732619847,-7.63539622640545,6.956186986300263,0.7298741717873257,5.677578316267824,9369.975902818449,0.004251262028332911,7.484282303436322,123,123
AHV6QCNBJNSGLATP56JAWJ3C4G2A,8.27733680672584,-13.702086727142326,3.9222122213831767,0.7201425859400867,4.409672025610353,4678.093123629756,0.004929102157694675,6.165897056972205,123,123,7.263996681445458,-20.40924937098913,4.810003509967964,0.7088504573583051,4.9383339709342025,26618.56309870474,0.001092696175061588,6.342962485292826,123,123,6.881018565523999,-4.126194077805161,1.0057370153180463,0.847643597906256,2.920348386798439,16.438493591006722,0.6236930038627915,4.5434245881586826,123,123,9.366871244402233,-10.07080376300014,3.9907466759165904,0.6937820218501947,4.262316275242058,6478.96306233361,0.003350918207774827,6.340609809323519,123,123
AHV7LKZELPOHGBWXQ6GLKLYHHPDA,7.385110088257815,-15.137335540475274,2.4690908542304904,0.6965979650206813,3.584299930447024,4401.380761178082,0.00356347683507952,6.478014995923431,78,92,4.732461269567261,-18.65146424139319,3.054802914734772,0.6971034082106178,4.028199957693851,14609.379501694175,0.0013586894596652457,6.4872295474697355,78,92,6.177052589263047,-3.7964870582465853,0.9765544767603641,0.6974116889506553,2.1548524234446793,7.401688348452995,0.803170200852017,5.004849657917352,78,92,8.793993377365553,-11.230232478270192,2.965663638593408,0.6164278967156059,3.374969333217969,4285.322550472802,0.0032897798522902415,6.249980172851487,78,92
AHVEKNHP5YYEYVLWQSPBDLE2GUYQ,8.180256502584117,-13.458376853106165,2.288170142073722,0.8170647384096752,4.217595706599948,3605.2624769430263,0.005764358729812601,6.291771181957448,443,495,6.711247445485718,-18.551627502600738,2.976314354344229,0.8118975376165919,4.948197573282796,17097.97270505362,0.0016396120086693007,6.545647403779298,443,495,6.873601089493446,-4.300672631708058,0.8206653842561784,0.871229429029489,2.872380240613165,15.259784452492156,0.6348116592790632,4.7610484230914984,443,495,8.69092798739809,-8.468140950130131,2.796809484883264,0.7609229695427948,4.084596085833902,4555.199531554929,0.004261789090697454,6.41460536288411,443,495
AHVK6E5LV26567B2Z6JNDM336G2A,7.776753432896156,-13.31018935426539,2.5471532837516984,0.7425410831865891,3.845427101338541,3760.2654000525135,0.004887663921396663,5.259779318887568,164,169,6.054078025279108,-17.439278119750178,3.5206065980130177,0.7132733495882856,4.403249670632911,12100.789716373014,0.0019944058575927298,5.558248382178346,164,169,6.360508048897628,-3.7651884516235836,0.9617728586912904,0.7729032623339602,2.3693088376846836,11.751703054898815,0.6181073466429435,4.255506627891244,164,169,8.291934555671318,-8.165027690084596,3.413528966823764,0.6953142868737692,3.912877690515199,5151.589100859024,0.003740929531219484,5.597613701350759,164,169
AHW4RM32F7UDMQ5ETAMLLHIPSZHQ,9.322826686615329,-16.359400474407515,5.4572111823041025,0.5269481806874587,4.158940516346024,6401.09805729803,0.0032414447097053223,6.5042988520646885,180,168,8.188011233717683,-21.95899383362679,5.926771863461984,0.5345002528778983,4.553731065866854,16086.562852203593,0.0015287785035885688,6.522043108791406,180,168,7.459631369146995,-6.082608723330468,2.6189584156931836,0.42121704451909836,2.4363220983680054,11.924862882264653,0.623312162236349,4.886337816253821,180,168,9.368340645257891,-10.140803365182299,4.298562438679854,0.5742235013478384,3.7843012295342646,3552.0859291718784,0.005026823078399684,6.506023260050208,180,168
AHWFAMRETIELDXF3D26JA4SRA3FA,10.264519946905267,-12.926254194141766,2.9719139489935618,0.9049492930994212,6.080072691208657,5331.422830919503,0.008317340669913595,7.683146792146689,202,219,8.683674548759747,-17.455188066799522,3.4415006594337534,0.9148014873474625,7.109730752778833,22873.346965914032,0.002600317221601747,8.398473580742222,202,219,7.400917886665158,-3.861704910763457,1.1097551598476851,0.9253898842756085,4.036171429377763,29.093621344555128,0.6759734539348001,5.642538102064639,202,219,10.216703170546696,-7.979684152709603,3.15642729967119,0.90530444750907,6.302244682642318,10050.465917495654,0.004724946476550337,8.15026091539873,202,219
AHWJGIMDAMS4WBLZAGOYMXYDSDLA,9.620279014942595,-12.092679143265173,3.044749024547563,0.8795516999338588,5.540528007042325,5317.894309538569,0.007075252822608485,7.446658791648213,310,266,8.867426430411708,-17.5339687479198,4.538492646622615,0.8451471317921732,6.269838232526986,19442.525472297995,0.002390519059468459,8.157227305970643,310,266,7.361730007632418,-4.075946797624921,1.0975483741241738,0.8965605743778604,3.539773449063913,18.546345507108576,0.8156453690175077,5.445878963021165,310,266,10.353933122777345,-8.948033399639787,3.642606449565896,0.8493580039571532,5.329648283393771,6950.742821210658,0.005074840977332073,7.733536286165994,310,266
AHWT25SVYZLTMOVG6O2EG7QZHL2Q,9.08076159594953,-15.669149485170216,3.91726029353703,0.5727884046551467,3.909062165262247,4663.323747973854,0.003782247046710004,5.975198114613535,103,122,9.60295738410159,-25.54872149261008,6.034864405959618,0.46700059442572184,4.326699472783973,14151.196486640481,0.0015547637167994794,6.228858529645655,103,122,7.447684864144673,-5.927718923054407,1.908514219378094,0.5651163924233753,2.5299614637731684,10.727911973435848,0.6836425140356959,4.724562126299371,103,122,10.453008055270848,-12.579921992656468,4.629763468166741,0.5443014121678331,3.876843805357857,5060.07583932313,0.003569482079124046,6.178631906379211,103,122
AHX2B4DEER2QR3IU3CCNB3CWC6TA,7.127924570653936,-12.772387451023619,2.227565733048454,0.7679702653980545,3.8570236574661254,4227.800700420096,0.004239546764159323,6.297326983967036,220,218,5.791337868741122,-18.410292736063365,3.929186173773093,0.6393186799053217,4.356260921600012,14683.35738657247,0.0015102176325171295,6.264904306849306,220,218,6.6010724336960385,-4.531074058965354,1.2439499376042202,0.6570447843537892,2.3100421870627894,8.418049549396866,0.7663931690292044,4.699216496898159,220,218,8.204655383263994,-8.158865170504537,2.2187050945153346,0.751168368028825,3.690904293004499,3755.4529835357125,0.004356431165378937,6.3155428248045045,220,218
AHX2FASTVBGC5KSGAH7YCAIIVYJA,7.879973942265529,-11.525660182928748,4.114427558636371,0.6992233091919637,4.525334508419916,3903.409644536129,0.006205712866483987,6.438455066991596,119,102,5.567613867507829,-14.826924199408912,6.891685640479059,0.6123489704461084,5.200843487929383,20523.388655749684,0.0015580108963877746,6.64633053660442,119,102,6.542657130701477,-3.2278633718250855,2.1223475820391164,0.6678563079328217,2.8682013308568286,12.184584274783102,0.8192532653680987,4.810050810676111,119,102,8.201084904130381,-7.190561344086414,3.281690186384354,0.7305679263223706,4.228754210154235,5574.154191091579,0.003734214859159628,6.426226675309293,119,102
AHX7REGI74RJYU6QNM6CHKH2L3SQ,7.664181178105921,-11.92172026156735,3.4824768374321518,0.6877584547784137,4.245532163905282,3274.7396762032827,0.006284696974608744,6.143419531311047,123,124,6.166016564540827,-17.167614964692664,4.967379028717232,0.6455222531482119,4.754785092411803,17421.818911801267,0.0015438338276332533,5.848431031226322,123,124,6.550043177207681,-4.0686277532320565,1.136892215027896,0.7642179986324271,2.532015724735977,9.955445421441901,0.7778998446663473,4.532400455937766,123,124,8.67376063459003,-8.737329892055543,3.2594659936829604,0.7175686507635388,4.129526789619329,4841.372472600689,0.004157650930664635,5.938742876663888,123,124
AHXBO4WJP7MRUNRXFGDL3KWYWPXQ,8.871482372741974,-14.245458541512496,5.814588477064725,0.6043993640086606,4.600297983103041,5265.433976503268,0.004765393689384417,6.419522008856478,111,121,7.481055429194622,-20.433461996464484,6.753106847909896,0.5950011064560914,5.022296254822476,23285.759405217414,0.0012812063552199513,6.38646846327194,111,121,6.784220427045578,-3.7721529182268996,2.356271672907835,0.6478236219374771,2.988120169794684,14.368617594124645,0.740941379739585,4.61000157100397,111,121,9.259678394980817,-9.12007309972046,5.823614441184377,0.580861556861286,4.481901522864298,6696.871082902673,0.003534099960169062,6.473607797482486,111,121
AHXCOH4ABGDUF6PLAWTVRWDNTIVA,9.1973218694268,-12.024489226978837,4.179904248682324,0.7829115546816687,5.113968534545511,4134.608653584637,0.007742133807465963,6.741901255266096,259,233,7.43984383305833,-16.33462766041342,4.437756060739362,0.8038307166524241,5.529574722714367,15048.842043854263,0.0025195498045503155,6.560271509265864,259,233,7.09926975082723,-4.025359013705905,2.0597851230146738,0.778575259887905,3.2412739156012647,20.264919034984413,0.6566978323830719,4.9165180963414805,259,233,9.612846408805328,-8.321398856786185,3.8712944600974364,0.7821319785417099,4.817627929876093,5083.176413042464,0.005679436759141778,6.634373504086415,259,233
AHXY7OKWZZA2AMR6HYTRAN2ZIL7Q,9.502382480581193,-11.082147481115705,9.128979751809695,0.7135282294053474,5.929747517487815,5723.338365629725,0.007855042839470156,7.130704311531639,252,217,8.495195902950794,-16.372878009055622,9.283089773930183,0.739444002246118,6.5680772625306325,21063.563168090353,0.002567899209241993,7.6699006272315,252,217,7.309067114913066,-3.637773520053706,3.0951380776399104,0.7600932634091551,3.716979058154651,20.75862741303511,0.8579494545089716,5.290829270081188,252,217,9.984960219238987,-7.91372846637601,8.013070192316794,0.7388323528317047,5.762208340553918,7632.743612998045,0.005585791036296484,7.505379487402553,252,217
AHY2TURQPNIDXZGH2CMQLZ343YMQ,7.284112629307564,-11.819521179260745,3.1814636863586796,0.7205103798012489,3.9078323674192483,4636.151423299496,0.00436148298313444,6.945139461280861,159,147,5.308941967449616,-15.993595462471767,3.4091075505571515,0.7261498637359451,4.432851342352554,21233.294473046037,0.0011644058280391566,6.944002089570337,159,147,6.4561456982445,-3.6577038417552536,0.7868762325322383,0.8167286044153689,2.3967203556747614,9.635110621034459,0.7768593609230119,5.194616111267509,159,147,8.106564550698653,-6.863266229840821,2.8472672534427117,0.7407777961374727,3.807394492091915,4566.676442535437,0.004214201285514507,6.972751524903161,159,147
AHZ4HTX77PTDYAZIYLJLERY2RXAA,8.764532395701725,-14.766110686880705,2.883760218800555,0.7492102708173546,4.146656776418783,4304.373124373972,0.004796155055797382,5.762617717920927,158,145,6.587513979363711,-17.89962033944175,2.7919533745852942,0.8091676331471179,4.769201837051586,12962.454109925317,0.002085951329689242,5.980085950222584,158,145,6.679163368759167,-4.366360380814456,1.1038042912956751,0.7876583878488679,2.5589262066613525,10.948386446703124,0.7362983958915917,4.529054015846801,158,145,9.046716569550979,-8.91129633292029,1.7632837116074689,0.8667559401296278,4.216040604800648,5727.999979552854,0.0038455237796958253,5.965393824726623,158,145
AHZGQXTGR3WB6CQR3PP2TB2YPTUA,9.411568584300847,-12.052400698144593,1.4910682464164131,0.9008794406425239,4.843508438000833,3953.538062309589,0.007057817628142862,7.133045550279342,2019,2072,8.191945129547326,-16.261601537565355,1.3854161322169967,0.9200284471706413,5.292826915939456,12642.731036789442,0.002633792091265099,7.3606450231477965,2019,2072,7.151145131152974,-4.201147463548478,0.48590836288715294,0.9266918774035592,2.9365230285702824,16.146729496835796,0.6582110784578806,5.311474298882864,2019,2072,9.786618299847472,-8.060539443999197,1.4775183353780157,0.9113401061356461,4.821804806122706,5022.666302169637,0.005647826200858381,7.583799787191999,2019,2072
AHZGQXTGR3WB6CQR3PP2TB2YPTUA_1,9.616955132688119,-12.236488694425619,2.1416023602216177,0.8620700737400084,4.878412462716674,4037.0553284511016,0.007042108419869245,7.079416627053463,833,844,8.65736194199351,-17.02119633296493,3.1920138266731124,0.8222641056196784,5.340876299674054,12252.611434010278,0.0027754294173217386,7.343907348087783,833,844,7.373885185073617,-4.633307215313684,0.9265587870324544,0.8663171731196156,2.9937569842188356,16.482878123054217,0.6621247409274696,5.295971251010314,833,844,10.039585697036756,-8.330111423245441,2.0461047212663668,0.8831652262943467,4.903001626370578,5019.467441322486,0.005817768089993228,7.6467012462029285,833,844
AHZGQXTGR3WB6CQR3PP2TB2YPTUA_2,9.24883917816425,-12.05404384821342,1.6120767586274263,0.889020212099062,4.797206300648542,3888.1017976688854,0.007005832082608474,7.165257810927695,1227,1271,7.91963222093465,-16.12427075510572,1.4147551871978905,0.9152662392073168,5.239108046837794,13055.510320945468,0.002488652469200744,7.381226279468276,1227,1271,6.984630273413588,-3.92055237322073,0.5821573264399968,0.9077996110349985,2.8828644989815824,15.98954243478119,0.6442466291335295,5.32951613390157,1227,1271,9.587608747751402,-7.916571967069314,1.3320920104898033,0.9158901840481309,4.740791734854266,5085.820579680402,0.00539608341606039,7.540565251169694,1227,1271
AHZGUAU2CB7EFW4YU6H3JHGV4IIQ,10.180144305349138,-12.130399796886628,4.214378175394276,0.8658964472909594,5.872826061732009,6156.890043646444,0.007327923529792924,6.684259018321654,239,258,8.609814850813112,-15.670449519943315,6.358419435761977,0.8203228613837368,6.524016714866414,20497.349595109637,0.002653827811753168,7.0493411589437205,239,258,7.486457906471917,-4.023444575500492,1.2186457551036047,0.9011955655814995,3.6525349912023217,20.376496579474175,0.8392636737464977,4.94646595986354,239,258,10.339405026336253,-8.332962689346665,2.964144019561477,0.9053091274904813,5.810561735901139,9588.064642317428,0.004644880852008109,7.062473658533519,239,258
AHZQJGJ6VCSHEZ2WA3YKZVGR5IDQ,9.921204083172652,-13.858368637795994,2.293788184110441,0.9062764381872983,5.481400462755571,6432.455023912122,0.005635957096580836,6.073449857824286,158,155,8.59358171959445,-19.255416249560056,3.383488810114929,0.8664917811173356,5.853088283876893,16268.646309707758,0.002492824143251974,6.326337986137887,158,155,7.404106094078599,-4.313112744778189,0.966620374948428,0.9061976075947624,3.505981611157187,17.11916778789082,0.8444464941218759,4.702121849209293,158,155,9.865045547372647,-8.572260868517745,3.582022078319957,0.8654557727242412,5.501901447274217,8356.244201714186,0.004437397931499688,6.491382790301725,158,155
AHZRUCQACCVHJ5W7VTYWOTZICVAA,8.282633778458468,-13.330428719816975,1.6467694748634607,0.830017454505056,4.029276262056744,3728.9542010185623,0.005105469498776389,6.398017925524327,269,284,6.7763499703764,-17.296037977408176,2.4817217073481985,0.7741336380508983,4.434339121097291,11473.742280737377,0.001981500893446737,6.475924670780449,269,284,6.61600971102908,-3.823533649398321,0.4733780439525501,0.8937367700051944,2.5295585754043275,9.252170343870665,0.8416786073838518,4.873066308387402,269,284,8.857650405945382,-8.496279414565263,2.0819867853013094,0.7789562376622589,3.8793477838172516,4267.309607629635,0.004198108703999702,6.4669928602636935,269,284
AHZTEZKKMQTPNZW3AYURV4YDN42Q,9.65421369085928,-12.12029491928849,2.879122856537167,0.8875058465267315,5.637899430624929,5399.891754496301,0.007147370849720875,6.53352947463471,351,341,8.139219854635874,-16.210590444227524,5.124575144900769,0.8360558460052772,6.431389938717995,18393.841497317233,0.002679616609873669,7.0791080413867205,351,341,7.324278229534873,-3.87872296453349,1.5067843999053412,0.8751841254409662,3.728961435558802,22.474042821889878,0.7539436928751871,4.920612547066291,351,341,9.869349145395299,-7.369798032260273,5.21661987932883,0.8087470046103749,5.722547246495592,8294.151627475741,0.004874642788792853,6.857200176394309,351,341
AHZUGNMXZS6QEGBMVOIX6HDAPGHA,9.49395833061418,-12.937796091317812,3.1862355967402145,0.8761419453456387,5.576619763123524,5751.842256282023,0.0065983021999912895,7.077545752918373,186,181,7.609610999836441,-17.02870980085646,4.843618646185041,0.8462052067038124,6.422665673123942,18756.085851334366,0.0025912178261948437,7.935550885468785,186,181,7.2510321487418565,-4.546908689044157,1.3757594335140164,0.8731031158740853,3.4247618743410047,31.0304089558779,0.4774793213121761,5.125020042907738,186,181,9.77155985882369,-9.027152046764712,3.7275885983637176,0.8467279738962333,5.430876559172856,7611.991006452282,0.004627468073380654,7.251692957577214,186,181
